Date,NAV
2006-04-03,123.18000
2006-04-04,124.52000
2006-04-05,126.27000
2006-04-07,123.94000
2006-04-10,124.57000
2006-04-12,121.87000
2006-04-13,119.30000
2006-04-17,120.24000
2006-04-18,121.45000
2006-04-19,121.75000
2006-04-20,121.71000
2006-04-21,121.83000
2006-04-24,121.84000
2006-04-25,119.57000
2006-04-26,121.07000
2006-04-27,120.30000
2006-04-28,120.36000
2006-05-02,122.57000
2006-05-03,123.67000
2006-05-04,123.28000
2006-05-05,123.00000
2006-05-08,123.34000
2006-05-09,123.10000
2006-05-10,122.43000
2006-05-11,121.85000
2006-05-12,121.00000
2006-05-15,117.55000
2006-05-16,116.64000
2006-05-17,118.91000
2006-05-18,112.34000
2006-05-19,107.68000
2006-05-22,103.71000
2006-05-23,106.71000
2006-05-24,105.80000
2006-05-25,105.71000
2006-05-26,107.20000
2006-05-29,107.58000
2006-05-30,106.49000
2006-05-31,104.15000
2006-06-01,100.96000
2006-06-02,102.72000
2006-06-05,100.69000
2006-06-06,98.03000
2006-06-07,94.49000
2006-06-08,89.65000
2006-06-09,94.75000
2006-06-12,92.93000
2006-06-13,88.35000
2006-06-14,86.15000
2006-06-15,90.43000
2006-06-16,93.89000
2006-06-19,95.92000
2006-06-20,95.74000
2006-06-21,97.55000
2006-06-22,98.42000
2006-06-23,98.63000
2006-06-26,95.79000
2006-06-27,96.30000
2006-06-28,96.51000
2006-06-29,96.66000
2006-06-30,99.66000
2006-07-03,100.23000
2006-07-04,99.40000
2006-07-05,100.57000
2006-07-06,99.99000
2006-07-07,98.74000
2006-07-10,99.43000
2006-07-11,98.89000
2006-07-12,99.86000
2006-07-13,99.91000
2006-07-14,99.03000
2006-07-17,96.87000
2006-07-18,96.09000
2006-07-19,94.18000
2006-07-20,95.95000
2006-07-21,93.99000
2006-07-24,94.10000
2006-07-25,95.16000
2006-07-26,97.27000
2006-07-27,98.00000
2006-07-28,97.89000
2006-07-31,97.84000
2006-08-01,97.65000
2006-08-02,98.47000
2006-08-03,98.74000
2006-08-04,98.18000
2006-08-07,98.03000
2006-08-08,99.32000
2006-08-09,100.54000
2006-08-10,100.88000
2006-08-11,102.15000
2006-08-14,104.02000
2006-08-16,104.81000
2006-08-17,104.49000
2006-08-18,105.50000
2006-08-21,106.02000
2006-08-22,105.98000
2006-08-23,105.26000
2006-08-24,105.82000
2006-08-25,106.28000
2006-08-28,106.62000
2006-08-29,106.64000
2006-08-30,106.47000
2006-08-31,105.92000
2006-09-01,106.86000
2006-09-04,108.33000
2006-09-05,108.36000
2006-09-06,109.07000
2006-09-07,109.30000
2006-09-08,110.34000
2006-09-11,107.65000
2006-09-12,108.12000
2006-09-13,109.82000
2006-09-14,109.71000
2006-09-15,109.82000
2006-09-18,110.73000
2006-09-19,109.87000
2006-09-20,110.46000
2006-09-21,111.36000
2006-09-22,110.93000
2006-09-25,110.65000
2006-09-26,111.56000
2006-09-27,111.89000
2006-09-28,111.75000
2006-09-29,113.63000
2006-10-03,113.26000
2006-10-04,112.08000
2006-10-05,113.57000
2006-10-06,114.01000
2006-10-09,114.60000
2006-10-10,114.85000
2006-10-11,113.78000
2006-10-12,114.63000
2006-10-13,115.06000
2006-10-16,116.12000
2006-10-17,115.50000
2006-10-18,115.98000
2006-10-19,115.22000
2006-10-20,115.63000
2006-10-23,116.09000
2006-10-26,116.77000
2006-10-27,118.38000
2006-10-30,118.74000
2006-10-31,119.06000
2006-11-01,119.55000
2006-11-02,120.20000
2006-11-03,120.22000
2006-11-06,120.72000
2006-11-07,120.51000
2006-11-08,119.23000
2006-11-09,119.76000
2006-11-10,119.61000
2006-11-12,119.72000
2006-11-13,120.52000
2006-11-14,119.71000
2006-11-15,119.19000
2006-11-16,119.21000
2006-11-17,118.03000
2006-11-20,117.57000
2006-11-21,119.14000
2006-11-22,120.38000
2006-11-23,120.32000
2006-11-24,120.21000
2006-11-27,120.25000
2006-11-28,119.62000
2006-11-29,120.55000
2006-11-30,120.29000
2006-12-01,121.90000
2006-12-04,122.50000
2006-12-05,122.78000
2006-12-06,122.03000
2006-12-07,121.85000
2006-12-08,122.05000
2006-12-11,119.72000
2006-12-12,115.86000
2006-12-13,117.46000
2006-12-14,119.27000
2006-12-15,119.76000
2006-12-18,120.16000
2006-12-19,118.70000
2006-12-20,118.47000
2006-12-21,118.41000
2006-12-22,119.50000
2006-12-26,120.86000
2006-12-27,121.86000
2006-12-28,121.92000
2006-12-29,122.74000
2007-01-02,123.44000
2007-01-03,124.77000
2007-01-04,124.81000
2007-01-05,124.87000
2007-01-08,124.46000
2007-01-09,124.40000
2007-01-10,123.73000
2007-01-11,125.36000
2007-01-12,126.43000
2007-01-15,126.93000
2007-01-16,127.17000
2007-01-17,127.25000
2007-01-18,127.47000
2007-01-19,127.37000
2007-01-22,127.60000
2007-01-23,126.29000
2007-01-24,126.88000
2007-01-25,128.19000
2007-01-29,127.92000
2007-01-31,126.63000
2007-02-01,127.27000
2007-02-02,128.24000
2007-02-05,128.58000
2007-02-06,128.56000
2007-02-07,128.45000
2007-02-08,128.26000
2007-02-09,126.24000
2007-02-12,122.41000
2007-02-13,122.73000
2007-02-14,123.04000
2007-02-15,125.67000
2007-02-19,125.95000
2007-02-20,124.72000
2007-02-21,124.56000
2007-02-22,123.50000
2007-02-23,120.33000
2007-02-26,120.71000
2007-02-27,120.57000
2007-02-28,118.15000
2007-03-01,117.67000
2007-03-02,116.23000
2007-03-05,111.73000
2007-03-06,112.52000
2007-03-07,110.84000
2007-03-08,113.27000
2007-03-09,112.71000
2007-03-12,113.65000
2007-03-13,114.16000
2007-03-14,112.46000
2007-03-15,112.65000
2007-03-16,112.02000
2007-03-19,112.86000
2007-03-20,113.68000
2007-03-21,114.21000
2007-03-22,115.94000
2007-03-23,115.97000
2007-03-26,115.54000
2007-03-28,114.58000
2007-03-29,114.85000
2007-03-30,115.39000
2007-04-02,112.51000
2007-04-03,112.95000
2007-04-04,113.83000
2007-04-05,114.77000
2007-04-09,115.90000
2007-04-10,116.53000
2007-04-11,117.64000
2007-04-12,117.10000
2007-04-13,118.33000
2007-04-16,119.49000
2007-04-17,119.20000
2007-04-18,119.57000
2007-04-19,120.00000
2007-04-20,120.36000
2007-04-23,120.64000
2007-04-24,121.89000
2007-04-25,122.83000
2007-04-26,122.90000
2007-04-27,122.21000
2007-04-30,122.67000
2007-05-03,124.75000
2007-05-04,125.55000
2007-05-07,125.64000
2007-05-08,124.64000
2007-05-09,124.56000
2007-05-10,124.17000
2007-05-11,124.69000
2007-05-14,126.27000
2007-05-15,126.60000
2007-05-16,127.63000
2007-05-17,127.17000
2007-05-18,126.75000
2007-05-21,126.99000
2007-05-22,127.43000
2007-05-23,126.95000
2007-05-24,127.39000
2007-05-25,128.14000
2007-05-28,129.08000
2007-05-29,129.01000
2007-05-30,128.24000
2007-05-31,129.09000
2007-06-01,128.78000
2007-06-04,127.47000
2007-06-05,127.76000
2007-06-06,126.48000
2007-06-07,126.12000
2007-06-08,125.27000
2007-06-11,124.81000
2007-06-12,123.94000
2007-06-13,123.80000
2007-06-14,125.28000
2007-06-15,125.70000
2007-06-18,125.75000
2007-06-19,126.42000
2007-06-20,127.16000
2007-06-21,127.66000
2007-06-22,126.94000
2007-06-25,127.11000
2007-06-26,128.30000
2007-06-27,128.12000
2007-06-28,128.27000
2007-06-29,127.97000
2007-07-02,128.57000
2007-07-03,129.69000
2007-07-04,129.51000
2007-07-05,128.99000
2007-07-06,129.14000
2007-07-09,129.96000
2007-07-10,129.54000
2007-07-11,129.36000
2007-07-12,130.30000
2007-07-13,130.46000
2007-07-16,129.67000
2007-07-17,127.97000
2007-07-18,128.18000
2007-07-19,129.06000
2007-07-20,129.13000
2007-07-23,129.94000
2007-07-24,129.12000
2007-07-25,129.60000
2007-07-26,130.40000
2007-07-27,127.57000
2007-07-30,127.53000
2007-07-31,129.52000
2007-08-01,125.93000
2007-08-02,126.96000
2007-08-03,128.31000
2007-08-06,126.72000
2007-08-07,126.75000
2007-08-08,129.29000
2007-08-09,126.98000
2007-08-10,125.45000
2007-08-13,126.44000
2007-08-14,126.00000
2007-08-16,122.54000
2007-08-17,120.99000
2007-08-20,121.84000
2007-08-21,119.32000
2007-08-22,120.55000
2007-08-23,120.80000
2007-08-24,121.38000
2007-08-27,124.23000
2007-08-28,124.79000
2007-08-29,124.92000
2007-08-30,126.32000
2007-08-31,127.14000
2007-09-03,128.17000
2007-09-04,128.50000
2007-09-05,128.88000
2007-09-06,129.46000
2007-09-07,128.96000
2007-09-10,129.02000
2007-09-11,129.33000
2007-09-12,129.35000
2007-09-13,129.74000
2007-09-14,128.57000
2007-09-17,128.05000
2007-09-18,128.79000
2007-09-19,130.29000
2007-09-20,130.80000
2007-09-21,131.52000
2007-09-24,133.43000
2007-09-25,132.66000
2007-09-26,133.06000
2007-09-27,133.84000
2007-09-28,135.01000
2007-10-01,135.16000
2007-10-03,135.79000
2007-10-04,136.57000
2007-10-05,136.58000
2007-10-08,133.61000
2007-10-09,136.54000
2007-10-10,137.06000
2007-10-11,138.40000
2007-10-12,136.43000
2007-10-15,140.30000
2007-10-16,143.15000
2007-10-17,140.25000
2007-10-18,135.85000
2007-10-19,131.36000
2007-10-22,131.45000
2007-10-23,135.75000
2007-10-24,137.27000
2007-10-25,138.98000
2007-10-26,139.24000
2007-10-29,142.91000
2007-10-30,142.58000
2007-10-31,143.54000
2007-11-01,140.09000
2007-11-02,140.90000
2007-11-05,140.80000
2007-11-06,139.41000
2007-11-07,138.34000
2007-11-08,137.49000
2007-11-12,136.75000
2007-11-13,137.52000
2007-11-14,140.32000
2007-11-15,141.95000
2007-11-16,143.55000
2007-11-19,145.69000
2007-11-20,143.42000
2007-11-21,139.46000
2007-11-22,137.78000
2007-11-23,139.49000
2007-11-26,141.36000
2007-11-27,140.21000
2007-11-28,140.29000
2007-11-29,139.82000
2007-11-30,142.00000
2007-12-03,143.56000
2007-12-04,143.46000
2007-12-05,144.46000
2007-12-06,144.97000
2007-12-07,144.75000
2007-12-10,144.84000
2007-12-11,146.83000
2007-12-12,147.36000
2007-12-13,146.53000
2007-12-14,146.64000
2007-12-17,143.50000
2007-12-18,143.42000
2007-12-19,143.22000
2007-12-20,142.41000
2007-12-24,145.02000
2007-12-26,146.79000
2007-12-27,148.04000
2007-12-28,149.40000
2007-12-31,151.58000
2008-01-01,152.74000
2008-01-02,153.92000
2008-01-03,153.69000
2008-01-04,153.74000
2008-01-07,154.95000
2008-01-08,152.26000
2008-01-09,151.79000
2008-01-10,148.59000
2008-01-11,148.30000
2008-01-14,148.09000
2008-01-15,146.55000
2008-01-16,144.03000
2008-01-17,146.22000
2008-01-18,141.56000
2008-01-21,130.87000
2008-01-22,124.63000
2008-01-23,130.06000
2008-01-24,126.81000
2008-01-25,131.64000
2008-01-28,130.43000
2008-01-29,131.09000
2008-01-30,130.07000
2008-01-31,131.00000
2008-02-01,131.21000
2008-02-04,133.23000
2008-02-05,133.50000
2008-02-06,130.79000
2008-02-07,128.77000
2008-02-08,127.85000
2008-02-11,123.78000
2008-02-12,122.27000
2008-02-13,122.90000
2008-02-14,126.48000
2008-02-15,127.65000
2008-02-18,128.22000
2008-02-19,128.08000
2008-02-20,126.56000
2008-02-21,127.66000
2008-02-22,126.83000
2008-02-25,126.37000
2008-02-26,128.14000
2008-02-27,129.96000
2008-02-28,130.59000
2008-02-29,131.09000
2008-03-03,127.11000
2008-03-04,126.23000
2008-03-05,125.25000
2008-03-07,120.84000
2008-03-10,120.50000
2008-03-11,122.79000
2008-03-12,122.66000
2008-03-13,117.84000
2008-03-14,118.65000
2008-03-17,110.74000
2008-03-18,109.84000
2008-03-19,110.93000
2008-03-24,109.97000
2008-03-25,114.57000
2008-03-26,115.93000
2008-03-27,116.89000
2008-03-28,120.65000
2008-03-31,120.99000
2008-04-01,119.56000
2008-04-02,118.78000
2008-04-03,118.23000
2008-04-04,115.78000
2008-04-07,116.90000
2008-04-08,116.91000
2008-04-09,118.01000
2008-04-10,117.97000
2008-04-11,118.53000
2008-04-15,119.67000
2008-04-16,119.74000
2008-04-17,121.26000
2008-04-21,122.35000
2008-04-22,122.73000
2008-04-23,123.24000
2008-04-24,123.25000
2008-04-25,124.29000
2008-04-28,123.98000
2008-04-29,125.11000
2008-04-30,125.64000
2008-05-02,126.31000
2008-05-05,125.72000
2008-05-06,124.56000
2008-05-07,123.48000
2008-05-08,122.91000
2008-05-09,121.97000
2008-05-12,121.18000
2008-05-13,121.52000
2008-05-14,122.74000
2008-05-15,124.12000
2008-05-16,124.47000
2008-05-20,123.78000
2008-05-21,124.16000
2008-05-22,122.57000
2008-05-23,121.90000
2008-05-26,120.33000
2008-05-27,119.91000
2008-05-28,121.32000
2008-05-29,120.97000
2008-05-30,121.94000
2008-06-02,119.64000
2008-06-03,118.44000
2008-06-04,115.59000
2008-06-05,115.80000
2008-06-06,115.73000
2008-06-09,113.77000
2008-06-10,112.67000
2008-06-11,113.28000
2008-06-12,113.23000
2008-06-13,113.03000
2008-06-16,114.02000
2008-06-17,114.73000
2008-06-18,114.57000
2008-06-19,113.93000
2008-06-20,111.27000
2008-06-23,107.65000
2008-06-24,106.27000
2008-06-25,107.05000
2008-06-26,107.45000
2008-06-27,105.34000
2008-06-30,104.13000
2008-07-01,100.15000
2008-07-02,102.26000
2008-07-03,99.38000
2008-07-04,101.18000
2008-07-07,102.93000
2008-07-08,102.77000
2008-07-09,105.09000
2008-07-10,104.24000
2008-07-11,102.83000
2008-07-14,102.44000
2008-07-15,100.40000
2008-07-16,99.58000
2008-07-17,102.09000
2008-07-18,103.81000
2008-07-21,104.01000
2008-07-22,105.59000
2008-07-23,109.51000
2008-07-24,108.66000
2008-07-25,108.18000
2008-07-28,108.38000
2008-07-29,107.01000
2008-07-30,108.03000
2008-07-31,107.89000
2008-08-01,109.11000
2008-08-04,110.27000
2008-08-05,111.79000
2008-08-06,112.22000
2008-08-07,112.04000
2008-08-08,112.30000
2008-08-11,113.51000
2008-08-12,113.07000
2008-08-13,112.88000
2008-08-14,111.65000
2008-08-18,111.36000
2008-08-19,110.70000
2008-08-20,111.68000
2008-08-21,110.50000
2008-08-22,110.29000
2008-08-25,110.61000
2008-08-26,110.14000
2008-08-27,109.44000
2008-08-28,109.27000
2008-08-29,111.66000
2008-09-01,111.41000
2008-09-02,112.49000
2008-09-04,111.90000
2008-09-05,110.91000
2008-09-08,112.28000
2008-09-09,111.59000
2008-09-10,110.71000
2008-09-11,109.17000
2008-09-12,108.56000
2008-09-15,105.80000
2008-09-16,105.25000
2008-09-17,104.52000
2008-09-18,103.74000
2008-09-19,106.66000
2008-09-22,106.79000
2008-09-23,105.91000
2008-09-24,105.96000
2008-09-25,105.32000
2008-09-26,103.57000
2008-09-29,101.29000
2008-09-30,103.46000
2008-10-01,104.40000
2008-10-03,102.31000
2008-10-06,97.85000
2008-10-07,97.00000
2008-10-08,93.83000
2008-10-10,89.03000
2008-10-13,91.72000
2008-10-14,92.42000
2008-10-15,89.57000
2008-10-16,88.99000
2008-10-17,86.62000
2008-10-20,86.69000
2008-10-21,88.10000
2008-10-22,85.86000
2008-10-23,83.34000
2008-10-24,77.82000
2008-10-27,75.85000
2008-10-29,78.68000
2008-10-31,81.36000
2008-11-03,84.68000
2008-11-04,85.75000
2008-11-05,84.66000
2008-11-06,83.00000
2008-11-07,83.95000
2008-11-10,85.96000
2008-11-11,84.18000
2008-11-12,82.51000
2008-11-14,81.40000
2008-11-17,80.81000
2008-11-18,79.56000
2008-11-19,78.45000
2008-11-20,77.04000
2008-11-21,77.52000
2008-11-24,77.43000
2008-11-25,77.11000
2008-11-26,76.81000
2008-11-28,77.97000
2008-12-01,76.65000
2008-12-02,76.47000
2008-12-03,76.86000
2008-12-04,78.11000
2008-12-05,77.56000
2008-12-08,78.30000
2008-12-10,79.70000
2008-12-11,80.12000
2008-12-12,80.23000
2008-12-15,81.09000
2008-12-16,82.32000
2008-12-17,80.80000
2008-12-18,82.05000
2008-12-19,83.16000
2008-12-22,82.79000
2008-12-23,81.77000
2008-12-24,81.02000
2008-12-26,81.18000
2008-12-29,82.70000
2008-12-30,84.96000
2008-12-31,85.50000
2009-01-01,85.59000
2009-01-02,85.71000
2009-01-05,86.04000
2009-01-06,85.52000
2009-01-07,82.30000
2009-01-09,81.91000
2009-01-12,81.14000
2009-01-13,80.50000
2009-01-14,81.18000
2009-01-15,80.61000
2009-01-16,80.99000
2009-01-19,81.49000
2009-01-20,80.64000
2009-01-21,80.34000
2009-01-22,79.81000
2009-01-23,79.74000
2009-01-27,80.57000
2009-01-28,81.52000
2009-01-29,80.44000
2009-01-30,81.05000
2009-02-02,79.94000
2009-02-03,80.18000
2009-02-04,80.33000
2009-02-05,79.99000
2009-02-06,80.93000
2009-02-09,81.77000
2009-02-10,81.93000
2009-02-11,82.25000
2009-02-12,81.79000
2009-02-13,82.82000
2009-02-16,81.92000
2009-02-17,80.75000
2009-02-18,81.30000
2009-02-19,81.57000
2009-02-20,80.96000
2009-02-24,80.32000
2009-02-25,81.31000
2009-02-26,80.85000
2009-02-27,80.60000
2009-03-02,79.53000
2009-03-03,78.62000
2009-03-04,78.52000
2009-03-05,77.21000
2009-03-06,77.26000
2009-03-09,76.37000
2009-03-12,77.04000
2009-03-13,77.95000
2009-03-16,78.93000
2009-03-17,79.01000
2009-03-18,79.67000
2009-03-19,79.88000
2009-03-20,79.87000
2009-03-23,81.86000
2009-03-24,82.58000
2009-03-25,82.68000
2009-03-26,84.33000
2009-03-27,85.29000
2009-03-30,85.34000
2009-03-31,87.38000
2009-04-01,87.21000
2009-04-02,88.62000
2009-04-06,89.26000
2009-04-08,90.67000
2009-04-09,91.21000
2009-04-13,93.86000
2009-04-15,95.92000
2009-04-16,93.56000
2009-04-17,93.90000
2009-04-20,95.97000
2009-04-21,95.33000
2009-04-22,94.10000
2009-04-23,94.77000
2009-04-24,95.79000
2009-04-27,95.76000
2009-04-28,93.97000
2009-04-29,95.79000
2009-05-04,97.72000
2009-05-05,98.00000
2009-05-06,97.45000
2009-05-07,98.72000
2009-05-08,98.84000
2009-05-11,97.33000
2009-05-12,98.69000
2009-05-13,98.74000
2009-05-14,98.65000
2009-05-15,99.09000
2009-05-19,107.47000
2009-05-20,110.98000
2009-05-21,109.86000
2009-05-22,110.04000
2009-05-25,111.39000
2009-05-26,109.10000
2009-05-27,111.07000
2009-05-28,111.47000
2009-05-29,113.31000
2009-06-01,114.52000
2009-06-02,115.55000
2009-06-03,116.93000
2009-06-04,119.91000
2009-06-05,120.65000
2009-06-08,117.41000
2009-06-09,119.14000
2009-06-10,121.12000
2009-06-11,120.96000
2009-06-12,118.82000
2009-06-15,117.61000
2009-06-16,119.15000
2009-06-17,116.68000
2009-06-18,114.86000
2009-06-19,115.89000
2009-06-22,115.67000
2009-06-23,115.97000
2009-06-24,117.54000
2009-06-25,117.26000
2009-06-26,118.40000
2009-06-29,119.68000
2009-06-30,118.24000
2009-07-01,119.02000
2009-07-02,118.64000
2009-07-03,118.95000
2009-07-06,114.97000
2009-07-07,116.21000
2009-07-08,114.78000
2009-07-09,116.43000
2009-07-10,115.62000
2009-07-13,113.68000
2009-07-14,115.91000
2009-07-15,118.57000
2009-07-16,118.76000
2009-07-17,120.52000
2009-07-20,122.92000
2009-07-21,122.65000
2009-07-22,122.89000
2009-07-23,124.71000
2009-07-24,126.47000
2009-07-27,127.84000
2009-07-28,128.95000
2009-07-29,130.26000
2009-07-30,131.48000
2009-07-31,133.18000
2009-08-03,135.23000
2009-08-04,135.18000
2009-08-05,134.83000
2009-08-06,133.16000
2009-08-07,131.00000
2009-08-10,128.99000
2009-08-11,129.60000
2009-08-12,129.83000
2009-08-13,132.98000
2009-08-14,133.05000
2009-08-17,130.52000
2009-08-18,132.20000
2009-08-19,131.41000
2009-08-20,132.09000
2009-08-21,133.43000
2009-08-24,136.20000
2009-08-25,136.86000
2009-08-26,136.54000
2009-08-27,137.30000
2009-08-28,138.01000
2009-08-31,137.91000
2009-09-01,137.51000
2009-09-02,137.21000
2009-09-03,137.47000
2009-09-04,138.05000
2009-09-07,139.40000
2009-09-08,139.56000
2009-09-09,139.11000
2009-09-10,139.84000
2009-09-11,140.11000
2009-09-14,140.18000
2009-09-15,142.52000
2009-09-16,143.45000
2009-09-17,145.64000
2009-09-18,146.12000
2009-09-22,147.84000
2009-09-23,145.59000
2009-09-24,145.63000
2009-09-25,147.31000
2009-09-29,148.26000
2009-09-30,148.72000
2009-10-01,148.42000
2009-10-05,146.19000
2009-10-06,146.26000
2009-10-07,147.19000
2009-10-08,147.84000
2009-10-09,147.47000
2009-10-12,148.93000
2009-10-14,150.79000
2009-10-15,153.01000
2009-10-16,153.91000
2009-10-20,156.21000
2009-10-21,154.70000
2009-10-22,153.76000
2009-10-23,155.51000
2009-10-26,155.03000
2009-10-27,150.99000
2009-10-28,151.43000
2009-10-29,150.92000
2009-10-30,150.43000
2009-11-03,147.35000
2009-11-04,149.78000
2009-11-05,152.36000
2009-11-06,154.55000
2009-11-09,156.50000
2009-11-10,156.92000
2009-11-11,158.79000
2009-11-12,157.94000
2009-11-13,158.22000
2009-11-16,159.85000
2009-11-17,160.23000
2009-11-18,159.78000
2009-11-19,159.02000
2009-11-20,159.71000
2009-11-23,160.91000
2009-11-24,160.90000
2009-11-25,160.57000
2009-11-26,158.98000
2009-11-27,157.48000
2009-11-30,159.05000
2009-12-01,161.75000
2009-12-02,161.90000
2009-12-03,162.90000
2009-12-04,162.58000
2009-12-07,162.25000
2009-12-08,163.22000
2009-12-09,162.99000
2009-12-10,162.54000
2009-12-11,162.45000
2009-12-14,161.04000
2009-12-15,159.75000
2009-12-16,159.39000
2009-12-17,160.20000
2009-12-18,159.70000
2009-12-21,159.49000
2009-12-22,160.16000
2009-12-23,162.27000
2009-12-24,162.44000
2009-12-29,162.49000
2009-12-30,162.85000
2009-12-31,162.87000
2010-01-04,164.18000
2010-01-05,164.67000
2010-01-06,165.87000
2010-01-07,165.75000
2010-01-08,166.44000
2010-01-11,167.69000
2010-01-12,167.05000
2010-01-13,167.28000
2010-01-14,168.71000
2010-01-15,169.97000
2010-01-18,170.58000
2010-01-19,169.39000
2010-01-20,169.37000
2010-01-21,166.45000
2010-01-22,164.62000
2010-01-25,163.42000
2010-01-27,158.86000
2010-01-28,159.05000
2010-01-29,160.07000
2010-02-01,162.96000
2010-02-02,162.94000
2010-02-03,163.95000
2010-02-04,162.51000
2010-02-05,160.08000
2010-02-08,162.75000
2010-02-09,163.44000
2010-02-10,163.68000
2010-02-11,164.38000
2010-02-15,163.56000
2010-02-16,164.14000
2010-02-17,165.91000
2010-02-18,164.98000
2010-02-19,164.28000
2010-02-22,163.86000
2010-02-23,164.20000
2010-02-24,163.67000
2010-02-25,163.16000
2010-02-26,164.05000
2010-03-02,166.77000
2010-03-03,168.71000
2010-03-04,169.86000
2010-03-05,170.38000
2010-03-08,171.58000
2010-03-09,171.07000
2010-03-10,170.82000
2010-03-11,171.51000
2010-03-12,172.23000
2010-03-15,171.23000
2010-03-16,171.27000
2010-03-17,171.57000
2010-03-18,171.68000
2010-03-19,171.97000
2010-03-22,170.31000
2010-03-23,171.44000
2010-03-25,172.10000
2010-03-26,173.00000
2010-03-29,173.75000
2010-03-30,174.78000
2010-03-31,176.30000
2010-04-01,177.95000
2010-04-05,179.81000
2010-04-06,179.94000
2010-04-07,180.24000
2010-04-08,180.35000
2010-04-09,182.40000
2010-04-12,182.35000
2010-04-13,180.78000
2010-04-15,181.35000
2010-04-16,181.17000
2010-04-19,179.37000
2010-04-20,182.08000
2010-04-21,184.79000
2010-04-22,184.33000
2010-04-23,183.60000
2010-04-26,183.32000
2010-04-27,182.93000
2010-04-28,182.58000
2010-04-29,184.71000
2010-04-30,185.29000
2010-05-03,184.28000
2010-05-04,182.23000
2010-05-05,182.48000
2010-05-06,182.78000
2010-05-07,180.30000
2010-05-10,183.43000
2010-05-11,182.04000
2010-05-12,182.64000
2010-05-13,184.58000
2010-05-14,182.62000
2010-05-17,183.15000
2010-05-18,184.72000
2010-05-19,181.53000
2010-05-20,181.86000
2010-05-21,180.77000
2010-05-24,180.30000
2010-05-25,177.12000
2010-05-26,179.41000
2010-05-27,179.89000
2010-05-28,181.52000
2010-05-31,182.78000
2010-06-01,181.71000
2010-06-02,182.62000
2010-06-03,184.13000
2010-06-04,184.87000
2010-06-07,184.18000
2010-06-08,184.45000
2010-06-09,185.83000
2010-06-10,187.71000
2010-06-11,188.67000
2010-06-14,189.16000
2010-06-15,190.26000
2010-06-16,191.41000
2010-06-17,192.97000
2010-06-18,191.61000
2010-06-21,193.84000
2010-06-22,193.03000
2010-06-23,194.34000
2010-06-24,194.34000
2010-06-25,194.20000
2010-06-28,195.06000
2010-06-29,195.70000
2010-06-30,197.30000
2010-07-01,196.78000
2010-07-02,197.12000
2010-07-05,196.99000
2010-07-06,198.51000
2010-07-07,198.03000
2010-07-08,199.99000
2010-07-09,199.47000
2010-07-12,199.00000
2010-07-13,199.79000
2010-07-14,199.51000
2010-07-15,199.67000
2010-07-16,199.63000
2010-07-19,199.81000
2010-07-20,199.56000
2010-07-21,199.46000
2010-07-22,200.59000
2010-07-23,200.22000
2010-07-26,197.08000
2010-07-27,197.27000
2010-07-28,197.44000
2010-07-29,197.80000
2010-07-30,198.17000
2010-08-02,199.00000
2010-08-03,199.52000
2010-08-04,200.00000
2010-08-05,200.11000
2010-08-06,200.06000
2010-08-09,200.49000
2010-08-10,200.13000
2010-08-11,199.12000
2010-08-12,199.01000
2010-08-13,200.26000
2010-08-16,198.87000
2010-08-17,199.64000
2010-08-18,201.45000
2010-08-19,202.60000
2010-08-20,203.02000
2010-08-23,203.03000
2010-08-24,202.02000
2010-08-25,200.58000
2010-08-26,200.87000
2010-08-27,200.47000
2010-08-30,199.95000
2010-08-31,199.84000
2010-09-01,200.89000
2010-09-02,201.10000
2010-09-03,202.22000
2010-09-06,205.46000
2010-09-07,205.56000
2010-09-08,205.53000
2010-09-09,206.00000
2010-09-13,209.00000
2010-09-14,207.72000
2010-09-15,207.93000
2010-09-16,207.44000
2010-09-17,209.50000
2010-09-20,211.15000
2010-09-21,210.53000
2010-09-22,210.89000
2010-09-23,211.04000
2010-09-24,213.21000
2010-09-27,212.94000
2010-09-28,214.15000
2010-09-29,213.78000
2010-09-30,215.80000
2010-10-01,218.01000
2010-10-04,218.36000
2010-10-05,217.47000
2010-10-06,218.95000
2010-10-07,218.43000
2010-10-08,217.67000
2010-10-11,218.17000
2010-10-12,217.52000
2010-10-13,221.13000
2010-10-14,219.89000
2010-10-15,217.52000
2010-10-18,217.35000
2010-10-19,218.05000
2010-10-20,218.45000
2010-10-21,219.64000
2010-10-22,219.52000
2010-10-25,220.05000
2010-10-26,219.48000
2010-10-27,217.64000
2010-10-28,218.25000
2010-10-29,217.95000
2010-11-01,219.63000
2010-11-02,219.02000
2010-11-03,219.94000
2010-11-04,221.07000
2010-11-08,221.82000
2010-11-09,223.50000
2010-11-10,222.43000
2010-11-11,221.88000
2010-11-12,219.95000
2010-11-15,219.71000
2010-11-16,217.68000
2010-11-18,217.05000
2010-11-19,214.22000
2010-11-22,215.85000
2010-11-23,215.35000
2010-11-24,214.72000
2010-11-25,211.30000
2010-11-26,208.01000
2010-11-29,209.34000
2010-11-30,212.86000
2010-12-01,215.07000
2010-12-02,215.49000
2010-12-03,214.75000
2010-12-06,214.66000
2010-12-07,214.61000
2010-12-08,211.82000
2010-12-09,206.34000
2010-12-10,209.04000
2010-12-13,210.99000
2010-12-14,212.16000
2010-12-15,210.51000
2010-12-16,210.15000
2010-12-20,210.38000
2010-12-21,210.95000
2010-12-22,211.11000
2010-12-23,210.47000
2010-12-24,211.72000
2010-12-27,211.64000
2010-12-28,211.82000
2010-12-29,213.39000
2010-12-30,214.69000
2010-12-31,216.18000
2011-01-03,216.96000
2011-01-04,216.81000
2011-01-05,215.49000
2011-01-06,213.68000
2011-01-07,210.91000
2011-01-10,207.66000
2011-01-11,207.10000
2011-01-12,209.26000
2011-01-13,208.46000
2011-01-14,207.21000
2011-01-17,206.21000
2011-01-18,207.31000
2011-01-19,206.17000
2011-01-20,205.67000
2011-01-21,204.84000
2011-01-24,204.87000
2011-01-25,204.70000
2011-01-27,203.31000
2011-01-28,200.79000
2011-01-31,200.52000
2011-02-01,197.19000
2011-02-02,195.96000
2011-02-03,197.07000
2011-02-04,194.65000
2011-02-07,193.81000
2011-02-08,192.20000
2011-02-09,188.44000
2011-02-10,188.80000
2011-02-11,191.20000
2011-02-14,195.45000
2011-02-15,196.69000
2011-02-16,196.07000
2011-02-17,196.87000
2011-02-18,196.50000
2011-02-21,196.18000
2011-02-22,193.87000
2011-02-23,193.57000
2011-02-24,190.04000
2011-02-25,189.83000
2011-02-28,191.06000
2011-03-01,195.45000
2011-03-03,196.32000
2011-03-04,196.46000
2011-03-07,194.88000
2011-03-08,195.62000
2011-03-09,195.68000
2011-03-10,196.91000
2011-03-11,195.83000
2011-03-14,195.59000
2011-03-15,193.38000
2011-03-16,193.39000
2011-03-17,192.58000
2011-03-18,192.47000
2011-03-21,192.34000
2011-03-22,194.40000
2011-03-23,195.11000
2011-03-24,195.85000
2011-03-25,197.56000
2011-03-28,198.78000
2011-03-29,199.99000
2011-03-30,201.86000
2011-03-31,205.01000
2011-04-01,205.74000
2011-04-04,207.93000
2011-04-05,208.74000
2011-04-06,208.67000
2011-04-07,209.49000
2011-04-08,210.01000
2011-04-11,209.61000
2011-04-13,211.38000
2011-04-15,210.45000
2011-04-18,208.32000
2011-04-19,208.16000
2011-04-20,210.54000
2011-04-21,212.08000
2011-04-25,213.90000
2011-04-26,214.16000
2011-04-27,215.71000
2011-04-28,215.10000
2011-04-29,215.53000
2011-05-02,213.96000
2011-05-03,212.13000
2011-05-04,210.74000
2011-05-05,208.81000
2011-05-06,210.08000
2011-05-09,210.32000
2011-05-10,209.92000
2011-05-11,211.69000
2011-05-12,210.48000
2011-05-13,212.22000
2011-05-16,210.74000
2011-05-17,209.70000
2011-05-18,208.81000
2011-05-19,208.43000
2011-05-20,209.34000
2011-05-23,207.52000
2011-05-24,207.42000
2011-05-25,206.70000
2011-05-26,207.48000
2011-05-27,208.88000
2011-05-30,209.36000
2011-05-31,212.18000
2011-06-01,213.34000
2011-06-02,213.29000
2011-06-03,213.61000
2011-06-06,213.69000
2011-06-07,213.70000
2011-06-08,213.94000
2011-06-09,213.05000
2011-06-10,213.33000
2011-06-13,214.12000
2011-06-14,215.83000
2011-06-15,215.03000
2011-06-16,214.05000
2011-06-17,212.83000
2011-06-20,209.77000
2011-06-21,210.71000
2011-06-22,209.03000
2011-06-23,208.13000
2011-06-24,210.86000
2011-06-27,212.92000
2011-06-28,213.44000
2011-06-29,215.83000
2011-06-30,217.21000
2011-07-01,218.90000
2011-07-04,219.58000
2011-07-05,218.00000
2011-07-06,218.70000
2011-07-07,221.48000
2011-07-08,220.86000
2011-07-11,220.63000
2011-07-12,220.20000
2011-07-13,221.39000
2011-07-14,222.30000
2011-07-15,221.73000
2011-07-18,221.65000
2011-07-19,222.53000
2011-07-20,220.70000
2011-07-21,222.78000
2011-07-22,224.62000
2011-07-25,225.04000
2011-07-26,223.80000
2011-07-27,225.28000
2011-07-28,225.41000
2011-07-29,225.11000
2011-08-01,225.23000
2011-08-02,223.97000
2011-08-03,221.86000
2011-08-04,220.86000
2011-08-05,216.85000
2011-08-08,214.59000
2011-08-09,213.22000
2011-08-10,215.85000
2011-08-11,215.11000
2011-08-12,215.29000
2011-08-16,212.49000
2011-08-17,211.38000
2011-08-18,208.96000
2011-08-19,205.85000
2011-08-22,207.66000
2011-08-23,210.35000
2011-08-24,209.40000
2011-08-25,207.80000
2011-08-26,205.63000
2011-08-29,207.60000
2011-08-30,209.53000
2011-09-02,211.24000
2011-09-05,211.63000
2011-09-06,211.37000
2011-09-07,213.96000
2011-09-08,213.35000
2011-09-09,212.20000
2011-09-12,208.73000
2011-09-13,209.71000
2011-09-14,209.95000
2011-09-15,210.36000
2011-09-16,210.07000
2011-09-19,210.54000
2011-09-20,211.63000
2011-09-21,212.20000
2011-09-22,209.11000
2011-09-23,207.93000
2011-09-26,205.69000
2011-09-27,207.84000
2011-09-28,207.33000
2011-09-29,207.82000
2011-09-30,208.61000
2011-10-03,206.24000
2011-10-04,205.54000
2011-10-05,204.39000
2011-10-07,205.72000
2011-10-10,205.79000
2011-10-11,204.92000
2011-10-12,206.72000
2011-10-13,207.20000
2011-10-14,209.58000
2011-10-17,209.49000
2011-10-18,207.96000
2011-10-19,209.08000
2011-10-20,208.74000
2011-10-21,209.43000
2011-10-24,208.80000
2011-10-25,210.00000
2011-10-28,211.46000
2011-10-31,211.01000
2011-11-01,211.52000
2011-11-02,213.23000
2011-11-03,212.13000
2011-11-04,213.86000
2011-11-08,214.65000
2011-11-09,212.01000
2011-11-11,210.72000
2011-11-14,209.37000
2011-11-15,204.99000
2011-11-16,203.02000
2011-11-17,201.21000
2011-11-18,199.28000
2011-11-21,197.87000
2011-11-22,197.37000
2011-11-23,194.22000
2011-11-24,196.52000
2011-11-25,196.65000
2011-11-28,197.56000
2011-11-29,197.34000
2011-11-30,197.60000
2011-12-01,197.30000
2011-12-02,198.79000
2011-12-05,198.83000
2011-12-07,198.42000
2011-12-08,196.12000
2011-12-09,194.46000
2011-12-12,191.20000
2011-12-13,191.19000
2011-12-14,191.16000
2011-12-15,191.00000
2011-12-16,188.78000
2011-12-19,186.12000
2011-12-20,184.48000
2011-12-21,185.57000
2011-12-22,186.98000
2011-12-23,186.99000
2011-12-26,187.91000
2011-12-27,187.81000
2011-12-28,187.32000
2011-12-29,186.24000
2011-12-30,187.64000
2012-01-02,187.34000
2012-01-03,189.34000
2012-01-04,188.99000
2012-01-05,189.20000
2012-01-06,188.68000
2012-01-09,189.87000
2012-01-10,193.67000
2012-01-11,195.66000
2012-01-12,196.08000
2012-01-13,196.24000
2012-01-16,197.12000
2012-01-17,199.65000
2012-01-18,199.16000
2012-01-19,200.30000
2012-01-20,200.87000
2012-01-23,202.03000
2012-01-24,203.52000
2012-01-25,205.44000
2012-01-27,206.51000
2012-01-30,205.36000
2012-01-31,206.87000
2012-02-01,208.51000
2012-02-02,210.01000
2012-02-03,211.90000
2012-02-06,213.01000
2012-02-07,211.40000
2012-02-08,212.94000
2012-02-09,214.59000
2012-02-10,215.83000
2012-02-13,217.15000
2012-02-14,218.78000
2012-02-15,221.97000
2012-02-16,222.45000
2012-02-17,221.65000
2012-02-21,221.54000
2012-02-22,218.15000
2012-02-23,218.71000
2012-02-24,221.31000
2012-02-27,217.50000
2012-02-28,222.48000
2012-02-29,223.11000
2012-03-01,223.44000
2012-03-02,223.73000
2012-03-05,223.32000
2012-03-06,222.71000
2012-03-07,221.62000
2012-03-09,223.49000
2012-03-12,224.25000
2012-03-13,225.37000
2012-03-14,226.04000
2012-03-15,224.92000
2012-03-16,223.85000
2012-03-19,223.00000
2012-03-20,224.62000
2012-03-21,226.79000
2012-03-22,223.87000
2012-03-23,224.92000
2012-03-26,223.37000
2012-03-27,224.64000
2012-03-28,223.86000
2012-03-29,224.81000
2012-03-30,230.29000
2012-04-02,232.00000
2012-04-03,234.30000
2012-04-04,233.79000
2012-04-09,232.07000
2012-04-10,231.10000
2012-04-11,230.17000
2012-04-12,232.35000
2012-04-13,233.31000
2012-04-16,234.22000
2012-04-17,237.06000
2012-04-18,237.92000
2012-04-19,239.63000
2012-04-20,237.07000
2012-04-23,232.95000
2012-04-24,233.32000
2012-04-25,232.46000
2012-04-26,231.30000
2012-04-27,230.55000
2012-04-30,230.54000
2012-05-02,230.02000
2012-05-03,227.96000
2012-05-04,224.93000
2012-05-07,226.01000
2012-05-08,224.81000
2012-05-09,224.57000
2012-05-10,224.89000
2012-05-11,224.57000
2012-05-14,223.39000
2012-05-15,223.79000
2012-05-16,222.01000
2012-05-17,223.25000
2012-05-18,222.66000
2012-05-21,222.84000
2012-05-22,221.62000
2012-05-23,220.56000
2012-05-24,221.44000
2012-05-25,222.30000
2012-05-28,224.15000
2012-05-29,223.99000
2012-05-30,222.32000
2012-05-31,221.80000
2012-06-01,220.39000
2012-06-04,218.40000
2012-06-05,218.07000
2012-06-06,219.96000
2012-06-07,221.48000
2012-06-08,222.60000
2012-06-11,222.34000
2012-06-12,222.90000
2012-06-13,223.72000
2012-06-14,222.37000
2012-06-15,223.28000
2012-06-18,221.53000
2012-06-19,222.68000
2012-06-20,224.47000
2012-06-21,226.42000
2012-06-22,226.04000
2012-06-25,226.17000
2012-06-26,226.45000
2012-06-27,226.93000
2012-06-28,227.67000
2012-06-29,232.85000
2012-07-02,232.58000
2012-07-03,232.14000
2012-07-04,232.21000
2012-07-05,232.70000
2012-07-06,231.23000
2012-07-09,228.93000
2012-07-10,230.73000
2012-07-11,229.94000
2012-07-12,229.26000
2012-07-13,229.31000
2012-07-16,228.88000
2012-07-17,228.21000
2012-07-18,227.62000
2012-07-19,227.33000
2012-07-20,227.20000
2012-07-23,224.47000
2012-07-24,225.42000
2012-07-25,225.86000
2012-07-26,226.40000
2012-07-27,225.81000
2012-07-30,226.84000
2012-07-31,228.39000
2012-08-01,229.33000
2012-08-02,230.32000
2012-08-03,231.09000
2012-08-06,232.76000
2012-08-07,233.54000
2012-08-08,233.50000
2012-08-09,233.15000
2012-08-10,232.89000
2012-08-13,233.46000
2012-08-14,234.15000
2012-08-16,234.07000
2012-08-17,234.01000
2012-08-21,235.41000
2012-08-22,234.66000
2012-08-23,235.74000
2012-08-24,235.50000
2012-08-27,234.59000
2012-08-28,234.29000
2012-08-29,233.97000
2012-08-30,234.22000
2012-08-31,235.17000
2012-09-03,235.75000
2012-09-04,235.11000
2012-09-05,233.90000
2012-09-06,234.83000
2012-09-07,236.46000
2012-09-10,237.20000
2012-09-11,238.33000
2012-09-12,238.93000
2012-09-13,238.54000
2012-09-14,239.57000
2012-09-17,238.15000
2012-09-18,238.23000
2012-09-20,237.99000
2012-09-21,240.41000
2012-09-24,241.13000
2012-09-25,241.59000
2012-09-26,243.12000
2012-09-27,245.03000
2012-09-28,249.83000
2012-10-01,250.22000
2012-10-03,250.17000
2012-10-04,251.03000
2012-10-05,250.15000
2012-10-08,248.91000
2012-10-09,250.12000
2012-10-10,249.71000
2012-10-11,249.94000
2012-10-12,249.84000
2012-10-15,250.08000
2012-10-16,250.27000
2012-10-17,250.77000
2012-10-18,252.18000
2012-10-19,252.75000
2012-10-22,253.22000
2012-10-23,253.14000
2012-10-25,251.75000
2012-10-26,250.77000
2012-10-29,249.53000
2012-10-30,249.49000
2012-10-31,250.04000
2012-11-01,250.62000
2012-11-02,251.69000
2012-11-05,251.04000
2012-11-06,251.06000
2012-11-07,251.41000
2012-11-08,251.67000
2012-11-09,251.36000
2012-11-12,250.81000
2012-11-15,250.45000
2012-11-16,250.05000
2012-11-19,252.41000
2012-11-20,251.21000
2012-11-21,247.65000
2012-11-22,248.27000
2012-11-23,247.50000
2012-11-26,250.29000
2012-11-27,252.46000
2012-11-29,255.79000
2012-11-30,256.85000
2012-12-03,261.47000
2012-12-04,258.29000
2012-12-05,258.27000
2012-12-06,257.96000
2012-12-07,258.31000
2012-12-10,258.86000
2012-12-11,259.26000
2012-12-12,258.94000
2012-12-13,258.16000
2012-12-14,258.08000
2012-12-17,260.82000
2012-12-18,260.26000
2012-12-19,262.25000
2012-12-20,262.59000
2012-12-21,261.04000
2012-12-24,262.07000
2012-12-26,262.22000
2012-12-27,262.99000
2012-12-28,264.54000
2012-12-31,267.14000
2013-01-01,266.68000
2013-01-02,266.38000
2013-01-03,265.73000
2013-01-04,266.20000
2013-01-07,266.21000
2013-01-08,266.23000
2013-01-09,265.06000
2013-01-10,264.30000
2013-01-11,260.97000
2013-01-14,262.03000
2013-01-15,262.67000
2013-01-16,260.75000
2013-01-17,261.04000
2013-01-18,260.34000
2013-01-21,260.39000
2013-01-22,259.21000
2013-01-23,257.31000
2013-01-24,255.85000
2013-01-25,257.21000
2013-01-28,256.00000
2013-01-29,255.36000
2013-01-30,255.46000
2013-01-31,256.31000
2013-02-01,255.18000
2013-02-04,255.09000
2013-02-05,254.31000
2013-02-06,254.14000
2013-02-07,253.00000
2013-02-08,252.06000
2013-02-11,250.90000
2013-02-12,250.86000
2013-02-13,250.14000
2013-02-14,248.02000
2013-02-15,247.91000
2013-02-18,248.61000
2013-02-19,250.67000
2013-02-20,251.39000
2013-02-21,249.20000
2013-02-22,247.54000
2013-02-25,246.84000
2013-02-26,244.98000
2013-02-27,245.76000
2013-02-28,242.32000
2013-03-01,242.93000
2013-03-04,240.56000
2013-03-05,242.02000
2013-03-06,241.26000
2013-03-07,241.34000
2013-03-08,242.19000
2013-03-11,242.48000
2013-03-12,242.49000
2013-03-13,240.97000
2013-03-14,241.49000
2013-03-15,241.38000
2013-03-18,241.45000
2013-03-19,239.80000
2013-03-20,238.26000
2013-03-21,237.38000
2013-03-22,236.73000
2013-03-25,236.77000
2013-03-26,238.77000
2013-03-28,240.68000
2013-04-01,240.56000
2013-04-02,242.62000
2013-04-03,242.01000
2013-04-04,238.66000
2013-04-05,238.69000
2013-04-08,237.99000
2013-04-09,235.76000
2013-04-10,236.04000
2013-04-11,236.65000
2013-04-12,236.58000
2013-04-15,236.64000
2013-04-16,238.67000
2013-04-17,239.60000
2013-04-18,240.63000
2013-04-22,241.93000
2013-04-23,241.51000
2013-04-25,242.28000
2013-04-26,242.87000
2013-04-29,245.18000
2013-04-30,250.98000
2013-05-02,252.02000
2013-05-03,252.18000
2013-05-06,252.98000
2013-05-07,255.38000
2013-05-08,256.42000
2013-05-09,255.41000
2013-05-10,256.64000
2013-05-13,255.07000
2013-05-14,256.28000
2013-05-15,258.04000
2013-05-16,256.79000
2013-05-17,258.81000
2013-05-20,258.17000
2013-05-21,257.92000
2013-05-22,257.24000
2013-05-23,254.65000
2013-05-24,254.56000
2013-05-27,256.69000
2013-05-28,257.80000
2013-05-29,258.15000
2013-05-30,258.84000
2013-05-31,258.84000
2013-06-03,263.26000
2013-06-04,262.86000
2013-06-05,263.77000
2013-06-06,264.22000
2013-06-07,263.29000
2013-06-10,261.32000
2013-06-11,258.26000
2013-06-12,257.59000
2013-06-13,256.23000
2013-06-14,258.12000
2013-06-17,259.05000
2013-06-18,258.87000
2013-06-19,259.84000
2013-06-20,258.36000
2013-06-21,257.95000
2013-06-24,254.36000
2013-06-25,253.09000
2013-06-26,252.78000
2013-06-27,252.58000
2013-06-28,256.99000
2013-07-01,258.75000
2013-07-02,258.62000
2013-07-03,257.74000
2013-07-04,258.91000
2013-07-05,259.82000
2013-07-08,258.69000
2013-07-09,259.79000
2013-07-10,260.36000
2013-07-11,261.90000
2013-07-12,263.36000
2013-07-15,265.12000
2013-07-16,265.19000
2013-07-17,267.63000
2013-07-18,269.14000
2013-07-19,269.85000
2013-07-22,269.85000
2013-07-23,268.76000
2013-07-24,265.40000
2013-07-25,262.15000
2013-07-26,261.35000
2013-07-29,258.83000
2013-07-30,255.99000
2013-07-31,254.82000
2013-08-01,252.55000
2013-08-02,251.64000
2013-08-05,249.44000
2013-08-06,245.10000
2013-08-07,246.40000
2013-08-08,249.16000
2013-08-12,250.90000
2013-08-13,251.71000
2013-08-14,252.45000
2013-08-16,248.61000
2013-08-19,244.26000
2013-08-20,244.15000
2013-08-21,241.74000
2013-08-22,242.89000
2013-08-23,244.28000
2013-08-26,244.38000
2013-08-27,239.12000
2013-08-28,237.27000
2013-08-29,240.83000
2013-08-30,243.37000
2013-09-02,244.75000
2013-09-03,240.03000
2013-09-04,241.36000
2013-09-05,245.18000
2013-09-06,246.19000
2013-09-10,251.66000
2013-09-11,253.22000
2013-09-12,250.82000
2013-09-13,250.06000
2013-09-16,248.59000
2013-09-17,249.20000
2013-09-18,250.09000
2013-09-19,255.25000
2013-09-20,255.46000
2013-09-23,253.03000
2013-09-24,253.20000
2013-09-25,252.42000
2013-09-26,253.12000
2013-09-27,254.68000
2013-09-30,256.67000
2013-10-01,255.67000
2013-10-03,257.41000
2013-10-04,257.40000
2013-10-07,257.92000
2013-10-08,258.17000
2013-10-09,260.19000
2013-10-10,262.12000
2013-10-11,261.64000
2013-10-14,261.18000
2013-10-15,259.86000
2013-10-17,260.69000
2013-10-18,261.93000
2013-10-21,262.82000
2013-10-22,262.79000
2013-10-23,263.02000
2013-10-24,263.30000
2013-10-25,262.31000
2013-10-28,262.20000
2013-10-29,265.26000
2013-10-30,265.83000
2013-10-31,267.62000
2013-11-01,268.78000
2013-11-05,267.88000
2013-11-06,266.77000
2013-11-07,265.95000
2013-11-08,265.38000
2013-11-11,264.05000
2013-11-12,264.96000
2013-11-13,264.11000
2013-11-14,266.59000
2013-11-18,268.84000
2013-11-19,270.20000
2013-11-20,272.64000
2013-11-21,271.85000
2013-11-22,272.41000
2013-11-25,276.25000
2013-11-26,273.12000
2013-11-27,275.94000
2013-11-28,277.03000
2013-11-29,279.83000
2013-12-02,280.93000
2013-12-03,280.77000
2013-12-04,279.16000
2013-12-05,279.51000
2013-12-06,279.07000
2013-12-09,279.35000
2013-12-10,278.64000
2013-12-11,279.32000
2013-12-12,278.16000
2013-12-13,276.31000
2013-12-16,278.44000
2013-12-17,279.00000
2013-12-18,280.86000
2013-12-19,281.22000
2013-12-20,284.14000
2013-12-23,285.68000
2013-12-24,287.45000
2013-12-26,290.02000
2013-12-27,290.20000
2013-12-30,290.66000
2013-12-31,294.26000
2014-01-01,292.82000
2014-01-02,288.89000
2014-01-03,288.96000
2014-01-06,288.84000
2014-01-07,288.21000
2014-01-08,289.80000
2014-01-09,287.00000
2014-01-10,285.62000
2014-01-13,286.09000
2014-01-14,284.85000
2014-01-15,285.21000
2014-01-16,284.03000
2014-01-17,282.25000
2014-01-20,282.55000
2014-01-21,282.77000
2014-01-22,282.95000
2014-01-23,282.94000
2014-01-24,279.96000
2014-01-27,275.70000
2014-01-28,273.77000
2014-01-29,273.68000
2014-01-30,271.80000
2014-01-31,273.04000
2014-02-03,270.73000
2014-02-04,271.73000
2014-02-05,272.56000
2014-02-06,272.72000
2014-02-07,273.51000
2014-02-10,273.52000
2014-02-11,274.33000
2014-02-12,273.13000
2014-02-13,272.29000
2014-02-14,272.01000
2014-02-17,270.73000
2014-02-18,272.33000
2014-02-19,272.69000
2014-02-20,271.11000
2014-02-21,273.07000
2014-02-24,280.72000
2014-02-25,280.63000
2014-02-26,281.63000
2014-02-28,280.59000
2014-03-03,279.49000
2014-03-04,282.08000
2014-03-05,284.12000
2014-03-06,285.66000
2014-03-07,287.38000
2014-03-10,288.51000
2014-03-11,286.39000
2014-03-12,286.08000
2014-03-13,286.61000
2014-03-14,287.29000
2014-03-18,289.31000
2014-03-19,291.16000
2014-03-20,289.70000
2014-03-21,290.17000
2014-03-24,292.16000
2014-03-25,294.41000
2014-03-26,296.80000
2014-03-27,299.15000
2014-03-28,302.63000
2014-03-31,308.44000
2014-04-01,305.12000
2014-04-02,304.35000
2014-04-03,304.83000
2014-04-04,303.08000
2014-04-07,301.81000
2014-04-09,303.65000
2014-04-10,304.58000
2014-04-11,303.23000
2014-04-15,301.27000
2014-04-16,300.82000
2014-04-17,303.58000
2014-04-21,304.11000
2014-04-22,304.15000
2014-04-23,305.02000
2014-04-25,303.19000
2014-04-28,302.63000
2014-04-29,301.45000
2014-04-30,303.03000
2014-05-02,302.31000
2014-05-05,302.24000
2014-05-06,301.29000
2014-05-07,301.98000
2014-05-08,302.53000
2014-05-09,306.48000
2014-05-12,308.35000
2014-05-13,311.45000
2014-05-14,311.44000
2014-05-15,311.01000
2014-05-16,313.35000
2014-05-19,317.55000
2014-05-20,319.74000
2014-05-21,321.53000
2014-05-22,329.25000
2014-05-23,333.60000
2014-05-26,332.01000
2014-05-27,328.98000
2014-05-28,336.61000
2014-05-29,336.63000
2014-05-30,339.77000
2014-06-02,343.91000
2014-06-03,344.66000
2014-06-04,346.26000
2014-06-05,348.45000
2014-06-06,352.54000
2014-06-09,353.74000
2014-06-10,354.59000
2014-06-11,353.48000
2014-06-12,358.32000
2014-06-13,355.80000
2014-06-16,356.60000
2014-06-17,361.29000
2014-06-18,362.97000
2014-06-19,362.35000
2014-06-20,365.95000
2014-06-23,367.21000
2014-06-24,367.66000
2014-06-25,369.21000
2014-06-26,370.86000
2014-06-27,371.71000
2014-06-30,378.79000
2014-07-01,381.00000
2014-07-02,385.30000
2014-07-03,388.44000
2014-07-04,392.45000
2014-07-07,394.47000
2014-07-08,386.09000
2014-07-09,380.38000
2014-07-10,382.43000
2014-07-11,377.14000
2014-07-14,373.69000
2014-07-15,377.01000
2014-07-16,381.39000
2014-07-17,386.11000
2014-07-18,385.28000
2014-07-21,385.25000
2014-07-22,386.66000
2014-07-23,384.85000
2014-07-24,383.56000
2014-07-25,383.31000
2014-07-28,384.09000
2014-07-30,383.20000
2014-07-31,381.07000
2014-08-01,381.63000
2014-08-04,385.62000
2014-08-05,391.23000
2014-08-06,388.74000
2014-08-07,388.37000
2014-08-08,383.56000
2014-08-11,384.35000
2014-08-12,386.54000
2014-08-13,387.04000
2014-08-14,391.03000
2014-08-18,394.16000
2014-08-19,396.82000
2014-08-20,399.08000
2014-08-21,401.37000
2014-08-22,408.63000
2014-08-25,406.65000
2014-08-26,407.25000
2014-08-27,408.69000
2014-08-28,409.21000
2014-09-01,412.47000
2014-09-02,412.30000
2014-09-03,414.60000
2014-09-04,413.58000
2014-09-05,414.48000
2014-09-08,418.92000
2014-09-09,419.70000
2014-09-10,417.59000
2014-09-11,420.13000
2014-09-12,424.24000
2014-09-15,425.55000
2014-09-16,420.11000
2014-09-17,418.53000
2014-09-18,422.86000
2014-09-19,426.97000
2014-09-22,429.18000
2014-09-23,423.79000
2014-09-24,421.48000
2014-09-25,415.92000
2014-09-26,415.80000
2014-09-29,422.60000
2014-09-30,424.83000
2014-10-01,422.32000
2014-10-07,421.52000
2014-10-08,419.65000
2014-10-09,422.08000
2014-10-10,417.02000
2014-10-13,415.29000
2014-10-14,414.49000
2014-10-16,410.17000
2014-10-17,411.69000
2014-10-20,413.88000
2014-10-21,416.01000
2014-10-22,420.08000
2014-10-27,422.23000
2014-10-28,421.66000
2014-10-29,421.79000
2014-10-30,423.45000
2014-10-31,430.84000
2014-11-03,434.40000
2014-11-05,434.90000
2014-11-07,437.83000
2014-11-10,443.17000
2014-11-11,445.31000
2014-11-12,452.56000
2014-11-13,454.66000
2014-11-14,459.97000
2014-11-17,466.69000
2014-11-18,466.85000
2014-11-19,469.07000
2014-11-20,478.71000
2014-11-21,478.23000
2014-11-24,477.68000
2014-11-25,471.01000
2014-11-26,474.32000
2014-11-27,474.65000
2014-11-28,479.69000
2014-12-01,480.59000
2014-12-02,482.00000
2014-12-03,489.74000
2014-12-04,497.11000
2014-12-05,501.13000
2014-12-08,497.59000
2014-12-09,492.53000
2014-12-10,493.91000
2014-12-11,493.43000
2014-12-12,488.93000
2014-12-15,487.61000
2014-12-16,476.07000
2014-12-17,472.70000
2014-12-18,480.26000
2014-12-19,483.17000
2014-12-22,486.16000
2014-12-23,488.92000
2014-12-24,488.92000
2014-12-26,491.30000
2014-12-29,495.36000
2014-12-30,497.58000
2014-12-31,502.89000
2015-01-01,503.55000
2015-01-02,512.23000
2015-01-05,512.15000
2015-01-06,504.13000
2015-01-07,508.10000
2015-01-08,517.07000
2015-01-09,519.08000
2015-01-12,523.56000
2015-01-13,527.78000
2015-01-14,530.44000
2015-01-15,534.25000
2015-01-16,535.77000
2015-01-19,537.55000
2015-01-20,537.81000
2015-01-21,537.46000
2015-01-22,539.05000
2015-01-23,541.69000
2015-01-27,546.81000
2015-01-28,544.47000
2015-01-29,544.13000
2015-01-30,544.22000
2015-02-02,541.98000
2015-02-03,537.81000
2015-02-04,536.01000
2015-02-05,534.18000
2015-02-06,529.88000
2015-02-09,525.36000
2015-02-10,531.43000
2015-02-11,540.41000
2015-02-12,549.83000
2015-02-13,564.68000
2015-02-16,563.10000
2015-02-18,565.56000
2015-02-19,563.59000
2015-02-20,563.70000
2015-02-23,559.79000
2015-02-24,560.24000
2015-02-25,562.02000
2015-02-26,557.96000
2015-02-27,564.82000
2015-03-02,571.76000
2015-03-03,574.84000
2015-03-04,574.05000
2015-03-05,581.98000
2015-03-09,580.79000
2015-03-10,576.72000
2015-03-11,578.48000
2015-03-12,582.71000
2015-03-13,578.19000
2015-03-16,574.87000
2015-03-17,577.50000
2015-03-18,579.91000
2015-03-19,579.94000
2015-03-20,580.98000
2015-03-23,575.07000
2015-03-24,574.26000
2015-03-25,572.03000
2015-03-26,567.05000
2015-03-27,565.76000
2015-03-30,575.79000
2015-03-31,578.56000
2015-04-01,584.54000
2015-04-06,592.65000
2015-04-07,593.63000
2015-04-08,596.28000
2015-04-09,603.51000
2015-04-10,606.08000
2015-04-13,617.60000
2015-04-15,616.13000
2015-04-16,615.77000
2015-04-17,604.84000
2015-04-20,593.50000
2015-04-21,587.42000
2015-04-22,586.26000
2015-04-23,586.73000
2015-04-24,574.16000
2015-04-27,559.05000
2015-04-28,568.47000
2015-04-29,571.26000
2015-04-30,572.44000
2015-05-04,580.00000
2015-05-05,587.14000
2015-05-06,571.28000
2015-05-07,562.15000
2015-05-08,569.47000
2015-05-11,575.43000
2015-05-12,568.76000
2015-05-13,571.87000
2015-05-14,572.04000
2015-05-15,573.47000
2015-05-18,576.97000
2015-05-19,575.63000
2015-05-20,574.01000
2015-05-21,574.41000
2015-05-22,576.45000
2015-05-25,576.56000
2015-05-26,572.07000
2015-05-27,572.69000
2015-05-28,573.02000
2015-05-29,579.95000
2015-06-01,579.76000
2015-06-02,570.47000
2015-06-03,562.99000
2015-06-04,565.83000
2015-06-05,564.56000
2015-06-08,559.21000
2015-06-09,557.38000
2015-06-10,562.52000
2015-06-11,555.33000
2015-06-12,554.80000
2015-06-15,556.27000
2015-06-16,557.67000
2015-06-17,564.68000
2015-06-18,567.73000
2015-06-19,572.75000
2015-06-22,579.62000
2015-06-23,581.54000
2015-06-24,580.14000
2015-06-25,580.40000
2015-06-26,581.84000
2015-06-29,574.70000
2015-06-30,580.96000
2015-07-01,585.37000
2015-07-02,591.02000
2015-07-03,590.76000
2015-07-06,592.32000
2015-07-07,593.51000
2015-07-08,589.80000
2015-07-09,587.87000
2015-07-10,587.78000
2015-07-13,593.82000
2015-07-14,595.28000
2015-07-15,599.15000
2015-07-16,604.27000
2015-07-17,607.18000
2015-07-20,607.38000
2015-07-21,600.35000
2015-07-22,604.01000
2015-07-23,604.52000
2015-07-24,603.61000
2015-07-27,596.88000
2015-07-28,595.63000
2015-07-29,603.91000
2015-07-30,609.74000
2015-07-31,614.40000
2015-08-03,619.79000
2015-08-04,624.48000
2015-08-05,629.08000
2015-08-06,630.80000
2015-08-07,627.38000
2015-08-10,626.75000
2015-08-11,624.47000
2015-08-12,614.05000
2015-08-13,610.62000
2015-08-14,618.03000
2015-08-17,617.34000
2015-08-18,619.54000
2015-08-19,622.37000
2015-08-20,615.24000
2015-08-21,612.19000
2015-08-24,577.49000
2015-08-25,580.51000
2015-08-26,577.25000
2015-08-27,588.49000
2015-08-28,591.90000
2015-08-31,594.53000
2015-09-01,581.92000
2015-09-02,577.72000
2015-09-03,584.11000
2015-09-04,575.91000
2015-09-07,567.35000
2015-09-08,570.07000
2015-09-09,578.23000
2015-09-10,577.79000
2015-09-11,581.44000
2015-09-14,584.29000
2015-09-15,581.38000
2015-09-16,581.85000
2015-09-18,589.14000
2015-09-21,590.56000
2015-09-22,586.37000
2015-09-23,584.95000
2015-09-24,588.08000
2015-09-28,585.27000
2015-09-29,583.53000
2015-09-30,587.06000
2015-10-01,587.08000
2015-10-05,591.87000
2015-10-06,593.87000
2015-10-07,596.08000
2015-10-08,593.41000
2015-10-09,593.18000
2015-10-12,591.27000
2015-10-13,591.08000
2015-10-14,589.39000
2015-10-15,590.49000
2015-10-16,592.71000
2015-10-19,595.44000
2015-10-20,599.11000
2015-10-21,599.08000
2015-10-23,596.18000
2015-10-26,594.29000
2015-10-27,592.81000
2015-10-28,591.05000
2015-10-29,587.46000
2015-10-30,585.51000
2015-11-02,584.20000
2015-11-03,586.20000
2015-11-04,585.34000
2015-11-05,579.53000
2015-11-06,576.31000
2015-11-09,578.03000
2015-11-10,574.58000
2015-11-13,573.38000
2015-11-16,572.21000
2015-11-17,572.81000
2015-11-18,569.36000
2015-11-19,575.47000
2015-11-20,578.17000
2015-11-23,577.12000
2015-11-24,575.00000
2015-11-26,576.56000
2015-11-27,578.69000
2015-11-30,581.60000
2015-12-01,580.90000
2015-12-02,581.45000
2015-12-03,578.41000
2015-12-04,580.70000
2015-12-07,580.85000
2015-12-08,577.89000
2015-12-09,569.50000
2015-12-10,572.37000
2015-12-11,571.41000
2015-12-14,573.49000
2015-12-15,579.80000
2015-12-16,581.30000
2015-12-17,585.33000
2015-12-18,582.33000
2015-12-21,584.23000
2015-12-22,581.77000
2015-12-23,585.28000
2015-12-24,584.19000
2015-12-28,585.92000
2015-12-29,585.65000
2015-12-30,588.93000
2015-12-31,591.40000
2016-01-01,593.39000
2016-01-04,586.63000
2016-01-05,586.77000
2016-01-06,582.94000
2016-01-07,572.87000
2016-01-08,574.35000
2016-01-11,570.33000
2016-01-12,569.29000
2016-01-13,569.11000
2016-01-14,565.90000
2016-01-15,558.92000
2016-01-18,545.31000
2016-01-19,550.42000
2016-01-20,541.62000
2016-01-21,539.16000
2016-01-22,546.41000
2016-01-25,548.09000
2016-01-27,547.83000
2016-01-28,545.01000
2016-01-29,551.39000
2016-02-01,551.16000
2016-02-02,547.73000
2016-02-03,540.22000
2016-02-04,541.42000
2016-02-05,546.36000
2016-02-08,546.89000
2016-02-09,541.45000
2016-02-10,538.25000
2016-02-11,521.89000
2016-02-12,517.44000
2016-02-15,528.62000
2016-02-16,522.10000
2016-02-17,524.79000
2016-02-18,527.63000
2016-02-19,529.33000
2016-02-22,532.89000
2016-02-23,527.42000
2016-02-24,522.49000
2016-02-25,515.91000
2016-02-26,517.26000
2016-02-29,513.60000
2016-03-01,525.42000
2016-03-02,530.13000
2016-03-03,532.37000
2016-03-04,535.77000
2016-03-08,533.96000
2016-03-09,537.15000
2016-03-10,535.69000
2016-03-11,536.59000
2016-03-14,535.29000
2016-03-15,532.57000
2016-03-16,531.82000
2016-03-17,532.86000
2016-03-18,535.55000
2016-03-21,543.15000
2016-03-22,547.72000
2016-03-23,554.19000
2016-03-28,551.99000
2016-03-29,553.53000
2016-03-30,558.47000
2016-03-31,560.98000
2016-04-01,558.99000
2016-04-04,558.34000
2016-04-05,552.15000
2016-04-06,553.84000
2016-04-07,549.83000
2016-04-08,550.91000
2016-04-11,556.92000
2016-04-12,560.63000
2016-04-13,569.72000
2016-04-18,575.14000
2016-04-20,575.42000
2016-04-21,573.66000
2016-04-22,572.39000
2016-04-25,569.68000
2016-04-26,574.84000
2016-04-27,575.46000
2016-04-28,570.49000
2016-04-29,570.30000
2016-05-02,570.40000
2016-05-03,568.99000
2016-05-04,568.24000
2016-05-05,569.14000
2016-05-06,569.53000
2016-05-09,575.72000
2016-05-10,576.71000
2016-05-11,578.54000
2016-05-12,581.64000
2016-05-13,579.10000
2016-05-16,581.93000
2016-05-17,583.15000
2016-05-18,582.31000
2016-05-19,578.08000
2016-05-20,572.54000
2016-05-23,571.09000
2016-05-24,571.50000
2016-05-25,578.54000
2016-05-26,584.25000
2016-05-27,585.85000
2016-05-30,588.65000
2016-05-31,585.66000
2016-06-01,586.67000
2016-06-02,587.20000
2016-06-03,588.64000
2016-06-06,585.35000
2016-06-07,585.52000
2016-06-08,587.05000
2016-06-09,585.53000
2016-06-10,584.19000
2016-06-13,581.44000
2016-06-14,581.23000
2016-06-15,587.89000
2016-06-16,584.62000
2016-06-17,585.81000
2016-06-20,586.51000
2016-06-21,587.90000
2016-06-22,587.12000
2016-06-23,587.62000
2016-06-24,580.59000
2016-06-27,582.56000
2016-06-28,586.10000
2016-06-29,591.59000
2016-06-30,595.69000
2016-07-01,598.23000
2016-07-04,599.50000
2016-07-05,599.98000
2016-07-07,599.80000
2016-07-08,600.23000
2016-07-11,607.05000
2016-07-12,606.44000
2016-07-13,603.93000
2016-07-14,607.25000
2016-07-15,605.39000
2016-07-18,604.43000
2016-07-19,608.40000
2016-07-20,609.69000
2016-07-21,606.76000
2016-07-22,609.37000
2016-07-25,615.69000
2016-07-26,611.46000
2016-07-27,612.07000
2016-07-28,619.78000
2016-07-29,622.90000
2016-08-01,620.92000
2016-08-02,618.55000
2016-08-03,613.71000
2016-08-04,613.95000
2016-08-05,620.61000
2016-08-08,623.92000
2016-08-09,621.79000
2016-08-10,615.64000
2016-08-11,614.36000
2016-08-12,615.01000
2016-08-16,614.19000
2016-08-17,615.14000
2016-08-18,617.40000
2016-08-19,616.24000
2016-08-22,614.71000
2016-08-23,613.82000
2016-08-24,614.63000
2016-08-25,612.47000
2016-08-26,612.12000
2016-08-29,612.71000
2016-08-30,619.55000
2016-08-31,620.27000
2016-09-01,615.91000
2016-09-02,619.45000
2016-09-06,624.24000
2016-09-07,623.14000
2016-09-08,628.07000
2016-09-09,623.88000
2016-09-12,615.22000
2016-09-14,612.59000
2016-09-15,615.79000
2016-09-16,616.14000
2016-09-19,614.63000
2016-09-20,614.07000
2016-09-21,614.66000
2016-09-22,619.07000
2016-09-23,618.81000
2016-09-26,616.44000
2016-09-27,617.57000
2016-09-28,618.16000
2016-09-29,606.89000
2016-09-30,612.51000
2016-10-03,622.70000
2016-10-04,623.25000
2016-10-05,623.74000
2016-10-06,623.97000
2016-10-07,623.08000
2016-10-10,623.83000
2016-10-13,616.35000
2016-10-14,616.27000
2016-10-17,612.81000
2016-10-18,617.45000
2016-10-19,617.62000
2016-10-20,616.85000
2016-10-21,618.05000
2016-10-24,618.27000
2016-10-25,613.93000
2016-10-26,613.56000
2016-10-27,611.97000
2016-10-28,610.50000
2016-11-01,610.17000
2016-11-02,608.17000
2016-11-03,603.07000
2016-11-04,594.47000
2016-11-07,594.80000
2016-11-08,595.91000
2016-11-09,588.64000
2016-11-10,588.38000
2016-11-11,575.17000
2016-11-15,555.65000
2016-11-16,556.09000
2016-11-17,553.87000
2016-11-18,554.65000
2016-11-21,542.63000
2016-11-22,549.57000
2016-11-23,555.55000
2016-11-24,553.30000
2016-11-25,558.16000
2016-11-28,560.05000
2016-11-29,564.65000
2016-11-30,571.52000
2016-12-01,568.42000
2016-12-02,562.57000
2016-12-05,565.93000
2016-12-06,564.65000
2016-12-07,563.77000
2016-12-08,570.63000
2016-12-09,569.63000
2016-12-12,568.40000
2016-12-13,568.99000
2016-12-14,565.25000
2016-12-15,564.05000
2016-12-16,564.93000
2016-12-19,561.63000
2016-12-20,557.69000
2016-12-21,558.01000
2016-12-22,553.93000
2016-12-23,556.22000
2016-12-26,551.27000
2016-12-27,555.17000
2016-12-28,558.05000
2016-12-29,563.26000
2016-12-30,569.91000
2017-01-02,571.63000
2017-01-03,572.85000
2017-01-04,571.72000
2017-01-05,575.95000
2017-01-06,575.43000
2017-01-09,573.96000
2017-01-10,575.24000
2017-01-11,579.50000
2017-01-12,580.49000
2017-01-13,578.33000
2017-01-16,579.90000
2017-01-17,577.83000
2017-01-18,580.93000
2017-01-19,582.04000
2017-01-20,579.47000
2017-01-23,579.61000
2017-01-24,582.23000
2017-01-25,590.06000
2017-01-27,590.95000
2017-01-30,590.21000
2017-01-31,587.82000
2017-02-01,595.97000
2017-02-02,596.10000
2017-02-03,595.33000
2017-02-06,597.81000
2017-02-07,599.88000
2017-02-08,599.74000
2017-02-09,599.50000
2017-02-10,596.47000
2017-02-13,591.75000
2017-02-14,590.04000
2017-02-15,583.79000
2017-02-16,587.43000
2017-02-17,588.56000
2017-02-20,591.27000
2017-02-21,594.59000
2017-02-22,593.32000
2017-02-23,591.92000
2017-02-27,590.20000
2017-02-28,590.45000
2017-03-01,592.75000
2017-03-02,591.13000
2017-03-03,591.02000
2017-03-06,591.83000
2017-03-07,592.07000
2017-03-08,593.95000
2017-03-09,594.45000
2017-03-10,594.72000
2017-03-14,599.82000
2017-03-15,601.42000
2017-03-16,606.95000
2017-03-17,608.77000
2017-03-20,608.05000
2017-03-21,607.43000
2017-03-22,604.44000
2017-03-23,608.02000
2017-03-24,609.79000
2017-03-27,612.87000
2017-03-28,614.14000
2017-03-29,617.33000
2017-03-30,625.47000
2017-03-31,631.64000
2017-04-03,633.12000
2017-04-05,637.16000
2017-04-06,635.28000
2017-04-07,629.86000
2017-04-10,634.95000
2017-04-11,637.56000
2017-04-12,635.47000
2017-04-13,634.88000
2017-04-17,631.45000
2017-04-18,627.50000
2017-04-19,627.73000
2017-04-20,633.23000
2017-04-21,633.01000
2017-04-24,637.68000
2017-04-25,641.85000
2017-04-26,640.57000
2017-04-27,639.78000
2017-04-28,641.52000
2017-05-02,642.69000
2017-05-03,643.80000
2017-05-04,648.25000
2017-05-05,645.56000
2017-05-08,650.91000
2017-05-09,657.41000
2017-05-10,661.28000
2017-05-11,659.55000
2017-05-12,659.05000
2017-05-15,665.32000
2017-05-16,667.14000
2017-05-17,663.54000
2017-05-18,655.30000
2017-05-19,652.64000
2017-05-22,645.31000
2017-05-23,639.75000
2017-05-24,634.29000
2017-05-25,640.80000
2017-05-26,646.70000
2017-05-29,646.00000
2017-05-30,647.03000
2017-05-31,653.69000
2017-06-01,658.65000
2017-06-02,663.44000
2017-06-05,663.06000
2017-06-06,659.67000
2017-06-07,664.43000
2017-06-08,664.55000
2017-06-09,666.31000
2017-06-12,662.92000
2017-06-13,662.18000
2017-06-14,661.80000
2017-06-15,663.74000
2017-06-16,667.97000
2017-06-19,668.69000
2017-06-20,671.15000
2017-06-21,673.62000
2017-06-22,673.15000
2017-06-23,667.29000
2017-06-27,660.90000
2017-06-28,664.05000
2017-06-29,665.37000
2017-06-30,670.80000
2017-07-03,677.88000
2017-07-04,678.03000
2017-07-05,679.13000
2017-07-06,680.47000
2017-07-07,679.81000
2017-07-10,683.85000
2017-07-11,681.79000
2017-07-12,683.08000
2017-07-13,685.11000
2017-07-14,685.03000
2017-07-17,685.39000
2017-07-18,682.06000
2017-07-19,686.71000
2017-07-20,684.43000
2017-07-21,684.44000
2017-07-24,685.77000
2017-07-25,684.62000
2017-07-26,685.70000
2017-07-27,684.72000
2017-07-28,686.40000
2017-07-31,688.05000
2017-08-01,688.32000
2017-08-02,686.15000
2017-08-03,681.54000
2017-08-04,687.93000
2017-08-07,690.13000
2017-08-08,685.92000
2017-08-09,679.38000
2017-08-10,666.65000
2017-08-11,665.69000
2017-08-14,674.48000
2017-08-16,679.51000
2017-08-17,678.82000
2017-08-18,677.81000
2017-08-21,673.36000
2017-08-22,667.87000
2017-08-23,671.04000
2017-08-24,671.36000
2017-08-28,675.03000
2017-08-29,668.88000
2017-08-30,674.84000
2017-08-31,683.14000
2017-09-01,687.27000
2017-09-04,686.49000
2017-09-05,689.10000
2017-09-06,689.71000
2017-09-07,690.95000
2017-09-08,691.00000
2017-09-11,694.66000
2017-09-12,701.74000
2017-09-13,700.95000
2017-09-14,698.89000
2017-09-15,700.53000
2017-09-18,710.26000
2017-09-19,714.41000
2017-09-20,711.78000
2017-09-21,709.60000
2017-09-22,694.30000
2017-09-25,684.80000
2017-09-26,687.64000
2017-09-27,680.22000
2017-09-28,686.24000
2017-09-29,694.67000
2017-10-03,692.90000
2017-10-04,697.47000
2017-10-05,697.91000
2017-10-06,699.32000
2017-10-09,699.94000
2017-10-10,700.59000
2017-10-11,696.24000
2017-10-12,698.73000
2017-10-13,702.40000
2017-10-16,703.15000
2017-10-17,709.57000
2017-10-18,709.70000
2017-10-23,707.47000
2017-10-24,708.76000
2017-10-25,705.34000
2017-10-26,709.13000
2017-10-27,709.78000
2017-10-30,716.89000
2017-10-31,718.88000
2017-11-01,720.18000
2017-11-02,720.44000
2017-11-03,722.25000
2017-11-06,722.84000
2017-11-07,717.21000
2017-11-08,713.41000
2017-11-09,717.32000
2017-11-10,722.01000
2017-11-13,721.84000
2017-11-14,720.15000
2017-11-15,722.24000
2017-11-16,724.85000
2017-11-17,728.59000
2017-11-20,730.81000
2017-11-21,731.32000
2017-11-22,732.15000
2017-11-23,732.13000
2017-11-24,732.10000
2017-11-27,734.75000
2017-11-28,735.10000
2017-11-29,738.61000
2017-11-30,738.75000
2017-12-01,734.38000
2017-12-04,736.44000
2017-12-05,736.56000
2017-12-06,732.49000
2017-12-07,740.09000
2017-12-08,747.14000
2017-12-11,756.46000
2017-12-12,757.92000
2017-12-13,753.85000
2017-12-14,748.94000
2017-12-15,757.91000
2017-12-18,762.43000
2017-12-19,771.25000
2017-12-20,774.04000
2017-12-21,774.38000
2017-12-22,776.80000
2017-12-26,781.17000
2017-12-27,781.64000
2017-12-28,780.12000
2017-12-29,786.76000
2018-01-01,784.14000
2018-01-02,779.56000
2018-01-03,781.32000
2018-01-04,783.51000
2018-01-05,785.44000
2018-01-08,789.78000
2018-01-09,785.70000
2018-01-10,783.68000
2018-01-11,786.17000
2018-01-12,789.68000
2018-01-15,789.53000
2018-01-16,779.82000
2018-01-17,780.94000
2018-01-18,776.18000
2018-01-19,778.92000
2018-01-22,779.55000
2018-01-23,777.96000
2018-01-24,776.44000
2018-01-25,774.11000
2018-01-29,774.49000
2018-01-30,767.80000
2018-01-31,766.40000
2018-02-01,768.54000
2018-02-02,742.48000
2018-02-05,739.38000
2018-02-06,726.99000
2018-02-07,734.56000
2018-02-08,746.62000
2018-02-09,744.90000
2018-02-12,753.36000
2018-02-14,751.55000
2018-02-15,746.15000
2018-02-16,741.63000
2018-02-19,739.74000
2018-02-20,737.17000
2018-02-21,735.83000
2018-02-22,730.43000
2018-02-23,735.23000
2018-02-26,740.73000
2018-02-27,739.46000
2018-02-28,741.35000
2018-03-01,740.94000
2018-03-05,737.47000
2018-03-06,730.74000
2018-03-07,726.69000
2018-03-08,727.99000
2018-03-09,727.66000
2018-03-12,734.08000
2018-03-13,735.56000
2018-03-14,735.73000
2018-03-15,737.84000
2018-03-16,727.01000
2018-03-19,720.06000
2018-03-20,719.40000
2018-03-21,719.67000
2018-03-22,716.05000
2018-03-23,711.58000
2018-03-26,716.90000
2018-03-27,727.60000
2018-03-28,730.47000
2018-04-02,740.56000
2018-04-03,746.14000
2018-04-04,743.53000
2018-04-05,753.76000
2018-04-06,755.50000
2018-04-09,756.31000
2018-04-10,751.87000
2018-04-11,752.53000
2018-04-12,754.94000
2018-04-13,754.03000
2018-04-16,757.12000
2018-04-17,760.67000
2018-04-18,759.12000
2018-04-19,762.43000
2018-04-20,765.52000
2018-04-23,767.97000
2018-04-24,766.63000
2018-04-25,764.62000
2018-04-26,766.49000
2018-04-27,768.00000
2018-04-30,773.94000
2018-05-02,769.42000
2018-05-03,761.99000
2018-05-04,759.29000
2018-05-07,765.70000
2018-05-08,765.08000
2018-05-09,763.34000
2018-05-10,757.74000
2018-05-11,760.26000
2018-05-14,757.14000
2018-05-15,757.29000
2018-05-16,756.83000
2018-05-17,755.41000
2018-05-18,752.92000
2018-05-21,741.11000
2018-05-22,744.46000
2018-05-23,741.37000
2018-05-24,739.77000
2018-05-25,744.39000
2018-05-28,751.21000
2018-05-29,750.23000
2018-05-30,754.16000
2018-05-31,754.07000
2018-06-01,753.29000
2018-06-04,747.56000
2018-06-05,741.50000
2018-06-06,748.18000
2018-06-07,754.34000
2018-06-08,757.13000
2018-06-11,759.44000
2018-06-12,762.50000
2018-06-13,765.39000
2018-06-14,763.62000
2018-06-15,762.59000
2018-06-18,760.66000
2018-06-19,756.46000
2018-06-20,758.16000
2018-06-21,755.73000
2018-06-22,758.16000
2018-06-25,753.56000
2018-06-26,752.42000
2018-06-27,745.89000
2018-06-28,741.62000
2018-06-29,745.37000
2018-07-02,744.01000
2018-07-03,747.66000
2018-07-04,752.98000
2018-07-05,750.31000
2018-07-06,747.69000
2018-07-09,750.84000
2018-07-10,753.89000
2018-07-11,753.39000
2018-07-12,753.37000
2018-07-13,749.74000
2018-07-16,743.04000
2018-07-17,742.58000
2018-07-18,739.21000
2018-07-19,734.98000
2018-07-20,734.88000
2018-07-23,748.50000
2018-07-24,760.05000
2018-07-25,760.46000
2018-07-26,759.23000
2018-07-27,760.73000
2018-07-30,761.46000
2018-07-31,763.04000
2018-08-01,760.75000
2018-08-02,760.53000
2018-08-03,770.95000
2018-08-06,773.02000
2018-08-07,777.29000
2018-08-08,774.14000
2018-08-09,776.27000
2018-08-10,775.61000
2018-08-13,776.63000
2018-08-14,781.18000
2018-08-16,778.35000
2018-08-17,779.93000
2018-08-20,783.16000
2018-08-21,783.01000
2018-08-23,781.73000
2018-08-24,788.12000
2018-08-27,795.87000
2018-08-28,804.21000
2018-08-29,801.91000
2018-08-30,806.15000
2018-08-31,810.20000
2018-09-03,809.85000
2018-09-04,796.43000
2018-09-05,790.21000
2018-09-06,790.86000
2018-09-07,794.24000
2018-09-10,790.63000
2018-09-11,785.46000
2018-09-12,785.74000
2018-09-14,788.16000
2018-09-17,783.16000
2018-09-18,775.12000
2018-09-19,767.67000
2018-09-21,755.81000
2018-09-24,736.66000
2018-09-25,739.49000
2018-09-26,740.13000
2018-09-27,731.55000
2018-09-28,728.14000
2018-10-01,725.20000
2018-10-03,715.31000
2018-10-04,698.80000
2018-10-05,682.98000
2018-10-08,674.98000
2018-10-09,670.17000
2018-10-10,690.90000
2018-10-11,687.46000
2018-10-12,705.88000
2018-10-15,707.09000
2018-10-16,709.89000
2018-10-17,699.24000
2018-10-19,695.55000
2018-10-22,686.65000
2018-10-23,678.84000
2018-10-24,677.68000
2018-10-25,678.34000
2018-10-26,675.42000
2018-10-29,679.59000
2018-10-30,685.00000
2018-10-31,694.51000
2018-11-01,699.21000
2018-11-02,705.85000
2018-11-05,703.06000
2018-11-06,701.47000
2018-11-09,712.34000
2018-11-12,708.59000
2018-11-13,710.15000
2018-11-14,709.53000
2018-11-15,717.58000
2018-11-16,720.62000
2018-11-19,720.41000
2018-11-20,715.71000
2018-11-21,717.42000
2018-11-22,716.84000
2018-11-26,720.77000
2018-11-27,721.09000
2018-11-28,719.71000
2018-11-29,726.22000
2018-11-30,731.08000
2018-12-03,736.46000
2018-12-04,739.00000
2018-12-05,731.14000
2018-12-06,722.97000
2018-12-07,727.70000
2018-12-10,716.67000
2018-12-11,727.26000
2018-12-12,738.33000
2018-12-13,744.55000
2018-12-14,744.69000
2018-12-17,743.47000
2018-12-18,745.91000
2018-12-19,750.11000
2018-12-20,751.04000
2018-12-21,744.37000
2018-12-24,739.82000
2018-12-26,742.13000
2018-12-27,740.60000
2018-12-28,746.63000
2018-12-31,750.41000
2019-01-01,748.70000
2019-01-02,741.54000
2019-01-03,737.40000
2019-01-04,741.56000
2019-01-07,741.30000
2019-01-08,740.57000
2019-01-09,742.84000
2019-01-10,743.38000
2019-01-11,742.36000
2019-01-14,740.24000
2019-01-15,742.64000
2019-01-16,743.13000
2019-01-17,742.33000
2019-01-18,741.34000
2019-01-21,739.59000
2019-01-22,738.77000
2019-01-23,736.44000
2019-01-24,735.09000
2019-01-25,730.95000
2019-01-28,725.30000
2019-01-29,726.06000
2019-01-30,728.16000
2019-01-31,734.59000
2019-02-01,738.64000
2019-02-04,733.52000
2019-02-05,734.08000
2019-02-06,735.16000
2019-02-07,739.83000
2019-02-08,737.48000
2019-02-11,730.29000
2019-02-12,729.14000
2019-02-13,729.25000
2019-02-14,730.01000
2019-02-15,724.63000
2019-02-18,719.47000
2019-02-19,719.59000
2019-02-20,722.32000
2019-02-21,724.11000
2019-02-22,728.01000
2019-02-25,727.99000
2019-02-26,729.11000
2019-02-27,728.74000
2019-02-28,731.99000
2019-03-01,738.31000
2019-03-05,746.36000
2019-03-06,746.71000
2019-03-07,741.97000
2019-03-08,742.47000
2019-03-11,750.20000
2019-03-12,755.02000
2019-03-13,751.79000
2019-03-14,750.64000
2019-03-15,751.50000
2019-03-18,752.51000
2019-03-19,750.70000
2019-03-20,749.92000
2019-03-22,749.96000
2019-03-25,746.02000
2019-03-26,752.87000
2019-03-27,757.64000
2019-03-28,763.27000
2019-03-29,770.29000
2019-04-02,767.81000
2019-04-03,767.32000
2019-04-04,766.83000
2019-04-05,769.11000
2019-04-08,770.23000
2019-04-09,771.77000
2019-04-10,774.11000
2019-04-11,772.72000
2019-04-12,777.50000
2019-04-15,782.02000
2019-04-16,783.11000
2019-04-18,776.42000
2019-04-22,769.41000
2019-04-23,768.36000
2019-04-24,770.37000
2019-04-25,768.68000
2019-04-26,767.70000
2019-04-30,763.47000
2019-05-02,763.44000
2019-05-03,761.90000
2019-05-06,757.96000
2019-05-07,754.15000
2019-05-08,748.46000
2019-05-09,740.89000
2019-05-10,741.36000
2019-05-13,734.70000
2019-05-14,729.33000
2019-05-15,728.00000
2019-05-16,729.33000
2019-05-17,738.47000
2019-05-20,751.66000
2019-05-21,747.56000
2019-05-22,748.20000
2019-05-23,742.65000
2019-05-24,751.21000
2019-05-27,763.48000
2019-05-28,764.22000
2019-05-29,758.80000
2019-05-30,760.27000
2019-05-31,761.83000
2019-06-03,765.53000
2019-06-04,762.72000
2019-06-06,753.71000
2019-06-07,752.22000
2019-06-10,753.76000
2019-06-11,756.94000
2019-06-12,753.70000
2019-06-13,751.97000
2019-06-14,746.28000
2019-06-17,737.76000
2019-06-18,732.30000
2019-06-19,730.31000
2019-06-20,738.05000
2019-06-21,734.64000
2019-06-24,730.74000
2019-06-25,733.69000
2019-06-26,733.86000
2019-06-27,738.42000
2019-06-28,746.88000
2019-07-01,744.39000
2019-07-02,742.77000
2019-07-03,742.53000
2019-07-04,742.92000
2019-07-05,736.55000
2019-07-08,721.74000
2019-07-09,719.10000
2019-07-10,713.45000
2019-07-11,713.79000
2019-07-12,717.77000
2019-07-15,715.59000
2019-07-16,717.46000
2019-07-17,715.11000
2019-07-18,710.22000
2019-07-19,700.89000
2019-07-22,697.99000
2019-07-23,699.83000
2019-07-24,695.00000
2019-07-25,698.27000
2019-07-26,704.03000
2019-07-29,700.35000
2019-07-30,696.65000
2019-07-31,699.74000
2019-08-01,692.53000
2019-08-02,692.32000
2019-08-05,685.31000
2019-08-06,693.06000
2019-08-07,692.01000
2019-08-08,695.32000
2019-08-09,703.44000
2019-08-13,694.59000
2019-08-14,697.59000
2019-08-16,699.35000
2019-08-19,699.64000
2019-08-20,696.55000
2019-08-21,693.39000
2019-08-22,682.27000
2019-08-23,683.21000
2019-08-26,688.38000
2019-08-27,695.07000
2019-08-28,691.14000
2019-08-29,689.66000
2019-08-30,697.55000
2019-09-03,694.62000
2019-09-04,693.78000
2019-09-05,693.99000
2019-09-06,700.41000
2019-09-09,715.29000
2019-09-11,718.99000
2019-09-12,717.12000
2019-09-13,721.03000
2019-09-16,726.23000
2019-09-17,715.33000
2019-09-18,716.80000
2019-09-19,711.06000
2019-09-20,742.05000
2019-09-23,768.21000
2019-09-24,760.27000
2019-09-25,753.13000
2019-09-26,754.78000
2019-09-27,754.59000
2019-09-30,751.69000
2019-10-01,746.03000
2019-10-03,737.96000
2019-10-04,729.11000
2019-10-07,726.90000
2019-10-09,734.22000
2019-10-10,730.16000
2019-10-11,735.46000
2019-10-14,741.20000
2019-10-15,745.02000
2019-10-16,745.43000
2019-10-17,752.47000
2019-10-18,757.79000
2019-10-22,758.95000
2019-10-23,761.31000
2019-10-24,761.88000
2019-10-25,765.49000
2019-10-29,782.98000
2019-10-30,785.25000
2019-10-31,801.13000
2019-11-01,799.91000
2019-11-04,797.68000
2019-11-05,790.21000
2019-11-06,784.15000
2019-11-07,785.74000
2019-11-08,776.43000
2019-11-11,775.98000
2019-11-13,772.05000
2019-11-14,770.42000
2019-11-15,772.59000
2019-11-18,777.51000
2019-11-19,780.72000
2019-11-20,782.93000
2019-11-21,781.86000
2019-11-22,776.23000
2019-11-25,783.22000
2019-11-26,780.19000
2019-11-27,782.52000
2019-11-28,784.68000
2019-11-29,788.97000
2019-12-02,789.89000
2019-12-03,788.65000
2019-12-04,792.78000
2019-12-05,788.97000
2019-12-06,781.01000
2019-12-09,775.65000
2019-12-10,768.78000
2019-12-11,770.33000
2019-12-12,777.68000
2019-12-13,783.69000
2019-12-16,782.60000
2019-12-17,786.84000
2019-12-18,784.73000
2019-12-19,787.49000
2019-12-20,787.10000
2019-12-23,786.51000
2019-12-24,784.33000
2019-12-26,780.24000
2019-12-27,781.90000
2019-12-30,784.93000
2019-12-31,785.95000
2020-01-01,786.71000
2020-01-02,788.18000
2020-01-03,786.68000
2020-01-06,773.60000
2020-01-07,776.87000
2020-01-08,774.45000
2020-01-09,782.53000
2020-01-10,784.64000
2020-01-13,786.97000
2020-01-14,789.65000
2020-01-15,792.07000
2020-01-16,797.04000
2020-01-17,799.96000
2020-01-20,792.40000
2020-01-21,791.88000
2020-01-22,787.79000
2020-01-23,794.39000
2020-01-24,804.71000
2020-01-27,807.88000
2020-01-28,802.65000
2020-01-29,807.91000
2020-01-30,799.04000
2020-01-31,796.79000
2020-02-03,800.05000
2020-02-04,813.51000
2020-02-05,814.07000
2020-02-06,815.21000
2020-02-07,813.41000
2020-02-10,815.04000
2020-02-11,822.30000
2020-02-12,829.04000
2020-02-13,832.70000
2020-02-14,819.69000
2020-02-17,811.27000
2020-02-18,809.34000
2020-02-19,812.78000
2020-02-20,812.57000
2020-02-24,804.46000
2020-02-25,804.88000
2020-02-26,798.68000
2020-02-27,794.27000
2020-02-28,781.89000
2020-03-02,778.76000
2020-03-03,790.48000
2020-03-04,785.46000
2020-03-05,795.89000
2020-03-06,788.42000
2020-03-09,766.80000
2020-03-11,762.15000
2020-03-12,721.11000
2020-03-13,732.34000
2020-03-16,695.37000
2020-03-17,682.99000
2020-03-18,647.47000
2020-03-19,619.64000
2020-03-20,636.73000
2020-03-23,562.33000
2020-03-24,572.70000
2020-03-25,600.10000
2020-03-26,629.15000
2020-03-27,625.33000
2020-03-30,618.26000
2020-03-31,638.09000
2020-04-01,620.81000
2020-04-03,613.11000
2020-04-07,640.65000
2020-04-08,647.73000
2020-04-09,669.80000
2020-04-13,666.79000
2020-04-15,665.47000
2020-04-16,667.89000
2020-04-17,677.00000
2020-04-20,675.99000
2020-04-21,662.58000
2020-04-22,666.67000
2020-04-23,675.12000
2020-04-24,666.43000
2020-04-27,679.90000
2020-04-28,688.67000
2020-04-29,690.65000
2020-04-30,697.69000
2020-05-04,685.40000
2020-05-05,678.92000
2020-05-06,683.55000
2020-05-07,675.14000
2020-05-08,673.15000
2020-05-11,671.58000
2020-05-12,660.67000
2020-05-13,669.39000
2020-05-14,667.12000
2020-05-15,664.67000
2020-05-18,647.09000
2020-05-19,648.93000
2020-05-20,651.76000
2020-05-21,651.96000
2020-05-22,652.05000
2020-05-26,661.39000
2020-05-27,669.62000
2020-05-28,676.51000
2020-05-29,681.94000
2020-06-01,691.29000
2020-06-02,696.49000
2020-06-03,702.26000
2020-06-04,702.03000
2020-06-05,706.62000
2020-06-08,706.89000
2020-06-09,702.72000
2020-06-10,704.14000
2020-06-11,698.03000
2020-06-12,698.65000
2020-06-15,694.98000
2020-06-16,698.29000
2020-06-17,701.85000
2020-06-18,706.21000
2020-06-19,712.01000
2020-06-22,719.63000
2020-06-23,729.55000
2020-06-24,726.09000
2020-06-25,734.45000
2020-06-26,736.21000
2020-06-29,731.83000
2020-06-30,728.13000
2020-07-01,727.55000
2020-07-02,738.08000
2020-07-03,734.55000
2020-07-06,737.97000
2020-07-07,739.08000
2020-07-08,734.44000
2020-07-09,733.70000
2020-07-10,730.30000
2020-07-13,731.20000
2020-07-14,721.62000
2020-07-15,724.25000
2020-07-16,727.02000
2020-07-17,731.16000
2020-07-20,736.26000
2020-07-21,736.69000
2020-07-22,732.98000
2020-07-23,735.72000
2020-07-24,734.30000
2020-07-27,729.23000
2020-07-28,733.75000
2020-07-29,733.17000
2020-07-30,725.16000
2020-07-31,726.46000
2020-08-03,725.48000
2020-08-04,729.60000
2020-08-05,731.59000
2020-08-06,733.07000
2020-08-07,751.31000
2020-08-10,755.35000
2020-08-11,756.69000
2020-08-12,753.00000
2020-08-13,759.76000
2020-08-14,752.97000
2020-08-17,756.18000
2020-08-18,763.15000
2020-08-19,763.55000
2020-08-20,765.75000
2020-08-21,774.02000
2020-08-24,783.30000
2020-08-25,790.02000
2020-08-26,801.48000
2020-08-27,798.67000
2020-08-28,794.43000
2020-08-31,769.46000
2020-09-01,771.56000
2020-09-02,778.84000
2020-09-03,780.00000
2020-09-04,774.88000
2020-09-07,780.68000
2020-09-08,774.98000
2020-09-09,769.16000
2020-09-10,774.67000
2020-09-11,778.72000
2020-09-14,791.93000
2020-09-15,799.73000
2020-09-16,801.80000
2020-09-17,794.46000
2020-09-18,790.66000
2020-09-21,772.37000
2020-09-22,761.03000
2020-09-23,766.28000
2020-09-24,755.89000
2020-09-25,764.21000
2020-09-28,772.73000
2020-09-29,770.32000
2020-09-30,771.06000
2020-10-01,772.77000
2020-10-05,771.22000
2020-10-06,774.90000
2020-10-07,778.90000
2020-10-08,773.79000
2020-10-09,771.43000
2020-10-12,768.97000
2020-10-13,767.98000
2020-10-14,765.51000
2020-10-15,757.91000
2020-10-16,763.95000
2020-10-19,764.81000
2020-10-20,765.38000
2020-10-21,765.27000
2020-10-22,765.55000
2020-10-23,769.21000
2020-10-26,764.66000
2020-10-27,772.62000
2020-10-28,768.23000
2020-10-29,764.97000
2020-10-30,764.30000
2020-11-02,759.63000
2020-11-03,759.52000
2020-11-04,764.31000
2020-11-05,775.38000
2020-11-06,776.14000
2020-11-09,781.76000
2020-11-10,781.20000
2020-11-11,784.57000
2020-11-12,781.12000
2020-11-13,783.62000
2020-11-17,794.02000
2020-11-18,801.81000
2020-11-19,802.05000
2020-11-20,806.58000
2020-11-23,813.08000
2020-11-24,820.05000
2020-11-25,811.08000
2020-11-26,818.91000
2020-11-27,826.98000
2020-12-01,828.21000
2020-12-02,826.53000
2020-12-03,830.00000
2020-12-04,831.25000
2020-12-07,836.00000
2020-12-08,835.16000
2020-12-09,840.73000
2020-12-10,837.80000
2020-12-11,844.45000
2020-12-14,849.58000
2020-12-15,845.45000
2020-12-16,851.24000
2020-12-17,850.72000
2020-12-18,847.29000
2020-12-21,831.23000
2020-12-22,833.70000
2020-12-23,851.27000
2020-12-24,863.10000
2020-12-28,873.79000
2020-12-29,871.23000
2020-12-30,878.03000
2020-12-31,876.93000
2021-01-01,882.30000
2021-01-04,885.14000
2021-01-05,888.33000
2021-01-06,890.75000
2021-01-07,894.92000
2021-01-08,905.70000
2021-01-11,900.84000
2021-01-12,898.97000
2021-01-13,898.88000
2021-01-14,903.96000
2021-01-15,892.31000
2021-01-18,883.49000
2021-01-19,897.28000
2021-01-20,900.09000
2021-01-21,896.52000
2021-01-22,887.60000
2021-01-25,875.95000
2021-01-27,863.72000
2021-01-28,861.15000
2021-01-29,854.10000
2021-02-01,868.76000
2021-02-02,871.60000
2021-02-03,878.10000
2021-02-04,894.56000
2021-02-05,894.56000
2021-02-08,902.42000
2021-02-09,900.35000
2021-02-10,900.40000
2021-02-11,901.28000
2021-02-12,891.44000
2021-02-15,900.13000
2021-02-16,904.01000
2021-02-17,904.73000
2021-02-18,899.43000
2021-02-19,899.01000
2021-02-22,896.94000
2021-02-23,893.72000
2021-02-24,905.36000
2021-02-25,913.77000
2021-02-26,894.17000
2021-03-01,907.29000
2021-03-02,915.49000
2021-03-03,928.44000
2021-03-04,934.77000
2021-03-05,928.18000
2021-03-08,933.10000
2021-03-09,935.24000
2021-03-10,934.45000
2021-03-12,929.23000
2021-03-15,922.43000
2021-03-16,920.60000
2021-03-17,905.96000
2021-03-18,893.98000
2021-03-19,903.29000
2021-03-22,904.73000
2021-03-23,914.19000
2021-03-24,907.95000
2021-03-25,893.84000
2021-03-26,900.33000
2021-03-30,914.12000
2021-03-31,918.36000
2021-04-01,916.05000
2021-04-05,903.72000
2021-04-06,903.33000
2021-04-07,912.24000
2021-04-08,913.75000
2021-04-09,913.32000
2021-04-12,887.56000
2021-04-13,898.89000
2021-04-15,897.56000
2021-04-16,902.30000
2021-04-19,886.16000
2021-04-20,890.22000
2021-04-22,886.13000
2021-04-23,884.56000
2021-04-26,895.06000
2021-04-27,900.06000
2021-04-28,908.68000
2021-04-29,905.57000
2021-04-30,900.51000
2021-05-03,902.28000
2021-05-04,901.99000
2021-05-05,907.90000
2021-05-06,908.55000
2021-05-07,909.42000
2021-05-10,910.98000
2021-05-11,912.16000
2021-05-12,911.12000
2021-05-14,901.49000
2021-05-17,906.06000
2021-05-18,909.93000
2021-05-19,909.47000
2021-05-20,907.81000
2021-05-21,915.26000
2021-05-24,916.66000
2021-05-25,918.08000
2021-05-26,923.16000
2021-05-27,923.58000
2021-05-28,923.62000
2021-05-31,924.39000
2021-06-01,918.62000
2021-06-02,927.44000
2021-06-03,931.13000
2021-06-04,929.45000
2021-06-07,935.12000
2021-06-08,942.32000
2021-06-09,941.50000
2021-06-10,954.12000
2021-06-11,954.27000
2021-06-14,953.45000
2021-06-15,959.06000
2021-06-16,954.74000
2021-06-17,951.70000
2021-06-18,948.44000
2021-06-21,953.36000
2021-06-22,954.35000
2021-06-23,954.20000
2021-06-24,954.35000
2021-06-25,956.08000
2021-06-28,955.52000
2021-06-29,951.24000
2021-06-30,954.35000
2021-07-01,955.73000
2021-07-02,958.02000
2021-07-05,960.06000
2021-07-06,960.30000
2021-07-07,960.30000
2021-07-08,954.70000
2021-07-09,954.20000
2021-07-12,957.72000
2021-07-13,962.32000
2021-07-14,967.06000
2021-07-15,964.01000
2021-07-16,968.94000
2021-07-19,974.91000
2021-07-20,966.07000
2021-07-22,974.25000
2021-07-23,976.96000
2021-07-26,982.74000
2021-07-27,980.43000
2021-07-28,975.51000
2021-07-29,976.02000
2021-07-30,978.33000
2021-08-02,983.21000
2021-08-03,992.46000
2021-08-04,988.04000
2021-08-05,978.22000
2021-08-06,977.81000
2021-08-09,973.98000
2021-08-10,970.88000
2021-08-11,961.08000
2021-08-12,968.52000
2021-08-13,972.91000
2021-08-16,970.63000
2021-08-17,973.31000
2021-08-18,974.62000
2021-08-20,964.12000
2021-08-23,955.61000
2021-08-24,963.97000
2021-08-25,963.21000
2021-08-26,961.71000
2021-08-27,967.92000
2021-08-30,973.23000
2021-08-31,976.46000
2021-09-01,980.16000
2021-09-02,985.25000
2021-09-03,986.89000
2021-09-06,985.36000
2021-09-07,985.60000
2021-09-08,991.96000
2021-09-09,997.59000
2021-09-13,998.58000
2021-09-14,1000.54000
2021-09-15,1008.06000
2021-09-16,1012.82000
2021-09-17,1005.51000
2021-09-20,996.73000
2021-09-21,1001.26000
2021-09-22,1003.47000
2021-09-23,1008.97000
2021-09-24,1000.07000
2021-09-27,999.98000
2021-09-28,998.14000
2021-09-29,995.75000
2021-09-30,997.68000
2021-10-01,993.63000
2021-10-04,1005.00000
2021-10-05,1006.31000
2021-10-06,1000.72000
2021-10-07,1006.90000
2021-10-08,1007.07000
2021-10-11,1004.16000
2021-10-12,1009.20000
2021-10-13,1008.07000
2021-10-14,1013.79000
2021-10-18,1013.06000
2021-10-19,996.15000
2021-10-20,986.28000
2021-10-21,987.24000
2021-10-22,983.28000
2021-10-25,969.07000
2021-10-26,984.22000
2021-10-27,980.34000
2021-10-28,967.23000
2021-10-29,965.49000
2021-11-01,979.94000
2021-11-02,985.91000
2021-11-03,983.42000
2021-11-08,1001.54000
2021-11-09,1006.09000
2021-11-10,1002.20000
2021-11-11,1003.80000
2021-11-12,1006.61000
2021-11-15,1011.78000
2021-11-16,1010.37000
2021-11-17,1011.53000
2021-11-18,996.69000
2021-11-22,975.08000
2021-11-23,982.00000
2021-11-24,980.99000
2021-11-25,984.44000
2021-11-26,967.60000
2021-11-29,964.21000
2021-11-30,964.58000
2021-12-01,963.36000
2021-12-02,969.01000
2021-12-03,965.81000
2021-12-06,958.52000
2021-12-07,967.14000
2021-12-08,974.03000
2021-12-09,978.45000
2021-12-10,984.93000
2021-12-13,982.32000
2021-12-14,987.06000
2021-12-15,981.73000
2021-12-16,972.41000
2021-12-17,963.54000
2021-12-20,941.43000
2021-12-21,952.28000
2021-12-22,961.42000
2021-12-23,967.97000
2021-12-24,958.63000
2021-12-27,961.24000
2021-12-28,963.92000
2021-12-29,967.38000
2021-12-30,971.27000
2021-12-31,981.37000
2022-01-03,988.58000
2022-01-04,988.67000
2022-01-05,988.68000
2022-01-06,983.96000
2022-01-07,983.84000
2022-01-10,991.45000
2022-01-11,991.16000
2022-01-12,999.11000
2022-01-13,997.07000
2022-01-14,998.38000
2022-01-17,1005.18000
2022-01-18,994.09000
2022-01-19,990.39000
2022-01-20,984.63000
2022-01-21,977.21000
2022-01-24,950.48000
2022-01-25,957.30000
2022-01-27,947.62000
2022-01-28,951.34000
2022-01-31,958.51000
2022-02-01,963.69000
2022-02-02,971.96000
2022-02-03,963.94000
2022-02-04,954.21000
2022-02-07,944.56000
2022-02-08,939.91000
2022-02-09,941.56000
2022-02-10,942.55000
2022-02-11,929.88000
2022-02-14,906.53000
2022-02-15,921.79000
2022-02-16,925.54000
2022-02-17,927.78000
2022-02-18,927.38000
2022-02-21,917.13000
2022-02-22,908.59000
2022-02-23,911.51000
2022-02-24,879.08000
2022-02-25,901.60000
2022-02-28,909.08000
2022-03-02,904.05000
2022-03-03,899.68000
2022-03-04,883.22000
2022-03-07,864.42000
2022-03-08,870.63000
2022-03-09,888.83000
2022-03-10,895.01000
2022-03-11,896.67000
2022-03-14,899.99000
2022-03-15,896.06000
2022-03-16,901.18000
2022-03-17,909.12000
2022-03-21,914.00000
2022-03-22,913.25000
2022-03-23,912.44000
2022-03-24,912.80000
2022-03-25,908.11000
2022-03-28,908.48000
2022-03-29,919.81000
2022-03-30,927.97000
2022-03-31,935.73000
2022-04-01,940.50000
2022-04-04,946.78000
2022-04-05,954.15000
2022-04-06,955.58000
2022-04-07,955.44000
2022-04-08,957.91000
2022-04-11,964.85000
2022-04-12,955.97000
2022-04-13,952.52000
2022-04-18,946.27000
2022-04-19,934.93000
2022-04-20,938.23000
2022-04-21,946.70000
2022-04-22,941.45000
2022-04-25,933.89000
2022-04-26,940.89000
2022-04-27,937.68000
2022-04-28,944.69000
2022-04-29,944.76000
2022-05-02,937.90000
2022-05-04,920.86000
2022-05-05,919.49000
2022-05-06,910.33000
2022-05-09,897.98000
2022-05-10,886.91000
2022-05-11,880.13000
2022-05-12,866.74000
2022-05-13,866.47000
2022-05-16,871.23000
2022-05-17,882.88000
2022-05-18,886.71000
2022-05-19,876.52000
2022-05-20,888.04000
2022-05-23,891.95000
2022-05-24,889.16000
2022-05-25,881.37000
2022-05-26,881.89000
2022-05-27,890.82000
2022-05-30,905.51000
2022-05-31,905.85000
2022-06-01,906.61000
2022-06-02,907.48000
2022-06-03,901.63000
2022-06-06,898.61000
2022-06-07,893.53000
2022-06-08,890.02000
2022-06-09,893.12000
2022-06-10,888.73000
2022-06-13,878.69000
2022-06-14,876.63000
2022-06-15,875.82000
2022-06-16,865.31000
2022-06-17,855.01000
2022-06-20,848.26000
2022-06-21,860.58000
2022-06-22,853.90000
2022-06-23,861.16000
2022-06-24,867.56000
2022-06-27,875.15000
2022-06-28,871.63000
2022-06-29,866.45000
2022-06-30,869.08000
2022-07-01,870.49000
2022-07-04,881.54000
2022-07-05,883.15000
2022-07-06,899.76000
2022-07-07,909.46000
2022-07-08,907.16000
2022-07-11,910.23000
2022-07-12,903.44000
2022-07-13,905.62000
2022-07-14,907.89000
2022-07-15,916.87000
2022-07-18,926.13000
2022-07-19,926.80000
2022-07-20,928.78000
2022-07-21,941.89000
2022-07-22,945.53000
2022-07-25,940.43000
2022-07-26,927.38000
2022-07-27,927.86000
2022-07-28,934.11000
2022-07-29,945.27000
2022-08-01,954.58000
2022-08-02,962.74000
2022-08-03,951.36000
2022-08-04,954.66000
2022-08-05,953.45000
2022-08-08,959.31000
2022-08-10,956.41000
2022-08-11,963.59000
2022-08-12,963.85000
2022-08-16,977.92000
2022-08-17,979.62000
2022-08-18,979.62000
2022-08-19,974.02000
2022-08-22,966.40000
2022-08-23,969.33000
2022-08-24,969.24000
2022-08-25,967.84000
2022-08-26,969.36000
2022-08-29,964.38000
2022-08-30,981.65000
2022-09-01,983.67000
2022-09-02,978.74000
2022-09-05,979.61000
2022-09-06,976.81000
2022-09-07,979.80000
2022-09-08,984.10000
2022-09-09,986.95000
2022-09-12,988.32000
2022-09-13,991.31000
2022-09-14,992.50000
2022-09-15,992.72000
2022-09-16,969.59000
2022-09-19,974.81000
2022-09-20,978.13000
2022-09-21,975.70000
2022-09-22,972.99000
2022-09-23,960.46000
2022-09-26,944.99000
2022-09-27,944.71000
2022-09-28,941.72000
2022-09-29,944.36000
2022-09-30,954.50000
2022-10-03,944.20000
2022-10-04,955.89000
2022-10-06,961.93000
2022-10-07,956.59000
2022-10-10,954.14000
2022-10-11,944.63000
2022-10-12,945.85000
2022-10-13,942.01000
2022-10-14,939.61000
2022-10-17,941.95000
2022-10-18,948.00000
2022-10-19,946.52000
2022-10-20,940.19000
2022-10-21,938.56000
2022-10-25,935.58000
2022-10-27,938.35000
2022-10-28,939.75000
2022-10-31,945.15000
2022-11-01,949.50000
2022-11-02,945.94000
2022-11-03,944.53000
2022-11-04,942.09000
2022-11-07,945.20000
2022-11-09,938.63000
2022-11-10,932.16000
2022-11-11,931.79000
2022-11-14,939.05000
2022-11-15,939.58000
2022-11-16,937.97000
2022-11-17,935.05000
2022-11-18,931.63000
2022-11-21,928.91000
2022-11-22,929.95000
2022-11-23,930.58000
2022-11-24,936.51000
2022-11-25,939.42000
2022-11-28,940.91000
2022-11-29,944.24000
2022-11-30,948.74000
2022-12-01,950.41000
2022-12-02,951.51000
2022-12-05,950.75000
2022-12-06,949.34000
2022-12-07,948.11000
2022-12-08,949.37000
2022-12-09,949.91000
2022-12-12,953.73000
2022-12-13,952.23000
2022-12-14,951.55000
2022-12-15,944.11000
2022-12-16,939.48000
2022-12-19,942.31000
2022-12-20,936.19000
2022-12-21,933.97000
2022-12-22,926.95000
2022-12-23,911.21000
2022-12-26,920.65000
2022-12-27,926.12000
2022-12-28,927.66000
2022-12-29,929.52000
2022-12-30,933.93000
2023-01-02,935.69000
2023-01-03,932.60000
2023-01-04,927.67000
2023-01-05,929.87000
2023-01-06,924.18000
2023-01-09,927.73000
2023-01-10,925.93000
2023-01-11,923.32000
2023-01-12,922.57000
2023-01-13,921.53000
2023-01-16,916.73000
2023-01-17,919.62000
2023-01-18,919.36000
2023-01-19,917.55000
2023-01-20,910.73000
2023-01-23,910.07000
2023-01-24,908.84000
2023-01-25,901.29000
2023-01-27,893.28000
2023-01-30,893.08000
2023-01-31,903.94000
2023-02-01,896.63000
2023-02-02,902.43000
2023-02-03,902.04000
2023-02-06,901.42000
2023-02-07,904.75000
2023-02-08,908.23000
2023-02-09,908.22000
2023-02-10,912.58000
2023-02-13,903.04000
2023-02-14,895.86000
2023-02-15,900.34000
2023-02-16,905.23000
2023-02-17,903.56000
2023-02-20,904.37000
2023-02-21,903.70000
2023-02-22,900.20000
2023-02-23,900.32000
2023-02-24,896.27000
2023-02-27,889.89000
2023-02-28,888.58000
2023-03-01,896.75000
2023-03-02,895.99000
2023-03-03,897.62000
2023-03-06,900.62000
2023-03-08,898.80000
2023-03-09,895.79000
2023-03-10,890.94000
2023-03-13,880.33000
2023-03-14,871.64000
2023-03-15,869.41000
2023-03-16,866.33000
2023-03-17,866.62000
2023-03-20,862.43000
2023-03-21,863.37000
2023-03-22,864.02000
2023-03-23,863.86000
2023-03-24,861.26000
2023-03-27,856.25000
2023-03-28,855.72000
2023-03-29,862.73000
2023-03-31,872.12000
2023-04-03,877.57000
2023-04-05,880.96000
2023-04-06,883.56000
2023-04-10,887.04000
2023-04-11,888.33000
2023-04-12,889.98000
2023-04-13,888.83000
2023-04-17,888.65000
2023-04-18,888.11000
2023-04-19,885.93000
2023-04-20,886.51000
2023-04-21,883.62000
2023-04-24,884.20000
2023-04-25,883.92000
2023-04-26,886.67000
2023-04-27,888.01000
2023-04-28,893.03000
2023-05-02,895.76000
2023-05-03,903.97000
2023-05-04,907.88000
2023-05-05,905.77000
2023-05-08,910.19000
2023-05-09,909.20000
2023-05-10,912.52000
2023-05-11,919.18000
2023-05-12,919.29000
2023-05-15,921.09000
2023-05-16,923.02000
2023-05-17,925.16000
2023-05-18,925.25000
2023-05-19,920.76000
2023-05-22,921.18000
2023-05-23,921.47000
2023-05-24,919.38000
2023-05-25,922.20000
2023-05-26,931.72000
2023-05-29,931.47000
2023-05-30,936.62000
2023-05-31,941.49000
2023-06-01,944.39000
2023-06-02,950.59000
2023-06-05,955.39000
2023-06-06,956.17000
2023-06-07,964.06000
2023-06-08,957.73000
2023-06-09,956.17000
2023-06-12,959.04000
2023-06-13,966.40000
2023-06-14,971.78000
2023-06-15,972.31000
2023-06-16,980.65000
2023-06-19,980.43000
2023-06-20,983.50000
2023-06-21,985.92000
2023-06-22,980.48000
2023-06-23,976.36000
2023-06-26,984.95000
2023-06-27,986.88000
2023-06-28,992.39000
2023-06-30,998.27000
2023-07-03,998.49000
2023-07-04,1001.63000
2023-07-05,1008.47000
2023-07-06,1011.32000
2023-07-07,1005.36000
2023-07-10,1002.41000
2023-07-11,1014.03000
2023-07-12,1016.17000
2023-07-13,1013.26000
2023-07-14,1020.84000
2023-07-17,1030.48000
2023-07-18,1028.12000
2023-07-19,1028.20000
2023-07-20,1028.48000
2023-07-21,1025.03000
2023-07-24,1021.08000
2023-07-25,1020.68000
2023-07-26,1022.60000
2023-07-27,1023.02000
2023-07-28,1025.52000
2023-07-31,1039.50000
2023-08-01,1042.94000
2023-08-02,1034.69000
2023-08-03,1030.23000
2023-08-04,1035.01000
2023-08-07,1031.32000
2023-08-08,1036.36000
2023-08-09,1037.90000
2023-08-10,1037.55000
2023-08-11,1038.03000
2023-08-14,1032.02000
2023-08-16,1038.36000
2023-08-17,1040.39000
2023-08-18,1039.23000
2023-08-21,1045.19000
2023-08-22,1047.44000
2023-08-23,1049.95000
2023-08-24,1054.42000
2023-08-25,1048.95000
2023-08-28,1051.00000
2023-08-29,1053.64000
2023-08-30,1058.68000
2023-08-31,1061.46000
2023-09-01,1062.85000
2023-09-04,1066.18000
2023-09-05,1074.34000
2023-09-06,1079.85000
2023-09-07,1085.01000
2023-09-08,1092.22000
2023-09-11,1099.29000
2023-09-12,1078.42000
2023-09-13,1075.63000
2023-09-14,1082.99000
2023-09-15,1091.03000
2023-09-18,1083.91000
2023-09-20,1081.00000
2023-09-21,1072.93000
2023-09-22,1072.74000
2023-09-25,1072.28000
2023-09-26,1070.97000
2023-09-27,1078.66000
2023-09-29,1073.93000
2023-10-03,1071.42000
2023-10-04,1066.66000
2023-10-05,1069.15000
2023-10-06,1071.56000
2023-10-09,1064.23000
2023-10-10,1070.97000
2023-10-11,1076.47000
2023-10-12,1080.22000
2023-10-13,1079.68000
2023-10-16,1077.35000
2023-10-17,1076.51000
2023-10-18,1073.62000
2023-10-19,1073.18000
2023-10-20,1066.57000
2023-10-23,1042.71000
2023-10-25,1039.89000
2023-10-26,1030.39000
2023-10-27,1040.44000
2023-10-30,1039.33000
2023-10-31,1041.19000
2023-11-01,1039.77000
2023-11-02,1042.09000
2023-11-03,1050.34000
2023-11-06,1055.33000
2023-11-07,1059.40000
2023-11-08,1066.02000
2023-11-09,1060.95000
2023-11-10,1065.73000
2023-11-13,1070.53000
2023-11-15,1079.16000
2023-11-16,1086.31000
2023-11-17,1087.82000
2023-11-20,1088.91000
2023-11-21,1092.95000
2023-11-22,1093.69000
2023-11-23,1095.25000
2023-11-24,1093.43000
2023-11-28,1093.91000
2023-11-29,1094.75000
2023-11-30,1101.02000
2023-12-01,1103.79000
2023-12-04,1110.09000
2023-12-05,1112.72000
2023-12-06,1113.62000
2023-12-07,1118.15000
2023-12-08,1112.94000
2023-12-11,1119.60000
2023-12-12,1112.01000
2023-12-13,1115.28000
2023-12-14,1119.75000
2023-12-15,1122.17000
2023-12-18,1124.71000
2023-12-19,1124.79000
2023-12-20,1106.79000
2023-12-21,1114.37000
2023-12-22,1125.46000
2023-12-26,1129.41000
2023-12-27,1135.23000
2023-12-28,1139.28000
2023-12-29,1149.88000
2024-01-01,1154.20000
2024-01-02,1152.62000
2024-01-03,1150.27000
2024-01-04,1154.62000
2024-01-05,1163.29000
2024-01-08,1155.14000
2024-01-09,1158.54000
2024-01-10,1164.44000
2024-01-11,1166.70000
2024-01-12,1170.08000
2024-01-15,1169.02000
2024-01-16,1166.18000
2024-01-17,1161.44000
2024-01-18,1156.36000
2024-01-19,1160.59000
2024-01-23,1136.68000
2024-01-24,1150.93000
2024-01-25,1144.56000
2024-01-29,1150.51000
2024-01-30,1150.55000
2024-01-31,1162.18000
2024-02-01,1162.28000
2024-02-02,1165.46000
2024-02-05,1162.63000
2024-02-06,1177.90000
2024-02-07,1176.04000
2024-02-08,1171.98000
2024-02-09,1168.66000
2024-02-12,1157.28000
2024-02-13,1154.99000
2024-02-14,1160.88000
2024-02-15,1167.17000
2024-02-16,1174.54000
2024-02-19,1187.05000
2024-02-20,1183.51000
2024-02-21,1176.74000
2024-02-22,1180.93000
2024-02-23,1182.62000
2024-02-26,1176.32000
2024-02-27,1174.81000
2024-02-28,1160.18000
2024-02-29,1161.01000
2024-03-01,1161.01000
2024-03-04,1159.96000
2024-03-05,1153.25000
2024-03-06,1147.90000
2024-03-07,1150.01000
2024-03-11,1142.88000
2024-03-12,1134.78000
2024-03-13,1104.76000
2024-03-14,1121.68000
2024-03-15,1122.13000
2024-03-18,1129.98000
2024-03-19,1120.31000
2024-03-20,1124.36000
2024-03-21,1135.60000
2024-03-22,1143.72000
2024-03-26,1139.23000
2024-03-27,1144.31000
2024-03-28,1152.97000
2024-03-31,1152.79000
2024-04-01,1169.68000
2024-04-02,1176.32000
2024-04-03,1181.88000
2024-04-04,1184.32000
2024-04-05,1189.15000
2024-04-08,1190.36000
2024-04-09,1182.77000
2024-04-10,1186.61000
2024-04-12,1185.78000
2024-04-15,1177.28000
2024-04-16,1180.88000
2024-04-18,1181.11000
2024-04-19,1178.03000
2024-04-22,1186.98000
2024-04-23,1192.39000
2024-04-24,1202.67000
2024-04-25,1202.15000
2024-04-26,1203.83000
2024-04-29,1207.33000
2024-04-30,1216.83000
2024-05-02,1220.63000
2024-05-03,1216.08000
2024-05-06,1213.18000
2024-05-07,1209.48000
2024-05-08,1217.55000
2024-05-09,1199.26000
2024-05-10,1208.13000
2024-05-13,1220.30000
2024-05-14,1230.12000
2024-05-15,1238.65000
2024-05-16,1259.21000
2024-05-17,1274.89000
2024-05-21,1279.24000
2024-05-22,1285.22000
2024-05-23,1294.21000
2024-05-24,1292.52000
2024-05-27,1290.94000
2024-05-28,1290.09000
2024-05-29,1293.02000
2024-05-30,1280.23000
2024-05-31,1281.39000
2024-06-03,1295.67000
2024-06-04,1251.71000
2024-06-05,1287.09000
2024-06-06,1305.54000
2024-06-07,1322.91000
2024-06-10,1335.18000
2024-06-11,1348.00000
2024-06-12,1354.97000
2024-06-13,1366.59000
2024-06-14,1383.77000
2024-06-18,1383.73000
2024-06-19,1372.97000
2024-06-20,1371.27000
2024-06-21,1374.33000
2024-06-24,1381.52000
2024-06-25,1377.39000
2024-06-26,1376.35000
2024-06-27,1384.37000
2024-06-28,1383.40000
2024-07-01,1392.11000
2024-07-02,1392.18000
2024-07-03,1394.01000
2024-07-04,1401.81000
2024-07-05,1402.28000
2024-07-08,1397.26000
2024-07-09,1405.75000
2024-07-10,1400.58000
2024-07-11,1399.07000
2024-07-12,1394.98000
2024-07-15,1402.71000
2024-07-16,1409.76000
2024-07-18,1401.27000
2024-07-19,1373.78000
2024-07-22,1381.39000
2024-07-23,1386.85000
2024-07-24,1396.87000
2024-07-25,1401.91000
2024-07-26,1412.55000
2024-07-29,1420.87000
2024-07-30,1426.73000
2024-07-31,1431.04000
2024-08-01,1426.04000
2024-08-02,1410.85000
2024-08-05,1376.30000
2024-08-06,1375.43000
2024-08-07,1393.23000
2024-08-08,1392.56000
2024-08-09,1392.10000
2024-08-12,1388.52000
2024-08-13,1375.47000
2024-08-14,1369.91000
2024-08-16,1388.45000
2024-08-19,1391.34000
2024-08-20,1395.56000
2024-08-21,1412.95000
2024-08-22,1411.64000
2024-08-23,1412.30000
2024-08-26,1413.30000
2024-08-27,1416.38000
2024-08-28,1412.83000
2024-08-29,1407.50000
2024-08-30,1415.77000
2024-09-02,1416.23000
2024-09-03,1425.21000
2024-09-04,1423.83000
2024-09-05,1430.00000
2024-09-06,1418.22000
2024-09-09,1418.07000
2024-09-10,1435.61000
2024-09-11,1433.23000
2024-09-12,1442.84000
2024-09-13,1448.80000
2024-09-16,1445.98000
2024-09-17,1449.31000
2024-09-18,1440.82000
2024-09-19,1437.07000
2024-09-20,1446.00000
2024-09-23,1457.67000
2024-09-24,1459.59000
2024-09-25,1457.49000
2024-09-26,1461.75000
2024-09-27,1465.60000
2024-09-30,1468.65000
2024-10-01,1477.27000
2024-10-03,1450.31000
2024-10-04,1439.21000
2024-10-07,1414.83000
2024-10-08,1438.54000
2024-10-09,1457.50000
2024-10-10,1458.48000
2024-10-11,1459.02000
2024-10-14,1459.10000
2024-10-15,1463.94000
2024-10-16,1468.03000
2024-10-17,1451.46000
2024-10-18,1448.07000
2024-10-21,1433.49000
2024-10-22,1404.18000
2024-10-23,1403.50000
2024-10-24,1387.97000
2024-10-25,1370.78000
2024-10-28,1372.21000
2024-10-29,1377.18000
2024-10-30,1383.77000
2024-10-31,1393.68000
2024-11-04,1389.11000
2024-11-05,1391.87000
2024-11-06,1407.76000
2024-11-07,1395.93000
2024-11-08,1387.54000
2024-11-11,1378.29000
2024-11-12,1361.63000
2024-11-13,1332.46000
2024-11-14,1332.42000
2024-11-18,1328.27000
2024-11-19,1331.23000
2024-11-21,1325.76000
2024-11-22,1336.95000
2024-11-25,1362.60000
2024-11-26,1360.93000
2024-11-27,1362.78000
2024-11-28,1357.89000
2024-11-29,1371.46000
2024-12-02,1375.88000
2024-12-03,1388.19000
2024-12-04,1390.08000
2024-12-05,1390.35000
2024-12-06,1390.79000
2024-12-09,1386.58000
2024-12-10,1390.94000
2024-12-11,1396.71000
2024-12-12,1388.72000
2024-12-13,1385.40000
2024-12-16,1387.45000
2024-12-17,1377.26000
2024-12-18,1369.38000
2024-12-19,1362.86000
2024-12-20,1341.87000
2024-12-23,1332.02000
2024-12-24,1337.16000
2024-12-26,1336.60000
2024-12-27,1336.60000
2024-12-30,1336.37000
2024-12-31,1347.53000
2025-01-01,1353.05000
2025-01-02,1365.03000
2025-01-03,1366.86000
2025-01-06,1340.89000
2025-01-07,1347.95000
2025-01-08,1335.49000
2025-01-09,1331.21000
2025-01-10,1311.20000
2025-01-13,1274.25000
2025-01-14,1281.42000
2025-01-15,1278.16000
2025-01-16,1285.95000
2025-01-17,1285.90000
2025-01-20,1286.14000
2025-01-21,1273.85000
2025-01-22,1263.66000
2025-01-23,1275.99000
2025-01-24,1260.96000
2025-01-27,1233.51000
2025-01-28,1221.93000
2025-01-29,1245.09000
2025-01-30,1246.07000
2025-01-31,1258.29000
2025-02-03,1254.28000
2025-02-04,1252.48000
2025-02-05,1255.85000
2025-02-06,1260.21000
2025-02-07,1252.44000
2025-02-10,1231.46000
2025-02-11,1207.71000
2025-02-12,1192.10000
2025-02-13,1186.15000
2025-02-14,1171.10000
2025-02-17,1171.87000
2025-02-18,1174.28000
2025-02-19,1183.16000
2025-02-20,1192.77000
2025-02-21,1188.10000
2025-02-24,1181.84000
2025-02-25,1181.96000
2025-02-27,1172.51000
2025-02-28,1146.47000
2025-03-03,1148.06000
2025-03-04,1155.15000
2025-03-05,1173.67000
2025-03-06,1188.04000
2025-03-07,1188.19000
2025-03-10,1176.06000
2025-03-11,1170.73000
2025-03-12,1165.07000
2025-03-13,1162.62000
2025-03-17,1165.25000
2025-03-18,1182.30000
2025-03-19,1191.82000
2025-03-20,1201.25000
2025-03-21,1210.99000
2025-03-24,1217.45000
2025-03-25,1206.87000
2025-03-26,1203.49000
2025-03-27,1201.62000
2025-03-28,1206.99000
2025-03-31,1206.85000
2025-04-01,1196.19000
2025-04-02,1202.71000
2025-04-03,1204.02000
2025-04-04,1173.98000
2025-04-07,1145.73000
2025-04-08,1166.33000
2025-04-09,1160.88000
2025-04-11,1177.47000
2025-04-15,1204.96000
2025-04-16,1211.21000
2025-04-17,1218.24000
2025-04-21,1226.83000
2025-04-22,1235.57000
2025-04-23,1245.55000
2025-04-24,1244.51000
2025-04-25,1222.38000
2025-04-28,1227.28000
2025-04-29,1229.29000
2025-04-30,1230.11000
2025-05-02,1231.80000
2025-05-05,1236.86000
2025-05-06,1226.52000
2025-05-07,1235.04000
2025-05-08,1229.33000
2025-05-09,1222.60000
2025-05-12,1252.11000
2025-05-13,1256.24000
2025-05-14,1271.26000
2025-05-15,1285.30000
2025-05-16,1297.16000
2025-05-19,1299.09000
2025-05-20,1292.48000
2025-05-21,1304.37000
2025-05-22,1301.73000
2025-05-23,1302.86000
2025-05-26,1311.55000
2025-05-27,1322.38000
2025-05-28,1322.06000
2025-05-29,1327.84000
2025-05-30,1331.07000
2025-06-02,1332.74000
2025-06-03,1330.27000
2025-06-04,1340.71000
2025-06-05,1348.12000
2025-06-06,1349.86000
2025-06-09,1356.05000
2025-06-10,1357.85000
2025-06-11,1357.77000
2025-06-12,1344.25000
2025-06-13,1340.19000
2025-06-16,1344.62000
2025-06-17,1346.44000
2025-06-18,1344.60000
2025-06-19,1330.69000
2025-06-20,1333.91000
2025-06-23,1332.27000
2025-06-24,1342.70000
2025-06-25,1354.61000
2025-06-26,1360.83000
2025-06-27,1368.77000
2025-06-30,1376.93000
2025-07-01,1370.22000
2025-07-02,1370.45000
2025-07-03,1380.87000
2025-07-04,1380.78000
2025-07-07,1383.47000
2025-07-08,1385.37000
2025-07-09,1387.25000
2025-07-10,1380.91000
2025-07-11,1378.93000
2025-07-14,1381.20000
2025-07-15,1391.94000
2025-07-16,1392.25000
2025-07-17,1399.58000
2025-07-18,1394.57000
2025-07-21,1396.90000
2025-07-22,1395.92000
2025-07-23,1401.06000
2025-07-24,1390.53000
2025-07-25,1372.49000
2025-07-28,1363.95000
2025-07-29,1370.93000
2025-07-30,1375.86000
2025-07-31,1375.82000
2025-08-01,1363.99000
2025-08-04,1363.71000
2025-08-05,1364.21000
2025-08-06,1348.70000
2025-08-07,1344.20000
2025-08-08,1334.52000
2025-08-11,1338.92000
2025-08-12,1337.87000
2025-08-13,1344.45000
2025-08-14,1345.15000
2025-08-18,1367.90000
2025-08-19,1382.02000
2025-08-20,1389.12000
2025-08-21,1390.11000
2025-08-22,1384.62000
2025-08-25,1383.18000
2025-08-26,1371.40000
2025-08-28,1362.29000
2025-08-29,1364.86000
2025-09-01,1374.66000
2025-09-02,1378.98000
2025-09-03,1383.22000
2025-09-04,1379.05000
2025-09-05,1376.76000
2025-09-08,1380.72000
2025-09-09,1386.80000
2025-09-10,1388.94000
2025-09-11,1388.98000
2025-09-12,1389.39000
2025-09-15,1391.04000
2025-09-16,1401.39000
2025-09-17,1404.80000
2025-09-18,1406.25000
2025-09-19,1408.13000
2025-09-22,1397.36000
2025-09-23,1390.75000
2025-09-24,1385.21000
2025-09-25,1375.31000
2025-09-26,1358.09000
2025-09-30,1357.37000
2025-10-01,1364.02000
2025-10-03,1371.40000
2025-10-06,1373.76000
2025-10-07,1375.29000
2025-10-08,1368.84000
2025-10-09,1369.04000
2025-10-10,1372.66000
2025-10-13,1365.89000
2025-10-14,1366.97000
2025-10-15,1374.21000
2025-10-16,1379.95000
2025-10-17,1381.79000
2025-10-20,1383.10000
2025-10-23,1385.58000
2025-10-24,1383.59000
2025-10-27,1387.34000
2025-10-28,1380.24000
2025-10-29,1387.07000
2025-10-30,1388.00000
2025-10-31,1380.84000
2025-11-03,1384.73000
2025-11-04,1378.46000
2025-11-06,1364.77000
2025-11-07,1354.94000
2025-11-10,1356.65000
2025-11-11,1352.40000
2025-11-12,1357.74000
2025-11-13,1356.11000
2025-11-14,1352.59000
2025-11-17,1360.59000
2025-11-18,1350.85000
2025-11-19,1352.43000
2025-11-20,1353.14000
2025-11-21,1344.05000
2025-11-24,1344.03000
2025-11-25,1341.57000
2025-11-26,1351.87000
2025-11-27,1346.37000
2025-11-28,1348.35000
2025-12-01,1349.95000
2025-12-02,1348.83000
2025-12-03,1343.09000
2025-12-04,1342.28000
2025-12-05,1338.57000
2025-12-08,1323.26000
2025-12-09,1325.03000
2025-12-10,1323.60000
2025-12-11,1329.23000
2025-12-12,1334.95000
2025-12-15,1336.53000
2025-12-16,1331.13000
2025-12-17,1324.44000
2025-12-18,1319.84000
2025-12-19,1328.85000
2025-12-22,1336.10000
2025-12-23,1333.63000
2025-12-24,1331.96000
2025-12-26,1327.09000
2025-12-29,1324.97000
2025-12-30,1324.61000
2025-12-31,1334.86000
2026-01-01,1334.78000
2026-01-02,1340.90000
2026-01-05,1341.60000
2026-01-06,1338.71000
2026-01-07,1334.65000
2026-01-08,1315.97000
2026-01-09,1303.77000
2026-01-12,1298.33000
2026-01-13,1301.51000
2026-01-14,1298.68000
2026-01-16,1296.75000
2026-01-19,1290.03000
2026-01-20,1266.88000
2026-01-21,1263.77000
2026-01-22,1271.37000
2026-01-23,1255.66000
2026-01-27,1250.77000
2026-01-28,1263.39000
2026-01-29,1262.34000
2026-01-30,1276.97000
2026-02-02,1270.48000
2026-02-03,1294.89000
2026-02-04,1293.37000
2026-02-05,1287.76000
2026-02-06,1288.95000
2026-02-09,1305.41000
2026-02-10,1317.79000
2026-02-11,1318.66000
2026-02-12,1306.59000
2026-02-13,1289.54000
2026-02-16,1289.71000
2026-02-17,1295.66000
2026-02-18,1301.90000
2026-02-19,1284.73000
2026-02-20,1288.72000
2026-02-23,1297.19000
2026-02-24,1291.32000
2026-02-25,1300.31000
2026-02-26,1302.40000
2026-02-27,1289.81000
2026-03-02,1266.35000
2026-03-04,1240.28000
2026-03-05,1248.82000
2026-03-06,1250.48000
2026-03-09,1222.93000
2026-03-10,1238.40000
2026-03-11,1225.11000
2026-03-12,1216.71000
2026-03-13,1192.33000
2026-03-16,1187.16000
2026-03-17,1190.91000
2026-03-18,1203.51000
2026-03-19,1174.34000
2026-03-20,1186.49000
2026-03-23,1151.20000
2026-03-24,1168.43000
2026-03-25,1186.30000
2026-03-27,1162.26000
2026-03-30,1143.42000
2026-03-31,1143.34000
2026-04-01,1169.92000
2026-04-02,1168.88000
2026-04-06,1174.65000
2026-04-07,1175.96000
2026-04-08,1210.43000
2026-04-09,1212.43000
2026-04-10,1232.69000
2026-04-13,1220.74000
2026-04-15,1242.55000
2026-04-16,1248.39000
2026-04-17,1268.16000
2026-04-20,1268.43000
2026-04-21,1279.42000
2026-04-22,1286.95000
2026-04-23,1279.28000
2026-04-24,1265.77000
2026-04-27,1280.57000
2026-04-28,1273.44000
2026-04-29,1277.69000
2026-04-30,1266.18000
2026-05-04,1278.04000
2026-05-05,1272.52000
2026-05-06,1283.29000
2026-05-07,1288.42000
2026-05-08,1287.61000
2026-05-11,1270.98000
2026-05-12,1246.52000
2026-05-13,1245.08000
2026-05-14,1251.92000
2026-05-15,1254.52000
2026-05-18,1249.13000
2026-05-19,1255.84000
2026-05-20,1256.54000
2026-05-21,1263.36000
2026-05-22,1265.74000
2026-05-25,1269.85000
2026-05-26,1275.63000
2026-05-27,1290.97000
2026-05-29,1273.68000
2026-06-01,1256.53000
2026-06-02,1260.00000
2026-06-03,1254.78000
2026-06-04,1254.89000
2026-06-05,1256.18000
2026-06-08,1241.52000
2026-06-09,1250.34000
2026-06-10,1248.68000
2026-06-11,1238.75000
2026-06-12,1252.97000
2026-06-15,1271.72000
2026-06-16,1276.27000
2026-06-17,1279.46000
2026-06-18,1286.53000
2026-06-19,1289.85000
2026-06-22,1291.86000
2026-06-23,1286.43000
2026-06-24,1283.57000
2026-06-25,1286.19000
2026-06-29,1272.87000
2026-06-30,1284.60000
2026-07-01,1290.90000
2026-07-02,1299.83000
2026-07-03,1303.65000
2026-07-06,1307.87000
2026-07-07,1305.44000
2026-07-08,1282.70000
2026-07-09,1289.42000
2026-07-10,1302.76000
2026-07-13,1302.79000
2026-07-14,1296.95000
2026-07-15,1301.00000
2026-07-16,1308.90000
2026-07-17,1303.54000
2026-07-20,1304.72000
2026-07-21,1309.72000
2026-07-22,1303.86000
2026-07-23,1291.51000
2026-07-24,1292.00000
2026-07-27,1304.68000
2026-07-28,1305.76000
2026-07-29,1318.09000
2026-07-30,1317.14000
2026-07-31,1316.12000
2026-08-03,1334.72000
2026-08-04,1332.47000
2026-08-05,1339.23000
2026-08-06,1337.53000
2026-08-07,1343.17000
2026-08-10,1345.44000
2026-08-11,1349.14000
2026-08-12,1348.53000
2026-08-13,1348.70000
2026-08-14,1348.06000
2026-08-17,1340.08000
2026-08-18,1335.60000
2026-08-19,1328.30000
2026-08-20,1334.37000
2026-08-21,1330.99000
2026-08-24,1331.89000
2026-08-25,1333.54000
2026-08-26,1334.74000
2026-08-27,1334.53000
2026-08-28,1333.87000
2026-08-31,1326.85000
2026-09-01,1316.01000
2026-09-02,1306.67000
2026-09-03,1307.92000
2026-09-04,1304.80000
2026-09-07,1301.82000
2026-09-08,1300.02000
2026-09-09,1293.67000
2026-09-10,1286.95000
2026-09-11,1278.71000
