Date,NAV
2006-04-02,11.02230
2006-04-03,11.02440
2006-04-04,11.02650
2006-04-05,11.02840
2006-04-06,11.03020
2006-04-07,11.03220
2006-04-09,11.03580
2006-04-10,11.03770
2006-04-11,11.03950
2006-04-12,11.04150
2006-04-13,11.04340
2006-04-16,11.04880
2006-04-17,11.05070
2006-04-18,11.05260
2006-04-19,11.05450
2006-04-20,11.05630
2006-04-21,11.05820
2006-04-23,11.06170
2006-04-24,11.06370
2006-04-25,11.06570
2006-04-26,11.06760
2006-04-27,11.06950
2006-04-28,11.07160
2006-05-01,11.07730
2006-05-02,11.07940
2006-05-03,11.08130
2006-05-04,11.08330
2006-05-05,11.08530
2006-05-07,11.08900
2006-05-08,11.09100
2006-05-09,11.09300
2006-05-10,11.09490
2006-05-11,11.09680
2006-05-12,11.09880
2006-05-14,11.10240
2006-05-15,11.10450
2006-05-16,11.10670
2006-05-17,11.10860
2006-05-18,11.11050
2006-05-19,11.11250
2006-05-21,11.11600
2006-05-22,11.11800
2006-05-23,11.12000
2006-05-24,11.12200
2006-05-25,11.12400
2006-05-26,11.12590
2006-05-28,11.12930
2006-05-29,11.13120
2006-05-30,11.13310
2006-05-31,11.13510
2006-06-01,11.13710
2006-06-02,11.13910
2006-06-04,11.14250
2006-06-05,11.14460
2006-06-06,11.14650
2006-06-07,11.14840
2006-06-08,11.15040
2006-06-09,11.15230
2006-06-11,11.15590
2006-06-12,11.15790
2006-06-13,11.15990
2006-06-14,11.16180
2006-06-15,11.16370
2006-06-16,11.16570
2006-06-18,11.16930
2006-06-19,11.17130
2006-06-20,11.17330
2006-06-21,11.17530
2006-06-22,11.17720
2006-06-23,11.17910
2006-06-25,11.18270
2006-06-26,11.18470
2006-06-27,11.18670
2006-06-28,11.18860
2006-06-29,11.19060
2006-06-30,11.19260
2006-07-02,11.19640
2006-07-03,11.19830
2006-07-04,11.20030
2006-07-05,11.20230
2006-07-06,11.20420
2006-07-07,11.20620
2006-07-09,11.20990
2006-07-10,11.21180
2006-07-11,11.21380
2006-07-12,11.21570
2006-07-13,11.21770
2006-07-14,11.21970
2006-07-16,11.22340
2006-07-17,11.22540
2006-07-18,11.22740
2006-07-19,11.22940
2006-07-20,11.23130
2006-07-21,11.23330
2006-07-23,11.23720
2006-07-24,11.23920
2006-07-25,11.24120
2006-07-26,11.24320
2006-07-27,11.24520
2006-07-28,11.24720
2006-07-30,11.25110
2006-07-31,11.25310
2006-08-01,11.25510
2006-08-02,11.25710
2006-08-03,11.25900
2006-08-04,11.26100
2006-08-06,11.26490
2006-08-07,11.26690
2006-08-08,11.26900
2006-08-09,11.27100
2006-08-10,11.27300
2006-08-11,11.27500
2006-08-13,11.27900
2006-08-14,11.28110
2006-08-15,11.28300
2006-08-16,11.28520
2006-08-17,11.28720
2006-08-18,11.28920
2006-08-20,11.29310
2006-08-21,11.29510
2006-08-22,11.29710
2006-08-23,11.29920
2006-08-24,11.30140
2006-08-25,11.30350
2006-08-27,11.30750
2006-08-28,11.30950
2006-08-29,11.31150
2006-08-30,11.31350
2006-08-31,11.31550
2006-09-01,11.31750
2006-09-03,11.32140
2006-09-04,11.32340
2006-09-05,11.32540
2006-09-06,11.32750
2006-09-07,11.32960
2006-09-08,11.33170
2006-09-10,11.33570
2006-09-11,11.33790
2006-09-12,11.34000
2006-09-13,11.34200
2006-09-14,11.34410
2006-09-15,11.34610
2006-09-17,11.35020
2006-09-18,11.35230
2006-09-19,11.35440
2006-09-20,11.35650
2006-09-21,11.35870
2006-09-22,11.36090
2006-09-24,11.36500
2006-09-25,11.36730
2006-09-26,11.36930
2006-09-27,11.37140
2006-09-28,11.37350
2006-09-29,11.37580
2006-10-02,11.38240
2006-10-03,11.38460
2006-10-04,11.38680
2006-10-05,11.38900
2006-10-06,11.39120
2006-10-08,11.39550
2006-10-09,11.39770
2006-10-10,11.39990
2006-10-11,11.40200
2006-10-12,11.40420
2006-10-13,11.40640
2006-10-15,11.41080
2006-10-16,11.41290
2006-10-17,11.41510
2006-10-18,11.41730
2006-10-19,11.41940
2006-10-20,11.42160
2006-10-22,11.42600
2006-10-23,11.42830
2006-10-25,11.43270
2006-10-26,11.43490
2006-10-27,11.43710
2006-10-29,11.44150
2006-10-30,11.44370
2006-10-31,11.44590
2006-11-01,11.44810
2006-11-02,11.45030
2006-11-03,11.45250
2006-11-05,11.45690
2006-11-06,11.45910
2006-11-07,11.46130
2006-11-08,11.46350
2006-11-09,11.46570
2006-11-10,11.46790
2006-11-12,11.47230
2006-11-13,11.47440
2006-11-14,11.47650
2006-11-15,11.47870
2006-11-16,11.48100
2006-11-17,11.48310
2006-11-19,11.48740
2006-11-20,11.48950
2006-11-21,11.49180
2006-11-22,11.49390
2006-11-23,11.49600
2006-11-24,11.49810
2006-11-26,11.50230
2006-11-27,11.50470
2006-11-28,11.50690
2006-11-29,11.50910
2006-11-30,11.51130
2006-12-01,11.51340
2006-12-03,11.51760
2006-12-04,11.51980
2006-12-05,11.52200
2006-12-06,11.52410
2006-12-07,11.52630
2006-12-08,11.52840
2006-12-10,11.53250
2006-12-11,11.53470
2006-12-12,11.53700
2006-12-13,11.53940
2006-12-14,11.54180
2006-12-15,11.54410
2006-12-17,11.54870
2006-12-18,11.55110
2006-12-19,11.55340
2006-12-20,11.55580
2006-12-21,11.55820
2006-12-22,11.56060
2006-12-25,11.56810
2006-12-26,11.57060
2006-12-27,11.57310
2006-12-28,11.57560
2006-12-29,11.57820
2007-01-01,11.58630
2007-01-02,11.58890
2007-01-03,11.59130
2007-01-04,11.59370
2007-01-05,11.59590
2007-01-07,11.60030
2007-01-08,11.60270
2007-01-09,11.60510
2007-01-10,11.60750
2007-01-11,11.60990
2007-01-12,11.61230
2007-01-14,11.61700
2007-01-15,11.61940
2007-01-16,11.62180
2007-01-17,11.62420
2007-01-18,11.62660
2007-01-19,11.62900
2007-01-21,11.63360
2007-01-22,11.63610
2007-01-23,11.63850
2007-01-24,11.64100
2007-01-25,11.64340
2007-01-28,11.65060
2007-01-29,11.65320
2007-01-30,11.65550
2007-01-31,11.65800
2007-02-01,11.66040
2007-02-02,11.66290
2007-02-04,11.66780
2007-02-05,11.67020
2007-02-06,11.67270
2007-02-07,11.67510
2007-02-08,11.67760
2007-02-09,11.68000
2007-02-11,11.68470
2007-02-12,11.68720
2007-02-13,11.68960
2007-02-14,11.69210
2007-02-15,11.69460
2007-02-18,11.70210
2007-02-19,11.70460
2007-02-20,11.70720
2007-02-21,11.70970
2007-02-22,11.71210
2007-02-23,11.71450
2007-02-25,11.71930
2007-02-26,11.72170
2007-02-27,11.72400
2007-02-28,11.72640
2007-03-01,11.72890
2007-03-02,11.73130
2007-03-04,11.73590
2007-03-05,11.73820
2007-03-06,11.74090
2007-03-07,11.74340
2007-03-08,11.74570
2007-03-09,11.74820
2007-03-11,11.75300
2007-03-12,11.75550
2007-03-13,11.75800
2007-03-14,11.76040
2007-03-15,11.76300
2007-03-16,11.76580
2007-03-18,11.77170
2007-03-19,11.77470
2007-03-20,11.77780
2007-03-21,11.78190
2007-03-22,11.78500
2007-03-23,11.78750
2007-03-25,11.79240
2007-03-26,11.79510
2007-03-27,11.79780
2007-03-28,11.80100
2007-03-29,11.80390
2007-03-30,11.80910
2007-04-01,11.82010
2007-04-02,11.82560
2007-04-03,11.82850
2007-04-04,11.83110
2007-04-05,11.83370
2007-04-06,11.83620
2007-04-08,11.84110
2007-04-09,11.84370
2007-04-10,11.84630
2007-04-11,11.84880
2007-04-12,11.85120
2007-04-13,11.85360
2007-04-15,11.85850
2007-04-16,11.86110
2007-04-17,11.86390
2007-04-18,11.86660
2007-04-19,11.86930
2007-04-20,11.87200
2007-04-22,11.87740
2007-04-23,11.88010
2007-04-24,11.88280
2007-04-25,11.88530
2007-04-26,11.88790
2007-04-27,11.89110
2007-04-29,11.89600
2007-04-30,11.89880
2007-05-02,11.90430
2007-05-03,11.90710
2007-05-04,11.90980
2007-05-06,11.91490
2007-05-07,11.91740
2007-05-08,11.91990
2007-05-09,11.92220
2007-05-10,11.92440
2007-05-11,11.92670
2007-05-13,11.93140
2007-05-14,11.93420
2007-05-15,11.93690
2007-05-16,11.93970
2007-05-17,11.94250
2007-05-18,11.94530
2007-05-20,11.95050
2007-05-21,11.95320
2007-05-22,11.95600
2007-05-23,11.95860
2007-05-24,11.96130
2007-05-25,11.96410
2007-05-27,11.96930
2007-05-28,11.97180
2007-05-29,11.97440
2007-05-30,11.97670
2007-05-31,11.97840
2007-06-01,11.97960
2007-06-03,11.98230
2007-06-04,11.98350
2007-06-05,11.98480
2007-06-06,11.98590
2007-06-07,11.98700
2007-06-08,11.98790
2007-06-10,11.99040
2007-06-11,11.99180
2007-06-12,11.99330
2007-06-13,11.99500
2007-06-14,11.99660
2007-06-15,11.99840
2007-06-17,12.00180
2007-06-18,12.00360
2007-06-19,12.00530
2007-06-20,12.00680
2007-06-21,12.00800
2007-06-22,12.00940
2007-06-24,12.01320
2007-06-25,12.01500
2007-06-26,12.01690
2007-06-27,12.01940
2007-06-28,12.02200
2007-06-29,12.02480
2007-07-01,12.02890
2007-07-02,12.03090
2007-07-03,12.03260
2007-07-04,12.03400
2007-07-05,12.03530
2007-07-06,12.03670
2007-07-08,12.04060
2007-07-09,12.04220
2007-07-10,12.04340
2007-07-11,12.04460
2007-07-12,12.04600
2007-07-13,12.04740
2007-07-15,12.05020
2007-07-16,12.05160
2007-07-17,12.05310
2007-07-18,12.05440
2007-07-19,12.05580
2007-07-20,12.05740
2007-07-22,12.06040
2007-07-23,12.06180
2007-07-24,12.06320
2007-07-25,12.06510
2007-07-26,12.06670
2007-07-27,12.06800
2007-07-29,12.07080
2007-07-30,12.07240
2007-07-31,12.07370
2007-08-01,12.07480
2007-08-02,12.07580
2007-08-03,12.07720
2007-08-05,12.08080
2007-08-06,12.08290
2007-08-07,12.08510
2007-08-08,12.08730
2007-08-09,12.08920
2007-08-10,12.09150
2007-08-12,12.09610
2007-08-13,12.09840
2007-08-14,12.10060
2007-08-15,12.10280
2007-08-16,12.10520
2007-08-17,12.10740
2007-08-19,12.11230
2007-08-20,12.11470
2007-08-21,12.11700
2007-08-22,12.11920
2007-08-23,12.12160
2007-08-24,12.12390
2007-08-26,12.12850
2007-08-27,12.13070
2007-08-28,12.13300
2007-08-29,12.13520
2007-08-30,12.13750
2007-08-31,12.13970
2007-09-02,12.14420
2007-09-03,12.14640
2007-09-04,12.14850
2007-09-05,12.15070
2007-09-06,12.15280
2007-09-07,12.15500
2007-09-09,12.15930
2007-09-10,12.16140
2007-09-11,12.16360
2007-09-12,12.16570
2007-09-13,12.16790
2007-09-14,12.17000
2007-09-16,12.17440
2007-09-17,12.17670
2007-09-18,12.17900
2007-09-19,12.18120
2007-09-20,12.18340
2007-09-21,12.18580
2007-09-23,12.19070
2007-09-24,12.19300
2007-09-25,12.19530
2007-09-26,12.19760
2007-09-27,12.19990
2007-09-28,12.20250
2007-09-30,12.20770
2007-10-01,12.21000
2007-10-02,12.21240
2007-10-03,12.21470
2007-10-04,12.21700
2007-10-05,12.21900
2007-10-07,12.22290
2007-10-08,12.22490
2007-10-09,12.22690
2007-10-10,12.22900
2007-10-11,12.23130
2007-10-12,12.23340
2007-10-14,12.23800
2007-10-15,12.24010
2007-10-16,12.24220
2007-10-17,12.24430
2007-10-18,12.24640
2007-10-19,12.24850
2007-10-21,12.25280
2007-10-22,12.25500
2007-10-23,12.25730
2007-10-24,12.25960
2007-10-25,12.26190
2007-10-26,12.26410
2007-10-28,12.26860
2007-10-29,12.27080
2007-10-30,12.27300
2007-10-31,12.27520
2007-11-01,12.27740
2007-11-02,12.27960
2007-11-04,12.28400
2007-11-05,12.28620
2007-11-06,12.28840
2007-11-07,12.29060
2007-11-08,12.29320
2007-11-11,12.30100
2007-11-12,12.30380
2007-11-13,12.30700
2007-11-14,12.31000
2007-11-15,12.31300
2007-11-16,12.31600
2007-11-18,12.32230
2007-11-19,12.32520
2007-11-20,12.32810
2007-11-21,12.33110
2007-11-22,12.33340
2007-11-23,12.33600
2007-11-25,12.34060
2007-11-26,12.34330
2007-11-27,12.34610
2007-11-28,12.34900
2007-11-29,12.35210
2007-11-30,12.35490
2007-12-02,12.36060
2007-12-03,12.36340
2007-12-04,12.36610
2007-12-05,12.36870
2007-12-06,12.37120
2007-12-07,12.37350
2007-12-09,12.37850
2007-12-10,12.38130
2007-12-11,12.38410
2007-12-12,12.38680
2007-12-13,12.38950
2007-12-14,12.39230
2007-12-16,12.39770
2007-12-17,12.40050
2007-12-18,12.40320
2007-12-19,12.40600
2007-12-20,12.40890
2007-12-23,12.41750
2007-12-24,12.42040
2007-12-25,12.42330
2007-12-26,12.42620
2007-12-27,12.42910
2007-12-28,12.43220
2007-12-30,12.43800
2007-12-31,12.44100
2008-01-01,12.44390
2008-01-02,12.44670
2008-01-03,12.44940
2008-01-04,12.45200
2008-01-06,12.45710
2008-01-07,12.45970
2008-01-08,12.46230
2008-01-09,12.46490
2008-01-10,12.46750
2008-01-11,12.47020
2008-01-13,12.47500
2008-01-14,12.47840
2008-01-15,12.48110
2008-01-16,12.48390
2008-01-17,12.48610
2008-01-18,12.48870
2008-01-20,12.49360
2008-01-21,12.49670
2008-01-22,12.49980
2008-01-23,12.50290
2008-01-24,12.50600
2008-01-25,12.50910
2008-01-27,12.51550
2008-01-28,12.51860
2008-01-29,12.52170
2008-01-30,12.52480
2008-01-31,12.52790
2008-02-01,12.53100
2008-02-03,12.53640
2008-02-04,12.53920
2008-02-05,12.54200
2008-02-06,12.54460
2008-02-07,12.54700
2008-02-08,12.54970
2008-02-10,12.55460
2008-02-11,12.55710
2008-02-12,12.55960
2008-02-13,12.56210
2008-02-14,12.56450
2008-02-15,12.56710
2008-02-17,12.57250
2008-02-18,12.57520
2008-02-19,12.57790
2008-02-20,12.58060
2008-02-21,12.58330
2008-02-22,12.58610
2008-02-24,12.59180
2008-02-25,12.59460
2008-02-26,12.59740
2008-02-27,12.60030
2008-02-28,12.60320
2008-02-29,12.60600
2008-03-02,12.61140
2008-03-03,12.61430
2008-03-04,12.61720
2008-03-05,12.61980
2008-03-06,12.62220
2008-03-07,12.62470
2008-03-09,12.62960
2008-03-10,12.63220
2008-03-11,12.63530
2008-03-12,12.63800
2008-03-13,12.64070
2008-03-14,12.64350
2008-03-16,12.64930
2008-03-17,12.65230
2008-03-18,12.65520
2008-03-19,12.65830
2008-03-23,12.67020
2008-03-24,12.67310
2008-03-25,12.67600
2008-03-26,12.67890
2008-03-27,12.68170
2008-03-28,12.68440
2008-03-30,12.68980
2008-03-31,12.69270
2008-04-01,12.69550
2008-04-02,12.69820
2008-04-03,12.70110
2008-04-04,12.70380
2008-04-06,12.70930
2008-04-07,12.71190
2008-04-08,12.71420
2008-04-09,12.71690
2008-04-10,12.71960
2008-04-11,12.72230
2008-04-14,12.73080
2008-04-15,12.73340
2008-04-16,12.73630
2008-04-17,12.73900
2008-04-20,12.74740
2008-04-21,12.75020
2008-04-22,12.75300
2008-04-23,12.75580
2008-04-24,12.75860
2008-04-25,12.76140
2008-04-27,12.76720
2008-04-28,12.77000
2008-04-29,12.77280
2008-04-30,12.77550
2008-05-01,12.77810
2008-05-02,12.78080
2008-05-04,12.78620
2008-05-05,12.78890
2008-05-06,12.79170
2008-05-07,12.79420
2008-05-08,12.79690
2008-05-09,12.79970
2008-05-11,12.80550
2008-05-12,12.80840
2008-05-13,12.81120
2008-05-14,12.81420
2008-05-15,12.81710
2008-05-16,12.82010
2008-05-19,12.82890
2008-05-20,12.83160
2008-05-21,12.83430
2008-05-22,12.83710
2008-05-23,12.83990
2008-05-25,12.84570
2008-05-26,12.84870
2008-05-27,12.85160
2008-05-28,12.85460
2008-05-29,12.85770
2008-05-30,12.86070
2008-06-01,12.86690
2008-06-02,12.86980
2008-06-03,12.87250
2008-06-04,12.87520
2008-06-05,12.87800
2008-06-06,12.88100
2008-06-08,12.88700
2008-06-09,12.89000
2008-06-10,12.89290
2008-06-11,12.89580
2008-06-12,12.89890
2008-06-13,12.90180
2008-06-15,12.90790
2008-06-16,12.91100
2008-06-17,12.91400
2008-06-18,12.91710
2008-06-19,12.91990
2008-06-20,12.92250
2008-06-22,12.92860
2008-06-23,12.93160
2008-06-24,12.93450
2008-06-25,12.93760
2008-06-26,12.94060
2008-06-27,12.94370
2008-06-29,12.94980
2008-06-30,12.95290
2008-07-01,12.95600
2008-07-02,12.95900
2008-07-03,12.96160
2008-07-04,12.96440
2008-07-06,12.97060
2008-07-07,12.97370
2008-07-08,12.97690
2008-07-09,12.98000
2008-07-10,12.98310
2008-07-11,12.98620
2008-07-13,12.99230
2008-07-14,12.99540
2008-07-15,12.99860
2008-07-16,13.00180
2008-07-17,13.00490
2008-07-18,13.00810
2008-07-20,13.01450
2008-07-21,13.01760
2008-07-22,13.02070
2008-07-23,13.02390
2008-07-24,13.02710
2008-07-25,13.03030
2008-07-27,13.03670
2008-07-28,13.03980
2008-07-29,13.04300
2008-07-30,13.04630
2008-07-31,13.04950
2008-08-01,13.05240
2008-08-03,13.05920
2008-08-04,13.06250
2008-08-05,13.06580
2008-08-06,13.06910
2008-08-07,13.07250
2008-08-08,13.07580
2008-08-10,13.08260
2008-08-11,13.08590
2008-08-12,13.08920
2008-08-13,13.09260
2008-08-14,13.09590
2008-08-17,13.10560
2008-08-18,13.10900
2008-08-19,13.11230
2008-08-20,13.11560
2008-08-21,13.11890
2008-08-22,13.12220
2008-08-24,13.12870
2008-08-25,13.13200
2008-08-26,13.13540
2008-08-27,13.13880
2008-08-28,13.14210
2008-08-29,13.14480
2008-08-31,13.15120
2008-09-01,13.15450
2008-09-02,13.15770
2008-09-03,13.16090
2008-09-04,13.16420
2008-09-05,13.16740
2008-09-07,13.17370
2008-09-08,13.17700
2008-09-09,13.18020
2008-09-10,13.18350
2008-09-11,13.18680
2008-09-12,13.18970
2008-09-14,13.19620
2008-09-15,13.19950
2008-09-16,13.20270
2008-09-17,13.20590
2008-09-18,13.20940
2008-09-19,13.21310
2008-09-21,13.21980
2008-09-22,13.22340
2008-09-23,13.22690
2008-09-24,13.23020
2008-09-25,13.23370
2008-09-26,13.23740
2008-09-28,13.24440
2008-09-29,13.24830
2008-09-30,13.25220
2008-10-01,13.25600
2008-10-02,13.26030
2008-10-03,13.26400
2008-10-05,13.27030
2008-10-06,13.27390
2008-10-07,13.27720
2008-10-08,13.28100
2008-10-09,13.28480
2008-10-10,13.28880
2008-10-12,13.29690
2008-10-13,13.30080
2008-10-14,13.30530
2008-10-15,13.30960
2008-10-16,13.31350
2008-10-17,13.31720
2008-10-19,13.32400
2008-10-20,13.32770
2008-10-21,13.33140
2008-10-22,13.33520
2008-10-23,13.33890
2008-10-24,13.34250
2008-10-26,13.35000
2008-10-27,13.35370
2008-10-28,13.35720
2008-10-29,13.36070
2008-10-30,13.36380
2008-10-31,13.36750
2008-11-02,13.37350
2008-11-03,13.37720
2008-11-04,13.38090
2008-11-05,13.38460
2008-11-06,13.38820
2008-11-07,13.39180
2008-11-09,13.39850
2008-11-10,13.40210
2008-11-11,13.40560
2008-11-12,13.40910
2008-11-13,13.41230
2008-11-14,13.41600
2008-11-16,13.42250
2008-11-17,13.42620
2008-11-18,13.42970
2008-11-19,13.43310
2008-11-20,13.43660
2008-11-21,13.43990
2008-11-23,13.44630
2008-11-24,13.44970
2008-11-25,13.45310
2008-11-26,13.45650
2008-11-27,13.45960
2008-11-28,13.46300
2008-11-30,13.46950
2008-12-01,13.47290
2008-12-02,13.47620
2008-12-03,13.47930
2008-12-04,13.48250
2008-12-05,13.48570
2008-12-07,13.49190
2008-12-08,13.49500
2008-12-09,13.49780
2008-12-10,13.50090
2008-12-11,13.50400
2008-12-12,13.50710
2008-12-14,13.51310
2008-12-15,13.51630
2008-12-16,13.51940
2008-12-17,13.52250
2008-12-18,13.52580
2008-12-19,13.52910
2008-12-21,13.53560
2008-12-22,13.53890
2008-12-23,13.54220
2008-12-24,13.54540
2008-12-25,13.54860
2008-12-26,13.55170
2008-12-28,13.55780
2008-12-29,13.56100
2008-12-30,13.56420
2008-12-31,13.56750
2009-01-01,13.57020
2009-01-02,13.57300
2009-01-04,13.57850
2009-01-05,13.58140
2009-01-06,13.58420
2009-01-07,13.58710
2009-01-08,13.59000
2009-01-09,13.59280
2009-01-11,13.59840
2009-01-12,13.60110
2009-01-13,13.60370
2009-01-14,13.60640
2009-01-15,13.60920
2009-01-16,13.61200
2009-01-18,13.61780
2009-01-19,13.62070
2009-01-20,13.62350
2009-01-21,13.62630
2009-01-22,13.62920
2009-01-23,13.63190
2009-01-26,13.63990
2009-01-27,13.64250
2009-01-28,13.64510
2009-01-29,13.64770
2009-01-30,13.65040
2009-02-01,13.65600
2009-02-02,13.65870
2009-02-03,13.66110
2009-02-04,13.66350
2009-02-05,13.66590
2009-02-06,13.66820
2009-02-08,13.67290
2009-02-09,13.67530
2009-02-10,13.67760
2009-02-11,13.68000
2009-02-12,13.68220
2009-02-13,13.68440
2009-02-15,13.68920
2009-02-16,13.69150
2009-02-17,13.69380
2009-02-18,13.69610
2009-02-19,13.69850
2009-02-20,13.70100
2009-02-23,13.70850
2009-02-24,13.71080
2009-02-25,13.71350
2009-02-26,13.71610
2009-02-27,13.71870
2009-03-01,13.72390
2009-03-02,13.72650
2009-03-03,13.72890
2009-03-04,13.73120
2009-03-05,13.73350
2009-03-06,13.73580
2009-03-08,13.74030
2009-03-09,13.74270
2009-03-11,13.74710
2009-03-12,13.74960
2009-03-13,13.75160
2009-03-15,13.75600
2009-03-16,13.75850
2009-03-17,13.76100
2009-03-18,13.76380
2009-03-19,13.76630
2009-03-20,13.76900
2009-03-22,13.77430
2009-03-23,13.77680
2009-03-24,13.77940
2009-03-25,13.78180
2009-03-26,13.78400
2009-03-27,13.78660
2009-03-29,13.79180
2009-03-30,13.79450
2009-03-31,13.79730
2009-04-01,13.80020
2009-04-02,13.80240
2009-04-03,13.80500
2009-04-05,13.80980
2009-04-06,13.81150
2009-04-07,13.81370
2009-04-08,13.81540
2009-04-09,13.81700
2009-04-10,13.81910
2009-04-12,13.82340
2009-04-13,13.82520
2009-04-14,13.82710
2009-04-15,13.82910
2009-04-16,13.83140
2009-04-17,13.83380
2009-04-19,13.83860
2009-04-20,13.84070
2009-04-21,13.84270
2009-04-22,13.84480
2009-04-23,13.84690
2009-04-24,13.84870
2009-04-26,13.85300
2009-04-27,13.85510
2009-04-28,13.85720
2009-04-29,13.85920
2009-05-03,13.86710
2009-05-04,13.86900
2009-05-05,13.87090
2009-05-06,13.87260
2009-05-07,13.87480
2009-05-08,13.87660
2009-05-10,13.88040
2009-05-11,13.88250
2009-05-12,13.88440
2009-05-13,13.88640
2009-05-14,13.88820
2009-05-15,13.89020
2009-05-17,13.89430
2009-05-18,13.89620
2009-05-19,13.89810
2009-05-20,13.89960
2009-05-21,13.90130
2009-05-22,13.90290
2009-05-24,13.90630
2009-05-25,13.90820
2009-05-26,13.91020
2009-05-27,13.91210
2009-05-28,13.91400
2009-05-29,13.91590
2009-05-31,13.91970
2009-06-01,13.92160
2009-06-02,13.92340
2009-06-03,13.92540
2009-06-04,13.92740
2009-06-05,13.92920
2009-06-07,13.93290
2009-06-08,13.93490
2009-06-09,13.93690
2009-06-10,13.93890
2009-06-11,13.94080
2009-06-12,13.94260
2009-06-14,13.94620
2009-06-15,13.94810
2009-06-16,13.94980
2009-06-17,13.95130
2009-06-18,13.95290
2009-06-19,13.95440
2009-06-21,13.95790
2009-06-22,13.95960
2009-06-23,13.96140
2009-06-24,13.96320
2009-06-25,13.96520
2009-06-26,13.96730
2009-06-28,13.97160
2009-06-29,13.97390
2009-06-30,13.97610
2009-07-01,13.97830
2009-07-02,13.97980
2009-07-03,13.98140
2009-07-05,13.98510
2009-07-06,13.98690
2009-07-07,13.98870
2009-07-08,13.99040
2009-07-09,13.99210
2009-07-10,13.99380
2009-07-12,13.99730
2009-07-13,13.99910
2009-07-14,14.00090
2009-07-15,14.00280
2009-07-16,14.00560
2009-07-17,14.00720
2009-07-19,14.01050
2009-07-20,14.01230
2009-07-21,14.01420
2009-07-22,14.01590
2009-07-23,14.01770
2009-07-24,14.01940
2009-07-26,14.02300
2009-07-27,14.02480
2009-07-28,14.02650
2009-07-29,14.02830
2009-07-30,14.03020
2009-07-31,14.03170
2009-08-02,14.03470
2009-08-03,14.03630
2009-08-04,14.03780
2009-08-05,14.03920
2009-08-06,14.04100
2009-08-07,14.04270
2009-08-09,14.04620
2009-08-10,14.04800
2009-08-11,14.04950
2009-08-12,14.05100
2009-08-13,14.05240
2009-08-14,14.05410
2009-08-16,14.05750
2009-08-17,14.05930
2009-08-18,14.06070
2009-08-19,14.06260
2009-08-20,14.06400
2009-08-21,14.06550
2009-08-23,14.06860
2009-08-24,14.07010
2009-08-25,14.07160
2009-08-26,14.07270
2009-08-27,14.07400
2009-08-28,14.07560
2009-08-30,14.07750
2009-08-31,14.07910
2009-09-01,14.08030
2009-09-02,14.08160
2009-09-03,14.08310
2009-09-04,14.08450
2009-09-06,14.08760
2009-09-07,14.08910
2009-09-08,14.09060
2009-09-09,14.09190
2009-09-10,14.09320
2009-09-11,14.09450
2009-09-13,14.09740
2009-09-14,14.09880
2009-09-15,14.10020
2009-09-16,14.10160
2009-09-17,14.10290
2009-09-18,14.10430
2009-09-21,14.10880
2009-09-22,14.11020
2009-09-23,14.11160
2009-09-24,14.11310
2009-09-25,14.11460
2009-09-28,14.11940
2009-09-29,14.12130
2009-09-30,14.12290
2009-10-01,14.12420
2009-10-04,14.12920
2009-10-05,14.13060
2009-10-06,14.13210
2009-10-07,14.13370
2009-10-08,14.13530
2009-10-09,14.13680
2009-10-11,14.13990
2009-10-12,14.14140
2009-10-13,14.14310
2009-10-14,14.14470
2009-10-15,14.14630
2009-10-16,14.14780
2009-10-19,14.15250
2009-10-20,14.15410
2009-10-21,14.15560
2009-10-22,14.15700
2009-10-23,14.15860
2009-10-25,14.16170
2009-10-26,14.16330
2009-10-27,14.16470
2009-10-28,14.16620
2009-10-29,14.16770
2009-10-30,14.16910
2009-11-02,14.17360
2009-11-03,14.17510
2009-11-04,14.17670
2009-11-05,14.17820
2009-11-06,14.17970
2009-11-08,14.18300
2009-11-09,14.18460
2009-11-10,14.18610
2009-11-11,14.18750
2009-11-12,14.18910
2009-11-13,14.19060
2009-11-15,14.19360
2009-11-16,14.19500
2009-11-17,14.19630
2009-11-18,14.19760
2009-11-19,14.19910
2009-11-20,14.20030
2009-11-22,14.20300
2009-11-23,14.20440
2009-11-24,14.20580
2009-11-25,14.20740
2009-11-26,14.20880
2009-11-27,14.21020
2009-11-29,14.21340
2009-11-30,14.21480
2009-12-01,14.21620
2009-12-02,14.21790
2009-12-03,14.21940
2009-12-04,14.22080
2009-12-06,14.22390
2009-12-07,14.22540
2009-12-08,14.22690
2009-12-09,14.22830
2009-12-10,14.22960
2009-12-11,14.23100
2009-12-13,14.23400
2009-12-14,14.23550
2009-12-15,14.23690
2009-12-16,14.23840
2009-12-17,14.23990
2009-12-18,14.24140
2009-12-20,14.24450
2009-12-21,14.24600
2009-12-22,14.24750
2009-12-23,14.24900
2009-12-24,14.25050
2009-12-28,14.25640
2009-12-29,14.25780
2009-12-30,14.25940
2009-12-31,14.26120
2010-01-01,14.26270
2010-01-03,14.26650
2010-01-04,14.26810
2010-01-05,14.26950
2010-01-06,14.27100
2010-01-07,14.27240
2010-01-08,14.27400
2010-01-10,14.27730
2010-01-11,14.27890
2010-01-12,14.28050
2010-01-13,14.28200
2010-01-14,14.28350
2010-01-15,14.28510
2010-01-17,14.28830
2010-01-18,14.28990
2010-01-19,14.29140
2010-01-20,14.29290
2010-01-21,14.29440
2010-01-22,14.29600
2010-01-24,14.29900
2010-01-25,14.30060
2010-01-26,14.30210
2010-01-27,14.30350
2010-01-28,14.30490
2010-01-29,14.30640
2010-01-31,14.30940
2010-02-01,14.31090
2010-02-02,14.31250
2010-02-03,14.31400
2010-02-04,14.31540
2010-02-05,14.31680
2010-02-07,14.32030
2010-02-08,14.32180
2010-02-09,14.32330
2010-02-10,14.32480
2010-02-11,14.32620
2010-02-14,14.33070
2010-02-15,14.33220
2010-02-16,14.33350
2010-02-17,14.33490
2010-02-18,14.33640
2010-02-19,14.33780
2010-02-21,14.34070
2010-02-22,14.34200
2010-02-23,14.34340
2010-02-24,14.34490
2010-02-25,14.34630
2010-02-26,14.34790
2010-03-01,14.35280
2010-03-02,14.35410
2010-03-03,14.35540
2010-03-04,14.35690
2010-03-05,14.35820
2010-03-07,14.36110
2010-03-08,14.36250
2010-03-09,14.36370
2010-03-10,14.36510
2010-03-11,14.36660
2010-03-12,14.36790
2010-03-14,14.37060
2010-03-15,14.37210
2010-03-16,14.37360
2010-03-17,14.37510
2010-03-18,14.37670
2010-03-19,14.37830
2010-03-21,14.38170
2010-03-22,14.38330
2010-03-23,14.38490
2010-03-24,14.38650
2010-03-25,14.38800
2010-03-26,14.38990
2010-03-28,14.39360
2010-03-29,14.39540
2010-03-30,14.39730
2010-03-31,14.39930
2010-04-01,14.40120
2010-04-04,14.40710
2010-04-05,14.40880
2010-04-06,14.41050
2010-04-07,14.41200
2010-04-08,14.41380
2010-04-09,14.41550
2010-04-11,14.41930
2010-04-12,14.42100
2010-04-13,14.42270
2010-04-14,14.42440
2010-04-15,14.42610
2010-04-16,14.42760
2010-04-18,14.43100
2010-04-19,14.43260
2010-04-20,14.43410
2010-04-21,14.43560
2010-04-22,14.43720
2010-04-23,14.43870
2010-04-25,14.44180
2010-04-26,14.44340
2010-04-27,14.44500
2010-04-28,14.44660
2010-04-29,14.44830
2010-04-30,14.44990
2010-05-02,14.45310
2010-05-03,14.45480
2010-05-04,14.45650
2010-05-05,14.45820
2010-05-06,14.46020
2010-05-07,14.46200
2010-05-09,14.46620
2010-05-10,14.46790
2010-05-11,14.46960
2010-05-12,14.47140
2010-05-13,14.47300
2010-05-14,14.47480
2010-05-16,14.47900
2010-05-17,14.48080
2010-05-18,14.48250
2010-05-19,14.48420
2010-05-20,14.48580
2010-05-21,14.48760
2010-05-23,14.49120
2010-05-24,14.49300
2010-05-25,14.49470
2010-05-26,14.49640
2010-05-27,14.49830
2010-05-28,14.50020
2010-05-30,14.50390
2010-05-31,14.50580
2010-06-01,14.50770
2010-06-02,14.50950
2010-06-03,14.51140
2010-06-04,14.51330
2010-06-06,14.51700
2010-06-07,14.51890
2010-06-08,14.52080
2010-06-09,14.52260
2010-06-10,14.52440
2010-06-11,14.52630
2010-06-13,14.52990
2010-06-14,14.53180
2010-06-15,14.53380
2010-06-16,14.53570
2010-06-17,14.53760
2010-06-18,14.53950
2010-06-20,14.54310
2010-06-21,14.54500
2010-06-22,14.54700
2010-06-23,14.54880
2010-06-24,14.55070
2010-06-25,14.55240
2010-06-27,14.55620
2010-06-28,14.55800
2010-06-29,14.55980
2010-06-30,14.56170
2010-07-01,14.56360
2010-07-02,14.56550
2010-07-04,14.56870
2010-07-05,14.57110
2010-07-06,14.57350
2010-07-07,14.57590
2010-07-08,14.57830
2010-07-09,14.58070
2010-07-11,14.58540
2010-07-12,14.58780
2010-07-13,14.59020
2010-07-14,14.59250
2010-07-15,14.59480
2010-07-16,14.59710
2010-07-18,14.60170
2010-07-19,14.60400
2010-07-20,14.60630
2010-07-21,14.60860
2010-07-22,14.61090
2010-07-23,14.61320
2010-07-25,14.61780
2010-07-26,14.62010
2010-07-27,14.62250
2010-07-28,14.62480
2010-07-29,14.62710
2010-07-30,14.62940
2010-08-01,14.63410
2010-08-02,14.63650
2010-08-03,14.63880
2010-08-04,14.64110
2010-08-05,14.64340
2010-08-06,14.64570
2010-08-08,14.65030
2010-08-09,14.65260
2010-08-10,14.65490
2010-08-11,14.65730
2010-08-12,14.65960
2010-08-13,14.66190
2010-08-15,14.66660
2010-08-16,14.66890
2010-08-17,14.67120
2010-08-18,14.67350
2010-08-19,14.67580
2010-08-20,14.67830
2010-08-22,14.68290
2010-08-23,14.68520
2010-08-24,14.68740
2010-08-25,14.68960
2010-08-26,14.69180
2010-08-27,14.69400
2010-08-29,14.69840
2010-08-30,14.70070
2010-08-31,14.70300
2010-09-01,14.70520
2010-09-02,14.70750
2010-09-03,14.70970
2010-09-05,14.71400
2010-09-06,14.71620
2010-09-07,14.71840
2010-09-08,14.72070
2010-09-09,14.72300
2010-09-12,14.72990
2010-09-13,14.73220
2010-09-14,14.73460
2010-09-15,14.73710
2010-09-16,14.73960
2010-09-17,14.74210
2010-09-19,14.74700
2010-09-20,14.74950
2010-09-21,14.75200
2010-09-22,14.75460
2010-09-23,14.75720
2010-09-24,14.75970
2010-09-26,14.76480
2010-09-27,14.76750
2010-09-28,14.77030
2010-09-29,14.77310
2010-09-30,14.77590
2010-10-01,14.77860
2010-10-03,14.78390
2010-10-04,14.78660
2010-10-05,14.78930
2010-10-06,14.79200
2010-10-07,14.79470
2010-10-08,14.79740
2010-10-10,14.80280
2010-10-11,14.80550
2010-10-12,14.80810
2010-10-13,14.81080
2010-10-14,14.81350
2010-10-15,14.81620
2010-10-17,14.82150
2010-10-18,14.82420
2010-10-19,14.82700
2010-10-20,14.82990
2010-10-21,14.83280
2010-10-22,14.83560
2010-10-24,14.84110
2010-10-25,14.84400
2010-10-26,14.84710
2010-10-27,14.85020
2010-10-28,14.85330
2010-10-29,14.85630
2010-10-31,14.86300
2010-11-01,14.86600
2010-11-02,14.86890
2010-11-03,14.87180
2010-11-04,14.87470
2010-11-07,14.88320
2010-11-08,14.88610
2010-11-09,14.88890
2010-11-10,14.89180
2010-11-11,14.89470
2010-11-12,14.89760
2010-11-14,14.90330
2010-11-15,14.90620
2010-11-16,14.90900
2010-11-17,14.91180
2010-11-18,14.91480
2010-11-19,14.91770
2010-11-21,14.92360
2010-11-22,14.92660
2010-11-23,14.92960
2010-11-24,14.93240
2010-11-25,14.93520
2010-11-26,14.93800
2010-11-28,14.94370
2010-11-29,14.94660
2010-11-30,14.94950
2010-12-01,14.95240
2010-12-02,14.95520
2010-12-03,14.95800
2010-12-05,14.96370
2010-12-06,14.96650
2010-12-07,14.96950
2010-12-08,14.97270
2010-12-09,14.97580
2010-12-10,14.97880
2010-12-12,14.98490
2010-12-13,14.98800
2010-12-14,14.99090
2010-12-15,14.99390
2010-12-16,14.99690
2010-12-19,15.00620
2010-12-20,15.00930
2010-12-21,15.01230
2010-12-22,15.01540
2010-12-23,15.01850
2010-12-24,15.02160
2010-12-26,15.02770
2010-12-27,15.03090
2010-12-28,15.03410
2010-12-29,15.03720
2010-12-30,15.04050
2010-12-31,15.04400
2011-01-02,15.05080
2011-01-03,15.05400
2011-01-04,15.05720
2011-01-05,15.06050
2011-01-06,15.06380
2011-01-07,15.06700
2011-01-09,15.07350
2011-01-10,15.07670
2011-01-11,15.07990
2011-01-12,15.08320
2011-01-13,15.08640
2011-01-14,15.08970
2011-01-16,15.09620
2011-01-17,15.09940
2011-01-18,15.10270
2011-01-19,15.10600
2011-01-20,15.10940
2011-01-21,15.11280
2011-01-23,15.11950
2011-01-24,15.12290
2011-01-25,15.12600
2011-01-26,15.12920
2011-01-27,15.13250
2011-01-28,15.13590
2011-01-30,15.14260
2011-01-31,15.14600
2011-02-01,15.14930
2011-02-02,15.15260
2011-02-03,15.15590
2011-02-04,15.15910
2011-02-06,15.16550
2011-02-07,15.16880
2011-02-08,15.17210
2011-02-09,15.17540
2011-02-10,15.17880
2011-02-11,15.18210
2011-02-13,15.18880
2011-02-14,15.19220
2011-02-15,15.19580
2011-02-16,15.19910
2011-02-17,15.20250
2011-02-18,15.20580
2011-02-20,15.21260
2011-02-21,15.21590
2011-02-22,15.21930
2011-02-23,15.22270
2011-02-24,15.22610
2011-02-25,15.22960
2011-02-27,15.23650
2011-02-28,15.23990
2011-03-01,15.24330
2011-03-02,15.24670
2011-03-03,15.25010
2011-03-04,15.25350
2011-03-06,15.26030
2011-03-07,15.26370
2011-03-08,15.26700
2011-03-09,15.27040
2011-03-10,15.27390
2011-03-11,15.27710
2011-03-13,15.28360
2011-03-14,15.28700
2011-03-15,15.29050
2011-03-16,15.29400
2011-03-17,15.29770
2011-03-18,15.30140
2011-03-20,15.30870
2011-03-21,15.31220
2011-03-22,15.31580
2011-03-23,15.31920
2011-03-24,15.32270
2011-03-25,15.32630
2011-03-27,15.33350
2011-03-28,15.33740
2011-03-29,15.34130
2011-03-30,15.34530
2011-03-31,15.34940
2011-04-01,15.35330
2011-04-03,15.36120
2011-04-04,15.36510
2011-04-05,15.36860
2011-04-06,15.37190
2011-04-07,15.37530
2011-04-08,15.37850
2011-04-10,15.38510
2011-04-11,15.38880
2011-04-12,15.39250
2011-04-13,15.39600
2011-04-14,15.39940
2011-04-15,15.40280
2011-04-17,15.40970
2011-04-18,15.41330
2011-04-19,15.41660
2011-04-20,15.42010
2011-04-21,15.42370
2011-04-24,15.43480
2011-04-25,15.43830
2011-04-26,15.44190
2011-04-27,15.44550
2011-04-28,15.44890
2011-04-29,15.45240
2011-05-01,15.45940
2011-05-02,15.46300
2011-05-03,15.46660
2011-05-04,15.47010
2011-05-05,15.47360
2011-05-06,15.47730
2011-05-08,15.48460
2011-05-09,15.48810
2011-05-10,15.49170
2011-05-11,15.49530
2011-05-12,15.49890
2011-05-13,15.50250
2011-05-15,15.50990
2011-05-16,15.51350
2011-05-17,15.51700
2011-05-18,15.52060
2011-05-19,15.52430
2011-05-20,15.52810
2011-05-22,15.53540
2011-05-23,15.53890
2011-05-24,15.54260
2011-05-25,15.54620
2011-05-26,15.54990
2011-05-27,15.55350
2011-05-29,15.56080
2011-05-30,15.56450
2011-05-31,15.56810
2011-06-01,15.57180
2011-06-02,15.57550
2011-06-03,15.57900
2011-06-05,15.58620
2011-06-06,15.58990
2011-06-07,15.59360
2011-06-08,15.59730
2011-06-09,15.60090
2011-06-10,15.60460
2011-06-12,15.61210
2011-06-13,15.61570
2011-06-14,15.61940
2011-06-15,15.62310
2011-06-16,15.62670
2011-06-17,15.63050
2011-06-19,15.63800
2011-06-20,15.64180
2011-06-21,15.64550
2011-06-22,15.64930
2011-06-23,15.65300
2011-06-24,15.65680
2011-06-26,15.66450
2011-06-27,15.66810
2011-06-28,15.67190
2011-06-29,15.67560
2011-06-30,15.67950
2011-07-01,15.68340
2011-07-03,15.69120
2011-07-04,15.69510
2011-07-05,15.69900
2011-07-06,15.70290
2011-07-07,15.70670
2011-07-08,15.71050
2011-07-10,15.71810
2011-07-11,15.72200
2011-07-12,15.72580
2011-07-13,15.72960
2011-07-14,15.73340
2011-07-15,15.73720
2011-07-17,15.74480
2011-07-18,15.74860
2011-07-19,15.75240
2011-07-20,15.75620
2011-07-21,15.76000
2011-07-22,15.76380
2011-07-24,15.77150
2011-07-25,15.77540
2011-07-26,15.77920
2011-07-27,15.78310
2011-07-28,15.78690
2011-07-29,15.79100
2011-07-31,15.79840
2011-08-01,15.80220
2011-08-02,15.80610
2011-08-03,15.80990
2011-08-04,15.81370
2011-08-05,15.81760
2011-08-07,15.82530
2011-08-08,15.82920
2011-08-09,15.83310
2011-08-10,15.83680
2011-08-11,15.84070
2011-08-12,15.84450
2011-08-15,15.85600
2011-08-16,15.85980
2011-08-17,15.86370
2011-08-18,15.86750
2011-08-19,15.87140
2011-08-21,15.87910
2011-08-22,15.88290
2011-08-23,15.88680
2011-08-24,15.89070
2011-08-25,15.89450
2011-08-26,15.89840
2011-08-28,15.90620
2011-08-29,15.91010
2011-08-30,15.91400
2011-09-01,15.92170
2011-09-02,15.92550
2011-09-04,15.93320
2011-09-05,15.93700
2011-09-06,15.94090
2011-09-07,15.94480
2011-09-08,15.94860
2011-09-09,15.95250
2011-09-11,15.96030
2011-09-12,15.96410
2011-09-13,15.96790
2011-09-14,15.97180
2011-09-15,15.97570
2011-09-16,15.97960
2011-09-18,15.98740
2011-09-19,15.99130
2011-09-20,15.99520
2011-09-21,15.99910
2011-09-22,16.00300
2011-09-23,16.00690
2011-09-25,16.01450
2011-09-26,16.01840
2011-09-27,16.02240
2011-09-28,16.02640
2011-09-29,16.03040
2011-09-30,16.03450
2011-10-02,16.04280
2011-10-03,16.04680
2011-10-04,16.05070
2011-10-05,16.05470
2011-10-06,16.05880
2011-10-07,16.06290
2011-10-09,16.07100
2011-10-10,16.07500
2011-10-11,16.07900
2011-10-12,16.08310
2011-10-13,16.08700
2011-10-14,16.09110
2011-10-16,16.09920
2011-10-17,16.10320
2011-10-18,16.10720
2011-10-19,16.11120
2011-10-20,16.11520
2011-10-21,16.11920
2011-10-23,16.12730
2011-10-24,16.13130
2011-10-25,16.13530
2011-10-27,16.14330
2011-10-28,16.14730
2011-10-30,16.15540
2011-10-31,16.15950
2011-11-01,16.16350
2011-11-02,16.16750
2011-11-03,16.17140
2011-11-04,16.17550
2011-11-07,16.18770
2011-11-08,16.19170
2011-11-09,16.19580
2011-11-10,16.19980
2011-11-11,16.20390
2011-11-13,16.21200
2011-11-14,16.21600
2011-11-15,16.22000
2011-11-16,16.22410
2011-11-17,16.22810
2011-11-18,16.23220
2011-11-20,16.24030
2011-11-21,16.24430
2011-11-22,16.24840
2011-11-23,16.25240
2011-11-24,16.25640
2011-11-25,16.26050
2011-11-27,16.26870
2011-11-28,16.27280
2011-11-29,16.27680
2011-11-30,16.28090
2011-12-01,16.28500
2011-12-02,16.28900
2011-12-04,16.29720
2011-12-05,16.30130
2011-12-06,16.30540
2011-12-07,16.30950
2011-12-08,16.31370
2011-12-09,16.31780
2011-12-11,16.32590
2011-12-12,16.33000
2011-12-13,16.33410
2011-12-14,16.33820
2011-12-15,16.34240
2011-12-16,16.34650
2011-12-18,16.35470
2011-12-19,16.35890
2011-12-20,16.36310
2011-12-21,16.36730
2011-12-22,16.37150
2011-12-23,16.37570
2011-12-25,16.38410
2011-12-26,16.38830
2011-12-27,16.39250
2011-12-28,16.39680
2011-12-29,16.40090
2011-12-30,16.40530
2012-01-01,16.41390
2012-01-02,16.41830
2012-01-03,16.42260
2012-01-04,16.42690
2012-01-05,16.43130
2012-01-06,16.43560
2012-01-08,16.44420
2012-01-09,16.44850
2012-01-10,16.45280
2012-01-11,16.45710
2012-01-12,16.46140
2012-01-13,16.46580
2012-01-15,16.47450
2012-01-16,16.47880
2012-01-17,16.48310
2012-01-18,16.48740
2012-01-19,16.49170
2012-01-20,16.49600
2012-01-22,16.50470
2012-01-23,16.50900
2012-01-24,16.51330
2012-01-25,16.51760
2012-01-26,16.52200
2012-01-27,16.52630
2012-01-29,16.53500
2012-01-30,16.53930
2012-01-31,16.54360
2012-02-01,16.54790
2012-02-02,16.55220
2012-02-03,16.55650
2012-02-05,16.56520
2012-02-06,16.56950
2012-02-07,16.57390
2012-02-08,16.57830
2012-02-09,16.58260
2012-02-10,16.58700
2012-02-12,16.59570
2012-02-13,16.60010
2012-02-14,16.60440
2012-02-15,16.60870
2012-02-16,16.61290
2012-02-17,16.61750
2012-02-20,16.63050
2012-02-21,16.63490
2012-02-22,16.63920
2012-02-23,16.64350
2012-02-24,16.64790
2012-02-26,16.65640
2012-02-27,16.66080
2012-02-28,16.66520
2012-02-29,16.66970
2012-03-01,16.67410
2012-03-02,16.67860
2012-03-04,16.68740
2012-03-05,16.69190
2012-03-06,16.69630
2012-03-07,16.70070
2012-03-08,16.70510
2012-03-09,16.70950
2012-03-11,16.71840
2012-03-12,16.72280
2012-03-13,16.72730
2012-03-14,16.73170
2012-03-15,16.73610
2012-03-16,16.74070
2012-03-18,16.74970
2012-03-19,16.75420
2012-03-20,16.75880
2012-03-21,16.76340
2012-03-22,16.76840
2012-03-23,16.77290
2012-03-25,16.78210
2012-03-26,16.78660
2012-03-27,16.79120
2012-03-28,16.79590
2012-03-29,16.80110
2012-03-30,16.80660
2012-04-01,16.81700
2012-04-02,16.82220
2012-04-03,16.82670
2012-04-04,16.83160
2012-04-08,16.85130
2012-04-09,16.85570
2012-04-10,16.86060
2012-04-11,16.86530
2012-04-12,16.87020
2012-04-13,16.87490
2012-04-15,16.88440
2012-04-16,16.88920
2012-04-17,16.89380
2012-04-18,16.89850
2012-04-19,16.90320
2012-04-20,16.90810
2012-04-22,16.91770
2012-04-23,16.92270
2012-04-24,16.92740
2012-04-25,16.93210
2012-04-26,16.93660
2012-04-27,16.94150
2012-04-29,16.95070
2012-04-30,16.95560
2012-05-01,16.96000
2012-05-02,16.96470
2012-05-03,16.96940
2012-05-04,16.97420
2012-05-06,16.98340
2012-05-07,16.98800
2012-05-08,16.99290
2012-05-09,16.99750
2012-05-10,17.00210
2012-05-11,17.00680
2012-05-13,17.01620
2012-05-14,17.02080
2012-05-15,17.02540
2012-05-16,17.03000
2012-05-17,17.03460
2012-05-18,17.03940
2012-05-20,17.04840
2012-05-21,17.05310
2012-05-22,17.05760
2012-05-23,17.06220
2012-05-24,17.06670
2012-05-25,17.07130
2012-05-27,17.08050
2012-05-28,17.08500
2012-05-29,17.08970
2012-05-30,17.09430
2012-05-31,17.09890
2012-06-01,17.10350
2012-06-03,17.11260
2012-06-04,17.11720
2012-06-05,17.12180
2012-06-06,17.12640
2012-06-07,17.13100
2012-06-08,17.13570
2012-06-10,17.14470
2012-06-11,17.14940
2012-06-12,17.15390
2012-06-13,17.15840
2012-06-14,17.16290
2012-06-15,17.16750
2012-06-17,17.17640
2012-06-18,17.18080
2012-06-19,17.18520
2012-06-20,17.18960
2012-06-21,17.19400
2012-06-22,17.19840
2012-06-24,17.20720
2012-06-25,17.21160
2012-06-26,17.21580
2012-06-27,17.22010
2012-06-28,17.22450
2012-06-29,17.22860
2012-07-01,17.23700
2012-07-02,17.24110
2012-07-03,17.24560
2012-07-04,17.25010
2012-07-05,17.25510
2012-07-06,17.25980
2012-07-08,17.26860
2012-07-09,17.27350
2012-07-10,17.27800
2012-07-11,17.28240
2012-07-12,17.28660
2012-07-13,17.29110
2012-07-15,17.29980
2012-07-16,17.30420
2012-07-17,17.30850
2012-07-18,17.31290
2012-07-19,17.31730
2012-07-20,17.32170
2012-07-22,17.33040
2012-07-23,17.33470
2012-07-24,17.33910
2012-07-25,17.34350
2012-07-26,17.34790
2012-07-27,17.35230
2012-07-29,17.36110
2012-07-30,17.36560
2012-07-31,17.37000
2012-08-01,17.37440
2012-08-02,17.37880
2012-08-03,17.38310
2012-08-05,17.39190
2012-08-06,17.39620
2012-08-07,17.40060
2012-08-08,17.40500
2012-08-09,17.40940
2012-08-10,17.41370
2012-08-12,17.42240
2012-08-13,17.42680
2012-08-14,17.43110
2012-08-15,17.43550
2012-08-16,17.43980
2012-08-17,17.44420
2012-08-20,17.45710
2012-08-21,17.46140
2012-08-22,17.46570
2012-08-23,17.47000
2012-08-24,17.47430
2012-08-26,17.48280
2012-08-27,17.48720
2012-08-28,17.49150
2012-08-29,17.49580
2012-08-30,17.50000
2012-08-31,17.50550
2012-09-02,17.51250
2012-09-03,17.51670
2012-09-04,17.52090
2012-09-05,17.52510
2012-09-06,17.52930
2012-09-07,17.53350
2012-09-09,17.54200
2012-09-10,17.54620
2012-09-11,17.55040
2012-09-12,17.55460
2012-09-13,17.55880
2012-09-14,17.56300
2012-09-16,17.57140
2012-09-17,17.57560
2012-09-18,17.57980
2012-09-19,17.58400
2012-09-20,17.58810
2012-09-21,17.59230
2012-09-23,17.60060
2012-09-24,17.60470
2012-09-25,17.60890
2012-09-26,17.61300
2012-09-27,17.61720
2012-09-28,17.62140
2012-09-30,17.62980
2012-10-01,17.63410
2012-10-02,17.63820
2012-10-03,17.64250
2012-10-04,17.64670
2012-10-05,17.65070
2012-10-07,17.65890
2012-10-08,17.66290
2012-10-09,17.66700
2012-10-10,17.67110
2012-10-11,17.67520
2012-10-12,17.67930
2012-10-14,17.68760
2012-10-15,17.69170
2012-10-16,17.69580
2012-10-17,17.69990
2012-10-18,17.70390
2012-10-19,17.70800
2012-10-21,17.71620
2012-10-22,17.72030
2012-10-23,17.72440
2012-10-24,17.72850
2012-10-25,17.73260
2012-10-26,17.73670
2012-10-28,17.74490
2012-10-29,17.74900
2012-10-30,17.75310
2012-10-31,17.75720
2012-11-01,17.76130
2012-11-02,17.76540
2012-11-04,17.77360
2012-11-05,17.77770
2012-11-06,17.78180
2012-11-07,17.78590
2012-11-08,17.79000
2012-11-09,17.79410
2012-11-11,17.80220
2012-11-12,17.80630
2012-11-14,17.81450
2012-11-15,17.81860
2012-11-16,17.82270
2012-11-18,17.83090
2012-11-19,17.83500
2012-11-20,17.83910
2012-11-21,17.84320
2012-11-22,17.84730
2012-11-23,17.85140
2012-11-25,17.85950
2012-11-26,17.86360
2012-11-27,17.86770
2012-11-28,17.87180
2012-11-29,17.87590
2012-11-30,17.88000
2012-12-02,17.88820
2012-12-03,17.89240
2012-12-04,17.89640
2012-12-05,17.90050
2012-12-06,17.90460
2012-12-07,17.90870
2012-12-09,17.91700
2012-12-10,17.92100
2012-12-11,17.92520
2012-12-12,17.92930
2012-12-13,17.93340
2012-12-14,17.93760
2012-12-16,17.94590
2012-12-17,17.95010
2012-12-18,17.95420
2012-12-19,17.95840
2012-12-20,17.96260
2012-12-21,17.96680
2012-12-23,17.97510
2012-12-24,17.97920
2012-12-25,17.98340
2012-12-26,17.98760
2012-12-27,17.99180
2012-12-28,17.99600
2012-12-30,18.00450
2012-12-31,18.00890
2013-01-01,18.01330
2013-01-02,18.01750
2013-01-03,18.02160
2013-01-04,18.02580
2013-01-06,18.03420
2013-01-07,18.03840
2013-01-08,18.04270
2013-01-09,18.04690
2013-01-10,18.05100
2013-01-11,18.05520
2013-01-13,18.06360
2013-01-14,18.06780
2013-01-15,18.07200
2013-01-16,18.07610
2013-01-17,18.08030
2013-01-18,18.08450
2013-01-20,18.09290
2013-01-21,18.09710
2013-01-22,18.10130
2013-01-23,18.10550
2013-01-24,18.10970
2013-01-25,18.11390
2013-01-27,18.12230
2013-01-28,18.12650
2013-01-29,18.13070
2013-01-30,18.13490
2013-01-31,18.13900
2013-02-01,18.14320
2013-02-03,18.15150
2013-02-04,18.15570
2013-02-05,18.15990
2013-02-06,18.16400
2013-02-07,18.16820
2013-02-08,18.17230
2013-02-10,18.18050
2013-02-11,18.18470
2013-02-12,18.18880
2013-02-13,18.19300
2013-02-14,18.19710
2013-02-15,18.20120
2013-02-17,18.20950
2013-02-18,18.21370
2013-02-19,18.21780
2013-02-20,18.22190
2013-02-21,18.22600
2013-02-22,18.23020
2013-02-24,18.23850
2013-02-25,18.24270
2013-02-26,18.24690
2013-02-27,18.25110
2013-02-28,18.25520
2013-03-01,18.25940
2013-03-03,18.26760
2013-03-04,18.27180
2013-03-05,18.27590
2013-03-06,18.28010
2013-03-07,18.28430
2013-03-08,18.28850
2013-03-10,18.29690
2013-03-11,18.30120
2013-03-12,18.30560
2013-03-13,18.30990
2013-03-14,18.31430
2013-03-15,18.31860
2013-03-17,18.32710
2013-03-18,18.33140
2013-03-19,18.33570
2013-03-20,18.34000
2013-03-21,18.34440
2013-03-22,18.34870
2013-03-24,18.35760
2013-03-25,18.36220
2013-03-26,18.36710
2013-03-27,18.37190
2013-03-28,18.37630
2013-03-31,18.39050
2013-04-01,18.39540
2013-04-02,18.40280
2013-04-03,18.40750
2013-04-04,18.41210
2013-04-05,18.41640
2013-04-07,18.42490
2013-04-08,18.42930
2013-04-09,18.43350
2013-04-10,18.43790
2013-04-11,18.44210
2013-04-12,18.44650
2013-04-14,18.45510
2013-04-15,18.45920
2013-04-16,18.46350
2013-04-17,18.46780
2013-04-18,18.47190
2013-04-21,18.48440
2013-04-22,18.48870
2013-04-23,18.49290
2013-04-24,18.49710
2013-04-25,18.50130
2013-04-26,18.50560
2013-04-28,18.51410
2013-04-29,18.51840
2013-04-30,18.52260
2013-05-01,18.52690
2013-05-02,18.53120
2013-05-03,18.53540
2013-05-05,18.54390
2013-05-06,18.54820
2013-05-07,18.55240
2013-05-08,18.55670
2013-05-09,18.56100
2013-05-10,18.56530
2013-05-12,18.57390
2013-05-13,18.57820
2013-05-14,18.58250
2013-05-15,18.58670
2013-05-16,18.59100
2013-05-17,18.59520
2013-05-19,18.60370
2013-05-20,18.60790
2013-05-21,18.61220
2013-05-22,18.61640
2013-05-23,18.62060
2013-05-24,18.62490
2013-05-26,18.63330
2013-05-27,18.63750
2013-05-28,18.64170
2013-05-29,18.64590
2013-05-30,18.65010
2013-05-31,18.65430
2013-06-02,18.66260
2013-06-03,18.66670
2013-06-04,18.67090
2013-06-05,18.67510
2013-06-06,18.67930
2013-06-07,18.68340
2013-06-09,18.69160
2013-06-10,18.69570
2013-06-11,18.69990
2013-06-12,18.70390
2013-06-13,18.70810
2013-06-14,18.71210
2013-06-16,18.72030
2013-06-17,18.72450
2013-06-18,18.72860
2013-06-19,18.73270
2013-06-20,18.73680
2013-06-21,18.74100
2013-06-23,18.74910
2013-06-24,18.75320
2013-06-25,18.75730
2013-06-26,18.76150
2013-06-27,18.76580
2013-06-28,18.77040
2013-06-30,18.77900
2013-07-01,18.78320
2013-07-02,18.78770
2013-07-03,18.79190
2013-07-04,18.79640
2013-07-05,18.80090
2013-07-07,18.80910
2013-07-08,18.81330
2013-07-09,18.81750
2013-07-10,18.82170
2013-07-11,18.82590
2013-07-12,18.83010
2013-07-14,18.83840
2013-07-15,18.84260
2013-07-16,18.80920
2013-07-17,18.81520
2013-07-18,18.82330
2013-07-19,18.82910
2013-07-21,18.83960
2013-07-22,18.84480
2013-07-23,18.84960
2013-07-24,18.83590
2013-07-25,18.84190
2013-07-26,18.84800
2013-07-28,18.85970
2013-07-29,18.86570
2013-07-30,18.87170
2013-07-31,18.87770
2013-08-01,18.88360
2013-08-02,18.88910
2013-08-04,18.90000
2013-08-05,18.90620
2013-08-06,18.91200
2013-08-07,18.91760
2013-08-08,18.92320
2013-08-11,18.94000
2013-08-12,18.94580
2013-08-13,18.95150
2013-08-14,18.95720
2013-08-15,18.96290
2013-08-16,18.96870
2013-08-18,18.98010
2013-08-19,18.98580
2013-08-20,18.99140
2013-08-21,18.99700
2013-08-22,19.00270
2013-08-23,19.00810
2013-08-25,19.01900
2013-08-26,19.02460
2013-08-27,19.03010
2013-08-28,19.03570
2013-08-29,19.04140
2013-08-30,19.04740
2013-09-01,19.05790
2013-09-02,19.06350
2013-09-03,19.06910
2013-09-04,19.07470
2013-09-05,19.08020
2013-09-06,19.08680
2013-09-09,19.10270
2013-09-10,19.10830
2013-09-11,19.11390
2013-09-12,19.11950
2013-09-13,19.12570
2013-09-15,19.13630
2013-09-16,19.14200
2013-09-17,19.14760
2013-09-18,19.15320
2013-09-19,19.15920
2013-09-20,19.16540
2013-09-22,19.17630
2013-09-23,19.18160
2013-09-24,19.18680
2013-09-25,19.19250
2013-09-26,19.19770
2013-09-27,19.20350
2013-09-29,19.21450
2013-09-30,19.22010
2013-10-01,19.22590
2013-10-02,19.23130
2013-10-03,19.23690
2013-10-04,19.24220
2013-10-06,19.25300
2013-10-07,19.25860
2013-10-08,19.26550
2013-10-09,19.27070
2013-10-10,19.27600
2013-10-11,19.28130
2013-10-13,19.29160
2013-10-14,19.29700
2013-10-15,19.30210
2013-10-16,19.30720
2013-10-17,19.31240
2013-10-18,19.31780
2013-10-20,19.32810
2013-10-21,19.33330
2013-10-22,19.33850
2013-10-23,19.34360
2013-10-24,19.34880
2013-10-25,19.35400
2013-10-27,19.36430
2013-10-28,19.36950
2013-10-29,19.37460
2013-10-30,19.37970
2013-10-31,19.38500
2013-11-01,19.39010
2013-11-04,19.40530
2013-11-05,19.41040
2013-11-06,19.41540
2013-11-07,19.42030
2013-11-08,19.42540
2013-11-10,19.43560
2013-11-11,19.44050
2013-11-12,19.44550
2013-11-13,19.45050
2013-11-14,19.45550
2013-11-17,19.47050
2013-11-18,19.47540
2013-11-19,19.48030
2013-11-20,19.48510
2013-11-21,19.49000
2013-11-22,19.49480
2013-11-24,19.50450
2013-11-25,19.50930
2013-11-26,19.51410
2013-11-27,19.51890
2013-11-28,19.52380
2013-11-29,19.52850
2013-12-01,19.53790
2013-12-02,19.54280
2013-12-03,19.54760
2013-12-04,19.55240
2013-12-05,19.55730
2013-12-06,19.56210
2013-12-08,19.57140
2013-12-09,19.57620
2013-12-10,19.58100
2013-12-11,19.58580
2013-12-12,19.59060
2013-12-13,19.59540
2013-12-15,19.60480
2013-12-16,19.60960
2013-12-17,19.61430
2013-12-18,19.61920
2013-12-19,19.62400
2013-12-20,19.62880
2013-12-22,19.63820
2013-12-23,19.64300
2013-12-24,19.64770
2013-12-25,19.65250
2013-12-26,19.65730
2013-12-27,19.66230
2013-12-29,19.67200
2013-12-30,19.67680
2013-12-31,19.68180
2014-01-01,19.68710
2014-01-02,19.69190
2014-01-03,19.69660
2014-01-05,19.70580
2014-01-06,19.71050
2014-01-07,19.71520
2014-01-08,19.72000
2014-01-09,19.72480
2014-01-10,19.72950
2014-01-12,19.73870
2014-01-13,19.74350
2014-01-14,19.74820
2014-01-15,19.75300
2014-01-16,19.75770
2014-01-17,19.76250
2014-01-19,19.77190
2014-01-20,19.77670
2014-01-21,19.78140
2014-01-22,19.78610
2014-01-23,19.79080
2014-01-24,19.79560
2014-01-26,19.80500
2014-01-27,19.80970
2014-01-28,19.81440
2014-01-29,19.81910
2014-01-30,19.82380
2014-01-31,19.82840
2014-02-02,19.83760
2014-02-03,19.84220
2014-02-04,19.84690
2014-02-05,19.85150
2014-02-06,19.85620
2014-02-07,19.86080
2014-02-09,19.87010
2014-02-10,19.87490
2014-02-11,19.87960
2014-02-12,19.88430
2014-02-13,19.88900
2014-02-14,19.89370
2014-02-16,19.90310
2014-02-17,19.90780
2014-02-18,19.91240
2014-02-19,19.91700
2014-02-20,19.92160
2014-02-21,19.92630
2014-02-23,19.93580
2014-02-24,19.94050
2014-02-25,19.94510
2014-02-26,19.94990
2014-02-27,19.95460
2014-02-28,19.95930
2014-03-02,19.96880
2014-03-03,19.97350
2014-03-04,19.97820
2014-03-05,19.98300
2014-03-06,19.98780
2014-03-07,19.99270
2014-03-09,20.00240
2014-03-10,20.00730
2014-03-11,20.01200
2014-03-12,20.01700
2014-03-13,20.02190
2014-03-14,20.02690
2014-03-17,20.04190
2014-03-18,20.04690
2014-03-19,20.05200
2014-03-20,20.05720
2014-03-21,20.06470
2014-03-23,20.07290
2014-03-24,20.07810
2014-03-25,20.08360
2014-03-26,20.08890
2014-03-27,20.09500
2014-03-28,20.10700
2014-03-30,20.11790
2014-03-31,20.12340
2014-04-01,20.12900
2014-04-02,20.13440
2014-04-03,20.13960
2014-04-04,20.14550
2014-04-06,20.15520
2014-04-07,20.16020
2014-04-08,20.16510
2014-04-09,20.17020
2014-04-10,20.17530
2014-04-11,20.18050
2014-04-14,20.19520
2014-04-15,20.20010
2014-04-16,20.20510
2014-04-17,20.21020
2014-04-20,20.22490
2014-04-21,20.23000
2014-04-22,20.23500
2014-04-23,20.24000
2014-04-24,20.24500
2014-04-25,20.25000
2014-04-27,20.26000
2014-04-28,20.26500
2014-04-29,20.27000
2014-04-30,20.27500
2014-05-01,20.28000
2014-05-02,20.28500
2014-05-04,20.29490
2014-05-05,20.29990
2014-05-06,20.30490
2014-05-07,20.30980
2014-05-08,20.31480
2014-05-09,20.31970
2014-05-11,20.32960
2014-05-12,20.33450
2014-05-13,20.33950
2014-05-14,20.34440
2014-05-15,20.34940
2014-05-16,20.35430
2014-05-18,20.36400
2014-05-19,20.36890
2014-05-20,20.37380
2014-05-21,20.37870
2014-05-22,20.38370
2014-05-23,20.38860
2014-05-25,20.39840
2014-05-26,20.40330
2014-05-27,20.40820
2014-05-28,20.41300
2014-05-29,20.41790
2014-05-30,20.42270
2014-06-01,20.43220
2014-06-02,20.43710
2014-06-03,20.44190
2014-06-04,20.44670
2014-06-05,20.45160
2014-06-06,20.45640
2014-06-08,20.46620
2014-06-09,20.47110
2014-06-10,20.47590
2014-06-11,20.48070
2014-06-12,20.48550
2014-06-13,20.49030
2014-06-15,20.50000
2014-06-16,20.50480
2014-06-17,20.50970
2014-06-18,20.51450
2014-06-19,20.51930
2014-06-20,20.52410
2014-06-22,20.53360
2014-06-23,20.53840
2014-06-24,20.54310
2014-06-25,20.54800
2014-06-26,20.55270
2014-06-27,20.55770
2014-06-29,20.56750
2014-06-30,20.57250
2014-07-01,20.57750
2014-07-02,20.58230
2014-07-03,20.58730
2014-07-04,20.59200
2014-07-06,20.60140
2014-07-07,20.60620
2014-07-08,20.61110
2014-07-09,20.61600
2014-07-10,20.62090
2014-07-11,20.62570
2014-07-13,20.63540
2014-07-14,20.64020
2014-07-15,20.64500
2014-07-16,20.64980
2014-07-17,20.65460
2014-07-18,20.65940
2014-07-20,20.66890
2014-07-21,20.67370
2014-07-22,20.67860
2014-07-23,20.68340
2014-07-24,20.68820
2014-07-25,20.69310
2014-07-27,20.70280
2014-07-28,20.70760
2014-07-29,20.71250
2014-07-30,20.71730
2014-07-31,20.72210
2014-08-01,20.72690
2014-08-03,20.73640
2014-08-04,20.74130
2014-08-05,20.74600
2014-08-06,20.75080
2014-08-07,20.75570
2014-08-08,20.76050
2014-08-10,20.77020
2014-08-11,20.77500
2014-08-12,20.77980
2014-08-13,20.78460
2014-08-14,20.78950
2014-08-17,20.80400
2014-08-18,20.80880
2014-08-19,20.81370
2014-08-20,20.81850
2014-08-21,20.82330
2014-08-22,20.82810
2014-08-24,20.83780
2014-08-25,20.84260
2014-08-26,20.84750
2014-08-27,20.85230
2014-08-28,20.85710
2014-08-31,20.87140
2014-09-01,20.87620
2014-09-02,20.88110
2014-09-03,20.88600
2014-09-04,20.89090
2014-09-05,20.89580
2014-09-07,20.90560
2014-09-08,20.91040
2014-09-09,20.91530
2014-09-10,20.92010
2014-09-11,20.92500
2014-09-12,20.92990
2014-09-14,20.93970
2014-09-15,20.94460
2014-09-16,20.94960
2014-09-17,20.95450
2014-09-18,20.95950
2014-09-19,20.96450
2014-09-21,20.97440
2014-09-22,20.97930
2014-09-23,20.98440
2014-09-24,20.98930
2014-09-25,20.99440
2014-09-26,20.99950
2014-09-28,21.00940
2014-09-29,21.01460
2014-09-30,21.01990
2014-10-01,21.02540
2014-10-06,21.05060
2014-10-07,21.05570
2014-10-08,21.06080
2014-10-09,21.06580
2014-10-10,21.07080
2014-10-12,21.08080
2014-10-13,21.08570
2014-10-14,21.09080
2014-10-15,21.09580
2014-10-16,21.10080
2014-10-17,21.10580
2014-10-19,21.11580
2014-10-20,21.12080
2014-10-21,21.12590
2014-10-22,21.13090
2014-10-26,21.15110
2014-10-27,21.15610
2014-10-28,21.16110
2014-10-29,21.16610
2014-10-30,21.17110
2014-10-31,21.17650
2014-11-02,21.18630
2014-11-03,21.19150
2014-11-04,21.19630
2014-11-05,21.20130
2014-11-06,21.20620
2014-11-07,21.21120
2014-11-09,21.22110
2014-11-10,21.22610
2014-11-11,21.23110
2014-11-12,21.23600
2014-11-13,21.24100
2014-11-14,21.24590
2014-11-16,21.25570
2014-11-17,21.26070
2014-11-18,21.26560
2014-11-19,21.27060
2014-11-20,21.27550
2014-11-21,21.28040
2014-11-23,21.29030
2014-11-24,21.29530
2014-11-25,21.30020
2014-11-26,21.30510
2014-11-27,21.31010
2014-11-28,21.31500
2014-11-30,21.32470
2014-12-01,21.32970
2014-12-02,21.33460
2014-12-03,21.33960
2014-12-04,21.34450
2014-12-05,21.34950
2014-12-07,21.35940
2014-12-08,21.36430
2014-12-09,21.36920
2014-12-10,21.37410
2014-12-11,21.37890
2014-12-12,21.38380
2014-12-14,21.39360
2014-12-15,21.39860
2014-12-16,21.40360
2014-12-17,21.40860
2014-12-18,21.41360
2014-12-19,21.41850
2014-12-21,21.42860
2014-12-22,21.43350
2014-12-23,21.43850
2014-12-24,21.44340
2014-12-25,21.44830
2014-12-26,21.45320
2014-12-28,21.46320
2014-12-29,21.46820
2014-12-30,21.47340
2014-12-31,21.47940
2015-01-01,21.48450
2015-01-02,21.48930
2015-01-04,21.49940
2015-01-05,21.50430
2015-01-06,21.50930
2015-01-07,21.51430
2015-01-08,21.51920
2015-01-09,21.52420
2015-01-11,21.53410
2015-01-12,21.53910
2015-01-13,21.54410
2015-01-14,21.54910
2015-01-15,21.55420
2015-01-16,21.55920
2015-01-18,21.56920
2015-01-19,21.57410
2015-01-20,21.57900
2015-01-21,21.58400
2015-01-22,21.58900
2015-01-23,21.59400
2015-01-26,21.60890
2015-01-27,21.61390
2015-01-28,21.61890
2015-01-29,21.62390
2015-01-30,21.62880
2015-02-01,21.63860
2015-02-02,21.64360
2015-02-03,21.64860
2015-02-04,21.65350
2015-02-05,21.65850
2015-02-06,21.66350
2015-02-08,21.67350
2015-02-09,21.67850
2015-02-10,21.68350
2015-02-11,21.68840
2015-02-12,21.69340
2015-02-13,21.69830
2015-02-15,21.70830
2015-02-16,21.71320
2015-02-17,21.71810
2015-02-18,21.72310
2015-02-19,21.72800
2015-02-20,21.73300
2015-02-22,21.74280
2015-02-23,21.74780
2015-02-24,21.75280
2015-02-25,21.75780
2015-02-26,21.76280
2015-02-27,21.76810
2015-03-01,21.77790
2015-03-02,21.78300
2015-03-03,21.78800
2015-03-04,21.79320
2015-03-05,21.79830
2015-03-08,21.81320
2015-03-09,21.81830
2015-03-10,21.82330
2015-03-11,21.82830
2015-03-12,21.83330
2015-03-13,21.83840
2015-03-15,21.84860
2015-03-16,21.85360
2015-03-17,21.85870
2015-03-18,21.86390
2015-03-19,21.86900
2015-03-20,21.87410
2015-03-22,21.88420
2015-03-23,21.88920
2015-03-24,21.89410
2015-03-25,21.89950
2015-03-26,21.90460
2015-03-27,21.91170
2015-03-29,21.92060
2015-03-30,21.92630
2015-03-31,21.94120
2015-04-01,21.94650
2015-04-05,21.96780
2015-04-06,21.97400
2015-04-07,21.97940
2015-04-08,21.98450
2015-04-09,21.98940
2015-04-10,21.99450
2015-04-12,22.00460
2015-04-13,22.00980
2015-04-14,22.01480
2015-04-15,22.01990
2015-04-16,22.02490
2015-04-17,22.02970
2015-04-19,22.03970
2015-04-20,22.04480
2015-04-21,22.04980
2015-04-22,22.05490
2015-04-23,22.06000
2015-04-24,22.06510
2015-04-26,22.07530
2015-04-27,22.08030
2015-04-28,22.08540
2015-04-29,22.09050
2015-04-30,22.09570
2015-05-03,22.11080
2015-05-04,22.11580
2015-05-05,22.12100
2015-05-06,22.12610
2015-05-07,22.13120
2015-05-08,22.13620
2015-05-10,22.14640
2015-05-11,22.15150
2015-05-12,22.15650
2015-05-13,22.16160
2015-05-14,22.16660
2015-05-15,22.17170
2015-05-17,22.18190
2015-05-18,22.18700
2015-05-19,22.19210
2015-05-20,22.19720
2015-05-21,22.20230
2015-05-22,22.20740
2015-05-24,22.21750
2015-05-25,22.22260
2015-05-26,22.22760
2015-05-27,22.23270
2015-05-28,22.23780
2015-05-29,22.24290
2015-05-31,22.25270
2015-06-01,22.25780
2015-06-02,22.26300
2015-06-03,22.26800
2015-06-04,22.27310
2015-06-05,22.27820
2015-06-07,22.28820
2015-06-08,22.29330
2015-06-09,22.29830
2015-06-10,22.30330
2015-06-11,22.30820
2015-06-12,22.31320
2015-06-14,22.32320
2015-06-15,22.32810
2015-06-16,22.33310
2015-06-17,22.33800
2015-06-18,22.34280
2015-06-19,22.34780
2015-06-21,22.35780
2015-06-22,22.36270
2015-06-23,22.36770
2015-06-24,22.37260
2015-06-25,22.37730
2015-06-26,22.38240
2015-06-28,22.39230
2015-06-29,22.39730
2015-06-30,22.40300
2015-07-01,22.40820
2015-07-02,22.41340
2015-07-03,22.41860
2015-07-05,22.42810
2015-07-06,22.43310
2015-07-07,22.43800
2015-07-08,22.44280
2015-07-09,22.44770
2015-07-10,22.45270
2015-07-12,22.46240
2015-07-13,22.46730
2015-07-14,22.47230
2015-07-15,22.47720
2015-07-16,22.48210
2015-07-17,22.48700
2015-07-19,22.49680
2015-07-20,22.50160
2015-07-21,22.50660
2015-07-22,22.51120
2015-07-23,22.51610
2015-07-24,22.52100
2015-07-26,22.53060
2015-07-27,22.53540
2015-07-28,22.54030
2015-07-29,22.54530
2015-07-30,22.55020
2015-07-31,22.55520
2015-08-02,22.56480
2015-08-03,22.56970
2015-08-04,22.57460
2015-08-05,22.57940
2015-08-06,22.58430
2015-08-07,22.58910
2015-08-09,22.59880
2015-08-10,22.60360
2015-08-11,22.60840
2015-08-12,22.61330
2015-08-13,22.61810
2015-08-14,22.62290
2015-08-16,22.63260
2015-08-17,22.63740
2015-08-18,22.64220
2015-08-19,22.64690
2015-08-20,22.65170
2015-08-21,22.65650
2015-08-23,22.66600
2015-08-24,22.67070
2015-08-25,22.67540
2015-08-26,22.68020
2015-08-27,22.68500
2015-08-28,22.68970
2015-08-30,22.69930
2015-08-31,22.70400
2015-09-01,22.70880
2015-09-02,22.71360
2015-09-03,22.71830
2015-09-04,22.72300
2015-09-06,22.73230
2015-09-07,22.73710
2015-09-08,22.74190
2015-09-09,22.74660
2015-09-10,22.75130
2015-09-11,22.75610
2015-09-13,22.76570
2015-09-14,22.77040
2015-09-15,22.77520
2015-09-16,22.78000
2015-09-17,22.78470
2015-09-18,22.78960
2015-09-20,22.79940
2015-09-21,22.80430
2015-09-22,22.80900
2015-09-23,22.81390
2015-09-24,22.81880
2015-09-27,22.83350
2015-09-28,22.83850
2015-09-29,22.84370
2015-09-30,22.85160
2015-10-01,22.85630
2015-10-04,22.87030
2015-10-05,22.87510
2015-10-06,22.88010
2015-10-07,22.88490
2015-10-08,22.88970
2015-10-09,22.89450
2015-10-11,22.90420
2015-10-12,22.90900
2015-10-13,22.91370
2015-10-14,22.91840
2015-10-15,22.92320
2015-10-16,22.92790
2015-10-18,22.93750
2015-10-19,22.94220
2015-10-20,22.94700
2015-10-21,22.95180
2015-10-22,22.95650
2015-10-23,22.96130
2015-10-25,22.97070
2015-10-26,22.97540
2015-10-27,22.98020
2015-10-28,22.98500
2015-10-29,22.98970
2015-10-30,22.99460
2015-11-01,23.00420
2015-11-02,23.00900
2015-11-03,23.01380
2015-11-04,23.01850
2015-11-05,23.02320
2015-11-06,23.02810
2015-11-08,23.03760
2015-11-09,23.04240
2015-11-10,23.04720
2015-11-12,23.05670
2015-11-13,23.06150
2015-11-15,23.07100
2015-11-16,23.07570
2015-11-17,23.08050
2015-11-18,23.08530
2015-11-19,23.09000
2015-11-20,23.09460
2015-11-22,23.10380
2015-11-23,23.10850
2015-11-24,23.11320
2015-11-25,23.11800
2015-11-26,23.12270
2015-11-27,23.12750
2015-11-29,23.13690
2015-11-30,23.14160
2015-12-01,23.14630
2015-12-02,23.15080
2015-12-03,23.15550
2015-12-04,23.16010
2015-12-06,23.16950
2015-12-07,23.17410
2015-12-08,23.17880
2015-12-09,23.18350
2015-12-10,23.18830
2015-12-11,23.19290
2015-12-13,23.20230
2015-12-14,23.20700
2015-12-15,23.21210
2015-12-16,23.21730
2015-12-17,23.22220
2015-12-18,23.22720
2015-12-20,23.23700
2015-12-21,23.24190
2015-12-22,23.24680
2015-12-23,23.25160
2015-12-27,23.27100
2015-12-28,23.27590
2015-12-29,23.28060
2015-12-30,23.28610
2015-12-31,23.29170
2016-01-01,23.29620
2016-01-03,23.30580
2016-01-04,23.31050
2016-01-05,23.31560
2016-01-06,23.32030
2016-01-07,23.32510
2016-01-08,23.32990
2016-01-10,23.33940
2016-01-11,23.34410
2016-01-12,23.34890
2016-01-13,23.35350
2016-01-14,23.35830
2016-01-15,23.36310
2016-01-17,23.37260
2016-01-18,23.37730
2016-01-19,23.38200
2016-01-20,23.38680
2016-01-21,23.39150
2016-01-22,23.39630
2016-01-24,23.40580
2016-01-25,23.41060
2016-01-26,23.41530
2016-01-27,23.42010
2016-01-28,23.42490
2016-01-29,23.42990
2016-01-31,23.43950
2016-02-01,23.44440
2016-02-02,23.44930
2016-02-03,23.45410
2016-02-04,23.45890
2016-02-05,23.46390
2016-02-07,23.47370
2016-02-08,23.47870
2016-02-09,23.48370
2016-02-10,23.48860
2016-02-11,23.49360
2016-02-12,23.49850
2016-02-14,23.50830
2016-02-15,23.51320
2016-02-16,23.51810
2016-02-17,23.52300
2016-02-18,23.52800
2016-02-19,23.53290
2016-02-21,23.54270
2016-02-22,23.54770
2016-02-23,23.55260
2016-02-24,23.55750
2016-02-25,23.56250
2016-02-26,23.56740
2016-02-28,23.57720
2016-02-29,23.58230
2016-03-01,23.58740
2016-03-02,23.59250
2016-03-03,23.59750
2016-03-04,23.60260
2016-03-07,23.61790
2016-03-08,23.62300
2016-03-09,23.62800
2016-03-10,23.63300
2016-03-11,23.63820
2016-03-13,23.64850
2016-03-14,23.65380
2016-03-15,23.65910
2016-03-16,23.66430
2016-03-17,23.66970
2016-03-18,23.67510
2016-03-20,23.68590
2016-03-21,23.69140
2016-03-22,23.69680
2016-03-23,23.70190
2016-03-27,23.72400
2016-03-28,23.72920
2016-03-29,23.73440
2016-03-30,23.74110
2016-03-31,23.76460
2016-04-01,23.76980
2016-04-03,23.78020
2016-04-04,23.78850
2016-04-05,23.79470
2016-04-06,23.79970
2016-04-07,23.80530
2016-04-08,23.81030
2016-04-10,23.82020
2016-04-11,23.82540
2016-04-12,23.83070
2016-04-13,23.83610
2016-04-17,23.85740
2016-04-18,23.86260
2016-04-19,23.86780
2016-04-20,23.87280
2016-04-21,23.87790
2016-04-22,23.88300
2016-04-24,23.89320
2016-04-25,23.89830
2016-04-26,23.90340
2016-04-27,23.90860
2016-04-28,23.91380
2016-04-29,23.91900
2016-05-01,23.92910
2016-05-02,23.93450
2016-05-03,23.93980
2016-05-04,23.94510
2016-05-05,23.95040
2016-05-06,23.95560
2016-05-08,23.96610
2016-05-09,23.97120
2016-05-10,23.97630
2016-05-11,23.98140
2016-05-12,23.98660
2016-05-13,23.99180
2016-05-15,24.00200
2016-05-16,24.00720
2016-05-17,24.01240
2016-05-18,24.01750
2016-05-19,24.02270
2016-05-20,24.02790
2016-05-22,24.03830
2016-05-23,24.04340
2016-05-24,24.04850
2016-05-25,24.05350
2016-05-26,24.05870
2016-05-27,24.06370
2016-05-29,24.07380
2016-05-30,24.07880
2016-05-31,24.08390
2016-06-01,24.08900
2016-06-02,24.09410
2016-06-03,24.09920
2016-06-05,24.10920
2016-06-06,24.11430
2016-06-07,24.11940
2016-06-08,24.12460
2016-06-09,24.12960
2016-06-10,24.13450
2016-06-12,24.14430
2016-06-13,24.14920
2016-06-14,24.15430
2016-06-15,24.15940
2016-06-16,24.16440
2016-06-17,24.16940
2016-06-19,24.17920
2016-06-20,24.18400
2016-06-21,24.18900
2016-06-22,24.19400
2016-06-23,24.19900
2016-06-24,24.20400
2016-06-26,24.21390
2016-06-27,24.21890
2016-06-28,24.22390
2016-06-29,24.22910
2016-06-30,24.23480
2016-07-01,24.24030
2016-07-03,24.25000
2016-07-04,24.25470
2016-07-05,24.25990
2016-07-06,24.26500
2016-07-07,24.27000
2016-07-08,24.27510
2016-07-10,24.28480
2016-07-11,24.28980
2016-07-12,24.29470
2016-07-13,24.29970
2016-07-14,24.30460
2016-07-15,24.30950
2016-07-17,24.31930
2016-07-18,24.32400
2016-07-19,24.32880
2016-07-20,24.33370
2016-07-21,24.33840
2016-07-22,24.34330
2016-07-24,24.35280
2016-07-25,24.35770
2016-07-26,24.36260
2016-07-27,24.36740
2016-07-28,24.37230
2016-07-29,24.37690
2016-07-31,24.38610
2016-08-01,24.39080
2016-08-02,24.39550
2016-08-03,24.40020
2016-08-04,24.40490
2016-08-05,24.40970
2016-08-07,24.41920
2016-08-08,24.42400
2016-08-09,24.42880
2016-08-10,24.43360
2016-08-11,24.43840
2016-08-12,24.44310
2016-08-15,24.45720
2016-08-16,24.46200
2016-08-17,24.46670
2016-08-18,24.47140
2016-08-19,24.47600
2016-08-21,24.48500
2016-08-22,24.48980
2016-08-23,24.49450
2016-08-24,24.49920
2016-08-25,24.50400
2016-08-26,24.50880
2016-08-28,24.51830
2016-08-29,24.52300
2016-08-30,24.52760
2016-08-31,24.53200
2016-09-01,24.53650
2016-09-02,24.54110
2016-09-05,24.55480
2016-09-06,24.55930
2016-09-07,24.56400
2016-09-08,24.56860
2016-09-09,24.57320
2016-09-11,24.58230
2016-09-12,24.58690
2016-09-13,24.59150
2016-09-14,24.59610
2016-09-15,24.60060
2016-09-16,24.60530
2016-09-18,24.61460
2016-09-19,24.61910
2016-09-20,24.62380
2016-09-21,24.62840
2016-09-22,24.63310
2016-09-23,24.63770
2016-09-25,24.64710
2016-09-26,24.65180
2016-09-27,24.65650
2016-09-28,24.66120
2016-09-29,24.66580
2016-09-30,24.67100
2016-10-02,24.68100
2016-10-03,24.68610
2016-10-04,24.69060
2016-10-05,24.69540
2016-10-06,24.70000
2016-10-07,24.70470
2016-10-09,24.71390
2016-10-10,24.71850
2016-10-12,24.72780
2016-10-13,24.73230
2016-10-14,24.73700
2016-10-16,24.74630
2016-10-17,24.75090
2016-10-18,24.75540
2016-10-19,24.75990
2016-10-20,24.76460
2016-10-21,24.76920
2016-10-23,24.77830
2016-10-24,24.78290
2016-10-25,24.78750
2016-10-26,24.79190
2016-10-27,24.79650
2016-10-28,24.80110
2016-10-31,24.81500
2016-11-01,24.81960
2016-11-02,24.82430
2016-11-03,24.82890
2016-11-04,24.83360
2016-11-06,24.84280
2016-11-07,24.84740
2016-11-08,24.85200
2016-11-09,24.85660
2016-11-10,24.86120
2016-11-11,24.86590
2016-11-14,24.87980
2016-11-15,24.88440
2016-11-16,24.88910
2016-11-17,24.89370
2016-11-18,24.89840
2016-11-20,24.90780
2016-11-21,24.91240
2016-11-22,24.91740
2016-11-23,24.92230
2016-11-24,24.92700
2016-11-25,24.93230
2016-11-27,24.94180
2016-11-28,24.94600
2016-11-29,24.95070
2016-11-30,24.95530
2016-12-01,24.95980
2016-12-02,24.96390
2016-12-04,24.97310
2016-12-05,24.97760
2016-12-06,24.98230
2016-12-07,24.98510
2016-12-08,24.98950
2016-12-09,24.99430
2016-12-11,25.00360
2016-12-12,25.00820
2016-12-13,25.01290
2016-12-14,25.01760
2016-12-15,25.02230
2016-12-16,25.02670
2016-12-18,25.03570
2016-12-19,25.04020
2016-12-20,25.04470
2016-12-21,25.04920
2016-12-22,25.05350
2016-12-23,25.05740
2016-12-25,25.06610
2016-12-26,25.07070
2016-12-27,25.07520
2016-12-28,25.08000
2016-12-29,25.08460
2016-12-30,25.08930
2017-01-01,25.09870
2017-01-02,25.10340
2017-01-03,25.10810
2017-01-04,25.11260
2017-01-05,25.11710
2017-01-06,25.12170
2017-01-08,25.13090
2017-01-09,25.13540
2017-01-10,25.13980
2017-01-11,25.14430
2017-01-12,25.14880
2017-01-13,25.15330
2017-01-15,25.16230
2017-01-16,25.16680
2017-01-17,25.17130
2017-01-18,25.17580
2017-01-19,25.18030
2017-01-20,25.18490
2017-01-22,25.19400
2017-01-23,25.19850
2017-01-24,25.20310
2017-01-25,25.20770
2017-01-26,25.21230
2017-01-27,25.21690
2017-01-29,25.22600
2017-01-30,25.23060
2017-01-31,25.23510
2017-02-01,25.23970
2017-02-02,25.24430
2017-02-03,25.24890
2017-02-05,25.25800
2017-02-06,25.26250
2017-02-07,25.26710
2017-02-08,25.27170
2017-02-09,25.27630
2017-02-10,25.28090
2017-02-12,25.29000
2017-02-13,25.29460
2017-02-14,25.29910
2017-02-15,25.30370
2017-02-16,25.30830
2017-02-17,25.31260
2017-02-19,25.32130
2017-02-20,25.32590
2017-02-21,25.33050
2017-02-22,25.33510
2017-02-23,25.33970
2017-02-26,25.35360
2017-02-27,25.35800
2017-02-28,25.36230
2017-03-01,25.36690
2017-03-02,25.37150
2017-03-03,25.37610
2017-03-05,25.38540
2017-03-06,25.38990
2017-03-07,25.39430
2017-03-08,25.39880
2017-03-09,25.40330
2017-03-10,25.40840
2017-03-13,25.42170
2017-03-14,25.42710
2017-03-15,25.43210
2017-03-16,25.43690
2017-03-17,25.44190
2017-03-19,25.45220
2017-03-20,25.45730
2017-03-21,25.46190
2017-03-22,25.46650
2017-03-23,25.47120
2017-03-24,25.47560
2017-03-26,25.48450
2017-03-27,25.48920
2017-03-28,25.49380
2017-03-29,25.49830
2017-03-30,25.50290
2017-03-31,25.51040
2017-04-02,25.51960
2017-04-03,25.52490
2017-04-04,25.52940
2017-04-05,25.53440
2017-04-06,25.53860
2017-04-07,25.54320
2017-04-09,25.55250
2017-04-10,25.55700
2017-04-11,25.56180
2017-04-12,25.56630
2017-04-13,25.57080
2017-04-16,25.58420
2017-04-17,25.58880
2017-04-18,25.59330
2017-04-19,25.59790
2017-04-20,25.60250
2017-04-21,25.60720
2017-04-23,25.61650
2017-04-24,25.62100
2017-04-25,25.62570
2017-04-26,25.63030
2017-04-27,25.63490
2017-04-28,25.63930
2017-05-01,25.65240
2017-05-02,25.65700
2017-05-03,25.66170
2017-05-04,25.66630
2017-05-05,25.67100
2017-05-07,25.68030
2017-05-08,25.68490
2017-05-09,25.68960
2017-05-10,25.69420
2017-05-11,25.69890
2017-05-12,25.70380
2017-05-14,25.71350
2017-05-15,25.71850
2017-05-16,25.72320
2017-05-17,25.72800
2017-05-18,25.73270
2017-05-19,25.73740
2017-05-21,25.74680
2017-05-22,25.75140
2017-05-23,25.75610
2017-05-24,25.76070
2017-05-25,25.76530
2017-05-26,25.76980
2017-05-28,25.77900
2017-05-29,25.78350
2017-05-30,25.78810
2017-05-31,25.79260
2017-06-01,25.79720
2017-06-02,25.80180
2017-06-04,25.81090
2017-06-05,25.81540
2017-06-06,25.82000
2017-06-07,25.82480
2017-06-08,25.82930
2017-06-09,25.83390
2017-06-11,25.84310
2017-06-12,25.84770
2017-06-13,25.85230
2017-06-14,25.85690
2017-06-15,25.86160
2017-06-16,25.86620
2017-06-18,25.87540
2017-06-19,25.88010
2017-06-20,25.88460
2017-06-21,25.88940
2017-06-22,25.89400
2017-06-23,25.89870
2017-06-26,25.91330
2017-06-27,25.91810
2017-06-28,25.92290
2017-06-29,25.92770
2017-06-30,25.93230
2017-07-02,25.94190
2017-07-03,25.94650
2017-07-04,25.95150
2017-07-05,25.95640
2017-07-06,25.96140
2017-07-07,25.96670
2017-07-09,25.97640
2017-07-10,25.98120
2017-07-11,25.98580
2017-07-12,25.99050
2017-07-13,25.99520
2017-07-14,25.99990
2017-07-16,26.00910
2017-07-17,26.01380
2017-07-18,26.01850
2017-07-19,26.02330
2017-07-20,26.02800
2017-07-21,26.03260
2017-07-23,26.04190
2017-07-24,26.04660
2017-07-25,26.05120
2017-07-26,26.05580
2017-07-27,26.06040
2017-07-28,26.06500
2017-07-30,26.07410
2017-07-31,26.07870
2017-08-01,26.08320
2017-08-02,26.08780
2017-08-03,26.09240
2017-08-04,26.09750
2017-08-06,26.10740
2017-08-07,26.11240
2017-08-08,26.11730
2017-08-09,26.12220
2017-08-10,26.12700
2017-08-11,26.13210
2017-08-13,26.14070
2017-08-14,26.14520
2017-08-15,26.14970
2017-08-16,26.15430
2017-08-17,26.15880
2017-08-18,26.16330
2017-08-20,26.17230
2017-08-21,26.17680
2017-08-22,26.18140
2017-08-23,26.18590
2017-08-24,26.19040
2017-08-27,26.20390
2017-08-28,26.20840
2017-08-29,26.21290
2017-08-30,26.21730
2017-08-31,26.22170
2017-09-01,26.22620
2017-09-03,26.23500
2017-09-04,26.23940
2017-09-05,26.24400
2017-09-06,26.24850
2017-09-07,26.25300
2017-09-08,26.25760
2017-09-10,26.26660
2017-09-11,26.27110
2017-09-12,26.27570
2017-09-13,26.28030
2017-09-14,26.28490
2017-09-15,26.28950
2017-09-17,26.29870
2017-09-18,26.30330
2017-09-19,26.30810
2017-09-20,26.31280
2017-09-21,26.31750
2017-09-22,26.32210
2017-09-24,26.33130
2017-09-25,26.33580
2017-09-26,26.34050
2017-09-27,26.34510
2017-09-28,26.34990
2017-09-29,26.35500
2017-10-02,26.36880
2017-10-03,26.37350
2017-10-04,26.37850
2017-10-05,26.38290
2017-10-06,26.38740
2017-10-08,26.39610
2017-10-09,26.40060
2017-10-10,26.40530
2017-10-11,26.41000
2017-10-12,26.41470
2017-10-13,26.41940
2017-10-15,26.42870
2017-10-16,26.43320
2017-10-17,26.43780
2017-10-18,26.44230
2017-10-22,26.46010
2017-10-23,26.46460
2017-10-24,26.46910
2017-10-25,26.47360
2017-10-26,26.47800
2017-10-27,26.48260
2017-10-29,26.49160
2017-10-30,26.49620
2017-10-31,26.50080
2017-11-01,26.50550
2017-11-02,26.51020
2017-11-03,26.51480
2017-11-05,26.52400
2017-11-06,26.52860
2017-11-07,26.53320
2017-11-08,26.53780
2017-11-09,26.54230
2017-11-10,26.54680
2017-11-12,26.55570
2017-11-13,26.56020
2017-11-14,26.56460
2017-11-15,26.56910
2017-11-16,26.57350
2017-11-17,26.57800
2017-11-19,26.58700
2017-11-20,26.59150
2017-11-21,26.59610
2017-11-22,26.60060
2017-11-23,26.60520
2017-11-24,26.60970
2017-11-26,26.61880
2017-11-27,26.62330
2017-11-28,26.62780
2017-11-29,26.63240
2017-11-30,26.63690
2017-12-01,26.64160
2017-12-03,26.65080
2017-12-04,26.65530
2017-12-05,26.65990
2017-12-06,26.66440
2017-12-07,26.66910
2017-12-08,26.67360
2017-12-10,26.68260
2017-12-11,26.68720
2017-12-12,26.69170
2017-12-13,26.69630
2017-12-14,26.70090
2017-12-15,26.70560
2017-12-17,26.71480
2017-12-18,26.71930
2017-12-19,26.72400
2017-12-20,26.72830
2017-12-21,26.73290
2017-12-22,26.73760
2017-12-25,26.75170
2017-12-26,26.75660
2017-12-27,26.76150
2017-12-28,26.76670
2017-12-29,26.77190
2017-12-31,26.78120
2018-01-01,26.78650
2018-01-02,26.79130
2018-01-03,26.79600
2018-01-04,26.80070
2018-01-05,26.80550
2018-01-07,26.81470
2018-01-08,26.81930
2018-01-09,26.82430
2018-01-10,26.82900
2018-01-11,26.83380
2018-01-12,26.83840
2018-01-14,26.84780
2018-01-15,26.85270
2018-01-16,26.85760
2018-01-17,26.86250
2018-01-18,26.86750
2018-01-19,26.87240
2018-01-21,26.88210
2018-01-22,26.88690
2018-01-23,26.89190
2018-01-24,26.89690
2018-01-25,26.90170
2018-01-28,26.91630
2018-01-29,26.92110
2018-01-30,26.92590
2018-01-31,26.93070
2018-02-01,26.93550
2018-02-02,26.94030
2018-02-04,26.94990
2018-02-05,26.95470
2018-02-06,26.95950
2018-02-07,26.96430
2018-02-08,26.96920
2018-02-09,26.97400
2018-02-11,26.98350
2018-02-12,26.98840
2018-02-13,26.99310
2018-02-14,26.99800
2018-02-15,27.00280
2018-02-16,27.00820
2018-02-18,27.01810
2018-02-19,27.02300
2018-02-20,27.02790
2018-02-21,27.03270
2018-02-22,27.03740
2018-02-23,27.04220
2018-02-25,27.05190
2018-02-26,27.05670
2018-02-27,27.06160
2018-02-28,27.06660
2018-03-01,27.07160
2018-03-04,27.08630
2018-03-05,27.09150
2018-03-06,27.09670
2018-03-07,27.10250
2018-03-08,27.10730
2018-03-09,27.11240
2018-03-11,27.12240
2018-03-12,27.12780
2018-03-13,27.13290
2018-03-14,27.13800
2018-03-15,27.14370
2018-03-16,27.14990
2018-03-18,27.15970
2018-03-19,27.16500
2018-03-20,27.17010
2018-03-21,27.17500
2018-03-22,27.18020
2018-03-23,27.18500
2018-03-25,27.19500
2018-03-26,27.20000
2018-03-27,27.20540
2018-03-28,27.22700
2018-03-31,27.24210
2018-04-01,27.24720
2018-04-02,27.25220
2018-04-03,27.25710
2018-04-04,27.26310
2018-04-05,27.26840
2018-04-06,27.27370
2018-04-08,27.28320
2018-04-09,27.28860
2018-04-10,27.29370
2018-04-11,27.29870
2018-04-12,27.30380
2018-04-13,27.30870
2018-04-15,27.31890
2018-04-16,27.32390
2018-04-17,27.32900
2018-04-18,27.33410
2018-04-19,27.33910
2018-04-20,27.34420
2018-04-22,27.35430
2018-04-23,27.35920
2018-04-24,27.36430
2018-04-25,27.36940
2018-04-26,27.37460
2018-04-27,27.37970
2018-04-29,27.38970
2018-04-30,27.39470
2018-05-01,27.39980
2018-05-02,27.40490
2018-05-03,27.40990
2018-05-04,27.41490
2018-05-06,27.42490
2018-05-07,27.43000
2018-05-08,27.43500
2018-05-09,27.43980
2018-05-10,27.44480
2018-05-11,27.44970
2018-05-13,27.45950
2018-05-14,27.46450
2018-05-15,27.46950
2018-05-16,27.47450
2018-05-17,27.47940
2018-05-18,27.48450
2018-05-20,27.49480
2018-05-21,27.49980
2018-05-22,27.50490
2018-05-23,27.51010
2018-05-24,27.51530
2018-05-25,27.52050
2018-05-27,27.53090
2018-05-28,27.53650
2018-05-29,27.54220
2018-05-30,27.54900
2018-05-31,27.55400
2018-06-01,27.55940
2018-06-03,27.57000
2018-06-04,27.57510
2018-06-05,27.58060
2018-06-06,27.58690
2018-06-07,27.59230
2018-06-08,27.59810
2018-06-10,27.60890
2018-06-11,27.61450
2018-06-12,27.62110
2018-06-13,27.62680
2018-06-14,27.63270
2018-06-15,27.63830
2018-06-17,27.64910
2018-06-18,27.65540
2018-06-19,27.66160
2018-06-20,27.66700
2018-06-21,27.67260
2018-06-22,27.67780
2018-06-24,27.68880
2018-06-25,27.69470
2018-06-26,27.70040
2018-06-27,27.70600
2018-06-28,27.71200
2018-06-29,27.71870
2018-07-01,27.73000
2018-07-02,27.73660
2018-07-03,27.74250
2018-07-04,27.74900
2018-07-05,27.75490
2018-07-06,27.76030
2018-07-08,27.77110
2018-07-09,27.77650
2018-07-10,27.78210
2018-07-11,27.78740
2018-07-12,27.79280
2018-07-13,27.79810
2018-07-15,27.80890
2018-07-16,27.81440
2018-07-17,27.81980
2018-07-18,27.82530
2018-07-19,27.83070
2018-07-20,27.83620
2018-07-22,27.84700
2018-07-23,27.85210
2018-07-24,27.85790
2018-07-25,27.86340
2018-07-26,27.86890
2018-07-27,27.87430
2018-07-29,27.88500
2018-07-30,27.89060
2018-07-31,27.89650
2018-08-01,27.90240
2018-08-02,27.90830
2018-08-03,27.91420
2018-08-05,27.92590
2018-08-06,27.93150
2018-08-07,27.93690
2018-08-08,27.94230
2018-08-09,27.94780
2018-08-10,27.95320
2018-08-12,27.96380
2018-08-13,27.96910
2018-08-14,27.97460
2018-08-15,27.98010
2018-08-16,27.98550
2018-08-17,27.99100
2018-08-19,28.00190
2018-08-20,28.00720
2018-08-21,28.01250
2018-08-22,28.01790
2018-08-23,28.02320
2018-08-24,28.02860
2018-08-26,28.03940
2018-08-27,28.04480
2018-08-28,28.05030
2018-08-29,28.05580
2018-08-30,28.06130
2018-08-31,28.06680
2018-09-02,28.07760
2018-09-03,28.08310
2018-09-04,28.08860
2018-09-05,28.09390
2018-09-06,28.09940
2018-09-07,28.10480
2018-09-09,28.11540
2018-09-10,28.12090
2018-09-11,28.12630
2018-09-12,28.13180
2018-09-13,28.13720
2018-09-16,28.15340
2018-09-17,28.15900
2018-09-18,28.16450
2018-09-19,28.17010
2018-09-20,28.17570
2018-09-23,28.19270
2018-09-24,28.19840
2018-09-25,28.20150
2018-09-26,28.20710
2018-09-27,28.21440
2018-09-30,28.23300
2018-10-02,28.24430
2018-10-03,28.24990
2018-10-04,28.25560
2018-10-05,28.26290
2018-10-07,28.27400
2018-10-08,28.27950
2018-10-09,28.28520
2018-10-10,28.29080
2018-10-11,28.29650
2018-10-12,28.30200
2018-10-14,28.31310
2018-10-15,28.31890
2018-10-16,28.32450
2018-10-18,28.33610
2018-10-19,28.34200
2018-10-21,28.35370
2018-10-22,28.35940
2018-10-23,28.36540
2018-10-24,28.37120
2018-10-25,28.37710
2018-10-28,28.39480
2018-10-29,28.40070
2018-10-30,28.40660
2018-10-31,28.41240
2018-11-01,28.41830
2018-11-04,28.43590
2018-11-05,28.44160
2018-11-06,28.44810
2018-11-08,28.45980
2018-11-11,28.47700
2018-11-12,28.48270
2018-11-13,28.48850
2018-11-14,28.49450
2018-11-15,28.50060
2018-11-18,28.51860
2018-11-19,28.52430
2018-11-20,28.53030
2018-11-21,28.53630
2018-11-22,28.54230
2018-11-25,28.56030
2018-11-26,28.56610
2018-11-27,28.57190
2018-11-28,28.57770
2018-11-29,28.58330
2018-12-02,28.59980
2018-12-03,28.60550
2018-12-04,28.61130
2018-12-05,28.61710
2018-12-06,28.62290
2018-12-09,28.64050
2018-12-10,28.64620
2018-12-11,28.65190
2018-12-12,28.65760
2018-12-13,28.66320
2018-12-14,28.67000
2018-12-16,28.68110
2018-12-17,28.68670
2018-12-18,28.69250
2018-12-19,28.69820
2018-12-20,28.70340
2018-12-21,28.70850
2018-12-23,28.72000
2018-12-24,28.72650
2018-12-25,28.73190
2018-12-26,28.73790
2018-12-27,28.74390
2018-12-28,28.74980
2018-12-30,28.76150
2018-12-31,28.76750
2019-01-01,28.77340
2019-01-02,28.77980
2019-01-03,28.78510
2019-01-04,28.79060
2019-01-06,28.80160
2019-01-07,28.80720
2019-01-08,28.81290
2019-01-09,28.81850
2019-01-10,28.82430
2019-01-11,28.82990
2019-01-13,28.84110
2019-01-14,28.84670
2019-01-15,28.85240
2019-01-16,28.85810
2019-01-17,28.86380
2019-01-18,28.86960
2019-01-20,28.88080
2019-01-21,28.88630
2019-01-22,28.89190
2019-01-23,28.89740
2019-01-24,28.90310
2019-01-25,28.90860
2019-01-27,28.91980
2019-01-28,28.92520
2019-01-29,28.93060
2019-01-30,28.93610
2019-01-31,28.94160
2019-02-01,28.94720
2019-02-03,28.95840
2019-02-04,28.96380
2019-02-05,28.96920
2019-02-06,28.97470
2019-02-07,28.98040
2019-02-08,28.98590
2019-02-10,28.99680
2019-02-11,29.00240
2019-02-12,29.00780
2019-02-13,29.01330
2019-02-14,29.01890
2019-02-15,29.02420
2019-02-17,29.03540
2019-02-18,29.04060
2019-02-19,29.04610
2019-02-20,29.05160
2019-02-21,29.05720
2019-02-22,29.06280
2019-02-24,29.07390
2019-02-25,29.07940
2019-02-26,29.08480
2019-02-27,29.09010
2019-02-28,29.09560
2019-03-01,29.10130
2019-03-04,29.11840
2019-03-05,29.12410
2019-03-06,29.12960
2019-03-07,29.13520
2019-03-08,29.14080
2019-03-10,29.15210
2019-03-11,29.15770
2019-03-12,29.16350
2019-03-13,29.16960
2019-03-14,29.17590
2019-03-15,29.18130
2019-03-17,29.19300
2019-03-18,29.19850
2019-03-19,29.20420
2019-03-20,29.20980
2019-03-21,29.21550
2019-03-22,29.22110
2019-03-24,29.23270
2019-03-25,29.23860
2019-03-26,29.24420
2019-03-27,29.25000
2019-03-28,29.25610
2019-03-29,29.27860
2019-03-31,29.29030
2019-04-01,29.29610
2019-04-02,29.30460
2019-04-03,29.31080
2019-04-04,29.31710
2019-04-05,29.32260
2019-04-07,29.33400
2019-04-08,29.33940
2019-04-09,29.34470
2019-04-10,29.35040
2019-04-11,29.35620
2019-04-12,29.36170
2019-04-14,29.37320
2019-04-15,29.37910
2019-04-16,29.38510
2019-04-17,29.39080
2019-04-18,29.39650
2019-04-21,29.41380
2019-04-22,29.41940
2019-04-23,29.42510
2019-04-24,29.43070
2019-04-25,29.43610
2019-04-26,29.44240
2019-04-29,29.45950
2019-04-30,29.46530
2019-05-01,29.47120
2019-05-02,29.47670
2019-05-03,29.48240
2019-05-05,29.49380
2019-05-06,29.49960
2019-05-07,29.50540
2019-05-08,29.51130
2019-05-09,29.51710
2019-05-10,29.52290
2019-05-12,29.53460
2019-05-13,29.54040
2019-05-14,29.54620
2019-05-15,29.55200
2019-05-16,29.55780
2019-05-17,29.56370
2019-05-19,29.57540
2019-05-20,29.58150
2019-05-21,29.58740
2019-05-22,29.59320
2019-05-23,29.59920
2019-05-24,29.60550
2019-05-26,29.61750
2019-05-27,29.62350
2019-05-28,29.62940
2019-05-29,29.63530
2019-05-30,29.64100
2019-05-31,29.64700
2019-06-02,29.65830
2019-06-03,29.66400
2019-06-04,29.66940
2019-06-05,29.67480
2019-06-06,29.68060
2019-06-07,29.68610
2019-06-09,29.69690
2019-06-10,29.70240
2019-06-11,29.70780
2019-06-12,29.71330
2019-06-13,29.71870
2019-06-14,29.72420
2019-06-16,29.73510
2019-06-17,29.74030
2019-06-18,29.74570
2019-06-19,29.75130
2019-06-20,29.75640
2019-06-21,29.76100
2019-06-23,29.77170
2019-06-24,29.77670
2019-06-25,29.78200
2019-06-26,29.78680
2019-06-27,29.79210
2019-06-28,29.79900
2019-06-30,29.81070
2019-07-01,29.81710
2019-07-02,29.82300
2019-07-03,29.82940
2019-07-04,29.83560
2019-07-05,29.84120
2019-07-07,29.85170
2019-07-08,29.85720
2019-07-09,29.86260
2019-07-10,29.86780
2019-07-11,29.87320
2019-07-12,29.87840
2019-07-14,29.88880
2019-07-15,29.89430
2019-07-16,29.89990
2019-07-17,29.90530
2019-07-18,29.91050
2019-07-19,29.91600
2019-07-21,29.92650
2019-07-22,29.93160
2019-07-23,29.93680
2019-07-24,29.94190
2019-07-25,29.94720
2019-07-26,29.95220
2019-07-28,29.96230
2019-07-29,29.96750
2019-07-30,29.97270
2019-07-31,29.97790
2019-08-01,29.98310
2019-08-02,29.98850
2019-08-04,29.99870
2019-08-05,30.00380
2019-08-06,30.00890
2019-08-07,30.01400
2019-08-08,30.01920
2019-08-09,30.02440
2019-08-12,30.03870
2019-08-13,30.04340
2019-08-14,30.04780
2019-08-15,30.05270
2019-08-16,30.05770
2019-08-18,30.06740
2019-08-19,30.07230
2019-08-20,30.07730
2019-08-21,30.08250
2019-08-22,30.08720
2019-08-23,30.09190
2019-08-25,30.10140
2019-08-26,30.10610
2019-08-27,30.11090
2019-08-28,30.11570
2019-08-29,30.12040
2019-08-30,30.12500
2019-09-02,30.13880
2019-09-03,30.14330
2019-09-04,30.14780
2019-09-05,30.15230
2019-09-06,30.15680
2019-09-08,30.16570
2019-09-09,30.17030
2019-09-10,30.17470
2019-09-11,30.17910
2019-09-12,30.18380
2019-09-13,30.18830
2019-09-15,30.19720
2019-09-16,30.20190
2019-09-17,30.20610
2019-09-18,30.21060
2019-09-19,30.21490
2019-09-20,30.21730
2019-09-22,30.22670
2019-09-23,30.23020
2019-09-24,30.23380
2019-09-25,30.23840
2019-09-26,30.24350
2019-09-27,30.24870
2019-09-29,30.25770
2019-09-30,30.26470
2019-10-01,30.27240
2019-10-02,30.27640
2019-10-03,30.28090
2019-10-04,30.28760
2019-10-06,30.29690
2019-10-07,30.30220
2019-10-08,30.30680
2019-10-09,30.31110
2019-10-10,30.31530
2019-10-11,30.32090
2019-10-13,30.32910
2019-10-14,30.33390
2019-10-15,30.33870
2019-10-16,30.34290
2019-10-17,30.34750
2019-10-18,30.35170
2019-10-21,30.36450
2019-10-22,30.36810
2019-10-23,30.37250
2019-10-24,30.37700
2019-10-25,30.38130
2019-10-28,30.39410
2019-10-29,30.39840
2019-10-30,30.40290
2019-10-31,30.40750
2019-11-01,30.41120
2019-11-03,30.42020
2019-11-04,30.42430
2019-11-05,30.42800
2019-11-06,30.43200
2019-11-07,30.43630
2019-11-08,30.44060
2019-11-10,30.44920
2019-11-11,30.45340
2019-11-12,30.45770
2019-11-13,30.46200
2019-11-14,30.46640
2019-11-15,30.47060
2019-11-17,30.47900
2019-11-18,30.48320
2019-11-19,30.48740
2019-11-20,30.49160
2019-11-21,30.49580
2019-11-22,30.50000
2019-11-24,30.50850
2019-11-25,30.51280
2019-11-26,30.51710
2019-11-27,30.52170
2019-11-28,30.52680
2019-11-29,30.53190
2019-12-01,30.54080
2019-12-02,30.54520
2019-12-03,30.54920
2019-12-04,30.55360
2019-12-05,30.55500
2019-12-06,30.56040
2019-12-08,30.56930
2019-12-09,30.57410
2019-12-10,30.57830
2019-12-11,30.58260
2019-12-12,30.58690
2019-12-13,30.59100
2019-12-15,30.59930
2019-12-16,30.60340
2019-12-17,30.60760
2019-12-18,30.61180
2019-12-19,30.61610
2019-12-20,30.61960
2019-12-22,30.62780
2019-12-23,30.63200
2019-12-24,30.63610
2019-12-25,30.64030
2019-12-26,30.64450
2019-12-27,30.64920
2019-12-29,30.65740
2019-12-30,30.66150
2019-12-31,30.66560
2020-01-01,30.66990
2020-01-02,30.67400
2020-01-03,30.67730
2020-01-05,30.68460
2020-01-06,30.68830
2020-01-07,30.69220
2020-01-08,30.69600
2020-01-09,30.70020
2020-01-10,30.70350
2020-01-12,30.71190
2020-01-13,30.71530
2020-01-14,30.71930
2020-01-15,30.72340
2020-01-16,30.72770
2020-01-17,30.73220
2020-01-19,30.74080
2020-01-20,30.74510
2020-01-21,30.74950
2020-01-22,30.75380
2020-01-23,30.75800
2020-01-24,30.76210
2020-01-26,30.77100
2020-01-27,30.77530
2020-01-28,30.77960
2020-01-29,30.78390
2020-01-30,30.78820
2020-01-31,30.79230
2020-02-02,30.80100
2020-02-03,30.80540
2020-02-04,30.80970
2020-02-05,30.81400
2020-02-06,30.81840
2020-02-07,30.82290
2020-02-09,30.83150
2020-02-10,30.83580
2020-02-11,30.84060
2020-02-12,30.84530
2020-02-13,30.85000
2020-02-14,30.85430
2020-02-16,30.86310
2020-02-17,30.86720
2020-02-18,30.87130
2020-02-19,30.87570
2020-02-23,30.89330
2020-02-24,30.89760
2020-02-25,30.90190
2020-02-26,30.90630
2020-02-27,30.90960
2020-03-01,30.92300
2020-03-02,30.92750
2020-03-03,30.93210
2020-03-04,30.93740
2020-03-05,30.94220
2020-03-06,30.94690
2020-03-08,30.95640
2020-03-10,30.96650
2020-03-11,30.97100
2020-03-12,30.97470
2020-03-15,30.98680
2020-03-16,30.99150
2020-03-17,30.99500
2020-03-18,30.99660
2020-03-19,30.99210
2020-03-20,30.99140
2020-03-22,31.00120
2020-03-23,30.97870
2020-03-24,30.97190
2020-03-25,30.97810
2020-03-26,30.99020
2020-03-27,31.04550
2020-03-29,31.05310
2020-03-30,31.05720
2020-03-31,31.06650
2020-04-01,31.06970
2020-04-02,31.07300
2020-04-03,31.08390
2020-04-06,31.09500
2020-04-07,31.09540
2020-04-08,31.09820
2020-04-09,31.10200
2020-04-12,31.11300
2020-04-13,31.11790
2020-04-14,31.12160
2020-04-15,31.12490
2020-04-16,31.12880
2020-04-17,31.13730
2020-04-19,31.14450
2020-04-20,31.15140
2020-04-21,31.15590
2020-04-22,31.16530
2020-04-23,31.16970
2020-04-24,31.17330
2020-04-26,31.18060
2020-04-27,31.18210
2020-04-28,31.18230
2020-04-29,31.18490
2020-04-30,31.18760
2020-05-03,31.19890
2020-05-04,31.20320
2020-05-05,31.20740
2020-05-06,31.21290
2020-05-07,31.21640
2020-05-08,31.22040
2020-05-10,31.22750
2020-05-11,31.23130
2020-05-12,31.23590
2020-05-13,31.24050
2020-05-14,31.24380
2020-05-15,31.24830
2020-05-17,31.25480
2020-05-18,31.25830
2020-05-19,31.26140
2020-05-20,31.26530
2020-05-21,31.26920
2020-05-22,31.27370
2020-05-25,31.28220
2020-05-26,31.28540
2020-05-27,31.28790
2020-05-28,31.28980
2020-05-29,31.29150
2020-05-31,31.29750
2020-06-01,31.30080
2020-06-02,31.30320
2020-06-03,31.30610
2020-06-04,31.30950
2020-06-05,31.31160
2020-06-07,31.31790
2020-06-08,31.32130
2020-06-09,31.32460
2020-06-10,31.32790
2020-06-11,31.33140
2020-06-12,31.33620
2020-06-14,31.34190
2020-06-15,31.34520
2020-06-16,31.34800
2020-06-17,31.35130
2020-06-18,31.35450
2020-06-19,31.35810
2020-06-21,31.36370
2020-06-22,31.36730
2020-06-23,31.37020
2020-06-24,31.37320
2020-06-25,31.37670
2020-06-26,31.37970
2020-06-28,31.38510
2020-06-29,31.38750
2020-06-30,31.39120
2020-07-01,31.39540
2020-07-02,31.39810
2020-07-03,31.40050
2020-07-05,31.40580
2020-07-06,31.40750
2020-07-07,31.41010
2020-07-08,31.41300
2020-07-09,31.41630
2020-07-10,31.41870
2020-07-12,31.42410
2020-07-13,31.42740
2020-07-14,31.43000
2020-07-15,31.43320
2020-07-16,31.43510
2020-07-17,31.43800
2020-07-19,31.44330
2020-07-20,31.44530
2020-07-21,31.44800
2020-07-22,31.45090
2020-07-23,31.45370
2020-07-24,31.45610
2020-07-26,31.46150
2020-07-27,31.46420
2020-07-28,31.46600
2020-07-29,31.46840
2020-07-30,31.47160
2020-07-31,31.47460
2020-08-02,31.48020
2020-08-03,31.48290
2020-08-04,31.48580
2020-08-05,31.48890
2020-08-06,31.49160
2020-08-07,31.49420
2020-08-09,31.49960
2020-08-10,31.50240
2020-08-11,31.50520
2020-08-12,31.50800
2020-08-13,31.51110
2020-08-14,31.51410
2020-08-16,31.51950
2020-08-17,31.52260
2020-08-18,31.52530
2020-08-19,31.52830
2020-08-20,31.53140
2020-08-21,31.53380
2020-08-23,31.53910
2020-08-24,31.54150
2020-08-25,31.54360
2020-08-26,31.54660
2020-08-27,31.54930
2020-08-28,31.55170
2020-08-30,31.55690
2020-08-31,31.55950
2020-09-01,31.56220
2020-09-02,31.56510
2020-09-03,31.56780
2020-09-04,31.57040
2020-09-06,31.57550
2020-09-07,31.57780
2020-09-08,31.58010
2020-09-09,31.58230
2020-09-10,31.58500
2020-09-11,31.58740
2020-09-13,31.59300
2020-09-14,31.59570
2020-09-15,31.59860
2020-09-16,31.60130
2020-09-17,31.60400
2020-09-18,31.60670
2020-09-20,31.61210
2020-09-21,31.61460
2020-09-22,31.61730
2020-09-23,31.62000
2020-09-24,31.62260
2020-09-25,31.62530
2020-09-27,31.63070
2020-09-28,31.63360
2020-09-29,31.63660
2020-09-30,31.64100
2020-10-01,31.64400
2020-10-04,31.65270
2020-10-05,31.65570
2020-10-06,31.65890
2020-10-07,31.66200
2020-10-08,31.66470
2020-10-09,31.66760
2020-10-11,31.67310
2020-10-12,31.67570
2020-10-13,31.67870
2020-10-14,31.68170
2020-10-15,31.68450
2020-10-16,31.68720
2020-10-18,31.69250
2020-10-19,31.69540
2020-10-20,31.69840
2020-10-21,31.70110
2020-10-22,31.70380
2020-10-23,31.70610
2020-10-25,31.71150
2020-10-26,31.71410
2020-10-27,31.71640
2020-10-28,31.71920
2020-10-29,31.72140
2020-10-30,31.72410
2020-11-01,31.72940
2020-11-02,31.73190
2020-11-03,31.73470
2020-11-04,31.73750
2020-11-05,31.74000
2020-11-06,31.74270
2020-11-08,31.74780
2020-11-09,31.75030
2020-11-10,31.75270
2020-11-11,31.75530
2020-11-12,31.75840
2020-11-13,31.76060
2020-11-16,31.76790
2020-11-17,31.77060
2020-11-18,31.77390
2020-11-19,31.77710
2020-11-20,31.77910
2020-11-22,31.78370
2020-11-23,31.78540
2020-11-24,31.78760
2020-11-25,31.79040
2020-11-26,31.79310
2020-11-27,31.79490
2020-11-30,31.80220
2020-12-01,31.80400
2020-12-02,31.80590
2020-12-03,31.80830
2020-12-04,31.81090
2020-12-06,31.81610
2020-12-07,31.81850
2020-12-08,31.82090
2020-12-09,31.82340
2020-12-10,31.82620
2020-12-11,31.82850
2020-12-13,31.83370
2020-12-14,31.83620
2020-12-15,31.83850
2020-12-16,31.84110
2020-12-17,31.84380
2020-12-18,31.84660
2020-12-20,31.85230
2020-12-21,31.85510
2020-12-22,31.85790
2020-12-23,31.86070
2020-12-24,31.86320
2020-12-27,31.87140
2020-12-28,31.87410
2020-12-29,31.87670
2020-12-30,31.87960
2020-12-31,31.88220
2021-01-01,31.88480
2021-01-03,31.88960
2021-01-04,31.89210
2021-01-05,31.89440
2021-01-06,31.89640
2021-01-07,31.89870
2021-01-08,31.90130
2021-01-10,31.90670
2021-01-11,31.90800
2021-01-12,31.91070
2021-01-13,31.91380
2021-01-14,31.91630
2021-01-15,31.91850
2021-01-17,31.92400
2021-01-18,31.92630
2021-01-19,31.92900
2021-01-20,31.93180
2021-01-21,31.93520
2021-01-22,31.93770
2021-01-24,31.94340
2021-01-25,31.94620
2021-01-26,31.94920
2021-01-27,31.95250
2021-01-28,31.95540
2021-01-29,31.95800
2021-01-31,31.96400
2021-02-01,31.96700
2021-02-02,31.96970
2021-02-03,31.97240
2021-02-04,31.97510
2021-02-05,31.97790
2021-02-07,31.98330
2021-02-08,31.98610
2021-02-09,31.98860
2021-02-10,31.99150
2021-02-11,31.99410
2021-02-12,31.99680
2021-02-14,32.00200
2021-02-15,32.00490
2021-02-16,32.00730
2021-02-17,32.01010
2021-02-18,32.01350
2021-02-19,32.01600
2021-02-21,32.02100
2021-02-22,32.02320
2021-02-23,32.02580
2021-02-24,32.02830
2021-02-25,32.03080
2021-02-26,32.03320
2021-02-28,32.03850
2021-03-01,32.04090
2021-03-02,32.04340
2021-03-03,32.04600
2021-03-04,32.04850
2021-03-05,32.05090
2021-03-07,32.05670
2021-03-08,32.05910
2021-03-09,32.06200
2021-03-10,32.06610
2021-03-11,32.06920
2021-03-12,32.07220
2021-03-14,32.07830
2021-03-15,32.08060
2021-03-16,32.08340
2021-03-17,32.08650
2021-03-18,32.08960
2021-03-19,32.09230
2021-03-21,32.09920
2021-03-22,32.10250
2021-03-23,32.10610
2021-03-24,32.10980
2021-03-25,32.11320
2021-03-26,32.11670
2021-03-29,32.12540
2021-03-30,32.12880
2021-03-31,32.13220
2021-04-01,32.13500
2021-04-04,32.14350
2021-04-05,32.14710
2021-04-06,32.15030
2021-04-07,32.15260
2021-04-08,32.15460
2021-04-09,32.15670
2021-04-11,32.16200
2021-04-12,32.16470
2021-04-13,32.16740
2021-04-14,32.17020
2021-04-15,32.17290
2021-04-16,32.17540
2021-04-18,32.18100
2021-04-19,32.18410
2021-04-20,32.18750
2021-04-21,32.19040
2021-04-22,32.19370
2021-04-23,32.19640
2021-04-25,32.20190
2021-04-26,32.20530
2021-04-27,32.20780
2021-04-28,32.21050
2021-04-29,32.21310
2021-04-30,32.21560
2021-05-02,32.22110
2021-05-03,32.22370
2021-05-04,32.22650
2021-05-05,32.22890
2021-05-06,32.23130
2021-05-07,32.23410
2021-05-09,32.23970
2021-05-10,32.24230
2021-05-11,32.24520
2021-05-12,32.24830
2021-05-13,32.25110
2021-05-14,32.25410
2021-05-16,32.25980
2021-05-17,32.26260
2021-05-18,32.26550
2021-05-19,32.26810
2021-05-20,32.27100
2021-05-21,32.27380
2021-05-23,32.27950
2021-05-24,32.28230
2021-05-25,32.28500
2021-05-26,32.28800
2021-05-27,32.29090
2021-05-28,32.29380
2021-05-30,32.29950
2021-05-31,32.30230
2021-06-01,32.30520
2021-06-02,32.30820
2021-06-03,32.31140
2021-06-04,32.31450
2021-06-06,32.32010
2021-06-07,32.32290
2021-06-08,32.32560
2021-06-09,32.32870
2021-06-10,32.33170
2021-06-11,32.33460
2021-06-13,32.34020
2021-06-14,32.34290
2021-06-15,32.34540
2021-06-16,32.34720
2021-06-17,32.34990
2021-06-18,32.35290
2021-06-20,32.35890
2021-06-21,32.36260
2021-06-22,32.36560
2021-06-23,32.36860
2021-06-24,32.37170
2021-06-25,32.37450
2021-06-27,32.38010
2021-06-28,32.38320
2021-06-29,32.38640
2021-06-30,32.38940
2021-07-01,32.39280
2021-07-02,32.39510
2021-07-04,32.40070
2021-07-05,32.40340
2021-07-06,32.40580
2021-07-07,32.40900
2021-07-08,32.41180
2021-07-09,32.41450
2021-07-11,32.42080
2021-07-12,32.42420
2021-07-13,32.42760
2021-07-14,32.43110
2021-07-15,32.43390
2021-07-16,32.43660
2021-07-18,32.44250
2021-07-19,32.44530
2021-07-20,32.44820
2021-07-21,32.45120
2021-07-22,32.45460
2021-07-23,32.45930
2021-07-25,32.46550
2021-07-26,32.46850
2021-07-27,32.47150
2021-07-28,32.47450
2021-07-29,32.47740
2021-07-30,32.48000
2021-08-01,32.48560
2021-08-02,32.48850
2021-08-03,32.49150
2021-08-04,32.49380
2021-08-05,32.49660
2021-08-06,32.49940
2021-08-08,32.50550
2021-08-09,32.50880
2021-08-10,32.51230
2021-08-11,32.51520
2021-08-12,32.51940
2021-08-13,32.52330
2021-08-15,32.52900
2021-08-16,32.53180
2021-08-17,32.53470
2021-08-18,32.53810
2021-08-19,32.54090
2021-08-20,32.54380
2021-08-22,32.54920
2021-08-23,32.55220
2021-08-24,32.55500
2021-08-25,32.55790
2021-08-26,32.56110
2021-08-27,32.56470
2021-08-29,32.56940
2021-08-30,32.57230
2021-08-31,32.57550
2021-09-01,32.57830
2021-09-02,32.58110
2021-09-03,32.58420
2021-09-05,32.58910
2021-09-06,32.59190
2021-09-07,32.59430
2021-09-08,32.59700
2021-09-09,32.59960
2021-09-12,32.60790
2021-09-13,32.61060
2021-09-14,32.61330
2021-09-15,32.61610
2021-09-16,32.61870
2021-09-19,32.62700
2021-09-20,32.62950
2021-09-21,32.63170
2021-09-22,32.63420
2021-09-23,32.63710
2021-09-24,32.63900
2021-09-26,32.64470
2021-09-27,32.64720
2021-09-28,32.64910
2021-09-29,32.65010
2021-09-30,32.65350
2021-10-01,32.65750
2021-10-03,32.66360
2021-10-04,32.66690
2021-10-05,32.66950
2021-10-06,32.67250
2021-10-07,32.67550
2021-10-08,32.68060
2021-10-10,32.68630
2021-10-11,32.69010
2021-10-12,32.69320
2021-10-13,32.69610
2021-10-14,32.69830
2021-10-17,32.70720
2021-10-18,32.70770
2021-10-19,32.71060
2021-10-20,32.71320
2021-10-21,32.71620
2021-10-22,32.71870
2021-10-24,32.72460
2021-10-25,32.72390
2021-10-26,32.72600
2021-10-27,32.72910
2021-10-28,32.73130
2021-10-29,32.73470
2021-10-31,32.74040
2021-11-01,32.74340
2021-11-02,32.74650
2021-11-03,32.75100
2021-11-07,32.76480
2021-11-08,32.77040
2021-11-09,32.77410
2021-11-10,32.77720
2021-11-11,32.78040
2021-11-12,32.78400
2021-11-14,32.79000
2021-11-15,32.79300
2021-11-16,32.79600
2021-11-17,32.79930
2021-11-18,32.80230
2021-11-21,32.81180
2021-11-22,32.81430
2021-11-23,32.81730
2021-11-24,32.82100
2021-11-25,32.82440
2021-11-26,32.82750
2021-11-28,32.83350
2021-11-29,32.83660
2021-11-30,32.83970
2021-12-01,32.84280
2021-12-02,32.84570
2021-12-03,32.84890
2021-12-05,32.85490
2021-12-06,32.85800
2021-12-07,32.86080
2021-12-08,32.86480
2021-12-09,32.86790
2021-12-10,32.87150
2021-12-12,32.87770
2021-12-13,32.88080
2021-12-14,32.88260
2021-12-15,32.88540
2021-12-16,32.88730
2021-12-19,32.89780
2021-12-20,32.90160
2021-12-21,32.90310
2021-12-22,32.90620
2021-12-23,32.90950
2021-12-24,32.91350
2021-12-26,32.91960
2021-12-27,32.92340
2021-12-28,32.92640
2021-12-29,32.93000
2021-12-30,32.93300
2022-01-02,32.94270
2022-01-03,32.94590
2022-01-04,32.94960
2022-01-05,32.95340
2022-01-06,32.95610
2022-01-07,32.95950
2022-01-09,32.96520
2022-01-10,32.96780
2022-01-11,32.97090
2022-01-12,32.97500
2022-01-13,32.97860
2022-01-14,32.98140
2022-01-16,32.98720
2022-01-17,32.98980
2022-01-18,32.99170
2022-01-19,32.99120
2022-01-20,32.99400
2022-01-21,32.99710
2022-01-23,33.00360
2022-01-24,33.00680
2022-01-25,33.01000
2022-01-26,33.01320
2022-01-27,33.01540
2022-01-28,33.01930
2022-01-30,33.02550
2022-01-31,33.02910
2022-02-01,33.03230
2022-02-02,33.03440
2022-02-03,33.03840
2022-02-04,33.04150
2022-02-06,33.04790
2022-02-07,33.05110
2022-02-08,33.05390
2022-02-09,33.05720
2022-02-10,33.06220
2022-02-11,33.06550
2022-02-13,33.07150
2022-02-14,33.07500
2022-02-15,33.07820
2022-02-16,33.08180
2022-02-17,33.08510
2022-02-18,33.08800
2022-02-20,33.09420
2022-02-21,33.09700
2022-02-22,33.09950
2022-02-23,33.10330
2022-02-24,33.10650
2022-02-25,33.10990
2022-02-27,33.11610
2022-02-28,33.11890
2022-03-01,33.12190
2022-03-02,33.12500
2022-03-03,33.12750
2022-03-04,33.13070
2022-03-06,33.13700
2022-03-07,33.13980
2022-03-08,33.14280
2022-03-09,33.14590
2022-03-10,33.14920
2022-03-11,33.15240
2022-03-13,33.15910
2022-03-14,33.16280
2022-03-15,33.16680
2022-03-16,33.17010
2022-03-17,33.17390
2022-03-20,33.18360
2022-03-21,33.18710
2022-03-22,33.19000
2022-03-23,33.19270
2022-03-24,33.19620
2022-03-25,33.19940
2022-03-27,33.20600
2022-03-28,33.20950
2022-03-29,33.21230
2022-03-30,33.21490
2022-03-31,33.22200
2022-04-01,33.22530
2022-04-03,33.23200
2022-04-04,33.23820
2022-04-05,33.24180
2022-04-06,33.24500
2022-04-07,33.24800
2022-04-08,33.24710
2022-04-10,33.25350
2022-04-11,33.25720
2022-04-12,33.26100
2022-04-13,33.26370
2022-04-17,33.27680
2022-04-18,33.28030
2022-04-19,33.28490
2022-04-20,33.28940
2022-04-21,33.29310
2022-04-22,33.29500
2022-04-24,33.30150
2022-04-25,33.30460
2022-04-26,33.30690
2022-04-27,33.31000
2022-04-28,33.31300
2022-04-29,33.31530
2022-05-01,33.32210
2022-05-02,33.32600
2022-05-03,33.32940
2022-05-04,33.32330
2022-05-05,33.32240
2022-05-06,33.32650
2022-05-08,33.33400
2022-05-09,33.33670
2022-05-10,33.33990
2022-05-11,33.34360
2022-05-12,33.34750
2022-05-13,33.35110
2022-05-15,33.35880
2022-05-16,33.36260
2022-05-17,33.36750
2022-05-18,33.37160
2022-05-19,33.37560
2022-05-20,33.38000
2022-05-22,33.38780
2022-05-23,33.39160
2022-05-24,33.39590
2022-05-25,33.39940
2022-05-26,33.40330
2022-05-27,33.40760
2022-05-29,33.41560
2022-05-30,33.42010
2022-05-31,33.42430
2022-06-01,33.42790
2022-06-02,33.43200
2022-06-03,33.43610
2022-06-05,33.44420
2022-06-06,33.44800
2022-06-07,33.44960
2022-06-08,33.45750
2022-06-09,33.46190
2022-06-10,33.46620
2022-06-12,33.47450
2022-06-13,33.47810
2022-06-14,33.48300
2022-06-15,33.48640
2022-06-16,33.49060
2022-06-17,33.49200
2022-06-19,33.50060
2022-06-20,33.50490
2022-06-21,33.50930
2022-06-22,33.51410
2022-06-23,33.51910
2022-06-24,33.52340
2022-06-26,33.53240
2022-06-27,33.53610
2022-06-28,33.54020
2022-06-29,33.54460
2022-06-30,33.55130
2022-07-01,33.55700
2022-07-03,33.56570
2022-07-04,33.57040
2022-07-05,33.57520
2022-07-06,33.58120
2022-07-07,33.58610
2022-07-08,33.59010
2022-07-10,33.59870
2022-07-11,33.60250
2022-07-12,33.60670
2022-07-13,33.61110
2022-07-14,33.61650
2022-07-15,33.62000
2022-07-17,33.62880
2022-07-18,33.63290
2022-07-19,33.63640
2022-07-20,33.63790
2022-07-21,33.64040
2022-07-22,33.64380
2022-07-24,33.65320
2022-07-25,33.65760
2022-07-26,33.65950
2022-07-27,33.66150
2022-07-28,33.66570
2022-07-29,33.67080
2022-07-31,33.68070
2022-08-01,33.68760
2022-08-02,33.69400
2022-08-03,33.69910
2022-08-04,33.70360
2022-08-05,33.70690
2022-08-07,33.71710
2022-08-08,33.72170
2022-08-09,33.72660
2022-08-10,33.73190
2022-08-11,33.73740
2022-08-12,33.74110
2022-08-15,33.75590
2022-08-16,33.76080
2022-08-17,33.76620
2022-08-18,33.77190
2022-08-19,33.77770
2022-08-21,33.78750
2022-08-22,33.79260
2022-08-23,33.79710
2022-08-24,33.80200
2022-08-25,33.80670
2022-08-26,33.81160
2022-08-28,33.82150
2022-08-29,33.82660
2022-08-30,33.83100
2022-08-31,33.83600
2022-09-01,33.84110
2022-09-02,33.84640
2022-09-04,33.85630
2022-09-05,33.86190
2022-09-06,33.86720
2022-09-07,33.87190
2022-09-08,33.87630
2022-09-09,33.88100
2022-09-11,33.89070
2022-09-12,33.89440
2022-09-13,33.89860
2022-09-14,33.90230
2022-09-15,33.90650
2022-09-16,33.91050
2022-09-18,33.92110
2022-09-19,33.92430
2022-09-20,33.92770
2022-09-21,33.93210
2022-09-22,33.93730
2022-09-23,33.94190
2022-09-25,33.95260
2022-09-26,33.95600
2022-09-27,33.95600
2022-09-28,33.95920
2022-09-29,33.96880
2022-09-30,33.97990
2022-10-02,33.99100
2022-10-03,34.00370
2022-10-05,34.01460
2022-10-06,34.01980
2022-10-07,34.02330
2022-10-09,34.03410
2022-10-10,34.03870
2022-10-11,34.04100
2022-10-12,34.04560
2022-10-13,34.05100
2022-10-14,34.05600
2022-10-16,34.06730
2022-10-17,34.07300
2022-10-18,34.07900
2022-10-19,34.08450
2022-10-20,34.08990
2022-10-21,34.09370
2022-10-24,34.11080
2022-10-26,34.12250
2022-10-27,34.12820
2022-10-28,34.13370
2022-10-30,34.14530
2022-10-31,34.15100
2022-11-01,34.15780
2022-11-02,34.16530
2022-11-03,34.17150
2022-11-04,34.17640
2022-11-06,34.18770
2022-11-07,34.19440
2022-11-08,34.19990
2022-11-09,34.20510
2022-11-10,34.21080
2022-11-11,34.21670
2022-11-13,34.22810
2022-11-14,34.23410
2022-11-15,34.24010
2022-11-16,34.24600
2022-11-17,34.25200
2022-11-18,34.25740
2022-11-20,34.26890
2022-11-21,34.27470
2022-11-22,34.28020
2022-11-23,34.28590
2022-11-24,34.29170
2022-11-25,34.29730
2022-11-27,34.30930
2022-11-28,34.31570
2022-11-29,34.32200
2022-11-30,34.32800
2022-12-01,34.33380
2022-12-02,34.33950
2022-12-04,34.35090
2022-12-05,34.35670
2022-12-06,34.36270
2022-12-07,34.36750
2022-12-08,34.37360
2022-12-09,34.37950
2022-12-11,34.39140
2022-12-12,34.39760
2022-12-13,34.40300
2022-12-14,34.40860
2022-12-15,34.41350
2022-12-16,34.41910
2022-12-18,34.43110
2022-12-19,34.43750
2022-12-20,34.44350
2022-12-21,34.45050
2022-12-22,34.45690
2022-12-23,34.46310
2022-12-25,34.47520
2022-12-26,34.48080
2022-12-27,34.48730
2022-12-28,34.49390
2022-12-29,34.50180
2023-01-01,34.52350
2023-01-02,34.53220
2023-01-03,34.53860
2023-01-04,34.54420
2023-01-05,34.55040
2023-01-08,34.56780
2023-01-09,34.57410
2023-01-10,34.57920
2023-01-11,34.58410
2023-01-12,34.58960
2023-01-15,34.60530
2023-01-16,34.61060
2023-01-17,34.61640
2023-01-18,34.62190
2023-01-19,34.62760
2023-01-20,34.63340
2023-01-22,34.64540
2023-01-23,34.64970
2023-01-24,34.65520
2023-01-26,34.66710
2023-01-27,34.67400
2023-01-29,34.68620
2023-01-30,34.69140
2023-01-31,34.69690
2023-02-01,34.70490
2023-02-02,34.71150
2023-02-03,34.71760
2023-02-05,34.72960
2023-02-06,34.73600
2023-02-07,34.74160
2023-02-08,34.74750
2023-02-09,34.75220
2023-02-10,34.75890
2023-02-12,34.77100
2023-02-13,34.77840
2023-02-14,34.78460
2023-02-15,34.79050
2023-02-16,34.79670
2023-02-17,34.80250
2023-02-19,34.81490
2023-02-20,34.81960
2023-02-21,34.82630
2023-02-22,34.83150
2023-02-23,34.83720
2023-02-24,34.84330
2023-02-26,34.85600
2023-02-27,34.86150
2023-02-28,34.86800
2023-03-01,34.87520
2023-03-02,34.88130
2023-03-03,34.88770
2023-03-05,34.90010
2023-03-07,34.91260
2023-03-08,34.91860
2023-03-09,34.92490
2023-03-10,34.93360
2023-03-12,34.94630
2023-03-13,34.95390
2023-03-14,34.96030
2023-03-15,34.96530
2023-03-16,34.97180
2023-03-17,34.97800
2023-03-19,34.99100
2023-03-20,34.99790
2023-03-21,35.00630
2023-03-22,35.01290
2023-03-23,35.02050
2023-03-24,35.02630
2023-03-26,35.03940
2023-03-27,35.04190
2023-03-28,35.04170
2023-03-29,35.06090
2023-03-30,35.06800
2023-03-31,35.08320
2023-04-02,35.09630
2023-04-03,35.10450
2023-04-04,35.11080
2023-04-05,35.11650
2023-04-06,35.12670
2023-04-09,35.14510
2023-04-10,35.15200
2023-04-11,35.15830
2023-04-12,35.16540
2023-04-13,35.17180
2023-04-16,35.19040
2023-04-17,35.19720
2023-04-18,35.20250
2023-04-19,35.20840
2023-04-20,35.21430
2023-04-21,35.21920
2023-04-23,35.23200
2023-04-24,35.23790
2023-04-25,35.24320
2023-04-26,35.24960
2023-04-27,35.25560
2023-04-28,35.26150
2023-05-01,35.28050
2023-05-02,35.28700
2023-05-03,35.29380
2023-05-04,35.30080
2023-05-05,35.30720
2023-05-07,35.32010
2023-05-08,35.32710
2023-05-09,35.33360
2023-05-10,35.34000
2023-05-11,35.34640
2023-05-12,35.35260
2023-05-14,35.36560
2023-05-15,35.37210
2023-05-16,35.37980
2023-05-17,35.38840
2023-05-18,35.39670
2023-05-19,35.40500
2023-05-21,35.41770
2023-05-22,35.42830
2023-05-23,35.43360
2023-05-24,35.43890
2023-05-25,35.44530
2023-05-26,35.45160
2023-05-28,35.46430
2023-05-29,35.46940
2023-05-30,35.47620
2023-05-31,35.48290
2023-06-01,35.49000
2023-06-02,35.49680
2023-06-04,35.50940
2023-06-05,35.51690
2023-06-06,35.52330
2023-06-07,35.52930
2023-06-08,35.53530
2023-06-09,35.54130
2023-06-11,35.55400
2023-06-12,35.56040
2023-06-13,35.56650
2023-06-14,35.57280
2023-06-15,35.57950
2023-06-16,35.58590
2023-06-18,35.59860
2023-06-19,35.60460
2023-06-20,35.61150
2023-06-21,35.61850
2023-06-22,35.62450
2023-06-23,35.63080
2023-06-25,35.64360
2023-06-26,35.64870
2023-06-27,35.65470
2023-06-29,35.66870
2023-06-30,35.67610
2023-07-02,35.68910
2023-07-03,35.69810
2023-07-04,35.70580
2023-07-05,35.71240
2023-07-06,35.71860
2023-07-07,35.72490
2023-07-09,35.73760
2023-07-10,35.74360
2023-07-11,35.74980
2023-07-12,35.75720
2023-07-13,35.76460
2023-07-16,35.78350
2023-07-17,35.79020
2023-07-18,35.79650
2023-07-19,35.80340
2023-07-20,35.80970
2023-07-21,35.81600
2023-07-23,35.82880
2023-07-24,35.83550
2023-07-25,35.84170
2023-07-26,35.84870
2023-07-27,35.85500
2023-07-28,35.86070
2023-07-30,35.87360
2023-07-31,35.88020
2023-08-01,35.88690
2023-08-02,35.89400
2023-08-03,35.90090
2023-08-04,35.90730
2023-08-06,35.91990
2023-08-07,35.92550
2023-08-08,35.93140
2023-08-09,35.93770
2023-08-10,35.94270
2023-08-11,35.94900
2023-08-13,35.96220
2023-08-15,35.97450
2023-08-16,35.98140
2023-08-17,35.98730
2023-08-18,35.99380
2023-08-20,36.00690
2023-08-21,36.01320
2023-08-22,36.02000
2023-08-23,36.02650
2023-08-24,36.03340
2023-08-25,36.04020
2023-08-27,36.05350
2023-08-28,36.06000
2023-08-29,36.06660
2023-08-30,36.07300
2023-08-31,36.08020
2023-09-03,36.10090
2023-09-04,36.10770
2023-09-05,36.11480
2023-09-06,36.12120
2023-09-07,36.12760
2023-09-08,36.13340
2023-09-10,36.14700
2023-09-11,36.15360
2023-09-12,36.15960
2023-09-13,36.16630
2023-09-14,36.17380
2023-09-17,36.19380
2023-09-19,36.20700
2023-09-20,36.21380
2023-09-21,36.22080
2023-09-22,36.22730
2023-09-24,36.24080
2023-09-25,36.24740
2023-09-26,36.25310
2023-09-27,36.25990
2023-09-28,36.26730
2023-09-29,36.27760
2023-10-02,36.29790
2023-10-03,36.30520
2023-10-04,36.31210
2023-10-05,36.31930
2023-10-06,36.32510
2023-10-08,36.33850
2023-10-09,36.34540
2023-10-10,36.35160
2023-10-11,36.35820
2023-10-12,36.36500
2023-10-13,36.37160
2023-10-15,36.38500
2023-10-16,36.39160
2023-10-17,36.39850
2023-10-18,36.40540
2023-10-19,36.41140
2023-10-20,36.41730
2023-10-22,36.43110
2023-10-23,36.43830
2023-10-24,36.44510
2023-10-25,36.45150
2023-10-26,36.45800
2023-10-27,36.46480
2023-10-29,36.47860
2023-10-30,36.48590
2023-10-31,36.49270
2023-11-01,36.49980
2023-11-02,36.50730
2023-11-03,36.51430
2023-11-05,36.52800
2023-11-06,36.53510
2023-11-07,36.54180
2023-11-08,36.54840
2023-11-09,36.55490
2023-11-10,36.56140
2023-11-12,36.57530
2023-11-13,36.58270
2023-11-14,36.58960
2023-11-15,36.59670
2023-11-16,36.60340
2023-11-17,36.61030
2023-11-19,36.62400
2023-11-20,36.63080
2023-11-21,36.63780
2023-11-22,36.64450
2023-11-23,36.65140
2023-11-24,36.65850
2023-11-27,36.67930
2023-11-28,36.68640
2023-11-29,36.69310
2023-11-30,36.70000
2023-12-03,36.72040
2023-12-04,36.72730
2023-12-05,36.73440
2023-12-06,36.74150
2023-12-07,36.74870
2023-12-08,36.75550
2023-12-10,36.76940
2023-12-11,36.77570
2023-12-12,36.78180
2023-12-13,36.78880
2023-12-14,36.79540
2023-12-15,36.80200
2023-12-17,36.81570
2023-12-18,36.82120
2023-12-19,36.82940
2023-12-20,36.83680
2023-12-21,36.84400
2023-12-22,36.85110
2023-12-25,36.87230
2023-12-26,36.87920
2023-12-27,36.88500
2023-12-28,36.89400
2023-12-29,36.90680
2023-12-31,36.92090
2024-01-01,36.93000
2024-01-02,36.93870
2024-01-03,36.94590
2024-01-04,36.95370
2024-01-05,36.96160
2024-01-07,36.97560
2024-01-08,36.98350
2024-01-09,36.99200
2024-01-10,36.99940
2024-01-11,37.00640
2024-01-12,37.01430
2024-01-14,37.02810
2024-01-15,37.03470
2024-01-16,37.04130
2024-01-17,37.04750
2024-01-18,37.05390
2024-01-19,37.06030
2024-01-21,37.07430
2024-01-22,37.08130
2024-01-23,37.08700
2024-01-24,37.09320
2024-01-25,37.09950
2024-01-28,37.12080
2024-01-29,37.12800
2024-01-30,37.13490
2024-01-31,37.14240
2024-02-01,37.14950
2024-02-02,37.15770
2024-02-04,37.17180
2024-02-05,37.17930
2024-02-06,37.18620
2024-02-07,37.19320
2024-02-08,37.19990
2024-02-09,37.20680
2024-02-11,37.22120
2024-02-12,37.22770
2024-02-13,37.23550
2024-02-14,37.24320
2024-02-15,37.25170
2024-02-16,37.26020
2024-02-18,37.27430
2024-02-19,37.28130
2024-02-20,37.28890
2024-02-21,37.29700
2024-02-22,37.30430
2024-02-23,37.31120
2024-02-25,37.32530
2024-02-26,37.33200
2024-02-27,37.33920
2024-02-28,37.34620
2024-02-29,37.35330
2024-03-01,37.36070
2024-03-03,37.37490
2024-03-04,37.38240
2024-03-05,37.39000
2024-03-06,37.39710
2024-03-07,37.40510
2024-03-10,37.42630
2024-03-11,37.43330
2024-03-12,37.44070
2024-03-13,37.44870
2024-03-14,37.45520
2024-03-15,37.46160
2024-03-17,37.47620
2024-03-18,37.48380
2024-03-19,37.49090
2024-03-20,37.49770
2024-03-21,37.50440
2024-03-22,37.51030
2024-03-25,37.53210
2024-03-26,37.53840
2024-03-27,37.54470
2024-03-28,37.56760
2024-03-31,37.58970
2024-04-01,37.59700
2024-04-02,37.61600
2024-04-03,37.62310
2024-04-04,37.63140
2024-04-05,37.63960
2024-04-07,37.65360
2024-04-08,37.66350
2024-04-09,37.67040
2024-04-10,37.68080
2024-04-11,37.68760
2024-04-12,37.69460
2024-04-14,37.70820
2024-04-15,37.71610
2024-04-16,37.72360
2024-04-17,37.73050
2024-04-18,37.73670
2024-04-19,37.74250
2024-04-21,37.75610
2024-04-22,37.76280
2024-04-23,37.76970
2024-04-24,37.77580
2024-04-25,37.78090
2024-04-26,37.78670
2024-04-28,37.80080
2024-04-29,37.80750
2024-04-30,37.81370
2024-05-01,37.82080
2024-05-02,37.82890
2024-05-03,37.83710
2024-05-05,37.85100
2024-05-06,37.85800
2024-05-07,37.86440
2024-05-08,37.87020
2024-05-09,37.87660
2024-05-10,37.88330
2024-05-12,37.89790
2024-05-13,37.90510
2024-05-14,37.91290
2024-05-15,37.92050
2024-05-16,37.92810
2024-05-17,37.93560
2024-05-20,37.95690
2024-05-21,37.96690
2024-05-22,37.97430
2024-05-23,37.98150
2024-05-24,37.98840
2024-05-26,38.00250
2024-05-27,38.00960
2024-05-28,38.01660
2024-05-29,38.02390
2024-05-30,38.03110
2024-05-31,38.03810
2024-06-02,38.05230
2024-06-03,38.06010
2024-06-04,38.06670
2024-06-05,38.07420
2024-06-06,38.08200
2024-06-07,38.08930
2024-06-09,38.10320
2024-06-10,38.11040
2024-06-11,38.11780
2024-06-12,38.12520
2024-06-13,38.13180
2024-06-14,38.13840
2024-06-17,38.15970
2024-06-18,38.16680
2024-06-19,38.17390
2024-06-20,38.18110
2024-06-21,38.18850
2024-06-23,38.20260
2024-06-24,38.20920
2024-06-25,38.21430
2024-06-26,38.22020
2024-06-27,38.22690
2024-06-28,38.23610
2024-06-30,38.25100
2024-07-01,38.26210
2024-07-02,38.27280
2024-07-03,38.28070
2024-07-04,38.28750
2024-07-05,38.29340
2024-07-07,38.30760
2024-07-08,38.31390
2024-07-09,38.32120
2024-07-10,38.32840
2024-07-11,38.33630
2024-07-12,38.34380
2024-07-14,38.35800
2024-07-15,38.36620
2024-07-16,38.37290
2024-07-17,38.37990
2024-07-18,38.38740
2024-07-19,38.39470
2024-07-21,38.40880
2024-07-22,38.41620
2024-07-23,38.42290
2024-07-24,38.42990
2024-07-25,38.43720
2024-07-26,38.44370
2024-07-28,38.45780
2024-07-29,38.46480
2024-07-30,38.47230
2024-07-31,38.47940
2024-08-01,38.48670
2024-08-02,38.49340
2024-08-04,38.50760
2024-08-05,38.51510
2024-08-06,38.52180
2024-08-07,38.52950
2024-08-08,38.53650
2024-08-09,38.54390
2024-08-11,38.55800
2024-08-12,38.56490
2024-08-13,38.57180
2024-08-14,38.57900
2024-08-15,38.58630
2024-08-16,38.59370
2024-08-18,38.60780
2024-08-19,38.61490
2024-08-20,38.62240
2024-08-21,38.62940
2024-08-22,38.63660
2024-08-23,38.64390
2024-08-25,38.65810
2024-08-26,38.66520
2024-08-27,38.67240
2024-08-28,38.67900
2024-08-29,38.68600
2024-08-30,38.69320
2024-09-01,38.70770
2024-09-02,38.71530
2024-09-03,38.72240
2024-09-04,38.72950
2024-09-05,38.73610
2024-09-08,38.75700
2024-09-09,38.76450
2024-09-10,38.77120
2024-09-11,38.77830
2024-09-12,38.78560
2024-09-13,38.79290
2024-09-15,38.80740
2024-09-16,38.81460
2024-09-17,38.82230
2024-09-18,38.82950
2024-09-19,38.83740
2024-09-20,38.84500
2024-09-22,38.85980
2024-09-23,38.86770
2024-09-24,38.87510
2024-09-25,38.88220
2024-09-26,38.89000
2024-09-27,38.89720
2024-09-29,38.91170
2024-09-30,38.92310
2024-10-01,38.93210
2024-10-02,38.93920
2024-10-03,38.94870
2024-10-04,38.95670
2024-10-06,38.97090
2024-10-07,38.97830
2024-10-08,38.98600
2024-10-09,38.99420
2024-10-10,39.00150
2024-10-11,39.00910
2024-10-13,39.02330
2024-10-14,39.02970
2024-10-15,39.03610
2024-10-16,39.04320
2024-10-17,39.04980
2024-10-18,39.05670
2024-10-20,39.07090
2024-10-21,39.07780
2024-10-22,39.08390
2024-10-23,39.09110
2024-10-24,39.09790
2024-10-25,39.10450
2024-10-27,39.11960
2024-10-28,39.12620
2024-10-29,39.13350
2024-10-30,39.14090
2024-10-31,39.14810
2024-11-03,39.17010
2024-11-04,39.17790
2024-11-05,39.18740
2024-11-06,39.19510
2024-11-07,39.20250
2024-11-08,39.20980
2024-11-10,39.22420
2024-11-11,39.23130
2024-11-12,39.23860
2024-11-13,39.24610
2024-11-14,39.25370
2024-11-17,39.27510
2024-11-18,39.28200
2024-11-19,39.28970
2024-11-20,39.29670
2024-11-21,39.30310
2024-11-22,39.30990
2024-11-24,39.32470
2024-11-25,39.33220
2024-11-26,39.33910
2024-11-27,39.34610
2024-11-28,39.35280
2024-11-29,39.36050
2024-12-01,39.37510
2024-12-02,39.38290
2024-12-03,39.38940
2024-12-04,39.39730
2024-12-05,39.40540
2024-12-06,39.41380
2024-12-08,39.42830
2024-12-09,39.43550
2024-12-10,39.44200
2024-12-11,39.44860
2024-12-12,39.45500
2024-12-13,39.45780
2024-12-15,39.47320
2024-12-16,39.48270
2024-12-17,39.48940
2024-12-18,39.49620
2024-12-19,39.50210
2024-12-20,39.50890
2024-12-22,39.52430
2024-12-23,39.52800
2024-12-24,39.53060
2024-12-25,39.53810
2024-12-26,39.54490
2024-12-27,39.55220
2024-12-29,39.56780
2024-12-30,39.57610
2024-12-31,39.59140
2025-01-01,39.60060
2025-01-02,39.61060
2025-01-03,39.61730
2025-01-05,39.63200
2025-01-06,39.64000
2025-01-07,39.64720
2025-01-08,39.65070
2025-01-09,39.65530
2025-01-10,39.66270
2025-01-12,39.67800
2025-01-13,39.68620
2025-01-14,39.69450
2025-01-15,39.70300
2025-01-16,39.71160
2025-01-17,39.71930
2025-01-19,39.73420
2025-01-20,39.74110
2025-01-21,39.74860
2025-01-22,39.75480
2025-01-23,39.76210
2025-01-24,39.76870
2025-01-26,39.78390
2025-01-27,39.79190
2025-01-28,39.80010
2025-01-29,39.80830
2025-01-30,39.81560
2025-01-31,39.82290
2025-02-02,39.83810
2025-02-03,39.84570
2025-02-04,39.85470
2025-02-05,39.86460
2025-02-06,39.87380
2025-02-07,39.88150
2025-02-09,39.89630
2025-02-10,39.90350
2025-02-11,39.91250
2025-02-12,39.92110
2025-02-13,39.92840
2025-02-14,39.93560
2025-02-16,39.95040
2025-02-17,39.95730
2025-02-18,39.96470
2025-02-19,39.97210
2025-02-20,39.97880
2025-02-21,39.98700
2025-02-23,40.00160
2025-02-24,40.00990
2025-02-25,40.01600
2025-02-26,40.02380
2025-02-27,40.03010
2025-02-28,40.03700
2025-03-02,40.05200
2025-03-03,40.05840
2025-03-04,40.06540
2025-03-05,40.07200
2025-03-06,40.07940
2025-03-07,40.08400
2025-03-09,40.09900
2025-03-10,40.10630
2025-03-11,40.11250
2025-03-12,40.11950
2025-03-13,40.12700
2025-03-16,40.15060
2025-03-17,40.15700
2025-03-18,40.16340
2025-03-19,40.17080
2025-03-20,40.17910
2025-03-21,40.18880
2025-03-23,40.20440
2025-03-24,40.21650
2025-03-25,40.22670
2025-03-26,40.23690
2025-03-27,40.23730
2025-03-28,40.26990
2025-03-31,40.29450
2025-04-01,40.30270
2025-04-02,40.32450
2025-04-03,40.34370
2025-04-04,40.35150
2025-04-06,40.36500
2025-04-07,40.36920
2025-04-08,40.37850
2025-04-09,40.38870
2025-04-10,40.39540
2025-04-11,40.40290
2025-04-14,40.42320
2025-04-15,40.43180
2025-04-16,40.43770
2025-04-17,40.44420
2025-04-20,40.46440
2025-04-21,40.47180
2025-04-22,40.47840
2025-04-23,40.48530
2025-04-24,40.49200
2025-04-25,40.49800
2025-04-27,40.51170
2025-04-28,40.51740
2025-04-29,40.52110
2025-04-30,40.52790
2025-05-01,40.53510
2025-05-02,40.54230
2025-05-04,40.55590
2025-05-05,40.56330
2025-05-06,40.57010
2025-05-07,40.57590
2025-05-08,40.58120
2025-05-09,40.58530
2025-05-11,40.59930
2025-05-12,40.60620
2025-05-13,40.61670
2025-05-14,40.62470
2025-05-15,40.63150
2025-05-16,40.63960
2025-05-18,40.65330
2025-05-19,40.66170
2025-05-20,40.66920
2025-05-21,40.67880
2025-05-22,40.68690
2025-05-23,40.69420
2025-05-25,40.70790
2025-05-26,40.71660
2025-05-27,40.72390
2025-05-28,40.73060
2025-05-29,40.73740
2025-05-30,40.74430
2025-06-01,40.75790
2025-06-02,40.76480
2025-06-03,40.77270
2025-06-04,40.77960
2025-06-05,40.78680
2025-06-06,40.81540
2025-06-08,40.82780
2025-06-09,40.83440
2025-06-10,40.84120
2025-06-11,40.84450
2025-06-12,40.84850
2025-06-13,40.85290
2025-06-15,40.86520
2025-06-16,40.86980
2025-06-17,40.87670
2025-06-18,40.88260
2025-06-19,40.89020
2025-06-20,40.89680
2025-06-22,40.90920
2025-06-23,40.91600
2025-06-24,40.92290
2025-06-25,40.92690
2025-06-26,40.93260
2025-06-27,40.93710
2025-06-29,40.94990
2025-06-30,40.96110
2025-07-01,40.97110
2025-07-02,40.98030
2025-07-03,40.98890
2025-07-04,40.99480
2025-07-06,41.00710
2025-07-07,41.01450
2025-07-08,41.02040
2025-07-09,41.02500
2025-07-10,41.03090
2025-07-11,41.03600
2025-07-13,41.04810
2025-07-14,41.05600
2025-07-15,41.06120
2025-07-16,41.06770
2025-07-17,41.07410
2025-07-18,41.07950
2025-07-20,41.09160
2025-07-21,41.09700
2025-07-22,41.10270
2025-07-23,41.10870
2025-07-24,41.11470
2025-07-25,41.12000
2025-07-27,41.13240
2025-07-28,41.13790
2025-07-29,41.14360
2025-07-30,41.14880
2025-07-31,41.15530
2025-08-01,41.16130
2025-08-03,41.17390
2025-08-04,41.18020
2025-08-05,41.18650
2025-08-06,41.19220
2025-08-07,41.19840
2025-08-08,41.20410
2025-08-10,41.21660
2025-08-11,41.22200
2025-08-12,41.22820
2025-08-13,41.23520
2025-08-14,41.24200
2025-08-15,41.24820
2025-08-17,41.26050
2025-08-18,41.26720
2025-08-19,41.27340
2025-08-20,41.27990
2025-08-21,41.28600
2025-08-22,41.29190
2025-08-23,41.29810
2025-08-24,41.30430
2025-08-25,41.31080
2025-08-26,41.31640
2025-08-27,41.32270
2025-08-28,41.32770
2025-08-29,41.33400
2025-08-30,41.34030
2025-08-31,41.34660
2025-09-01,41.35270
2025-09-02,41.35830
2025-09-03,41.36440
2025-09-04,41.37060
2025-09-05,41.37680
2025-09-06,41.38310
2025-09-07,41.38930
2025-09-08,41.39560
2025-09-09,41.40040
2025-09-10,41.40520
2025-09-11,41.41150
2025-09-12,41.41730
2025-09-14,41.43020
2025-09-15,41.43760
2025-09-16,41.44610
2025-09-17,41.45360
2025-09-18,41.46070
2025-09-19,41.46710
2025-09-20,41.47350
2025-09-21,41.47980
2025-09-22,41.48510
2025-09-23,41.49060
2025-09-24,41.49690
2025-09-25,41.49840
2025-09-26,41.50370
2025-09-28,41.51680
2025-09-30,41.53910
2025-10-01,41.54700
2025-10-02,41.55370
2025-10-03,41.56110
2025-10-05,41.57360
2025-10-06,41.58040
2025-10-07,41.58650
2025-10-08,41.59180
2025-10-09,41.59700
2025-10-10,41.60250
2025-10-11,41.60910
2025-10-12,41.61570
2025-10-13,41.62200
2025-10-14,41.62800
2025-10-15,41.63400
2025-10-16,41.64000
2025-10-17,41.64490
2025-10-19,41.65800
2025-10-20,41.66470
2025-10-22,41.67780
2025-10-23,41.68470
2025-10-24,41.69070
2025-10-26,41.70410
2025-10-27,41.71030
2025-10-28,41.71690
2025-10-29,41.72270
2025-10-30,41.72870
2025-10-31,41.73610
2025-11-01,41.74270
2025-11-02,41.74930
2025-11-03,41.75620
2025-11-04,41.76270
2025-11-05,41.76910
2025-11-06,41.77530
2025-11-07,41.78220
2025-11-08,41.78870
2025-11-09,41.79510
2025-11-10,41.80150
2025-11-11,41.80800
2025-11-12,41.81500
2025-11-13,41.82210
2025-11-14,41.82780
2025-11-15,41.83440
2025-11-16,41.84090
2025-11-17,41.84760
2025-11-18,41.85410
2025-11-19,41.86090
2025-11-20,41.86710
2025-11-21,41.87340
2025-11-22,41.87980
2025-11-23,41.88620
2025-11-24,41.89210
2025-11-25,41.89900
2025-11-26,41.90600
2025-11-27,41.91230
2025-11-28,41.91830
2025-11-29,41.92470
2025-11-30,41.93120
2025-12-01,41.93610
2025-12-02,41.94170
2025-12-03,41.94680
2025-12-04,41.95220
2025-12-05,41.96730
2025-12-06,41.97380
2025-12-07,41.98020
2025-12-08,41.98560
2025-12-09,41.98990
2025-12-10,41.99360
2025-12-11,41.99880
2025-12-12,42.00460
2025-12-13,42.01100
2025-12-14,42.01750
2025-12-15,42.02240
2025-12-16,42.02800
2025-12-17,42.03540
2025-12-18,42.04260
2025-12-19,42.04940
2025-12-20,42.05600
2025-12-21,42.06250
2025-12-22,42.06930
2025-12-23,42.07560
2025-12-24,42.08400
2025-12-25,42.09050
2025-12-26,42.09630
2025-12-27,42.10280
2025-12-28,42.10930
2025-12-29,42.11620
2025-12-30,42.11640
2025-12-31,42.13640
2026-01-01,42.14300
2026-01-02,42.14840
2026-01-03,42.15490
2026-01-04,42.16130
2026-01-05,42.16840
2026-01-06,42.17550
2026-01-07,42.17820
2026-01-08,42.18060
2026-01-09,42.18510
2026-01-10,42.19180
2026-01-11,42.19850
2026-01-12,42.20480
2026-01-13,42.20940
2026-01-14,42.21520
2026-01-15,42.22210
2026-01-16,42.22700
2026-01-18,42.24060
2026-01-19,42.24180
2026-01-20,42.24500
2026-01-21,42.25010
2026-01-22,42.25950
2026-01-23,42.26510
2026-01-24,42.27210
2026-01-26,42.28620
2026-01-27,42.29360
2026-01-28,42.29960
2026-01-29,42.30550
2026-01-30,42.31170
2026-02-01,42.32590
2026-02-02,42.33750
2026-02-03,42.35040
2026-02-04,42.36380
2026-02-05,42.37220
2026-02-06,42.37870
2026-02-08,42.39200
2026-02-09,42.39810
2026-02-10,42.40700
2026-02-11,42.41480
2026-02-12,42.42400
2026-02-13,42.43270
2026-02-14,42.43930
2026-02-15,42.44590
2026-02-16,42.45220
2026-02-17,42.45950
2026-02-18,42.46500
2026-02-19,42.47170
2026-02-20,42.47910
2026-02-21,42.48570
2026-02-22,42.49230
2026-02-23,42.49930
2026-02-24,42.50540
2026-02-25,42.51130
2026-02-26,42.51740
2026-02-27,42.52510
2026-02-28,42.53180
2026-03-01,42.53850
2026-03-02,42.54320
2026-03-03,42.55020
2026-03-04,42.55490
2026-03-05,42.55920
2026-03-06,42.56490
2026-03-07,42.57210
2026-03-08,42.57940
2026-03-09,42.58250
2026-03-10,42.59020
2026-03-11,42.59670
2026-03-12,42.60000
2026-03-13,42.60210
2026-03-14,42.60970
2026-03-15,42.61740
2026-03-16,42.62080
2026-03-17,42.63190
2026-03-18,42.64010
2026-03-19,42.64780
2026-03-20,42.65340
2026-03-21,42.66120
2026-03-22,42.66900
2026-03-23,42.66760
2026-03-24,42.67070
2026-03-25,42.67660
2026-03-26,42.68480
2026-03-27,42.69460
2026-03-29,42.71030
2026-03-30,42.72650
2026-03-31,42.73510
2026-04-01,42.74380
2026-04-02,42.79770
2026-04-03,42.80490
2026-04-04,42.81200
2026-04-05,42.81910
2026-04-06,42.83110
2026-04-07,42.84030
2026-04-08,42.85430
2026-04-09,42.87140
2026-04-10,42.88320
2026-04-11,42.88980
2026-04-12,42.89650
2026-04-13,42.90880
2026-04-14,42.91520
2026-04-15,42.92670
2026-04-16,42.93530
2026-04-17,42.94020
2026-04-18,42.94650
2026-04-19,42.95280
2026-04-20,42.95970
2026-04-21,42.96440
2026-04-22,42.96820
2026-04-23,42.97270
2026-04-24,42.97820
2026-04-26,42.99120
2026-04-27,42.99180
2026-04-28,42.99610
2026-04-29,43.00120
2026-04-30,43.00540
2026-05-02,43.01950
2026-05-03,43.02650
2026-05-04,43.03310
2026-05-05,43.03880
2026-05-06,43.04570
2026-05-07,43.05280
2026-05-08,43.05980
2026-05-09,43.06670
2026-05-10,43.07370
2026-05-11,43.07880
2026-05-12,43.08490
2026-05-13,43.09080
2026-05-14,43.09550
2026-05-15,43.10210
2026-05-17,43.11630
2026-05-18,43.12220
2026-05-19,43.12980
2026-05-20,43.13650
2026-05-21,43.14170
2026-05-22,43.14900
2026-05-23,43.15620
2026-05-24,43.16340
2026-05-25,43.17020
2026-05-26,43.17680
2026-05-27,43.18400
2026-05-28,43.19140
2026-05-29,43.20140
2026-05-30,43.20870
2026-05-31,43.21600
2026-06-01,43.22380
2026-06-02,43.23020
2026-06-03,43.23680
2026-06-04,43.24660
2026-06-05,43.25890
2026-06-07,43.27340
2026-06-08,43.28390
2026-06-09,43.29850
2026-06-10,43.30680
2026-06-11,43.31480
2026-06-12,43.32450
2026-06-13,43.33180
2026-06-14,43.33910
2026-06-15,43.35420
2026-06-16,43.37170
2026-06-17,43.37790
2026-06-18,43.38580
2026-06-19,43.39300
2026-06-21,43.40730
2026-06-22,43.41380
2026-06-23,43.42060
2026-06-24,43.42890
2026-06-25,43.43890
2026-06-26,43.44600
2026-06-28,43.46050
2026-06-29,43.46350
2026-06-30,43.49050
2026-07-01,43.50690
2026-07-02,43.51520
2026-07-03,43.52220
2026-07-04,43.52900
2026-07-05,43.53590
2026-07-06,43.53400
2026-07-07,43.53410
2026-07-08,43.53700
2026-07-09,43.54760
2026-07-10,43.56030
2026-07-11,43.56730
2026-07-12,43.57430
2026-07-13,43.58080
2026-07-14,43.58190
2026-07-15,43.58680
2026-07-16,43.59580
2026-07-17,43.60820
2026-07-19,43.62250
2026-07-20,43.62730
2026-07-21,43.63460
2026-07-22,43.63840
2026-07-23,43.64680
2026-07-24,43.65630
2026-07-25,43.66350
2026-07-26,43.67070
2026-07-27,43.67680
2026-07-28,43.68240
2026-07-29,43.68960
2026-07-30,43.69690
2026-07-31,43.70770
2026-08-02,43.72230
2026-08-03,43.73260
2026-08-04,43.74240
2026-08-05,43.75290
2026-08-06,43.76190
2026-08-07,43.77010
2026-08-09,43.78430
2026-08-10,43.79470
2026-08-11,43.80270
2026-08-12,43.80520
2026-08-13,43.81450
2026-08-14,43.82340
2026-08-15,43.83050
2026-08-16,43.83750
2026-08-17,43.84370
2026-08-18,43.84900
2026-08-19,43.85510
2026-08-20,43.85760
2026-08-21,43.86350
2026-08-22,43.87060
2026-08-23,43.87770
2026-08-24,43.88610
2026-08-25,43.89500
2026-08-26,43.90230
2026-08-27,43.91210
2026-08-28,43.91950
2026-08-29,43.92660
2026-08-30,43.93360
2026-08-31,43.94190
2026-09-01,43.95350
2026-09-02,43.96760
2026-09-03,43.98420
2026-09-04,43.99400
2026-09-05,44.00020
2026-09-06,44.00640
2026-09-07,44.01040
2026-09-08,44.01620
2026-09-09,44.02350
2026-09-10,44.03040
2026-09-11,44.03330
