Date,NAV
2006-04-03,17.16000
2006-04-04,17.31000
2006-04-05,17.63000
2006-04-07,17.38000
2006-04-10,17.61000
2006-04-12,17.13000
2006-04-13,16.70000
2006-04-17,17.17000
2006-04-18,17.40000
2006-04-19,17.46000
2006-04-20,17.51000
2006-04-21,17.46000
2006-04-24,17.49000
2006-04-25,17.20000
2006-04-26,17.54000
2006-04-27,17.35000
2006-04-28,17.48000
2006-05-02,18.08000
2006-05-03,18.11000
2006-05-04,18.02000
2006-05-05,18.09000
2006-05-08,18.14000
2006-05-09,18.21000
2006-05-10,18.23000
2006-05-11,18.11000
2006-05-12,17.94000
2006-05-15,17.32000
2006-05-16,17.30000
2006-05-17,17.72000
2006-05-18,16.47000
2006-05-19,15.88000
2006-05-22,15.16000
2006-05-23,15.72000
2006-05-24,15.42000
2006-05-25,15.50000
2006-05-26,15.86000
2006-05-29,16.05000
2006-05-30,15.88000
2006-05-31,15.51000
2006-06-01,14.90000
2006-06-02,15.31000
2006-06-05,15.04000
2006-06-06,14.59000
2006-06-07,13.95000
2006-06-08,13.29000
2006-06-09,14.04000
2006-06-12,13.58000
2006-06-13,12.84000
2006-06-14,12.58000
2006-06-15,13.46000
2006-06-16,14.03000
2006-06-19,14.40000
2006-06-20,14.31000
2006-06-21,14.57000
2006-06-22,14.94000
2006-06-23,15.08000
2006-06-26,14.40000
2006-06-27,14.50000
2006-06-28,14.59000
2006-06-29,14.67000
2006-06-30,15.35000
2006-07-03,15.41000
2006-07-04,15.42000
2006-07-05,15.68000
2006-07-06,15.56000
2006-07-07,15.22000
2006-07-10,15.52000
2006-07-11,15.51000
2006-07-12,15.91000
2006-07-13,15.83000
2006-07-14,15.66000
2006-07-16,0.00000
2006-07-17,15.09000
2006-07-18,14.87000
2006-07-19,14.23000
2006-07-20,14.71000
2006-07-21,14.37000
2006-07-24,14.42000
2006-07-25,14.73000
2006-07-26,15.11000
2006-07-27,15.30000
2006-07-28,15.35000
2006-07-31,15.40000
2006-08-01,15.37000
2006-08-02,15.62000
2006-08-03,15.62000
2006-08-04,15.56000
2006-08-07,15.52000
2006-08-08,15.71000
2006-08-09,15.93000
2006-08-10,16.06000
2006-08-11,16.23000
2006-08-14,16.44000
2006-08-16,16.56000
2006-08-17,16.57000
2006-08-18,16.52000
2006-08-21,16.62000
2006-08-22,16.61000
2006-08-23,16.42000
2006-08-24,16.64000
2006-08-25,16.82000
2006-08-28,16.91000
2006-08-29,14.94000
2006-08-30,14.87000
2006-08-31,14.71000
2006-09-01,14.84000
2006-09-04,15.05000
2006-09-05,15.09000
2006-09-06,15.12000
2006-09-07,15.04000
2006-09-08,15.13000
2006-09-11,14.66000
2006-09-12,14.80000
2006-09-13,15.02000
2006-09-14,15.13000
2006-09-15,15.25000
2006-09-18,15.29000
2006-09-19,15.04000
2006-09-20,15.15000
2006-09-21,15.31000
2006-09-22,15.28000
2006-09-25,15.14000
2006-09-26,15.26000
2006-09-27,15.29000
2006-09-28,15.27000
2006-09-29,15.46000
2006-10-03,15.51000
2006-10-04,15.37000
2006-10-05,15.54000
2006-10-06,15.64000
2006-10-09,15.65000
2006-10-10,15.63000
2006-10-11,15.51000
2006-10-12,15.76000
2006-10-13,15.86000
2006-10-16,15.91000
2006-10-17,15.91000
2006-10-18,15.95000
2006-10-19,15.81000
2006-10-20,15.88000
2006-10-23,15.94000
2006-10-26,16.04000
2006-10-27,16.31000
2006-10-30,16.39000
2006-10-31,16.39000
2006-11-01,16.51000
2006-11-02,16.59000
2006-11-03,16.77000
2006-11-06,16.88000
2006-11-07,16.86000
2006-11-08,16.70000
2006-11-09,16.87000
2006-11-10,17.06000
2006-11-13,17.31000
2006-11-14,17.05000
2006-11-15,16.92000
2006-11-16,16.94000
2006-11-17,16.76000
2006-11-20,16.71000
2006-11-21,16.95000
2006-11-22,17.15000
2006-11-23,17.11000
2006-11-24,17.17000
2006-11-27,17.25000
2006-11-28,17.13000
2006-11-29,17.42000
2006-11-30,17.52000
2006-12-01,17.64000
2006-12-04,17.76000
2006-12-05,17.68000
2006-12-06,17.48000
2006-12-07,17.53000
2006-12-08,17.37000
2006-12-11,16.87000
2006-12-12,16.09000
2006-12-13,16.42000
2006-12-14,16.90000
2006-12-15,17.22000
2006-12-18,17.16000
2006-12-19,16.90000
2006-12-20,16.91000
2006-12-21,17.05000
2006-12-22,17.26000
2006-12-26,17.43000
2006-12-27,17.49000
2006-12-28,17.50000
2006-12-29,17.64000
2007-01-02,17.93000
2007-01-03,18.11000
2007-01-04,18.07000
2007-01-05,17.87000
2007-01-08,17.65000
2007-01-09,17.47000
2007-01-10,17.30000
2007-01-11,17.70000
2007-01-12,17.96000
2007-01-15,18.04000
2007-01-16,18.21000
2007-01-17,18.15000
2007-01-18,18.17000
2007-01-19,17.94000
2007-01-22,17.99000
2007-01-23,17.72000
2007-01-24,17.68000
2007-01-25,17.84000
2007-01-29,17.84000
2007-01-31,17.68000
2007-02-01,17.81000
2007-02-02,17.96000
2007-02-05,18.18000
2007-02-06,18.24000
2007-02-07,18.20000
2007-02-08,18.08000
2007-02-09,17.62000
2007-02-12,16.70000
2007-02-13,16.47000
2007-02-14,16.57000
2007-02-15,17.30000
2007-02-19,17.18000
2007-02-20,16.87000
2007-02-21,16.75000
2007-02-22,16.49000
2007-02-23,16.08000
2007-02-26,16.10000
2007-02-27,16.06000
2007-02-28,15.37000
2007-03-01,15.45000
2007-03-02,15.11000
2007-03-05,14.30000
2007-03-06,14.46000
2007-03-07,14.21000
2007-03-08,14.72000
2007-03-09,14.52000
2007-03-12,14.63000
2007-03-13,14.90000
2007-03-14,14.59000
2007-03-15,14.69000
2007-03-16,14.46000
2007-03-19,14.64000
2007-03-20,14.67000
2007-03-21,14.71000
2007-03-22,14.98000
2007-03-23,15.06000
2007-03-26,14.88000
2007-03-28,14.62000
2007-03-29,14.58000
2007-03-30,14.79000
2007-04-02,14.12000
2007-04-03,14.22000
2007-04-04,14.34000
2007-04-05,14.49000
2007-04-09,14.84000
2007-04-10,14.90000
2007-04-11,15.02000
2007-04-12,15.08000
2007-04-13,15.44000
2007-04-16,15.76000
2007-04-17,15.61000
2007-04-18,15.70000
2007-04-19,15.61000
2007-04-20,15.85000
2007-04-23,15.77000
2007-04-24,16.09000
2007-04-25,16.29000
2007-04-26,16.21000
2007-04-27,15.93000
2007-04-30,16.14000
2007-05-03,16.22000
2007-05-04,16.27000
2007-05-07,16.15000
2007-05-08,15.98000
2007-05-09,15.96000
2007-05-10,15.94000
2007-05-11,15.96000
2007-05-14,16.12000
2007-05-15,16.18000
2007-05-16,16.61000
2007-05-17,16.97000
2007-05-18,17.02000
2007-05-21,17.13000
2007-05-22,17.27000
2007-05-23,17.07000
2007-05-24,16.90000
2007-05-25,16.95000
2007-05-28,17.12000
2007-05-29,17.31000
2007-05-30,17.22000
2007-05-31,17.42000
2007-06-01,17.60710
2007-06-04,17.48740
2007-06-05,17.60450
2007-06-06,17.38520
2007-06-07,17.31220
2007-06-08,17.24370
2007-06-11,17.09110
2007-06-12,16.83950
2007-06-13,16.72840
2007-06-14,16.98070
2007-06-15,17.11650
2007-06-18,16.97080
2007-06-19,17.20750
2007-06-20,17.56440
2007-06-21,17.86720
2007-06-22,17.77930
2007-06-25,17.75610
2007-06-26,17.89740
2007-06-27,17.67120
2007-06-28,17.95840
2007-06-29,18.19270
2007-07-02,18.32160
2007-07-03,18.67020
2007-07-04,18.78160
2007-07-05,18.64560
2007-07-06,18.74280
2007-07-09,18.80380
2007-07-10,18.66590
2007-07-11,18.90720
2007-07-12,19.22770
2007-07-13,19.45150
2007-07-16,19.45960
2007-07-17,19.29550
2007-07-18,19.43050
2007-07-19,19.76670
2007-07-20,19.59050
2007-07-23,19.92160
2007-07-24,19.95860
2007-07-25,19.68590
2007-07-26,19.80750
2007-07-27,19.04370
2007-07-30,19.13870
2007-07-31,19.48390
2007-08-01,18.62580
2007-08-02,18.88890
2007-08-03,19.20820
2007-08-06,18.95980
2007-08-07,19.05740
2007-08-08,19.29610
2007-08-09,19.01880
2007-08-10,18.92410
2007-08-13,19.24320
2007-08-14,19.09890
2007-08-16,18.45450
2007-08-17,18.33590
2007-08-20,18.68200
2007-08-21,18.14670
2007-08-22,18.35660
2007-08-23,18.09350
2007-08-24,18.45520
2007-08-27,19.12400
2007-08-28,19.15390
2007-08-29,19.23190
2007-08-30,19.46640
2007-08-31,19.78710
2007-09-03,20.02630
2007-09-04,20.10010
2007-09-05,19.97160
2007-09-06,20.07950
2007-09-07,20.01130
2007-09-10,20.16650
2007-09-11,20.10090
2007-09-12,20.17710
2007-09-13,20.41750
2007-09-14,20.15320
2007-09-17,20.17510
2007-09-18,20.32640
2007-09-19,20.76730
2007-09-20,20.81610
2007-09-21,20.96970
2007-09-24,21.22690
2007-09-25,21.08000
2007-09-26,21.06560
2007-09-27,21.21020
2007-09-28,21.58950
2007-10-01,22.03800
2007-10-03,22.15740
2007-10-04,22.33330
2007-10-05,21.93150
2007-10-08,21.64250
2007-10-09,22.24390
2007-10-10,22.62400
2007-10-11,22.87080
2007-10-12,22.52550
2007-10-15,22.95250
2007-10-16,23.27210
2007-10-17,22.90180
2007-10-18,22.55850
2007-10-19,22.00030
2007-10-22,21.79980
2007-10-23,22.62990
2007-10-24,22.73510
2007-10-25,23.06020
2007-10-26,23.54070
2007-10-29,24.07300
2007-10-30,23.74460
2007-10-31,23.99460
2007-11-01,23.31840
2007-11-02,23.26740
2007-11-05,22.98190
2007-11-06,22.69950
2007-11-07,22.40800
2007-11-08,22.27330
2007-11-12,22.27610
2007-11-13,22.74470
2007-11-14,23.22460
2007-11-15,23.26110
2007-11-16,23.46620
2007-11-19,24.02140
2007-11-20,23.58950
2007-11-21,22.83340
2007-11-22,22.60000
2007-11-23,22.73540
2007-11-26,23.20550
2007-11-27,23.29570
2007-11-28,23.45760
2007-11-29,23.32020
2007-11-30,24.00100
2007-12-03,24.39720
2007-12-04,24.29930
2007-12-05,24.56300
2007-12-06,24.80290
2007-12-07,25.03380
2007-12-10,25.00900
2007-12-11,25.33020
2007-12-12,25.44530
2007-12-13,25.16810
2007-12-14,25.35300
2007-12-17,24.57140
2007-12-18,24.70340
2007-12-19,24.57810
2007-12-20,24.69330
2007-12-24,24.96900
2007-12-26,25.24060
2007-12-27,25.09050
2007-12-28,25.36280
2007-12-31,25.87800
2008-01-01,26.27970
2008-01-02,26.88600
2008-01-03,26.43390
2008-01-04,26.46900
2008-01-07,26.32270
2008-01-08,25.76530
2008-01-09,25.78080
2008-01-10,25.14350
2008-01-11,25.03640
2008-01-14,25.11800
2008-01-15,24.85290
2008-01-16,24.52120
2008-01-17,24.59690
2008-01-18,23.45730
2008-01-21,21.39120
2008-01-22,19.69730
2008-01-23,21.11710
2008-01-24,20.45370
2008-01-25,21.60000
2008-01-28,21.36450
2008-01-29,21.20530
2008-01-30,20.87660
2008-01-31,20.44150
2008-02-01,21.11670
2008-02-04,21.92760
2008-02-05,21.87840
2008-02-06,21.23390
2008-02-07,20.76490
2008-02-08,20.51600
2008-02-11,19.50950
2008-02-12,19.33810
2008-02-13,19.27600
2008-02-14,20.33690
2008-02-15,20.73990
2008-02-18,20.72330
2008-02-19,20.69990
2008-02-20,20.32170
2008-02-21,20.71810
2008-02-22,20.51750
2008-02-25,20.66740
2008-02-26,20.80630
2008-02-27,20.61400
2008-02-28,20.69520
2008-02-29,20.40280
2008-03-03,19.54570
2008-03-04,19.28700
2008-03-05,19.43410
2008-03-07,19.00400
2008-03-10,18.83940
2008-03-11,18.99840
2008-03-12,18.72640
2008-03-13,17.60810
2008-03-14,17.87560
2008-03-17,16.79980
2008-03-18,16.73050
2008-03-19,16.73900
2008-03-24,16.47300
2008-03-25,17.57970
2008-03-26,17.70320
2008-03-27,17.64550
2008-03-28,18.26050
2008-03-31,17.85810
2008-04-01,17.78570
2008-04-02,17.91520
2008-04-03,17.79290
2008-04-04,17.33910
2008-04-07,17.62580
2008-04-08,17.61520
2008-04-09,17.75600
2008-04-10,17.66090
2008-04-11,17.77040
2008-04-15,18.26170
2008-04-16,18.51240
2008-04-17,18.80220
2008-04-21,19.25020
2008-04-22,19.23520
2008-04-23,19.39990
2008-04-24,19.17280
2008-04-25,19.37230
2008-04-28,19.45890
2008-04-29,19.86340
2008-04-30,19.75320
2008-05-02,20.02040
2008-05-05,20.05640
2008-05-06,19.80410
2008-05-07,19.70590
2008-05-08,19.57810
2008-05-09,19.09670
2008-05-12,19.06840
2008-05-13,19.01300
2008-05-14,19.23680
2008-05-15,19.52530
2008-05-16,19.72030
2008-05-20,19.64000
2008-05-21,19.74780
2008-05-22,19.35410
2008-05-23,18.99620
2008-05-26,18.23960
2008-05-27,18.07490
2008-05-28,18.24640
2008-05-29,18.22400
2008-05-30,18.44960
2008-06-02,17.81890
2008-06-03,17.64240
2008-06-04,17.05030
2008-06-05,17.36150
2008-06-06,17.47330
2008-06-09,16.97680
2008-06-10,16.70280
2008-06-11,16.99170
2008-06-12,17.18490
2008-06-13,17.21970
2008-06-16,17.30710
2008-06-17,17.71250
2008-06-18,17.35200
2008-06-19,16.99670
2008-06-20,16.44890
2008-06-23,15.92890
2008-06-24,15.71940
2008-06-25,15.90880
2008-06-26,15.73360
2008-06-27,15.22610
2008-06-30,14.62660
2008-07-01,13.84340
2008-07-02,14.52900
2008-07-03,13.89110
2008-07-04,14.54910
2008-07-07,14.64220
2008-07-08,14.45430
2008-07-09,15.10190
2008-07-10,15.07350
2008-07-11,14.55810
2008-07-14,14.29030
2008-07-15,13.71490
2008-07-16,13.51270
2008-07-17,14.04590
2008-07-18,14.30640
2008-07-21,14.33940
2008-07-22,14.65750
2008-07-23,15.42790
2008-07-24,15.36240
2008-07-25,15.26420
2008-07-28,15.35880
2008-07-29,14.95030
2008-07-30,15.36650
2008-07-31,15.31110
2008-08-01,15.43260
2008-08-04,15.48020
2008-08-05,15.79850
2008-08-06,15.92060
2008-08-07,15.94580
2008-08-08,15.97940
2008-08-11,16.39320
2008-08-12,16.21380
2008-08-13,16.14070
2008-08-14,15.75020
2008-08-18,15.55280
2008-08-19,15.49140
2008-08-20,15.65470
2008-08-21,15.27500
2008-08-22,15.35300
2008-08-25,15.36080
2008-08-26,15.52190
2008-08-27,15.35490
2008-08-28,15.17740
2008-08-29,15.66880
2008-09-01,15.63360
2008-09-02,16.08440
2008-09-04,16.07700
2008-09-05,15.80410
2008-09-08,16.15920
2008-09-09,16.15470
2008-09-10,15.97440
2008-09-11,15.71800
2008-09-12,15.41210
2008-09-15,14.74380
2008-09-16,14.61820
2008-09-17,14.37200
2008-09-18,14.35100
2008-09-19,15.15450
2008-09-22,15.00000
2008-09-23,14.66560
2008-09-24,14.79330
2008-09-25,14.69120
2008-09-26,14.18260
2008-09-29,13.46770
2008-09-30,13.74140
2008-10-01,13.82440
2008-10-03,13.25210
2008-10-06,12.48410
2008-10-07,12.18800
2008-10-08,11.71960
2008-10-10,10.73160
2008-10-13,11.44740
2008-10-14,11.62860
2008-10-15,10.97940
2008-10-16,10.72920
2008-10-17,10.16500
2008-10-20,10.15380
2008-10-21,10.50850
2008-10-22,10.15550
2008-10-23,9.83510
2008-10-24,9.02520
2008-10-27,8.67490
2008-10-29,9.07990
2008-10-31,9.73950
2008-11-03,10.07490
2008-11-04,10.48790
2008-11-05,10.34050
2008-11-06,10.07910
2008-11-07,10.23680
2008-11-10,10.80560
2008-11-11,10.31720
2008-11-12,10.01190
2008-11-14,9.77130
2008-11-17,9.61330
2008-11-18,9.29240
2008-11-19,9.12270
2008-11-20,8.84860
2008-11-21,9.18340
2008-11-24,9.17980
2008-11-25,8.95420
2008-11-26,9.10570
2008-11-28,9.14500
2008-12-01,8.81800
2008-12-02,8.70100
2008-12-03,8.80700
2008-12-04,9.26640
2008-12-05,9.04980
2008-12-08,9.16820
2008-12-10,9.55400
2008-12-11,9.60980
2008-12-12,9.77530
2008-12-15,9.94620
2008-12-16,10.05400
2008-12-17,9.72620
2008-12-18,10.09720
2008-12-19,10.22860
2008-12-22,10.10890
2008-12-23,9.87510
2008-12-24,9.83860
2008-12-26,9.59630
2008-12-29,9.77070
2008-12-30,10.02420
2008-12-31,9.96700
2009-01-01,10.28650
2009-01-02,10.39750
2009-01-05,10.66140
2009-01-06,10.64770
2009-01-07,9.73270
2009-01-09,9.43520
2009-01-12,9.09560
2009-01-13,8.93320
2009-01-14,9.20750
2009-01-15,8.89400
2009-01-16,9.14130
2009-01-19,9.14690
2009-01-20,8.98610
2009-01-21,8.66460
2009-01-22,8.54220
2009-01-23,8.36560
2009-01-27,8.66800
2009-01-28,8.85850
2009-01-29,8.80270
2009-01-30,8.98480
2009-02-02,8.69730
2009-02-03,8.73720
2009-02-04,8.67780
2009-02-05,8.63790
2009-02-06,8.79990
2009-02-09,9.03570
2009-02-10,9.14350
2009-02-11,9.17030
2009-02-12,9.06280
2009-02-13,9.28730
2009-02-16,8.92340
2009-02-17,8.63860
2009-02-18,8.57440
2009-02-19,8.51480
2009-02-20,8.35080
2009-02-24,8.23480
2009-02-25,8.21840
2009-02-26,8.17840
2009-02-27,8.16280
2009-03-02,8.01120
2009-03-03,7.84270
2009-03-04,7.77870
2009-03-05,7.58990
2009-03-06,7.73600
2009-03-09,7.64250
2009-03-12,7.80050
2009-03-13,8.12320
2009-03-16,8.39170
2009-03-17,8.27440
2009-03-18,8.50110
2009-03-19,8.50330
2009-03-20,8.39140
2009-03-23,8.74810
2009-03-24,8.77560
2009-03-25,8.95220
2009-03-26,9.22480
2009-03-27,9.29000
2009-03-30,8.90860
2009-03-31,9.04370
2009-04-01,9.17520
2009-04-02,9.53760
2009-04-06,9.72200
2009-04-08,9.83520
2009-04-09,9.95950
2009-04-13,10.15990
2009-04-15,10.43630
2009-04-16,10.18290
2009-04-17,10.30150
2009-04-20,10.34570
2009-04-21,10.24130
2009-04-22,10.21830
2009-04-23,10.36820
2009-04-24,10.55440
2009-04-27,10.62800
2009-04-28,10.33440
2009-04-29,10.53520
2009-05-04,11.06940
2009-05-05,11.11930
2009-05-06,11.10830
2009-05-07,11.39640
2009-05-08,11.20590
2009-05-11,11.08090
2009-05-12,11.25680
2009-05-13,11.18920
2009-05-14,11.11670
2009-05-15,11.28710
2009-05-19,13.63100
2009-05-20,13.72230
2009-05-21,13.62190
2009-05-22,13.76600
2009-05-25,13.86430
2009-05-26,13.42550
2009-05-27,14.03110
2009-05-28,14.22830
2009-05-29,14.46390
2009-06-01,14.63000
2009-06-02,14.60510
2009-06-03,14.64430
2009-06-04,14.79100
2009-06-05,14.88240
2009-06-08,14.25600
2009-06-09,14.55490
2009-06-10,14.91840
2009-06-11,14.91900
2009-06-12,14.57140
2009-06-15,14.25590
2009-06-16,14.57870
2009-06-17,14.11050
2009-06-18,13.88210
2009-06-19,14.11190
2009-06-22,13.92200
2009-06-23,13.93750
2009-06-24,14.20030
2009-06-25,14.16720
2009-06-26,14.57780
2009-06-29,14.68040
2009-06-30,14.25360
2009-07-01,14.47970
2009-07-02,14.52520
2009-07-03,14.69440
2009-07-06,13.80660
2009-07-07,14.00190
2009-07-08,13.42120
2009-07-09,13.53290
2009-07-10,13.24590
2009-07-13,13.05700
2009-07-14,13.55300
2009-07-15,14.00780
2009-07-16,13.85360
2009-07-17,14.26960
2009-07-20,14.51130
2009-07-21,14.36730
2009-07-22,14.24980
2009-07-23,14.58190
2009-07-24,14.71670
2009-07-27,14.78510
2009-07-28,14.84710
2009-07-29,14.71550
2009-07-30,14.78420
2009-07-31,14.92650
2009-08-03,15.15780
2009-08-04,15.02570
2009-08-05,15.22140
2009-08-06,14.84670
2009-08-07,14.51900
2009-08-10,14.40580
2009-08-11,14.56150
2009-08-12,14.54820
2009-08-13,14.97730
2009-08-14,14.97950
2009-08-17,14.41490
2009-08-18,14.63190
2009-08-19,14.54880
2009-08-20,14.63710
2009-08-21,14.84000
2009-08-24,15.17700
2009-08-25,15.09950
2009-08-26,15.10160
2009-08-27,15.14680
2009-08-28,15.32130
2009-08-31,15.30290
2009-09-01,15.24820
2009-09-02,15.16510
2009-09-03,15.06480
2009-09-04,15.22900
2009-09-07,15.59270
2009-09-08,15.64100
2009-09-09,15.59250
2009-09-10,15.62140
2009-09-11,15.59440
2009-09-14,15.60320
2009-09-15,15.88280
2009-09-16,16.04190
2009-09-17,16.09460
2009-09-18,16.11070
2009-09-22,16.09770
2009-09-23,15.84930
2009-09-24,15.93370
2009-09-25,15.97930
2009-09-29,16.02410
2009-09-30,16.17210
2009-10-01,16.16810
2009-10-05,15.93180
2009-10-06,15.92580
2009-10-07,16.05900
2009-10-08,16.17120
2009-10-09,16.00820
2009-10-12,16.26170
2009-10-14,16.57800
2009-10-15,16.55060
2009-10-16,16.71320
2009-10-20,16.66350
2009-10-21,16.42370
2009-10-22,16.14520
2009-10-23,16.18220
2009-10-26,15.91790
2009-10-27,15.47300
2009-10-28,15.55860
2009-10-29,15.34040
2009-10-30,15.21660
2009-11-03,14.81260
2009-11-04,15.22180
2009-11-05,15.38820
2009-11-06,15.57990
2009-11-09,15.86890
2009-11-10,15.69140
2009-11-11,16.08700
2009-11-12,15.92170
2009-11-13,16.01840
2009-11-16,16.07880
2009-11-17,16.08640
2009-11-18,16.01760
2009-11-19,15.73610
2009-11-20,15.87720
2009-11-23,15.92670
2009-11-24,15.94380
2009-11-25,15.97470
2009-11-26,15.73280
2009-11-27,15.44200
2009-11-30,15.78000
2009-12-01,16.02030
2009-12-02,16.00440
2009-12-03,16.01110
2009-12-04,15.95700
2009-12-07,15.85320
2009-12-08,16.08640
2009-12-09,15.92510
2009-12-10,16.06450
2009-12-11,15.92750
2009-12-14,15.84400
2009-12-15,15.58050
2009-12-16,15.61970
2009-12-17,15.58950
2009-12-18,15.42790
2009-12-21,15.31990
2009-12-22,15.38800
2009-12-23,15.74800
2009-12-24,15.85050
2009-12-29,15.89170
2009-12-30,15.91710
2009-12-31,15.98510
2010-01-04,16.21070
2010-01-05,16.45400
2010-01-06,16.55250
2010-01-07,16.60860
2010-01-08,16.61570
2010-01-11,16.75620
2010-01-12,16.56140
2010-01-13,16.58160
2010-01-14,16.69240
2010-01-15,16.63530
2010-01-18,16.65430
2010-01-19,16.41460
2010-01-20,16.30770
2010-01-21,15.82320
2010-01-22,15.62770
2010-01-25,15.47560
2010-01-27,15.06770
2010-01-28,15.06580
2010-01-29,15.07090
2010-02-01,15.25980
2010-02-02,15.01310
2010-02-03,15.36220
2010-02-04,15.04160
2010-02-05,14.68980
2010-02-08,14.84330
2010-02-09,14.95610
2010-02-10,14.88060
2010-02-11,15.07430
2010-02-15,14.89070
2010-02-16,15.00610
2010-02-17,15.15370
2010-02-18,15.05240
2010-02-19,14.84340
2010-02-22,14.83760
2010-02-23,14.83000
2010-02-24,14.84870
2010-02-25,14.78950
2010-02-26,14.93850
2010-03-02,15.21170
2010-03-03,15.44270
2010-03-04,15.47130
2010-03-05,15.49830
2010-03-08,15.65300
2010-03-09,15.54160
2010-03-10,15.49330
2010-03-11,15.53510
2010-03-12,15.50920
2010-03-15,15.45890
2010-03-16,15.63740
2010-03-17,15.65000
2010-03-18,15.67380
2010-03-19,14.22900
2010-03-22,14.04150
2010-03-23,14.13540
2010-03-25,14.14770
2010-03-26,14.22330
2010-03-29,14.34250
2010-03-30,14.24750
2010-03-31,14.26040
2010-04-01,14.33460
2010-04-05,14.54510
2010-04-06,14.49810
2010-04-07,14.56770
2010-04-08,14.42730
2010-04-09,14.57560
2010-04-12,14.58400
2010-04-13,14.55050
2010-04-15,14.45410
2010-04-16,14.35570
2010-04-19,14.18010
2010-04-20,14.29450
2010-04-21,14.31460
2010-04-22,14.34790
2010-04-23,14.44100
2010-04-26,14.50520
2010-04-27,14.50920
2010-04-28,14.26540
2010-04-29,14.40430
2010-04-30,14.50780
2010-05-03,14.35880
2010-05-04,14.10200
2010-05-05,13.95950
2010-05-06,13.87160
2010-05-07,13.64790
2010-05-10,14.13570
2010-05-11,13.99430
2010-05-12,13.96460
2010-05-13,14.05760
2010-05-14,13.90090
2010-05-17,13.76440
2010-05-18,13.86600
2010-05-19,13.48690
2010-05-20,13.56370
2010-05-21,13.45340
2010-05-24,13.49630
2010-05-25,13.10620
2010-05-26,13.39130
2010-05-27,13.70290
2010-05-28,13.87930
2010-05-31,13.99440
2010-06-01,13.74560
2010-06-02,13.92920
2010-06-03,14.13680
2010-06-04,14.16380
2010-06-07,13.93060
2010-06-08,13.81150
2010-06-09,13.88590
2010-06-10,14.14610
2010-06-11,14.20660
2010-06-14,14.34170
2010-06-15,14.40120
2010-06-16,14.47550
2010-06-17,14.62430
2010-06-18,14.56080
2010-06-21,14.85900
2010-06-22,14.74640
2010-06-23,14.77020
2010-06-24,14.78050
2010-06-25,14.70610
2010-06-28,14.86720
2010-06-29,14.68540
2010-06-30,14.82250
2010-07-01,14.71820
2010-07-02,14.62590
2010-07-05,14.62060
2010-07-06,14.67870
2010-07-07,14.56410
2010-07-08,14.66810
2010-07-09,14.77580
2010-07-12,14.83850
2010-07-13,14.97200
2010-07-14,14.93050
2010-07-15,14.87100
2010-07-16,15.02630
2010-07-19,15.00360
2010-07-20,14.96150
2010-07-21,14.99730
2010-07-22,15.12030
2010-07-23,15.09800
2010-07-26,14.96180
2010-07-27,15.00940
2010-07-28,14.94920
2010-07-29,14.94240
2010-07-30,14.88490
2010-08-02,14.99140
2010-08-03,14.97830
2010-08-04,15.00690
2010-08-05,14.94610
2010-08-06,14.97610
2010-08-09,15.12530
2010-08-10,15.14910
2010-08-11,15.00790
2010-08-12,14.97700
2010-08-13,15.04500
2010-08-16,14.88840
2010-08-17,14.91170
2010-08-18,15.12040
2010-08-19,15.32550
2010-08-20,15.27380
2010-08-23,15.15520
2010-08-24,15.04920
2010-08-25,14.89490
2010-08-26,15.01320
2010-08-27,14.89580
2010-08-30,14.79080
2010-08-31,14.73290
2010-09-01,14.91290
2010-09-02,15.01140
2010-09-03,15.01030
2010-09-06,15.19820
2010-09-07,15.22580
2010-09-08,15.22650
2010-09-09,15.25270
2010-09-13,15.52100
2010-09-14,15.66790
2010-09-15,15.75340
2010-09-16,15.59270
2010-09-17,15.63430
2010-09-20,15.90980
2010-09-21,16.01010
2010-09-22,15.93040
2010-09-23,16.03210
2010-09-24,16.23470
2010-09-27,16.33210
2010-09-28,16.25910
2010-09-29,16.17290
2010-09-30,16.19300
2010-10-01,16.62780
2010-10-04,16.84880
2010-10-05,16.84710
2010-10-06,17.05520
2010-10-07,16.73730
2010-10-08,16.56580
2010-10-11,16.67960
2010-10-12,16.54110
2010-10-13,16.91610
2010-10-14,16.73470
2010-10-15,16.51650
2010-10-18,16.46050
2010-10-19,16.38270
2010-10-20,16.23060
2010-10-21,16.54410
2010-10-22,16.38580
2010-10-25,16.54730
2010-10-26,16.59720
2010-10-27,16.43980
2010-10-28,16.37720
2010-10-29,16.29640
2010-11-01,16.59370
2010-11-02,16.59330
2010-11-03,16.74300
2010-11-04,17.06130
2010-11-08,17.25270
2010-11-09,17.29950
2010-11-10,17.33380
2010-11-11,17.11940
2010-11-12,16.69190
2010-11-15,16.71250
2010-11-16,16.32710
2010-11-18,16.35410
2010-11-19,16.01210
2010-11-22,16.26320
2010-11-23,16.05290
2010-11-24,15.91750
2010-11-25,15.67200
2010-11-26,15.30410
2010-11-29,15.51030
2010-11-30,15.66590
2010-12-01,15.94750
2010-12-02,16.06100
2010-12-03,15.95600
2010-12-06,16.08360
2010-12-07,16.01860
2010-12-08,15.81780
2010-12-09,15.39700
2010-12-10,15.60350
2010-12-13,15.78240
2010-12-14,15.87610
2010-12-15,15.80450
2010-12-16,15.80750
2010-12-20,15.86410
2010-12-21,15.96930
2010-12-22,15.93100
2010-12-23,15.90340
2010-12-24,15.92730
2010-12-27,15.90050
2010-12-28,15.85880
2010-12-29,16.04740
2010-12-30,16.24640
2010-12-31,16.33450
2011-01-03,16.40700
2011-01-04,16.42910
2011-01-05,16.23600
2011-01-06,16.08900
2011-01-07,15.70550
2011-01-10,15.35560
2011-01-11,15.30920
2011-01-12,15.58130
2011-01-13,15.39570
2011-01-14,15.25000
2011-01-17,15.12630
2011-01-18,15.15570
2011-01-19,15.08430
2011-01-20,15.15390
2011-01-21,15.12860
2011-01-24,15.25060
2011-01-25,15.09350
2011-01-27,14.75010
2011-01-28,14.38350
2011-01-31,14.33970
2011-02-01,14.08650
2011-02-02,14.13800
2011-02-03,14.33510
2011-02-04,13.98710
2011-02-07,14.00150
2011-02-08,13.80490
2011-02-09,13.64750
2011-02-10,13.59950
2011-02-11,13.78100
2011-02-14,14.17160
2011-02-15,14.23670
2011-02-16,14.21890
2011-02-17,14.32870
2011-02-18,14.13810
2011-02-21,14.21090
2011-02-22,14.10930
2011-02-23,14.04830
2011-02-24,13.62320
2011-02-25,13.62260
2011-02-28,13.69530
2011-03-01,14.19080
2011-03-03,14.28940
2011-03-04,14.27650
2011-03-07,14.01910
2011-03-08,14.16020
2011-03-09,14.17450
2011-03-10,14.06660
2011-03-11,13.92970
2011-03-14,14.16300
2011-03-15,13.94810
2011-03-16,14.14660
2011-03-17,14.00820
2011-03-18,13.83030
2011-03-21,13.81940
2011-03-22,13.92920
2011-03-23,14.05780
2011-03-24,14.18280
2011-03-25,14.53380
2011-03-28,14.64880
2011-03-29,14.77790
2011-03-30,14.92110
2011-03-31,15.02690
2011-04-01,15.00850
2011-04-04,15.18110
2011-04-05,15.17410
2011-04-06,15.06770
2011-04-07,15.08250
2011-04-08,14.99520
2011-04-11,14.84610
2011-04-13,15.13190
2011-04-15,14.94670
2011-04-18,14.68450
2011-04-19,14.71290
2011-04-20,15.01670
2011-04-21,15.06440
2011-04-25,15.06360
2011-04-26,15.05050
2011-04-27,14.97010
2011-04-28,14.84620
2011-04-29,14.74230
2011-05-02,14.60020
2011-05-03,14.23850
2011-05-04,14.14080
2011-05-05,13.93850
2011-05-06,14.19380
2011-05-09,14.24570
2011-05-10,14.19470
2011-05-11,14.25650
2011-05-12,14.05460
2011-05-13,14.22230
2011-05-16,14.09990
2011-05-17,14.02180
2011-05-18,13.99950
2011-05-19,13.99120
2011-05-20,14.14820
2011-05-23,13.89270
2011-05-24,13.93000
2011-05-25,13.83830
2011-05-26,13.97490
2011-05-27,14.11330
2011-05-30,14.07730
2011-05-31,14.29920
2011-06-01,14.35160
2011-06-02,14.23290
2011-06-03,14.15910
2011-06-06,14.18180
2011-06-07,14.25660
2011-06-08,14.20870
2011-06-09,14.20050
2011-06-10,14.13830
2011-06-13,14.08880
2011-06-14,14.13870
2011-06-15,14.01460
2011-06-16,13.85220
2011-06-17,13.76500
2011-06-20,13.47070
2011-06-21,13.53030
2011-06-22,13.55110
2011-06-23,13.64420
2011-06-24,13.98560
2011-06-27,14.13130
2011-06-28,14.20650
2011-06-29,14.36570
2011-06-30,14.51840
2011-07-01,14.51120
2011-07-04,14.57820
2011-07-05,14.50150
2011-07-06,14.51390
2011-07-07,14.76650
2011-07-08,14.55720
2011-07-11,14.40980
2011-07-12,14.15330
2011-07-13,14.30100
2011-07-14,14.33650
2011-07-15,14.29420
2011-07-18,14.27240
2011-07-19,14.37960
2011-07-20,14.23790
2011-07-21,14.17510
2011-07-22,14.41430
2011-07-25,14.52260
2011-07-26,14.27270
2011-07-27,14.16360
2011-07-28,13.99890
2011-07-29,14.00260
2011-08-01,14.06690
2011-08-02,13.90220
2011-08-03,13.76110
2011-08-04,13.56930
2011-08-05,13.24020
2011-08-08,12.99200
2011-08-09,12.89740
2011-08-10,13.11020
2011-08-11,13.02620
2011-08-12,12.87760
2011-08-16,12.83370
2011-08-17,12.86240
2011-08-18,12.55740
2011-08-19,12.29070
2011-08-22,12.45520
2011-08-23,12.59450
2011-08-24,12.40890
2011-08-25,12.30410
2011-08-26,12.08680
2011-08-29,12.50660
2011-08-30,12.68580
2011-09-02,12.74660
2011-09-05,12.69890
2011-09-06,12.81900
2011-09-07,12.94400
2011-09-08,13.00160
2011-09-09,12.77090
2011-09-12,12.47450
2011-09-13,12.43900
2011-09-14,12.60980
2011-09-15,12.76300
2011-09-16,12.80410
2011-09-19,12.66940
2011-09-20,12.91800
2011-09-21,12.90820
2011-09-22,12.43340
2011-09-23,12.30190
2011-09-26,12.21730
2011-09-27,12.54930
2011-09-28,12.49670
2011-09-29,12.66390
2011-09-30,12.48020
2011-10-03,12.25610
2011-10-04,12.05830
2011-10-05,12.00060
2011-10-07,12.34120
2011-10-10,12.58680
2011-10-11,12.56940
2011-10-12,12.88560
2011-10-13,12.79950
2011-10-14,12.93710
2011-10-17,12.90560
2011-10-18,12.70240
2011-10-19,12.95150
2011-10-20,12.84460
2011-10-21,12.70980
2011-10-24,12.82390
2011-10-25,13.04600
2011-10-28,13.51320
2011-10-31,13.37980
2011-11-01,13.23310
2011-11-02,13.20750
2011-11-03,13.26280
2011-11-04,13.33220
2011-11-08,13.32800
2011-11-09,13.10760
2011-11-11,12.92080
2011-11-14,12.84090
2011-11-15,12.63660
2011-11-16,12.56110
2011-11-17,12.27690
2011-11-18,12.19770
2011-11-21,11.87300
2011-11-22,11.97150
2011-11-23,11.71330
2011-11-24,11.84580
2011-11-25,11.77090
2011-11-28,12.15770
2011-11-29,12.00180
2011-11-30,12.02640
2011-12-01,12.26400
2011-12-02,12.56960
2011-12-05,12.57120
2011-12-07,12.60530
2011-12-08,12.29600
2011-12-09,12.10960
2011-12-12,11.79390
2011-12-13,11.86870
2011-12-14,11.79030
2011-12-15,11.73370
2011-12-16,11.47200
2011-12-19,11.33760
2011-12-20,11.13000
2011-12-21,11.46810
2011-12-22,11.61750
2011-12-23,11.56150
2011-12-26,11.70010
2011-12-27,11.62540
2011-12-28,11.47830
2011-12-29,11.34560
2011-12-30,11.27180
2012-01-02,11.33380
2012-01-03,11.68720
2012-01-04,11.66940
2012-01-05,11.68380
2012-01-06,11.66040
2012-01-09,11.65240
2012-01-10,11.94400
2012-01-11,11.99390
2012-01-12,11.97210
2012-01-13,12.07600
2012-01-16,12.11970
2012-01-17,12.37220
2012-01-18,12.32860
2012-01-19,12.50590
2012-01-20,12.62430
2012-01-23,12.65880
2012-01-24,12.90270
2012-01-25,12.98010
2012-01-27,13.09710
2012-01-30,12.76750
2012-01-31,13.02820
2012-02-01,13.14630
2012-02-02,13.22020
2012-02-03,13.34280
2012-02-06,13.48940
2012-02-07,13.40130
2012-02-08,13.45360
2012-02-09,13.57930
2012-02-10,13.52610
2012-02-13,13.51240
2012-02-14,13.56640
2012-02-15,13.92190
2012-02-16,13.92820
2012-02-17,14.07880
2012-02-21,14.17180
2012-02-22,13.84490
2012-02-23,13.73690
2012-02-24,13.59810
2012-02-27,13.24570
2012-02-28,13.54630
2012-02-29,13.59060
2012-03-01,13.46790
2012-03-02,13.51890
2012-03-05,13.29240
2012-03-06,13.10450
2012-03-07,13.07240
2012-03-09,13.42300
2012-03-12,13.52460
2012-03-13,13.67940
2012-03-14,13.81670
2012-03-15,13.61790
2012-03-16,13.46820
2012-03-19,13.29970
2012-03-20,13.30470
2012-03-21,13.53940
2012-03-22,13.20990
2012-03-23,13.29940
2012-03-26,12.99600
2012-03-27,13.12160
2012-03-28,13.01660
2012-03-29,13.00090
2012-03-30,13.30230
2012-04-02,13.34290
2012-04-03,13.45960
2012-04-04,13.36990
2012-04-09,13.11060
2012-04-10,13.08490
2012-04-11,13.00360
2012-04-12,13.16220
2012-04-13,13.02840
2012-04-16,13.09100
2012-04-17,13.25090
2012-04-18,13.28890
2012-04-19,13.33440
2012-04-20,13.21180
2012-04-23,12.97270
2012-04-24,12.98640
2012-04-25,12.92520
2012-04-26,12.88690
2012-04-27,12.89210
2012-04-30,13.04030
2012-05-02,12.98060
2012-05-03,12.80710
2012-05-04,12.54830
2012-05-07,12.69120
2012-05-08,12.43140
2012-05-09,12.32070
2012-05-10,12.27050
2012-05-11,12.18310
2012-05-14,12.13770
2012-05-15,12.22310
2012-05-16,11.96590
2012-05-17,11.94670
2012-05-18,11.97680
2012-05-21,12.06040
2012-05-22,11.94760
2012-05-23,11.87560
2012-05-24,12.13560
2012-05-25,12.13320
2012-05-28,12.32300
2012-05-29,12.32860
2012-05-30,12.19080
2012-05-31,12.13420
2012-06-01,11.90810
2012-06-04,11.90570
2012-06-05,11.95740
2012-06-06,12.27250
2012-06-07,12.40760
2012-06-08,12.45040
2012-06-11,12.41560
2012-06-12,12.60000
2012-06-13,12.59180
2012-06-14,12.38920
2012-06-15,12.59840
2012-06-18,12.40120
2012-06-19,12.46370
2012-06-20,12.52190
2012-06-21,12.64020
2012-06-22,12.59920
2012-06-25,12.52510
2012-06-26,12.53210
2012-06-27,12.58700
2012-06-28,12.60250
2012-06-29,12.96330
2012-07-02,13.01530
2012-07-03,13.09180
2012-07-04,13.15480
2012-07-05,13.19750
2012-07-06,13.16120
2012-07-09,13.05720
2012-07-10,13.22680
2012-07-11,13.14050
2012-07-12,12.98570
2012-07-13,12.94520
2012-07-16,12.91290
2012-07-17,12.88660
2012-07-18,12.97110
2012-07-19,13.02960
2012-07-20,12.94540
2012-07-23,12.71330
2012-07-24,12.72330
2012-07-25,12.63760
2012-07-26,12.46310
2012-07-27,12.57510
2012-07-30,12.84680
2012-07-31,12.93280
2012-08-01,12.96240
2012-08-02,12.94540
2012-08-03,12.89700
2012-08-06,13.02960
2012-08-07,13.18880
2012-08-08,13.17180
2012-08-09,13.14050
2012-08-10,13.10410
2012-08-13,13.16560
2012-08-14,13.26670
2012-08-16,13.23950
2012-08-17,13.22540
2012-08-21,13.36220
2012-08-22,13.33080
2012-08-23,13.30890
2012-08-24,13.24310
2012-08-27,13.11340
2012-08-28,13.04400
2012-08-29,12.93830
2012-08-30,12.96650
2012-08-31,12.82830
2012-09-03,12.81960
2012-09-04,12.85920
2012-09-05,12.68680
2012-09-06,12.73540
2012-09-07,13.00020
2012-09-10,13.03920
2012-09-11,13.11470
2012-09-12,13.21940
2012-09-13,13.24190
2012-09-14,13.62440
2012-09-17,13.75080
2012-09-18,13.72190
2012-09-20,13.58270
2012-09-21,13.94840
2012-09-24,13.94750
2012-09-25,13.94410
2012-09-26,13.89850
2012-09-27,13.89210
2012-09-28,14.03440
2012-10-01,14.06700
2012-10-03,14.10670
2012-10-04,14.26990
2012-10-05,14.15680
2012-10-08,13.95940
2012-10-09,14.00450
2012-10-10,13.86800
2012-10-11,14.01160
2012-10-12,13.95200
2012-10-15,13.96700
2012-10-16,13.86480
2012-10-17,13.90700
2012-10-18,14.04080
2012-10-19,13.93500
2012-10-22,14.03740
2012-10-23,13.99200
2012-10-25,14.02840
2012-10-26,13.98530
2012-10-29,13.95950
2012-10-30,13.78530
2012-10-31,13.84990
2012-11-01,13.94210
2012-11-02,14.08100
2012-11-05,14.10860
2012-11-06,14.14610
2012-11-07,14.22420
2012-11-08,14.17370
2012-11-09,14.06430
2012-11-12,14.04810
2012-11-15,13.92340
2012-11-16,13.77910
2012-11-19,13.78940
2012-11-20,13.81130
2012-11-21,13.87810
2012-11-22,13.91740
2012-11-23,13.90790
2012-11-26,13.92660
2012-11-27,14.13970
2012-11-29,14.41700
2012-11-30,14.53500
2012-12-03,14.52890
2012-12-04,14.55030
2012-12-05,14.59840
2012-12-06,14.67410
2012-12-07,14.63090
2012-12-10,14.61590
2012-12-11,14.59020
2012-12-12,14.55120
2012-12-13,14.47890
2012-12-14,14.54370
2012-12-17,14.50710
2012-12-18,14.60700
2012-12-19,14.66920
2012-12-20,14.62540
2012-12-21,14.45520
2012-12-24,14.45920
2012-12-26,14.59770
2012-12-27,14.52000
2012-12-28,14.61120
2012-12-31,14.59720
2013-01-01,14.73240
2013-01-02,14.83830
2013-01-03,14.85870
2013-01-04,14.85560
2013-01-07,14.76630
2013-01-08,14.78680
2013-01-09,14.70070
2013-01-10,14.68020
2013-01-11,14.57610
2013-01-14,14.74020
2013-01-15,14.82270
2013-01-16,14.65620
2013-01-17,14.71290
2013-01-18,14.78500
2013-01-21,14.80590
2013-01-22,14.72710
2013-01-23,14.76830
2013-01-24,14.68320
2013-01-25,14.82670
2013-01-28,14.83880
2013-01-29,14.77660
2013-01-30,14.77100
2013-01-31,14.70160
2013-02-01,14.61780
2013-02-04,14.61170
2013-02-05,14.51650
2013-02-06,14.51350
2013-02-07,14.46500
2013-02-08,14.38620
2013-02-11,14.33390
2013-02-12,14.40260
2013-02-13,14.42790
2013-02-14,14.29220
2013-02-15,14.26730
2013-02-18,14.29390
2013-02-19,14.40260
2013-02-20,14.38640
2013-02-21,14.13480
2013-02-22,14.11480
2013-02-25,14.11030
2013-02-26,13.87080
2013-02-27,13.99770
2013-02-28,13.70910
2013-03-01,13.80880
2013-03-04,13.74650
2013-03-05,13.97680
2013-03-06,14.06860
2013-03-07,14.19820
2013-03-08,14.39300
2013-03-11,14.39450
2013-03-12,14.32820
2013-03-13,14.15500
2013-03-14,14.33530
2013-03-15,14.22120
2013-03-18,14.11490
2013-03-19,13.85230
2013-03-20,13.68890
2013-03-21,13.61300
2013-03-22,13.59560
2013-03-25,13.53580
2013-03-26,13.57770
2013-03-28,13.68060
2013-04-01,13.71940
2013-04-02,13.83070
2013-04-03,13.63080
2013-04-04,13.42940
2013-04-05,13.38200
2013-04-08,13.34280
2013-04-09,13.23040
2013-04-10,13.38630
2013-04-11,13.45650
2013-04-12,13.38970
2013-04-15,13.46740
2013-04-16,13.79430
2013-04-17,13.79600
2013-04-18,14.05870
2013-04-22,14.19580
2013-04-23,14.16830
2013-04-25,14.38400
2013-04-26,14.35200
2013-04-29,14.44100
2013-04-30,14.45680
2013-05-02,14.63070
2013-05-03,14.47550
2013-05-06,14.53130
2013-05-07,14.69390
2013-05-08,14.75070
2013-05-09,14.70700
2013-05-10,14.84950
2013-05-13,14.57120
2013-05-14,14.60490
2013-05-15,14.98510
2013-05-16,15.04880
2013-05-17,15.09250
2013-05-20,15.01000
2013-05-21,14.87900
2013-05-22,14.81870
2013-05-23,14.48320
2013-05-24,14.56400
2013-05-27,14.76600
2013-05-28,14.84940
2013-05-29,14.77140
2013-05-30,14.85310
2013-05-31,14.54110
2013-06-03,14.43780
2013-06-04,14.39790
2013-06-05,14.41030
2013-06-06,14.41180
2013-06-07,14.32240
2013-06-10,14.31030
2013-06-11,14.09150
2013-06-12,14.01970
2013-06-13,13.87110
2013-06-14,14.15430
2013-06-17,14.25640
2013-06-18,14.17220
2013-06-19,14.20870
2013-06-20,13.80780
2013-06-21,13.83780
2013-06-24,13.64750
2013-06-25,13.69900
2013-06-26,13.63360
2013-06-27,13.84110
2013-06-28,14.26610
2013-07-01,14.41030
2013-07-02,14.33530
2013-07-03,14.08110
2013-07-04,14.21590
2013-07-05,14.27590
2013-07-08,14.11250
2013-07-09,14.21250
2013-07-10,14.11280
2013-07-11,14.39360
2013-07-12,14.55290
2013-07-15,14.59710
2013-07-16,14.35080
2013-07-17,14.32270
2013-07-18,14.49180
2013-07-19,14.45260
2013-07-22,14.43700
2013-07-23,14.53790
2013-07-24,14.28140
2013-07-25,14.11210
2013-07-26,14.07920
2013-07-29,13.95930
2013-07-30,13.81300
2013-07-31,13.80810
2013-08-01,13.76690
2013-08-02,13.64760
2013-08-05,13.63790
2013-08-06,13.26290
2013-08-07,13.21370
2013-08-08,13.29910
2013-08-12,13.35970
2013-08-13,13.56700
2013-08-14,13.62650
2013-08-16,13.11430
2013-08-19,12.88290
2013-08-20,12.82710
2013-08-21,12.61690
2013-08-22,12.79600
2013-08-23,12.97020
2013-08-26,12.95900
2013-08-27,12.50620
2013-08-28,12.46880
2013-08-29,12.75790
2013-08-30,12.92920
2013-09-02,13.06990
2013-09-03,12.57840
2013-09-04,12.80350
2013-09-05,13.14480
2013-09-06,13.37050
2013-09-10,13.89130
2013-09-11,13.90300
2013-09-12,13.78290
2013-09-13,13.76500
2013-09-16,13.79020
2013-09-17,13.82230
2013-09-18,13.94750
2013-09-19,14.45770
2013-09-20,14.20010
2013-09-23,13.90690
2013-09-24,13.93430
2013-09-25,13.85100
2013-09-26,13.86900
2013-09-27,13.74020
2013-09-30,13.50480
2013-10-01,13.62480
2013-10-03,13.90750
2013-10-04,13.89210
2013-10-07,13.86890
2013-10-08,13.92110
2013-10-09,14.08600
2013-10-10,14.12660
2013-10-11,14.32890
2013-10-14,14.35020
2013-10-15,14.27510
2013-10-17,14.20840
2013-10-18,14.52630
2013-10-21,14.57120
2013-10-22,14.53580
2013-10-23,14.51660
2013-10-24,14.52270
2013-10-25,14.46200
2013-10-28,14.36590
2013-10-29,14.65130
2013-10-30,14.74450
2013-10-31,14.83890
2013-11-01,14.92220
2013-11-05,14.80460
2013-11-06,14.68780
2013-11-07,14.60580
2013-11-08,14.49180
2013-11-11,14.34400
2013-11-12,14.19650
2013-11-13,14.15220
2013-11-14,14.31510
2013-11-18,14.61190
2013-11-19,14.66000
2013-11-20,14.47310
2013-11-21,14.20780
2013-11-22,14.19250
2013-11-25,14.47780
2013-11-26,14.36360
2013-11-27,14.34850
2013-11-28,14.43870
2013-11-29,14.62720
2013-12-02,14.69780
2013-12-03,14.67870
2013-12-04,14.56040
2013-12-05,14.80170
2013-12-06,14.82670
2013-12-09,15.08650
2013-12-10,14.99430
2013-12-11,14.88880
2013-12-12,14.72510
2013-12-13,14.54320
2013-12-16,14.50130
2013-12-17,14.47560
2013-12-18,14.68050
2013-12-19,14.53600
2013-12-20,14.78320
2013-12-23,14.82620
2013-12-24,14.80960
2013-12-26,14.80900
2013-12-27,14.87080
2013-12-30,14.79760
2013-12-31,14.84350
2014-01-01,14.83920
2014-01-02,14.63390
2014-01-03,14.59740
2014-01-06,14.54420
2014-01-07,14.49310
2014-01-08,14.49760
2014-01-09,14.42990
2014-01-10,14.40020
2014-01-13,14.61970
2014-01-14,14.56260
2014-01-15,14.72780
2014-01-16,14.67240
2014-01-17,14.56060
2014-01-20,14.63410
2014-01-21,14.67150
2014-01-22,14.70500
2014-01-23,14.70210
2014-01-24,14.52300
2014-01-27,14.19540
2014-01-28,14.19400
2014-01-29,14.17630
2014-01-30,14.06340
2014-01-31,14.11600
2014-02-03,13.89860
2014-02-04,13.90600
2014-02-05,13.98040
2014-02-06,14.01900
2014-02-07,14.08960
2014-02-10,14.07440
2014-02-11,14.09060
2014-02-12,14.16170
2014-02-13,13.97230
2014-02-14,14.04320
2014-02-17,14.11880
2014-02-18,14.24310
2014-02-19,14.30180
2014-02-20,14.18070
2014-02-21,14.31330
2014-02-24,14.39460
2014-02-25,14.43390
2014-02-26,14.52260
2014-02-28,14.62780
2014-03-03,14.51660
2014-03-04,14.71020
2014-03-05,14.83240
2014-03-06,15.04350
2014-03-07,15.30130
2014-03-10,15.37660
2014-03-11,15.36800
2014-03-12,15.34800
2014-03-13,15.25180
2014-03-14,15.30340
2014-03-18,15.34810
2014-03-19,15.35440
2014-03-20,15.22690
2014-03-21,15.23340
2014-03-24,15.45350
2014-03-25,15.46390
2014-03-26,15.53260
2014-03-27,15.67440
2014-03-28,15.87360
2014-03-31,15.90390
2014-04-01,15.89420
2014-04-02,16.03540
2014-04-03,15.94420
2014-04-04,15.87850
2014-04-07,15.85910
2014-04-09,16.09740
2014-04-10,16.15840
2014-04-11,16.05610
2014-04-15,15.93190
2014-04-16,15.74210
2014-04-17,16.00870
2014-04-21,16.14670
2014-04-22,16.18020
2014-04-23,16.25650
2014-04-25,16.07630
2014-04-28,16.01590
2014-04-29,15.89460
2014-04-30,15.82360
2014-05-02,15.82250
2014-05-05,15.85280
2014-05-06,15.94040
2014-05-07,15.84930
2014-05-08,15.90170
2014-05-09,16.42930
2014-05-12,16.77700
2014-05-13,16.97170
2014-05-14,16.97910
2014-05-15,16.88350
2014-05-16,17.26160
2014-05-19,17.69110
2014-05-20,17.65950
2014-05-21,17.57550
2014-05-22,17.70300
2014-05-23,17.99090
2014-05-26,17.84400
2014-05-27,17.69910
2014-05-28,17.76690
2014-05-29,17.62390
2014-05-30,17.53400
2014-06-02,17.99620
2014-06-03,18.20880
2014-06-04,18.34230
2014-06-05,18.46070
2014-06-06,18.71960
2014-06-09,18.93220
2014-06-10,18.83180
2014-06-11,18.68430
2014-06-12,18.73010
2014-06-13,18.41820
2014-06-16,18.42030
2014-06-17,18.74160
2014-06-18,18.51520
2014-06-19,18.37980
2014-06-20,18.33110
2014-06-23,18.42470
2014-06-24,18.68600
2014-06-25,18.65210
2014-06-26,18.46840
2014-06-27,18.46240
2014-06-30,18.81300
2014-07-01,18.94860
2014-07-02,19.14540
2014-07-03,19.16870
2014-07-04,19.27130
2014-07-07,19.27460
2014-07-08,18.76700
2014-07-09,18.64830
2014-07-10,18.68670
2014-07-11,18.26470
2014-07-14,18.32160
2014-07-15,18.63050
2014-07-16,18.95840
2014-07-17,19.17950
2014-07-18,19.22420
2014-07-21,19.21310
2014-07-22,19.32800
2014-07-23,19.30740
2014-07-24,19.33550
2014-07-25,19.15000
2014-07-28,19.06760
2014-07-30,19.11620
2014-07-31,19.03130
2014-08-01,18.80930
2014-08-04,19.00270
2014-08-05,19.13190
2014-08-06,18.95470
2014-08-07,18.98990
2014-08-08,18.70140
2014-08-11,18.86670
2014-08-12,19.13890
2014-08-13,19.15570
2014-08-14,19.25870
2014-08-18,19.60390
2014-08-19,19.74540
2014-08-20,19.64910
2014-08-21,19.70840
2014-08-22,19.74220
2014-08-25,19.70280
2014-08-26,19.59650
2014-08-27,19.72260
2014-08-28,19.79900
2014-09-01,20.11430
2014-09-02,20.28190
2014-09-03,20.46000
2014-09-04,20.44270
2014-09-05,20.43610
2014-09-08,20.70830
2014-09-09,20.63550
2014-09-10,20.55790
2014-09-11,20.79380
2014-09-12,20.80970
2014-09-15,20.74470
2014-09-16,20.27890
2014-09-17,20.39600
2014-09-18,20.83530
2014-09-19,20.81960
2014-09-22,20.92470
2014-09-23,20.61880
2014-09-24,20.46980
2014-09-25,20.11110
2014-09-26,20.35040
2014-09-29,20.30490
2014-09-30,20.33700
2014-10-01,20.35380
2014-10-07,20.07350
2014-10-08,20.11180
2014-10-09,20.44230
2014-10-10,20.01620
2014-10-13,20.15040
2014-10-14,20.05200
2014-10-16,19.61740
2014-10-17,19.73500
2014-10-20,20.14700
2014-10-21,20.26680
2014-10-22,20.44250
2014-10-27,20.41410
2014-10-28,20.53250
2014-10-29,20.65160
2014-10-30,20.84100
2014-10-31,21.16810
2014-11-03,21.20960
2014-11-05,21.34760
2014-11-07,21.40720
2014-11-10,21.35540
2014-11-11,21.49400
2014-11-12,21.61800
2014-11-13,21.42320
2014-11-14,21.50580
2014-11-17,21.57130
2014-11-18,21.70150
2014-11-19,21.65900
2014-11-20,21.57930
2014-11-21,21.73090
2014-11-24,21.81540
2014-11-25,21.66610
2014-11-26,21.66080
2014-11-27,21.64190
2014-11-28,21.99560
2014-12-01,21.99730
2014-12-02,21.92770
2014-12-03,22.09140
2014-12-04,22.11590
2014-12-05,21.95960
2014-12-08,21.73100
2014-12-09,21.36650
2014-12-10,21.51540
2014-12-11,21.28400
2014-12-12,21.11310
2014-12-15,21.07940
2014-12-16,20.78500
2014-12-17,20.69330
2014-12-18,21.15200
2014-12-19,21.29300
2014-12-22,21.50540
2014-12-23,21.32340
2014-12-24,21.19340
2014-12-26,21.22710
2014-12-29,21.43630
2014-12-30,21.48200
2014-12-31,21.59490
2015-01-01,21.63250
2015-01-02,21.93370
2015-01-05,22.01610
2015-01-06,21.33850
2015-01-07,21.30860
2015-01-08,21.73930
2015-01-09,21.72010
2015-01-12,21.83690
2015-01-13,21.83380
2015-01-14,21.82450
2015-01-15,22.35760
2015-01-16,22.46500
2015-01-19,22.57230
2015-01-20,22.79480
2015-01-21,22.97850
2015-01-22,23.07470
2015-01-23,23.14720
2015-01-27,23.50610
2015-01-28,23.59150
2015-01-29,23.66300
2015-01-30,23.37240
2015-02-02,23.27230
2015-02-03,23.07610
2015-02-04,22.84550
2015-02-05,22.78260
2015-02-06,22.51740
2015-02-09,22.25930
2015-02-10,22.50930
2015-02-11,22.85350
2015-02-12,23.12590
2015-02-13,23.38540
2015-02-16,23.16830
2015-02-18,23.37090
2015-02-19,23.46830
2015-02-20,23.34110
2015-02-23,23.04430
2015-02-24,22.98250
2015-02-25,22.94010
2015-02-26,22.72000
2015-02-27,23.21820
2015-03-02,23.93140
2015-03-03,23.91730
2015-03-04,23.71330
2015-03-05,23.78460
2015-03-09,23.34510
2015-03-10,23.24620
2015-03-11,23.23750
2015-03-12,23.45940
2015-03-13,23.10400
2015-03-16,23.03090
2015-03-17,23.25830
2015-03-18,23.17090
2015-03-19,23.09620
2015-03-20,22.91260
2015-03-23,22.82150
2015-03-24,22.74280
2015-03-25,22.69620
2015-03-26,22.30740
2015-03-27,22.36390
2015-03-30,22.86900
2015-03-31,22.92860
2015-04-01,23.18350
2015-04-06,23.29250
2015-04-07,23.35360
2015-04-08,23.57770
2015-04-09,23.62550
2015-04-10,23.63510
2015-04-13,23.61860
2015-04-15,23.46780
2015-04-16,23.26670
2015-04-17,22.95520
2015-04-20,22.61800
2015-04-21,22.30340
2015-04-22,22.36740
2015-04-23,22.40370
2015-04-24,22.14840
2015-04-27,21.78590
2015-04-28,22.12990
2015-04-29,22.21490
2015-04-30,22.20300
2015-05-04,22.49170
2015-05-05,22.41730
2015-05-06,21.74620
2015-05-07,21.50290
2015-05-08,22.01190
2015-05-11,22.51840
2015-05-12,22.05480
2015-05-13,22.41150
2015-05-14,22.48560
2015-05-15,22.55860
2015-05-18,22.81900
2015-05-19,22.69260
2015-05-20,22.78590
2015-05-21,22.71060
2015-05-22,22.81370
2015-05-25,22.65770
2015-05-26,22.56040
2015-05-27,22.49310
2015-05-28,22.45570
2015-05-29,22.86650
2015-06-01,22.83770
2015-06-02,22.36620
2015-06-03,22.19040
2015-06-04,22.18720
2015-06-05,22.11300
2015-06-08,21.92920
2015-06-09,21.89610
2015-06-10,22.16930
2015-06-11,21.76950
2015-06-12,21.77720
2015-06-15,21.84310
2015-06-16,21.93850
2015-06-17,22.05250
2015-06-18,22.30120
2015-06-19,22.41530
2015-06-22,22.60390
2015-06-23,22.60800
2015-06-24,22.56320
2015-06-25,22.66570
2015-06-26,22.62190
2015-06-29,22.45010
2015-06-30,22.57520
2015-07-01,22.79680
2015-07-02,22.78520
2015-07-03,22.90100
2015-07-06,23.00580
2015-07-07,22.98150
2015-07-08,22.61050
2015-07-09,22.52970
2015-07-10,22.61400
2015-07-13,22.86770
2015-07-14,22.84470
2015-07-15,23.05180
2015-07-16,23.30440
2015-07-17,23.29600
2015-07-20,23.27870
2015-07-21,23.06080
2015-07-22,23.34400
2015-07-23,23.23270
2015-07-24,23.05070
2015-07-27,22.61980
2015-07-28,22.55590
2015-07-29,22.65070
2015-07-30,22.77000
2015-07-31,23.07200
2015-08-03,23.08770
2015-08-04,23.00220
2015-08-05,23.12970
2015-08-06,23.18260
2015-08-07,23.11950
2015-08-10,23.01400
2015-08-11,22.84580
2015-08-12,22.55000
2015-08-13,22.60600
2015-08-14,23.03120
2015-08-17,22.88300
2015-08-18,22.85500
2015-08-19,22.93810
2015-08-20,22.63610
2015-08-21,22.44360
2015-08-24,21.14390
2015-08-25,21.34070
2015-08-26,21.09260
2015-08-27,21.50250
2015-08-28,21.63880
2015-08-31,21.54960
2015-09-01,21.06490
2015-09-02,20.86530
2015-09-03,21.14550
2015-09-04,20.70120
2015-09-07,20.44960
2015-09-08,20.78530
2015-09-09,21.11240
2015-09-10,21.02470
2015-09-11,21.04120
2015-09-14,21.24680
2015-09-15,21.14650
2015-09-16,21.34130
2015-09-18,21.56800
2015-09-21,21.54900
2015-09-22,21.10610
2015-09-23,21.20300
2015-09-24,21.26210
2015-09-28,21.05630
2015-09-29,21.21340
2015-09-30,21.49270
2015-10-01,21.48330
2015-10-05,21.92350
2015-10-06,22.01580
2015-10-07,22.05760
2015-10-08,21.91120
2015-10-09,22.07050
2015-10-12,21.92750
2015-10-13,21.90480
2015-10-14,21.84040
2015-10-15,22.02150
2015-10-16,22.21350
2015-10-19,22.32770
2015-10-20,22.29800
2015-10-21,22.26160
2015-10-23,22.39670
2015-10-26,22.28780
2015-10-27,22.22300
2015-10-28,22.06730
2015-10-29,21.90170
2015-10-30,21.75670
2015-11-02,21.72040
2015-11-03,21.73470
2015-11-04,21.68570
2015-11-05,21.48930
2015-11-06,21.49180
2015-11-09,21.40100
2015-11-10,21.08940
2015-11-13,21.03000
2015-11-16,21.12790
2015-11-17,21.19110
2015-11-18,20.91930
2015-11-19,21.18300
2015-11-20,21.19480
2015-11-23,21.17150
2015-11-24,21.13230
2015-11-26,21.25070
2015-11-27,21.38410
2015-11-30,21.37360
2015-12-01,21.40150
2015-12-02,21.34240
2015-12-03,21.17360
2015-12-04,20.97230
2015-12-07,20.91890
2015-12-08,20.78240
2015-12-09,20.57560
2015-12-10,20.73640
2015-12-11,20.55750
2015-12-14,20.63910
2015-12-15,20.77100
2015-12-16,20.88770
2015-12-17,21.11430
2015-12-18,20.90470
2015-12-21,21.07770
2015-12-22,20.95590
2015-12-23,21.13660
2015-12-28,21.28720
2015-12-29,21.29190
2015-12-30,21.20100
2015-12-31,21.32360
2016-01-01,21.36030
2016-01-04,20.94390
2016-01-05,20.90510
2016-01-06,20.79820
2016-01-07,20.40240
2016-01-08,20.48110
2016-01-11,20.39320
2016-01-12,20.26950
2016-01-13,20.41440
2016-01-14,20.35710
2016-01-15,20.14500
2016-01-18,19.92850
2016-01-19,20.13330
2016-01-20,19.83450
2016-01-21,19.74900
2016-01-22,20.09990
2016-01-25,20.13350
2016-01-27,20.14290
2016-01-28,20.11220
2016-01-29,20.45630
2016-02-01,20.43410
2016-02-02,20.21350
2016-02-03,19.99190
2016-02-04,20.08650
2016-02-05,20.29360
2016-02-08,20.02780
2016-02-09,19.80290
2016-02-10,19.60900
2016-02-11,19.02070
2016-02-12,19.06050
2016-02-15,19.46650
2016-02-16,19.18110
2016-02-17,19.31980
2016-02-18,19.51950
2016-02-19,19.56380
2016-02-22,19.61840
2016-02-23,19.30680
2016-02-24,19.07160
2016-02-25,18.94300
2016-02-26,19.10010
2016-02-29,18.98980
2016-03-01,19.58450
2016-03-02,19.96810
2016-03-03,20.24200
2016-03-04,20.26780
2016-03-08,20.24830
2016-03-09,20.36850
2016-03-10,20.25350
2016-03-11,20.30890
2016-03-14,20.40030
2016-03-15,20.20780
2016-03-16,20.31230
2016-03-17,20.32970
2016-03-18,20.55030
2016-03-21,20.80390
2016-03-22,20.83080
2016-03-23,20.83700
2016-03-28,20.55690
2016-03-29,20.51640
2016-03-30,20.79940
2016-03-31,20.79340
2016-04-01,20.72450
2016-04-04,20.82230
2016-04-05,20.48070
2016-04-06,20.49540
2016-04-07,20.34010
2016-04-08,20.34660
2016-04-11,20.58850
2016-04-12,20.67210
2016-04-13,21.00860
2016-04-18,21.15840
2016-04-20,21.14690
2016-04-21,21.15670
2016-04-22,21.12460
2016-04-25,21.02380
2016-04-26,21.26460
2016-04-27,21.29540
2016-04-28,20.97940
2016-04-29,20.98910
2016-05-02,20.88730
2016-05-03,20.73700
2016-05-04,20.69650
2016-05-05,20.78300
2016-05-06,20.75620
2016-05-09,21.04310
2016-05-10,21.10120
2016-05-11,21.00870
2016-05-12,21.12470
2016-05-13,20.94960
2016-05-16,21.06070
2016-05-17,21.13940
2016-05-18,21.10030
2016-05-19,20.90700
2016-05-20,20.83080
2016-05-23,20.78480
2016-05-24,20.82840
2016-05-25,21.22850
2016-05-26,21.53650
2016-05-27,21.72110
2016-05-30,21.80090
2016-05-31,21.73930
2016-06-01,21.77800
2016-06-02,21.85800
2016-06-03,21.87650
2016-06-06,21.83990
2016-06-07,21.98360
2016-06-08,21.99530
2016-06-09,21.85770
2016-06-10,21.78410
2016-06-13,21.65230
2016-06-14,21.63940
2016-06-15,21.86440
2016-06-16,21.73610
2016-06-17,21.80910
2016-06-20,21.95010
2016-06-21,21.91460
2016-06-22,21.88730
2016-06-23,22.04190
2016-06-24,21.65390
2016-06-27,21.65470
2016-06-28,21.72370
2016-06-29,21.89200
2016-06-30,22.06790
2016-07-01,22.15270
2016-07-04,22.22690
2016-07-05,22.14710
2016-07-07,22.16960
2016-07-08,22.14190
2016-07-11,22.44630
2016-07-12,22.56090
2016-07-13,22.54640
2016-07-14,22.64020
2016-07-15,22.58530
2016-07-18,22.52930
2016-07-19,22.56310
2016-07-20,22.63600
2016-07-21,22.52210
2016-07-22,22.57800
2016-07-25,22.78720
2016-07-26,22.69210
2016-07-27,22.73450
2016-07-28,22.85240
2016-07-29,22.76630
2016-08-01,22.75970
2016-08-02,22.75410
2016-08-03,22.58850
2016-08-04,22.58420
2016-08-05,22.84830
2016-08-08,22.90040
2016-08-09,22.83200
2016-08-10,22.61120
2016-08-11,22.67130
2016-08-12,22.83810
2016-08-16,22.75740
2016-08-17,22.70950
2016-08-18,22.82510
2016-08-19,22.80020
2016-08-22,22.72540
2016-08-23,22.73150
2016-08-24,22.76700
2016-08-25,22.64800
2016-08-26,22.60050
2016-08-29,22.66490
2016-08-30,22.94860
2016-08-31,23.05730
2016-09-01,23.04790
2016-09-02,23.11710
2016-09-06,23.40050
2016-09-07,23.33160
2016-09-08,23.39540
2016-09-09,23.22530
2016-09-12,22.94790
2016-09-14,22.96080
2016-09-15,22.99740
2016-09-16,23.08160
2016-09-19,23.13260
2016-09-20,23.05950
2016-09-21,23.04670
2016-09-22,23.22260
2016-09-23,23.15560
2016-09-26,22.91750
2016-09-27,22.89670
2016-09-28,22.93300
2016-09-29,22.63390
2016-09-30,22.66340
2016-10-03,22.91110
2016-10-04,22.96990
2016-10-05,22.90340
2016-10-06,22.82950
2016-10-07,22.78900
2016-10-10,22.80310
2016-10-13,22.53950
2016-10-14,22.56440
2016-10-17,22.45930
2016-10-18,22.78470
2016-10-19,22.73380
2016-10-20,22.80260
2016-10-21,22.80650
2016-10-24,22.84620
2016-10-25,22.80140
2016-10-26,22.64670
2016-10-27,22.66840
2016-10-28,22.70010
2016-11-01,22.66140
2016-11-02,22.42820
2016-11-03,22.37150
2016-11-04,22.27720
2016-11-07,22.39360
2016-11-08,22.48730
2016-11-09,22.25850
2016-11-10,22.41370
2016-11-11,21.95080
2016-11-15,21.57050
2016-11-16,21.58750
2016-11-17,21.51800
2016-11-18,21.50820
2016-11-21,21.22040
2016-11-22,21.36680
2016-11-23,21.40890
2016-11-24,21.25640
2016-11-25,21.57500
2016-11-28,21.58460
2016-11-29,21.60700
2016-11-30,21.78710
2016-12-01,21.73090
2016-12-02,21.50420
2016-12-05,21.58910
2016-12-06,21.61240
2016-12-07,21.52780
2016-12-08,21.83280
2016-12-09,21.85910
2016-12-12,21.66930
2016-12-13,21.78560
2016-12-14,21.70600
2016-12-15,21.64690
2016-12-16,21.61870
2016-12-19,21.54360
2016-12-20,21.49770
2016-12-21,21.45180
2016-12-22,21.27610
2016-12-23,21.29020
2016-12-26,21.12360
2016-12-27,21.38920
2016-12-28,21.39190
2016-12-29,21.53710
2016-12-30,21.71200
2017-01-02,21.69820
2017-01-03,21.72550
2017-01-04,21.72290
2017-01-05,21.90050
2017-01-06,21.83320
2017-01-09,21.81540
2017-01-10,21.92680
2017-01-11,22.12120
2017-01-12,22.17780
2017-01-13,22.16240
2017-01-16,22.18710
2017-01-17,22.15520
2017-01-18,22.19510
2017-01-19,22.23390
2017-01-20,22.05000
2017-01-23,22.13970
2017-01-24,22.31790
2017-01-25,22.58360
2017-01-27,22.66500
2017-01-30,22.64610
2017-01-31,22.49330
2017-02-01,22.82190
2017-02-02,22.86310
2017-02-03,22.87700
2017-02-06,23.00170
2017-02-07,22.93480
2017-02-08,22.93640
2017-02-09,22.95580
2017-02-10,22.98660
2017-02-13,23.00790
2017-02-14,22.98130
2017-02-15,22.84230
2017-02-16,22.95510
2017-02-17,23.04640
2017-02-20,23.16630
2017-02-21,23.22600
2017-02-22,23.26530
2017-02-23,23.28910
2017-02-27,23.19860
2017-02-28,23.16860
2017-03-01,23.30460
2017-03-02,23.20940
2017-03-03,23.20480
2017-03-06,23.34060
2017-03-07,23.29980
2017-03-08,23.24510
2017-03-09,23.24850
2017-03-10,23.25970
2017-03-14,23.58520
2017-03-15,23.57440
2017-03-16,23.71470
2017-03-17,23.71700
2017-03-20,23.65790
2017-03-21,23.64370
2017-03-22,23.49870
2017-03-23,23.61780
2017-03-24,23.68390
2017-03-25,23.68670
2017-03-27,23.54360
2017-03-28,23.67140
2017-03-29,23.72530
2017-03-30,23.77590
2017-03-31,23.76810
2017-04-03,23.90230
2017-04-05,23.95900
2017-04-06,23.95210
2017-04-07,23.82060
2017-04-10,23.78610
2017-04-11,23.90060
2017-04-12,23.83100
2017-04-13,23.72140
2017-04-17,23.69650
2017-04-18,23.62590
2017-04-19,23.62240
2017-04-20,23.68980
2017-04-21,23.65460
2017-04-24,23.85880
2017-04-25,24.04230
2017-04-26,24.13600
2017-04-27,24.11510
2017-04-28,24.03650
2017-05-02,24.05670
2017-05-03,24.05230
2017-05-04,24.15270
2017-05-05,23.99880
2017-05-08,24.05690
2017-05-09,24.06190
2017-05-10,24.24900
2017-05-11,24.27860
2017-05-12,24.23430
2017-05-15,24.32500
2017-05-16,24.46260
2017-05-17,24.49020
2017-05-18,24.29070
2017-05-19,24.28700
2017-05-22,24.30650
2017-05-23,24.19760
2017-05-24,24.14580
2017-05-25,24.45290
2017-05-26,24.62560
2017-05-29,24.64330
2017-05-30,24.68890
2017-05-31,24.69290
2017-06-01,24.69990
2017-06-02,24.77650
2017-06-05,24.84220
2017-06-06,24.76350
2017-06-07,24.81880
2017-06-08,24.78510
2017-06-09,24.82830
2017-06-12,24.72020
2017-06-13,24.70800
2017-06-14,24.73070
2017-06-15,24.65030
2017-06-16,24.67140
2017-06-19,24.81370
2017-06-20,24.81320
2017-06-21,24.77250
2017-06-22,24.76990
2017-06-23,24.65740
2017-06-27,24.52750
2017-06-28,24.48690
2017-06-29,24.52590
2017-06-30,24.56180
2017-07-03,24.75530
2017-07-04,24.75240
2017-07-05,24.80260
2017-07-06,24.88640
2017-07-07,24.86840
2017-07-10,25.08440
2017-07-11,25.11550
2017-07-12,25.17670
2017-07-13,25.34690
2017-07-14,25.34800
2017-07-17,25.40870
2017-07-18,25.22740
2017-07-19,25.37570
2017-07-20,25.32600
2017-07-21,25.40690
2017-07-22,25.40720
2017-07-24,25.51460
2017-07-25,25.49470
2017-07-26,25.61160
2017-07-27,25.61610
2017-07-28,25.61270
2017-07-31,25.72980
2017-08-01,25.75570
2017-08-02,25.69620
2017-08-03,25.55860
2017-08-04,25.66440
2017-08-07,25.64400
2017-08-08,25.48380
2017-08-09,25.34050
2017-08-10,25.16350
2017-08-11,24.95200
2017-08-14,25.12120
2017-08-16,25.33040
2017-08-17,25.34460
2017-08-18,25.20750
2017-08-21,25.03790
2017-08-22,25.06090
2017-08-23,25.23740
2017-08-24,25.25150
2017-08-28,25.36480
2017-08-29,25.12690
2017-08-30,25.30670
2017-08-31,25.37540
2017-09-01,25.48980
2017-09-04,25.36260
2017-09-05,25.44340
2017-09-06,25.37060
2017-09-07,25.40050
2017-09-08,25.41070
2017-09-11,25.55850
2017-09-12,25.73560
2017-09-13,25.70810
2017-09-14,25.72240
2017-09-15,25.72050
2017-09-18,25.86240
2017-09-19,25.84480
2017-09-20,25.82680
2017-09-21,25.78880
2017-09-22,25.47090
2017-09-25,25.26700
2017-09-26,25.25520
2017-09-27,24.96910
2017-09-28,25.02730
2017-09-29,25.05930
2017-10-03,25.19760
2017-10-04,25.31080
2017-10-05,25.25510
2017-10-06,25.44130
2017-10-09,25.45840
2017-10-10,25.51510
2017-10-11,25.44960
2017-10-12,25.67810
2017-10-13,25.82280
2017-10-16,25.95220
2017-10-17,25.95980
2017-10-18,25.90810
2017-10-23,25.85140
2017-10-24,25.89510
2017-10-25,26.07210
2017-10-26,26.17010
2017-10-27,26.12490
2017-10-30,26.20490
2017-10-31,26.02500
2017-11-01,26.24250
2017-11-02,26.20860
2017-11-03,26.27110
2017-11-06,26.12920
2017-11-07,25.92780
2017-11-08,25.83150
2017-11-09,25.84360
2017-11-10,25.85780
2017-11-13,25.66400
2017-11-14,25.58510
2017-11-15,25.44600
2017-11-16,25.64030
2017-11-17,25.77740
2017-11-20,25.80620
2017-11-21,25.86220
2017-11-22,25.89340
2017-11-23,25.90520
2017-11-24,25.98710
2017-11-27,26.00450
2017-11-28,25.94390
2017-11-29,25.92570
2017-11-30,25.65530
2017-12-01,25.44470
2017-12-04,25.45830
2017-12-05,25.43770
2017-12-06,25.28800
2017-12-07,25.53200
2017-12-08,25.73020
2017-12-11,25.84160
2017-12-12,25.67680
2017-12-13,25.58180
2017-12-14,25.70500
2017-12-15,25.86650
2017-12-18,25.97510
2017-12-19,26.12460
2017-12-20,26.08370
2017-12-21,26.07540
2017-12-22,26.17930
2017-12-26,26.25010
2017-12-27,26.16800
2017-12-28,26.14070
2017-12-29,26.24180
2017-12-30,26.24100
2018-01-01,26.03550
2018-01-02,26.04920
2018-01-03,26.05010
2018-01-04,26.17030
2018-01-05,26.27540
2018-01-08,26.40090
2018-01-09,26.42700
2018-01-10,26.41680
2018-01-11,26.45360
2018-01-12,26.51070
2018-01-15,26.63010
2018-01-16,26.54980
2018-01-17,26.72520
2018-01-18,26.78380
2018-01-19,26.93630
2018-01-22,27.07890
2018-01-23,27.30850
2018-01-24,27.31090
2018-01-25,27.27740
2018-01-29,27.39320
2018-01-30,27.23500
2018-01-31,27.18950
2018-02-01,27.17040
2018-02-02,26.66360
2018-02-05,26.47830
2018-02-06,26.14320
2018-02-07,26.10400
2018-02-08,26.31320
2018-02-09,26.07130
2018-02-12,26.23700
2018-02-14,26.15640
2018-02-15,26.24680
2018-02-16,26.06230
2018-02-19,25.91300
2018-02-20,25.87650
2018-02-21,25.94810
2018-02-22,25.92320
2018-02-23,26.13990
2018-02-26,26.32990
2018-02-27,26.27070
2018-02-28,26.14940
2018-03-01,26.08280
2018-03-05,25.88350
2018-03-06,25.66460
2018-03-07,25.47650
2018-03-08,25.65030
2018-03-09,25.61640
2018-03-12,26.00350
2018-03-13,26.01810
2018-03-14,25.98880
2018-03-15,25.88800
2018-03-16,25.55340
2018-03-17,25.55320
2018-03-19,25.41720
2018-03-20,25.47140
2018-03-21,25.50780
2018-03-22,25.45410
2018-03-23,25.38340
2018-03-26,25.49340
2018-03-27,25.56740
2018-03-28,25.51670
2018-04-02,25.60110
2018-04-03,25.63860
2018-04-04,25.54530
2018-04-05,25.72300
2018-04-06,25.73690
2018-04-09,25.79450
2018-04-10,25.81340
2018-04-11,25.82930
2018-04-12,25.87800
2018-04-13,25.90070
2018-04-16,25.93900
2018-04-17,25.96570
2018-04-18,25.94760
2018-04-19,25.98280
2018-04-20,25.98360
2018-04-23,26.01040
2018-04-24,26.03660
2018-04-25,26.00380
2018-04-26,26.04140
2018-04-27,26.10790
2018-04-30,26.15170
2018-05-02,26.14690
2018-05-03,26.10420
2018-05-04,26.03770
2018-05-07,26.13520
2018-05-08,26.13940
2018-05-09,26.15750
2018-05-10,26.14730
2018-05-11,26.23870
2018-05-14,26.24370
2018-05-15,26.23760
2018-05-16,26.16840
2018-05-17,26.11220
2018-05-18,26.03650
2018-05-21,25.94960
2018-05-22,25.96060
2018-05-23,25.87960
2018-05-24,25.95560
2018-05-25,26.05820
2018-05-28,26.15740
2018-05-29,26.10410
2018-05-30,26.08090
2018-05-31,26.20680
2018-06-01,26.18260
2018-06-04,26.12580
2018-06-05,26.07510
2018-06-06,26.17020
2018-06-07,26.25950
2018-06-08,26.26160
2018-06-11,26.27900
2018-06-12,26.32660
2018-06-13,26.34950
2018-06-14,26.30810
2018-06-15,26.31840
2018-06-18,26.29970
2018-06-19,26.21830
2018-06-20,26.26410
2018-06-21,26.25210
2018-06-22,26.31870
2018-06-25,26.27720
2018-06-26,26.27530
2018-06-27,26.19660
2018-06-28,26.09100
2018-06-29,26.23580
2018-07-02,26.17100
2018-07-03,26.19780
2018-07-04,26.27850
2018-07-05,26.27100
2018-07-06,26.28720
2018-07-09,26.36070
2018-07-10,26.46200
2018-07-11,26.47180
2018-07-12,26.54010
2018-07-13,26.53600
2018-07-16,26.46340
2018-07-17,26.51560
2018-07-18,26.51160
2018-07-19,26.49080
2018-07-20,26.54290
2018-07-23,26.61340
2018-07-24,26.66070
2018-07-25,26.66100
2018-07-26,26.69650
2018-07-27,26.81110
2018-07-30,26.85530
2018-07-31,26.89510
2018-08-01,26.87620
2018-08-02,26.77130
2018-08-03,26.88330
2018-08-06,26.91390
2018-08-07,26.91680
2018-08-08,26.98120
2018-08-09,26.99630
2018-08-10,26.96600
2018-08-13,26.89460
2018-08-14,26.97660
2018-08-16,26.92550
2018-08-17,27.01190
2018-08-20,27.08880
2018-08-21,27.10960
2018-08-23,27.12380
2018-08-24,27.09840
2018-08-27,27.22470
2018-08-28,27.26850
2018-08-29,27.22410
2018-08-30,27.19320
2018-08-31,27.20420
2018-09-03,27.12160
2018-09-04,27.06960
2018-09-05,27.02450
2018-09-06,27.08750
2018-09-07,27.13600
2018-09-10,26.99170
2018-09-11,26.85600
2018-09-12,26.92340
2018-09-14,27.07610
2018-09-17,26.95300
2018-09-18,26.86450
2018-09-19,26.81330
2018-09-21,26.73770
2018-09-24,26.56520
2018-09-25,26.66170
2018-09-26,26.65150
2018-09-27,26.54940
2018-09-28,26.53860
2018-10-01,26.57890
2018-10-03,26.45800
2018-10-04,26.20330
2018-10-05,25.91430
2018-10-08,25.93880
2018-10-09,25.89750
2018-10-10,26.06800
2018-10-11,25.82270
2018-10-12,26.08810
2018-10-15,26.12670
2018-10-16,26.21410
2018-10-17,26.07960
2018-10-19,25.90630
2018-10-22,25.84650
2018-10-23,25.72840
2018-10-24,25.81580
2018-10-25,25.69670
2018-10-26,25.62730
2018-10-29,25.83500
2018-10-30,25.78630
2018-10-31,25.98940
2018-11-01,25.97670
2018-11-02,26.16040
2018-11-05,26.12780
2018-11-06,26.13670
2018-11-09,26.19250
2018-11-12,26.09760
2018-11-13,26.18950
2018-11-14,26.19090
2018-11-15,26.23990
2018-11-16,26.30240
2018-11-19,26.38830
2018-11-20,26.27350
2018-11-21,26.21740
2018-11-22,26.15620
2018-11-26,26.24340
2018-11-27,26.31560
2018-11-28,26.36200
2018-11-29,26.48470
2018-11-30,26.45760
2018-12-03,26.44940
2018-12-04,26.44200
2018-12-05,26.24810
2018-12-06,26.07310
2018-12-07,26.16100
2018-12-10,25.97040
2018-12-11,26.01710
2018-12-12,26.20610
2018-12-13,26.26590
2018-12-14,26.29100
2018-12-17,26.37180
2018-12-18,26.38990
2018-12-19,26.45010
2018-12-20,26.43270
2018-12-21,26.24890
2018-12-24,26.15120
2018-12-26,26.21200
2018-12-27,26.27760
2018-12-28,26.35040
2018-12-31,26.35090
2019-01-01,26.39430
2019-01-02,26.23240
2019-01-03,26.10860
2019-01-04,26.15610
2019-01-07,26.21760
2019-01-08,26.23560
2019-01-09,26.24410
2019-01-10,26.20230
2019-01-11,26.18020
2019-01-14,26.11680
2019-01-15,26.26300
2019-01-16,26.26990
2019-01-17,26.30030
2019-01-18,26.29720
2019-01-21,26.35710
2019-01-22,26.30360
2019-01-23,26.21350
2019-01-24,26.24310
2019-01-25,26.17810
2019-01-28,26.04530
2019-01-29,26.02680
2019-01-30,26.05130
2019-01-31,26.23400
2019-02-01,26.30000
2019-02-04,26.26930
2019-02-05,26.29920
2019-02-06,26.41480
2019-02-07,26.43150
2019-02-08,26.31060
2019-02-11,26.25460
2019-02-12,26.19790
2019-02-13,26.17130
2019-02-14,26.11540
2019-02-15,26.10010
2019-02-18,26.01890
2019-02-19,25.98820
2019-02-20,26.11310
2019-02-21,26.17650
2019-02-22,26.17770
2019-02-25,26.26700
2019-02-26,26.22490
2019-02-27,26.19870
2019-02-28,26.18370
2019-03-01,26.22170
2019-03-05,26.34520
2019-03-06,26.40820
2019-03-07,26.37000
2019-03-08,26.35300
2019-03-11,26.45610
2019-03-12,26.59260
2019-03-13,26.62720
2019-03-14,26.64090
2019-03-15,26.72230
2019-03-18,26.75490
2019-03-19,26.82900
2019-03-20,26.81560
2019-03-22,26.73740
2019-03-25,26.62490
2019-03-26,26.77280
2019-03-27,26.73630
2019-03-28,26.82900
2019-03-29,26.91200
2019-03-31,26.91070
2019-04-01,26.94900
2019-04-02,26.99820
2019-04-03,26.91420
2019-04-04,26.86720
2019-04-05,26.92980
2019-04-08,26.88870
2019-04-09,26.94690
2019-04-10,26.86850
2019-04-11,26.87620
2019-04-12,26.92060
2019-04-15,26.99330
2019-04-16,27.08280
2019-04-18,27.07110
2019-04-22,26.91970
2019-04-23,26.90620
2019-04-24,27.04090
2019-04-25,26.96660
2019-04-26,27.08790
2019-04-30,27.09310
2019-05-02,27.07460
2019-05-03,27.05650
2019-05-06,26.95040
2019-05-07,26.87610
2019-05-08,26.73650
2019-05-09,26.69940
2019-05-10,26.68040
2019-05-13,26.57010
2019-05-14,26.63340
2019-05-15,26.58600
2019-05-16,26.67210
2019-05-17,26.81880
2019-05-20,27.20480
2019-05-21,27.11020
2019-05-22,27.13030
2019-05-23,27.06150
2019-05-24,27.24390
2019-05-27,27.34530
2019-05-28,27.33240
2019-05-29,27.28870
2019-05-30,27.36130
2019-05-31,27.37510
2019-06-03,27.51770
2019-06-04,27.24920
2019-06-06,27.08250
2019-06-07,27.11800
2019-06-10,27.17940
2019-06-11,27.21130
2019-06-12,27.16130
2019-06-13,27.18450
2019-06-14,27.10390
2019-06-17,26.95120
2019-06-18,26.97030
2019-06-19,26.97060
2019-06-20,27.10200
2019-06-21,27.00490
2019-06-24,26.98780
2019-06-25,27.08010
2019-06-26,27.11800
2019-06-27,27.11350
2019-06-28,27.07140
2019-07-01,27.14860
2019-07-02,27.18720
2019-07-03,27.19490
2019-07-04,27.23370
2019-07-05,27.12530
2019-07-08,26.89310
2019-07-09,26.90000
2019-07-10,26.84760
2019-07-11,26.92110
2019-07-12,26.90210
2019-07-15,26.94160
2019-07-16,27.01350
2019-07-17,27.03630
2019-07-18,26.94660
2019-07-19,26.79720
2019-07-22,26.72180
2019-07-23,26.71900
2019-07-24,26.66890
2019-07-25,26.64690
2019-07-26,26.67850
2019-07-29,26.61160
2019-07-30,26.52500
2019-07-31,26.55090
2019-08-01,26.41160
2019-08-02,26.44360
2019-08-05,26.31040
2019-08-06,26.39320
2019-08-07,26.31430
2019-08-08,26.47710
2019-08-09,26.55940
2019-08-13,26.40350
2019-08-14,26.50980
2019-08-16,26.51440
2019-08-19,26.53120
2019-08-20,26.49440
2019-08-21,26.40710
2019-08-22,26.25660
2019-08-23,26.32280
2019-08-26,26.54650
2019-08-27,26.58750
2019-08-28,26.53550
2019-08-29,26.43140
2019-08-30,26.51730
2019-09-03,26.29980
2019-09-04,26.33060
2019-09-05,26.33940
2019-09-06,26.43550
2019-09-09,26.49400
2019-09-11,26.52270
2019-09-12,26.48640
2019-09-13,26.55810
2019-09-16,26.50190
2019-09-17,26.32100
2019-09-18,26.34660
2019-09-19,26.22430
2019-09-20,26.76670
2019-09-23,27.10070
2019-09-24,27.06790
2019-09-25,26.92610
2019-09-26,27.05880
2019-09-27,27.00020
2019-09-30,26.96350
2019-10-01,26.86220
2019-10-03,26.82170
2019-10-04,26.70770
2019-10-07,26.66460
2019-10-09,26.82940
2019-10-10,26.77700
2019-10-11,26.84960
2019-10-14,26.89280
2019-10-15,26.95720
2019-10-16,26.98930
2019-10-17,27.11770
2019-10-18,27.19720
2019-10-22,27.11160
2019-10-23,27.14140
2019-10-24,27.12200
2019-10-25,27.12760
2019-10-29,27.27770
2019-10-30,27.33840
2019-10-31,27.37270
2019-11-01,27.37930
2019-11-04,27.42550
2019-11-05,27.40240
2019-11-06,27.45190
2019-11-07,27.49980
2019-11-08,27.41320
2019-11-11,27.41100
2019-11-13,27.34970
2019-11-14,27.37510
2019-11-15,27.38790
2019-11-18,27.38390
2019-11-19,27.43530
2019-11-20,27.50030
2019-11-21,27.47240
2019-11-22,27.42130
2019-11-25,27.55780
2019-11-26,27.52350
2019-11-27,22.78810
2019-11-28,22.83260
2019-11-29,22.75880
2019-12-02,22.74740
2019-12-03,22.71250
2019-12-04,22.74670
2019-12-05,22.73410
2019-12-06,22.65670
2019-12-09,22.67100
2019-12-10,22.60470
2019-12-11,22.64900
2019-12-12,22.68800
2019-12-13,22.77800
2019-12-16,22.75770
2019-12-17,22.84290
2019-12-18,22.88980
2019-12-19,22.92060
2019-12-20,22.92630
2019-12-23,22.91850
2019-12-24,22.87690
2019-12-26,22.81440
2019-12-27,22.90240
2019-12-30,22.91120
2019-12-31,22.84030
2020-01-01,22.86320
2020-01-02,22.94120
2020-01-03,22.91560
2020-01-06,22.73060
2020-01-07,22.77030
2020-01-08,22.76030
2020-01-09,22.90140
2020-01-10,22.94250
2020-01-13,22.99250
2020-01-14,23.01450
2020-01-15,22.99710
2020-01-16,23.01080
2020-01-17,23.00550
2020-01-20,22.91210
2020-01-21,22.86720
2020-01-22,22.82010
2020-01-23,22.88400
2020-01-24,22.93940
2020-01-27,22.84500
2020-01-28,22.79290
2020-01-29,22.85440
2020-01-30,22.78250
2020-01-31,22.72640
2020-02-03,22.56160
2020-02-04,22.77430
2020-02-05,22.85430
2020-02-06,22.89130
2020-02-07,22.85260
2020-02-10,22.80450
2020-02-11,22.85990
2020-02-12,22.92800
2020-02-13,22.91580
2020-02-14,22.85850
2020-02-17,22.80370
2020-02-18,22.76210
2020-02-19,22.86570
2020-02-20,22.82930
2020-02-24,22.64460
2020-02-25,22.60830
2020-02-26,22.52810
2020-02-27,22.50210
2020-02-28,22.22360
2020-03-02,22.13720
2020-03-03,22.25910
2020-03-04,22.21700
2020-03-05,22.24380
2020-03-06,22.03680
2020-03-09,21.60580
2020-03-11,21.61760
2020-03-12,20.98620
2020-03-13,21.27050
2020-03-16,20.68900
2020-03-17,20.51860
2020-03-18,20.11680
2020-03-19,19.95520
2020-03-20,11.77570
2020-03-23,11.29040
2020-03-24,11.35450
2020-03-25,11.54750
2020-03-26,11.67670
2020-03-27,11.69180
2020-03-30,11.48170
2020-03-31,11.66850
2020-04-01,11.47280
2020-04-03,11.37280
2020-04-07,11.76700
2020-04-08,11.75820
2020-04-09,11.93930
2020-04-13,11.86730
2020-04-15,11.83210
2020-04-16,11.86470
2020-04-17,12.01760
2020-04-20,12.02420
2020-04-21,11.87000
2020-04-22,11.98150
2020-04-23,12.05620
2020-04-24,11.96680
2020-04-27,12.03370
2020-04-28,12.08690
2020-04-29,12.19030
2020-04-30,12.36970
2020-05-04,11.90270
2020-05-05,11.83040
2020-05-06,11.88100
2020-05-07,11.82530
2020-05-08,11.86790
2020-05-11,11.85490
2020-05-12,11.81580
2020-05-13,11.97150
2020-05-14,11.77110
2020-05-15,11.76670
2020-05-18,11.50970
2020-05-19,11.55420
2020-05-20,11.71080
2020-05-21,11.74810
2020-05-22,11.69030
2020-05-26,11.67620
2020-05-27,11.91410
2020-05-28,12.05850
2020-05-29,12.14630
2020-06-01,12.34050
2020-06-02,12.46400
2020-06-03,12.53270
2020-06-04,12.50580
2020-06-05,12.59720
2020-06-08,12.61920
2020-06-09,12.52030
2020-06-10,12.57600
2020-06-11,12.39930
2020-06-12,12.45840
2020-06-15,12.32200
2020-06-16,12.40920
2020-06-17,12.38080
2020-06-18,12.55550
2020-06-19,12.68530
2020-06-22,12.74020
2020-06-23,12.87150
2020-06-24,12.73240
2020-06-25,12.71880
2020-06-26,12.79780
2020-06-29,12.73830
2020-06-30,12.72960
2020-07-01,12.82560
2020-07-02,12.92930
2020-07-03,12.97780
2020-07-06,13.12930
2020-07-07,13.15680
2020-07-08,13.07980
2020-07-09,13.17090
2020-07-10,13.13570
2020-07-13,13.16420
2020-07-14,13.00760
2020-07-15,13.01510
2020-07-16,13.11680
2020-07-17,13.24520
2020-07-20,13.34280
2020-07-21,13.45660
2020-07-22,13.43550
2020-07-23,13.50440
2020-07-24,13.49540
2020-07-27,13.44350
2020-07-28,13.58220
2020-07-29,13.49570
2020-07-30,13.41570
2020-07-31,13.39340
2020-08-03,13.24970
2020-08-04,13.41140
2020-08-05,13.41510
2020-08-06,13.49730
2020-08-07,13.50750
2020-08-10,13.54920
2020-08-11,13.58870
2020-08-12,13.57870
2020-08-13,13.57560
2020-08-14,13.48230
2020-08-17,13.53110
2020-08-18,13.63810
2020-08-19,13.65430
2020-08-20,13.58020
2020-08-21,13.62560
2020-08-24,13.69450
2020-08-25,13.70190
2020-08-26,13.76450
2020-08-27,13.76430
2020-08-28,13.83650
2020-08-31,13.62880
2020-09-01,13.68930
2020-09-02,13.74030
2020-09-03,13.74170
2020-09-04,13.59010
2020-09-07,13.60430
2020-09-08,13.57400
2020-09-09,13.53910
2020-09-10,13.67850
2020-09-11,13.68840
2020-09-14,13.66570
2020-09-15,13.73030
2020-09-16,13.79240
2020-09-17,13.72250
2020-09-18,13.72080
2020-09-21,13.51330
2020-09-22,13.43420
2020-09-23,13.41480
2020-09-24,13.15830
2020-09-25,13.36110
2020-09-28,13.50200
2020-09-29,13.49570
2020-09-30,13.51730
2020-10-01,13.64990
2020-10-05,13.71270
2020-10-06,13.84110
2020-10-07,13.89870
2020-10-08,13.97520
2020-10-09,14.03670
2020-10-12,14.04680
2020-10-13,14.04880
2020-10-14,14.08190
2020-10-15,13.85360
2020-10-16,13.91810
2020-10-19,14.00150
2020-10-20,14.02340
2020-10-21,14.05810
2020-10-22,14.02280
2020-10-23,14.06280
2020-10-26,13.93190
2020-10-27,14.03010
2020-10-28,13.90460
2020-10-29,13.86140
2020-10-30,13.84100
2020-11-02,13.85590
2020-11-03,13.96660
2020-11-04,14.04220
2020-11-05,14.20790
2020-11-06,14.32140
2020-11-09,14.47190
2020-11-10,14.60700
2020-11-11,14.69920
2020-11-12,14.65250
2020-11-13,14.67580
2020-11-17,14.79890
2020-11-18,14.85020
2020-11-19,14.71990
2020-11-20,14.78800
2020-11-23,14.83830
2020-11-24,14.93740
2020-11-25,14.78590
2020-11-26,14.88540
2020-11-27,14.87160
2020-12-01,14.97560
2020-12-02,14.98000
2020-12-03,14.99650
2020-12-04,15.08680
2020-12-07,15.15840
2020-12-08,15.18600
2020-12-09,15.28630
2020-12-10,15.24560
2020-12-11,15.27540
2020-12-14,15.30780
2020-12-15,15.31580
2020-12-16,15.40260
2020-12-17,15.44630
2020-12-18,15.45950
2020-12-21,15.12980
2020-12-22,15.23120
2020-12-23,15.33990
2020-12-24,15.45740
2020-12-28,15.54590
2020-12-29,15.59110
2020-12-30,15.62990
2020-12-31,15.63010
2021-01-01,15.65710
2021-01-04,15.74010
2021-01-05,15.79260
2021-01-06,15.74980
2021-01-07,15.74070
2021-01-08,15.91150
2021-01-11,16.01270
2021-01-12,16.06980
2021-01-13,16.06600
2021-01-14,16.08720
2021-01-15,15.95560
2021-01-18,15.82700
2021-01-19,15.99670
2021-01-20,16.09340
2021-01-21,16.03620
2021-01-22,15.90880
2021-01-25,15.83110
2021-01-27,15.63710
2021-01-28,15.51540
2021-01-29,15.37940
2021-02-01,15.85110
2021-02-02,16.12560
2021-02-03,16.23630
2021-02-04,16.30830
2021-02-05,16.33490
2021-02-08,16.47790
2021-02-09,16.46840
2021-02-10,16.44200
2021-02-11,16.49510
2021-02-12,16.48890
2021-02-15,16.59450
2021-02-16,16.59040
2021-02-17,16.51250
2021-02-18,16.44040
2021-02-19,16.34050
2021-02-22,16.11970
2021-02-23,16.14350
2021-02-24,16.34510
2021-02-25,16.42840
2021-02-26,16.01310
2021-03-01,16.17830
2021-03-02,16.29380
2021-03-03,16.53430
2021-03-04,16.41330
2021-03-05,16.31130
2021-03-08,16.31740
2021-03-09,16.41660
2021-03-10,16.47420
2021-03-12,16.36570
2021-03-15,16.27740
2021-03-16,16.25960
2021-03-17,16.11150
2021-03-18,15.98970
2021-03-19,16.12850
2021-03-22,16.11970
2021-03-23,16.17450
2021-03-24,15.98170
2021-03-25,15.81880
2021-03-26,15.95580
2021-03-30,16.19370
2021-03-31,16.08220
2021-04-01,16.20970
2021-04-05,16.04420
2021-04-06,16.07180
2021-04-07,16.17790
2021-04-08,16.22080
2021-04-09,16.18930
2021-04-12,15.80990
2021-04-13,15.95460
2021-04-15,16.00560
2021-04-16,16.04020
2021-04-19,15.85220
2021-04-20,15.81480
2021-04-22,15.88750
2021-04-23,15.83560
2021-04-26,15.93370
2021-04-27,16.05410
2021-04-28,16.20500
2021-04-29,16.23320
2021-04-30,16.05790
2021-05-03,16.05960
2021-05-04,15.96870
2021-05-05,16.05050
2021-05-06,16.13950
2021-05-07,16.21960
2021-05-10,16.30490
2021-05-11,16.25160
2021-05-12,16.14180
2021-05-14,16.08570
2021-05-17,16.27590
2021-05-18,16.36890
2021-05-19,16.34200
2021-05-20,16.24500
2021-05-21,16.45110
2021-05-24,16.49230
2021-05-25,16.48060
2021-05-26,16.54380
2021-05-27,16.60570
2021-05-28,16.73210
2021-05-31,16.83320
2021-06-01,16.81140
2021-06-02,16.85910
2021-06-03,16.95320
2021-06-04,16.96410
2021-06-07,17.08070
2021-06-08,17.06900
2021-06-09,16.97840
2021-06-10,17.07780
2021-06-11,17.14510
2021-06-14,17.17220
2021-06-15,17.22410
2021-06-16,17.11320
2021-06-17,17.00860
2021-06-18,16.93720
2021-06-21,17.01540
2021-06-22,17.06660
2021-06-23,16.99660
2021-06-24,17.05700
2021-06-25,17.17750
2021-06-28,17.18830
2021-06-29,17.10840
2021-06-30,17.09040
2021-07-01,17.07970
2021-07-02,17.13380
2021-07-05,17.26570
2021-07-06,17.23420
2021-07-07,17.30220
2021-07-08,17.18180
2021-07-09,17.15970
2021-07-12,17.19450
2021-07-13,17.32820
2021-07-14,17.42540
2021-07-15,17.60260
2021-07-16,17.53390
2021-07-19,17.39270
2021-07-20,17.21370
2021-07-22,17.42830
2021-07-23,17.44910
2021-07-26,17.45440
2021-07-27,17.42880
2021-07-28,17.37110
2021-07-29,17.48660
2021-07-30,17.57440
2021-08-02,17.69760
2021-08-03,17.91180
2021-08-04,17.93020
2021-08-05,17.89010
2021-08-06,17.82830
2021-08-09,17.75570
2021-08-10,17.70430
2021-08-11,17.70670
2021-08-12,17.81980
2021-08-13,17.95840
2021-08-16,17.91230
2021-08-17,17.97070
2021-08-18,17.95850
2021-08-20,17.80240
2021-08-23,17.80180
2021-08-24,17.93330
2021-08-25,17.92890
2021-08-26,17.92890
2021-08-27,18.06730
2021-08-30,18.26690
2021-08-31,18.44620
2021-09-01,18.42960
2021-09-02,18.53890
2021-09-03,18.68550
2021-09-06,18.72730
2021-09-07,18.65380
2021-09-08,18.69150
2021-09-09,18.69330
2021-09-13,18.70550
2021-09-14,18.74400
2021-09-15,18.89360
2021-09-16,19.00900
2021-09-17,18.88800
2021-09-20,18.61200
2021-09-21,18.74610
2021-09-22,18.82830
2021-09-23,19.13350
2021-09-24,19.17670
2021-09-27,19.10400
2021-09-28,18.95990
2021-09-29,19.06190
2021-09-30,19.00010
2021-10-01,18.92900
2021-10-04,19.08940
2021-10-05,19.24290
2021-10-06,19.06400
2021-10-07,19.22560
2021-10-08,19.29880
2021-10-11,19.43380
2021-10-12,19.44700
2021-10-13,19.69250
2021-10-14,19.86230
2021-10-18,19.94300
2021-10-19,19.88680
2021-10-20,19.73390
2021-10-21,19.67640
2021-10-22,19.55660
2021-10-25,19.47490
2021-10-26,19.69440
2021-10-27,19.71890
2021-10-28,19.39420
2021-10-29,19.29280
2021-11-01,19.63600
2021-11-02,19.66210
2021-11-03,19.67390
2021-11-08,19.91830
2021-11-09,19.99700
2021-11-10,19.95980
2021-11-11,19.75050
2021-11-12,19.96520
2021-11-15,19.97920
2021-11-16,19.91470
2021-11-17,19.87850
2021-11-18,19.67840
2021-11-22,19.23730
2021-11-23,19.40550
2021-11-24,19.30870
2021-11-25,19.41180
2021-11-26,18.83070
2021-11-29,18.75220
2021-11-30,18.72550
2021-12-01,18.92320
2021-12-02,19.19040
2021-12-03,19.02010
2021-12-06,18.69040
2021-12-07,18.93210
2021-12-08,19.28320
2021-12-09,19.34060
2021-12-10,19.33980
2021-12-13,19.19920
2021-12-14,19.20950
2021-12-15,19.13690
2021-12-16,19.11040
2021-12-17,18.82920
2021-12-20,18.37670
2021-12-21,18.62720
2021-12-22,18.85250
2021-12-23,18.97860
2021-12-24,18.86910
2021-12-27,18.94130
2021-12-28,19.10770
2021-12-29,19.09540
2021-12-30,19.06660
2021-12-31,19.25690
2022-01-03,19.51940
2022-01-04,19.69120
2022-01-05,19.73920
2022-01-06,19.57640
2022-01-07,19.59210
2022-01-10,19.81790
2022-01-11,19.85150
2022-01-12,20.03820
2022-01-13,20.13170
2022-01-14,20.12230
2022-01-17,20.15270
2022-01-18,19.84560
2022-01-19,19.68220
2022-01-20,19.53130
2022-01-21,19.28490
2022-01-24,18.73420
2022-01-25,18.97110
2022-01-27,18.78510
2022-01-28,18.79900
2022-01-31,19.08190
2022-02-01,19.40140
2022-02-02,19.56230
2022-02-03,19.32700
2022-02-04,19.26610
2022-02-07,19.02210
2022-02-08,19.04080
2022-02-09,19.25680
2022-02-10,19.39030
2022-02-11,19.07920
2022-02-14,18.41270
2022-02-15,18.93020
2022-02-16,18.83290
2022-02-17,18.77700
2022-02-18,18.74080
2022-02-21,18.62600
2022-02-22,18.45990
2022-02-23,18.44880
2022-02-24,17.59930
2022-02-25,18.05110
2022-02-28,18.19700
2022-03-02,17.97450
2022-03-03,17.92630
2022-03-04,17.69440
2022-03-07,17.35620
2022-03-08,17.56260
2022-03-09,17.88250
2022-03-10,18.12900
2022-03-11,18.17770
2022-03-14,18.43500
2022-03-15,18.22650
2022-03-16,18.48180
2022-03-17,18.80100
2022-03-21,18.60300
2022-03-22,18.76570
2022-03-23,18.73160
2022-03-24,18.82710
2022-03-25,18.73670
2022-03-28,18.79010
2022-03-29,18.87710
2022-03-30,19.09760
2022-03-31,19.07990
2022-04-01,19.28220
2022-04-04,19.60350
2022-04-05,19.52440
2022-04-06,19.46580
2022-04-07,19.29900
2022-04-08,19.38860
2022-04-11,19.27260
2022-04-12,19.07770
2022-04-13,19.03070
2022-04-18,18.72470
2022-04-19,18.49100
2022-04-20,18.60050
2022-04-21,18.84500
2022-04-22,18.61280
2022-04-25,18.38600
2022-04-26,18.66050
2022-04-27,18.50880
2022-04-28,18.72860
2022-04-29,18.52170
2022-05-02,18.46810
2022-05-04,18.07870
2022-05-05,18.07840
2022-05-06,17.85300
2022-05-09,17.75150
2022-05-10,17.65810
2022-05-11,17.53790
2022-05-12,17.18030
2022-05-13,17.14450
2022-05-16,17.26400
2022-05-17,17.74060
2022-05-18,17.64860
2022-05-19,17.20170
2022-05-20,17.64560
2022-05-23,17.58570
2022-05-24,17.46330
2022-05-25,17.31700
2022-05-26,17.48500
2022-05-27,17.65940
2022-05-30,18.00490
2022-05-31,17.95650
2022-06-01,17.91200
2022-06-02,17.99110
2022-06-03,17.86670
2022-06-06,17.87180
2022-06-07,17.70820
2022-06-08,17.68010
2022-06-09,17.76810
2022-06-10,17.55440
2022-06-13,17.08830
2022-06-14,17.07820
2022-06-15,17.05170
2022-06-16,16.71790
2022-06-17,16.61060
2022-06-20,16.51110
2022-06-21,16.87390
2022-06-22,16.65080
2022-06-23,16.84950
2022-06-24,17.01450
2022-06-27,17.17640
2022-06-28,17.21290
2022-06-29,17.22510
2022-06-30,17.22250
2022-07-01,17.22960
2022-07-04,17.38800
2022-07-05,17.37020
2022-07-06,17.55270
2022-07-07,17.75350
2022-07-08,17.84190
2022-07-11,17.86620
2022-07-12,17.70520
2022-07-13,17.65550
2022-07-14,17.63720
2022-07-15,17.71860
2022-07-18,17.91160
2022-07-19,17.98190
2022-07-20,18.08220
2022-07-21,18.23090
2022-07-22,18.31920
2022-07-25,18.22080
2022-07-26,18.04380
2022-07-27,18.23500
2022-07-28,18.47440
2022-07-29,18.68130
2022-08-01,18.79070
2022-08-02,18.81760
2022-08-03,18.80500
2022-08-04,18.80090
2022-08-05,18.82160
2022-08-08,18.89980
2022-08-10,18.91640
2022-08-11,19.06470
2022-08-12,19.10350
2022-08-16,19.28190
2022-08-17,19.44330
2022-08-18,19.40790
2022-08-19,19.23480
2022-08-22,18.93840
2022-08-23,19.03210
2022-08-24,19.07830
2022-08-25,19.04400
2022-08-26,19.09130
2022-08-29,18.89050
2022-08-30,19.29850
2022-09-01,19.16050
2022-09-02,19.16960
2022-09-05,19.31050
2022-09-06,19.32760
2022-09-07,19.35750
2022-09-08,19.51130
2022-09-09,19.51920
2022-09-12,19.61520
2022-09-13,19.76680
2022-09-14,19.78920
2022-09-15,19.76860
2022-09-16,19.41050
2022-09-19,19.53830
2022-09-20,19.71090
2022-09-21,19.57820
2022-09-22,19.41030
2022-09-23,19.08770
2022-09-26,18.69850
2022-09-27,18.74040
2022-09-28,18.63120
2022-09-29,18.66440
2022-09-30,18.92670
2022-10-03,18.63550
2022-10-04,18.98600
2022-10-06,19.11790
2022-10-07,19.12740
2022-10-10,19.04060
2022-10-11,18.78640
2022-10-12,18.96160
2022-10-13,18.88760
2022-10-14,19.04360
2022-10-17,19.13640
2022-10-18,19.34000
2022-10-19,19.34770
2022-10-20,19.41110
2022-10-21,19.41870
2022-10-25,19.56870
2022-10-27,19.68710
2022-10-28,19.66750
2022-10-31,19.88530
2022-11-01,20.01350
2022-11-02,19.91900
2022-11-03,19.90150
2022-11-04,19.84240
2022-11-07,19.98290
2022-11-09,19.92380
2022-11-10,19.73730
2022-11-11,19.97380
2022-11-14,20.04600
2022-11-15,20.09140
2022-11-16,20.07670
2022-11-17,19.97090
2022-11-18,19.91310
2022-11-21,19.79510
2022-11-22,19.86020
2022-11-23,19.88800
2022-11-24,20.10800
2022-11-25,20.14010
2022-11-28,20.19580
2022-11-29,20.21570
2022-11-30,20.33430
2022-12-01,20.44680
2022-12-02,20.37470
2022-12-05,20.37820
2022-12-06,20.33330
2022-12-07,20.24710
2022-12-08,20.35380
2022-12-09,20.25070
2022-12-12,20.28680
2022-12-13,20.37540
2022-12-14,20.45290
2022-12-15,20.22460
2022-12-16,20.05150
2022-12-19,20.19630
2022-12-20,20.14750
2022-12-21,19.94490
2022-12-22,19.84020
2022-12-23,19.45520
2022-12-26,19.74190
2022-12-27,19.87610
2022-12-28,19.88380
2022-12-29,19.96620
2022-12-30,19.91220
2023-01-02,19.97550
2023-01-03,19.99550
2023-01-04,19.79390
2023-01-05,19.84760
2023-01-06,19.75110
2023-01-09,19.95260
2023-01-10,19.77290
2023-01-11,19.81070
2023-01-12,19.78060
2023-01-13,19.89890
2023-01-16,19.82500
2023-01-17,19.93270
2023-01-18,20.04440
2023-01-19,20.03850
2023-01-20,19.96370
2023-01-23,20.05060
2023-01-24,20.04730
2023-01-25,19.84160
2023-01-27,19.61330
2023-01-30,19.64570
2023-01-31,19.71330
2023-02-01,19.65970
2023-02-02,19.73490
2023-02-03,19.94270
2023-02-06,19.87780
2023-02-07,19.74710
2023-02-08,19.85260
2023-02-09,19.88920
2023-02-10,19.85470
2023-02-13,19.71420
2023-02-14,19.81610
2023-02-15,19.93570
2023-02-16,19.97450
2023-02-17,19.88440
2023-02-20,19.84040
2023-02-21,19.80460
2023-02-22,19.51710
2023-02-23,19.49080
2023-02-24,19.40480
2023-02-27,19.32180
2023-02-28,19.23530
2023-03-01,19.42970
2023-03-02,19.31720
2023-03-03,19.57350
2023-03-06,19.65960
2023-03-08,19.68580
2023-03-09,19.55690
2023-03-10,19.38140
2023-03-13,19.10730
2023-03-14,18.96600
2023-03-15,18.91710
2023-03-16,18.88610
2023-03-17,19.01110
2023-03-20,18.85630
2023-03-21,18.93920
2023-03-22,18.97080
2023-03-23,18.86300
2023-03-24,18.74570
2023-03-27,18.76080
2023-03-28,18.72480
2023-03-29,18.90830
2023-03-31,19.15550
2023-04-03,19.19390
2023-04-05,19.27850
2023-04-06,19.29580
2023-04-10,19.33920
2023-04-11,19.46490
2023-04-12,19.50290
2023-04-13,19.50040
2023-04-17,19.43410
2023-04-18,19.39860
2023-04-19,19.35460
2023-04-20,19.35620
2023-04-21,19.31800
2023-04-24,19.45370
2023-04-25,19.45400
2023-04-26,19.48830
2023-04-27,19.57610
2023-04-28,19.76070
2023-05-02,19.86980
2023-05-03,19.84080
2023-05-04,19.94920
2023-05-05,19.80320
2023-05-08,19.99480
2023-05-09,19.94900
2023-05-10,19.98740
2023-05-11,19.94920
2023-05-12,19.89580
2023-05-15,20.04400
2023-05-16,20.01300
2023-05-17,19.96580
2023-05-18,19.85380
2023-05-19,19.90610
2023-05-22,20.01580
2023-05-23,20.03780
2023-05-24,20.03260
2023-05-25,20.05410
2023-05-26,20.23620
2023-05-29,20.31510
2023-05-30,20.39500
2023-05-31,20.32190
2023-06-01,20.28750
2023-06-02,20.37890
2023-06-05,20.46300
2023-06-06,20.52090
2023-06-07,20.67340
2023-06-08,20.61150
2023-06-09,20.56020
2023-06-12,20.62250
2023-06-13,20.73940
2023-06-14,20.82880
2023-06-15,20.82800
2023-06-16,20.95900
2023-06-19,20.88330
2023-06-20,20.96460
2023-06-21,21.02150
2023-06-22,20.88960
2023-06-23,20.72760
2023-06-26,20.74730
2023-06-27,20.86490
2023-06-28,20.98710
2023-06-30,21.28320
2023-07-03,21.41380
2023-07-04,21.45380
2023-07-05,21.54020
2023-07-06,21.67340
2023-07-07,21.53060
2023-07-10,21.47440
2023-07-11,21.60940
2023-07-12,21.56520
2023-07-13,21.53670
2023-07-14,21.68170
2023-07-17,21.82140
2023-07-18,21.81930
2023-07-19,21.93700
2023-07-20,22.06620
2023-07-21,21.85040
2023-07-24,21.76440
2023-07-25,21.81670
2023-07-26,22.00210
2023-07-27,21.90100
2023-07-28,21.92760
2023-07-31,22.11510
2023-08-01,22.09730
2023-08-02,21.83780
2023-08-03,21.74660
2023-08-04,21.87580
2023-08-07,21.98250
2023-08-08,21.93240
2023-08-09,22.03380
2023-08-10,21.95120
2023-08-11,21.88640
2023-08-14,21.83870
2023-08-16,21.93400
2023-08-17,21.83150
2023-08-18,21.72850
2023-08-21,21.79160
2023-08-22,21.90440
2023-08-23,21.97420
2023-08-24,21.91920
2023-08-25,21.67580
2023-08-28,21.76270
2023-08-29,21.94820
2023-08-30,22.13340
2023-08-31,21.94050
2023-09-01,22.13080
2023-09-04,22.28300
2023-09-05,22.39140
2023-09-06,22.38240
2023-09-07,22.54330
2023-09-08,22.75700
2023-09-11,22.96180
2023-09-12,22.74770
2023-09-13,22.77800
2023-09-14,22.85380
2023-09-15,22.95110
2023-09-18,22.93930
2023-09-20,22.73690
2023-09-21,22.52440
2023-09-22,22.54590
2023-09-25,22.52730
2023-09-26,22.51840
2023-09-27,22.64100
2023-09-29,22.59070
2023-10-03,22.56900
2023-10-04,22.32000
2023-10-05,22.47100
2023-10-06,22.65270
2023-10-09,22.40670
2023-10-10,22.70430
2023-10-11,22.82390
2023-10-12,22.81120
2023-10-13,22.81120
2023-10-16,22.86670
2023-10-17,22.94110
2023-10-18,22.82770
2023-10-19,22.84430
2023-10-20,22.72390
2023-10-23,22.26150
2023-10-25,22.10860
2023-10-26,21.86060
2023-10-27,22.08810
2023-10-30,22.13890
2023-10-31,22.08240
2023-11-01,21.94170
2023-11-02,22.21730
2023-11-03,22.41960
2023-11-06,22.58520
2023-11-07,22.56520
2023-11-08,22.63750
2023-11-09,22.63870
2023-11-10,22.69890
2023-11-13,22.80120
2023-11-15,22.99650
2023-11-16,23.07750
2023-11-17,23.04820
2023-11-20,22.99180
2023-11-21,23.00530
2023-11-22,23.03540
2023-11-23,22.99790
2023-11-24,22.92620
2023-11-28,23.14720
2023-11-29,23.38460
2023-11-30,23.49720
2023-12-01,23.71520
2023-12-04,24.22360
2023-12-05,24.49680
2023-12-06,24.55980
2023-12-07,24.59170
2023-12-08,24.59990
2023-12-11,24.68340
2023-12-12,24.61070
2023-12-13,24.79490
2023-12-14,25.04780
2023-12-15,25.52360
2023-12-18,25.50070
2023-12-19,25.51620
2023-12-20,24.91020
2023-12-21,25.16200
2023-12-22,25.31010
2023-12-26,25.41090
2023-12-27,25.67210
2023-12-28,25.82740
2023-12-29,25.80140
2024-01-01,25.90120
2024-01-02,25.71670
2024-01-03,25.63840
2024-01-04,25.91100
2024-01-05,25.90450
2024-01-08,25.70960
2024-01-09,25.83620
2024-01-10,25.81490
2024-01-11,25.91530
2024-01-12,26.24810
2024-01-15,26.44120
2024-01-16,26.46020
2024-01-17,25.99090
2024-01-18,26.00540
2024-01-19,26.35780
2024-01-23,25.79710
2024-01-24,26.30550
2024-01-25,26.27180
2024-01-29,26.73330
2024-01-30,26.63020
2024-01-31,26.97920
2024-02-01,26.82440
2024-02-02,27.04940
2024-02-05,27.10950
2024-02-06,27.39150
2024-02-07,27.41360
2024-02-08,27.44680
2024-02-09,27.42030
2024-02-12,27.01890
2024-02-13,26.97400
2024-02-14,27.29730
2024-02-15,27.64420
2024-02-16,27.79810
2024-02-19,27.80330
2024-02-20,27.89310
2024-02-21,27.68750
2024-02-22,27.99330
2024-02-23,27.97270
2024-02-26,27.87760
2024-02-27,27.94610
2024-02-28,27.55750
2024-02-29,27.72240
2024-03-01,28.11200
2024-03-04,28.39110
2024-03-05,28.41110
2024-03-06,28.38080
2024-03-07,28.53920
2024-03-11,28.23950
2024-03-12,27.93220
2024-03-13,27.10790
2024-03-14,27.44020
2024-03-15,27.15240
2024-03-18,27.22410
2024-03-19,26.87710
2024-03-20,26.89720
2024-03-21,27.29750
2024-03-22,27.50640
2024-03-26,27.52100
2024-03-27,27.53350
2024-03-28,27.85680
2024-03-31,27.85200
2024-04-01,28.13040
2024-04-02,28.15830
2024-04-03,28.22010
2024-04-04,28.29170
2024-04-05,28.27450
2024-04-08,28.44640
2024-04-09,28.43070
2024-04-10,28.55490
2024-04-12,28.17870
2024-04-15,27.87760
2024-04-16,27.80150
2024-04-18,27.70420
2024-04-19,27.85620
2024-04-22,28.13500
2024-04-23,28.22160
2024-04-24,28.26370
2024-04-25,28.62350
2024-04-26,28.60850
2024-04-29,28.84020
2024-04-30,28.87120
2024-05-02,29.10490
2024-05-03,29.08540
2024-05-06,28.77410
2024-05-07,28.34610
2024-05-08,28.57230
2024-05-09,27.98850
2024-05-10,28.22100
2024-05-13,28.17160
2024-05-14,28.55020
2024-05-15,28.68710
2024-05-16,28.87870
2024-05-17,29.16580
2024-05-21,29.51020
2024-05-22,29.51750
2024-05-23,29.81420
2024-05-24,29.81800
2024-05-27,29.82210
2024-05-28,29.69300
2024-05-29,29.54940
2024-05-30,29.20000
2024-05-31,29.28690
2024-06-03,30.38340
2024-06-04,27.91790
2024-06-05,28.86290
2024-06-06,29.20320
2024-06-07,29.76100
2024-06-10,29.87760
2024-06-11,30.05660
2024-06-12,30.14820
2024-06-13,30.28510
2024-06-14,30.46190
2024-06-18,30.58240
2024-06-19,30.42040
2024-06-20,30.47180
2024-06-21,30.45740
2024-06-24,30.55810
2024-06-25,30.63230
2024-06-26,30.72130
2024-06-27,30.96460
2024-06-28,30.98520
2024-07-01,31.20250
2024-07-02,31.22600
2024-07-03,31.46750
2024-07-04,31.50050
2024-07-05,31.61140
2024-07-08,31.64590
2024-07-09,31.73680
2024-07-10,31.65820
2024-07-11,31.77930
2024-07-12,31.88370
2024-07-15,32.07020
2024-07-16,31.99420
2024-07-18,32.00880
2024-07-19,31.57530
2024-07-22,31.78520
2024-07-23,31.54160
2024-07-24,31.58430
2024-07-25,31.65080
2024-07-26,32.18220
2024-07-29,32.29430
2024-07-30,32.41090
2024-07-31,32.56720
2024-08-01,32.51500
2024-08-02,32.15470
2024-08-05,31.03220
2024-08-06,30.88370
2024-08-07,31.53090
2024-08-08,31.20730
2024-08-09,31.53560
2024-08-12,31.67120
2024-08-13,31.32180
2024-08-14,31.31080
2024-08-16,31.90370
2024-08-19,32.12060
2024-08-20,32.21670
2024-08-21,32.29130
2024-08-22,32.28670
2024-08-23,32.19800
2024-08-26,32.34160
2024-08-27,32.34330
2024-08-28,32.35980
2024-08-29,32.34810
2024-08-30,32.49320
2024-09-02,32.34160
2024-09-03,32.39300
2024-09-04,32.32220
2024-09-05,32.30240
2024-09-06,31.90000
2024-09-09,31.83640
2024-09-10,31.94590
2024-09-11,31.75300
2024-09-12,32.26690
2024-09-13,32.26860
2024-09-16,32.22900
2024-09-17,32.19360
2024-09-18,32.08400
2024-09-19,32.04150
2024-09-20,32.38800
2024-09-23,32.63290
2024-09-24,32.57310
2024-09-25,32.54460
2024-09-26,32.74290
2024-09-27,32.74810
2024-09-30,32.49460
2024-10-01,32.45620
2024-10-03,31.85690
2024-10-04,31.60730
2024-10-07,31.11740
2024-10-08,31.49120
2024-10-09,31.53140
2024-10-10,31.44650
2024-10-11,31.44890
2024-10-14,31.62600
2024-10-15,31.66070
2024-10-16,31.64550
2024-10-17,31.25040
2024-10-18,31.33330
2024-10-21,31.27750
2024-10-22,30.72940
2024-10-23,30.76610
2024-10-24,30.73440
2024-10-25,30.43170
2024-10-28,30.65070
2024-10-29,30.90470
2024-10-30,30.76850
2024-10-31,30.63390
2024-11-04,30.38190
2024-11-05,30.61440
2024-11-06,30.99080
2024-11-07,30.67510
2024-11-08,30.49980
2024-11-11,30.47120
2024-11-12,30.14640
2024-11-13,29.65460
2024-11-14,29.74630
2024-11-18,29.58950
2024-11-19,29.64430
2024-11-21,29.43110
2024-11-22,30.05550
2024-11-25,30.49800
2024-11-26,30.49860
2024-11-27,30.61060
2024-11-28,30.29760
2024-11-29,30.56940
2024-12-02,30.79640
2024-12-03,31.03010
2024-12-04,31.07330
2024-12-05,31.36870
2024-12-06,31.38060
2024-12-09,31.34500
2024-12-10,31.33280
2024-12-11,31.34850
2024-12-12,31.20250
2024-12-13,31.37500
2024-12-16,31.30260
2024-12-17,30.89010
2024-12-18,30.67090
2024-12-19,30.41590
2024-12-20,29.81940
2024-12-23,29.95410
2024-12-24,29.97450
2024-12-26,30.01510
2024-12-27,29.98700
2024-12-30,29.69130
2024-12-31,29.70290
2025-01-01,29.78770
2025-01-02,30.22180
2025-01-03,29.95870
2025-01-06,29.42000
2025-01-07,29.40430
2025-01-08,29.24390
2025-01-09,29.02640
2025-01-10,28.68890
2025-01-13,28.00450
2025-01-14,28.34460
2025-01-15,28.49010
2025-01-16,28.70520
2025-01-17,28.58150
2025-01-20,28.61330
2025-01-21,28.10530
2025-01-22,28.10070
2025-01-23,28.42780
2025-01-24,28.09450
2025-01-27,27.49060
2025-01-28,27.57240
2025-01-29,28.04850
2025-01-30,28.06010
2025-01-31,28.36640
2025-02-03,28.38690
2025-02-04,28.72350
2025-02-05,28.75350
2025-02-06,28.56970
2025-02-07,28.49710
2025-02-10,28.20990
2025-02-11,27.63240
2025-02-12,27.67860
2025-02-13,27.78320
2025-02-14,27.38160
2025-02-17,27.25830
2025-02-18,27.19260
2025-02-19,27.26160
2025-02-20,27.35790
2025-02-21,27.14760
2025-02-24,26.88370
2025-02-25,26.86000
2025-02-27,26.74990
2025-02-28,26.07820
2025-03-03,26.21590
2025-03-04,26.23210
2025-03-05,26.55410
2025-03-06,26.77520
2025-03-07,26.69130
2025-03-10,26.50770
2025-03-11,26.56410
2025-03-12,26.51530
2025-03-13,26.39760
2025-03-17,26.54620
2025-03-18,27.01050
2025-03-19,27.20140
2025-03-20,27.43640
2025-03-21,27.62260
2025-03-24,27.94630
2025-03-25,27.86380
2025-03-26,27.66950
2025-03-27,27.86340
2025-03-28,27.77960
2025-03-31,27.77440
2025-04-01,27.43670
2025-04-02,27.65880
2025-04-03,27.55290
2025-04-04,27.15460
2025-04-07,26.26150
2025-04-08,26.75440
2025-04-09,26.58540
2025-04-11,27.02750
2025-04-15,27.67360
2025-04-16,27.79950
2025-04-17,28.16840
2025-04-21,28.56510
2025-04-22,28.55180
2025-04-23,28.70640
2025-04-24,28.59590
2025-04-25,28.15010
2025-04-28,28.40190
2025-04-29,28.34050
2025-04-30,28.27210
2025-05-02,28.19860
2025-05-05,28.44610
2025-05-06,28.11810
2025-05-07,28.23680
2025-05-08,27.92920
2025-05-09,27.70040
2025-05-12,28.80310
2025-05-13,28.58580
2025-05-14,28.71800
2025-05-15,29.14490
2025-05-16,29.19200
2025-05-19,29.14670
2025-05-20,28.79980
2025-05-21,28.93440
2025-05-22,28.78450
2025-05-23,28.97760
2025-05-26,29.13570
2025-05-27,29.02230
2025-05-28,29.01010
2025-05-29,29.10900
2025-05-30,29.04320
2025-06-02,29.05120
2025-06-03,28.93060
2025-06-04,29.02980
2025-06-05,29.16750
2025-06-06,29.53460
2025-06-09,29.74340
2025-06-10,29.75000
2025-06-11,29.71750
2025-06-12,29.34760
2025-06-13,29.13570
2025-06-16,29.44110
2025-06-17,29.31880
2025-06-18,29.26620
2025-06-19,29.09620
2025-06-20,29.48420
2025-06-23,29.44040
2025-06-24,29.64060
2025-06-25,29.86120
2025-06-26,30.16390
2025-06-27,30.33280
2025-06-30,30.29890
2025-07-01,30.27440
2025-07-02,30.16350
2025-07-03,30.10000
2025-07-04,30.18040
2025-07-07,30.12000
2025-07-08,30.17460
2025-07-09,30.09330
2025-07-10,29.98140
2025-07-11,29.75460
2025-07-14,29.76090
2025-07-15,29.91610
2025-07-16,29.97170
2025-07-17,29.85780
2025-07-18,29.67160
2025-07-21,29.88460
2025-07-22,29.82030
2025-07-23,30.03500
2025-07-24,29.78720
2025-07-25,29.42960
2025-07-28,29.25480
2025-07-29,29.41030
2025-07-30,29.44790
2025-07-31,29.33290
2025-08-01,28.96900
2025-08-04,29.18600
2025-08-05,29.08780
2025-08-06,28.97160
2025-08-07,29.03800
2025-08-08,28.70060
2025-08-11,29.01150
2025-08-12,28.92570
2025-08-13,29.15230
2025-08-14,29.17010
2025-08-18,29.52610
2025-08-19,29.68490
2025-08-20,29.82420
2025-08-21,29.86800
2025-08-22,29.74700
2025-08-25,29.81530
2025-08-26,29.42230
2025-08-28,29.10010
2025-08-29,29.04980
2025-09-01,29.38790
2025-09-02,29.36250
2025-09-03,29.51970
2025-09-04,29.47930
2025-09-05,29.49680
2025-09-08,29.57640
2025-09-09,29.64930
2025-09-10,29.78510
2025-09-11,29.81370
2025-09-12,29.95600
2025-09-15,29.96750
2025-09-16,30.17430
2025-09-17,30.28710
2025-09-18,30.38930
2025-09-19,30.29230
2025-09-22,30.12580
2025-09-23,30.05610
2025-09-24,29.87930
2025-09-25,29.67830
2025-09-26,29.27600
2025-09-30,29.27380
2025-10-01,29.48700
2025-10-03,29.60050
2025-10-06,29.84550
2025-10-07,29.92900
2025-10-08,29.81800
2025-10-09,30.00170
2025-10-10,30.12470
2025-10-13,30.09990
2025-10-14,29.95670
2025-10-15,30.26490
2025-10-16,30.48690
2025-10-17,30.51830
2025-10-20,30.62210
2025-10-23,30.63430
2025-10-24,30.60500
2025-10-27,30.83280
2025-10-28,30.79990
2025-10-29,30.87260
2025-10-30,30.75480
2025-10-31,30.56880
2025-11-03,30.71120
2025-11-04,30.56300
2025-11-06,30.38830
2025-11-07,30.38150
2025-11-10,30.51080
2025-11-11,30.63900
2025-11-12,30.78070
2025-11-13,30.77150
2025-11-14,30.74530
2025-11-17,30.89650
2025-11-18,30.70560
2025-11-19,30.80420
2025-11-20,30.96280
2025-11-21,30.72600
2025-11-24,30.59540
2025-11-25,30.56380
2025-11-26,30.99730
2025-11-27,31.00950
2025-11-28,31.02200
2025-12-01,31.03020
2025-12-02,30.88780
2025-12-03,30.71790
2025-12-04,30.70880
2025-12-05,30.87850
2025-12-08,30.47140
2025-12-09,30.41080
2025-12-10,30.22000
2025-12-11,30.46590
2025-12-12,30.73700
2025-12-15,30.70370
2025-12-16,30.52690
2025-12-17,30.41970
2025-12-18,30.39400
2025-12-19,30.65380
2025-12-22,30.89160
2025-12-23,30.98650
2025-12-24,30.96100
2025-12-26,30.74290
2025-12-29,30.58340
2025-12-30,30.58370
2025-12-31,30.83840
2026-01-01,30.97000
2026-01-02,31.21670
2026-01-05,31.14460
2026-01-06,31.04340
2026-01-07,31.02350
2026-01-08,30.65020
2026-01-09,30.37220
2026-01-12,30.39250
2026-01-13,30.27710
2026-01-14,30.22430
2026-01-16,30.27610
2026-01-19,30.27030
2026-01-20,29.72060
2026-01-21,29.61510
2026-01-22,29.80160
2026-01-23,29.39150
2026-01-27,29.46280
2026-01-28,29.77880
2026-01-29,29.85130
2026-01-30,29.80100
2026-02-02,29.47180
2026-02-03,30.27070
2026-02-04,30.36870
2026-02-05,30.25280
2026-02-06,30.26890
2026-02-09,30.64420
2026-02-10,30.71100
2026-02-11,30.81510
2026-02-12,30.69530
2026-02-13,30.33390
2026-02-16,30.54650
2026-02-17,30.62020
2026-02-18,30.76230
2026-02-19,30.29080
2026-02-20,30.42490
2026-02-23,30.61220
2026-02-24,30.31590
2026-02-25,30.39820
2026-02-26,30.43970
2026-02-27,30.05570
2026-03-02,29.64010
2026-03-04,29.12100
2026-03-05,29.50480
2026-03-06,29.19780
2026-03-09,28.65440
2026-03-10,29.02190
2026-03-11,28.53260
2026-03-12,28.30430
2026-03-13,27.65020
2026-03-16,27.85920
2026-03-17,28.09790
2026-03-18,28.39740
2026-03-19,27.49310
2026-03-20,27.63680
2026-03-23,26.77210
2026-03-24,27.31170
2026-03-25,27.83760
2026-03-27,27.20680
2026-03-30,26.59620
2026-03-31,26.59450
2026-04-01,27.02990
2026-04-02,27.02050
2026-04-06,27.34900
2026-04-07,27.46320
2026-04-08,28.50590
2026-04-09,28.31430
2026-04-10,28.72050
2026-04-13,28.48570
2026-04-15,28.96720
2026-04-16,29.01170
2026-04-17,29.23080
2026-04-20,29.25450
2026-04-21,29.42900
2026-04-22,29.25730
2026-04-23,29.01540
2026-04-24,28.75290
2026-04-27,28.96980
2026-04-28,28.86120
2026-04-29,28.98640
2026-04-30,28.76100
2026-05-04,28.93030
2026-05-05,28.87760
2026-05-06,29.26820
2026-05-07,29.43060
2026-05-08,29.29450
2026-05-11,28.84650
2026-05-12,28.24220
2026-05-13,28.26510
2026-05-14,28.60980
2026-05-15,28.53660
2026-05-18,28.47510
2026-05-19,28.48970
2026-05-20,28.56600
2026-05-21,28.59680
2026-05-22,28.68110
2026-05-25,29.02210
2026-05-26,28.93460
2026-05-27,29.06130
2026-05-29,28.65080
2026-06-01,28.41010
2026-06-02,28.50790
2026-06-03,28.38550
2026-06-04,28.42790
2026-06-05,28.39010
2026-06-08,28.02100
2026-06-09,28.25150
2026-06-10,28.12930
2026-06-11,28.01000
2026-06-12,28.59080
2026-06-15,28.94290
2026-06-16,29.06290
2026-06-17,29.23890
2026-06-18,29.34290
2026-06-19,29.22780
2026-06-22,29.35860
2026-06-23,29.07140
2026-06-24,29.25890
2026-06-25,29.32560
2026-06-29,29.16950
2026-06-30,29.18250
2026-07-01,29.26830
2026-07-02,29.48220
2026-07-03,29.56810
2026-07-06,29.79500
2026-07-07,29.75160
2026-07-08,29.17620
2026-07-09,29.26450
2026-07-10,29.63030
2026-07-13,29.65360
2026-07-14,29.48340
2026-07-15,29.56930
2026-07-16,29.52520
2026-07-17,29.65370
2026-07-20,29.65690
2026-07-21,29.70630
2026-07-22,29.47890
2026-07-23,29.23560
2026-07-24,29.15150
2026-07-27,29.44210
2026-07-28,29.48950
2026-07-29,29.71250
2026-07-30,29.77330
2026-07-31,30.01770
2026-08-03,30.49610
2026-08-04,30.36010
2026-08-05,30.47190
2026-08-06,30.44840
2026-08-07,30.39770
2026-08-10,30.60480
2026-08-11,30.45860
2026-08-12,30.42990
2026-08-13,30.44010
2026-08-14,30.39800
2026-08-17,30.35550
2026-08-18,30.18990
2026-08-19,30.11160
2026-08-20,30.31030
2026-08-21,30.30950
2026-08-24,30.23950
2026-08-25,30.49510
2026-08-26,30.39630
2026-08-27,30.37020
2026-08-28,30.40390
2026-08-31,30.30770
2026-09-01,30.03440
2026-09-02,29.95000
2026-09-03,29.94720
2026-09-04,29.88270
2026-09-07,29.80640
2026-09-08,29.73040
2026-09-09,29.61370
2026-09-10,29.60620
