Date,NAV
2006-04-03,20.33090
2006-04-04,20.36830
2006-04-05,20.77770
2006-04-07,20.55600
2006-04-10,20.82110
2006-04-12,20.25340
2006-04-13,19.81310
2006-04-17,20.24270
2006-04-18,20.59650
2006-04-19,20.66600
2006-04-20,20.88260
2006-04-21,20.78180
2006-04-24,20.62480
2006-04-25,20.31180
2006-04-26,20.70450
2006-04-27,20.61990
2006-04-28,20.58780
2006-05-02,21.04760
2006-05-03,21.12550
2006-05-04,21.01440
2006-05-05,21.15720
2006-05-08,21.27450
2006-05-09,21.37400
2006-05-10,21.50460
2006-05-11,21.25990
2006-05-12,21.00020
2006-05-15,20.03350
2006-05-16,20.11590
2006-05-17,20.74040
2006-05-18,18.98020
2006-05-19,17.96370
2006-05-22,16.88160
2006-05-23,17.56490
2006-05-24,17.19020
2006-05-25,17.13740
2006-05-26,17.48160
2006-05-29,17.64460
2006-05-30,17.54850
2006-05-31,17.03680
2006-06-01,16.40960
2006-06-02,16.24910
2006-06-05,16.24910
2006-06-06,15.75150
2006-06-07,14.96560
2006-06-08,14.16540
2006-06-09,15.07320
2006-06-12,14.53610
2006-06-13,13.74840
2006-06-14,13.44250
2006-06-15,14.41000
2006-06-16,15.00650
2006-06-19,15.30240
2006-06-20,15.11880
2006-06-21,15.50790
2006-06-22,15.91580
2006-06-23,16.07870
2006-06-26,15.35160
2006-06-27,15.39430
2006-06-28,15.40890
2006-06-29,15.53510
2006-06-30,16.30300
2006-07-03,16.41480
2006-07-04,16.34830
2006-07-05,16.44890
2006-07-06,16.44890
2006-07-07,15.95280
2006-07-10,16.18280
2006-07-12,16.61500
2006-07-13,16.54660
2006-07-14,16.24930
2006-07-17,15.72760
2006-07-18,15.55730
2006-07-19,15.00220
2006-07-20,15.55010
2006-07-21,15.18170
2006-07-24,15.18290
2006-07-25,15.51440
2006-07-26,15.71930
2006-07-27,15.99730
2006-07-28,16.01990
2006-07-31,16.17710
2006-08-01,16.19410
2006-08-02,16.41540
2006-08-03,16.43790
2006-08-04,16.32860
2006-08-07,16.28610
2006-08-08,16.59460
2006-08-09,16.89080
2006-08-10,16.99030
2006-08-11,17.17670
2006-08-14,17.44800
2006-08-16,17.69390
2006-08-17,17.68640
2006-08-18,17.65190
2006-08-21,17.74140
2006-08-22,17.68700
2006-08-23,17.55340
2006-08-24,17.74070
2006-08-25,17.82290
2006-08-28,17.89980
2006-08-29,17.94840
2006-08-30,17.88010
2006-08-31,17.72920
2006-09-01,17.86100
2006-09-04,18.09220
2006-09-05,18.16420
2006-09-06,18.35830
2006-09-07,18.28190
2006-09-08,18.36490
2006-09-11,17.68640
2006-09-12,17.73880
2006-09-13,18.03650
2006-09-14,18.06800
2006-09-15,18.15520
2006-09-18,18.24240
2006-09-19,18.05890
2006-09-20,18.22570
2006-09-21,18.44200
2006-09-22,18.37830
2006-09-25,18.23050
2006-09-26,18.37110
2006-09-27,18.39030
2006-09-28,18.33420
2006-09-29,18.53800
2006-10-03,18.50570
2006-10-04,18.35920
2006-10-05,18.68210
2006-10-06,18.72430
2006-10-09,18.79750
2006-10-10,18.79510
2006-10-11,18.71470
2006-10-12,19.00730
2006-10-13,19.13680
2006-10-16,19.38210
2006-10-17,19.46320
2006-10-18,19.46260
2006-10-19,19.29100
2006-10-20,19.32350
2006-10-23,19.33110
2006-10-26,19.46860
2006-10-27,19.81800
2006-10-30,19.86550
2006-10-31,19.66470
2006-11-01,19.80210
2006-11-02,19.90140
2006-11-03,20.04770
2006-11-06,20.12420
2006-11-07,19.93640
2006-11-08,19.67410
2006-11-09,19.77990
2006-11-10,19.92810
2006-11-13,20.09030
2006-11-14,20.04700
2006-11-15,20.29430
2006-11-16,20.44370
2006-11-17,20.29170
2006-11-20,20.24270
2006-11-21,20.70190
2006-11-22,20.92480
2006-11-23,20.91150
2006-11-24,20.86850
2006-11-27,20.95540
2006-11-28,20.76050
2006-11-29,20.89140
2006-11-30,20.88530
2006-12-01,21.15010
2006-12-04,21.31080
2006-12-05,21.51050
2006-12-06,21.38130
2006-12-07,21.49290
2006-12-08,21.25100
2006-12-11,20.46910
2006-12-12,19.38940
2006-12-13,19.97670
2006-12-14,20.51460
2006-12-15,20.77900
2006-12-18,20.97680
2006-12-19,20.47380
2006-12-20,20.42240
2006-12-21,20.77210
2006-12-22,21.03690
2006-12-26,21.26670
2006-12-27,21.38050
2006-12-28,21.26980
2006-12-29,21.26890
2007-01-02,21.59730
2007-01-03,21.72300
2007-01-04,21.63450
2007-01-05,21.64940
2007-01-08,21.43020
2007-01-09,21.20740
2007-01-10,20.95580
2007-01-11,21.42390
2007-01-12,21.94930
2007-01-15,22.28810
2007-01-16,22.35470
2007-01-17,22.70180
2007-01-18,22.67570
2007-01-19,22.37190
2007-01-22,22.34240
2007-01-23,22.09680
2007-01-24,22.23190
2007-01-25,22.54860
2007-01-29,22.56360
2007-01-31,22.18790
2007-02-02,22.53090
2007-02-05,22.75670
2007-02-06,22.77270
2007-02-07,23.01650
2007-02-08,22.79410
2007-02-09,22.35760
2007-02-12,21.26920
2007-02-13,21.16900
2007-02-14,21.16900
2007-02-15,21.74480
2007-02-19,21.73490
2007-02-20,21.47050
2007-02-21,21.41960
2007-02-22,21.28160
2007-02-23,20.59440
2007-02-26,20.46450
2007-02-27,20.28560
2007-02-28,19.50480
2007-03-01,19.61420
2007-03-02,19.31210
2007-03-05,18.37260
2007-03-06,18.44670
2007-03-07,18.16180
2007-03-08,18.88030
2007-03-09,18.77940
2007-03-12,18.93470
2007-03-13,19.19460
2007-03-14,18.71240
2007-03-15,18.80280
2007-03-16,18.51710
2007-03-20,18.74680
2007-03-21,18.94140
2007-03-22,19.30710
2007-03-23,19.19020
2007-03-26,19.08000
2007-03-28,18.84890
2007-03-29,18.94640
2007-03-30,19.16920
2007-04-02,18.42440
2007-04-03,18.49550
2007-04-04,18.70190
2007-04-05,18.90890
2007-04-09,19.37840
2007-04-10,19.44880
2007-04-11,19.55190
2007-04-12,19.52050
2007-04-13,19.90550
2007-04-16,20.40060
2007-04-17,20.26320
2007-04-18,20.26760
2007-04-19,20.15070
2007-04-20,20.47380
2007-04-23,20.51910
2007-04-24,20.87470
2007-04-25,20.96590
2007-04-26,20.93910
2007-04-27,20.66690
2007-04-30,20.82800
2007-05-03,21.02070
2007-05-04,20.97280
2007-05-07,20.77660
2007-05-08,20.60070
2007-05-09,20.57030
2007-05-10,20.64500
2007-05-11,20.76390
2007-05-14,20.91900
2007-05-15,20.85580
2007-05-16,21.17890
2007-05-17,21.17990
2007-05-18,21.06730
2007-05-21,21.17320
2007-05-22,21.16260
2007-05-23,20.99520
2007-05-24,20.82380
2007-05-25,20.97320
2007-05-28,20.97860
2007-05-29,21.02510
2007-05-30,20.77730
2007-05-31,20.89360
2007-06-01,21.21840
2007-06-04,21.04480
2007-06-05,21.18870
2007-06-06,20.94940
2007-06-07,20.82660
2007-06-08,20.74050
2007-06-11,20.62620
2007-06-12,20.49600
2007-06-13,20.34850
2007-06-14,20.74550
2007-06-15,20.81370
2007-06-18,20.67910
2007-06-19,20.97880
2007-06-20,21.08290
2007-06-21,21.24910
2007-06-22,21.20920
2007-06-25,21.20440
2007-06-26,21.32570
2007-06-27,21.24580
2007-06-28,21.30060
2007-06-29,21.39210
2007-07-02,21.52210
2007-07-03,21.77730
2007-07-04,21.78670
2007-07-05,21.62440
2007-07-06,21.87320
2007-07-09,22.09450
2007-07-10,22.07380
2007-07-11,22.02920
2007-07-12,22.42930
2007-07-13,22.64690
2007-07-16,22.92550
2007-07-17,22.79950
2007-07-18,22.87620
2007-07-19,23.17410
2007-07-20,23.05100
2007-07-23,23.35620
2007-07-24,23.38810
2007-07-25,23.26360
2007-07-26,23.39650
2007-07-27,22.49380
2007-07-30,22.52040
2007-07-31,22.94370
2007-08-01,21.93150
2007-08-02,22.00620
2007-08-03,22.29580
2007-08-06,21.92370
2007-08-07,22.02240
2007-08-08,22.59020
2007-08-09,22.30330
2007-08-10,21.96230
2007-08-13,22.25160
2007-08-14,22.24640
2007-08-16,21.21270
2007-08-17,20.91960
2007-08-21,20.80610
2007-08-22,21.16460
2007-08-23,21.06100
2007-08-24,21.42540
2007-08-27,22.03340
2007-08-28,22.14230
2007-08-29,22.30720
2007-08-30,22.42140
2007-08-31,22.73770
2007-09-03,22.85930
2007-09-04,22.86070
2007-09-05,22.83690
2007-09-06,23.06440
2007-09-07,22.99770
2007-09-10,22.99290
2007-09-11,22.94610
2007-09-12,23.10490
2007-09-13,23.30010
2007-09-14,23.16940
2007-09-17,23.10280
2007-09-18,23.44260
2007-09-19,24.11630
2007-09-20,24.24260
2007-09-21,24.42040
2007-09-24,24.70820
2007-09-25,24.65850
2007-09-26,24.50200
2007-09-27,24.87720
2007-09-28,25.15990
2007-10-01,25.66920
2007-10-03,26.37270
2007-10-04,26.41670
2007-10-05,26.32380
2007-10-08,25.67640
2007-10-09,27.04630
2007-10-10,27.38540
2007-10-11,28.08030
2007-10-12,27.89740
2007-10-15,29.06400
2007-10-16,29.54470
2007-10-17,28.10390
2007-10-18,26.75970
2007-10-19,25.67740
2007-10-22,26.09520
2007-10-23,28.12780
2007-10-24,28.77260
2007-10-25,29.00970
2007-10-26,31.13400
2007-10-29,31.13400
2007-10-30,31.16240
2007-10-31,31.18280
2007-11-01,30.83180
2007-11-02,31.40190
2007-11-05,31.17860
2007-11-07,30.98990
2007-11-08,30.59580
2007-11-12,30.12840
2007-11-14,31.80420
2007-11-15,31.95580
2007-11-16,31.85380
2007-11-19,32.01790
2007-11-20,31.58180
2007-11-21,30.29960
2007-11-22,30.09700
2007-11-23,30.86810
2007-11-26,31.40480
2007-11-27,31.31500
2007-11-28,31.03360
2007-11-29,31.24600
2007-11-30,32.11210
2007-12-03,32.84050
2007-12-04,33.00720
2007-12-05,33.43290
2007-12-06,33.74810
2007-12-07,34.14960
2007-12-10,34.11350
2007-12-11,34.48730
2007-12-12,34.82060
2007-12-13,34.48950
2007-12-14,34.36980
2007-12-17,32.64520
2007-12-18,32.33670
2007-12-19,32.35970
2007-12-20,32.32260
2007-12-24,33.14830
2007-12-26,33.67840
2007-12-27,34.08850
2007-12-28,34.61920
2007-12-31,34.70530
2008-01-01,34.84380
2008-01-02,35.41830
2008-01-03,35.34500
2008-01-04,35.75070
2008-01-07,35.96630
2008-01-08,35.18250
2008-01-09,34.74060
2008-01-10,33.84180
2008-01-11,34.18320
2008-01-14,34.65670
2008-01-15,33.91920
2008-01-16,33.28180
2008-01-17,33.28990
2008-01-18,31.84960
2008-01-21,27.68260
2008-01-22,26.33790
2008-01-23,28.99750
2008-01-24,27.51460
2008-01-25,29.95510
2008-01-28,29.48860
2008-01-29,29.29910
2008-01-30,28.39280
2008-01-31,28.30180
2008-02-01,28.62230
2008-02-04,29.74930
2008-02-05,30.19200
2008-02-06,29.65660
2008-02-08,28.12090
2008-02-12,25.87380
2008-02-13,25.84590
2008-02-14,27.24750
2008-02-15,27.86900
2008-02-19,27.74610
2008-02-20,27.09680
2008-02-21,27.43150
2008-02-22,27.18900
2008-02-25,27.36820
2008-02-26,27.74190
2008-02-27,27.86250
2008-02-28,27.92670
2008-02-29,28.01150
2008-03-03,26.41510
2008-03-05,25.27960
2008-03-07,23.77630
2008-03-11,24.46340
2008-03-12,24.57160
2008-03-13,22.98470
2008-03-14,23.34400
2008-03-18,21.11490
2008-03-19,21.09600
2008-03-24,20.68300
2008-03-25,21.97190
2008-03-26,21.99840
2008-03-28,23.02410
2008-03-31,22.44690
2008-04-01,22.31300
2008-04-02,22.44150
2008-04-03,22.41390
2008-04-04,21.96390
2008-04-07,22.34420
2008-04-08,22.68450
2008-04-09,22.68450
2008-04-10,22.83920
2008-04-11,23.14030
2008-04-15,23.64180
2008-04-16,24.00680
2008-04-17,24.15250
2008-04-21,24.48950
2008-04-22,24.83620
2008-04-23,24.91330
2008-04-24,24.85770
2008-04-25,25.07770
2008-04-28,25.01600
2008-04-29,25.63360
2008-04-30,25.52710
2008-05-02,26.21000
2008-05-05,26.00020
2008-05-06,25.47500
2008-05-07,25.25490
2008-05-08,25.06890
2008-05-09,24.51230
2008-05-12,24.46410
2008-05-14,24.69140
2008-05-15,25.12590
2008-05-16,25.35560
2008-05-20,25.08170
2008-05-21,25.21210
2008-05-22,24.72800
2008-05-23,24.29420
2008-05-26,23.64420
2008-05-27,23.45750
2008-05-28,23.75990
2008-05-29,23.65410
2008-05-30,23.55560
2008-06-02,22.85900
2008-06-03,22.80340
2008-06-04,22.19110
2008-06-05,22.40830
2008-06-06,22.19690
2008-06-09,21.61010
2008-06-10,21.50550
2008-06-11,21.96790
2008-06-12,22.06490
2008-06-13,22.06450
2008-06-16,22.32760
2008-06-17,22.71840
2008-06-18,22.43880
2008-06-19,21.94740
2008-06-20,21.19870
2008-06-23,20.49940
2008-06-24,20.32030
2008-06-25,20.38190
2008-06-26,20.47770
2008-06-27,19.74990
2008-06-30,19.26780
2008-07-02,19.26780
2008-07-03,18.57630
2008-07-04,19.30330
2008-07-08,19.33350
2008-07-09,20.20340
2008-07-10,20.22620
2008-07-11,19.55220
2008-07-14,19.53490
2008-07-15,18.75720
2008-07-16,18.44600
2008-07-17,19.11030
2008-07-18,19.87840
2008-07-21,20.04430
2008-07-22,20.55110
2008-07-23,21.96250
2008-07-24,21.72620
2008-07-25,21.16980
2008-07-28,21.36910
2008-07-29,20.60380
2008-07-30,21.18750
2008-07-31,21.27130
2008-08-01,21.78830
2008-08-04,21.77280
2008-08-05,22.26110
2008-08-06,22.19100
2008-08-07,22.29560
2008-08-08,22.39690
2008-08-11,22.89550
2008-08-12,22.56550
2008-08-13,22.40580
2008-08-14,21.62440
2008-08-18,21.49780
2008-08-20,21.70080
2008-08-21,20.97720
2008-08-22,21.13980
2008-08-25,21.20070
2008-08-26,21.30400
2008-08-27,20.98040
2008-08-28,20.64510
2008-08-29,21.39900
2008-09-01,21.27540
2008-09-02,22.07460
2008-09-04,22.01020
2008-09-05,21.61690
2008-09-08,22.22890
2008-09-09,22.20000
2008-09-10,21.90230
2008-09-11,21.47890
2008-09-12,21.06020
2008-09-15,20.36160
2008-09-16,20.33810
2008-09-17,20.02940
2008-09-18,20.13440
2008-09-19,20.87050
2008-09-22,20.71440
2008-09-23,20.25090
2008-09-24,20.37080
2008-09-25,20.25760
2008-09-26,19.70400
2008-09-29,18.92750
2008-09-30,19.23150
2008-10-01,19.34740
2008-10-03,18.76920
2008-10-06,17.78980
2008-10-07,17.66580
2008-10-08,17.12180
2008-10-10,15.91710
2008-10-13,17.08970
2008-10-14,17.30210
2008-10-15,16.34570
2008-10-16,16.05760
2008-10-17,15.13610
2008-10-20,15.19650
2008-10-21,15.74570
2008-10-22,15.05930
2008-10-23,14.47240
2008-10-24,13.03300
2008-10-27,12.66660
2008-10-29,13.36050
2008-10-31,14.15200
2008-11-03,15.09820
2008-11-04,15.68430
2008-11-05,15.02500
2008-11-06,14.60180
2008-11-07,14.92900
2008-11-10,15.69380
2008-11-11,14.78070
2008-11-12,14.26230
2008-11-14,14.02830
2008-11-17,13.80550
2008-11-18,13.32320
2008-11-19,13.02260
2008-11-20,12.65160
2008-11-21,13.23870
2008-11-24,13.23100
2008-11-25,12.94770
2008-11-26,13.31380
2008-11-28,12.88710
2008-12-01,12.88710
2008-12-02,12.81920
2008-12-03,13.01940
2008-12-04,13.67970
2008-12-05,13.43480
2008-12-08,13.67520
2008-12-10,14.22890
2008-12-11,14.38520
2008-12-12,14.55540
2008-12-15,14.78880
2008-12-16,14.92480
2008-12-17,14.48120
2008-12-18,15.04490
2008-12-19,15.13990
2008-12-22,15.02370
2008-12-23,14.68320
2008-12-24,14.61940
2008-12-26,14.37980
2008-12-29,14.63250
2008-12-30,14.86470
2008-12-31,14.82950
2009-01-01,15.15990
2009-01-02,15.28370
2009-01-05,15.63880
2009-01-06,15.68220
2009-01-07,14.79660
2009-01-09,14.54040
2009-01-12,14.21110
2009-01-13,14.09630
2009-01-14,14.39740
2009-01-15,14.03370
2009-01-16,14.33660
2009-01-19,14.34440
2009-01-20,14.19940
2009-01-21,13.82860
2009-01-22,14.47310
2009-01-23,13.50700
2009-01-27,13.79930
2009-01-28,14.09340
2009-01-29,14.10060
2009-01-30,14.32880
2009-02-02,13.91610
2009-02-03,13.92330
2009-02-04,13.96900
2009-02-05,13.91830
2009-02-06,14.08230
2009-02-09,14.34290
2009-02-10,14.37600
2009-02-11,14.39380
2009-02-12,14.30550
2009-02-13,14.47030
2009-02-16,14.12420
2009-02-17,13.85670
2009-02-18,13.81150
2009-02-19,13.80010
2009-02-24,13.52960
2009-02-25,13.56480
2009-02-26,13.49990
2009-02-27,13.50510
2009-03-02,13.18060
2009-03-03,13.01220
2009-03-04,12.99190
2009-03-05,12.70400
2009-03-06,12.89980
2009-03-09,12.68720
2009-03-12,12.88690
2009-03-13,13.32580
2009-03-16,13.59950
2009-03-17,13.49660
2009-03-18,13.70340
2009-03-19,13.76580
2009-03-20,13.66540
2009-03-23,14.12360
2009-03-24,14.08550
2009-03-25,14.26070
2009-03-26,14.60310
2009-03-30,14.26640
2009-03-31,14.45800
2009-04-01,14.58250
2009-04-02,15.12270
2009-04-06,15.42390
2009-04-08,15.62210
2009-04-09,15.82240
2009-04-13,16.09400
2009-04-15,16.59560
2009-04-16,16.11580
2009-04-17,16.24990
2009-04-20,16.28790
2009-04-21,16.09600
2009-04-22,15.96930
2009-04-23,16.37100
2009-04-24,16.68560
2009-04-27,16.71370
2009-04-28,16.21230
2009-04-29,16.54750
2009-05-04,17.16990
2009-05-05,17.39080
2009-05-06,17.17780
2009-05-07,17.38980
2009-05-08,17.24040
2009-05-11,17.03290
2009-05-12,17.53330
2009-05-13,17.39330
2009-05-14,17.30640
2009-05-15,17.63240
2009-05-18,0.00000
2009-05-19,20.80640
2009-05-20,20.90890
2009-05-21,20.65580
2009-05-22,20.88310
2009-05-25,21.08440
2009-05-26,20.65600
2009-05-27,21.33140
2009-05-28,21.49390
2009-05-29,21.88410
2009-06-01,22.17000
2009-06-02,22.16160
2009-06-03,22.18610
2009-06-04,22.44230
2009-06-05,22.55140
2009-06-08,21.80420
2009-06-09,22.24840
2009-06-10,22.63080
2009-06-11,22.45630
2009-06-12,22.13530
2009-06-15,21.85110
2009-06-16,22.14950
2009-06-17,21.57730
2009-06-18,21.16890
2009-06-19,21.46750
2009-06-22,21.32420
2009-06-23,21.42210
2009-06-24,21.65690
2009-06-25,21.54400
2009-06-26,22.09210
2009-06-29,22.20580
2009-06-30,21.62490
2009-07-02,21.90240
2009-07-03,22.33420
2009-07-06,20.92370
2009-07-07,21.03370
2009-07-08,20.36690
2009-07-09,20.45130
2009-07-10,19.94910
2009-07-13,19.59590
2009-07-14,20.40580
2009-07-15,21.16810
2009-07-16,21.16130
2009-07-17,21.89110
2009-07-20,22.38900
2009-07-21,22.20960
2009-07-22,21.81460
2009-07-23,22.34980
2009-07-24,22.48000
2009-07-27,22.53760
2009-07-28,22.60720
2009-07-29,22.29310
2009-07-30,22.53300
2009-07-31,22.81480
2009-08-03,23.19260
2009-08-04,23.01150
2009-08-05,23.08520
2009-08-06,22.60320
2009-08-07,22.06870
2009-08-10,21.81070
2009-08-11,21.96570
2009-08-12,21.94760
2009-08-13,22.71900
2009-08-14,22.68730
2009-08-17,21.77370
2009-08-18,22.22350
2009-08-20,22.15810
2009-08-21,22.43950
2009-08-24,22.93600
2009-08-25,22.96190
2009-08-26,23.05850
2009-08-27,23.05850
2009-08-28,23.33580
2009-08-31,23.14550
2009-09-01,22.87890
2009-09-02,22.74300
2009-09-03,22.66360
2009-09-04,23.08720
2009-09-07,23.59600
2009-09-08,23.66660
2009-09-09,23.72260
2009-09-10,23.64500
2009-09-11,23.65790
2009-09-14,23.70530
2009-09-15,24.05780
2009-09-16,24.30290
2009-09-17,24.31690
2009-09-18,24.40420
2009-09-22,24.51300
2009-09-23,24.27390
2009-09-24,24.40890
2009-09-25,24.40290
2009-09-29,24.56040
2009-09-30,24.87280
2009-10-01,24.75240
2009-10-05,24.32980
2009-10-06,24.39830
2009-10-07,24.37070
2009-10-08,24.63330
2009-10-09,24.35720
2009-10-12,24.77900
2009-10-14,25.11800
2009-10-15,25.17310
2009-10-16,25.43810
2009-10-20,25.33450
2009-10-21,25.05770
2009-10-22,24.53860
2009-10-23,24.48490
2009-10-26,24.30130
2009-10-27,23.70790
2009-10-28,23.60840
2009-10-29,23.18000
2009-10-30,22.88930
2009-11-03,22.09230
2009-11-04,22.75270
2009-11-05,23.18710
2009-11-06,23.45750
2009-11-09,23.89460
2009-11-10,23.79840
2009-11-11,24.33740
2009-11-12,24.09300
2009-11-13,24.23070
2009-11-16,24.47770
2009-11-17,24.43830
2009-11-18,24.38990
2009-11-19,24.00860
2009-11-20,24.29480
2009-11-23,24.41140
2009-11-24,24.32610
2009-11-25,24.38460
2009-11-26,24.01400
2009-11-27,23.78800
2009-11-30,24.21860
2009-12-01,24.68450
2009-12-02,24.71850
2009-12-03,24.75870
2009-12-04,24.69140
2009-12-07,24.51800
2009-12-08,24.94050
2009-12-09,24.80120
2009-12-10,24.94240
2009-12-11,24.80350
2009-12-14,24.71900
2009-12-15,24.30530
2009-12-16,24.29420
2009-12-17,24.30020
2009-12-18,24.06890
2009-12-21,23.92190
2009-12-22,24.11420
2009-12-23,24.80520
2009-12-24,24.94750
2009-12-29,25.00290
2009-12-30,24.94240
2009-12-31,25.07080
2010-01-01,0.00000
2010-01-04,25.32200
2010-01-05,25.59980
2010-01-06,25.64990
2010-01-07,25.59910
2010-01-08,25.60520
2010-01-11,25.69970
2010-01-12,25.36540
2010-01-13,25.49600
2010-01-14,25.62800
2010-01-15,25.57080
2010-01-18,25.65520
2010-01-19,25.42740
2010-01-20,25.31550
2010-01-21,24.67370
2010-01-22,24.46660
2010-01-25,24.31530
2010-01-27,23.61630
2010-01-28,23.68330
2010-01-29,23.88100
2010-02-01,23.98930
2010-02-02,23.64660
2010-02-03,24.06780
2010-02-04,23.63360
2010-02-05,23.02890
2010-02-08,23.26040
2010-02-09,23.33690
2010-02-10,23.17060
2010-02-11,23.46890
2010-02-15,23.26930
2010-02-16,23.52800
2010-02-17,23.75880
2010-02-18,23.60510
2010-02-19,23.34190
2010-02-22,23.30920
2010-02-23,23.32750
2010-02-24,23.29240
2010-02-25,23.27090
2010-02-26,23.60360
2010-03-02,23.97600
2010-03-03,24.32770
2010-03-04,24.35260
2010-03-05,24.51940
2010-03-08,24.60810
2010-03-09,24.42710
2010-03-10,24.47020
2010-03-11,24.50120
2010-03-12,24.45010
2010-03-15,24.36320
2010-03-17,24.76960
2010-03-18,24.82270
2010-03-19,24.91320
2010-03-22,24.64740
2010-03-23,24.67090
2010-03-25,24.77660
2010-03-26,24.91510
2010-03-29,25.01140
2010-03-30,24.94970
2010-03-31,24.90410
2010-04-01,25.10510
2010-04-05,25.45770
2010-04-06,25.52780
2010-04-07,25.63190
2010-04-08,27.40000
2010-04-09,25.60360
2010-04-12,25.45430
2010-04-13,25.35350
2010-04-15,25.09760
2010-04-16,24.95040
2010-04-19,24.71190
2010-04-20,24.87920
2010-04-21,24.97520
2010-04-22,25.09830
2010-04-23,25.27980
2010-04-26,25.35440
2010-04-27,25.29280
2010-04-28,24.83080
2010-04-29,24.98810
2010-04-30,25.16750
2010-05-03,24.98080
2010-05-04,24.63500
2010-05-05,24.56170
2010-05-06,24.42520
2010-05-07,24.03590
2010-05-10,24.80590
2010-05-11,24.51560
2010-05-12,24.53090
2010-05-13,24.66510
2010-05-14,24.33420
2010-05-17,24.25880
2010-05-18,24.35340
2010-05-19,23.63040
2010-05-20,23.82130
2010-05-21,23.76510
2010-05-24,23.74220
2010-05-25,23.13410
2010-05-26,23.56980
2010-05-28,24.23030
2010-05-31,24.38990
2010-06-01,23.88010
2010-06-02,24.17470
2010-06-03,24.51280
2010-06-04,24.59900
2010-06-07,24.13170
2010-06-08,23.88480
2010-06-09,24.05270
2010-06-10,24.44620
2010-06-11,24.56500
2010-06-14,24.85900
2010-06-15,24.96110
2010-06-16,24.95210
2010-06-17,25.15940
2010-06-18,25.04860
2010-06-21,25.44170
2010-06-22,25.32790
2010-06-23,25.34570
2010-06-24,25.24370
2010-06-25,25.22010
2010-06-28,25.56780
2010-06-29,25.25590
2010-06-30,25.59280
2010-07-02,25.32100
2010-07-05,25.32450
2010-07-06,25.49290
2010-07-07,25.30000
2010-07-08,25.53670
2010-07-09,25.81610
2010-07-12,25.94050
2010-07-13,26.07110
2010-07-14,25.94680
2010-07-15,25.85670
2010-07-16,25.98550
2010-07-19,25.96810
2010-07-20,25.89660
2010-07-21,26.02530
2010-07-22,26.17840
2010-07-23,26.13180
2010-07-26,25.94220
2010-07-27,25.99940
2010-07-28,25.88730
2010-07-29,26.00480
2010-07-30,25.84320
2010-08-02,26.13890
2010-08-03,26.25130
2010-08-04,26.39190
2010-08-05,26.26590
2010-08-06,26.20870
2010-08-09,26.43850
2010-08-10,26.32910
2010-08-11,26.15400
2010-08-12,26.19570
2010-08-13,26.39320
2010-08-16,26.23020
2010-08-17,26.30690
2010-08-18,26.55480
2010-08-20,26.76340
2010-08-23,26.86640
2010-08-24,26.67230
2010-08-25,26.43230
2010-08-26,26.46510
2010-08-27,26.18760
2010-08-30,26.27020
2010-08-31,26.12450
2010-09-01,26.48200
2010-09-02,26.54570
2010-09-03,26.57740
2010-09-06,27.02230
2010-09-07,27.11580
2010-09-08,27.14710
2010-09-09,27.34550
2010-09-13,27.87010
2010-09-14,28.03210
2010-09-15,28.24750
2010-09-16,28.05410
2010-09-17,28.33560
2010-09-20,28.69620
2010-09-21,28.80510
2010-09-22,28.71010
2010-09-23,28.58450
2010-09-24,28.80080
2010-09-27,28.92810
2010-09-28,28.93650
2010-09-29,28.71000
2010-09-30,28.73190
2010-10-01,29.40660
2010-10-04,29.55450
2010-10-05,29.55360
2010-10-06,29.76280
2010-10-07,29.45510
2010-10-08,29.37670
2010-10-11,29.58230
2010-10-12,29.36800
2010-10-13,29.97440
2010-10-14,29.68620
2010-10-15,29.23020
2010-10-18,29.27190
2010-10-19,29.06000
2010-10-20,28.91580
2010-10-21,29.39820
2010-10-22,29.31770
2010-10-25,29.49520
2010-10-26,29.37150
2010-10-27,29.14300
2010-10-28,28.95360
2010-10-29,28.94310
2010-11-01,29.31320
2010-11-02,29.31660
2010-11-03,29.48530
2010-11-04,30.03070
2010-11-08,30.02480
2010-11-09,30.09730
2010-11-10,30.05610
2010-11-11,29.69620
2010-11-12,29.16120
2010-11-15,29.34560
2010-11-16,28.78840
2010-11-18,28.88400
2010-11-19,28.31980
2010-11-22,28.78720
2010-11-23,28.43700
2010-11-24,28.12790
2010-11-25,27.76390
2010-11-26,27.42960
2010-11-29,27.79430
2010-11-30,27.93850
2010-12-01,28.45930
2010-12-02,28.69010
2010-12-03,28.56030
2010-12-06,28.53110
2010-12-07,28.40340
2010-12-08,28.04160
2010-12-09,27.34770
2010-12-10,27.83440
2010-12-13,28.13920
2010-12-14,28.30440
2010-12-15,28.02300
2010-12-16,28.28800
2010-12-20,28.31600
2010-12-21,28.59830
2010-12-22,28.54970
2010-12-23,28.45870
2010-12-24,28.56620
2010-12-27,28.48680
2010-12-28,28.46440
2010-12-29,28.71410
2010-12-30,28.86470
2010-12-31,29.07670
2011-01-03,29.25350
2011-01-04,29.18010
2011-01-05,28.87070
2011-01-06,28.72060
2011-01-07,28.05270
2011-01-10,27.33550
2011-01-11,27.36580
2011-01-12,27.82940
2011-01-13,27.31130
2011-01-14,26.82700
2011-01-17,26.79580
2011-01-18,27.07470
2011-01-19,26.99580
2011-01-20,27.07920
2011-01-21,27.06660
2011-01-24,27.28520
2011-01-25,27.06010
2011-01-27,26.64430
2011-01-28,26.19420
2011-01-31,26.18520
2011-02-01,25.78770
2011-02-02,25.80870
2011-02-03,26.23990
2011-02-04,25.65070
2011-02-07,25.64580
2011-02-08,25.18570
2011-02-09,24.80610
2011-02-10,24.69550
2011-02-11,25.10040
2011-02-14,25.79820
2011-02-15,25.86670
2011-02-17,26.09550
2011-02-18,25.66480
2011-02-21,25.94940
2011-02-22,25.71790
2011-02-23,25.60230
2011-02-24,24.84740
2011-02-25,24.91890
2011-02-28,25.00970
2011-03-01,25.85800
2011-03-03,25.92260
2011-03-04,25.90720
2011-03-07,25.52770
2011-03-08,25.83450
2011-03-09,25.89510
2011-03-10,25.72270
2011-03-11,25.45780
2011-03-14,25.83370
2011-03-15,25.43520
2011-03-16,25.75480
2011-03-17,25.54090
2011-03-18,25.18160
2011-03-21,25.11800
2011-03-22,25.32450
2011-03-23,25.64740
2011-03-24,25.88790
2011-03-25,26.42170
2011-03-28,26.54390
2011-03-29,26.78470
2011-03-30,27.06100
2011-03-31,27.20690
2011-04-01,27.24420
2011-04-05,27.70330
2011-04-06,27.63160
2011-04-07,27.64140
2011-04-08,27.40000
2011-04-11,27.14800
2011-04-13,27.72280
2011-04-15,27.37440
2011-04-18,26.92970
2011-04-19,26.96280
2011-04-20,27.48890
2011-04-21,27.60820
2011-04-25,27.59180
2011-04-26,27.49470
2011-04-27,27.34480
2011-04-28,27.08280
2011-04-29,26.87000
2011-05-02,26.66490
2011-05-03,26.07400
2011-05-04,26.00010
2011-05-05,25.71780
2011-05-06,26.12630
2011-05-09,26.09650
2011-05-10,26.03830
2011-05-11,26.17880
2011-05-12,25.80850
2011-05-13,26.09480
2011-05-16,25.83600
2011-05-18,25.42130
2011-05-19,25.44130
2011-05-20,25.67320
2011-05-23,25.24320
2011-05-24,25.24510
2011-05-25,25.06430
2011-05-26,25.34410
2011-05-27,25.65310
2011-05-30,25.64870
2011-05-31,26.03200
2011-06-01,26.15060
2011-06-02,25.97750
2011-06-03,25.79220
2011-06-06,25.83720
2011-06-07,25.96480
2011-06-08,25.85300
2011-06-09,25.83430
2011-06-10,25.71390
2011-06-13,25.68500
2011-06-14,25.77350
2011-06-15,25.51750
2011-06-16,25.32640
2011-06-17,25.16230
2011-06-20,24.63870
2011-06-21,24.69550
2011-06-22,24.70740
2011-06-23,24.90070
2011-06-24,25.59120
2011-06-27,25.88300
2011-06-28,25.96250
2011-06-29,26.20830
2011-06-30,26.37330
2011-07-01,26.29510
2011-07-04,26.44270
2011-07-05,26.38170
2011-07-06,26.33730
2011-07-07,26.77960
2011-07-08,26.46230
2011-07-11,26.25970
2011-07-12,25.89890
2011-07-13,26.18370
2011-07-14,26.22300
2011-07-15,26.13520
2011-07-18,26.08820
2011-07-19,26.27870
2011-07-20,26.04280
2011-07-21,25.91180
2011-07-22,26.31390
2011-07-25,26.49450
2011-07-26,26.04230
2011-07-27,25.92470
2011-07-28,25.66970
2011-07-29,25.61640
2011-08-01,25.74510
2011-08-02,25.48290
2011-08-03,25.31880
2011-08-04,25.00580
2011-08-05,24.48890
2011-08-08,24.08820
2011-08-09,23.88230
2011-08-10,24.26330
2011-08-11,24.18590
2011-08-12,23.91490
2011-08-16,23.73210
2011-08-17,23.84680
2011-08-18,23.32800
2011-08-22,23.11910
2011-08-23,23.29830
2011-08-24,23.04370
2011-08-25,22.84940
2011-08-26,22.39430
2011-08-29,23.15440
2011-08-30,23.48830
2011-09-02,23.66950
2011-09-05,23.57580
2011-09-06,23.79510
2011-09-07,24.05700
2011-09-08,24.18900
2011-09-09,23.75460
2011-09-12,23.22740
2011-09-13,23.19630
2011-09-14,23.49800
2011-09-15,23.75530
2011-09-16,23.83330
2011-09-19,23.59440
2011-09-20,24.03200
2011-09-21,23.99010
2011-09-22,23.10020
2011-09-23,22.81740
2011-09-26,22.63410
2011-09-27,23.20740
2011-09-28,23.11170
2011-09-29,23.41020
2011-09-30,23.05980
2011-10-03,22.68270
2011-10-04,22.34530
2011-10-05,22.23580
2011-10-07,22.83790
2011-10-10,23.24140
2011-10-11,23.22040
2011-10-12,23.77980
2011-10-13,23.69730
2011-10-14,23.91770
2011-10-17,23.82600
2011-10-18,23.43150
2011-10-19,23.87380
2011-10-20,23.68380
2011-10-21,23.49080
2011-10-24,23.68000
2011-10-25,24.04080
2011-10-28,24.75820
2011-10-31,24.58560
2011-11-01,24.26380
2011-11-02,24.25110
2011-11-03,24.27840
2011-11-04,24.37360
2011-11-08,24.38320
2011-11-09,24.04470
2011-11-11,23.78610
2011-11-14,23.63760
2011-11-15,23.29710
2011-11-16,23.12160
2011-11-17,22.67690
2011-11-18,22.51630
2011-11-21,21.94230
2011-11-22,22.10960
2011-11-23,21.62490
2011-11-24,21.85100
2011-11-25,21.70370
2011-11-28,22.30130
2011-11-29,22.10930
2011-11-30,22.18250
2011-12-01,22.63810
2011-12-02,23.12580
2011-12-05,23.07710
2011-12-07,23.17480
2011-12-08,22.65530
2011-12-09,22.33270
2011-12-12,21.91930
2011-12-13,22.05800
2011-12-14,21.88510
2011-12-15,21.76720
2011-12-16,21.32660
2011-12-19,21.16190
2011-12-20,20.89880
2011-12-21,21.53210
2011-12-22,21.70820
2011-12-23,21.63330
2011-12-26,21.88290
2011-12-27,21.73980
2011-12-28,21.54720
2011-12-29,21.30210
2011-12-30,21.21210
2012-01-02,21.28110
2012-01-03,21.82080
2012-01-04,21.80820
2012-01-05,21.78200
2012-01-06,21.83310
2012-01-09,21.79570
2012-01-10,22.25970
2012-01-11,22.31470
2012-01-12,22.18830
2012-01-13,22.33680
2012-01-16,22.39150
2012-01-17,22.75540
2012-01-18,22.68030
2012-01-19,22.90840
2012-01-20,23.03370
2012-01-23,23.03880
2012-01-24,23.38920
2012-01-25,23.53100
2012-01-27,23.72830
2012-01-30,23.21960
2012-01-31,23.70480
2012-02-01,23.83290
2012-02-02,23.99150
2012-02-03,24.19920
2012-02-06,24.37920
2012-02-07,24.28430
2012-02-08,24.40820
2012-02-09,24.57600
2012-02-10,24.49300
2012-02-13,24.54690
2012-02-14,24.68160
2012-02-15,25.17790
2012-02-17,25.30620
2012-02-21,25.50670
2012-02-22,25.12650
2012-02-23,25.05620
2012-02-24,24.82080
2012-02-27,24.17170
2012-02-28,24.58660
2012-02-29,24.62470
2012-03-01,24.40450
2012-03-02,24.46220
2012-03-05,24.13590
2012-03-06,23.92070
2012-03-07,23.89460
2012-03-09,24.35960
2012-03-12,24.47530
2012-03-13,24.74560
2012-03-14,24.91330
2012-03-15,24.55180
2012-03-16,24.30570
2012-03-19,24.04690
2012-03-20,24.10130
2012-03-21,24.47280
2012-03-22,23.92540
2012-03-26,23.75240
2012-03-27,23.99120
2012-03-28,23.81950
2012-03-29,23.74050
2012-03-30,24.22660
2012-04-02,24.34200
2012-04-03,24.51020
2012-04-04,24.39920
2012-04-09,24.03210
2012-04-10,24.05980
2012-04-11,24.01260
2012-04-12,24.18870
2012-04-13,23.89330
2012-04-16,24.01820
2012-04-17,24.27160
2012-04-18,24.31940
2012-04-19,24.46240
2012-04-20,24.31600
2012-04-23,23.93960
2012-04-24,24.10580
2012-04-25,23.99990
2012-04-26,23.96960
2012-04-27,23.97680
2012-04-30,24.20090
2012-05-02,24.16490
2012-05-03,23.95400
2012-05-04,23.51800
2012-05-07,23.62830
2012-05-08,23.08410
2012-05-09,23.01200
2012-05-10,22.95950
2012-05-11,22.81250
2012-05-14,22.68330
2012-05-15,22.82880
2012-05-16,22.43720
2012-05-17,22.47780
2012-05-18,22.58110
2012-05-21,22.61430
2012-05-22,22.43730
2012-05-23,22.34700
2012-05-24,22.73880
2012-05-25,22.74310
2012-05-28,23.02580
2012-05-29,23.05390
2012-05-30,22.82030
2012-05-31,22.75750
2012-06-01,22.40520
2012-06-04,22.46820
2012-06-05,22.50870
2012-06-06,23.09090
2012-06-07,23.33270
2012-06-08,23.43510
2012-06-11,23.38470
2012-06-12,23.66620
2012-06-13,23.67320
2012-06-14,23.39270
2012-06-15,23.75950
2012-06-18,23.41890
2012-06-19,23.63330
2012-06-20,23.69900
2012-06-21,23.89480
2012-06-22,23.83470
2012-06-25,23.70030
2012-06-26,23.73990
2012-06-27,23.80000
2012-06-28,23.83630
2012-06-29,24.40930
2012-07-02,24.37070
2012-07-03,24.40820
2012-07-04,24.44940
2012-07-05,24.57290
2012-07-06,24.55790
2012-07-09,24.39220
2012-07-10,24.70650
2012-07-11,24.53160
2012-07-12,24.19520
2012-07-13,24.18140
2012-07-16,24.03410
2012-07-17,24.01840
2012-07-18,24.11050
2012-07-19,24.23980
2012-07-20,24.07540
2012-07-23,23.69860
2012-07-24,23.73610
2012-07-25,23.65980
2012-07-26,23.36350
2012-07-27,23.61790
2012-07-30,24.02390
2012-07-31,24.15350
2012-08-01,24.17870
2012-08-02,24.12800
2012-08-03,24.09120
2012-08-06,24.37480
2012-08-07,24.63480
2012-08-08,24.65290
2012-08-09,24.58970
2012-08-10,24.56660
2012-08-13,24.65510
2012-08-14,24.82800
2012-08-16,24.73630
2012-08-17,24.79290
2012-08-21,25.01410
2012-08-22,24.98140
2012-08-23,24.98460
2012-08-24,24.85750
2012-08-27,24.72170
2012-08-28,24.66310
2012-08-29,24.46980
2012-08-30,24.59700
2012-08-31,24.35090
2012-09-03,24.32230
2012-09-04,24.42340
2012-09-05,24.23550
2012-09-06,24.27330
2012-09-07,24.73820
2012-09-10,24.85430
2012-09-11,24.97280
2012-09-12,25.19180
2012-09-13,25.22200
2012-09-14,25.84420
2012-09-17,25.91900
2012-09-18,25.82440
2012-09-20,25.62350
2012-09-21,26.18910
2012-09-24,26.07180
2012-09-25,26.10540
2012-09-26,26.03950
2012-09-27,25.95690
2012-09-28,26.21410
2012-10-01,26.25470
2012-10-03,26.31550
2012-10-04,26.55410
2012-10-05,26.42390
2012-10-08,26.10100
2012-10-09,26.21420
2012-10-10,25.98330
2012-10-11,26.22830
2012-10-12,26.04100
2012-10-15,26.08850
2012-10-16,25.89190
2012-10-17,25.94630
2012-10-18,26.20830
2012-10-19,26.07030
2012-10-22,26.22670
2012-10-23,26.10480
2012-10-25,26.17110
2012-10-29,26.03570
2012-10-30,25.74280
2012-10-31,25.84020
2012-11-01,25.98340
2012-11-02,26.21200
2012-11-05,26.23680
2012-11-06,26.31040
2012-11-07,26.44220
2012-11-08,26.41650
2012-11-09,26.18530
2012-11-12,26.18540
2012-11-15,25.94200
2012-11-16,25.73040
2012-11-19,25.73040
2012-11-20,25.79440
2012-11-21,25.98680
2012-11-22,26.03880
2012-11-23,26.03490
2012-11-26,26.09650
2012-11-27,26.54170
2012-11-29,26.98930
2012-11-30,27.19130
2012-12-03,27.13710
2012-12-04,27.17620
2012-12-05,27.21440
2012-12-06,27.32050
2012-12-07,27.19720
2012-12-10,27.17200
2012-12-11,27.08760
2012-12-12,27.03770
2012-12-13,26.91610
2012-12-14,27.03880
2012-12-17,26.89590
2012-12-18,27.09730
2012-12-19,27.22110
2012-12-20,27.20470
2012-12-21,26.92510
2012-12-24,26.99520
2012-12-26,27.21170
2012-12-27,27.08570
2012-12-28,27.25460
2012-12-31,27.24550
2013-01-01,27.47400
2013-01-02,27.58450
2013-01-03,27.68360
2013-01-04,27.70090
2013-01-07,27.57860
2013-01-08,27.62700
2013-01-09,27.57770
2013-01-10,27.58590
2013-01-11,27.60750
2013-01-14,27.95450
2013-01-15,28.08950
2013-01-16,27.78220
2013-01-17,27.98770
2013-01-18,28.04240
2013-01-21,28.10320
2013-01-22,27.84950
2013-01-23,27.82930
2013-01-24,27.66120
2013-01-28,27.91480
2013-01-29,27.74560
2013-01-30,27.74310
2013-01-31,27.65970
2013-02-01,27.39580
2013-02-04,27.35960
2013-02-05,27.18790
2013-02-06,27.20170
2013-02-07,27.12970
2013-02-08,26.98920
2013-02-11,26.99510
2013-02-12,27.15060
2013-02-13,27.19870
2013-02-14,26.96360
2013-02-15,26.98590
2013-02-18,27.06580
2013-02-20,27.16990
2013-02-21,26.70750
2013-02-22,26.72290
2013-02-25,26.71730
2013-02-26,26.32110
2013-02-27,26.50330
2013-02-28,26.02680
2013-03-01,26.10420
2013-03-04,26.03440
2013-03-05,26.45120
2013-03-06,26.63510
2013-03-07,26.83420
2013-03-08,27.13510
2013-03-11,27.09200
2013-03-12,26.94510
2013-03-13,26.66520
2013-03-14,26.94550
2013-03-15,26.75380
2013-03-18,26.65060
2013-03-19,26.20480
2013-03-20,25.90830
2013-03-21,25.75620
2013-03-22,25.69970
2013-03-25,25.59080
2013-03-26,25.64700
2013-03-28,25.84470
2013-04-01,25.97400
2013-04-02,26.26040
2013-04-03,25.90580
2013-04-04,25.55480
2013-04-05,25.50190
2013-04-08,25.42530
2013-04-09,25.19330
2013-04-10,25.47030
2013-04-12,25.25940
2013-04-15,25.44630
2013-04-16,25.89790
2013-04-17,25.90090
2013-04-18,26.32140
2013-04-22,26.52750
2013-04-23,26.49830
2013-04-25,26.73630
2013-04-26,26.51470
2013-04-29,26.68890
2013-04-30,26.89850
2013-05-02,27.14730
2013-05-03,26.86000
2013-05-06,26.92970
2013-05-07,27.23600
2013-05-08,27.32510
2013-05-09,27.25050
2013-05-10,27.47700
2013-05-13,26.97740
2013-05-14,27.03290
2013-05-15,27.64810
2013-05-16,27.75780
2013-05-17,27.84270
2013-05-20,27.69400
2013-05-21,27.50030
2013-05-22,27.36500
2013-05-23,26.65620
2013-05-24,26.72780
2013-05-27,27.05710
2013-05-28,27.17170
2013-05-29,27.16990
2013-05-30,27.22460
2013-05-31,26.69270
2013-06-03,26.59380
2013-06-04,26.54960
2013-06-05,26.56930
2013-06-06,26.59380
2013-06-07,26.35700
2013-06-10,26.29710
2013-06-11,25.98460
2013-06-12,25.82310
2013-06-13,25.50170
2013-06-14,25.97910
2013-06-17,26.15640
2013-06-18,26.04920
2013-06-19,26.09700
2013-06-20,25.38740
2013-06-21,25.34560
2013-06-24,24.88490
2013-06-25,24.96240
2013-06-26,24.76160
2013-06-27,25.14400
2013-06-28,25.85490
2013-07-01,26.14110
2013-07-02,25.98650
2013-07-03,25.55560
2013-07-04,25.83130
2013-07-05,25.92830
2013-07-08,25.76580
2013-07-09,26.01580
2013-07-10,25.82310
2013-07-11,26.25280
2013-07-12,26.65460
2013-07-15,26.79560
2013-07-16,26.44070
2013-07-17,26.33100
2013-07-18,26.61110
2013-07-19,26.53220
2013-07-22,26.46900
2013-07-23,26.64340
2013-07-24,26.24940
2013-07-25,25.90510
2013-07-26,25.77830
2013-07-29,25.62810
2013-07-30,25.26750
2013-07-31,25.36390
2013-08-01,25.17330
2013-08-02,24.97250
2013-08-05,25.03650
2013-08-06,24.42670
2013-08-07,24.44080
2013-08-08,24.65840
2013-08-12,24.85380
2013-08-13,25.31850
2013-08-14,25.53800
2013-08-16,24.55350
2013-08-19,24.08560
2013-08-20,24.11570
2013-08-21,23.57590
2013-08-22,24.03300
2013-08-23,24.27040
2013-08-26,24.27850
2013-08-27,23.55880
2013-08-28,23.58720
2013-08-29,23.98040
2013-08-30,24.19120
2013-09-02,24.46560
2013-09-03,23.63070
2013-09-04,24.09470
2013-09-05,24.69890
2013-09-06,25.07760
2013-09-10,25.90890
2013-09-11,26.00800
2013-09-12,25.78790
2013-09-13,25.76570
2013-09-16,25.56860
2013-09-17,25.61980
2013-09-18,25.87720
2013-09-19,26.81700
2013-09-20,26.35480
2013-09-23,25.84210
2013-09-24,25.86400
2013-09-25,25.77430
2013-09-26,25.81840
2013-09-27,25.62560
2013-09-30,25.17460
2013-10-01,25.42420
2013-10-03,25.95460
2013-10-04,26.01770
2013-10-07,26.02020
2013-10-08,26.12880
2013-10-09,26.41840
2013-10-10,26.48840
2013-10-11,26.85420
2013-10-14,26.87060
2013-10-15,26.72990
2013-10-17,26.61380
2013-10-18,27.25460
2013-10-21,27.41210
2013-10-22,27.41400
2013-10-23,27.37770
2013-10-24,27.36680
2013-10-25,27.26370
2013-10-28,27.07440
2013-10-29,27.58590
2013-10-30,27.65450
2013-10-31,27.93800
2013-11-01,28.08120
2013-11-05,27.99080
2013-11-06,27.80900
2013-11-07,27.58890
2013-11-08,27.51870
2013-11-11,27.30630
2013-11-12,27.06680
2013-11-13,26.95280
2013-11-14,27.35160
2013-11-18,27.92510
2013-11-19,27.98500
2013-11-20,27.62500
2013-11-21,27.14210
2013-11-22,27.11920
2013-11-25,27.68680
2013-11-26,27.44340
2013-11-27,27.47870
2013-11-28,27.58440
2013-11-29,27.97730
2013-12-02,28.21900
2013-12-03,28.12450
2013-12-04,27.97000
2013-12-05,28.35510
2013-12-06,28.42030
2013-12-09,28.86050
2013-12-10,28.72750
2013-12-11,28.58330
2013-12-12,28.25970
2013-12-13,27.99090
2013-12-16,27.97670
2013-12-17,27.95230
2013-12-18,28.28790
2013-12-19,28.09270
2013-12-20,28.63820
2013-12-23,28.70020
2013-12-24,28.69720
2013-12-26,28.76870
2013-12-27,28.87160
2013-12-30,28.73690
2013-12-31,28.77740
2014-01-01,28.78780
2014-01-02,28.38620
2014-01-03,28.35030
2014-01-06,28.25430
2014-01-07,28.09930
2014-01-08,28.14020
2014-01-09,27.99310
2014-01-10,27.92350
2014-01-13,28.28840
2014-01-15,28.37260
2014-01-16,28.23020
2014-01-17,28.01450
2014-01-20,28.15140
2014-01-21,28.27070
2014-01-22,28.39640
2014-01-23,28.43690
2014-01-24,27.96030
2014-01-27,27.22860
2014-01-28,27.22660
2014-01-29,27.19080
2014-01-30,26.94170
2014-01-31,27.11110
2014-02-03,26.78360
2014-02-04,26.90440
2014-02-05,27.03100
2014-02-06,27.09070
2014-02-07,27.22050
2014-02-10,27.25100
2014-02-11,27.34550
2014-02-12,27.46140
2014-02-13,27.07790
2014-02-14,27.23000
2014-02-17,27.30930
2014-02-18,27.55200
2014-02-20,27.49870
2014-02-21,27.75000
2014-02-24,28.02900
2014-02-25,28.15980
2014-02-26,28.28420
2014-02-28,28.35560
2014-03-03,28.16170
2014-03-04,28.52130
2014-03-05,28.62890
2014-03-06,28.95520
2014-03-07,29.53900
2014-03-10,29.71980
2014-03-11,29.52640
2014-03-12,29.52060
2014-03-13,29.45330
2014-03-14,29.49330
2014-03-18,29.54290
2014-03-19,29.68820
2014-03-20,29.47740
2014-03-21,29.61010
2014-03-24,29.95720
2014-03-25,29.95340
2014-03-26,30.05270
2014-03-27,30.18940
2014-03-28,30.42160
2014-04-01,30.43610
2014-04-02,30.73700
2014-04-03,30.64910
2014-04-04,30.52500
2014-04-07,30.43270
2014-04-09,30.98300
2014-04-10,31.04620
2014-04-11,30.92450
2014-04-15,30.69730
2014-04-16,30.46740
2014-04-17,30.98190
2014-04-21,31.19370
2014-04-22,31.27420
2014-04-23,31.46690
2014-04-25,31.21110
2014-04-28,31.18260
2014-04-29,30.88180
2014-04-30,30.69950
2014-05-02,30.64600
2014-05-05,30.64940
2014-05-06,30.83310
2014-05-07,30.65510
2014-05-08,30.77250
2014-05-09,31.61760
2014-05-12,32.21990
2014-05-13,32.51950
2014-05-15,32.49720
2014-05-16,32.99610
2014-05-19,33.35930
2014-05-20,33.54640
2014-05-21,33.50250
2014-05-22,33.68290
2014-05-23,34.05980
2014-05-26,33.99770
2014-05-27,33.83680
2014-05-28,34.07200
2014-05-29,33.65960
2014-05-30,33.70920
2014-06-02,34.44440
2014-06-03,34.55910
2014-06-04,34.65900
2014-06-05,34.91070
2014-06-06,35.33480
2014-06-09,35.63910
2014-06-10,35.61030
2014-06-11,35.47960
2014-06-12,35.51220
2014-06-13,35.00570
2014-06-16,34.90750
2014-06-17,35.34170
2014-06-18,35.10230
2014-06-19,35.11610
2014-06-20,35.02750
2014-06-23,34.98670
2014-06-24,35.41470
2014-06-25,35.29010
2014-06-26,35.16750
2014-06-27,35.17380
2014-06-30,35.63910
2014-07-01,35.85740
2014-07-02,36.22070
2014-07-03,36.34480
2014-07-04,36.51140
2014-07-07,36.66750
2014-07-08,35.81350
2014-07-09,35.56790
2014-07-10,35.51900
2014-07-11,34.88280
2014-07-14,34.91830
2014-07-15,35.48570
2014-07-16,36.02780
2014-07-17,36.30300
2014-07-18,36.36890
2014-07-21,36.29410
2014-07-22,36.50600
2014-07-23,36.66540
2014-07-24,36.79430
2014-07-25,36.43200
2014-07-28,36.19150
2014-07-30,36.25360
2014-07-31,36.03920
2014-08-01,35.71380
2014-08-04,36.09610
2014-08-05,36.33450
2014-08-06,36.03400
2014-08-07,35.90750
2014-08-08,35.45000
2014-08-11,35.73230
2014-08-12,36.02170
2014-08-13,35.90000
2014-08-14,36.24910
2014-08-19,36.99150
2014-08-20,36.96380
2014-08-21,37.20390
2014-08-22,37.44990
2014-08-25,37.35250
2014-08-26,37.38420
2014-08-27,37.55120
2014-08-28,37.51620
2014-09-01,37.93660
2014-09-02,38.17320
2014-09-03,38.39540
2014-09-04,38.24320
2014-09-05,38.25240
2014-09-08,38.63640
2014-09-09,38.59090
2014-09-10,38.41710
2014-09-11,38.65320
2014-09-12,38.78550
2014-09-15,38.65300
2014-09-16,37.92420
2014-09-17,38.06190
2014-09-18,38.71610
2014-09-19,38.68150
2014-09-22,38.66620
2014-09-23,37.93590
2014-09-24,37.71930
2014-09-25,37.19250
2014-09-26,37.63400
2014-09-29,37.70410
2014-09-30,37.66880
2014-10-01,37.69940
2014-10-07,37.23950
2014-10-08,37.12820
2014-10-09,37.62590
2014-10-10,37.15790
2014-10-13,37.19930
2014-10-14,37.19630
2014-10-16,36.50860
2014-10-17,36.90590
2014-10-20,37.20790
2014-10-21,37.56540
2014-10-22,37.95020
2014-10-27,37.98600
2014-10-28,38.12520
2014-10-29,38.40790
2014-10-30,38.63050
2014-10-31,39.26260
2014-11-03,39.36290
2014-11-05,39.29790
2014-11-07,39.48090
2014-11-10,39.49260
2014-11-11,39.69330
2014-11-12,39.85540
2014-11-13,39.92090
2014-11-14,40.13150
2014-11-17,40.41080
2014-11-18,40.59740
2014-11-19,40.41380
2014-11-20,40.57480
2014-11-21,40.84850
2014-11-24,41.18680
2014-11-25,40.67310
2014-11-26,40.74780
2014-11-27,40.74910
2014-11-28,41.38970
2014-12-01,41.43230
2014-12-02,41.45840
2014-12-03,41.74910
2014-12-04,41.95470
2014-12-05,41.94170
2014-12-08,41.34010
2014-12-09,40.64760
2014-12-10,40.86270
2014-12-11,40.48050
2014-12-12,40.25560
2014-12-15,40.14640
2014-12-16,39.26880
2014-12-17,39.14240
2014-12-18,40.01930
2014-12-19,40.32640
2014-12-22,40.57360
2014-12-23,40.48180
2014-12-24,40.21920
2014-12-26,40.33350
2014-12-29,40.55270
2014-12-30,40.62480
2014-12-31,40.85480
2015-01-01,41.04300
2015-01-02,41.66720
2015-01-05,41.58820
2015-01-06,40.41830
2015-01-07,40.25430
2015-01-08,40.78080
2015-01-09,40.92290
2015-01-12,41.22380
2015-01-13,41.12240
2015-01-14,40.93950
2015-01-15,41.78960
2015-01-16,41.79170
2015-01-19,42.06560
2015-01-20,42.44360
2015-01-21,42.57490
2015-01-22,42.72930
2015-01-23,42.98610
2015-01-27,43.39000
2015-01-28,43.25310
2015-01-29,43.20580
2015-01-30,42.59570
2015-02-02,42.47510
2015-02-03,42.06970
2015-02-04,41.81420
2015-02-05,41.75580
2015-02-06,41.47240
2015-02-09,40.70450
2015-02-10,41.23570
2015-02-11,41.58710
2015-02-12,42.02070
2015-02-13,42.65870
2015-02-16,42.73640
2015-02-18,43.11880
2015-02-20,43.00150
2015-02-23,42.56440
2015-02-24,42.61840
2015-02-25,42.67090
2015-02-26,42.09320
2015-02-27,42.86910
2015-03-02,43.82490
2015-03-03,44.03630
2015-03-04,43.48000
2015-03-05,43.64980
2015-03-09,42.86320
2015-03-10,42.80470
2015-03-11,42.71420
2015-03-12,43.12070
2015-03-13,42.35640
2015-03-16,42.17100
2015-03-17,42.55810
2015-03-18,42.51660
2015-03-19,42.22650
2015-03-20,41.89400
2015-03-23,41.61940
2015-03-24,41.50160
2015-03-25,41.22190
2015-03-26,40.45490
2015-03-27,40.54460
2015-03-30,41.12160
2015-03-31,41.01320
2015-04-06,42.02070
2015-04-07,42.05860
2015-04-08,42.36200
2015-04-09,42.63920
2015-04-10,42.65410
2015-04-13,42.81670
2015-04-15,42.30780
2015-04-16,42.11610
2015-04-17,41.61440
2015-04-20,40.81940
2015-04-21,40.70090
2015-04-22,40.74100
2015-04-23,40.63640
2015-04-24,40.03760
2015-04-27,39.50270
2015-04-28,40.04970
2015-04-29,39.95780
2015-04-30,39.74270
2015-05-04,40.32920
2015-05-05,40.20030
2015-05-06,39.08830
2015-05-07,38.69660
2015-05-08,39.31810
2015-05-11,40.04980
2015-05-12,39.19510
2015-05-13,39.81870
2015-05-14,40.05140
2015-05-15,40.44430
2015-05-18,40.80400
2015-05-19,40.85820
2015-05-20,40.95320
2015-05-21,40.95520
2015-05-22,40.91380
2015-05-25,40.60090
2015-05-26,40.40740
2015-05-27,40.39920
2015-05-28,40.28700
2015-05-29,40.96540
2015-06-01,40.97700
2015-06-02,39.95280
2015-06-03,39.41960
2015-06-04,39.41750
2015-06-05,39.30470
2015-06-08,38.98080
2015-06-09,38.83720
2015-06-10,39.30130
2015-06-11,38.49330
2015-06-12,38.45620
2015-06-15,38.52590
2015-06-16,38.86920
2015-06-17,39.16030
2015-06-18,39.38670
2015-06-19,39.61380
2015-06-22,40.13250
2015-06-23,40.27060
2015-06-24,39.95380
2015-06-25,39.95400
2015-06-26,39.86520
2015-06-29,39.40200
2015-06-30,39.64830
2015-07-01,40.14990
2015-07-02,40.20340
2015-07-03,40.27340
2015-07-06,40.46130
2015-07-07,40.51810
2015-07-08,39.80080
2015-07-09,39.69440
2015-07-10,39.83230
2015-07-13,40.25880
2015-07-14,40.16850
2015-07-15,40.44540
2015-07-16,40.81350
2015-07-17,40.90210
2015-07-20,40.84400
2015-07-21,40.65930
2015-07-22,40.92990
2015-07-23,40.83530
2015-07-24,40.34890
2015-07-27,39.73460
2015-07-28,39.59520
2015-07-29,39.83210
2015-07-30,40.16350
2015-07-31,40.70360
2015-08-03,41.11680
2015-08-04,41.27510
2015-08-05,41.58410
2015-08-06,41.80070
2015-08-07,41.77570
2015-08-10,41.62300
2015-08-11,41.17080
2015-08-12,40.49040
2015-08-13,40.40660
2015-08-14,41.27870
2015-08-17,41.40380
2015-08-18,41.52930
2015-08-19,41.67750
2015-08-20,40.99860
2015-08-21,40.63380
2015-08-24,37.72430
2015-08-25,38.19220
2015-08-26,37.94100
2015-08-27,38.79550
2015-08-28,39.03130
2015-08-31,38.78690
2015-09-01,37.92640
2015-09-02,37.63870
2015-09-03,38.06320
2015-09-04,37.16230
2015-09-07,36.60700
2015-09-08,37.31470
2015-09-09,37.85830
2015-09-10,37.82350
2015-09-11,37.81690
2015-09-14,38.26150
2015-09-15,37.96800
2015-09-16,38.24970
2015-09-18,38.51140
2015-09-21,38.65960
2015-09-22,37.98510
2015-09-23,38.01720
2015-09-24,38.08670
2015-09-28,37.75520
2015-09-29,37.69270
2015-09-30,37.98460
2015-10-01,37.94640
2015-10-05,38.78980
2015-10-06,38.93000
2015-10-07,38.96070
2015-10-08,38.70350
2015-10-09,39.00220
2015-10-12,38.88850
2015-10-13,38.82640
2015-10-14,38.73480
2015-10-15,39.04340
2015-10-16,39.32460
2015-10-19,39.41890
2015-10-20,39.43500
2015-10-21,39.34980
2015-10-23,39.46280
2015-10-26,39.37150
2015-10-27,39.35080
2015-10-28,39.00280
2015-10-29,38.67730
2015-10-30,38.46560
2015-11-02,38.48630
2015-11-03,38.46560
2015-11-04,38.35570
2015-11-05,37.79280
2015-11-06,37.87320
2015-11-09,37.90650
2015-11-10,37.49310
2015-11-13,37.51890
2015-11-16,37.78360
2015-11-17,37.86840
2015-11-18,37.42210
2015-11-19,37.94060
2015-11-20,38.18320
2015-11-23,38.12710
2015-11-24,38.00260
2015-11-26,38.11250
2015-11-27,38.45660
2015-11-30,38.52090
2015-12-01,38.51390
2015-12-02,38.36210
2015-12-03,38.04710
2015-12-04,37.73860
2015-12-07,37.63510
2015-12-08,37.30890
2015-12-09,36.89970
2015-12-10,37.13620
2015-12-11,36.69700
2015-12-14,36.73250
2015-12-15,36.86640
2015-12-16,36.96780
2015-12-17,37.35710
2015-12-18,37.03470
2015-12-21,37.41440
2015-12-22,37.26890
2015-12-23,37.53660
2015-12-24,37.54370
2015-12-28,37.75770
2015-12-29,37.77440
2015-12-30,37.63230
2015-12-31,37.69740
2016-01-01,37.92650
2016-01-04,37.15730
2016-01-05,37.15510
2016-01-06,36.88780
2016-01-07,35.92570
2016-01-08,36.07660
2016-01-11,35.81110
2016-01-12,35.48240
2016-01-13,35.42930
2016-01-14,35.24680
2016-01-15,34.46430
2016-01-18,33.95010
2016-01-19,34.36810
2016-01-20,33.78130
2016-01-21,33.77330
2016-01-22,34.35890
2016-01-25,34.51850
2016-01-27,34.61850
2016-01-28,34.38210
2016-01-29,34.72020
2016-02-01,34.55990
2016-02-02,34.05560
2016-02-03,33.30000
2016-02-04,33.34540
2016-02-05,33.75560
2016-02-08,33.68040
2016-02-09,33.14660
2016-02-10,32.65160
2016-02-11,31.68650
2016-02-12,31.45990
2016-02-15,32.75310
2016-02-16,31.93360
2016-02-17,32.18550
2016-02-18,32.50380
2016-02-19,32.77990
2016-02-22,32.85010
2016-02-23,32.26070
2016-02-24,31.87090
2016-02-25,31.43630
2016-02-26,31.63210
2016-02-29,31.63500
2016-03-01,32.63880
2016-03-02,33.67780
2016-03-03,34.13190
2016-03-04,34.31650
2016-03-08,34.09190
2016-03-09,34.19320
2016-03-10,33.91810
2016-03-11,33.94200
2016-03-14,34.27560
2016-03-15,34.16060
2016-03-16,34.35660
2016-03-17,34.56260
2016-03-18,35.07020
2016-03-21,35.76190
2016-03-22,35.71740
2016-03-23,35.83960
2016-03-28,35.19990
2016-03-29,35.16670
2016-03-30,35.97290
2016-03-31,35.96860
2016-04-01,35.99860
2016-04-04,36.06130
2016-04-05,35.11610
2016-04-06,35.08010
2016-04-07,34.85810
2016-04-08,34.88210
2016-04-11,35.40520
2016-04-12,35.62070
2016-04-13,36.30060
2016-04-18,36.47940
2016-04-20,36.69420
2016-04-21,36.79780
2016-04-22,36.88790
2016-04-25,36.66390
2016-04-26,37.18270
2016-04-27,37.12870
2016-04-28,36.64830
2016-04-29,36.56450
2016-05-02,36.38770
2016-05-03,36.13600
2016-05-04,35.59480
2016-05-05,35.67540
2016-05-06,35.69970
2016-05-09,36.26210
2016-05-10,36.31510
2016-05-11,36.08700
2016-05-12,36.35270
2016-05-13,36.06680
2016-05-16,35.77890
2016-05-17,35.85220
2016-05-18,35.95070
2016-05-19,35.44910
2016-05-20,35.21990
2016-05-23,35.17300
2016-05-24,35.20850
2016-05-25,36.05120
2016-05-26,36.80230
2016-05-27,37.11190
2016-05-30,37.31560
2016-05-31,37.58440
2016-06-01,37.43970
2016-06-02,37.56750
2016-06-03,37.53500
2016-06-06,37.45750
2016-06-07,37.99100
2016-06-08,38.21560
2016-06-09,38.06020
2016-06-10,37.83280
2016-06-13,37.40290
2016-06-14,37.63250
2016-06-15,38.15450
2016-06-16,37.98950
2016-06-17,38.09480
2016-06-20,38.37490
2016-06-21,38.38530
2016-06-22,38.24910
2016-06-23,38.55090
2016-06-24,37.69910
2016-06-27,37.87750
2016-06-28,38.00430
2016-06-29,38.31190
2016-06-30,38.73760
2016-07-01,38.95770
2016-07-04,39.40700
2016-07-05,39.22320
2016-07-07,38.97950
2016-07-08,38.85570
2016-07-11,39.58820
2016-07-12,39.84250
2016-07-13,39.84520
2016-07-14,40.23810
2016-07-15,40.10190
2016-07-18,39.73500
2016-07-19,39.85160
2016-07-20,39.93170
2016-07-21,39.57680
2016-07-22,39.70430
2016-07-25,40.16790
2016-07-26,39.98570
2016-07-27,40.24500
2016-07-28,40.26030
2016-07-29,39.97710
2016-08-01,39.80100
2016-08-02,39.71830
2016-08-03,39.36820
2016-08-04,39.53590
2016-08-05,40.18030
2016-08-08,40.19900
2016-08-09,40.17700
2016-08-10,39.64020
2016-08-11,39.47800
2016-08-12,40.08470
2016-08-16,40.13640
2016-08-17,40.19480
2016-08-18,40.46240
2016-08-19,40.67220
2016-08-22,40.39260
2016-08-23,40.40780
2016-08-24,40.48600
2016-08-25,40.12580
2016-08-26,39.87820
2016-08-29,39.94840
2016-08-30,40.50630
2016-08-31,40.58220
2016-09-01,40.47240
2016-09-02,40.66450
2016-09-06,41.06360
2016-09-07,41.25260
2016-09-08,41.43720
2016-09-09,41.12380
2016-09-12,40.10540
2016-09-14,40.51970
2016-09-15,40.34970
2016-09-16,40.36240
2016-09-19,40.57560
2016-09-20,40.41400
2016-09-21,40.31070
2016-09-22,40.91130
2016-09-23,40.70670
2016-09-26,40.10010
2016-09-27,39.94600
2016-09-28,40.35480
2016-09-29,39.27380
2016-09-30,39.57400
2016-10-03,40.13120
2016-10-04,40.55560
2016-10-05,40.51180
2016-10-06,40.06840
2016-10-07,40.16560
2016-10-10,40.17650
2016-10-13,39.46770
2016-10-14,39.59990
2016-10-17,39.46880
2016-10-18,40.22000
2016-10-19,40.23610
2016-10-20,40.58040
2016-10-21,40.64800
2016-10-24,40.83150
2016-10-25,40.82040
2016-10-26,40.30100
2016-10-27,40.09400
2016-10-28,40.31110
2016-11-01,40.21440
2016-11-02,39.40820
2016-11-03,39.03520
2016-11-04,38.75050
2016-11-07,39.39190
2016-11-08,39.53600
2016-11-09,39.43130
2016-11-10,40.91250
2016-11-11,39.78710
2016-11-15,39.38760
2016-11-16,39.25650
2016-11-17,39.24170
2016-11-18,39.39900
2016-11-21,38.20330
2016-11-22,38.52190
2016-11-23,38.82470
2016-11-24,38.80080
2016-11-25,39.53880
2016-11-28,39.51750
2016-11-29,39.42380
2016-11-30,39.86130
2016-12-01,39.46840
2016-12-02,39.12980
2016-12-05,39.28670
2016-12-06,39.38960
2016-12-07,39.01470
2016-12-08,39.58590
2016-12-09,39.89430
2016-12-12,39.51300
2016-12-13,39.77860
2016-12-14,39.40760
2016-12-15,39.26610
2016-12-16,39.09210
2016-12-19,38.93660
2016-12-20,38.66840
2016-12-21,38.57610
2016-12-22,38.10560
2016-12-23,37.98030
2016-12-26,37.28100
2016-12-27,37.86100
2016-12-28,37.87860
2016-12-29,38.03840
2016-12-30,38.51650
2017-01-02,38.49660
2017-01-03,38.59590
2017-01-04,38.63560
2017-01-05,39.10600
2017-01-06,38.89010
2017-01-09,38.86590
2017-01-10,39.00940
2017-01-11,39.50780
2017-01-12,39.87840
2017-01-13,39.85600
2017-01-16,39.97800
2017-01-17,40.03630
2017-01-18,40.04630
2017-01-19,40.19700
2017-01-20,39.48570
2017-01-23,39.55840
2017-01-24,39.83300
2017-01-25,40.05020
2017-01-27,40.53240
2017-01-30,40.65250
2017-01-31,40.19000
2017-02-01,40.84090
2017-02-02,41.31730
2017-02-03,41.66740
2017-02-06,41.87340
2017-02-07,41.74190
2017-02-08,41.66970
2017-02-09,41.66390
2017-02-10,41.77690
2017-02-13,41.54490
2017-02-14,41.48180
2017-02-15,40.72600
2017-02-16,41.25180
2017-02-17,41.30170
2017-02-20,41.64120
2017-02-21,41.83080
2017-02-22,41.58930
2017-02-23,41.56590
2017-02-27,41.19620
2017-02-28,41.27950
2017-03-01,41.41630
2017-03-02,41.00300
2017-03-03,41.02890
2017-03-06,41.33230
2017-03-07,41.15770
2017-03-08,40.95920
2017-03-09,40.89650
2017-03-10,40.84470
2017-03-14,41.44290
2017-03-15,41.56960
2017-03-16,42.00250
2017-03-17,41.74920
2017-03-20,41.68800
2017-03-21,41.51330
2017-03-22,40.95190
2017-03-23,41.22450
2017-03-24,41.64180
2017-03-27,41.60160
2017-03-28,41.91040
2017-03-29,42.09880
2017-03-30,42.25970
2017-03-31,42.34460
2017-04-03,42.43950
2017-04-05,42.78160
2017-04-06,42.71820
2017-04-07,42.28660
2017-04-10,42.36500
2017-04-11,42.96070
2017-04-12,42.68940
2017-04-13,42.45490
2017-04-17,42.28930
2017-04-18,42.17350
2017-04-19,42.13480
2017-04-20,42.19600
2017-04-21,42.10820
2017-04-24,42.42570
2017-04-25,42.89550
2017-04-26,43.02560
2017-04-27,43.04680
2017-04-28,43.35750
2017-05-02,43.14010
2017-05-03,43.20220
2017-05-04,43.86270
2017-05-05,43.21050
2017-05-08,43.58750
2017-05-09,43.47810
2017-05-10,43.68940
2017-05-11,43.75370
2017-05-12,43.55960
2017-05-15,43.59820
2017-05-16,44.11480
2017-05-17,43.96540
2017-05-18,43.29570
2017-05-19,43.20950
2017-05-22,42.43470
2017-05-23,41.93710
2017-05-24,41.56010
2017-05-25,42.29590
2017-05-26,42.56290
2017-05-29,41.78730
2017-05-30,42.23300
2017-05-31,42.30990
2017-06-01,42.47840
2017-06-02,42.63240
2017-06-05,42.66580
2017-06-06,42.23830
2017-06-07,42.55590
2017-06-08,42.46150
2017-06-09,42.41120
2017-06-12,42.08660
2017-06-13,42.05140
2017-06-14,42.28820
2017-06-15,42.12910
2017-06-16,42.06480
2017-06-19,42.21460
2017-06-20,42.22950
2017-06-21,42.15280
2017-06-22,41.98080
2017-06-23,41.62580
2017-06-27,41.19930
2017-06-28,41.39200
2017-06-29,41.48500
2017-06-30,41.64210
2017-07-03,41.83070
2017-07-04,41.53530
2017-07-05,41.71640
2017-07-06,42.03910
2017-07-07,42.10460
2017-07-10,42.92800
2017-07-11,42.67230
2017-07-12,42.90360
2017-07-13,43.08630
2017-07-14,43.19850
2017-07-17,43.33570
2017-07-18,43.25210
2017-07-19,43.72480
2017-07-20,43.34180
2017-07-21,43.42730
2017-07-24,43.65100
2017-07-25,43.74460
2017-07-26,43.90200
2017-07-27,43.46760
2017-07-28,43.43190
2017-07-31,44.01790
2017-08-01,44.02440
2017-08-02,43.99230
2017-08-03,43.45600
2017-08-04,43.71240
2017-08-07,43.84090
2017-08-08,43.32660
2017-08-09,42.86330
2017-08-10,42.08100
2017-08-11,41.64440
2017-08-14,42.14140
2017-08-16,42.60560
2017-08-17,42.73400
2017-08-18,42.34090
2017-08-21,41.79940
2017-08-22,41.77600
2017-08-23,42.22840
2017-08-24,42.47680
2017-08-28,42.71820
2017-08-29,42.19270
2017-08-30,42.39430
2017-08-31,42.45620
2017-09-01,42.57400
2017-09-04,42.28170
2017-09-05,42.32360
2017-09-06,42.01430
2017-09-07,42.15470
2017-09-08,42.03370
2017-09-11,42.43710
2017-09-12,42.91660
2017-09-13,42.91760
2017-09-14,43.19600
2017-09-15,43.22470
2017-09-18,43.41310
2017-09-19,43.47960
2017-09-20,43.38020
2017-09-21,43.30370
2017-09-22,42.32350
2017-09-25,41.92640
2017-09-26,42.10840
2017-09-27,41.36510
2017-09-28,41.42860
2017-09-29,41.59050
2017-10-03,41.80060
2017-10-04,42.00010
2017-10-05,42.13850
2017-10-06,42.69610
2017-10-09,42.71880
2017-10-10,42.77740
2017-10-11,42.43340
2017-10-12,42.64540
2017-10-13,43.03500
2017-10-16,43.33550
2017-10-17,43.47930
2017-10-18,43.15830
2017-10-23,43.23050
2017-10-24,43.62420
2017-10-25,46.92770
2017-10-26,47.21010
2017-10-27,46.73320
2017-10-30,47.20310
2017-10-31,47.07850
2017-11-01,47.72050
2017-11-02,47.86740
2017-11-03,48.09450
2017-11-06,48.13620
2017-11-07,47.25200
2017-11-08,47.03680
2017-11-09,47.35710
2017-11-10,47.54410
2017-11-13,47.20320
2017-11-14,46.96450
2017-11-15,46.58110
2017-11-16,47.37740
2017-11-17,47.62150
2017-11-20,47.63220
2017-11-21,47.88590
2017-11-22,47.94010
2017-11-23,48.10600
2017-11-24,48.16090
2017-11-27,48.32040
2017-11-28,48.06550
2017-11-29,47.97860
2017-11-30,47.54810
2017-12-01,46.71750
2017-12-04,46.64060
2017-12-05,46.53470
2017-12-06,46.20430
2017-12-07,47.01800
2017-12-08,47.30620
2017-12-11,47.50700
2017-12-12,47.09580
2017-12-13,46.56030
2017-12-14,46.68060
2017-12-15,46.89140
2017-12-18,47.42250
2017-12-19,47.83970
2017-12-20,47.66540
2017-12-21,47.95740
2017-12-22,48.19970
2017-12-26,48.36840
2017-12-27,48.42200
2017-12-28,48.16690
2017-12-29,48.39750
2018-01-01,48.30320
2018-01-02,48.25820
2018-01-03,48.56420
2018-01-04,49.14120
2018-01-05,49.29280
2018-01-08,49.38480
2018-01-09,49.23320
2018-01-10,49.07790
2018-01-11,49.24770
2018-01-12,49.18070
2018-01-15,49.07510
2018-01-16,48.69040
2018-01-17,49.29040
2018-01-18,48.75190
2018-01-19,49.22600
2018-01-22,49.21650
2018-01-23,49.93250
2018-01-24,49.95030
2018-01-25,49.22790
2018-01-29,48.92090
2018-01-30,48.81270
2018-01-31,48.45780
2018-02-01,48.04680
2018-02-02,46.81390
2018-02-05,46.91550
2018-02-06,46.22090
2018-02-07,46.32790
2018-02-08,46.95500
2018-02-09,46.63030
2018-02-12,47.18940
2018-02-14,46.60110
2018-02-15,46.21920
2018-02-16,45.82770
2018-02-19,45.06190
2018-02-20,45.05650
2018-02-21,45.02510
2018-02-22,44.96410
2018-02-23,45.54670
2018-02-26,45.81710
2018-02-27,45.52740
2018-02-28,45.38170
2018-03-01,45.09750
2018-03-05,44.84430
2018-03-06,44.18510
2018-03-07,43.46580
2018-03-08,43.79430
2018-03-09,43.67090
2018-03-12,44.18140
2018-03-13,44.59490
2018-03-14,44.70350
2018-03-15,44.53400
2018-03-16,43.98170
2018-03-19,43.27520
2018-03-20,43.48830
2018-03-21,43.52780
2018-03-22,43.21240
2018-03-23,42.76220
2018-03-26,43.25820
2018-03-27,43.58280
2018-03-28,43.29600
2018-04-02,43.66050
2018-04-03,44.05680
2018-04-04,43.53020
2018-04-05,44.35830
2018-04-06,44.49690
2018-04-09,44.53110
2018-04-10,44.66660
2018-04-11,44.71590
2018-04-12,44.77790
2018-04-13,44.92810
2018-04-16,44.86650
2018-04-17,44.94840
2018-04-18,44.81480
2018-04-19,45.05960
2018-04-20,44.87530
2018-04-23,45.14880
2018-04-24,45.00590
2018-04-25,44.73220
2018-04-26,44.94450
2018-04-27,45.27710
2018-04-30,45.67390
2018-05-02,45.13700
2018-05-03,44.94150
2018-05-04,44.78980
2018-05-07,45.12490
2018-05-08,45.28660
2018-05-09,45.18330
2018-05-10,44.83970
2018-05-11,45.02360
2018-05-14,44.97340
2018-05-15,44.68850
2018-05-16,44.41470
2018-05-17,44.34140
2018-05-18,44.01270
2018-05-21,43.47520
2018-05-22,43.60460
2018-05-23,43.43080
2018-05-24,43.72260
2018-05-25,44.18670
2018-05-28,44.25570
2018-05-29,44.07330
2018-05-30,43.93950
2018-05-31,44.14440
2018-06-01,43.78070
2018-06-04,43.46030
2018-06-05,43.09110
2018-06-06,43.38560
2018-06-07,43.91960
2018-06-08,44.07270
2018-06-11,44.10530
2018-06-12,44.50300
2018-06-13,44.51110
2018-06-14,44.49070
2018-06-15,44.44270
2018-06-18,44.31750
2018-06-19,43.87810
2018-06-20,44.06550
2018-06-21,43.93380
2018-06-22,44.17630
2018-06-25,43.90860
2018-06-26,43.74620
2018-06-27,43.49730
2018-06-28,42.93770
2018-06-29,43.21200
2018-07-02,43.05980
2018-07-03,43.25140
2018-07-04,43.51350
2018-07-05,43.25970
2018-07-06,43.42480
2018-07-09,43.87690
2018-07-10,44.16390
2018-07-11,44.16650
2018-07-12,44.29730
2018-07-13,44.05080
2018-07-16,43.38200
2018-07-17,43.82800
2018-07-18,43.55190
2018-07-19,43.26250
2018-07-20,43.51850
2018-07-23,43.73800
2018-07-24,43.94710
2018-07-25,44.25930
2018-07-26,44.48250
2018-07-27,44.97620
2018-07-30,45.18070
2018-07-31,45.44350
2018-08-01,45.40550
2018-08-02,45.12660
2018-08-03,45.47930
2018-08-06,45.74270
2018-08-07,45.55430
2018-08-08,45.71690
2018-08-09,45.72410
2018-08-10,45.51000
2018-08-13,45.30700
2018-08-14,45.82260
2018-08-16,45.67280
2018-08-17,46.27830
2018-08-20,46.46080
2018-08-21,46.63780
2018-08-23,46.77350
2018-08-24,46.59390
2018-08-27,47.05620
2018-08-28,47.11560
2018-08-29,46.98960
2018-08-30,47.00120
2018-08-31,47.41230
2018-09-03,46.99590
2018-09-04,46.57340
2018-09-05,46.65300
2018-09-06,47.08770
2018-09-07,47.57120
2018-09-10,46.97010
2018-09-11,46.32280
2018-09-12,46.45160
2018-09-14,47.02890
2018-09-17,46.64160
2018-09-18,46.09790
2018-09-19,46.02790
2018-09-21,45.70610
2018-09-24,44.74820
2018-09-25,45.23100
2018-09-26,45.07270
2018-09-27,44.69810
2018-09-28,44.38450
2018-10-01,44.79720
2018-10-03,44.02040
2018-10-04,43.21990
2018-10-05,42.40420
2018-10-08,42.12680
2018-10-09,41.99410
2018-10-10,42.65780
2018-10-11,41.76310
2018-10-12,42.34910
2018-10-15,42.33210
2018-10-16,42.80050
2018-10-17,42.35340
2018-10-19,41.90150
2018-10-22,41.70110
2018-10-23,41.32390
2018-10-24,41.47020
2018-10-25,41.21830
2018-10-26,40.98830
2018-10-29,41.79870
2018-10-30,41.85900
2018-10-31,42.60800
2018-11-01,42.52580
2018-11-02,42.94250
2018-11-05,42.90530
2018-11-06,42.93550
2018-11-09,43.25500
2018-11-12,42.90690
2018-11-13,43.17810
2018-11-14,43.16200
2018-11-15,43.34140
2018-11-16,43.61320
2018-11-19,43.76220
2018-11-20,43.38150
2018-11-21,43.31270
2018-11-22,43.12510
2018-11-26,43.58150
2018-11-27,43.75690
2018-11-28,44.03770
2018-11-29,44.38320
2018-11-30,44.54760
2018-12-03,44.44650
2018-12-04,44.38320
2018-12-05,44.09680
2018-12-06,43.47850
2018-12-07,43.73270
2018-12-10,43.06680
2018-12-11,43.39780
2018-12-12,44.13630
2018-12-13,44.40470
2018-12-14,44.46850
2018-12-17,44.73570
2018-12-18,44.81080
2018-12-19,45.10520
2018-12-20,44.97050
2018-12-21,44.30810
2018-12-24,44.00820
2018-12-26,44.08560
2018-12-27,44.28660
2018-12-28,44.60850
2018-12-31,44.68550
2019-01-01,44.78440
2019-01-02,44.51150
2019-01-03,44.24890
2019-01-04,44.28910
2019-01-07,44.42150
2019-01-08,44.56840
2019-01-09,44.77400
2019-01-10,44.74660
2019-01-11,44.63740
2019-01-14,44.44330
2019-01-15,44.85380
2019-01-16,44.82720
2019-01-17,44.94850
2019-01-18,44.95740
2019-01-21,45.03360
2019-01-22,44.92910
2019-01-23,44.68160
2019-01-24,44.73950
2019-01-25,44.43490
2019-01-28,43.96480
2019-01-29,43.99940
2019-01-30,44.18920
2019-01-31,44.69000
2019-02-01,44.98690
2019-02-04,44.93690
2019-02-05,44.97500
2019-02-06,45.18550
2019-02-07,45.32020
2019-02-08,44.88540
2019-02-11,44.61930
2019-02-12,44.29040
2019-02-13,43.98470
2019-02-14,43.75850
2019-02-15,43.50240
2019-02-18,43.16330
2019-02-19,42.97530
2019-02-20,43.33910
2019-02-21,43.54690
2019-02-22,43.54540
2019-02-25,43.89090
2019-02-26,43.76280
2019-02-27,43.73750
2019-02-28,43.70670
2019-03-01,43.94610
2019-03-05,44.44650
2019-03-06,44.52600
2019-03-07,44.49150
2019-03-08,44.43050
2019-03-11,45.01020
2019-03-12,45.43130
2019-03-13,45.60200
2019-03-14,45.52390
2019-03-15,45.67890
2019-03-18,45.74400
2019-03-19,45.98230
2019-03-20,45.92590
2019-03-22,45.74090
2019-03-25,45.34340
2019-03-26,45.78710
2019-03-27,45.75310
2019-03-28,46.12680
2019-03-29,46.41880
2019-04-01,46.47590
2019-04-02,46.56060
2019-04-03,46.38750
2019-04-04,46.19040
2019-04-05,46.44630
2019-04-08,46.28590
2019-04-09,46.40820
2019-04-10,46.10850
2019-04-11,46.05390
2019-04-12,46.27720
2019-04-15,46.44570
2019-04-16,46.74960
2019-04-18,46.58870
2019-04-22,46.10310
2019-04-23,45.99230
2019-04-24,46.28410
2019-04-25,46.03780
2019-04-26,46.42490
2019-04-30,46.45600
2019-05-02,46.15510
2019-05-03,46.03280
2019-05-06,45.75140
2019-05-07,45.62630
2019-05-08,45.24800
2019-05-09,45.16560
2019-05-10,45.06880
2019-05-13,44.78720
2019-05-14,44.78820
2019-05-15,44.69080
2019-05-16,44.93240
2019-05-17,45.45100
2019-05-20,46.64880
2019-05-21,46.27220
2019-05-22,46.34610
2019-05-23,46.25720
2019-05-24,46.90300
2019-05-27,47.47840
2019-05-28,47.54580
2019-05-29,47.43050
2019-05-30,47.61960
2019-05-31,47.67920
2019-06-03,48.18820
2019-06-04,47.94780
2019-06-06,47.50820
2019-06-07,47.54100
2019-06-10,47.76220
2019-06-11,47.94230
2019-06-12,47.73410
2019-06-13,47.76910
2019-06-14,47.43730
2019-06-17,47.00220
2019-06-18,47.03680
2019-06-19,47.01000
2019-06-20,47.42580
2019-06-21,47.03730
2019-06-24,46.89420
2019-06-25,47.18060
2019-06-26,47.51430
2019-06-27,47.60650
2019-06-28,47.53980
2019-07-01,47.76830
2019-07-02,47.83590
2019-07-03,47.75950
2019-07-04,47.81670
2019-07-05,47.43860
2019-07-08,46.60230
2019-07-09,46.48100
2019-07-10,46.34580
2019-07-11,46.55300
2019-07-12,46.66580
2019-07-15,46.82170
2019-07-16,46.98450
2019-07-17,47.12850
2019-07-18,46.74580
2019-07-19,46.14890
2019-07-22,45.78420
2019-07-23,45.82900
2019-07-24,45.67690
2019-07-25,45.78340
2019-07-26,45.86990
2019-07-29,45.71930
2019-07-30,45.40480
2019-07-31,45.55300
2019-08-01,45.12520
2019-08-02,45.17340
2019-08-05,44.91560
2019-08-06,45.21360
2019-08-07,45.10360
2019-08-08,45.68420
2019-08-09,46.03120
2019-08-13,45.23820
2019-08-14,45.56710
2019-08-16,45.57460
2019-08-19,45.66330
2019-08-20,45.69800
2019-08-21,45.62710
2019-08-22,45.16700
2019-08-23,45.30590
2019-08-26,46.03210
2019-08-27,46.32030
2019-08-28,46.11600
2019-08-29,45.83670
2019-08-30,46.20270
2019-09-03,45.53330
2019-09-04,45.62760
2019-09-05,45.59160
2019-09-06,45.92950
2019-09-09,46.07840
2019-09-11,46.12750
2019-09-12,46.03740
2019-09-13,46.36730
2019-09-16,46.23930
2019-09-17,45.61560
2019-09-18,45.69000
2019-09-19,45.19480
2019-09-20,47.45040
2019-09-23,48.58560
2019-09-24,48.47930
2019-09-25,48.05500
2019-09-26,48.49440
2019-09-27,48.25250
2019-09-30,48.13280
2019-10-01,47.77020
2019-10-03,47.49980
2019-10-04,46.93970
2019-10-07,46.73760
2019-10-09,47.34520
2019-10-10,47.01380
2019-10-11,47.24940
2019-10-14,47.43600
2019-10-15,47.73960
2019-10-16,47.99130
2019-10-17,48.33460
2019-10-18,48.73050
2019-10-22,48.54090
2019-10-23,48.75390
2019-10-24,48.59220
2019-10-25,48.78750
2019-10-29,49.41840
2019-10-30,49.61220
2019-10-31,49.70330
2019-11-01,49.64680
2019-11-04,49.69050
2019-11-05,49.45550
2019-11-06,49.70430
2019-11-07,49.77240
2019-11-08,49.51360
2019-11-11,49.53300
2019-11-13,49.31480
2019-11-14,49.54200
2019-11-15,49.59740
2019-11-18,49.59880
2019-11-19,49.64290
2019-11-20,49.68290
2019-11-21,49.59320
2019-11-22,49.22630
2019-11-25,49.75350
2019-11-26,49.70830
2019-11-27,49.85550
2019-11-28,50.07690
2019-11-29,50.08430
2019-12-02,50.02770
2019-12-03,49.84870
2019-12-04,50.15470
2019-12-05,50.16840
2019-12-06,49.97480
2019-12-09,49.94330
2019-12-10,49.68820
2019-12-11,49.87570
2019-12-12,50.02490
2019-12-13,50.40790
2019-12-16,50.35160
2019-12-17,50.69030
2019-12-18,50.83490
2019-12-19,50.89790
2019-12-20,51.02100
2019-12-23,51.02720
2019-12-24,50.85710
2019-12-26,50.66720
2019-12-27,51.01200
2019-12-30,51.05960
2019-12-31,50.82050
2020-01-01,50.95850
2020-01-02,51.25990
2020-01-03,51.06750
2020-01-06,50.28320
2020-01-07,50.46720
2020-01-08,50.40400
2020-01-09,50.94920
2020-01-10,51.08670
2020-01-13,51.34380
2020-01-14,51.64280
2020-01-15,51.84240
2020-01-16,52.07240
2020-01-17,52.13280
2020-01-20,51.80280
2020-01-21,51.60780
2020-01-22,51.47060
2020-01-23,51.81880
2020-01-24,52.24130
2020-01-27,51.94000
2020-01-28,51.87450
2020-01-29,52.06740
2020-01-30,51.71240
2020-01-31,51.49060
2020-02-03,50.87420
2020-02-04,51.67010
2020-02-05,52.04460
2020-02-06,52.12570
2020-02-07,52.16660
2020-02-10,51.95730
2020-02-11,51.89610
2020-02-12,52.35420
2020-02-13,52.17390
2020-02-14,51.87110
2020-02-17,51.58390
2020-02-18,51.41290
2020-02-19,51.86990
2020-02-20,51.72300
2020-02-24,51.06160
2020-02-25,50.99870
2020-02-26,50.56020
2020-02-27,50.48930
2020-02-28,48.88940
2020-03-02,48.66970
2020-03-03,49.22230
2020-03-04,49.04790
2020-03-05,49.10220
2020-03-06,48.22530
2020-03-09,46.28700
2020-03-11,46.31770
2020-03-12,43.08480
2020-03-13,44.16830
2020-03-16,41.57460
2020-03-17,40.43950
2020-03-18,38.16610
2020-03-19,37.32370
2020-03-20,39.15280
2020-03-23,34.41010
2020-03-24,35.16920
2020-03-25,36.99030
2020-03-26,38.75200
2020-03-27,38.82410
2020-03-30,37.70160
2020-03-31,39.01680
2020-04-01,37.65070
2020-04-03,36.53680
2020-04-07,39.11700
2020-04-08,39.13510
2020-04-09,40.55050
2020-04-13,39.85330
2020-04-15,39.80590
2020-04-16,40.28450
2020-04-17,41.12210
2020-04-20,41.16500
2020-04-21,40.02360
2020-04-22,40.55450
2020-04-23,41.22030
2020-04-24,40.57310
2020-04-27,41.15010
2020-04-28,41.38500
2020-04-29,42.10490
2020-04-30,43.08310
2020-05-04,40.94040
2020-05-05,40.64930
2020-05-06,40.95960
2020-05-07,40.53750
2020-05-08,40.77630
2020-05-11,40.63650
2020-05-12,40.35620
2020-05-13,40.85910
2020-05-14,40.22950
2020-05-15,40.12040
2020-05-18,38.81080
2020-05-19,38.86110
2020-05-20,39.42470
2020-05-21,39.63210
2020-05-22,39.43570
2020-05-26,39.47070
2020-05-27,40.25560
2020-05-28,40.85100
2020-05-29,41.31210
2020-06-01,42.08220
2020-06-02,42.56800
2020-06-03,43.13210
2020-06-04,42.84120
2020-06-05,43.19600
2020-06-08,43.18020
2020-06-09,42.85490
2020-06-10,43.01320
2020-06-11,42.39440
2020-06-12,42.44450
2020-06-15,41.85130
2020-06-16,42.39800
2020-06-17,42.42110
2020-06-18,43.01820
2020-06-19,43.17160
2020-06-22,43.46680
2020-06-23,44.05900
2020-06-24,43.66150
2020-06-25,43.97760
2020-06-26,44.26950
2020-06-29,44.01600
2020-06-30,44.14410
2020-07-01,44.34830
2020-07-02,44.73420
2020-07-03,44.81890
2020-07-06,45.08760
2020-07-07,45.33140
2020-07-08,44.98720
2020-07-09,45.17370
2020-07-10,44.89860
2020-07-13,44.88360
2020-07-14,44.43350
2020-07-15,44.62710
2020-07-16,45.18610
2020-07-17,45.62810
2020-07-20,46.09980
2020-07-21,46.53390
2020-07-22,46.11510
2020-07-23,46.26340
2020-07-24,45.92600
2020-07-27,45.59060
2020-07-28,45.91520
2020-07-29,45.69950
2020-07-30,45.41360
2020-07-31,45.51510
2020-08-03,45.27370
2020-08-04,45.64710
2020-08-05,45.67610
2020-08-06,46.06950
2020-08-07,46.18550
2020-08-10,46.33420
2020-08-11,46.32410
2020-08-12,46.11240
2020-08-13,46.24500
2020-08-14,45.84530
2020-08-17,45.97470
2020-08-18,46.54690
2020-08-19,46.69260
2020-08-20,46.49170
2020-08-21,47.03660
2020-08-24,47.44760
2020-08-25,47.48770
2020-08-26,47.66630
2020-08-27,47.66880
2020-08-28,47.91970
2020-08-31,46.62160
2020-09-01,46.89420
2020-09-02,47.07880
2020-09-03,47.17850
2020-09-04,46.54510
2020-09-07,46.59390
2020-09-08,46.43180
2020-09-09,46.02110
2020-09-10,46.29630
2020-09-11,46.52790
2020-09-14,46.81950
2020-09-15,47.24100
2020-09-16,47.57440
2020-09-17,47.18280
2020-09-18,47.00630
2020-09-21,45.95300
2020-09-22,45.60510
2020-09-23,45.57820
2020-09-24,44.72830
2020-09-25,45.52630
2020-09-28,46.08170
2020-09-29,46.06910
2020-09-30,46.19050
2020-10-01,46.81620
2020-10-05,47.09760
2020-10-06,47.55720
2020-10-07,47.58220
2020-10-08,48.00960
2020-10-09,48.15070
2020-10-12,48.00470
2020-10-13,47.81620
2020-10-14,48.00310
2020-10-15,47.24270
2020-10-16,47.66100
2020-10-19,48.01400
2020-10-20,48.16150
2020-10-21,48.40480
2020-10-22,48.27560
2020-10-23,48.41960
2020-10-26,48.03560
2020-10-27,48.62040
2020-10-28,48.13910
2020-10-29,47.87010
2020-10-30,47.66510
2020-11-02,48.17970
2020-11-03,48.74790
2020-11-04,49.01820
2020-11-05,49.60180
2020-11-06,49.93650
2020-11-09,50.67150
2020-11-10,50.61540
2020-11-11,51.04360
2020-11-12,50.97250
2020-11-13,51.18680
2020-11-17,51.91300
2020-11-18,51.94950
2020-11-19,51.39700
2020-11-20,51.91900
2020-11-23,52.09560
2020-11-24,52.65790
2020-11-25,51.82390
2020-11-26,52.24270
2020-11-27,52.57220
2020-12-01,52.83960
2020-12-02,52.73340
2020-12-03,52.71290
2020-12-04,53.30070
2020-12-07,53.63280
2020-12-08,53.71570
2020-12-09,54.06080
2020-12-10,54.06440
2020-12-11,54.22810
2020-12-14,54.52310
2020-12-15,54.36380
2020-12-16,54.79760
2020-12-17,54.82520
2020-12-18,54.80630
2020-12-21,53.46390
2020-12-22,53.99130
2020-12-23,54.84260
2020-12-24,55.29090
2020-12-28,55.79850
2020-12-29,55.94700
2020-12-30,56.00280
2020-12-31,56.09060
2021-01-01,56.26420
2021-01-04,56.64110
2021-01-05,57.03090
2021-01-06,56.90860
2021-01-07,56.64540
2021-01-08,57.41740
2021-01-11,57.96380
2021-01-12,57.83930
2021-01-13,57.71990
2021-01-14,57.92720
2021-01-15,57.20310
2021-01-18,56.53170
2021-01-19,57.27170
2021-01-20,57.54120
2021-01-21,57.27730
2021-01-22,56.45250
2021-01-25,56.12260
2021-01-27,55.20020
2021-01-28,54.74510
2021-01-29,54.11790
2021-02-01,55.81330
2021-02-02,56.65610
2021-02-03,57.09420
2021-02-04,57.23360
2021-02-05,57.03960
2021-02-08,57.76000
2021-02-09,57.95090
2021-02-10,57.96030
2021-02-11,57.99580
2021-02-12,58.19960
2021-02-15,58.63150
2021-02-16,58.61260
2021-02-17,58.15380
2021-02-18,57.94990
2021-02-19,57.54530
2021-02-22,56.64770
2021-02-23,56.56860
2021-02-24,57.52170
2021-02-25,57.54940
2021-02-26,56.01650
2021-03-01,56.77320
2021-03-02,57.48670
2021-03-03,58.41380
2021-03-04,58.22440
2021-03-05,57.65170
2021-03-08,57.68180
2021-03-09,58.20050
2021-03-10,58.29690
2021-03-12,57.86930
2021-03-15,57.45720
2021-03-16,57.57780
2021-03-17,56.94500
2021-03-18,56.11970
2021-03-19,56.48380
2021-03-22,56.66090
2021-03-23,56.94360
2021-03-24,56.26170
2021-03-25,55.53530
2021-03-26,56.34400
2021-03-30,57.69260
2021-03-31,57.36980
2021-04-01,57.59840
2021-04-05,56.92460
2021-04-06,57.06780
2021-04-07,57.58970
2021-04-08,57.83220
2021-04-09,58.07550
2021-04-12,56.28640
2021-04-13,56.56800
2021-04-15,56.75850
2021-04-16,57.03940
2021-04-19,56.14190
2021-04-20,55.98220
2021-04-22,56.15190
2021-04-23,55.95610
2021-04-26,56.34100
2021-04-27,56.63930
2021-04-28,57.20400
2021-04-29,57.13520
2021-04-30,56.29610
2021-05-03,56.47530
2021-05-04,56.18600
2021-05-05,56.70970
2021-05-06,57.06460
2021-05-07,57.28050
2021-05-10,57.61890
2021-05-11,57.49160
2021-05-12,56.99290
2021-05-14,56.68520
2021-05-17,57.36110
2021-05-18,57.96480
2021-05-19,57.81730
2021-05-20,57.45160
2021-05-21,58.38380
2021-05-24,58.58500
2021-05-25,58.98300
2021-05-26,59.38070
2021-05-27,59.49270
2021-05-28,59.55620
2021-05-31,60.25250
2021-06-01,60.04730
2021-06-02,59.95070
2021-06-03,60.39720
2021-06-04,60.33460
2021-06-07,60.63250
2021-06-08,60.66640
2021-06-09,60.54090
2021-06-10,60.92420
2021-06-11,61.05320
2021-06-14,60.95830
2021-06-15,61.40520
2021-06-16,61.24610
2021-06-17,61.13020
2021-06-18,61.10670
2021-06-21,61.36380
2021-06-22,61.47790
2021-06-23,61.21780
2021-06-24,61.83080
2021-06-25,62.15240
2021-06-28,62.17710
2021-06-29,61.95960
2021-06-30,61.94220
2021-07-01,61.93380
2021-07-02,62.08130
2021-07-05,62.39660
2021-07-06,62.35590
2021-07-07,62.48640
2021-07-08,62.09850
2021-07-09,61.99160
2021-07-12,61.93260
2021-07-13,62.27860
2021-07-14,62.43920
2021-07-15,62.58790
2021-07-16,62.52260
2021-07-19,62.18310
2021-07-20,61.79090
2021-07-22,62.42420
2021-07-23,62.58510
2021-07-26,62.67450
2021-07-27,62.43330
2021-07-28,62.28690
2021-07-29,62.57010
2021-07-30,62.76240
2021-08-02,63.19080
2021-08-03,63.90240
2021-08-04,64.06400
2021-08-05,64.05690
2021-08-06,64.00190
2021-08-09,63.97460
2021-08-10,63.89660
2021-08-11,63.64420
2021-08-12,64.33160
2021-08-13,64.89340
2021-08-16,64.73380
2021-08-17,65.01370
2021-08-18,64.89670
2021-08-20,64.32450
2021-08-23,64.20190
2021-08-24,64.61350
2021-08-25,64.66710
2021-08-26,64.57300
2021-08-27,64.71310
2021-08-30,65.50390
2021-08-31,66.20600
2021-09-01,66.14780
2021-09-02,66.80410
2021-09-03,66.94260
2021-09-06,66.97810
2021-09-07,66.78460
2021-09-08,66.90270
2021-09-09,67.08810
2021-09-13,67.21820
2021-09-14,67.35790
2021-09-15,67.89170
2021-09-16,68.07870
2021-09-17,67.62150
2021-09-20,66.76590
2021-09-21,67.12640
2021-09-22,67.13210
2021-09-23,67.86060
2021-09-24,67.96000
2021-09-27,67.82440
2021-09-28,67.24030
2021-09-29,67.10520
2021-09-30,66.95600
2021-10-01,66.63710
2021-10-04,67.19910
2021-10-05,67.69660
2021-10-06,67.14160
2021-10-07,67.86420
2021-10-08,68.10820
2021-10-11,68.11960
2021-10-12,68.22230
2021-10-13,68.55000
2021-10-14,68.84470
2021-10-18,69.40780
2021-10-19,68.97040
2021-10-20,68.80810
2021-10-21,68.53060
2021-10-22,68.20410
2021-10-25,68.13980
2021-10-26,68.68750
2021-10-27,69.12040
2021-10-28,67.75420
2021-10-29,67.42420
2021-11-01,68.55600
2021-11-02,69.16940
2021-11-03,68.82040
2021-11-08,69.71220
2021-11-09,69.74690
2021-11-10,69.52630
2021-11-11,69.10390
2021-11-12,69.60730
2021-11-15,69.64750
2021-11-16,69.34960
2021-11-17,68.97120
2021-11-18,68.18950
2021-11-22,66.93890
2021-11-23,67.52630
2021-11-24,67.38040
2021-11-25,67.44700
2021-11-26,65.89780
2021-11-29,65.64790
2021-11-30,65.99180
2021-12-01,66.36830
2021-12-02,67.06920
2021-12-03,66.55480
2021-12-06,65.40320
2021-12-07,66.38840
2021-12-08,67.39580
2021-12-09,67.39800
2021-12-10,67.55030
2021-12-13,67.47460
2021-12-14,67.52390
2021-12-15,67.09030
2021-12-16,66.89100
2021-12-17,65.87820
2021-12-20,64.31830
2021-12-21,65.03570
2021-12-22,65.64260
2021-12-23,66.19160
2021-12-24,65.80810
2021-12-27,66.08730
2021-12-28,66.62670
2021-12-29,66.87240
2021-12-30,66.86570
2021-12-31,67.39870
2022-01-03,68.22900
2022-01-04,68.87790
2022-01-05,69.10900
2022-01-06,68.63770
2022-01-07,69.17400
2022-01-10,69.77440
2022-01-11,69.95630
2022-01-12,70.34550
2022-01-13,70.55010
2022-01-14,70.46320
2022-01-17,70.47530
2022-01-18,69.60910
2022-01-19,69.22770
2022-01-20,68.83640
2022-01-21,68.23860
2022-01-24,66.27820
2022-01-25,66.76920
2022-01-27,66.17980
2022-01-28,66.24420
2022-01-31,66.87750
2022-02-01,67.66810
2022-02-02,68.40230
2022-02-03,67.89510
2022-02-04,67.53850
2022-02-07,66.64880
2022-02-08,66.44060
2022-02-09,67.08720
2022-02-10,67.29670
2022-02-11,66.27990
2022-02-14,64.19580
2022-02-15,65.86230
2022-02-16,65.76750
2022-02-17,65.59530
2022-02-18,65.45440
2022-02-21,64.90260
2022-02-22,64.30810
2022-02-23,64.45710
2022-02-24,61.39230
2022-02-25,63.23130
2022-02-28,63.42020
2022-03-02,62.77510
2022-03-03,62.36810
2022-03-04,61.23590
2022-03-07,59.89870
2022-03-08,60.49300
2022-03-09,61.33950
2022-03-10,62.11310
2022-03-11,62.16810
2022-03-14,62.93590
2022-03-15,62.38040
2022-03-16,63.38480
2022-03-17,64.33160
2022-03-21,63.87030
2022-03-22,64.17940
2022-03-23,64.00330
2022-03-24,63.78860
2022-03-25,63.60600
2022-03-28,63.53010
2022-03-29,63.95990
2022-03-30,64.62390
2022-03-31,64.79570
2022-04-01,65.42430
2022-04-04,66.65040
2022-04-05,66.57000
2022-04-06,66.24410
2022-04-07,65.93150
2022-04-08,66.32870
2022-04-11,66.18150
2022-04-12,65.60730
2022-04-13,65.39560
2022-04-18,64.16080
2022-04-19,63.13500
2022-04-20,63.57550
2022-04-21,64.40670
2022-04-22,63.78130
2022-04-25,63.19370
2022-04-26,63.63330
2022-04-27,63.21590
2022-04-28,64.07090
2022-04-29,63.62470
2022-05-02,63.34740
2022-05-04,62.15520
2022-05-05,62.43860
2022-05-06,61.54540
2022-05-09,60.99890
2022-05-10,60.42030
2022-05-11,60.19550
2022-05-12,59.07550
2022-05-13,59.00030
2022-05-16,59.27330
2022-05-17,60.68850
2022-05-18,60.64970
2022-05-19,59.05940
2022-05-20,60.33550
2022-05-23,60.42800
2022-05-24,60.14910
2022-05-25,59.42570
2022-05-26,60.20370
2022-05-27,60.92770
2022-05-30,62.05690
2022-05-31,62.02440
2022-06-01,61.95960
2022-06-02,62.10700
2022-06-03,61.80060
2022-06-06,61.64940
2022-06-07,60.88620
2022-06-08,60.68770
2022-06-09,61.03000
2022-06-10,60.30750
2022-06-13,58.80270
2022-06-14,58.76050
2022-06-15,58.77980
2022-06-16,57.44180
2022-06-17,56.91740
2022-06-20,56.83620
2022-06-21,57.97810
2022-06-22,57.43310
2022-06-23,58.14980
2022-06-24,58.71550
2022-06-27,59.28390
2022-06-28,59.27870
2022-06-29,58.96140
2022-06-30,58.89550
2022-07-01,59.19340
2022-07-04,59.83030
2022-07-05,59.70440
2022-07-06,60.60080
2022-07-07,61.19790
2022-07-08,61.42610
2022-07-11,61.32860
2022-07-12,60.69980
2022-07-13,60.50990
2022-07-14,60.42180
2022-07-15,60.84670
2022-07-18,61.73920
2022-07-19,62.01160
2022-07-20,62.37100
2022-07-21,62.89180
2022-07-22,63.26060
2022-07-25,63.21630
2022-07-26,62.37390
2022-07-27,62.91210
2022-07-28,63.49930
2022-07-29,64.09670
2022-08-01,64.74230
2022-08-02,64.94590
2022-08-03,64.91850
2022-08-04,64.80940
2022-08-05,65.05910
2022-08-08,65.41460
2022-08-10,65.60880
2022-08-11,66.15900
2022-08-12,66.42490
2022-08-16,66.87330
2022-08-17,67.15690
2022-08-18,67.17160
2022-08-19,66.36090
2022-08-22,65.32760
2022-08-23,65.69150
2022-08-24,65.99370
2022-08-25,65.84020
2022-08-26,66.01370
2022-08-29,65.25470
2022-08-30,66.65540
2022-09-01,66.52590
2022-09-02,66.49410
2022-09-05,66.76740
2022-09-06,66.70580
2022-09-07,66.70870
2022-09-08,67.38430
2022-09-09,67.45960
2022-09-12,67.88000
2022-09-13,68.17890
2022-09-14,67.95640
2022-09-15,67.81640
2022-09-16,66.37950
2022-09-19,66.56730
2022-09-20,67.43020
2022-09-21,67.14330
2022-09-22,67.38010
2022-09-23,66.01870
2022-09-26,64.46020
2022-09-27,64.62480
2022-09-28,64.38610
2022-09-29,64.64360
2022-09-30,65.66410
2022-10-03,65.09980
2022-10-04,66.32250
2022-10-06,66.77280
2022-10-07,66.92420
2022-10-10,66.55870
2022-10-11,65.71030
2022-10-12,66.07230
2022-10-13,65.58470
2022-10-14,65.76150
2022-10-17,66.08750
2022-10-18,66.69450
2022-10-19,66.73310
2022-10-20,66.81090
2022-10-21,66.72160
2022-10-25,67.05800
2022-10-27,67.15500
2022-10-28,66.79600
2022-10-31,67.41650
2022-11-01,67.58750
2022-11-02,67.18050
2022-11-03,67.13530
2022-11-04,66.82570
2022-11-07,67.01980
2022-11-09,66.74520
2022-11-10,65.99600
2022-11-11,66.54710
2022-11-14,66.39770
2022-11-15,66.95170
2022-11-16,66.78300
2022-11-17,66.69060
2022-11-18,66.21810
2022-11-21,66.16570
2022-11-22,66.24910
2022-11-23,66.62370
2022-11-24,66.98310
2022-11-25,67.19040
2022-11-28,67.39850
2022-11-29,67.27810
2022-11-30,67.71210
2022-12-01,67.96810
2022-12-02,67.75590
2022-12-05,67.73910
2022-12-06,67.43640
2022-12-07,67.29270
2022-12-08,67.68460
2022-12-09,67.21740
2022-12-12,67.25320
2022-12-13,67.79550
2022-12-14,67.99930
2022-12-15,67.44010
2022-12-16,66.56640
2022-12-19,67.19240
2022-12-20,67.01600
2022-12-21,65.89920
2022-12-22,65.05840
2022-12-23,63.43400
2022-12-26,64.80950
2022-12-27,65.28870
2022-12-28,65.44290
2022-12-29,65.61350
2022-12-30,65.66270
2023-01-02,66.00910
2023-01-03,66.15490
2023-01-04,65.55460
2023-01-05,65.20540
2023-01-06,64.71080
2023-01-09,65.32570
2023-01-10,64.97070
2023-01-11,64.80660
2023-01-12,64.89600
2023-01-13,65.10960
2023-01-16,64.67780
2023-01-17,64.82870
2023-01-18,64.99140
2023-01-19,64.89590
2023-01-20,64.64510
2023-01-23,64.71490
2023-01-24,64.60720
2023-01-25,63.90280
2023-01-27,62.96700
2023-01-30,63.09930
2023-01-31,64.11990
2023-02-01,64.17120
2023-02-02,64.53220
2023-02-03,64.96600
2023-02-06,64.97580
2023-02-07,65.05130
2023-02-08,65.38240
2023-02-09,65.56400
2023-02-10,65.91310
2023-02-13,65.19480
2023-02-14,65.35470
2023-02-15,65.69560
2023-02-16,66.18940
2023-02-17,65.99410
2023-02-20,65.63170
2023-02-21,65.34490
2023-02-22,64.55550
2023-02-23,64.55340
2023-02-24,64.38540
2023-02-27,63.82430
2023-02-28,63.85870
2023-03-01,64.53430
2023-03-02,63.95730
2023-03-03,64.42860
2023-03-06,64.82580
2023-03-08,65.08590
2023-03-09,64.70910
2023-03-10,64.21770
2023-03-13,62.91620
2023-03-14,62.53090
2023-03-15,62.59800
2023-03-16,62.40130
2023-03-17,63.00870
2023-03-20,62.56180
2023-03-21,62.89940
2023-03-22,63.07580
2023-03-23,62.98690
2023-03-24,62.52030
2023-03-27,62.07980
2023-03-28,62.14640
2023-03-29,62.95110
2023-03-31,63.87760
2023-04-03,63.90360
2023-04-05,64.31060
2023-04-06,64.42680
2023-04-10,64.50790
2023-04-11,64.94220
2023-04-12,65.22560
2023-04-13,65.43760
2023-04-17,65.10270
2023-04-18,65.00260
2023-04-19,64.79980
2023-04-20,65.13280
2023-04-21,65.06620
2023-04-24,65.47980
2023-04-25,65.44350
2023-04-26,65.76660
2023-04-27,66.13640
2023-04-28,66.40840
2023-05-02,66.80950
2023-05-03,66.92380
2023-05-04,67.52550
2023-05-05,67.04470
2023-05-08,67.99000
2023-05-09,67.80520
2023-05-10,67.86770
2023-05-11,68.09990
2023-05-12,68.40030
2023-05-15,68.72850
2023-05-16,68.81080
2023-05-17,68.73460
2023-05-18,68.60550
2023-05-19,68.84300
2023-05-22,69.10210
2023-05-23,69.10340
2023-05-24,69.05980
2023-05-25,69.37850
2023-05-26,69.91340
2023-05-29,69.88760
2023-05-30,70.08010
2023-05-31,70.11100
2023-06-01,70.13610
2023-06-02,70.38690
2023-06-05,70.69260
2023-06-06,70.82360
2023-06-07,71.33680
2023-06-08,70.73370
2023-06-09,70.76130
2023-06-12,70.80740
2023-06-13,71.24560
2023-06-14,71.22280
2023-06-15,71.35630
2023-06-16,71.92820
2023-06-19,71.75780
2023-06-20,71.76650
2023-06-21,71.75910
2023-06-22,71.33840
2023-06-23,70.89330
2023-06-26,71.10410
2023-06-27,71.53260
2023-06-28,72.00220
2023-06-30,72.73010
2023-07-03,73.08310
2023-07-04,73.18830
2023-07-05,73.39390
2023-07-06,73.78940
2023-07-07,73.60120
2023-07-10,73.28080
2023-07-11,73.71120
2023-07-12,73.90830
2023-07-13,73.77410
2023-07-14,74.19880
2023-07-17,74.65870
2023-07-18,74.60430
2023-07-19,75.21640
2023-07-20,75.41230
2023-07-21,74.67710
2023-07-24,75.05490
2023-07-25,75.32460
2023-07-26,75.36620
2023-07-27,75.11860
2023-07-28,75.06350
2023-07-31,75.73580
2023-08-01,75.88630
2023-08-02,75.10630
2023-08-03,74.79260
2023-08-04,75.14630
2023-08-07,75.26100
2023-08-08,75.33870
2023-08-09,75.48890
2023-08-10,75.20060
2023-08-11,74.99410
2023-08-14,74.81230
2023-08-16,74.79640
2023-08-17,74.83970
2023-08-18,74.85930
2023-08-21,75.26810
2023-08-22,75.45610
2023-08-23,76.11600
2023-08-24,76.18120
2023-08-25,75.86140
2023-08-28,76.18040
2023-08-29,76.42080
2023-08-30,76.60870
2023-08-31,76.67430
2023-09-01,77.21290
2023-09-04,77.63790
2023-09-05,77.80190
2023-09-06,77.74210
2023-09-07,78.00730
2023-09-08,78.42340
2023-09-11,79.00270
2023-09-12,78.05590
2023-09-13,78.30470
2023-09-14,78.71620
2023-09-15,78.82320
2023-09-18,78.67930
2023-09-20,77.93890
2023-09-21,77.17430
2023-09-22,77.10850
2023-09-25,77.20850
2023-09-26,77.18200
2023-09-27,77.48600
2023-09-29,77.56020
2023-10-03,77.64210
2023-10-04,77.01100
2023-10-05,77.51030
2023-10-06,77.88300
2023-10-09,77.00830
2023-10-10,77.87630
2023-10-11,78.26060
2023-10-12,78.47120
2023-10-13,78.27820
2023-10-16,78.39140
2023-10-17,78.72270
2023-10-18,78.01030
2023-10-19,77.83590
2023-10-20,77.24790
2023-10-23,75.68760
2023-10-25,75.10290
2023-10-26,74.39380
2023-10-27,75.21500
2023-10-30,75.35070
2023-10-31,75.38100
2023-11-01,75.15360
2023-11-02,75.71580
2023-11-03,76.13740
2023-11-06,76.77250
2023-11-07,76.91590
2023-11-08,77.11380
2023-11-09,77.16290
2023-11-10,77.21230
2023-11-13,77.40010
2023-11-15,78.23440
2023-11-16,78.40480
2023-11-17,78.05230
2023-11-20,78.11230
2023-11-21,78.31610
2023-11-22,78.11230
2023-11-23,78.48000
2023-11-24,78.43500
2023-11-28,78.61640
2023-11-29,79.19960
2023-11-30,79.61750
2023-12-01,80.06850
2023-12-04,81.35200
2023-12-05,81.83780
2023-12-06,82.07820
2023-12-07,82.12140
2023-12-08,82.13430
2023-12-11,82.41910
2023-12-12,82.00170
2023-12-13,82.23880
2023-12-14,83.06550
2023-12-15,83.57700
2023-12-18,83.71950
2023-12-19,83.72240
2023-12-20,81.96080
2023-12-21,82.53050
2023-12-22,82.87070
2023-12-26,82.95790
2023-12-27,83.40680
2023-12-28,83.83260
2023-12-29,84.55880
2024-01-01,84.90690
2024-01-02,84.83740
2024-01-03,84.68090
2024-01-04,85.33110
2024-01-05,85.47020
2024-01-08,84.57850
2024-01-09,84.40010
2024-01-10,84.67300
2024-01-11,84.80100
2024-01-12,85.19940
2024-01-15,85.67640
2024-01-16,85.24880
2024-01-17,83.81910
2024-01-18,83.91420
2024-01-19,84.59560
2024-01-23,82.72640
2024-01-24,83.44940
2024-01-25,83.03690
2024-01-29,83.85730
2024-01-30,83.47230
2024-01-31,84.87770
2024-02-01,84.83650
2024-02-02,84.84060
2024-02-05,84.34310
2024-02-06,85.04230
2024-02-07,85.80310
2024-02-08,85.11990
2024-02-09,85.36740
2024-02-12,84.00160
2024-02-13,84.39290
2024-02-14,85.00640
2024-02-15,85.56640
2024-02-16,85.90940
2024-02-19,86.24520
2024-02-20,86.37530
2024-02-21,86.06280
2024-02-22,86.45800
2024-02-23,86.47570
2024-02-26,86.27340
2024-02-27,86.15450
2024-02-28,85.09530
2024-02-29,85.41850
2024-03-01,86.17720
2024-03-04,86.38060
2024-03-05,86.41690
2024-03-06,86.17340
2024-03-07,86.49940
2024-03-11,85.68940
2024-03-12,84.95320
2024-03-13,82.92140
2024-03-14,83.98690
2024-03-15,83.85340
2024-03-18,84.05860
2024-03-19,83.25380
2024-03-20,83.32240
2024-03-21,84.43230
2024-03-22,84.79980
2024-03-26,84.73100
2024-03-27,85.09710
2024-03-28,85.81690
2024-03-31,85.80270
2024-04-01,87.01990
2024-04-02,87.51210
2024-04-03,87.61850
2024-04-04,87.78330
2024-04-05,88.21950
2024-04-08,88.48190
2024-04-09,88.22540
2024-04-10,88.77590
2024-04-12,87.91890
2024-04-15,86.92630
2024-04-16,86.98760
2024-04-18,86.54530
2024-04-19,86.79130
2024-04-22,87.72650
2024-04-23,88.06750
2024-04-24,88.37460
2024-04-25,88.49770
2024-04-26,88.41880
2024-04-29,89.04870
2024-04-30,89.24610
2024-05-02,89.02510
2024-05-03,88.97760
2024-05-06,88.83630
2024-05-07,88.53850
2024-05-08,88.51340
2024-05-09,87.27800
2024-05-10,87.86460
2024-05-13,88.10060
2024-05-14,88.75030
2024-05-15,88.96450
2024-05-16,89.94250
2024-05-17,90.67120
2024-05-21,91.08190
2024-05-22,91.09030
2024-05-23,91.54620
2024-05-24,91.40150
2024-05-27,92.06050
2024-05-28,91.84670
2024-05-29,91.37150
2024-05-30,90.48390
2024-05-31,90.63840
2024-06-03,92.10860
2024-06-04,87.82400
2024-06-05,91.57150
2024-06-06,93.20630
2024-06-07,94.81060
2024-06-10,95.21340
2024-06-11,95.50860
2024-06-12,95.98400
2024-06-13,96.42840
2024-06-14,96.97930
2024-06-18,97.61450
2024-06-19,97.75700
2024-06-20,98.59320
2024-06-21,98.50960
2024-06-24,98.56900
2024-06-25,99.20510
2024-06-26,99.58760
2024-06-27,99.39090
2024-06-28,99.13830
2024-07-01,100.45550
2024-07-02,100.44390
2024-07-03,101.19840
2024-07-04,101.17310
2024-07-05,101.42590
2024-07-08,101.10150
2024-07-09,101.22090
2024-07-10,100.41780
2024-07-11,100.89310
2024-07-12,101.13950
2024-07-15,101.66800
2024-07-16,101.54820
2024-07-18,101.58470
2024-07-19,99.57560
2024-07-22,100.09210
2024-07-23,100.28880
2024-07-24,101.21720
2024-07-25,101.30320
2024-07-26,102.67490
2024-07-29,102.80600
2024-07-30,103.13990
2024-07-31,103.70100
2024-08-01,103.29280
2024-08-02,102.70070
2024-08-05,99.38330
2024-08-06,99.13860
2024-08-07,100.78430
2024-08-08,100.08930
2024-08-09,100.87880
2024-08-12,101.32810
2024-08-13,99.48370
2024-08-14,99.11170
2024-08-16,100.37230
2024-08-19,101.13170
2024-08-20,101.55660
2024-08-21,102.40690
2024-08-22,103.14540
2024-08-23,102.96320
2024-08-26,103.53920
2024-08-27,103.98350
2024-08-28,103.52280
2024-08-29,103.26520
2024-08-30,103.69050
2024-09-02,103.71060
2024-09-03,104.06460
2024-09-04,104.34770
2024-09-05,104.89370
2024-09-06,104.32370
2024-09-09,104.17060
2024-09-10,105.40160
2024-09-11,105.20040
2024-09-12,106.40720
2024-09-13,106.60590
2024-09-16,106.24840
2024-09-17,106.20550
2024-09-18,105.87050
2024-09-19,105.36820
2024-09-20,106.47750
2024-09-23,107.21130
2024-09-24,107.25550
2024-09-25,107.23270
2024-09-26,107.40210
2024-09-27,107.43690
2024-09-30,106.80580
2024-10-01,107.08500
2024-10-03,104.52590
2024-10-04,103.50840
2024-10-07,100.94140
2024-10-08,102.61690
2024-10-09,103.14710
2024-10-10,103.46220
2024-10-11,104.34560
2024-10-14,104.87890
2024-10-15,105.26370
2024-10-16,105.38710
2024-10-17,104.00150
2024-10-18,103.98880
2024-10-21,102.90830
2024-10-22,99.94550
2024-10-23,100.55170
2024-10-24,100.55700
2024-10-25,98.60920
2024-10-28,99.29140
2024-10-29,99.98290
2024-10-30,100.47850
2024-10-31,100.75770
2024-11-04,100.16360
2024-11-05,100.50980
2024-11-06,102.48740
2024-11-07,101.67240
2024-11-08,100.92920
2024-11-11,100.53350
2024-11-12,98.49900
2024-11-13,96.47470
2024-11-14,96.61930
2024-11-18,96.35900
2024-11-19,97.13990
2024-11-21,96.54340
2024-11-22,98.09260
2024-11-25,99.36350
2024-11-26,99.70170
2024-11-27,100.41670
2024-11-28,100.37970
2024-11-29,101.59700
2024-12-02,102.39930
2024-12-03,103.48170
2024-12-04,103.66000
2024-12-05,104.15580
2024-12-06,104.35980
2024-12-09,104.06550
2024-12-10,104.28820
2024-12-11,104.42560
2024-12-12,103.48770
2024-12-13,103.57430
2024-12-16,103.97490
2024-12-17,103.65020
2024-12-18,102.29440
2024-12-19,101.84270
2024-12-20,99.88170
2024-12-23,100.07410
2024-12-24,100.41530
2024-12-26,100.28900
2024-12-27,100.54240
2024-12-30,100.03090
2024-12-31,100.43290
2025-01-01,101.00920
2025-01-02,102.56700
2025-01-03,102.22470
2025-01-06,99.91000
2025-01-07,101.11120
2025-01-08,100.59410
2025-01-09,99.57020
2025-01-10,97.71320
2025-01-13,94.60240
2025-01-14,96.08840
2025-01-15,96.36590
2025-01-16,97.24280
2025-01-17,96.90950
2025-01-20,97.75220
2025-01-21,96.38540
2025-01-22,95.52370
2025-01-23,95.73970
2025-01-24,93.94070
2025-01-27,91.27860
2025-01-28,90.54880
2025-01-29,92.78890
2025-01-30,92.60940
2025-01-31,94.03670
2025-02-03,93.47610
2025-02-04,94.48810
2025-02-05,95.15880
2025-02-06,94.82630
2025-02-07,94.23350
2025-02-10,92.77660
2025-02-11,90.09190
2025-02-12,89.96560
2025-02-13,89.93050
2025-02-14,87.27210
2025-02-17,87.21460
2025-02-18,86.40770
2025-02-19,87.53110
2025-02-20,87.93030
2025-02-21,87.46270
2025-02-24,86.24130
2025-02-25,86.05100
2025-02-27,84.92800
2025-02-28,82.97950
2025-03-03,82.14280
2025-03-04,82.63180
2025-03-05,84.22730
2025-03-06,85.27390
2025-03-07,85.53660
2025-03-10,83.95660
2025-03-11,83.51780
2025-03-12,83.27670
2025-03-13,82.89100
2025-03-17,82.76560
2025-03-18,84.59330
2025-03-19,86.20000
2025-03-20,86.68810
2025-03-21,88.49520
2025-03-24,89.29980
2025-03-25,88.30510
2025-03-26,87.03120
2025-03-27,87.60620
2025-03-28,87.24580
2025-03-31,87.23140
2025-04-01,87.15070
2025-04-02,88.12560
2025-04-03,88.71260
2025-04-04,86.41930
2025-04-07,82.97520
2025-04-08,84.59360
2025-04-09,84.13970
2025-04-11,86.17410
2025-04-15,88.57980
2025-04-16,88.68250
2025-04-17,89.29760
2025-04-21,90.65350
2025-04-22,90.99990
2025-04-23,91.17840
2025-04-24,90.50610
2025-04-25,88.76910
2025-04-28,88.99200
2025-04-29,88.82350
2025-04-30,87.94290
2025-05-02,87.72740
2025-05-05,88.69760
2025-05-06,87.20340
2025-05-07,88.22610
2025-05-08,87.08740
2025-05-09,86.42160
2025-05-12,89.73940
2025-05-13,89.86440
2025-05-14,90.77650
2025-05-15,91.83450
2025-05-16,92.21620
2025-05-19,92.22680
2025-05-20,91.58250
2025-05-21,92.01410
2025-05-22,91.86660
2025-05-23,92.64720
2025-05-26,93.43650
2025-05-27,93.43810
2025-05-28,93.25070
2025-05-29,93.33010
2025-05-30,93.15690
2025-06-02,92.79270
2025-06-03,92.39540
2025-06-04,92.65150
2025-06-05,92.92230
2025-06-06,93.77350
2025-06-09,95.01920
2025-06-10,95.65550
2025-06-11,96.16230
2025-06-12,94.85730
2025-06-13,94.44100
2025-06-16,95.23410
2025-06-17,94.90240
2025-06-18,94.44810
2025-06-19,93.22640
2025-06-20,93.97010
2025-06-23,94.21330
2025-06-24,95.18410
2025-06-25,96.36070
2025-06-26,96.43060
2025-06-27,96.97970
2025-06-30,97.19390
2025-07-01,97.17730
2025-07-02,96.90070
2025-07-03,96.84700
2025-07-04,97.57550
2025-07-07,97.35790
2025-07-08,97.77190
2025-07-09,98.19730
2025-07-10,98.40010
2025-07-11,98.44230
2025-07-14,98.85610
2025-07-15,99.56520
2025-07-16,99.71120
2025-07-17,99.76450
2025-07-18,98.95220
2025-07-21,99.13990
2025-07-22,99.34990
2025-07-23,99.38900
2025-07-24,98.78030
2025-07-25,97.27820
2025-07-28,96.60650
2025-07-29,97.16660
2025-07-30,97.46100
2025-07-31,97.34010
2025-08-01,96.32330
2025-08-04,96.74940
2025-08-05,96.36530
2025-08-06,95.70480
2025-08-07,96.13310
2025-08-08,94.96190
2025-08-11,95.59510
2025-08-12,95.46180
2025-08-13,95.86760
2025-08-14,95.88400
2025-08-18,97.21390
2025-08-19,98.00420
2025-08-20,98.40510
2025-08-21,98.63770
2025-08-22,98.72660
2025-08-25,98.99620
2025-08-26,97.83840
2025-08-28,96.66000
2025-08-29,96.85760
2025-09-01,98.13600
2025-09-02,98.54130
2025-09-03,99.28140
2025-09-04,99.11310
2025-09-05,99.06150
2025-09-08,99.18640
2025-09-09,99.35220
2025-09-10,100.05320
2025-09-11,100.27630
2025-09-12,100.87510
2025-09-15,101.16420
2025-09-16,101.85320
2025-09-17,102.22450
2025-09-18,102.57810
2025-09-19,102.54810
2025-09-22,101.66990
2025-09-23,101.49250
2025-09-24,101.08120
2025-09-25,100.41120
2025-09-26,98.79700
2025-09-30,98.76300
2025-10-01,100.24130
2025-10-03,101.12560
2025-10-06,101.60910
2025-10-07,101.55100
2025-10-08,101.18930
2025-10-09,101.43160
2025-10-10,101.54350
2025-10-13,101.30810
2025-10-14,100.75050
2025-10-15,101.29990
2025-10-16,101.95140
2025-10-17,101.67800
2025-10-20,102.70960
2025-10-23,103.16680
2025-10-24,102.85720
2025-10-27,103.41760
2025-10-28,103.45830
2025-10-29,103.81560
2025-10-30,103.64110
2025-10-31,103.05940
2025-11-03,104.09640
2025-11-04,103.60580
2025-11-06,102.54770
2025-11-07,102.47810
2025-11-10,102.74460
2025-11-11,103.38700
2025-11-12,103.89970
2025-11-13,103.70700
2025-11-14,104.01450
2025-11-17,104.56310
2025-11-18,103.78080
2025-11-19,103.84650
2025-11-20,103.81030
2025-11-21,103.04420
2025-11-24,102.74630
2025-11-25,102.87750
2025-11-26,104.01080
2025-11-27,103.68690
2025-11-28,103.44580
2025-12-01,103.37290
2025-12-02,102.86670
2025-12-03,102.48010
2025-12-04,102.23690
2025-12-05,102.07180
2025-12-08,100.10160
2025-12-09,100.48000
2025-12-10,99.95180
2025-12-11,100.34880
2025-12-12,101.18360
2025-12-15,101.20280
2025-12-16,100.53710
2025-12-17,100.14310
2025-12-18,100.20990
2025-12-19,101.43510
2025-12-22,102.20420
2025-12-23,102.67080
2025-12-24,102.34580
2025-12-26,101.96000
2025-12-29,101.44700
2025-12-30,101.27350
2025-12-31,102.41570
2026-01-01,102.54300
2026-01-02,102.97930
2026-01-05,103.27400
2026-01-06,102.87570
2026-01-07,102.84100
2026-01-08,101.52750
2026-01-09,100.35370
2026-01-12,100.09030
2026-01-13,100.34450
2026-01-14,100.13430
2026-01-16,100.38620
2026-01-19,99.75910
2026-01-20,97.43180
2026-01-21,96.75630
2026-01-22,98.11400
2026-01-23,96.49910
2026-01-27,96.40370
2026-01-28,97.39680
2026-01-29,97.07180
2026-01-30,97.94580
2026-02-02,96.75720
2026-02-03,99.78930
2026-02-04,99.85640
2026-02-05,99.03750
2026-02-06,99.11610
2026-02-09,100.58900
2026-02-10,100.62860
2026-02-11,100.41300
2026-02-12,99.97440
2026-02-13,98.65410
2026-02-16,98.98630
2026-02-17,99.40800
2026-02-18,99.85150
2026-02-19,98.51630
2026-02-20,98.67150
2026-02-23,99.03090
2026-02-24,97.96680
2026-02-25,98.37140
2026-02-26,98.67430
2026-02-27,97.17020
2026-03-02,95.57270
2026-03-04,93.93480
2026-03-05,94.87750
2026-03-06,94.38150
2026-03-09,92.41490
2026-03-10,93.97960
2026-03-11,92.90060
2026-03-12,92.26340
2026-03-13,90.11230
2026-03-16,90.14550
2026-03-17,90.80150
2026-03-18,92.34880
2026-03-19,89.75920
2026-03-20,89.80330
2026-03-23,86.79600
2026-03-24,88.77590
2026-03-25,90.57090
2026-03-27,88.78720
2026-03-30,86.89700
2026-03-31,86.89270
2026-04-01,88.70430
2026-04-02,88.74770
2026-04-06,89.84300
2026-04-07,89.90850
2026-04-08,93.20720
2026-04-09,92.94060
2026-04-10,94.32120
2026-04-13,93.73260
2026-04-15,95.19730
2026-04-16,95.47430
2026-04-17,96.10910
2026-04-20,96.17670
2026-04-21,96.77670
2026-04-22,96.27110
2026-04-23,95.74570
2026-04-24,94.84890
2026-04-27,95.58850
2026-04-28,94.79710
2026-04-29,95.32620
2026-04-30,94.63670
2026-05-04,95.45080
2026-05-05,95.69300
2026-05-06,97.36940
2026-05-07,98.19970
2026-05-08,98.09560
2026-05-11,97.09940
2026-05-12,94.69360
2026-05-13,94.36510
2026-05-14,95.30820
2026-05-15,95.43470
2026-05-18,94.86300
2026-05-19,95.46310
2026-05-20,95.95740
2026-05-21,96.53470
2026-05-22,96.66390
2026-05-25,97.93730
2026-05-26,97.79900
2026-05-27,98.17050
2026-05-29,97.16580
2026-06-01,96.06100
2026-06-02,95.95940
2026-06-03,95.60530
2026-06-04,96.02640
2026-06-05,96.25090
2026-06-08,94.67360
2026-06-09,95.83450
2026-06-10,95.04920
2026-06-11,94.71760
2026-06-12,96.97950
2026-06-15,99.16570
2026-06-16,99.22100
2026-06-17,99.87270
2026-06-18,100.53780
2026-06-19,101.31000
2026-06-22,101.74940
2026-06-23,101.54470
2026-06-24,102.12410
2026-06-25,102.24670
2026-06-29,102.16400
2026-06-30,102.64910
2026-07-01,103.02750
2026-07-02,103.87100
2026-07-03,103.74820
2026-07-06,104.50820
2026-07-07,104.45090
2026-07-08,102.36470
2026-07-09,103.96190
2026-07-10,105.17910
2026-07-13,104.73780
2026-07-14,103.94390
2026-07-15,104.65220
2026-07-16,104.17130
2026-07-17,103.62520
2026-07-20,104.27640
2026-07-21,104.56420
2026-07-22,103.41620
2026-07-23,102.57510
2026-07-24,102.11610
2026-07-27,103.81630
2026-07-28,103.50340
2026-07-29,104.20480
2026-07-30,104.03730
2026-07-31,104.94290
2026-08-03,106.46870
2026-08-04,106.65940
2026-08-05,107.29170
2026-08-06,108.13630
2026-08-07,108.20310
2026-08-10,108.93840
2026-08-11,109.03120
2026-08-12,109.31650
2026-08-13,109.46650
2026-08-14,109.24970
2026-08-17,108.94050
2026-08-18,109.07380
2026-08-19,108.53480
2026-08-20,109.37440
2026-08-21,109.06510
2026-08-24,108.50440
2026-08-25,108.95800
2026-08-26,109.04420
2026-08-27,109.16720
2026-08-28,108.98840
2026-08-31,109.69110
2026-09-01,108.23940
2026-09-02,107.46250
2026-09-03,107.95380
2026-09-04,107.24690
2026-09-07,107.02880
2026-09-08,107.26880
