Date,NAV
2006-04-02,33.66000
2006-04-03,33.66000
2006-04-04,33.99000
2006-04-05,34.20000
2006-04-07,33.83000
2006-04-10,33.96000
2006-04-12,33.50000
2006-04-13,33.04000
2006-04-17,33.21000
2006-04-18,33.54000
2006-04-19,33.66000
2006-04-20,33.64000
2006-04-21,33.55000
2006-04-24,33.77000
2006-04-25,33.46000
2006-04-26,33.81000
2006-04-27,33.74000
2006-04-28,33.88000
2006-05-02,34.35000
2006-05-03,34.40000
2006-05-04,34.46000
2006-05-05,34.44000
2006-05-08,34.48000
2006-05-09,34.43000
2006-05-10,34.83000
2006-05-11,34.65000
2006-05-12,34.62000
2006-05-15,33.57000
2006-05-16,33.55000
2006-05-17,34.73000
2006-05-18,33.08000
2006-05-19,32.03000
2006-05-22,30.35000
2006-05-23,30.78000
2006-05-24,30.55000
2006-05-25,30.56000
2006-05-26,30.99000
2006-05-29,31.43000
2006-05-30,31.41000
2006-05-31,30.86000
2006-06-01,30.20000
2006-06-02,30.08000
2006-06-05,29.78000
2006-06-06,28.80000
2006-06-07,27.20000
2006-06-08,24.80000
2006-06-09,25.97000
2006-06-12,26.11000
2006-06-13,25.23000
2006-06-14,24.50000
2006-06-15,25.43000
2006-06-16,26.56000
2006-06-19,26.91000
2006-06-20,26.81000
2006-06-21,27.33000
2006-06-22,27.79000
2006-06-23,28.10000
2006-06-26,27.43000
2006-06-27,27.57000
2006-06-28,27.35000
2006-06-29,27.28000
2006-06-30,27.88000
2006-07-03,28.09000
2006-07-04,28.07000
2006-07-05,28.52000
2006-07-06,28.35000
2006-07-07,27.84000
2006-07-10,27.88000
2006-07-11,27.79000
2006-07-12,27.88000
2006-07-13,28.13000
2006-07-14,28.00000
2006-07-17,27.59000
2006-07-18,27.58000
2006-07-19,27.10000
2006-07-20,27.40000
2006-07-21,26.65000
2006-07-24,26.47000
2006-07-25,26.82000
2006-07-26,27.25000
2006-07-27,27.58000
2006-07-28,27.61000
2006-07-31,27.75000
2006-08-01,27.75000
2006-08-02,27.99000
2006-08-03,27.99000
2006-08-04,27.89000
2006-08-07,27.94000
2006-08-08,28.29000
2006-08-09,28.64000
2006-08-10,28.75000
2006-08-11,29.12000
2006-08-14,30.03000
2006-08-16,30.52000
2006-08-17,30.40000
2006-08-18,30.44000
2006-08-21,30.67000
2006-08-22,30.65000
2006-08-23,30.47000
2006-08-24,30.58000
2006-08-25,30.75000
2006-08-28,30.86000
2006-08-29,30.91000
2006-08-30,30.82000
2006-08-31,30.86000
2006-09-01,30.88000
2006-09-04,31.05000
2006-09-05,31.07000
2006-09-06,31.12000
2006-09-07,31.12000
2006-09-08,31.46000
2006-09-11,30.81000
2006-09-12,31.00000
2006-09-13,31.36000
2006-09-14,31.50000
2006-09-15,31.65000
2006-09-18,31.88000
2006-09-19,31.61000
2006-09-20,31.73000
2006-09-21,32.03000
2006-09-22,32.05000
2006-09-25,32.13000
2006-09-26,32.08000
2006-09-27,32.12000
2006-09-28,32.17000
2006-09-29,32.75000
2006-10-03,32.58000
2006-10-04,32.35000
2006-10-05,32.82000
2006-10-06,32.66000
2006-10-09,32.54000
2006-10-10,32.43000
2006-10-11,32.36000
2006-10-12,32.26000
2006-10-13,32.20000
2006-10-16,32.27000
2006-10-17,32.07000
2006-10-18,32.07000
2006-10-19,32.06000
2006-10-20,32.50000
2006-10-23,32.29000
2006-10-26,32.31000
2006-10-27,32.51000
2006-10-30,32.56000
2006-10-31,32.46000
2006-11-01,32.67000
2006-11-02,32.75000
2006-11-03,32.51000
2006-11-06,32.80000
2006-11-07,33.39000
2006-11-08,33.45000
2006-11-09,33.61000
2006-11-10,33.45000
2006-11-13,33.65000
2006-11-14,33.51000
2006-11-15,33.37000
2006-11-16,33.33000
2006-11-17,33.06000
2006-11-20,32.67000
2006-11-21,33.05000
2006-11-22,33.32000
2006-11-23,33.36000
2006-11-24,33.81000
2006-11-27,34.45000
2006-11-28,34.17000
2006-11-29,34.44000
2006-11-30,34.49000
2006-12-01,34.62000
2006-12-04,34.78000
2006-12-05,34.83000
2006-12-06,34.50000
2006-12-07,34.56000
2006-12-08,34.43000
2006-12-11,33.74000
2006-12-12,33.13000
2006-12-13,33.59000
2006-12-14,34.07000
2006-12-15,34.24000
2006-12-18,34.20000
2006-12-19,33.77000
2006-12-20,33.62000
2006-12-21,33.46000
2006-12-22,33.47000
2006-12-26,33.54000
2006-12-27,33.82000
2006-12-28,33.77000
2006-12-29,33.94000
2007-01-02,34.03000
2007-01-03,34.18000
2007-01-04,34.61000
2007-01-05,34.89000
2007-01-08,34.76000
2007-01-09,34.58000
2007-01-10,34.25000
2007-01-11,34.67000
2007-01-12,35.25000
2007-01-15,33.63000
2007-01-16,33.45000
2007-01-17,33.38000
2007-01-18,33.73000
2007-01-19,33.71000
2007-01-22,33.34000
2007-01-23,33.08000
2007-01-24,33.15000
2007-01-25,33.37000
2007-01-29,33.04000
2007-01-31,33.11000
2007-02-01,33.17000
2007-02-02,33.20000
2007-02-05,33.03000
2007-02-06,33.06000
2007-02-07,32.87000
2007-02-08,32.97000
2007-02-09,32.64000
2007-02-12,32.13000
2007-02-13,31.85000
2007-02-14,32.12000
2007-02-15,32.56000
2007-02-19,32.72000
2007-02-20,32.41000
2007-02-21,32.48000
2007-02-22,32.30000
2007-02-23,31.84000
2007-02-26,31.76000
2007-02-27,31.74000
2007-02-28,31.37000
2007-03-01,31.11000
2007-03-02,30.99000
2007-03-05,29.78000
2007-03-06,29.99000
2007-03-07,29.55000
2007-03-08,29.94000
2007-03-09,30.17000
2007-03-12,30.10000
2007-03-13,30.25000
2007-03-14,29.73000
2007-03-15,29.88000
2007-03-16,29.62000
2007-03-19,29.72000
2007-03-20,29.98000
2007-03-21,30.20000
2007-03-22,30.47000
2007-03-23,30.69000
2007-03-26,30.83000
2007-03-28,30.70000
2007-03-29,30.98000
2007-03-30,31.09000
2007-04-02,30.44000
2007-04-03,30.62000
2007-04-04,30.73000
2007-04-05,31.17000
2007-04-09,31.49000
2007-04-10,31.49000
2007-04-11,31.52000
2007-04-12,31.21000
2007-04-13,31.40000
2007-04-16,31.83000
2007-04-17,31.60000
2007-04-18,31.60000
2007-04-19,31.67000
2007-04-20,31.73000
2007-04-23,31.69000
2007-04-24,31.62000
2007-04-25,31.61000
2007-04-26,31.52000
2007-04-27,31.01000
2007-04-30,30.82000
2007-05-03,31.10000
2007-05-04,30.91000
2007-05-07,31.12000
2007-05-08,31.15000
2007-05-09,31.37000
2007-05-10,31.80000
2007-05-11,31.90000
2007-05-14,32.19000
2007-05-15,32.73000
2007-05-16,33.24000
2007-05-17,33.42000
2007-05-18,33.37000
2007-05-21,33.83000
2007-05-22,33.72000
2007-05-23,33.35000
2007-05-24,33.22000
2007-05-25,33.29000
2007-05-28,33.33000
2007-05-29,33.87000
2007-05-30,33.37000
2007-05-31,33.41000
2007-06-01,33.68000
2007-06-04,33.47000
2007-06-05,33.23000
2007-06-06,33.06000
2007-06-07,32.89000
2007-06-08,32.73000
2007-06-11,32.81000
2007-06-12,32.82000
2007-06-13,32.80000
2007-06-14,32.98000
2007-06-15,33.09000
2007-06-18,32.89000
2007-06-19,33.00000
2007-06-20,32.94000
2007-06-21,33.10000
2007-06-22,32.95000
2007-06-25,33.16000
2007-06-26,33.40000
2007-06-27,33.40000
2007-06-28,33.65000
2007-06-29,33.77000
2007-07-02,33.79000
2007-07-03,33.93000
2007-07-04,33.92000
2007-07-05,33.80000
2007-07-06,33.90000
2007-07-09,34.17000
2007-07-10,34.01000
2007-07-11,33.89000
2007-07-12,34.38000
2007-07-13,34.40000
2007-07-16,34.62000
2007-07-17,34.70000
2007-07-18,34.74000
2007-07-19,34.73000
2007-07-20,34.88000
2007-07-23,32.90000
2007-07-24,32.55000
2007-07-25,32.96000
2007-07-26,33.27000
2007-07-27,32.71000
2007-07-30,32.67000
2007-07-31,33.04000
2007-08-01,32.29000
2007-08-02,32.49000
2007-08-03,32.81000
2007-08-06,32.88000
2007-08-07,33.00000
2007-08-08,33.33000
2007-08-09,32.92000
2007-08-10,32.85000
2007-08-13,33.31000
2007-08-14,33.43000
2007-08-16,32.69000
2007-08-17,32.53000
2007-08-20,32.67000
2007-08-21,31.92000
2007-08-22,32.38000
2007-08-23,32.28000
2007-08-24,32.49000
2007-08-27,33.04000
2007-08-28,33.35000
2007-08-29,33.18000
2007-08-30,33.31000
2007-08-31,33.36000
2007-09-03,33.48000
2007-09-04,33.58000
2007-09-05,33.55000
2007-09-06,33.69000
2007-09-07,33.75000
2007-09-10,33.95000
2007-09-11,33.88000
2007-09-12,33.83000
2007-09-13,33.97000
2007-09-14,33.99000
2007-09-17,34.18000
2007-09-18,34.19000
2007-09-19,34.57000
2007-09-20,34.75000
2007-09-21,34.68000
2007-09-24,34.81000
2007-09-25,34.81000
2007-09-26,34.73000
2007-09-27,34.52000
2007-09-28,35.19000
2007-10-01,35.14000
2007-10-03,35.43000
2007-10-04,35.29000
2007-10-05,34.79000
2007-10-08,34.33000
2007-10-09,35.09000
2007-10-10,35.14000
2007-10-11,35.74000
2007-10-12,35.15000
2007-10-15,35.63000
2007-10-16,35.55000
2007-10-17,34.84000
2007-10-18,34.77000
2007-10-19,33.88000
2007-10-22,34.25000
2007-10-23,35.32000
2007-10-24,35.65000
2007-10-25,36.21000
2007-10-26,36.25000
2007-10-29,36.82000
2007-10-30,36.22000
2007-10-31,36.46000
2007-11-01,36.07000
2007-11-02,36.18000
2007-11-05,36.28000
2007-11-06,36.52000
2007-11-07,36.11000
2007-11-08,35.91000
2007-11-12,35.84000
2007-11-13,36.15000
2007-11-14,36.69000
2007-11-15,36.99000
2007-11-16,37.61000
2007-11-19,38.03000
2007-11-20,37.79000
2007-11-21,36.60000
2007-11-22,36.37000
2007-11-23,36.43000
2007-11-26,36.70000
2007-11-27,36.53000
2007-11-28,36.67000
2007-11-29,36.34000
2007-11-30,36.73000
2007-12-03,37.23000
2007-12-04,37.64000
2007-12-05,37.82000
2007-12-06,37.67000
2007-12-07,37.37000
2007-12-10,37.44000
2007-12-11,37.44000
2007-12-12,38.01000
2007-12-13,39.04000
2007-12-14,40.31000
2007-12-17,39.84000
2007-12-18,39.60000
2007-12-19,39.87000
2007-12-20,40.20000
2007-12-24,41.07000
2007-12-26,42.03000
2007-12-27,42.16000
2007-12-28,42.81000
2007-12-31,43.33000
2008-01-01,43.69000
2008-01-02,43.88000
2008-01-03,43.81000
2008-01-04,43.87000
2008-01-07,44.67000
2008-01-08,43.92000
2008-01-09,43.42000
2008-01-10,42.36000
2008-01-11,42.28000
2008-01-14,42.29000
2008-01-15,41.36000
2008-01-16,40.61000
2008-01-17,41.24000
2008-01-18,40.00000
2008-01-21,37.52000
2008-01-22,34.64000
2008-01-23,36.78000
2008-01-24,35.98000
2008-01-25,37.56000
2008-01-28,37.79000
2008-01-29,37.99000
2008-01-30,37.52000
2008-01-31,37.74000
2008-02-01,37.86000
2008-02-04,38.58000
2008-02-05,38.45000
2008-02-06,38.08000
2008-02-07,36.98000
2008-02-08,36.91000
2008-02-11,35.62000
2008-02-12,35.12000
2008-02-13,34.97000
2008-02-14,35.87000
2008-02-15,36.78000
2008-02-18,34.63000
2008-02-19,34.88000
2008-02-20,34.08000
2008-02-21,33.97000
2008-02-22,33.97000
2008-02-25,34.19000
2008-02-26,34.27000
2008-02-27,34.53000
2008-02-28,34.31000
2008-02-29,34.45000
2008-03-03,33.36000
2008-03-04,33.08000
2008-03-05,33.16000
2008-03-07,32.42000
2008-03-10,32.62000
2008-03-11,33.54000
2008-03-12,33.15000
2008-03-13,31.93000
2008-03-14,32.41000
2008-03-17,30.80000
2008-03-18,30.49000
2008-03-19,30.81000
2008-03-24,30.65000
2008-03-25,31.29000
2008-03-26,31.61000
2008-03-27,31.73000
2008-03-28,32.86000
2008-03-31,33.02000
2008-04-01,33.25000
2008-04-02,33.04000
2008-04-03,33.31000
2008-04-04,32.73000
2008-04-07,33.50000
2008-04-08,33.58000
2008-04-09,33.89000
2008-04-10,33.71000
2008-04-11,33.64000
2008-04-15,33.84000
2008-04-16,34.03000
2008-04-17,34.37000
2008-04-21,34.72000
2008-04-22,34.81000
2008-04-23,34.65000
2008-04-24,34.70000
2008-04-25,35.07000
2008-04-28,35.16000
2008-04-29,35.29000
2008-04-30,35.46000
2008-05-02,35.54000
2008-05-05,35.71000
2008-05-06,35.70000
2008-05-07,35.37000
2008-05-08,34.67000
2008-05-09,34.42000
2008-05-12,33.95000
2008-05-13,34.34000
2008-05-14,34.48000
2008-05-15,34.46000
2008-05-16,34.52000
2008-05-20,34.79000
2008-05-21,35.06000
2008-05-22,34.60000
2008-05-23,34.19000
2008-05-26,33.55000
2008-05-27,33.36000
2008-05-28,33.55000
2008-05-29,33.44000
2008-05-30,33.97000
2008-06-02,33.38000
2008-06-03,33.36000
2008-06-04,32.95000
2008-06-05,33.16000
2008-06-06,32.80000
2008-06-09,32.21000
2008-06-10,31.96000
2008-06-11,32.41000
2008-06-12,32.73000
2008-06-13,32.88000
2008-06-16,33.25000
2008-06-17,33.34000
2008-06-18,33.24000
2008-06-19,32.86000
2008-06-20,32.25000
2008-06-23,31.51000
2008-06-24,30.95000
2008-06-25,30.50000
2008-06-26,30.70000
2008-06-27,29.74000
2008-06-30,29.11000
2008-07-01,28.26000
2008-07-02,28.36000
2008-07-03,27.69000
2008-07-04,27.76000
2008-07-07,28.14000
2008-07-08,27.82000
2008-07-09,28.34000
2008-07-10,27.98000
2008-07-11,27.63000
2008-07-14,27.33000
2008-07-15,26.75000
2008-07-16,26.62000
2008-07-17,26.97000
2008-07-18,27.47000
2008-07-21,27.74000
2008-07-22,28.43000
2008-07-23,29.13000
2008-07-24,28.57000
2008-07-25,28.32000
2008-07-28,28.60000
2008-07-29,28.48000
2008-07-30,28.67000
2008-07-31,28.46000
2008-08-01,28.75000
2008-08-04,28.98000
2008-08-05,29.25000
2008-08-06,29.38000
2008-08-07,29.72000
2008-08-08,29.88000
2008-08-11,30.67000
2008-08-12,30.50000
2008-08-13,30.61000
2008-08-14,30.23000
2008-08-18,29.82000
2008-08-19,29.30000
2008-08-20,29.25000
2008-08-21,28.94000
2008-08-22,28.86000
2008-08-25,27.00000
2008-08-26,27.14000
2008-08-27,26.82000
2008-08-28,26.75000
2008-08-29,27.28000
2008-09-01,27.21000
2008-09-02,27.49000
2008-09-04,27.40000
2008-09-05,27.16000
2008-09-08,27.43000
2008-09-09,27.21000
2008-09-10,27.23000
2008-09-11,26.98000
2008-09-12,26.90000
2008-09-15,26.33000
2008-09-16,26.24000
2008-09-17,25.91000
2008-09-18,25.81000
2008-09-19,26.15000
2008-09-22,26.08000
2008-09-23,25.67000
2008-09-24,25.73000
2008-09-25,25.48000
2008-09-26,25.41000
2008-09-29,24.92000
2008-09-30,24.75000
2008-10-01,25.10000
2008-10-03,24.73000
2008-10-06,23.55000
2008-10-07,22.89000
2008-10-08,22.12000
2008-10-10,21.14000
2008-10-13,21.73000
2008-10-14,21.74000
2008-10-15,20.77000
2008-10-16,20.59000
2008-10-17,20.26000
2008-10-20,20.63000
2008-10-21,21.13000
2008-10-22,21.15000
2008-10-23,20.68000
2008-10-24,19.34000
2008-10-27,18.89000
2008-10-29,19.61000
2008-10-31,19.76000
2008-11-03,20.21000
2008-11-04,20.90000
2008-11-05,20.75000
2008-11-06,20.50000
2008-11-07,20.72000
2008-11-10,20.81000
2008-11-11,20.64000
2008-11-12,20.36000
2008-11-14,20.23000
2008-11-17,19.83000
2008-11-18,19.60000
2008-11-19,19.78000
2008-11-20,19.55000
2008-11-21,19.84000
2008-11-24,20.04000
2008-11-25,19.84000
2008-11-26,20.06000
2008-11-28,20.25000
2008-12-01,19.73000
2008-12-02,19.80000
2008-12-03,19.80000
2008-12-04,20.31000
2008-12-05,20.02000
2008-12-08,19.94000
2008-12-10,19.92000
2008-12-11,20.35000
2008-12-12,20.23000
2008-12-15,20.44000
2008-12-16,20.75000
2008-12-17,20.69000
2008-12-18,21.08000
2008-12-19,21.31000
2008-12-22,21.45000
2008-12-23,21.17000
2008-12-24,20.81000
2008-12-26,20.72000
2008-12-29,20.83000
2008-12-30,20.93000
2008-12-31,21.02000
2009-01-01,21.19000
2009-01-02,21.56000
2009-01-05,21.38000
2009-01-06,21.48000
2009-01-07,20.70000
2009-01-09,20.56000
2009-01-12,20.22000
2009-01-13,20.41000
2009-01-14,20.70000
2009-01-15,20.59000
2009-01-16,20.84000
2009-01-19,20.72000
2009-01-20,20.80000
2009-01-21,20.76000
2009-01-22,20.78000
2009-01-23,20.59000
2009-01-27,20.46000
2009-01-28,20.65000
2009-01-29,20.58000
2009-01-30,20.87000
2009-02-02,20.70000
2009-02-03,20.70000
2009-02-04,20.82000
2009-02-05,20.77000
2009-02-06,20.88000
2009-02-09,20.95000
2009-02-10,20.90000
2009-02-11,20.81000
2009-02-12,20.71000
2009-02-13,20.82000
2009-02-16,19.50000
2009-02-17,19.40000
2009-02-18,19.41000
2009-02-19,19.36000
2009-02-20,19.28000
2009-02-24,19.12000
2009-02-25,19.13000
2009-02-26,19.21000
2009-02-27,19.21000
2009-03-02,18.96000
2009-03-03,18.48000
2009-03-04,18.66000
2009-03-05,18.35000
2009-03-06,18.25000
2009-03-09,17.90000
2009-03-12,18.08000
2009-03-13,18.32000
2009-03-16,18.61000
2009-03-17,18.67000
2009-03-18,18.59000
2009-03-19,18.50000
2009-03-20,18.43000
2009-03-23,18.80000
2009-03-24,18.80000
2009-03-25,18.81000
2009-03-26,19.23000
2009-03-27,19.35000
2009-03-30,19.14000
2009-03-31,19.46000
2009-04-01,19.46000
2009-04-02,19.53000
2009-04-06,19.26000
2009-04-08,19.94000
2009-04-09,19.77000
2009-04-13,19.96000
2009-04-15,20.23000
2009-04-16,20.61000
2009-04-17,20.51000
2009-04-20,20.28000
2009-04-21,20.45000
2009-04-22,20.65000
2009-04-23,20.74000
2009-04-24,20.69000
2009-04-27,20.83000
2009-04-28,20.41000
2009-04-29,20.65000
2009-05-04,21.43000
2009-05-05,21.25000
2009-05-06,20.85000
2009-05-07,20.81000
2009-05-08,20.71000
2009-05-11,20.57000
2009-05-12,20.66000
2009-05-13,20.53000
2009-05-14,20.48000
2009-05-15,20.58000
2009-05-19,21.14000
2009-05-20,21.25000
2009-05-21,21.40000
2009-05-22,21.82000
2009-05-25,22.07000
2009-05-26,21.74000
2009-05-27,22.03000
2009-05-28,21.96000
2009-05-29,22.01000
2009-06-01,22.69000
2009-06-02,22.70000
2009-06-03,23.20000
2009-06-04,23.63000
2009-06-05,23.39000
2009-06-08,22.69000
2009-06-09,23.13000
2009-06-10,23.39000
2009-06-11,23.39000
2009-06-12,23.20000
2009-06-15,23.16000
2009-06-16,23.29000
2009-06-17,22.89000
2009-06-18,22.80000
2009-06-19,23.16000
2009-06-22,23.20000
2009-06-23,22.96000
2009-06-24,23.41000
2009-06-25,23.15000
2009-06-26,23.43000
2009-06-29,23.53000
2009-06-30,23.37000
2009-07-01,23.43000
2009-07-02,23.51000
2009-07-03,23.55000
2009-07-06,23.48000
2009-07-07,24.41000
2009-07-08,24.23000
2009-07-09,24.59000
2009-07-10,24.27000
2009-07-13,23.94000
2009-07-14,24.38000
2009-07-15,24.80000
2009-07-16,24.92000
2009-07-17,25.53000
2009-07-20,25.73000
2009-07-21,25.57000
2009-07-22,25.64000
2009-07-23,26.47000
2009-07-24,26.70000
2009-07-27,27.59000
2009-07-28,27.81000
2009-07-29,27.61000
2009-07-30,27.91000
2009-07-31,28.67000
2009-08-03,28.73000
2009-08-04,28.93000
2009-08-05,28.88000
2009-08-06,28.01000
2009-08-07,27.47000
2009-08-10,27.15000
2009-08-11,27.58000
2009-08-12,27.60000
2009-08-13,28.53000
2009-08-14,28.11000
2009-08-17,27.35000
2009-08-18,27.54000
2009-08-19,27.21000
2009-08-20,27.39000
2009-08-21,28.02000
2009-08-24,27.57000
2009-08-25,27.68000
2009-08-26,27.75000
2009-08-27,27.68000
2009-08-28,27.54000
2009-08-31,27.52000
2009-09-01,27.29000
2009-09-02,27.23000
2009-09-03,27.20000
2009-09-04,27.59000
2009-09-07,27.74000
2009-09-08,27.45000
2009-09-09,27.54000
2009-09-10,27.74000
2009-09-11,27.39000
2009-09-14,27.30000
2009-09-15,27.49000
2009-09-16,27.75000
2009-09-17,27.78000
2009-09-18,27.79000
2009-09-22,28.03000
2009-09-23,27.68000
2009-09-24,27.83000
2009-09-25,28.06000
2009-09-29,28.03000
2009-09-30,27.87000
2009-10-01,27.96000
2009-10-05,28.12000
2009-10-06,28.61000
2009-10-07,28.64000
2009-10-08,29.02000
2009-10-09,28.91000
2009-10-12,29.55000
2009-10-14,29.75000
2009-10-15,29.69000
2009-10-16,29.57000
2009-10-20,29.44000
2009-10-21,29.10000
2009-10-22,29.42000
2009-10-23,30.23000
2009-10-26,30.55000
2009-10-27,30.05000
2009-10-28,29.88000
2009-10-29,29.89000
2009-10-30,29.60000
2009-11-03,28.94000
2009-11-04,29.55000
2009-11-05,29.54000
2009-11-06,29.53000
2009-11-09,30.06000
2009-11-10,29.84000
2009-11-11,30.16000
2009-11-12,29.99000
2009-11-13,30.22000
2009-11-16,30.44000
2009-11-17,30.44000
2009-11-18,30.60000
2009-11-19,30.31000
2009-11-20,30.64000
2009-11-23,31.31000
2009-11-24,31.52000
2009-11-25,31.73000
2009-11-26,31.16000
2009-11-27,30.88000
2009-11-30,31.14000
2009-12-01,31.14000
2009-12-02,31.16000
2009-12-03,31.09000
2009-12-04,31.17000
2009-12-07,31.03000
2009-12-08,31.29000
2009-12-09,31.09000
2009-12-10,30.90000
2009-12-11,30.94000
2009-12-14,30.78000
2009-12-15,30.67000
2009-12-16,30.66000
2009-12-17,30.89000
2009-12-18,30.75000
2009-12-21,30.59000
2009-12-22,30.77000
2009-12-23,31.20000
2009-12-24,31.32000
2009-12-29,31.47000
2009-12-30,31.18000
2009-12-31,31.33000
2010-01-04,31.37000
2010-01-05,31.60000
2010-01-06,32.03000
2010-01-07,31.80000
2010-01-08,31.91000
2010-01-11,31.94000
2010-01-12,31.47000
2010-01-13,31.33000
2010-01-14,31.35000
2010-01-15,31.67000
2010-01-18,31.52000
2010-01-19,31.27000
2010-01-20,31.34000
2010-01-21,30.93000
2010-01-22,30.97000
2010-01-25,31.18000
2010-01-27,30.71000
2010-01-28,30.59000
2010-01-29,30.10000
2010-02-01,30.09000
2010-02-02,29.89000
2010-02-03,30.21000
2010-02-04,30.14000
2010-02-05,29.70000
2010-02-08,29.73000
2010-02-09,29.52000
2010-02-10,29.47000
2010-02-11,29.76000
2010-02-15,28.69000
2010-02-16,28.82000
2010-02-17,29.11000
2010-02-18,29.05000
2010-02-19,28.94000
2010-02-22,28.86000
2010-02-23,28.87000
2010-02-24,28.68000
2010-02-25,28.48000
2010-02-26,28.08000
2010-03-02,28.71000
2010-03-03,28.90000
2010-03-04,29.05000
2010-03-05,29.08000
2010-03-08,29.37000
2010-03-09,29.53000
2010-03-10,29.83000
2010-03-11,29.67000
2010-03-12,29.57000
2010-03-15,29.52000
2010-03-16,29.67000
2010-03-17,29.82000
2010-03-18,29.76000
2010-03-19,29.87000
2010-03-22,29.74000
2010-03-23,29.74000
2010-03-25,30.09000
2010-03-26,30.18000
2010-03-29,30.35000
2010-03-30,30.41000
2010-03-31,30.08000
2010-04-01,30.00000
2010-04-05,30.39000
2010-04-06,30.37000
2010-04-07,30.30000
2010-04-08,30.30000
2010-04-09,30.31000
2010-04-12,30.39000
2010-04-13,30.28000
2010-04-15,30.19000
2010-04-16,30.41000
2010-04-19,30.05000
2010-04-20,30.07000
2010-04-21,30.18000
2010-04-22,30.37000
2010-04-23,30.50000
2010-04-26,30.63000
2010-04-27,30.76000
2010-04-28,30.58000
2010-04-29,30.33000
2010-04-30,30.35000
2010-05-03,30.26000
2010-05-04,29.91000
2010-05-05,29.80000
2010-05-06,29.69000
2010-05-07,29.66000
2010-05-10,29.97000
2010-05-11,29.77000
2010-05-12,30.03000
2010-05-13,30.16000
2010-05-14,30.16000
2010-05-17,30.27000
2010-05-18,30.44000
2010-05-19,29.79000
2010-05-20,29.97000
2010-05-21,30.01000
2010-05-24,29.81000
2010-05-25,29.10000
2010-05-26,29.62000
2010-05-27,30.01000
2010-05-28,30.51000
2010-05-31,30.58000
2010-06-01,30.47000
2010-06-02,30.62000
2010-06-03,31.08000
2010-06-04,31.29000
2010-06-07,31.05000
2010-06-08,31.25000
2010-06-09,31.48000
2010-06-10,31.97000
2010-06-11,32.05000
2010-06-14,32.53000
2010-06-15,32.96000
2010-06-16,32.94000
2010-06-17,32.98000
2010-06-18,33.14000
2010-06-21,33.49000
2010-06-22,33.59000
2010-06-23,34.18000
2010-06-24,34.55000
2010-06-25,34.33000
2010-06-28,34.38000
2010-06-29,34.26000
2010-06-30,34.80000
2010-07-01,34.81000
2010-07-02,34.72000
2010-07-05,34.62000
2010-07-06,34.73000
2010-07-07,34.81000
2010-07-08,35.10000
2010-07-09,35.08000
2010-07-12,35.03000
2010-07-13,35.05000
2010-07-14,34.72000
2010-07-15,34.98000
2010-07-16,35.11000
2010-07-19,34.81000
2010-07-20,34.79000
2010-07-21,34.92000
2010-07-22,35.16000
2010-07-23,35.26000
2010-07-26,35.20000
2010-07-27,35.28000
2010-07-28,35.28000
2010-07-29,35.66000
2010-07-30,35.55000
2010-08-02,36.06000
2010-08-03,35.98000
2010-08-04,36.08000
2010-08-05,36.17000
2010-08-06,36.34000
2010-08-09,36.29000
2010-08-10,36.01000
2010-08-11,36.01000
2010-08-12,36.07000
2010-08-13,36.34000
2010-08-16,36.33000
2010-08-17,36.47000
2010-08-18,36.95000
2010-08-19,37.27000
2010-08-20,37.08000
2010-08-23,36.98000
2010-08-24,36.90000
2010-08-25,36.88000
2010-08-26,37.12000
2010-08-27,36.69000
2010-08-30,36.53000
2010-08-31,37.06000
2010-09-01,37.19000
2010-09-02,37.37000
2010-09-03,37.44000
2010-09-06,37.76000
2010-09-07,37.76000
2010-09-08,37.92000
2010-09-09,37.84000
2010-09-13,37.82000
2010-09-14,37.78000
2010-09-15,37.97000
2010-09-16,37.74000
2010-09-17,38.00000
2010-09-20,39.06000
2010-09-21,38.71000
2010-09-22,38.75000
2010-09-23,38.83000
2010-09-24,39.50000
2010-09-27,39.29000
2010-09-28,39.16000
2010-09-29,38.75000
2010-09-30,39.08000
2010-10-01,39.19000
2010-10-04,39.11000
2010-10-05,39.07000
2010-10-06,39.07000
2010-10-07,39.05000
2010-10-08,38.92000
2010-10-11,38.94000
2010-10-12,38.68000
2010-10-13,39.08000
2010-10-14,39.02000
2010-10-15,38.59000
2010-10-18,38.43000
2010-10-19,38.51000
2010-10-20,38.19000
2010-10-21,38.90000
2010-10-22,38.39000
2010-10-25,38.40000
2010-10-26,38.36000
2010-10-27,38.16000
2010-10-28,38.22000
2010-10-29,38.28000
2010-11-01,38.24000
2010-11-02,38.32000
2010-11-03,38.39000
2010-11-04,38.59000
2010-11-08,38.68000
2010-11-09,39.13000
2010-11-10,39.04000
2010-11-11,38.68000
2010-11-12,38.36000
2010-11-15,38.43000
2010-11-16,37.63000
2010-11-18,37.75000
2010-11-19,37.40000
2010-11-22,37.71000
2010-11-23,37.42000
2010-11-24,37.45000
2010-11-25,36.83000
2010-11-26,36.59000
2010-11-29,36.72000
2010-11-30,37.30000
2010-12-01,37.50000
2010-12-02,37.52000
2010-12-03,37.29000
2010-12-06,37.16000
2010-12-07,36.91000
2010-12-08,36.76000
2010-12-09,36.05000
2010-12-10,36.56000
2010-12-13,36.67000
2010-12-14,37.16000
2010-12-15,36.81000
2010-12-16,36.62000
2010-12-20,36.58000
2010-12-21,36.86000
2010-12-22,36.85000
2010-12-23,36.61000
2010-12-24,36.72000
2010-12-27,36.66000
2010-12-28,36.78000
2010-12-29,37.14000
2010-12-30,37.19000
2010-12-31,37.57000
2011-01-03,37.70000
2011-01-04,37.92000
2011-01-05,38.08000
2011-01-06,37.81000
2011-01-07,37.00000
2011-01-10,36.55000
2011-01-11,36.22000
2011-01-12,36.58000
2011-01-13,36.44000
2011-01-14,36.25000
2011-01-17,36.19000
2011-01-18,36.63000
2011-01-19,36.60000
2011-01-20,36.55000
2011-01-21,36.13000
2011-01-24,36.05000
2011-01-25,35.72000
2011-01-27,35.66000
2011-01-28,35.19000
2011-01-31,34.75000
2011-02-01,34.24000
2011-02-02,34.13000
2011-02-03,34.18000
2011-02-04,33.31000
2011-02-07,33.53000
2011-02-08,33.17000
2011-02-09,32.78000
2011-02-10,32.80000
2011-02-11,33.31000
2011-02-14,34.29000
2011-02-15,34.54000
2011-02-16,34.80000
2011-02-17,34.96000
2011-02-18,34.72000
2011-02-21,34.98000
2011-02-22,34.81000
2011-02-23,34.62000
2011-02-24,33.87000
2011-02-25,34.21000
2011-02-28,35.02000
2011-03-01,35.61000
2011-03-03,35.61000
2011-03-04,35.50000
2011-03-07,35.46000
2011-03-08,35.59000
2011-03-09,35.53000
2011-03-10,35.54000
2011-03-11,35.59000
2011-03-14,35.75000
2011-03-15,35.29000
2011-03-16,35.40000
2011-03-17,35.26000
2011-03-18,35.15000
2011-03-21,35.01000
2011-03-22,35.16000
2011-03-23,35.36000
2011-03-24,35.58000
2011-03-25,35.80000
2011-03-28,36.15000
2011-03-29,36.18000
2011-03-30,34.47000
2011-03-31,35.18000
2011-04-01,35.26000
2011-04-04,35.54000
2011-04-05,35.55000
2011-04-06,35.61000
2011-04-07,35.68000
2011-04-08,35.76000
2011-04-11,35.84000
2011-04-13,36.71000
2011-04-15,36.83000
2011-04-18,36.45000
2011-04-19,36.12000
2011-04-20,36.59000
2011-04-21,37.05000
2011-04-25,37.06000
2011-04-26,37.14000
2011-04-27,37.30000
2011-04-28,37.09000
2011-04-29,37.00000
2011-05-02,36.71000
2011-05-03,36.48000
2011-05-04,36.40000
2011-05-05,35.80000
2011-05-06,35.99000
2011-05-09,36.29000
2011-05-10,36.58000
2011-05-11,36.72000
2011-05-12,36.59000
2011-05-13,37.16000
2011-05-16,36.92000
2011-05-17,37.06000
2011-05-18,37.07000
2011-05-19,37.08000
2011-05-20,37.02000
2011-05-23,36.92000
2011-05-24,36.75000
2011-05-25,36.80000
2011-05-26,36.78000
2011-05-27,36.77000
2011-05-30,36.72000
2011-05-31,37.30000
2011-06-01,37.55000
2011-06-02,38.03000
2011-06-03,37.97000
2011-06-06,37.92000
2011-06-07,37.99000
2011-06-08,38.16000
2011-06-09,38.10000
2011-06-10,38.07000
2011-06-13,38.04000
2011-06-14,38.42000
2011-06-15,38.56000
2011-06-16,38.60000
2011-06-17,38.50000
2011-06-20,37.81000
2011-06-21,37.78000
2011-06-22,37.59000
2011-06-23,38.04000
2011-06-24,38.67000
2011-06-27,38.61000
2011-06-28,38.83000
2011-06-29,39.65000
2011-06-30,40.05000
2011-07-01,40.26000
2011-07-04,40.38000
2011-07-05,40.24000
2011-07-06,40.31000
2011-07-07,41.05000
2011-07-08,40.67000
2011-07-11,40.78000
2011-07-12,40.78000
2011-07-13,41.05000
2011-07-14,41.09000
2011-07-15,41.20000
2011-07-18,41.64000
2011-07-19,41.84000
2011-07-20,41.99000
2011-07-21,42.24000
2011-07-22,42.91000
2011-07-25,42.79000
2011-07-26,42.14000
2011-07-27,42.55000
2011-07-28,42.71000
2011-07-29,42.66000
2011-08-01,42.72000
2011-08-02,42.18000
2011-08-03,42.06000
2011-08-04,41.51000
2011-08-05,41.09000
2011-08-08,41.05000
2011-08-09,41.13000
2011-08-10,41.72000
2011-08-11,41.86000
2011-08-12,41.71000
2011-08-16,41.75000
2011-08-17,41.94000
2011-08-18,41.75000
2011-08-19,41.04000
2011-08-22,41.28000
2011-08-23,41.71000
2011-08-24,41.70000
2011-08-25,41.68000
2011-08-26,40.91000
2011-08-29,41.51000
2011-08-30,41.64000
2011-09-02,41.83000
2011-09-05,42.01000
2011-09-06,42.04000
2011-09-07,42.11000
2011-09-08,42.36000
2011-09-09,42.24000
2011-09-12,42.22000
2011-09-13,42.14000
2011-09-14,42.52000
2011-09-15,42.48000
2011-09-16,42.41000
2011-09-19,42.15000
2011-09-20,42.45000
2011-09-21,42.56000
2011-09-22,41.52000
2011-09-23,41.70000
2011-09-26,41.12000
2011-09-27,41.89000
2011-09-28,41.78000
2011-09-29,42.21000
2011-09-30,41.45000
2011-10-03,40.92000
2011-10-04,40.24000
2011-10-05,40.26000
2011-10-07,40.89000
2011-10-10,41.28000
2011-10-11,41.10000
2011-10-12,41.51000
2011-10-13,41.27000
2011-10-14,41.64000
2011-10-17,41.83000
2011-10-18,41.42000
2011-10-19,41.69000
2011-10-20,41.45000
2011-10-21,41.21000
2011-10-24,41.54000
2011-10-25,41.84000
2011-10-28,42.52000
2011-10-31,42.90000
2011-11-01,42.89000
2011-11-02,42.78000
2011-11-03,42.75000
2011-11-04,42.81000
2011-11-08,42.93000
2011-11-09,43.16000
2011-11-11,43.08000
2011-11-14,42.97000
2011-11-15,42.50000
2011-11-16,42.26000
2011-11-17,41.98000
2011-11-18,41.49000
2011-11-21,41.29000
2011-11-22,40.98000
2011-11-23,40.47000
2011-11-24,40.61000
2011-11-25,40.50000
2011-11-28,40.91000
2011-11-29,41.02000
2011-11-30,41.25000
2011-12-01,41.45000
2011-12-02,41.85000
2011-12-05,41.79000
2011-12-07,41.91000
2011-12-08,41.30000
2011-12-09,40.94000
2011-12-12,40.63000
2011-12-13,40.75000
2011-12-14,40.84000
2011-12-15,40.84000
2011-12-16,40.32000
2011-12-19,40.21000
2011-12-20,40.00000
2011-12-21,40.51000
2011-12-22,40.76000
2011-12-23,40.95000
2011-12-26,41.16000
2011-12-27,41.21000
2011-12-28,40.91000
2011-12-29,40.83000
2011-12-30,40.82000
2012-01-02,40.50000
2012-01-03,40.88000
2012-01-04,40.74000
2012-01-05,40.61000
2012-01-06,40.80000
2012-01-09,40.99000
2012-01-10,41.27000
2012-01-11,41.24000
2012-01-12,41.25000
2012-01-13,41.41000
2012-01-16,41.45000
2012-01-17,42.14000
2012-01-18,41.90000
2012-01-19,42.06000
2012-01-20,41.46000
2012-01-23,41.56000
2012-01-24,41.54000
2012-01-25,41.59000
2012-01-27,41.38000
2012-01-30,40.98000
2012-01-31,41.31000
2012-02-01,41.44000
2012-02-02,41.58000
2012-02-03,42.27000
2012-02-06,42.53000
2012-02-07,42.49000
2012-02-08,42.78000
2012-02-09,42.68000
2012-02-10,42.61000
2012-02-13,42.66000
2012-02-14,42.63000
2012-02-15,42.88000
2012-02-16,42.73000
2012-02-17,42.63000
2012-02-21,42.83000
2012-02-22,42.65000
2012-02-23,42.76000
2012-02-24,42.79000
2012-02-27,42.70000
2012-02-28,42.84000
2012-02-29,42.66000
2012-03-01,42.67000
2012-03-02,42.69000
2012-03-05,42.80000
2012-03-06,42.93000
2012-03-07,42.94000
2012-03-09,42.96000
2012-03-12,42.90000
2012-03-13,43.16000
2012-03-14,43.37000
2012-03-15,43.13000
2012-03-16,43.93000
2012-03-19,44.47000
2012-03-20,44.80000
2012-03-21,45.10000
2012-03-22,44.58000
2012-03-23,45.01000
2012-03-26,44.87000
2012-03-27,45.40000
2012-03-28,45.41000
2012-03-29,45.38000
2012-03-30,46.07000
2012-04-02,45.99000
2012-04-03,46.32000
2012-04-04,46.12000
2012-04-09,45.98000
2012-04-10,46.65000
2012-04-11,46.91000
2012-04-12,47.59000
2012-04-13,47.76000
2012-04-16,48.24000
2012-04-17,48.74000
2012-04-18,48.87000
2012-04-19,49.26000
2012-04-20,49.16000
2012-04-23,49.15000
2012-04-24,49.27000
2012-04-25,49.40000
2012-04-26,49.37000
2012-04-27,49.12000
2012-04-30,49.25000
2012-05-02,49.36000
2012-05-03,49.00000
2012-05-04,48.72000
2012-05-07,48.32000
2012-05-08,47.06000
2012-05-09,48.25000
2012-05-10,48.47000
2012-05-11,47.92000
2012-05-14,47.66000
2012-05-15,47.43000
2012-05-16,47.04000
2012-05-17,47.97000
2012-05-18,48.15000
2012-05-21,47.64000
2012-05-22,47.41000
2012-05-23,47.31000
2012-05-24,47.37000
2012-05-25,47.32000
2012-05-28,47.61000
2012-05-29,47.20000
2012-05-30,47.01000
2012-05-31,47.37000
2012-06-01,47.28000
2012-06-04,46.68000
2012-06-05,46.33000
2012-06-06,47.34000
2012-06-07,47.67000
2012-06-08,47.94000
2012-06-11,48.20000
2012-06-12,48.38000
2012-06-13,48.88000
2012-06-14,48.66000
2012-06-15,49.05000
2012-06-18,48.51000
2012-06-19,48.93000
2012-06-20,48.98000
2012-06-21,49.58000
2012-06-22,49.49000
2012-06-25,49.41000
2012-06-26,49.29000
2012-06-27,49.46000
2012-06-28,49.70000
2012-06-29,50.42000
2012-07-02,49.60000
2012-07-03,49.24000
2012-07-04,49.26000
2012-07-05,49.74000
2012-07-06,49.98000
2012-07-09,49.61000
2012-07-10,50.21000
2012-07-11,49.69000
2012-07-12,49.37000
2012-07-13,49.58000
2012-07-16,49.34000
2012-07-17,49.73000
2012-07-18,49.75000
2012-07-19,49.68000
2012-07-20,49.59000
2012-07-23,49.16000
2012-07-24,50.16000
2012-07-25,50.27000
2012-07-26,49.81000
2012-07-27,50.29000
2012-07-30,50.62000
2012-07-31,50.66000
2012-08-01,50.82000
2012-08-02,51.09000
2012-08-03,50.89000
2012-08-06,50.97000
2012-08-07,51.21000
2012-08-08,51.33000
2012-08-09,52.13000
2012-08-10,52.40000
2012-08-13,52.33000
2012-08-14,52.51000
2012-08-16,51.58000
2012-08-17,52.13000
2012-08-21,52.08000
2012-08-22,52.18000
2012-08-23,52.78000
2012-08-24,52.84000
2012-08-27,53.02000
2012-08-28,53.12000
2012-08-29,53.23000
2012-08-30,53.51000
2012-08-31,53.15000
2012-09-03,53.34000
2012-09-04,53.50000
2012-09-05,53.70000
2012-09-06,53.09000
2012-09-07,53.55000
2012-09-10,53.74000
2012-09-11,53.72000
2012-09-12,54.13000
2012-09-13,54.40000
2012-09-14,54.13000
2012-09-17,52.55000
2012-09-18,52.41000
2012-09-20,52.41000
2012-09-21,52.99000
2012-09-24,52.27000
2012-09-25,52.82000
2012-09-26,53.20000
2012-09-27,53.63000
2012-09-28,54.57000
2012-10-01,54.79000
2012-10-03,55.02000
2012-10-04,55.35000
2012-10-05,55.51000
2012-10-08,55.61000
2012-10-09,56.01000
2012-10-10,55.86000
2012-10-11,56.30000
2012-10-12,56.49000
2012-10-15,56.74000
2012-10-16,56.58000
2012-10-17,56.76000
2012-10-18,57.21000
2012-10-19,57.26000
2012-10-22,57.08000
2012-10-23,56.78000
2012-10-25,56.83000
2012-10-26,55.93000
2012-10-29,55.84000
2012-10-30,55.52000
2012-10-31,55.48000
2012-11-01,55.55000
2012-11-02,55.64000
2012-11-05,56.18000
2012-11-06,56.26000
2012-11-07,56.37000
2012-11-08,56.50000
2012-11-09,56.47000
2012-11-12,56.71000
2012-11-15,56.52000
2012-11-16,55.81000
2012-11-19,55.86000
2012-11-20,55.76000
2012-11-21,56.30000
2012-11-22,56.50000
2012-11-23,56.67000
2012-11-26,57.34000
2012-11-27,58.14000
2012-11-29,58.68000
2012-11-30,58.68000
2012-12-03,58.50000
2012-12-04,58.44000
2012-12-05,58.55000
2012-12-06,58.78000
2012-12-07,58.59000
2012-12-10,58.63000
2012-12-11,58.91000
2012-12-12,58.96000
2012-12-13,57.78000
2012-12-14,57.86000
2012-12-17,57.68000
2012-12-18,57.70000
2012-12-19,57.53000
2012-12-20,57.42000
2012-12-21,57.09000
2012-12-24,57.14000
2012-12-26,57.40000
2012-12-27,57.26000
2012-12-28,57.43000
2012-12-31,52.97000
2013-01-01,53.28000
2013-01-02,53.36000
2013-01-03,52.98000
2013-01-04,53.03000
2013-01-07,52.58000
2013-01-08,53.02000
2013-01-09,52.41000
2013-01-10,52.44000
2013-01-11,51.57000
2013-01-14,51.96000
2013-01-15,52.12000
2013-01-16,51.94000
2013-01-17,51.92000
2013-01-18,51.92000
2013-01-21,52.27000
2013-01-22,51.67000
2013-01-23,51.55000
2013-01-24,51.80000
2013-01-25,52.15000
2013-01-28,52.30000
2013-01-29,52.49000
2013-01-30,52.54000
2013-01-31,53.06000
2013-02-01,53.18000
2013-02-04,52.85000
2013-02-05,52.13000
2013-02-06,52.24000
2013-02-07,52.31000
2013-02-08,51.96000
2013-02-11,51.98000
2013-02-12,52.28000
2013-02-13,52.10000
2013-02-14,52.10000
2013-02-15,52.11000
2013-02-18,52.28000
2013-02-19,52.69000
2013-02-20,52.51000
2013-02-21,51.80000
2013-02-22,51.23000
2013-02-25,50.97000
2013-02-26,50.62000
2013-02-27,50.98000
2013-02-28,50.67000
2013-03-01,50.66000
2013-03-04,50.26000
2013-03-05,50.65000
2013-03-06,50.12000
2013-03-07,50.62000
2013-03-08,51.33000
2013-03-11,51.28000
2013-03-12,51.43000
2013-03-13,51.62000
2013-03-14,51.80000
2013-03-15,51.90000
2013-03-18,52.18000
2013-03-19,52.17000
2013-03-20,52.21000
2013-03-21,51.57000
2013-03-22,51.57000
2013-03-25,51.34000
2013-03-26,51.81000
2013-03-28,52.22000
2013-04-01,52.23000
2013-04-02,52.42000
2013-04-03,52.22000
2013-04-04,51.38000
2013-04-05,50.58000
2013-04-08,51.01000
2013-04-09,50.33000
2013-04-10,50.09000
2013-04-11,50.26000
2013-04-12,50.96000
2013-04-15,51.63000
2013-04-16,52.41000
2013-04-17,53.04000
2013-04-18,53.17000
2013-04-22,53.43000
2013-04-23,53.42000
2013-04-25,53.61000
2013-04-26,53.43000
2013-04-29,54.36000
2013-04-30,56.01000
2013-05-02,56.38000
2013-05-03,56.16000
2013-05-06,55.87000
2013-05-07,56.87000
2013-05-08,57.59000
2013-05-09,57.64000
2013-05-10,58.42000
2013-05-13,57.05000
2013-05-14,56.95000
2013-05-15,57.73000
2013-05-16,57.14000
2013-05-17,57.22000
2013-05-20,57.10000
2013-05-21,56.83000
2013-05-22,57.22000
2013-05-23,56.89000
2013-05-24,57.05000
2013-05-27,57.49000
2013-05-28,57.88000
2013-05-29,58.07000
2013-05-30,58.98000
2013-05-31,58.32000
2013-06-03,58.10000
2013-06-04,58.36000
2013-06-05,58.14000
2013-06-06,58.18000
2013-06-07,58.15000
2013-06-10,58.15000
2013-06-11,57.59000
2013-06-12,57.13000
2013-06-13,56.46000
2013-06-14,57.03000
2013-06-17,57.26000
2013-06-18,57.11000
2013-06-19,57.04000
2013-06-20,56.13000
2013-06-21,55.94000
2013-06-24,54.81000
2013-06-25,54.96000
2013-06-26,55.36000
2013-06-27,55.21000
2013-06-28,55.47000
2013-07-01,56.20000
2013-07-02,56.11000
2013-07-03,56.33000
2013-07-04,57.83000
2013-07-05,58.26000
2013-07-08,58.64000
2013-07-09,58.72000
2013-07-10,58.47000
2013-07-11,59.36000
2013-07-12,59.34000
2013-07-15,59.89000
2013-07-16,60.70000
2013-07-17,61.82000
2013-07-18,61.93000
2013-07-19,61.81000
2013-07-22,61.65000
2013-07-23,62.22000
2013-07-24,62.30000
2013-07-25,60.62000
2013-07-26,61.18000
2013-07-29,60.13000
2013-07-30,59.22000
2013-07-31,58.00000
2013-08-01,57.39000
2013-08-02,56.74000
2013-08-05,56.90000
2013-08-06,55.85000
2013-08-07,54.97000
2013-08-08,55.33000
2013-08-12,56.47000
2013-08-13,56.81000
2013-08-14,57.01000
2013-08-16,55.04000
2013-08-19,54.06000
2013-08-20,54.04000
2013-08-21,52.47000
2013-08-22,53.17000
2013-08-23,53.46000
2013-08-26,53.35000
2013-08-27,51.94000
2013-08-28,51.68000
2013-08-29,52.69000
2013-08-30,53.28000
2013-09-02,54.74000
2013-09-03,52.66000
2013-09-04,52.78000
2013-09-05,54.09000
2013-09-06,54.42000
2013-09-10,56.55000
2013-09-11,56.17000
2013-09-12,56.80000
2013-09-13,56.22000
2013-09-16,56.46000
2013-09-17,56.88000
2013-09-18,57.56000
2013-09-19,58.91000
2013-09-20,58.83000
2013-09-23,58.17000
2013-09-24,58.17000
2013-09-25,57.73000
2013-09-26,58.11000
2013-09-27,58.38000
2013-09-30,57.66000
2013-10-01,57.99000
2013-10-03,57.78000
2013-10-04,57.88000
2013-10-07,57.98000
2013-10-08,58.63000
2013-10-09,58.86000
2013-10-10,58.97000
2013-10-11,58.46000
2013-10-14,58.36000
2013-10-15,58.10000
2013-10-17,58.59000
2013-10-18,59.66000
2013-10-21,58.91000
2013-10-22,59.06000
2013-10-23,59.09000
2013-10-24,59.11000
2013-10-25,58.78000
2013-10-28,57.46000
2013-10-29,57.59000
2013-10-30,58.23000
2013-10-31,58.59000
2013-11-01,58.17000
2013-11-05,57.22000
2013-11-06,56.95000
2013-11-07,56.86000
2013-11-08,56.60000
2013-11-11,56.01000
2013-11-12,56.42000
2013-11-13,55.61000
2013-11-14,55.84000
2013-11-18,57.00000
2013-11-19,56.92000
2013-11-20,56.62000
2013-11-21,55.72000
2013-11-22,55.60000
2013-11-25,56.69000
2013-11-26,56.15000
2013-11-27,56.56000
2013-11-28,56.50000
2013-11-29,57.36000
2013-12-02,57.61000
2013-12-03,57.20000
2013-12-04,56.57000
2013-12-05,56.23000
2013-12-06,56.29000
2013-12-09,56.42000
2013-12-10,56.75000
2013-12-11,57.16000
2013-12-12,56.85000
2013-12-13,56.46000
2013-12-16,56.08000
2013-12-17,56.47000
2013-12-18,56.68000
2013-12-19,56.62000
2013-12-20,56.98000
2013-12-23,57.20000
2013-12-24,57.31000
2013-12-26,57.61000
2013-12-27,57.87000
2013-12-30,53.81000
2013-12-31,53.88000
2014-01-01,54.02000
2014-01-02,52.95000
2014-01-03,53.18000
2014-01-06,53.27000
2014-01-07,53.36000
2014-01-08,53.55000
2014-01-09,53.35000
2014-01-10,53.91000
2014-01-13,54.13000
2014-01-14,54.04000
2014-01-15,54.48000
2014-01-16,54.08000
2014-01-17,53.75000
2014-01-20,54.34000
2014-01-21,54.36000
2014-01-22,54.33000
2014-01-23,54.53000
2014-01-24,53.86000
2014-01-27,53.49000
2014-01-28,53.57000
2014-01-29,53.46000
2014-01-30,52.99000
2014-01-31,53.26000
2014-02-03,52.81000
2014-02-04,53.18000
2014-02-05,52.80000
2014-02-06,53.27000
2014-02-07,53.35000
2014-02-10,53.48000
2014-02-11,53.43000
2014-02-12,52.98000
2014-02-13,52.44000
2014-02-14,52.69000
2014-02-17,52.58000
2014-02-18,52.47000
2014-02-19,52.59000
2014-02-20,52.13000
2014-02-21,52.77000
2014-02-24,53.01000
2014-02-25,53.21000
2014-02-26,53.71000
2014-02-28,53.69000
2014-03-03,53.65000
2014-03-04,53.92000
2014-03-05,54.23000
2014-03-06,54.43000
2014-03-07,54.59000
2014-03-10,54.38000
2014-03-11,54.26000
2014-03-12,54.81000
2014-03-13,54.98000
2014-03-14,55.32000
2014-03-18,56.14000
2014-03-19,56.68000
2014-03-20,56.52000
2014-03-21,56.90000
2014-03-24,57.15000
2014-03-25,57.33000
2014-03-26,56.90000
2014-03-27,57.10000
2014-03-28,57.29000
2014-03-31,56.88000
2014-04-01,56.98000
2014-04-02,56.37000
2014-04-03,56.55000
2014-04-04,56.31000
2014-04-07,56.31000
2014-04-09,56.66000
2014-04-10,56.35000
2014-04-11,56.23000
2014-04-15,56.44000
2014-04-16,56.79000
2014-04-17,57.59000
2014-04-21,57.63000
2014-04-22,57.55000
2014-04-23,58.00000
2014-04-25,57.02000
2014-04-28,56.75000
2014-04-29,56.44000
2014-04-30,56.35000
2014-05-02,56.20000
2014-05-05,56.56000
2014-05-06,56.70000
2014-05-07,56.66000
2014-05-08,56.40000
2014-05-09,56.72000
2014-05-12,57.86000
2014-05-13,58.27000
2014-05-14,58.58000
2014-05-15,58.45000
2014-05-16,57.54000
2014-05-19,56.25000
2014-05-20,56.63000
2014-05-21,56.89000
2014-05-22,57.70000
2014-05-23,57.84000
2014-05-26,57.53000
2014-05-27,57.43000
2014-05-28,57.46000
2014-05-29,57.07000
2014-05-30,57.24000
2014-06-02,56.93000
2014-06-03,57.22000
2014-06-04,56.96000
2014-06-05,57.41000
2014-06-06,58.13000
2014-06-09,58.30000
2014-06-10,58.36000
2014-06-11,58.02000
2014-06-12,58.23000
2014-06-13,57.45000
2014-06-16,57.94000
2014-06-17,58.08000
2014-06-18,57.94000
2014-06-19,57.74000
2014-06-20,57.90000
2014-06-23,56.01000
2014-06-24,56.63000
2014-06-25,56.53000
2014-06-26,56.40000
2014-06-27,56.59000
2014-06-30,57.22000
2014-07-01,57.37000
2014-07-02,57.99000
2014-07-03,58.80000
2014-07-04,59.01000
2014-07-07,59.15000
2014-07-08,58.72000
2014-07-09,59.00000
2014-07-10,58.49000
2014-07-11,58.47000
2014-07-14,58.37000
2014-07-15,58.37000
2014-07-16,58.91000
2014-07-17,59.18000
2014-07-18,59.17000
2014-07-21,60.05000
2014-07-22,60.44000
2014-07-23,60.52000
2014-07-24,60.82000
2014-07-25,61.05000
2014-07-28,60.75000
2014-07-30,61.08000
2014-07-31,61.06000
2014-08-01,60.21000
2014-08-04,60.76000
2014-08-05,61.03000
2014-08-06,60.29000
2014-08-07,60.19000
2014-08-08,60.02000
2014-08-11,60.14000
2014-08-12,60.17000
2014-08-13,60.59000
2014-08-14,61.09000
2014-08-18,61.28000
2014-08-19,61.56000
2014-08-20,61.17000
2014-08-21,61.23000
2014-08-22,61.37000
2014-08-25,61.62000
2014-08-26,62.17000
2014-08-27,62.15000
2014-08-28,62.37000
2014-09-01,62.40000
2014-09-02,62.90000
2014-09-03,62.70000
2014-09-04,63.04000
2014-09-05,63.03000
2014-09-08,63.62000
2014-09-09,64.01000
2014-09-10,63.47000
2014-09-11,63.60000
2014-09-12,64.49000
2014-09-15,64.53000
2014-09-16,63.82000
2014-09-17,64.02000
2014-09-18,64.53000
2014-09-19,64.39000
2014-09-22,65.51000
2014-09-23,65.17000
2014-09-24,65.62000
2014-09-25,65.01000
2014-09-26,64.93000
2014-09-29,64.84000
2014-09-30,65.22000
2014-10-01,64.91000
2014-10-07,64.57000
2014-10-08,64.55000
2014-10-09,64.90000
2014-10-10,63.86000
2014-10-13,63.81000
2014-10-14,63.61000
2014-10-16,63.32000
2014-10-17,63.46000
2014-10-20,63.87000
2014-10-21,64.15000
2014-10-22,64.40000
2014-10-27,64.86000
2014-10-28,64.95000
2014-10-29,65.56000
2014-10-30,66.06000
2014-10-31,66.37000
2014-11-03,66.36000
2014-11-05,66.66000
2014-11-07,66.39000
2014-11-10,67.85000
2014-11-11,67.56000
2014-11-12,68.36000
2014-11-13,68.47000
2014-11-14,69.11000
2014-11-17,69.47000
2014-11-18,69.60000
2014-11-19,69.44000
2014-11-20,69.40000
2014-11-21,70.03000
2014-11-24,69.86000
2014-11-25,67.66000
2014-11-26,68.80000
2014-11-27,69.00000
2014-11-28,69.30000
2014-12-01,69.75000
2014-12-02,70.69000
2014-12-03,70.83000
2014-12-04,72.37000
2014-12-05,73.16000
2014-12-08,73.49000
2014-12-09,72.66000
2014-12-10,73.17000
2014-12-11,72.91000
2014-12-12,72.70000
2014-12-15,72.36000
2014-12-16,70.39000
2014-12-17,69.41000
2014-12-18,70.57000
2014-12-19,70.26000
2014-12-22,71.08000
2014-12-23,71.08000
2014-12-24,70.53000
2014-12-26,70.23000
2014-12-29,64.79000
2014-12-30,64.91000
2014-12-31,65.26000
2015-01-01,65.40000
2015-01-02,65.94000
2015-01-05,65.97000
2015-01-06,64.62000
2015-01-07,64.66000
2015-01-08,65.55000
2015-01-09,65.26000
2015-01-12,65.75000
2015-01-13,66.31000
2015-01-14,65.86000
2015-01-15,66.79000
2015-01-16,67.09000
2015-01-19,67.46000
2015-01-20,68.18000
2015-01-21,67.26000
2015-01-22,67.72000
2015-01-23,67.60000
2015-01-27,68.25000
2015-01-28,68.29000
2015-01-29,68.57000
2015-01-30,67.92000
2015-02-02,67.02000
2015-02-03,67.51000
2015-02-04,67.37000
2015-02-05,67.24000
2015-02-06,67.40000
2015-02-09,66.87000
2015-02-10,67.14000
2015-02-11,67.53000
2015-02-12,67.71000
2015-02-13,68.74000
2015-02-16,69.44000
2015-02-18,69.97000
2015-02-19,69.64000
2015-02-20,70.15000
2015-02-23,69.65000
2015-02-24,69.88000
2015-02-25,70.09000
2015-02-26,69.40000
2015-02-27,69.79000
2015-03-02,66.93000
2015-03-03,67.60000
2015-03-04,67.95000
2015-03-05,69.13000
2015-03-09,68.35000
2015-03-10,68.22000
2015-03-11,67.91000
2015-03-12,68.78000
2015-03-13,67.61000
2015-03-16,67.34000
2015-03-17,68.11000
2015-03-18,67.78000
2015-03-19,67.63000
2015-03-20,66.59000
2015-03-23,66.22000
2015-03-24,66.30000
2015-03-25,66.06000
2015-03-26,65.38000
2015-03-27,65.00000
2015-03-30,66.23000
2015-03-31,66.07000
2015-04-01,66.85000
2015-04-06,67.98000
2015-04-07,68.56000
2015-04-08,69.44000
2015-04-09,69.65000
2015-04-10,70.06000
2015-04-13,70.73000
2015-04-15,70.89000
2015-04-16,70.46000
2015-04-17,70.01000
2015-04-20,68.06000
2015-04-21,67.39000
2015-04-22,67.59000
2015-04-23,67.86000
2015-04-24,67.73000
2015-04-27,66.22000
2015-04-28,66.24000
2015-04-29,65.66000
2015-04-30,65.23000
2015-05-04,66.47000
2015-05-05,66.63000
2015-05-06,64.86000
2015-05-07,64.41000
2015-05-08,65.09000
2015-05-11,65.68000
2015-05-12,65.06000
2015-05-13,65.85000
2015-05-14,65.84000
2015-05-15,66.40000
2015-05-18,67.26000
2015-05-19,67.40000
2015-05-20,67.13000
2015-05-21,66.61000
2015-05-22,66.96000
2015-05-25,66.08000
2015-05-26,65.76000
2015-05-27,65.77000
2015-05-28,66.27000
2015-05-29,67.34000
2015-06-01,67.72000
2015-06-02,65.87000
2015-06-03,64.72000
2015-06-04,64.75000
2015-06-05,65.15000
2015-06-08,64.46000
2015-06-09,64.04000
2015-06-10,64.36000
2015-06-11,63.45000
2015-06-12,63.57000
2015-06-15,63.81000
2015-06-16,63.72000
2015-06-17,64.33000
2015-06-18,64.49000
2015-06-19,65.00000
2015-06-22,65.90000
2015-06-23,66.16000
2015-06-24,66.12000
2015-06-25,65.98000
2015-06-26,65.67000
2015-06-29,65.33000
2015-06-30,66.50000
2015-07-01,66.39000
2015-07-02,66.42000
2015-07-03,66.89000
2015-07-06,67.45000
2015-07-07,67.88000
2015-07-08,67.16000
2015-07-09,67.04000
2015-07-10,67.05000
2015-07-13,67.64000
2015-07-14,67.53000
2015-07-15,67.77000
2015-07-16,68.29000
2015-07-17,68.82000
2015-07-20,68.92000
2015-07-21,67.78000
2015-07-22,68.07000
2015-07-23,68.23000
2015-07-24,68.06000
2015-07-27,67.51000
2015-07-28,67.39000
2015-07-29,66.96000
2015-07-30,68.39000
2015-07-31,69.41000
2015-08-03,69.36000
2015-08-04,69.77000
2015-08-05,70.41000
2015-08-06,69.95000
2015-08-07,69.86000
2015-08-10,69.91000
2015-08-11,69.49000
2015-08-12,68.44000
2015-08-13,68.18000
2015-08-14,68.70000
2015-08-17,68.54000
2015-08-18,68.54000
2015-08-19,68.80000
2015-08-20,69.23000
2015-08-21,69.19000
2015-08-24,65.57000
2015-08-25,65.51000
2015-08-26,65.37000
2015-08-27,67.32000
2015-08-28,67.44000
2015-08-31,67.01000
2015-09-01,65.61000
2015-09-02,65.65000
2015-09-03,65.76000
2015-09-04,65.23000
2015-09-07,64.34000
2015-09-08,63.78000
2015-09-09,64.53000
2015-09-10,64.40000
2015-09-11,64.68000
2015-09-14,65.47000
2015-09-15,65.83000
2015-09-16,66.02000
2015-09-18,66.06000
2015-09-21,65.71000
2015-09-22,64.89000
2015-09-23,65.17000
2015-09-24,65.83000
2015-09-28,65.46000
2015-09-29,65.47000
2015-09-30,66.64000
2015-10-01,66.83000
2015-10-05,67.74000
2015-10-06,69.30000
2015-10-07,69.28000
2015-10-08,68.57000
2015-10-09,68.76000
2015-10-12,68.37000
2015-10-13,68.62000
2015-10-14,68.74000
2015-10-15,69.20000
2015-10-16,69.33000
2015-10-19,69.64000
2015-10-20,69.59000
2015-10-21,69.41000
2015-10-23,70.28000
2015-10-26,69.89000
2015-10-27,69.94000
2015-10-28,69.83000
2015-10-29,69.52000
2015-10-30,67.94000
2015-11-02,67.84000
2015-11-03,67.67000
2015-11-04,67.83000
2015-11-05,67.12000
2015-11-06,66.90000
2015-11-09,67.75000
2015-11-10,66.65000
2015-11-13,65.98000
2015-11-16,66.75000
2015-11-17,67.92000
2015-11-18,67.67000
2015-11-19,68.70000
2015-11-20,68.62000
2015-11-23,68.19000
2015-11-24,68.03000
2015-11-26,68.56000
2015-11-27,68.60000
2015-11-30,68.34000
2015-12-01,68.58000
2015-12-02,68.77000
2015-12-03,68.05000
2015-12-04,67.32000
2015-12-07,65.79000
2015-12-08,65.67000
2015-12-09,65.25000
2015-12-10,65.98000
2015-12-11,65.56000
2015-12-14,65.67000
2015-12-15,66.40000
2015-12-16,66.04000
2015-12-17,66.66000
2015-12-18,66.55000
2015-12-21,67.41000
2015-12-22,66.88000
2015-12-23,67.17000
2015-12-24,67.36000
2015-12-28,68.03000
2015-12-29,67.99000
2015-12-30,68.21000
2015-12-31,68.48000
2016-01-01,68.59000
2016-01-04,68.13000
2016-01-05,62.91000
2016-01-06,61.93000
2016-01-07,60.56000
2016-01-08,61.32000
2016-01-11,61.21000
2016-01-12,61.15000
2016-01-13,60.86000
2016-01-14,60.59000
2016-01-15,59.42000
2016-01-18,58.79000
2016-01-19,59.14000
2016-01-20,58.27000
2016-01-21,57.92000
2016-01-22,58.82000
2016-01-25,58.97000
2016-01-27,59.22000
2016-01-28,59.52000
2016-01-29,60.22000
2016-02-01,60.63000
2016-02-02,60.04000
2016-02-03,59.64000
2016-02-04,59.76000
2016-02-05,60.44000
2016-02-08,59.97000
2016-02-09,59.16000
2016-02-10,58.57000
2016-02-11,56.60000
2016-02-12,56.17000
2016-02-15,57.21000
2016-02-16,56.20000
2016-02-17,56.37000
2016-02-18,57.15000
2016-02-19,57.43000
2016-02-22,57.40000
2016-02-23,56.41000
2016-02-24,55.71000
2016-02-25,55.48000
2016-02-26,55.71000
2016-02-29,55.63000
2016-03-01,58.52000
2016-03-02,58.48000
2016-03-03,58.85000
2016-03-04,58.59000
2016-03-08,59.08000
2016-03-09,59.06000
2016-03-10,58.71000
2016-03-11,59.22000
2016-03-14,59.70000
2016-03-15,58.83000
2016-03-16,59.03000
2016-03-17,59.30000
2016-03-18,59.64000
2016-03-21,60.35000
2016-03-22,59.93000
2016-03-23,60.00000
2016-03-28,58.75000
2016-03-29,58.75000
2016-03-30,59.55000
2016-03-31,60.17000
2016-04-01,60.59000
2016-04-04,60.56000
2016-04-05,59.85000
2016-04-06,60.23000
2016-04-07,59.62000
2016-04-08,59.95000
2016-04-11,60.84000
2016-04-12,60.97000
2016-04-13,61.96000
2016-04-18,63.05000
2016-04-20,63.29000
2016-04-21,62.50000
2016-04-22,62.03000
2016-04-25,61.64000
2016-04-26,62.17000
2016-04-27,62.81000
2016-04-28,61.55000
2016-04-29,61.66000
2016-05-02,61.78000
2016-05-03,61.15000
2016-05-04,60.50000
2016-05-05,61.03000
2016-05-06,61.34000
2016-05-09,62.00000
2016-05-10,61.93000
2016-05-11,61.85000
2016-05-12,61.97000
2016-05-13,62.10000
2016-05-16,62.66000
2016-05-17,62.85000
2016-05-18,62.95000
2016-05-19,61.85000
2016-05-20,62.16000
2016-05-23,62.97000
2016-05-24,62.94000
2016-05-25,63.90000
2016-05-26,64.51000
2016-05-27,64.32000
2016-05-30,64.58000
2016-05-31,64.17000
2016-06-01,65.01000
2016-06-02,64.95000
2016-06-03,64.60000
2016-06-06,64.67000
2016-06-07,65.30000
2016-06-08,65.52000
2016-06-09,64.91000
2016-06-10,64.36000
2016-06-13,64.25000
2016-06-14,64.48000
2016-06-15,64.92000
2016-06-16,64.75000
2016-06-17,65.14000
2016-06-20,65.00000
2016-06-21,64.90000
2016-06-22,64.54000
2016-06-23,64.90000
2016-06-24,64.27000
2016-06-27,64.99000
2016-06-28,65.81000
2016-06-29,66.07000
2016-06-30,66.59000
2016-07-01,67.62000
2016-07-04,67.48000
2016-07-05,67.34000
2016-07-07,67.66000
2016-07-08,67.60000
2016-07-11,68.08000
2016-07-12,68.02000
2016-07-13,67.71000
2016-07-14,68.17000
2016-07-15,68.07000
2016-07-18,67.94000
2016-07-19,68.15000
2016-07-20,68.43000
2016-07-21,68.44000
2016-07-22,68.69000
2016-07-25,69.06000
2016-07-26,68.78000
2016-07-27,68.25000
2016-07-28,69.34000
2016-07-29,69.36000
2016-08-01,69.45000
2016-08-02,70.05000
2016-08-03,68.59000
2016-08-04,68.40000
2016-08-05,68.78000
2016-08-08,69.39000
2016-08-09,69.14000
2016-08-10,68.45000
2016-08-11,69.27000
2016-08-12,69.52000
2016-08-16,69.72000
2016-08-17,70.12000
2016-08-18,70.17000
2016-08-19,70.23000
2016-08-22,70.54000
2016-08-23,70.26000
2016-08-24,70.26000
2016-08-25,70.50000
2016-08-26,70.52000
2016-08-29,70.55000
2016-08-30,71.31000
2016-08-31,71.38000
2016-09-01,71.31000
2016-09-02,71.57000
2016-09-06,71.63000
2016-09-07,71.67000
2016-09-08,71.94000
2016-09-09,70.99000
2016-09-12,69.72000
2016-09-14,69.90000
2016-09-15,70.12000
2016-09-16,70.57000
2016-09-19,70.12000
2016-09-20,69.66000
2016-09-21,69.34000
2016-09-22,69.82000
2016-09-23,69.67000
2016-09-26,68.86000
2016-09-27,68.79000
2016-09-28,68.98000
2016-09-29,67.93000
2016-09-30,67.97000
2016-10-03,68.91000
2016-10-04,68.96000
2016-10-05,69.09000
2016-10-06,68.76000
2016-10-07,68.88000
2016-10-10,68.97000
2016-10-13,68.32000
2016-10-14,68.49000
2016-10-17,68.22000
2016-10-18,69.00000
2016-10-19,68.68000
2016-10-20,68.85000
2016-10-21,68.90000
2016-10-24,69.12000
2016-10-25,68.89000
2016-10-26,68.53000
2016-10-27,68.44000
2016-10-28,68.73000
2016-11-01,68.52000
2016-11-02,67.72000
2016-11-03,67.64000
2016-11-04,68.20000
2016-11-07,68.91000
2016-11-08,69.00000
2016-11-09,67.49000
2016-11-10,67.86000
2016-11-11,65.79000
2016-11-15,63.67000
2016-11-16,63.51000
2016-11-17,63.44000
2016-11-18,62.84000
2016-11-21,61.77000
2016-11-22,62.10000
2016-11-23,62.32000
2016-11-24,62.12000
2016-11-25,62.86000
2016-11-28,63.26000
2016-11-29,63.33000
2016-11-30,63.70000
2016-12-01,63.59000
2016-12-02,62.73000
2016-12-05,63.43000
2016-12-06,63.11000
2016-12-07,62.77000
2016-12-08,63.70000
2016-12-09,64.23000
2016-12-12,63.13000
2016-12-13,63.65000
2016-12-14,63.02000
2016-12-15,62.59000
2016-12-16,62.28000
2016-12-19,62.05000
2016-12-20,61.98000
2016-12-21,61.54000
2016-12-22,61.45000
2016-12-23,60.97000
2016-12-26,60.79000
2016-12-27,61.91000
2016-12-28,62.28000
2016-12-29,62.74000
2016-12-30,63.69000
2017-01-02,58.73000
2017-01-03,59.08000
2017-01-04,59.26000
2017-01-05,59.47000
2017-01-06,58.98000
2017-01-09,59.03000
2017-01-10,59.41000
2017-01-11,59.69000
2017-01-12,59.40000
2017-01-13,60.02000
2017-01-16,60.03000
2017-01-17,60.32000
2017-01-18,60.76000
2017-01-19,61.16000
2017-01-20,60.90000
2017-01-23,61.29000
2017-01-24,61.86000
2017-01-25,62.73000
2017-01-27,62.04000
2017-01-30,61.85000
2017-01-31,61.91000
2017-02-01,63.15000
2017-02-02,63.73000
2017-02-03,63.77000
2017-02-06,64.77000
2017-02-07,64.71000
2017-02-08,64.71000
2017-02-09,64.96000
2017-02-10,64.68000
2017-02-13,64.63000
2017-02-14,64.53000
2017-02-15,64.38000
2017-02-16,64.14000
2017-02-17,64.40000
2017-02-20,64.56000
2017-02-21,64.47000
2017-02-22,64.37000
2017-02-23,64.31000
2017-02-27,64.31000
2017-02-28,64.34000
2017-03-01,64.86000
2017-03-02,64.38000
2017-03-03,64.22000
2017-03-06,64.43000
2017-03-07,64.36000
2017-03-08,64.14000
2017-03-09,64.30000
2017-03-10,64.33000
2017-03-14,65.54000
2017-03-15,65.61000
2017-03-16,65.92000
2017-03-17,67.05000
2017-03-20,67.11000
2017-03-21,67.36000
2017-03-22,66.54000
2017-03-23,66.64000
2017-03-24,66.81000
2017-03-27,66.89000
2017-03-28,67.05000
2017-03-29,67.51000
2017-03-30,68.04000
2017-03-31,68.08000
2017-04-03,68.39000
2017-04-05,68.57000
2017-04-06,67.81000
2017-04-07,67.55000
2017-04-10,67.73000
2017-04-11,68.63000
2017-04-12,68.49000
2017-04-13,68.42000
2017-04-17,68.00000
2017-04-18,67.88000
2017-04-19,68.16000
2017-04-20,68.48000
2017-04-21,68.08000
2017-04-24,68.35000
2017-04-25,69.03000
2017-04-26,69.76000
2017-04-27,69.35000
2017-04-28,68.84000
2017-05-02,68.91000
2017-05-03,68.77000
2017-05-04,69.22000
2017-05-05,68.62000
2017-05-08,68.34000
2017-05-09,68.17000
2017-05-10,68.92000
2017-05-11,69.10000
2017-05-12,69.04000
2017-05-15,69.55000
2017-05-16,70.09000
2017-05-17,69.92000
2017-05-18,69.19000
2017-05-19,69.94000
2017-05-22,71.25000
2017-05-23,70.28000
2017-05-24,69.83000
2017-05-25,70.37000
2017-05-26,71.70000
2017-05-29,71.84000
2017-05-30,71.29000
2017-05-31,71.66000
2017-06-01,72.18000
2017-06-02,72.78000
2017-06-05,73.53000
2017-06-06,72.76000
2017-06-07,73.07000
2017-06-08,72.98000
2017-06-09,72.73000
2017-06-12,72.53000
2017-06-13,72.78000
2017-06-14,72.32000
2017-06-15,72.41000
2017-06-16,72.69000
2017-06-19,73.02000
2017-06-20,72.74000
2017-06-21,73.07000
2017-06-22,73.01000
2017-06-23,72.82000
2017-06-27,72.52000
2017-06-28,71.97000
2017-06-29,72.58000
2017-06-30,73.65000
2017-07-03,75.67000
2017-07-04,75.54000
2017-07-05,75.30000
2017-07-06,76.04000
2017-07-07,75.78000
2017-07-10,75.80000
2017-07-11,75.19000
2017-07-12,75.41000
2017-07-13,76.28000
2017-07-14,76.40000
2017-07-17,75.78000
2017-07-18,72.73000
2017-07-19,73.33000
2017-07-20,73.28000
2017-07-21,73.28000
2017-07-24,73.86000
2017-07-25,73.87000
2017-07-26,73.87000
2017-07-27,73.27000
2017-07-28,73.51000
2017-07-31,73.11000
2017-08-01,73.23000
2017-08-02,73.00000
2017-08-03,73.03000
2017-08-04,73.19000
2017-08-07,73.42000
2017-08-08,72.90000
2017-08-09,72.39000
2017-08-10,72.29000
2017-08-11,71.83000
2017-08-14,72.85000
2017-08-16,73.91000
2017-08-17,73.86000
2017-08-18,74.07000
2017-08-21,73.83000
2017-08-22,73.92000
2017-08-23,73.99000
2017-08-24,73.86000
2017-08-28,74.33000
2017-08-29,73.79000
2017-08-30,74.30000
2017-08-31,74.52000
2017-09-01,74.79000
2017-09-04,74.35000
2017-09-05,74.73000
2017-09-06,74.24000
2017-09-07,73.88000
2017-09-08,74.14000
2017-09-11,74.81000
2017-09-12,75.56000
2017-09-13,74.30000
2017-09-14,74.61000
2017-09-15,74.64000
2017-09-18,74.77000
2017-09-19,75.16000
2017-09-20,75.16000
2017-09-21,74.81000
2017-09-22,74.08000
2017-09-25,73.20000
2017-09-26,73.06000
2017-09-27,72.07000
2017-09-28,72.68000
2017-09-29,72.57000
2017-10-03,73.09000
2017-10-04,74.03000
2017-10-05,74.05000
2017-10-06,74.82000
2017-10-09,75.12000
2017-10-10,75.09000
2017-10-11,74.68000
2017-10-12,75.38000
2017-10-13,75.44000
2017-10-16,75.71000
2017-10-17,75.82000
2017-10-18,75.92000
2017-10-23,75.36000
2017-10-24,75.62000
2017-10-25,76.01000
2017-10-26,75.92000
2017-10-27,75.99000
2017-10-30,76.04000
2017-10-31,76.08000
2017-11-01,76.70000
2017-11-02,76.13000
2017-11-03,76.18000
2017-11-06,76.25000
2017-11-07,75.99000
2017-11-08,76.19000
2017-11-09,76.35000
2017-11-10,76.79000
2017-11-13,76.51000
2017-11-14,76.03000
2017-11-15,75.38000
2017-11-16,75.94000
2017-11-17,76.53000
2017-11-20,76.73000
2017-11-21,76.77000
2017-11-22,76.69000
2017-11-23,76.84000
2017-11-24,77.45000
2017-11-27,77.54000
2017-11-28,77.46000
2017-11-29,77.50000
2017-11-30,77.27000
2017-12-01,76.92000
2017-12-04,76.67000
2017-12-05,76.53000
2017-12-06,76.20000
2017-12-07,76.77000
2017-12-08,77.94000
2017-12-11,78.21000
2017-12-12,77.61000
2017-12-13,77.22000
2017-12-14,77.76000
2017-12-15,78.24000
2017-12-18,78.52000
2017-12-19,79.11000
2017-12-20,79.33000
2017-12-21,79.53000
2017-12-22,79.44000
2017-12-26,79.44000
2017-12-27,79.05000
2017-12-28,79.02000
2017-12-29,79.55000
2018-01-01,79.51000
2018-01-02,79.28000
2018-01-03,79.80000
2018-01-04,79.77000
2018-01-05,80.45000
2018-01-08,80.84000
2018-01-09,80.99000
2018-01-10,81.08000
2018-01-11,81.19000
2018-01-12,80.88000
2018-01-15,80.68000
2018-01-16,79.85000
2018-01-17,80.05000
2018-01-18,80.61000
2018-01-19,81.06000
2018-01-22,81.25000
2018-01-23,81.66000
2018-01-24,81.75000
2018-01-25,81.17000
2018-01-29,80.65000
2018-01-30,80.17000
2018-01-31,79.21000
2018-02-01,79.71000
2018-02-02,78.90000
2018-02-05,78.50000
2018-02-06,77.67000
2018-02-07,78.07000
2018-02-08,78.53000
2018-02-09,78.28000
2018-02-12,78.73000
2018-02-14,78.50000
2018-02-15,78.63000
2018-02-16,78.18000
2018-02-19,77.84000
2018-02-20,77.66000
2018-02-21,68.59000
2018-02-22,68.35000
2018-02-23,68.88000
2018-02-26,68.73000
2018-02-27,68.87000
2018-02-28,68.65000
2018-03-01,68.66000
2018-03-05,68.08000
2018-03-06,67.36000
2018-03-07,67.48000
2018-03-08,67.55000
2018-03-09,67.77000
2018-03-12,68.76000
2018-03-13,68.94000
2018-03-14,68.68000
2018-03-15,68.74000
2018-03-16,67.93000
2018-03-19,67.31000
2018-03-20,67.53000
2018-03-21,67.79000
2018-03-22,67.83000
2018-03-23,67.57000
2018-03-26,68.33000
2018-03-27,68.74000
2018-03-28,68.57000
2018-04-02,69.15000
2018-04-03,69.19000
2018-04-04,69.18000
2018-04-05,69.63000
2018-04-06,70.24000
2018-04-09,70.95000
2018-04-10,70.84000
2018-04-11,71.16000
2018-04-12,70.85000
2018-04-13,70.74000
2018-04-16,71.21000
2018-04-17,71.68000
2018-04-18,72.31000
2018-04-19,72.72000
2018-04-20,72.34000
2018-04-23,72.19000
2018-04-24,72.08000
2018-04-25,71.64000
2018-04-26,72.23000
2018-04-27,72.39000
2018-04-30,73.08000
2018-05-02,73.06000
2018-05-03,72.36000
2018-05-04,71.67000
2018-05-07,72.31000
2018-05-08,72.22000
2018-05-09,72.09000
2018-05-10,71.78000
2018-05-11,72.34000
2018-05-14,72.23000
2018-05-15,72.01000
2018-05-16,72.82000
2018-05-17,72.21000
2018-05-18,72.62000
2018-05-21,72.25000
2018-05-22,72.24000
2018-05-23,71.86000
2018-05-24,72.22000
2018-05-25,72.69000
2018-05-28,72.52000
2018-05-29,71.69000
2018-05-30,71.30000
2018-05-31,71.45000
2018-06-01,70.93000
2018-06-04,70.36000
2018-06-05,69.95000
2018-06-06,70.47000
2018-06-07,70.69000
2018-06-08,70.49000
2018-06-11,70.65000
2018-06-12,70.75000
2018-06-13,70.69000
2018-06-14,70.71000
2018-06-15,70.47000
2018-06-18,70.59000
2018-06-19,70.35000
2018-06-20,70.12000
2018-06-21,69.83000
2018-06-22,70.24000
2018-06-25,69.91000
2018-06-26,70.38000
2018-06-27,70.03000
2018-06-28,69.35000
2018-06-29,70.43000
2018-07-02,70.20000
2018-07-03,70.51000
2018-07-04,70.62000
2018-07-05,71.33000
2018-07-06,71.29000
2018-07-09,71.95000
2018-07-10,72.31000
2018-07-11,72.43000
2018-07-12,72.39000
2018-07-13,71.62000
2018-07-16,71.53000
2018-07-17,71.45000
2018-07-18,71.02000
2018-07-19,71.41000
2018-07-20,71.63000
2018-07-23,73.15000
2018-07-24,73.44000
2018-07-25,73.36000
2018-07-26,73.50000
2018-07-27,75.11000
2018-07-30,75.07000
2018-07-31,75.37000
2018-08-01,76.22000
2018-08-02,76.13000
2018-08-03,76.65000
2018-08-06,76.87000
2018-08-07,76.94000
2018-08-08,77.13000
2018-08-09,77.47000
2018-08-10,77.68000
2018-08-13,77.89000
2018-08-14,78.59000
2018-08-16,78.49000
2018-08-17,79.44000
2018-08-20,79.51000
2018-08-21,79.62000
2018-08-23,80.29000
2018-08-24,79.89000
2018-08-27,80.46000
2018-08-28,80.38000
2018-08-29,80.10000
2018-08-30,80.64000
2018-08-31,80.84000
2018-09-03,79.66000
2018-09-04,78.33000
2018-09-05,78.09000
2018-09-06,78.09000
2018-09-07,78.47000
2018-09-10,77.25000
2018-09-11,75.80000
2018-09-12,77.23000
2018-09-14,77.75000
2018-09-17,76.70000
2018-09-18,76.93000
2018-09-19,76.20000
2018-09-21,75.81000
2018-09-24,74.49000
2018-09-25,74.82000
2018-09-26,74.11000
2018-09-27,73.70000
2018-09-28,73.76000
2018-10-01,73.62000
2018-10-03,72.78000
2018-10-04,71.29000
2018-10-05,69.85000
2018-10-08,69.20000
2018-10-09,68.13000
2018-10-10,69.09000
2018-10-11,68.42000
2018-10-12,70.33000
2018-10-15,70.68000
2018-10-16,71.29000
2018-10-17,71.16000
2018-10-19,71.25000
2018-10-22,70.84000
2018-10-23,69.85000
2018-10-24,70.23000
2018-10-25,70.32000
2018-10-26,69.57000
2018-10-29,70.32000
2018-10-30,70.21000
2018-10-31,70.94000
2018-11-01,70.51000
2018-11-02,71.65000
2018-11-05,71.27000
2018-11-06,70.85000
2018-11-09,71.34000
2018-11-12,70.77000
2018-11-13,71.22000
2018-11-14,71.66000
2018-11-15,71.74000
2018-11-16,72.25000
2018-11-19,73.19000
2018-11-20,72.54000
2018-11-21,72.56000
2018-11-22,72.20000
2018-11-26,73.38000
2018-11-27,73.50000
2018-11-28,73.19000
2018-11-29,73.99000
2018-11-30,73.98000
2018-12-03,73.86000
2018-12-04,73.48000
2018-12-05,72.77000
2018-12-06,71.77000
2018-12-07,72.23000
2018-12-10,71.19000
2018-12-11,72.53000
2018-12-12,73.66000
2018-12-13,73.80000
2018-12-14,73.94000
2018-12-17,74.51000
2018-12-18,74.52000
2018-12-19,75.39000
2018-12-20,75.14000
2018-12-21,74.22000
2018-12-24,73.71000
2018-12-26,73.63000
2018-12-27,74.30000
2018-12-28,74.86000
2018-12-31,74.85000
2019-01-01,74.77000
2019-01-02,74.21000
2019-01-03,74.08000
2019-01-04,74.15000
2019-01-07,74.53000
2019-01-08,74.69000
2019-01-09,75.27000
2019-01-10,75.51000
2019-01-11,75.82000
2019-01-14,75.84000
2019-01-15,76.19000
2019-01-16,75.65000
2019-01-17,75.51000
2019-01-18,75.31000
2019-01-21,75.12000
2019-01-22,75.03000
2019-01-23,73.85000
2019-01-24,74.02000
2019-01-25,73.57000
2019-01-28,72.97000
2019-01-29,73.28000
2019-01-30,73.19000
2019-01-31,73.79000
2019-02-01,74.51000
2019-02-04,73.85000
2019-02-05,73.55000
2019-02-06,74.03000
2019-02-07,74.54000
2019-02-08,73.52000
2019-02-11,73.21000
2019-02-12,72.92000
2019-02-13,72.84000
2019-02-14,72.84000
2019-02-15,72.59000
2019-02-18,71.76000
2019-02-19,71.93000
2019-02-20,72.11000
2019-02-21,65.67000
2019-02-22,65.81000
2019-02-25,66.16000
2019-02-26,66.03000
2019-02-27,65.92000
2019-02-28,66.01000
2019-03-01,66.19000
2019-03-05,66.80000
2019-03-06,67.04000
2019-03-07,67.52000
2019-03-08,67.64000
2019-03-11,68.40000
2019-03-12,69.09000
2019-03-13,68.91000
2019-03-14,69.04000
2019-03-15,68.27000
2019-03-18,68.55000
2019-03-19,69.11000
2019-03-20,68.83000
2019-03-22,68.67000
2019-03-25,68.11000
2019-03-26,68.37000
2019-03-27,68.33000
2019-03-28,69.12000
2019-03-29,69.02000
2019-04-01,69.12000
2019-04-02,69.26000
2019-04-03,69.14000
2019-04-04,69.11000
2019-04-05,69.11000
2019-04-08,68.88000
2019-04-09,68.95000
2019-04-10,68.82000
2019-04-11,69.13000
2019-04-12,70.13000
2019-04-15,70.30000
2019-04-16,70.66000
2019-04-18,70.29000
2019-04-22,69.80000
2019-04-23,69.82000
2019-04-24,70.10000
2019-04-25,69.83000
2019-04-26,69.87000
2019-04-30,69.57000
2019-05-02,69.35000
2019-05-03,69.25000
2019-05-06,68.93000
2019-05-07,68.94000
2019-05-08,68.61000
2019-05-09,68.44000
2019-05-10,68.13000
2019-05-13,67.09000
2019-05-14,67.52000
2019-05-15,67.46000
2019-05-16,67.50000
2019-05-17,68.73000
2019-05-20,69.73000
2019-05-21,69.55000
2019-05-22,69.69000
2019-05-23,68.54000
2019-05-24,69.02000
2019-05-27,69.23000
2019-05-28,69.11000
2019-05-29,69.02000
2019-05-30,69.03000
2019-05-31,68.74000
2019-06-03,69.30000
2019-06-04,69.13000
2019-06-06,68.79000
2019-06-07,68.68000
2019-06-10,69.26000
2019-06-11,69.26000
2019-06-12,69.36000
2019-06-13,69.32000
2019-06-14,68.63000
2019-06-17,68.14000
2019-06-18,67.93000
2019-06-19,68.31000
2019-06-20,68.53000
2019-06-21,68.30000
2019-06-24,68.47000
2019-06-25,68.77000
2019-06-26,68.71000
2019-06-27,68.61000
2019-06-28,68.72000
2019-07-01,68.95000
2019-07-02,69.10000
2019-07-03,69.30000
2019-07-04,69.41000
2019-07-05,69.32000
2019-07-08,68.50000
2019-07-09,67.82000
2019-07-10,67.59000
2019-07-11,67.89000
2019-07-12,68.04000
2019-07-15,67.49000
2019-07-16,67.81000
2019-07-17,68.19000
2019-07-18,68.06000
2019-07-19,67.11000
2019-07-22,66.59000
2019-07-23,67.14000
2019-07-24,66.86000
2019-07-25,66.73000
2019-07-26,67.17000
2019-07-29,66.92000
2019-07-30,66.57000
2019-07-31,66.93000
2019-08-01,66.85000
2019-08-02,67.09000
2019-08-05,66.84000
2019-08-06,67.02000
2019-08-07,66.71000
2019-08-08,67.37000
2019-08-09,67.55000
2019-08-13,66.58000
2019-08-14,66.86000
2019-08-16,67.23000
2019-08-19,67.30000
2019-08-20,66.85000
2019-08-21,66.43000
2019-08-22,66.26000
2019-08-23,65.97000
2019-08-26,66.92000
2019-08-27,67.70000
2019-08-28,67.68000
2019-08-29,67.44000
2019-08-30,68.25000
2019-09-03,67.29000
2019-09-04,67.20000
2019-09-05,67.31000
2019-09-06,67.48000
2019-09-09,67.89000
2019-09-11,67.66000
2019-09-12,67.23000
2019-09-13,67.24000
2019-09-16,67.53000
2019-09-17,67.21000
2019-09-18,67.49000
2019-09-19,67.06000
2019-09-20,69.42000
2019-09-23,72.30000
2019-09-24,72.47000
2019-09-25,71.43000
2019-09-26,71.92000
2019-09-27,71.98000
2019-09-30,72.24000
2019-10-01,71.48000
2019-10-03,71.70000
2019-10-04,70.60000
2019-10-07,70.46000
2019-10-09,70.73000
2019-10-10,70.32000
2019-10-11,70.78000
2019-10-14,71.05000
2019-10-15,71.60000
2019-10-16,71.55000
2019-10-17,72.41000
2019-10-18,72.96000
2019-10-22,73.26000
2019-10-23,73.58000
2019-10-24,73.43000
2019-10-25,73.17000
2019-10-29,73.52000
2019-10-30,74.25000
2019-10-31,74.53000
2019-11-01,74.64000
2019-11-04,74.52000
2019-11-05,74.61000
2019-11-06,74.50000
2019-11-07,74.98000
2019-11-08,73.85000
2019-11-11,73.53000
2019-11-13,72.99000
2019-11-14,72.93000
2019-11-15,72.63000
2019-11-18,72.37000
2019-11-19,72.09000
2019-11-20,72.38000
2019-11-21,71.80000
2019-11-22,71.83000
2019-11-25,72.30000
2019-11-26,72.18000
2019-11-27,72.38000
2019-11-28,72.58000
2019-11-29,72.26000
2019-12-02,71.97000
2019-12-03,71.50000
2019-12-04,71.58000
2019-12-05,72.02000
2019-12-06,71.41000
2019-12-09,71.10000
2019-12-10,70.43000
2019-12-11,70.42000
2019-12-12,70.67000
2019-12-13,71.03000
2019-12-16,70.29000
2019-12-17,70.81000
2019-12-18,71.13000
2019-12-19,71.19000
2019-12-20,71.28000
2019-12-23,71.06000
2019-12-24,71.04000
2019-12-26,70.78000
2019-12-27,71.03000
2019-12-30,71.29000
2019-12-31,71.15000
2020-01-01,71.30000
2020-01-02,71.39000
2020-01-03,70.99000
2020-01-06,70.18000
2020-01-07,70.35000
2020-01-08,70.24000
2020-01-09,70.97000
2020-01-10,71.51000
2020-01-13,72.17000
2020-01-14,73.27000
2020-01-15,73.53000
2020-01-16,73.72000
2020-01-17,73.73000
2020-01-20,73.98000
2020-01-21,73.35000
2020-01-22,73.15000
2020-01-23,73.24000
2020-01-24,73.66000
2020-01-27,73.05000
2020-01-28,72.86000
2020-01-29,73.70000
2020-01-30,73.02000
2020-01-31,72.77000
2020-02-03,70.77000
2020-02-04,71.97000
2020-02-05,72.50000
2020-02-06,72.22000
2020-02-07,72.57000
2020-02-10,72.23000
2020-02-11,72.31000
2020-02-12,73.16000
2020-02-13,73.22000
2020-02-14,72.75000
2020-02-17,72.31000
2020-02-18,72.09000
2020-02-19,73.02000
2020-02-20,72.79000
2020-02-24,71.75000
2020-02-25,71.47000
2020-02-26,70.83000
2020-02-27,70.65000
2020-02-28,69.34000
2020-03-02,68.55000
2020-03-03,69.18000
2020-03-04,68.46000
2020-03-05,69.08000
2020-03-06,67.88000
2020-03-09,65.65000
2020-03-11,65.56000
2020-03-12,61.06000
2020-03-13,61.29000
2020-03-16,58.03000
2020-03-17,58.09000
2020-03-18,56.06000
2020-03-19,55.59000
2020-03-20,59.04000
2020-03-23,52.67000
2020-03-24,53.97000
2020-03-25,55.18000
2020-03-26,57.79000
2020-03-27,58.00000
2020-03-30,57.65000
2020-03-31,60.35000
2020-04-01,58.43000
2020-04-03,58.58000
2020-04-07,62.25000
2020-04-08,62.44000
2020-04-09,63.47000
2020-04-13,62.54000
2020-04-15,64.24000
2020-04-16,64.15000
2020-04-17,64.24000
2020-04-20,63.33000
2020-04-21,62.55000
2020-04-22,63.75000
2020-04-23,63.21000
2020-04-24,62.78000
2020-04-27,63.29000
2020-04-28,63.00000
2020-04-29,63.06000
2020-04-30,63.35000
2020-05-04,61.20000
2020-05-05,60.45000
2020-05-06,59.62000
2020-05-07,59.07000
2020-05-08,59.53000
2020-05-11,59.45000
2020-05-12,59.95000
2020-05-13,59.99000
2020-05-14,60.22000
2020-05-15,60.07000
2020-05-18,59.26000
2020-05-19,60.00000
2020-05-20,60.96000
2020-05-21,62.56000
2020-05-22,62.18000
2020-05-26,62.85000
2020-05-27,63.02000
2020-05-28,63.60000
2020-05-29,65.28000
2020-06-01,66.32000
2020-06-02,66.10000
2020-06-03,66.52000
2020-06-04,66.76000
2020-06-05,67.07000
2020-06-08,66.97000
2020-06-09,66.79000
2020-06-10,66.60000
2020-06-11,65.80000
2020-06-12,65.85000
2020-06-15,64.89000
2020-06-16,64.74000
2020-06-17,64.56000
2020-06-18,65.10000
2020-06-19,65.31000
2020-06-22,65.71000
2020-06-23,66.68000
2020-06-24,66.88000
2020-06-25,67.96000
2020-06-26,67.24000
2020-06-29,67.39000
2020-06-30,67.45000
2020-07-01,67.90000
2020-07-02,68.33000
2020-07-03,68.73000
2020-07-06,69.09000
2020-07-07,68.79000
2020-07-08,69.19000
2020-07-09,68.99000
2020-07-10,69.00000
2020-07-13,69.53000
2020-07-14,68.95000
2020-07-15,69.17000
2020-07-16,69.26000
2020-07-17,69.75000
2020-07-20,69.83000
2020-07-21,69.40000
2020-07-22,69.42000
2020-07-23,69.73000
2020-07-24,69.47000
2020-07-27,68.80000
2020-07-28,68.93000
2020-07-29,69.17000
2020-07-30,68.67000
2020-07-31,68.98000
2020-08-03,68.80000
2020-08-04,69.13000
2020-08-05,69.16000
2020-08-06,69.97000
2020-08-07,70.24000
2020-08-10,70.58000
2020-08-11,70.80000
2020-08-12,70.72000
2020-08-13,71.02000
2020-08-14,70.07000
2020-08-17,70.61000
2020-08-18,71.24000
2020-08-19,71.39000
2020-08-20,71.10000
2020-08-21,71.48000
2020-08-24,71.55000
2020-08-25,71.29000
2020-08-26,71.36000
2020-08-27,71.14000
2020-08-28,71.10000
2020-08-31,69.31000
2020-09-01,69.84000
2020-09-02,70.48000
2020-09-03,71.04000
2020-09-04,69.82000
2020-09-07,69.94000
2020-09-08,69.39000
2020-09-09,62.29000
2020-09-10,62.51000
2020-09-11,62.71000
2020-09-14,62.81000
2020-09-15,62.63000
2020-09-16,62.77000
2020-09-17,62.42000
2020-09-18,62.14000
2020-09-21,60.24000
2020-09-22,59.71000
2020-09-23,59.67000
2020-09-24,58.74000
2020-09-25,60.02000
2020-09-28,60.88000
2020-09-29,60.29000
2020-09-30,60.90000
2020-10-01,61.22000
2020-10-05,61.10000
2020-10-06,61.10000
2020-10-07,61.23000
2020-10-08,60.98000
2020-10-09,60.91000
2020-10-12,61.08000
2020-10-13,60.80000
2020-10-14,60.79000
2020-10-15,60.08000
2020-10-16,60.30000
2020-10-19,61.07000
2020-10-20,60.98000
2020-10-21,60.66000
2020-10-22,60.86000
2020-10-23,61.28000
2020-10-26,61.03000
2020-10-27,61.44000
2020-10-28,61.14000
2020-10-29,60.65000
2020-10-30,60.36000
2020-11-02,60.43000
2020-11-03,60.75000
2020-11-04,60.88000
2020-11-05,62.22000
2020-11-06,62.26000
2020-11-09,62.76000
2020-11-10,63.39000
2020-11-11,63.94000
2020-11-12,64.44000
2020-11-13,64.40000
2020-11-17,64.85000
2020-11-18,64.21000
2020-11-19,64.50000
2020-11-20,65.22000
2020-11-23,65.21000
2020-11-24,65.77000
2020-11-25,65.00000
2020-11-26,65.55000
2020-11-27,65.51000
2020-12-01,65.92000
2020-12-02,66.09000
2020-12-03,66.29000
2020-12-04,67.05000
2020-12-07,68.03000
2020-12-08,68.11000
2020-12-09,68.79000
2020-12-10,70.11000
2020-12-11,70.65000
2020-12-14,70.68000
2020-12-15,70.11000
2020-12-16,70.74000
2020-12-17,70.43000
2020-12-18,70.65000
2020-12-21,68.40000
2020-12-22,68.62000
2020-12-23,69.90000
2020-12-24,70.32000
2020-12-28,70.65000
2020-12-29,70.67000
2020-12-30,70.78000
2020-12-31,70.70000
2021-01-01,71.36000
2021-01-04,71.99000
2021-01-05,72.15000
2021-01-06,71.48000
2021-01-07,71.27000
2021-01-08,71.58000
2021-01-11,72.06000
2021-01-12,72.30000
2021-01-13,72.73000
2021-01-14,73.02000
2021-01-15,72.81000
2021-01-18,72.36000
2021-01-19,72.74000
2021-01-20,72.48000
2021-01-21,72.11000
2021-01-22,71.94000
2021-01-25,71.33000
2021-01-27,71.55000
2021-01-28,70.18000
2021-01-29,69.17000
2021-02-01,70.70000
2021-02-02,71.09000
2021-02-03,71.24000
2021-02-04,72.87000
2021-02-05,73.15000
2021-02-08,73.01000
2021-02-09,72.56000
2021-02-10,72.46000
2021-02-11,72.78000
2021-02-12,71.54000
2021-02-15,71.66000
2021-02-16,71.42000
2021-02-17,71.04000
2021-02-18,70.92000
2021-02-19,70.44000
2021-02-22,69.43000
2021-02-23,69.83000
2021-02-24,70.28000
2021-02-25,70.38000
2021-02-26,69.06000
2021-03-01,69.72000
2021-03-02,71.02000
2021-03-03,71.51000
2021-03-04,71.69000
2021-03-05,71.44000
2021-03-08,71.41000
2021-03-09,71.37000
2021-03-10,71.63000
2021-03-12,71.02000
2021-03-15,70.77000
2021-03-16,71.31000
2021-03-17,70.82000
2021-03-18,71.12000
2021-03-19,72.26000
2021-03-22,73.02000
2021-03-23,72.82000
2021-03-24,71.67000
2021-03-25,70.22000
2021-03-26,71.33000
2021-03-30,72.22000
2021-03-31,72.68000
2021-04-01,72.92000
2021-04-05,71.47000
2021-04-06,71.90000
2021-04-07,72.45000
2021-04-08,72.72000
2021-04-09,72.96000
2021-04-12,70.94000
2021-04-13,71.64000
2021-04-15,71.46000
2021-04-16,71.98000
2021-04-19,71.28000
2021-04-20,71.20000
2021-04-22,71.03000
2021-04-23,70.88000
2021-04-26,71.04000
2021-04-27,71.36000
2021-04-28,71.82000
2021-04-29,71.40000
2021-04-30,70.80000
2021-05-03,71.19000
2021-05-04,70.91000
2021-05-05,71.23000
2021-05-06,71.42000
2021-05-07,71.91000
2021-05-10,71.93000
2021-05-11,71.79000
2021-05-12,71.35000
2021-05-14,72.64000
2021-05-17,72.85000
2021-05-18,73.01000
2021-05-19,72.98000
2021-05-20,72.64000
2021-05-21,73.11000
2021-05-24,73.13000
2021-05-25,73.77000
2021-05-26,73.89000
2021-05-27,74.06000
2021-05-28,74.22000
2021-05-31,74.78000
2021-06-01,74.60000
2021-06-02,74.22000
2021-06-03,74.68000
2021-06-04,74.91000
2021-06-07,75.37000
2021-06-08,75.95000
2021-06-09,75.71000
2021-06-10,76.46000
2021-06-11,76.08000
2021-06-14,76.13000
2021-06-15,76.47000
2021-06-16,76.64000
2021-06-17,76.59000
2021-06-18,76.74000
2021-06-21,76.96000
2021-06-22,77.18000
2021-06-23,76.92000
2021-06-24,77.03000
2021-06-25,76.90000
2021-06-28,77.02000
2021-06-29,76.93000
2021-06-30,76.80000
2021-07-01,76.90000
2021-07-02,77.24000
2021-07-05,77.68000
2021-07-06,77.29000
2021-07-07,77.56000
2021-07-08,77.05000
2021-07-09,76.97000
2021-07-12,76.82000
2021-07-13,77.09000
2021-07-14,77.02000
2021-07-15,76.98000
2021-07-16,77.48000
2021-07-19,77.14000
2021-07-20,76.74000
2021-07-22,77.31000
2021-07-23,77.85000
2021-07-26,77.53000
2021-07-27,77.43000
2021-07-28,77.44000
2021-07-29,76.94000
2021-07-30,76.90000
2021-08-02,77.53000
2021-08-03,78.50000
2021-08-04,77.75000
2021-08-05,78.23000
2021-08-06,78.15000
2021-08-09,78.17000
2021-08-10,77.60000
2021-08-11,77.39000
2021-08-12,77.71000
2021-08-13,78.19000
2021-08-16,78.15000
2021-08-17,78.63000
2021-08-18,79.35000
2021-08-20,79.98000
2021-08-23,79.60000
2021-08-24,79.47000
2021-08-25,79.50000
2021-08-26,79.69000
2021-08-27,80.22000
2021-08-30,81.13000
2021-08-31,81.94000
2021-09-01,82.20000
2021-09-02,83.30000
2021-09-03,83.27000
2021-09-06,83.14000
2021-09-07,76.62000
2021-09-08,76.58000
2021-09-09,77.03000
2021-09-13,77.25000
2021-09-14,77.30000
2021-09-15,77.53000
2021-09-16,78.46000
2021-09-17,78.10000
2021-09-20,78.19000
2021-09-21,79.10000
2021-09-22,79.66000
2021-09-23,80.23000
2021-09-24,79.61000
2021-09-27,79.29000
2021-09-28,79.15000
2021-09-29,79.08000
2021-09-30,79.48000
2021-10-01,79.38000
2021-10-04,79.51000
2021-10-05,79.81000
2021-10-06,79.01000
2021-10-07,80.04000
2021-10-08,79.84000
2021-10-11,80.42000
2021-10-12,81.39000
2021-10-13,81.96000
2021-10-14,82.50000
2021-10-18,82.92000
2021-10-19,80.36000
2021-10-20,79.64000
2021-10-21,78.92000
2021-10-22,78.09000
2021-10-25,77.52000
2021-10-26,78.26000
2021-10-27,78.40000
2021-10-28,77.07000
2021-10-29,77.47000
2021-11-01,78.21000
2021-11-02,78.34000
2021-11-03,77.92000
2021-11-08,79.26000
2021-11-09,79.29000
2021-11-10,80.12000
2021-11-11,79.68000
2021-11-12,80.41000
2021-11-15,80.69000
2021-11-16,80.31000
2021-11-17,79.99000
2021-11-18,79.53000
2021-11-22,78.30000
2021-11-23,78.85000
2021-11-24,78.51000
2021-11-25,78.84000
2021-11-26,77.24000
2021-11-29,76.72000
2021-11-30,77.02000
2021-12-01,76.83000
2021-12-02,77.33000
2021-12-03,76.86000
2021-12-06,75.99000
2021-12-07,76.81000
2021-12-08,77.69000
2021-12-09,78.60000
2021-12-10,78.85000
2021-12-13,78.52000
2021-12-14,78.36000
2021-12-15,77.85000
2021-12-16,77.71000
2021-12-17,76.66000
2021-12-20,75.44000
2021-12-21,75.78000
2021-12-22,76.32000
2021-12-23,76.91000
2021-12-24,76.55000
2021-12-27,76.58000
2021-12-28,77.03000
2021-12-29,76.76000
2021-12-30,76.69000
2021-12-31,77.41000
2022-01-03,77.60000
2022-01-04,78.12000
2022-01-05,78.29000
2022-01-06,78.17000
2022-01-07,78.20000
2022-01-10,78.85000
2022-01-11,78.77000
2022-01-12,79.36000
2022-01-13,79.58000
2022-01-14,79.37000
2022-01-17,79.86000
2022-01-18,79.13000
2022-01-19,78.25000
2022-01-20,78.03000
2022-01-21,77.80000
2022-01-24,76.29000
2022-01-25,77.18000
2022-01-27,76.34000
2022-01-28,76.90000
2022-01-31,77.62000
2022-02-01,78.61000
2022-02-02,79.25000
2022-02-03,79.10000
2022-02-04,78.99000
2022-02-07,77.78000
2022-02-08,77.95000
2022-02-09,78.30000
2022-02-10,78.37000
2022-02-11,77.68000
2022-02-14,76.06000
2022-02-15,77.35000
2022-02-16,77.08000
2022-02-17,77.19000
2022-02-18,77.07000
2022-02-21,76.60000
2022-02-22,76.07000
2022-02-23,76.13000
2022-02-24,74.20000
2022-02-25,75.24000
2022-02-28,76.01000
2022-03-02,75.35000
2022-03-03,75.22000
2022-03-04,74.83000
2022-03-07,73.12000
2022-03-08,73.41000
2022-03-09,74.16000
2022-03-10,75.52000
2022-03-11,75.62000
2022-03-14,75.59000
2022-03-15,75.66000
2022-03-16,76.88000
2022-03-17,77.35000
2022-03-21,76.76000
2022-03-22,76.87000
2022-03-23,76.74000
2022-03-24,76.88000
2022-03-25,76.71000
2022-03-28,77.17000
2022-03-29,77.18000
2022-03-30,77.63000
2022-03-31,78.43000
2022-04-01,79.01000
2022-04-04,79.76000
2022-04-05,80.40000
2022-04-06,80.36000
2022-04-07,80.31000
2022-04-08,81.57000
2022-04-11,81.51000
2022-04-12,80.96000
2022-04-13,81.35000
2022-04-18,81.26000
2022-04-19,79.64000
2022-04-20,80.27000
2022-04-21,80.98000
2022-04-22,80.62000
2022-04-25,79.41000
2022-04-26,80.39000
2022-04-27,80.04000
2022-04-28,81.03000
2022-04-29,80.87000
2022-05-02,80.77000
2022-05-04,79.50000
2022-05-05,79.45000
2022-05-06,79.22000
2022-05-09,78.60000
2022-05-10,78.66000
2022-05-11,78.14000
2022-05-12,77.42000
2022-05-13,78.38000
2022-05-16,78.36000
2022-05-17,79.87000
2022-05-18,80.36000
2022-05-19,79.68000
2022-05-20,80.44000
2022-05-23,80.53000
2022-05-24,79.76000
2022-05-25,79.77000
2022-05-26,80.05000
2022-05-27,80.79000
2022-05-30,81.55000
2022-05-31,81.65000
2022-06-01,81.62000
2022-06-02,81.59000
2022-06-03,81.34000
2022-06-06,81.04000
2022-06-07,80.42000
2022-06-08,79.84000
2022-06-09,79.86000
2022-06-10,79.58000
2022-06-13,78.82000
2022-06-14,78.44000
2022-06-15,78.23000
2022-06-16,77.70000
2022-06-17,77.23000
2022-06-20,77.94000
2022-06-21,78.87000
2022-06-22,78.58000
2022-06-23,79.01000
2022-06-24,79.78000
2022-06-27,80.67000
2022-06-28,80.75000
2022-06-29,80.09000
2022-06-30,80.07000
2022-07-01,81.69000
2022-07-04,83.42000
2022-07-05,83.47000
2022-07-06,85.03000
2022-07-07,85.13000
2022-07-08,85.27000
2022-07-11,85.42000
2022-07-12,84.87000
2022-07-13,85.29000
2022-07-14,85.42000
2022-07-15,86.26000
2022-07-18,86.21000
2022-07-19,86.44000
2022-07-20,87.02000
2022-07-21,87.33000
2022-07-22,87.82000
2022-07-25,87.57000
2022-07-26,87.06000
2022-07-27,87.20000
2022-07-28,87.70000
2022-07-29,88.16000
2022-08-01,88.35000
2022-08-02,88.43000
2022-08-03,88.06000
2022-08-04,88.43000
2022-08-05,88.62000
2022-08-08,88.84000
2022-08-10,88.85000
2022-08-11,88.71000
2022-08-12,88.54000
2022-08-16,89.25000
2022-08-17,89.68000
2022-08-18,90.11000
2022-08-19,89.26000
2022-08-22,89.26000
2022-08-23,89.12000
2022-08-24,89.18000
2022-08-25,89.14000
2022-08-26,89.00000
2022-08-29,88.72000
2022-08-30,89.86000
2022-09-01,89.13000
2022-09-02,89.57000
2022-09-05,89.62000
2022-09-06,89.40000
2022-09-07,89.47000
2022-09-08,82.53000
2022-09-09,82.49000
2022-09-12,82.85000
2022-09-13,83.23000
2022-09-14,82.76000
2022-09-15,82.52000
2022-09-16,81.42000
2022-09-19,82.03000
2022-09-20,82.40000
2022-09-21,82.85000
2022-09-22,83.55000
2022-09-23,83.20000
2022-09-26,81.65000
2022-09-27,81.85000
2022-09-28,81.56000
2022-09-29,82.48000
2022-09-30,82.60000
2022-10-03,81.41000
2022-10-04,82.47000
2022-10-06,82.79000
2022-10-07,82.38000
2022-10-10,81.87000
2022-10-11,80.99000
2022-10-12,81.86000
2022-10-13,81.58000
2022-10-14,81.91000
2022-10-17,81.78000
2022-10-18,82.57000
2022-10-19,83.00000
2022-10-20,83.41000
2022-10-21,83.33000
2022-10-25,82.55000
2022-10-27,82.96000
2022-10-28,83.07000
2022-10-31,83.85000
2022-11-01,84.14000
2022-11-02,84.11000
2022-11-03,84.01000
2022-11-04,83.85000
2022-11-07,84.44000
2022-11-09,84.53000
2022-11-10,83.97000
2022-11-11,83.93000
2022-11-14,83.30000
2022-11-15,83.17000
2022-11-16,83.23000
2022-11-17,82.99000
2022-11-18,82.66000
2022-11-21,82.64000
2022-11-22,82.97000
2022-11-23,83.04000
2022-11-24,83.59000
2022-11-25,83.64000
2022-11-28,83.82000
2022-11-29,85.23000
2022-11-30,85.74000
2022-12-01,85.68000
2022-12-02,85.48000
2022-12-05,85.60000
2022-12-06,85.90000
2022-12-07,86.42000
2022-12-08,86.24000
2022-12-09,86.61000
2022-12-12,86.92000
2022-12-13,86.88000
2022-12-14,86.58000
2022-12-15,85.97000
2022-12-16,85.59000
2022-12-19,86.33000
2022-12-20,85.86000
2022-12-21,85.06000
2022-12-22,84.62000
2022-12-23,83.49000
2022-12-26,84.39000
2022-12-27,84.35000
2022-12-28,84.44000
2022-12-29,84.26000
2022-12-30,83.97000
2023-01-02,84.03000
2023-01-03,83.67000
2023-01-04,83.13000
2023-01-05,84.08000
2023-01-06,83.85000
2023-01-09,84.40000
2023-01-10,84.14000
2023-01-11,83.60000
2023-01-12,83.46000
2023-01-13,83.40000
2023-01-16,83.23000
2023-01-17,83.99000
2023-01-18,84.17000
2023-01-19,83.41000
2023-01-20,82.73000
2023-01-23,83.27000
2023-01-24,83.42000
2023-01-25,83.50000
2023-01-27,83.72000
2023-01-30,83.37000
2023-01-31,84.00000
2023-02-01,84.81000
2023-02-02,86.32000
2023-02-03,86.35000
2023-02-06,86.67000
2023-02-07,85.61000
2023-02-08,85.65000
2023-02-09,85.52000
2023-02-10,85.27000
2023-02-13,85.34000
2023-02-14,86.15000
2023-02-15,86.34000
2023-02-16,86.27000
2023-02-17,86.08000
2023-02-20,85.89000
2023-02-21,85.95000
2023-02-22,85.62000
2023-02-23,85.83000
2023-02-24,85.52000
2023-02-27,84.91000
2023-02-28,84.55000
2023-03-01,84.64000
2023-03-02,84.22000
2023-03-03,85.16000
2023-03-06,85.44000
2023-03-08,85.55000
2023-03-09,85.04000
2023-03-10,85.09000
2023-03-13,84.33000
2023-03-14,83.99000
2023-03-15,83.64000
2023-03-16,84.22000
2023-03-17,83.92000
2023-03-20,84.46000
2023-03-21,84.23000
2023-03-22,84.61000
2023-03-23,84.70000
2023-03-24,84.37000
2023-03-27,84.54000
2023-03-28,84.38000
2023-03-29,85.04000
2023-03-31,85.70000
2023-04-03,85.47000
2023-04-05,86.34000
2023-04-06,85.94000
2023-04-10,85.62000
2023-04-11,86.28000
2023-04-12,85.97000
2023-04-13,86.27000
2023-04-17,86.79000
2023-04-18,86.72000
2023-04-19,86.68000
2023-04-20,86.67000
2023-04-21,87.16000
2023-04-24,87.24000
2023-04-25,87.48000
2023-04-26,87.93000
2023-04-27,87.98000
2023-04-28,88.74000
2023-05-02,88.74000
2023-05-03,89.23000
2023-05-04,89.34000
2023-05-05,89.32000
2023-05-08,89.78000
2023-05-09,89.40000
2023-05-10,89.79000
2023-05-11,90.23000
2023-05-12,90.39000
2023-05-15,91.18000
2023-05-16,90.98000
2023-05-17,91.00000
2023-05-18,90.16000
2023-05-19,90.21000
2023-05-22,90.52000
2023-05-23,90.69000
2023-05-24,90.84000
2023-05-25,91.25000
2023-05-26,92.10000
2023-05-29,92.45000
2023-05-30,93.03000
2023-05-31,93.05000
2023-06-01,93.15000
2023-06-02,93.67000
2023-06-05,93.51000
2023-06-06,93.40000
2023-06-07,93.96000
2023-06-08,93.45000
2023-06-09,92.90000
2023-06-12,93.11000
2023-06-13,93.97000
2023-06-14,94.28000
2023-06-15,94.59000
2023-06-16,95.40000
2023-06-19,95.26000
2023-06-20,95.33000
2023-06-21,94.88000
2023-06-22,94.49000
2023-06-23,94.41000
2023-06-26,94.94000
2023-06-27,95.01000
2023-06-28,95.68000
2023-06-30,95.98000
2023-07-03,97.03000
2023-07-04,97.22000
2023-07-05,98.52000
2023-07-06,98.65000
2023-07-07,97.52000
2023-07-10,96.83000
2023-07-11,97.84000
2023-07-12,98.00000
2023-07-13,97.68000
2023-07-14,98.49000
2023-07-17,98.63000
2023-07-18,98.44000
2023-07-19,98.76000
2023-07-20,99.97000
2023-07-21,99.08000
2023-07-24,97.41000
2023-07-25,97.18000
2023-07-26,98.42000
2023-07-27,98.16000
2023-07-28,98.72000
2023-07-31,98.34000
2023-08-01,98.13000
2023-08-02,97.92000
2023-08-03,97.31000
2023-08-04,97.40000
2023-08-07,97.41000
2023-08-08,97.20000
2023-08-09,97.65000
2023-08-10,96.91000
2023-08-11,96.24000
2023-08-14,96.46000
2023-08-16,96.95000
2023-08-17,96.10000
2023-08-18,96.38000
2023-08-21,96.84000
2023-08-22,97.37000
2023-08-23,97.33000
2023-08-24,97.53000
2023-08-25,96.73000
2023-08-28,96.79000
2023-08-29,96.45000
2023-08-30,96.99000
2023-08-31,96.38000
2023-09-01,96.52000
2023-09-04,96.28000
2023-09-05,96.62000
2023-09-06,97.50000
2023-09-07,97.38000
2023-09-08,89.41000
2023-09-11,90.12000
2023-09-12,89.66000
2023-09-13,89.93000
2023-09-14,90.03000
2023-09-15,89.76000
2023-09-18,90.13000
2023-09-20,89.85000
2023-09-21,89.31000
2023-09-22,89.11000
2023-09-25,88.87000
2023-09-26,89.07000
2023-09-27,89.81000
2023-09-29,88.98000
2023-10-03,88.57000
2023-10-04,88.96000
2023-10-05,88.98000
2023-10-06,89.18000
2023-10-09,88.92000
2023-10-10,89.35000
2023-10-11,90.05000
2023-10-12,90.00000
2023-10-13,90.17000
2023-10-16,90.05000
2023-10-17,90.46000
2023-10-18,90.17000
2023-10-19,90.19000
2023-10-20,89.09000
2023-10-23,88.43000
2023-10-25,88.21000
2023-10-26,87.79000
2023-10-27,88.23000
2023-10-30,87.92000
2023-10-31,88.04000
2023-11-01,87.66000
2023-11-02,88.56000
2023-11-03,88.90000
2023-11-06,89.15000
2023-11-07,89.11000
2023-11-08,89.52000
2023-11-09,88.77000
2023-11-10,89.08000
2023-11-13,89.00000
2023-11-15,89.72000
2023-11-16,89.52000
2023-11-17,90.12000
2023-11-20,89.86000
2023-11-21,89.88000
2023-11-22,90.22000
2023-11-23,90.50000
2023-11-24,90.35000
2023-11-28,90.09000
2023-11-29,90.19000
2023-11-30,90.39000
2023-12-01,91.64000
2023-12-04,92.31000
2023-12-05,91.88000
2023-12-06,92.61000
2023-12-07,91.97000
2023-12-08,91.19000
2023-12-11,91.54000
2023-12-12,91.43000
2023-12-13,91.92000
2023-12-14,92.11000
2023-12-15,91.94000
2023-12-18,91.61000
2023-12-19,92.54000
2023-12-21,91.84000
2023-12-22,92.41000
2023-12-26,92.81000
2023-12-27,93.31000
2023-12-28,94.45000
2023-12-29,95.00000
2024-01-01,95.37000
2024-01-02,95.29000
2024-01-03,95.43000
2024-01-04,95.83000
2024-01-05,95.87000
2024-01-08,94.83000
2024-01-09,94.39000
2024-01-10,94.21000
2024-01-11,94.01000
2024-01-12,94.18000
2024-01-15,94.33000
2024-01-16,94.35000
2024-01-17,93.61000
2024-01-18,93.20000
2024-01-19,94.12000
2024-01-23,91.52000
2024-01-24,92.78000
2024-01-25,91.98000
2024-01-29,91.84000
2024-01-30,91.23000
2024-01-31,91.79000
2024-02-01,92.21000
2024-02-02,91.76000
2024-02-05,90.98000
2024-02-06,90.82000
2024-02-07,91.07000
2024-02-08,89.92000
2024-02-09,90.21000
2024-02-12,89.23000
2024-02-13,89.23000
2024-02-14,89.90000
2024-02-15,89.26000
2024-02-16,89.44000
2024-02-19,90.01000
2024-02-20,89.93000
2024-02-21,89.96000
2024-02-22,90.71000
2024-02-23,90.45000
2024-02-26,90.12000
2024-02-27,90.31000
2024-02-28,89.94000
2024-02-29,90.20000
2024-03-01,90.45000
2024-03-04,90.28000
2024-03-05,89.66000
2024-03-06,89.73000
2024-03-07,90.40000
2024-03-11,90.22000
2024-03-12,89.48000
2024-03-13,89.41000
2024-03-14,89.95000
2024-03-15,89.87000
2024-03-18,89.96000
2024-03-19,88.57000
2024-03-20,89.00000
2024-03-21,89.62000
2024-03-22,90.33000
2024-03-26,90.11000
2024-03-27,90.19000
2024-03-28,90.83000
2024-03-31,90.81000
2024-04-01,90.94000
2024-04-02,90.86000
2024-04-03,90.35000
2024-04-04,89.97000
2024-04-05,90.49000
2024-04-08,90.76000
2024-04-09,90.41000
2024-04-10,91.19000
2024-04-12,90.22000
2024-04-15,89.43000
2024-04-16,89.58000
2024-04-18,88.97000
2024-04-19,89.36000
2024-04-22,89.93000
2024-04-23,90.53000
2024-04-24,90.87000
2024-04-25,91.35000
2024-04-26,91.24000
2024-04-29,91.15000
2024-04-30,91.39000
2024-05-02,91.81000
2024-05-03,91.58000
2024-05-06,91.90000
2024-05-07,94.27000
2024-05-08,94.68000
2024-05-09,92.96000
2024-05-10,93.76000
2024-05-13,93.67000
2024-05-14,93.24000
2024-05-15,92.65000
2024-05-16,93.22000
2024-05-17,93.37000
2024-05-21,93.12000
2024-05-22,94.42000
2024-05-23,94.65000
2024-05-24,94.03000
2024-05-27,93.91000
2024-05-28,93.76000
2024-05-29,93.60000
2024-05-30,92.58000
2024-05-31,92.33000
2024-06-03,93.08000
2024-06-04,94.42000
2024-06-05,98.34000
2024-06-06,97.98000
2024-06-07,99.00000
2024-06-10,99.22000
2024-06-11,98.87000
2024-06-12,98.32000
2024-06-13,97.68000
2024-06-14,97.81000
2024-06-18,97.91000
2024-06-19,96.96000
2024-06-20,96.96000
2024-06-21,96.11000
2024-06-24,96.80000
2024-06-25,96.48000
2024-06-26,96.76000
2024-06-27,96.87000
2024-06-28,96.81000
2024-07-01,97.66000
2024-07-02,96.99000
2024-07-03,97.59000
2024-07-04,97.54000
2024-07-05,98.45000
2024-07-08,100.02000
2024-07-09,100.63000
2024-07-10,100.87000
2024-07-11,101.23000
2024-07-12,101.51000
2024-07-15,102.05000
2024-07-16,103.04000
2024-07-18,104.01000
2024-07-19,103.54000
2024-07-22,103.21000
2024-07-23,105.57000
2024-07-24,105.01000
2024-07-25,104.92000
2024-07-26,105.49000
2024-07-29,105.14000
2024-07-30,104.32000
2024-07-31,104.65000
2024-08-01,104.90000
2024-08-02,104.25000
2024-08-05,103.86000
2024-08-06,104.13000
2024-08-07,105.17000
2024-08-08,104.91000
2024-08-09,104.99000
2024-08-12,104.13000
2024-08-13,103.67000
2024-08-14,103.42000
2024-08-16,105.07000
2024-08-19,105.08000
2024-08-20,105.11000
2024-08-21,106.35000
2024-08-22,106.87000
2024-08-23,106.82000
2024-08-26,107.55000
2024-08-27,106.66000
2024-08-28,106.41000
2024-08-29,107.07000
2024-08-30,106.85000
2024-09-02,107.48000
2024-09-03,107.49000
2024-09-04,107.82000
2024-09-05,107.85000
2024-09-06,107.20000
2024-09-09,109.08000
2024-09-10,109.30000
2024-09-11,109.32000
2024-09-12,110.19000
2024-09-13,109.55000
2024-09-16,100.37000
2024-09-17,100.25000
2024-09-18,100.16000
2024-09-19,100.76000
2024-09-20,101.93000
2024-09-23,102.45000
2024-09-24,101.73000
2024-09-25,101.24000
2024-09-26,102.16000
2024-09-27,101.80000
2024-09-30,101.46000
2024-10-01,101.14000
2024-10-03,99.71000
2024-10-04,98.22000
2024-10-07,98.00000
2024-10-08,98.08000
2024-10-09,96.80000
2024-10-10,96.48000
2024-10-11,96.51000
2024-10-14,96.97000
2024-10-15,97.18000
2024-10-16,96.89000
2024-10-17,95.54000
2024-10-18,94.89000
2024-10-21,93.91000
2024-10-22,93.03000
2024-10-23,92.97000
2024-10-24,90.62000
2024-10-25,91.26000
2024-10-28,91.92000
2024-10-29,92.19000
2024-10-30,93.10000
2024-10-31,92.59000
2024-11-04,92.20000
2024-11-05,91.99000
2024-11-06,92.24000
2024-11-07,91.31000
2024-11-08,91.50000
2024-11-11,90.65000
2024-11-12,89.14000
2024-11-13,89.01000
2024-11-14,87.74000
2024-11-18,88.01000
2024-11-19,87.80000
2024-11-21,86.62000
2024-11-22,88.57000
2024-11-25,89.74000
2024-11-26,90.12000
2024-11-27,90.39000
2024-11-28,89.82000
2024-11-29,90.30000
2024-12-02,90.18000
2024-12-03,90.04000
2024-12-04,89.55000
2024-12-05,89.96000
2024-12-06,89.99000
2024-12-09,88.13000
2024-12-10,88.26000
2024-12-11,88.56000
2024-12-12,87.50000
2024-12-13,88.47000
2024-12-16,88.30000
2024-12-17,87.79000
2024-12-18,87.85000
2024-12-19,87.43000
2024-12-20,86.73000
2024-12-23,87.13000
2024-12-24,87.78000
2024-12-26,87.34000
2024-12-27,87.59000
2024-12-30,87.50000
2024-12-31,88.02000
2025-01-01,88.26000
2025-01-02,89.27000
2025-01-03,89.55000
2025-01-06,87.98000
2025-01-07,88.38000
2025-01-08,88.77000
2025-01-09,89.55000
2025-01-10,89.17000
2025-01-13,88.19000
2025-01-14,87.30000
2025-01-15,87.09000
2025-01-16,86.58000
2025-01-17,87.57000
2025-01-20,87.42000
2025-01-21,87.36000
2025-01-22,87.40000
2025-01-23,87.60000
2025-01-24,87.90000
2025-01-27,87.36000
2025-01-28,86.83000
2025-01-29,86.38000
2025-01-30,87.06000
2025-01-31,88.76000
2025-02-03,89.37000
2025-02-04,88.97000
2025-02-05,87.70000
2025-02-06,87.17000
2025-02-07,86.27000
2025-02-10,85.94000
2025-02-11,84.41000
2025-02-12,84.45000
2025-02-13,84.10000
2025-02-14,83.92000
2025-02-17,83.74000
2025-02-18,83.45000
2025-02-19,83.21000
2025-02-20,83.18000
2025-02-21,82.77000
2025-02-24,82.89000
2025-02-25,83.28000
2025-02-27,82.87000
2025-02-28,80.81000
2025-03-03,80.61000
2025-03-04,80.13000
2025-03-05,81.33000
2025-03-06,82.04000
2025-03-07,82.10000
2025-03-10,82.20000
2025-03-11,82.06000
2025-03-12,82.02000
2025-03-13,81.71000
2025-03-17,81.41000
2025-03-18,82.25000
2025-03-19,81.75000
2025-03-20,82.84000
2025-03-21,83.17000
2025-03-24,83.57000
2025-03-25,83.57000
2025-03-26,83.05000
2025-03-27,83.53000
2025-03-28,83.98000
2025-03-31,83.97000
2025-04-01,83.34000
2025-04-02,84.09000
2025-04-03,84.23000
2025-04-04,84.16000
2025-04-07,83.40000
2025-04-08,84.74000
2025-04-09,86.13000
2025-04-11,86.69000
2025-04-15,87.05000
2025-04-16,87.60000
2025-04-17,87.99000
2025-04-21,87.49000
2025-04-22,88.81000
2025-04-23,89.25000
2025-04-24,88.44000
2025-04-25,87.90000
2025-04-28,87.93000
2025-04-29,87.88000
2025-04-30,87.96000
2025-05-02,87.67000
2025-05-05,88.32000
2025-05-06,88.38000
2025-05-07,88.14000
2025-05-08,87.68000
2025-05-09,87.04000
2025-05-12,88.83000
2025-05-13,87.81000
2025-05-14,87.97000
2025-05-15,88.41000
2025-05-16,89.04000
2025-05-19,89.05000
2025-05-20,88.15000
2025-05-21,88.59000
2025-05-22,87.61000
2025-05-23,88.94000
2025-05-26,89.83000
2025-05-27,89.23000
2025-05-28,88.54000
2025-05-29,88.52000
2025-05-30,88.08000
2025-06-02,88.65000
2025-06-03,88.29000
2025-06-04,88.54000
2025-06-05,88.72000
2025-06-06,88.89000
2025-06-09,89.20000
2025-06-10,89.55000
2025-06-11,89.16000
2025-06-12,88.05000
2025-06-13,87.24000
2025-06-16,87.70000
2025-06-17,87.55000
2025-06-18,87.15000
2025-06-19,87.01000
2025-06-20,87.35000
2025-06-23,87.00000
2025-06-24,87.17000
2025-06-25,87.89000
2025-06-26,88.54000
2025-06-27,88.61000
2025-06-30,88.34000
2025-07-01,87.83000
2025-07-02,87.71000
2025-07-03,87.81000
2025-07-04,88.13000
2025-07-07,89.52000
2025-07-08,89.33000
2025-07-09,89.90000
2025-07-10,89.56000
2025-07-11,90.11000
2025-07-14,90.05000
2025-07-15,90.57000
2025-07-16,90.77000
2025-07-17,90.90000
2025-07-18,90.43000
2025-07-21,89.89000
2025-07-22,89.68000
2025-07-23,89.21000
2025-07-24,88.20000
2025-07-25,87.42000
2025-07-28,87.46000
2025-07-29,87.43000
2025-07-30,87.59000
2025-07-31,88.73000
2025-08-01,89.40000
2025-08-04,89.31000
2025-08-05,88.71000
2025-08-06,87.94000
2025-08-07,88.05000
2025-08-08,87.29000
2025-08-11,87.79000
2025-08-12,87.33000
2025-08-13,87.49000
2025-08-14,86.95000
2025-08-18,88.25000
2025-08-19,89.15000
2025-08-20,90.28000
2025-08-21,89.62000
2025-08-22,88.73000
2025-08-25,88.63000
2025-08-26,89.37000
2025-08-28,88.63000
2025-08-29,89.52000
2025-09-01,89.58000
2025-09-02,90.60000
2025-09-03,90.84000
2025-09-04,91.37000
2025-09-05,90.42000
2025-09-08,90.08000
2025-09-09,90.53000
2025-09-10,90.97000
2025-09-11,91.01000
2025-09-12,90.44000
2025-09-15,90.36000
2025-09-16,90.26000
2025-09-17,89.99000
2025-09-18,90.25000
2025-09-19,89.91000
2025-09-22,89.50000
2025-09-23,88.43000
2025-09-24,88.48000
2025-09-25,87.97000
2025-09-26,87.59000
2025-09-30,87.32000
2025-10-01,87.95000
2025-10-03,88.03000
2025-10-06,87.85000
2025-10-07,87.42000
2025-10-08,87.00000
2025-10-09,87.29000
2025-10-10,87.73000
2025-10-13,86.96000
2025-10-14,86.62000
2025-10-15,87.46000
2025-10-16,89.03000
2025-10-17,90.20000
2025-10-20,90.03000
2025-10-23,90.28000
2025-10-24,89.71000
2025-10-27,89.76000
2025-10-28,89.40000
2025-10-29,89.88000
2025-10-30,89.41000
2025-10-31,89.24000
2025-11-03,89.00000
2025-11-04,88.58000
2025-11-06,88.34000
2025-11-07,87.94000
2025-11-10,87.87000
2025-11-11,88.14000
2025-11-12,88.22000
2025-11-13,87.92000
2025-11-14,88.31000
2025-11-17,88.35000
2025-11-18,87.82000
2025-11-19,87.91000
2025-11-20,87.91000
2025-11-21,88.00000
2025-11-24,87.45000
2025-11-25,87.25000
2025-11-26,87.72000
2025-11-27,87.86000
2025-11-28,87.89000
2025-12-01,87.66000
2025-12-02,87.49000
2025-12-03,86.79000
2025-12-04,87.27000
2025-12-05,87.06000
2025-12-08,85.97000
2025-12-09,86.02000
2025-12-10,85.94000
2025-12-11,86.05000
2025-12-12,85.92000
2025-12-15,86.40000
2025-12-16,86.38000
2025-12-17,85.93000
2025-12-18,85.81000
2025-12-19,86.16000
2025-12-22,86.45000
2025-12-23,86.91000
2025-12-24,86.64000
2025-12-26,86.64000
2025-12-29,86.69000
2025-12-30,86.39000
2025-12-31,87.08000
2026-01-01,84.40000
2026-01-02,83.66000
2026-01-05,84.11000
2026-01-06,84.06000
2026-01-07,83.69000
2026-01-08,83.08000
2026-01-09,82.45000
2026-01-12,82.77000
2026-01-13,82.51000
2026-01-14,82.00000
2026-01-16,81.79000
2026-01-19,82.41000
2026-01-20,81.16000
2026-01-21,80.88000
2026-01-22,81.66000
2026-01-23,81.25000
2026-01-27,80.62000
2026-01-28,80.33000
2026-01-29,79.76000
2026-01-30,80.85000
2026-02-02,79.96000
2026-02-03,80.35000
2026-02-04,80.77000
2026-02-05,80.36000
2026-02-06,82.21000
2026-02-09,82.24000
2026-02-10,82.70000
2026-02-11,82.72000
2026-02-12,82.22000
2026-02-13,80.79000
2026-02-16,81.19000
2026-02-17,81.88000
2026-02-18,82.70000
2026-02-19,81.45000
2026-02-20,81.95000
2026-02-23,82.46000
2026-02-24,82.57000
2026-02-25,82.51000
2026-02-26,82.43000
2026-02-27,81.23000
2026-03-02,80.43000
2026-03-04,79.10000
2026-03-05,79.26000
2026-03-06,79.03000
2026-03-09,77.78000
2026-03-10,78.41000
2026-03-11,77.51000
2026-03-12,76.24000
2026-03-13,75.71000
2026-03-16,76.25000
2026-03-17,75.75000
2026-03-18,75.78000
2026-03-19,73.96000
2026-03-20,74.22000
2026-03-23,72.47000
2026-03-24,73.34000
2026-03-25,74.70000
2026-03-27,73.36000
2026-03-30,72.04000
2026-03-31,72.06000
2026-04-01,73.12000
2026-04-02,73.13000
2026-04-06,73.78000
2026-04-07,74.24000
2026-04-08,75.35000
2026-04-09,75.18000
2026-04-10,75.94000
2026-04-13,75.03000
2026-04-15,76.10000
2026-04-16,76.06000
2026-04-17,77.94000
2026-04-20,77.83000
2026-04-21,79.61000
2026-04-22,80.23000
2026-04-23,80.13000
2026-04-24,79.49000
2026-04-27,79.86000
2026-04-28,79.54000
2026-04-29,80.52000
2026-04-30,79.46000
2026-05-04,79.85000
2026-05-05,80.15000
2026-05-06,80.07000
2026-05-07,79.62000
2026-05-08,79.71000
2026-05-11,79.45000
2026-05-12,78.46000
2026-05-13,78.79000
2026-05-14,79.12000
2026-05-15,79.39000
2026-05-18,79.11000
2026-05-19,79.03000
2026-05-20,78.49000
2026-05-21,78.09000
2026-05-22,78.17000
2026-05-25,78.09000
2026-05-26,78.19000
2026-05-27,78.16000
2026-05-29,77.02000
2026-06-01,75.37000
2026-06-02,75.87000
2026-06-03,75.24000
2026-06-04,75.38000
2026-06-05,75.56000
2026-06-08,75.21000
2026-06-09,75.78000
2026-06-10,76.46000
2026-06-11,75.80000
2026-06-12,76.37000
2026-06-15,76.66000
2026-06-16,77.49000
2026-06-17,77.34000
2026-06-18,77.55000
2026-06-19,77.32000
2026-06-22,77.14000
2026-06-23,76.88000
2026-06-24,76.87000
2026-06-25,77.30000
2026-06-29,76.80000
2026-06-30,76.44000
2026-07-01,77.93000
2026-07-02,78.42000
2026-07-03,78.45000
2026-07-06,78.68000
2026-07-07,78.71000
2026-07-08,76.88000
2026-07-09,77.41000
2026-07-10,77.43000
2026-07-13,76.76000
2026-07-14,76.34000
2026-07-15,76.14000
2026-07-16,76.24000
2026-07-17,76.79000
2026-07-20,77.25000
2026-07-21,77.09000
2026-07-22,77.51000
2026-07-23,77.15000
2026-07-24,77.02000
2026-07-27,77.88000
2026-07-28,76.73000
2026-07-29,77.95000
2026-07-30,77.82000
2026-07-31,77.17000
2026-08-03,78.43000
2026-08-04,77.70000
2026-08-05,77.63000
2026-08-06,77.60000
2026-08-07,77.75000
2026-08-10,77.71000
2026-08-11,77.05000
2026-08-12,76.13000
2026-08-13,76.80000
2026-08-14,76.66000
2026-08-17,76.00000
2026-08-18,75.57000
2026-08-19,75.31000
2026-08-20,75.84000
2026-08-21,75.45000
2026-08-24,75.53000
2026-08-25,75.69000
2026-08-26,75.17000
2026-08-27,74.78000
2026-08-28,74.39000
2026-08-31,73.33000
2026-09-01,73.83000
2026-09-02,73.48000
2026-09-03,73.15000
2026-09-04,73.01000
2026-09-07,72.60000
2026-09-08,72.84000
2026-09-09,72.32000
