Date,NAV
2006-04-03,27.48550
2006-04-04,27.56250
2006-04-05,27.78070
2006-04-07,27.33750
2006-04-10,27.52410
2006-04-12,26.75000
2006-04-13,26.47730
2006-04-17,27.10540
2006-04-18,27.83500
2006-04-19,27.97900
2006-04-20,28.27800
2006-04-21,28.27130
2006-04-24,28.07870
2006-04-25,27.39820
2006-04-26,28.13390
2006-04-27,27.75940
2006-04-28,27.77080
2006-05-02,28.54040
2006-05-03,28.76500
2006-05-04,28.87590
2006-05-05,28.99790
2006-05-08,29.22480
2006-05-09,29.43920
2006-05-10,29.70340
2006-05-11,29.28840
2006-05-12,28.88710
2006-05-15,27.71660
2006-05-16,27.87550
2006-05-17,28.75500
2006-05-18,26.82970
2006-05-19,25.70990
2006-05-22,24.40170
2006-05-23,25.33620
2006-05-24,24.67580
2006-05-25,25.18430
2006-05-26,25.44680
2006-05-29,25.48730
2006-05-30,25.25190
2006-05-31,24.34890
2006-06-01,23.51290
2006-06-02,24.53190
2006-06-05,23.93830
2006-06-06,23.30940
2006-06-07,22.69800
2006-06-08,21.62170
2006-06-09,22.74340
2006-06-12,22.03420
2006-06-13,21.13810
2006-06-14,20.89440
2006-06-15,22.20770
2006-06-16,22.93200
2006-06-19,23.15190
2006-06-20,22.71000
2006-06-21,23.20410
2006-06-22,23.77120
2006-06-23,24.15570
2006-06-26,23.36600
2006-06-27,23.64120
2006-06-28,23.63120
2006-06-29,23.78400
2006-06-30,24.82370
2006-07-03,25.00150
2006-07-04,24.90430
2006-07-05,25.36760
2006-07-06,25.05600
2006-07-07,24.42010
2006-07-10,24.95820
2006-07-11,24.75120
2006-07-12,25.38390
2006-07-13,25.17440
2006-07-14,24.81200
2006-07-17,23.89230
2006-07-18,23.78110
2006-07-19,23.29680
2006-07-20,24.01270
2006-07-21,23.39520
2006-07-24,23.71550
2006-07-25,24.14740
2006-07-26,24.69730
2006-07-27,25.06130
2006-07-28,24.86480
2006-07-31,24.96060
2006-08-01,24.99490
2006-08-02,25.26630
2006-08-03,25.33030
2006-08-04,25.22310
2006-08-07,25.01760
2006-08-08,25.51280
2006-08-09,25.85010
2006-08-10,25.89890
2006-08-11,26.01530
2006-08-14,26.33160
2006-08-16,26.67020
2006-08-17,26.65180
2006-08-18,26.67610
2006-08-21,26.74650
2006-08-22,26.73710
2006-08-23,26.51030
2006-08-24,26.78510
2006-08-25,26.90920
2006-08-28,27.02840
2006-08-29,27.22130
2006-08-30,27.25680
2006-08-31,27.12530
2006-09-01,27.29170
2006-09-04,27.61540
2006-09-05,27.59110
2006-09-06,27.66650
2006-09-07,27.48300
2006-09-08,27.61590
2006-09-11,26.77770
2006-09-12,26.96440
2006-09-13,27.47520
2006-09-14,27.60900
2006-09-15,27.65710
2006-09-18,27.76840
2006-09-19,27.48710
2006-09-20,27.84610
2006-09-21,28.24360
2006-09-22,28.17480
2006-09-25,28.00780
2006-09-26,28.38990
2006-09-27,28.44820
2006-09-28,28.39440
2006-09-29,28.51880
2006-10-03,28.36210
2006-10-04,27.92990
2006-10-05,28.32060
2006-10-06,28.35750
2006-10-09,28.33520
2006-10-10,28.36490
2006-10-11,28.26320
2006-10-12,28.75680
2006-10-13,29.19180
2006-10-16,29.56820
2006-10-17,29.49640
2006-10-18,29.46140
2006-10-19,29.20460
2006-10-20,29.19830
2006-10-23,29.04620
2006-10-26,29.20500
2006-10-27,29.69380
2006-10-30,29.92660
2006-10-31,29.72820
2006-11-01,29.90910
2006-11-02,30.10380
2006-11-03,30.21620
2006-11-06,30.24460
2006-11-07,30.15960
2006-11-08,29.98930
2006-11-09,30.14050
2006-11-10,30.44340
2006-11-13,30.63060
2006-11-14,30.68650
2006-11-15,30.76930
2006-11-16,30.77330
2006-11-17,30.58020
2006-11-20,30.60380
2006-11-21,31.09470
2006-11-22,31.38300
2006-11-23,31.30800
2006-11-24,31.34990
2006-11-27,31.49030
2006-11-28,31.11630
2006-11-29,31.16620
2006-11-30,31.37350
2006-12-01,31.71360
2006-12-04,31.73970
2006-12-05,31.85570
2006-12-06,31.85600
2006-12-07,31.85020
2006-12-08,31.42700
2006-12-11,30.53440
2006-12-12,29.48470
2006-12-13,29.86560
2006-12-14,30.48090
2006-12-15,30.84030
2006-12-18,31.20490
2006-12-19,30.43800
2006-12-20,30.30690
2006-12-21,30.44970
2006-12-22,30.74700
2006-12-26,31.29170
2006-12-27,31.62970
2006-12-28,31.59980
2006-12-29,31.56640
2007-01-02,31.88720
2007-01-03,32.01910
2007-01-04,31.73880
2007-01-05,31.69520
2007-01-08,31.29640
2007-01-09,31.12000
2007-01-10,30.63540
2007-01-11,31.36370
2007-01-12,32.23810
2007-01-15,32.44500
2007-01-16,32.45940
2007-01-17,32.42610
2007-01-18,32.68640
2007-01-19,32.53710
2007-01-22,32.63670
2007-01-23,32.34960
2007-01-24,32.53780
2007-01-25,32.99640
2007-01-29,32.80880
2007-01-31,32.47440
2007-02-01,32.91670
2007-02-02,33.28320
2007-02-05,33.53300
2007-02-06,33.38110
2007-02-07,33.60500
2007-02-08,33.59770
2007-02-09,33.31090
2007-02-12,32.34320
2007-02-13,32.23780
2007-02-14,32.25920
2007-02-15,33.04560
2007-02-19,33.18920
2007-02-20,32.73020
2007-02-21,32.64600
2007-02-22,32.19820
2007-02-23,31.39340
2007-02-26,31.41670
2007-02-27,31.03410
2007-02-28,29.85430
2007-03-01,30.37740
2007-03-02,29.70220
2007-03-05,28.51370
2007-03-06,29.13280
2007-03-07,28.90450
2007-03-08,29.97480
2007-03-09,29.62780
2007-03-12,29.75750
2007-03-13,30.04250
2007-03-14,29.02200
2007-03-15,29.03470
2007-03-16,28.76170
2007-03-19,29.31320
2007-03-20,29.46020
2007-03-21,30.01910
2007-03-22,30.90430
2007-03-23,30.78840
2007-03-26,30.47020
2007-03-28,30.00470
2007-03-29,30.29900
2007-03-30,30.48370
2007-04-02,28.98670
2007-04-03,29.43840
2007-04-04,29.75110
2007-04-05,29.89870
2007-04-09,30.62000
2007-04-10,30.65580
2007-04-11,30.76940
2007-04-12,30.50390
2007-04-13,31.19320
2007-04-16,31.95270
2007-04-17,31.72170
2007-04-18,31.93780
2007-04-19,31.82650
2007-04-20,32.51660
2007-04-23,32.56100
2007-04-24,33.01050
2007-04-25,33.21120
2007-04-26,33.29380
2007-04-27,32.54060
2007-04-30,32.57290
2007-05-03,33.06550
2007-05-04,32.79920
2007-05-07,32.74770
2007-05-08,32.47560
2007-05-09,32.49240
2007-05-10,32.39170
2007-05-11,32.46910
2007-05-14,32.92370
2007-05-15,32.81150
2007-05-16,33.21280
2007-05-17,33.60100
2007-05-18,33.55960
2007-05-21,33.92360
2007-05-22,34.05960
2007-05-23,33.80370
2007-05-24,33.47580
2007-05-25,33.81930
2007-05-28,33.88400
2007-05-29,34.17460
2007-05-30,33.82740
2007-05-31,34.19420
2007-06-01,34.20700
2007-06-04,33.96620
2007-06-05,34.10490
2007-06-06,33.42380
2007-06-07,33.27760
2007-06-08,33.01720
2007-06-11,33.01910
2007-06-12,33.09740
2007-06-13,32.77320
2007-06-14,33.23840
2007-06-15,33.25500
2007-06-18,33.05860
2007-06-19,33.59160
2007-06-20,33.86340
2007-06-21,34.01140
2007-06-22,33.88860
2007-06-25,33.94400
2007-06-26,34.15260
2007-06-27,33.97870
2007-06-28,34.13120
2007-06-29,34.41840
2007-07-02,34.37940
2007-07-03,34.72720
2007-07-04,34.74000
2007-07-05,34.69920
2007-07-06,34.95180
2007-07-09,35.22810
2007-07-10,35.12720
2007-07-11,34.97750
2007-07-12,35.44680
2007-07-13,35.90330
2007-07-16,35.97950
2007-07-17,35.86550
2007-07-18,35.87520
2007-07-19,36.37270
2007-07-20,36.40340
2007-07-23,36.83070
2007-07-24,36.84380
2007-07-25,36.58650
2007-07-26,36.83900
2007-07-27,35.45450
2007-07-30,35.40950
2007-07-31,36.11110
2007-08-01,34.64820
2007-08-02,34.73400
2007-08-03,35.09790
2007-08-06,34.60130
2007-08-07,34.74350
2007-08-08,35.59700
2007-08-09,35.12600
2007-08-10,34.56620
2007-08-13,34.88420
2007-08-14,34.85620
2007-08-16,33.33170
2007-08-17,32.78010
2007-08-20,33.57680
2007-08-21,32.50430
2007-08-22,33.12950
2007-08-23,32.82730
2007-08-24,33.42700
2007-08-27,34.31810
2007-08-28,34.45840
2007-08-29,34.76540
2007-08-30,35.19120
2007-08-31,35.60300
2007-09-03,35.68400
2007-09-04,35.72400
2007-09-05,35.69580
2007-09-06,36.03510
2007-09-07,35.95380
2007-09-10,35.98090
2007-09-11,35.89350
2007-09-12,35.89100
2007-09-13,36.14590
2007-09-14,36.05960
2007-09-17,35.87080
2007-09-18,36.27830
2007-09-19,37.76300
2007-09-20,37.88350
2007-09-21,38.60020
2007-09-24,39.30230
2007-09-25,39.35380
2007-09-26,39.36500
2007-09-27,39.84080
2007-09-28,40.00520
2007-10-01,40.38000
2007-10-03,41.50410
2007-10-04,41.48510
2007-10-05,41.30230
2007-10-08,40.50180
2007-10-09,42.42660
2007-10-10,43.33130
2007-10-11,43.99220
2007-10-12,43.22210
2007-10-15,45.14490
2007-10-16,45.12560
2007-10-17,44.26510
2007-10-18,42.60180
2007-10-19,41.51890
2007-10-22,41.27500
2007-10-23,43.57150
2007-10-24,43.74780
2007-10-25,44.33110
2007-10-26,45.38580
2007-10-29,47.02860
2007-10-30,46.72700
2007-10-31,46.98200
2007-11-01,46.71380
2007-11-02,47.23790
2007-11-05,46.55530
2007-11-06,46.06630
2007-11-07,46.04370
2007-11-08,45.37690
2007-11-12,44.71740
2007-11-13,45.34140
2007-11-14,47.26920
2007-11-15,47.06410
2007-11-16,47.01620
2007-11-19,47.02380
2007-11-20,46.01700
2007-11-21,44.26280
2007-11-22,43.93240
2007-11-23,44.63870
2007-11-26,45.53950
2007-11-27,45.27480
2007-11-28,44.52730
2007-11-29,44.66300
2007-11-30,45.67780
2007-12-03,46.47890
2007-12-04,46.42520
2007-12-05,47.07060
2007-12-06,47.18470
2007-12-07,47.33850
2007-12-10,47.22640
2007-12-11,48.28860
2007-12-12,48.74960
2007-12-13,47.95040
2007-12-14,47.86740
2007-12-17,45.72390
2007-12-18,45.44850
2007-12-19,45.52030
2007-12-20,45.63890
2007-12-24,47.34310
2007-12-26,48.06950
2007-12-27,48.15110
2007-12-28,48.13630
2007-12-31,48.61220
2008-01-01,48.65600
2008-01-02,48.93070
2008-01-03,48.90350
2008-01-04,49.65640
2008-01-07,49.68870
2008-01-08,49.75630
2008-01-09,49.62980
2008-01-10,48.72130
2008-01-11,49.05930
2008-01-14,49.10950
2008-01-15,48.06260
2008-01-16,46.96810
2008-01-17,46.78860
2008-01-18,45.14850
2008-01-21,41.23560
2008-01-22,38.91980
2008-01-23,41.26530
2008-01-24,39.89300
2008-01-25,42.65730
2008-01-28,41.67720
2008-01-29,41.71850
2008-01-30,40.81790
2008-01-31,40.58650
2008-02-01,42.01040
2008-02-04,43.18870
2008-02-05,43.34670
2008-02-06,42.09000
2008-02-07,40.59610
2008-02-08,40.49250
2008-02-11,38.41260
2008-02-12,38.26350
2008-02-13,38.98600
2008-02-14,41.13890
2008-02-15,41.93230
2008-02-18,41.72330
2008-02-19,41.75300
2008-02-20,40.75450
2008-02-21,41.04760
2008-02-22,40.40690
2008-02-25,41.11430
2008-02-26,41.66060
2008-02-27,41.64620
2008-02-28,41.77720
2008-02-29,41.29000
2008-03-03,39.15440
2008-03-04,38.45390
2008-03-05,38.90340
2008-03-07,37.71820
2008-03-10,37.94570
2008-03-11,38.46060
2008-03-12,38.50720
2008-03-13,36.54840
2008-03-14,37.45090
2008-03-17,35.56340
2008-03-18,35.79530
2008-03-19,36.11140
2008-03-24,36.38360
2008-03-25,38.49240
2008-03-26,38.10670
2008-03-27,38.10480
2008-03-28,38.98330
2008-03-31,37.35120
2008-04-01,37.39000
2008-04-02,37.50210
2008-04-03,37.62760
2008-04-04,36.64750
2008-04-07,37.54280
2008-04-08,37.13630
2008-04-09,37.43000
2008-04-10,37.32090
2008-04-11,37.67190
2008-04-15,38.46870
2008-04-16,38.52790
2008-04-17,39.08640
2008-04-21,39.70210
2008-04-22,39.79790
2008-04-23,39.58800
2008-04-24,39.40650
2008-04-25,40.28470
2008-04-28,40.10760
2008-04-29,40.94220
2008-04-30,40.70840
2008-05-02,41.19570
2008-05-05,40.90940
2008-05-06,40.53840
2008-05-07,40.46260
2008-05-08,40.06190
2008-05-09,39.28140
2008-05-12,39.51140
2008-05-13,39.08240
2008-05-14,39.50540
2008-05-15,40.31660
2008-05-16,40.64720
2008-05-20,40.22340
2008-05-21,40.32590
2008-05-22,39.59980
2008-05-23,38.97960
2008-05-26,38.41380
2008-05-27,38.29430
2008-05-28,38.75600
2008-05-29,38.14420
2008-05-30,38.41700
2008-06-02,37.38710
2008-06-03,37.20200
2008-06-04,36.17680
2008-06-05,36.89420
2008-06-06,36.50690
2008-06-09,35.50660
2008-06-10,35.10420
2008-06-11,35.67720
2008-06-12,35.80240
2008-06-13,35.62750
2008-06-16,36.06710
2008-06-17,36.69950
2008-06-18,36.14930
2008-06-19,35.53480
2008-06-20,34.30370
2008-06-23,33.66420
2008-06-24,33.07310
2008-06-25,33.55430
2008-06-26,34.04950
2008-06-27,32.65910
2008-06-30,31.90120
2008-07-01,30.77280
2008-07-02,32.31570
2008-07-03,31.00190
2008-07-04,31.71340
2008-07-07,31.81880
2008-07-08,31.49920
2008-07-09,32.82130
2008-07-10,32.87690
2008-07-11,31.98150
2008-07-14,31.90870
2008-07-15,30.50950
2008-07-16,30.17640
2008-07-17,31.20260
2008-07-18,32.35600
2008-07-21,32.87910
2008-07-22,33.51500
2008-07-23,35.37200
2008-07-24,35.03030
2008-07-25,34.07830
2008-07-28,34.22670
2008-07-29,33.14180
2008-07-30,34.08430
2008-07-31,34.24800
2008-08-01,34.88230
2008-08-04,34.74470
2008-08-05,35.58720
2008-08-06,35.69330
2008-08-07,35.75100
2008-08-08,35.79690
2008-08-11,36.51010
2008-08-12,35.97380
2008-08-13,35.78990
2008-08-14,35.02050
2008-08-18,34.72600
2008-08-19,34.52970
2008-08-20,34.90800
2008-08-21,33.87550
2008-08-22,34.21810
2008-08-25,34.28090
2008-08-26,34.29790
2008-08-27,33.93920
2008-08-28,33.32080
2008-08-29,34.45990
2008-09-01,34.37740
2008-09-02,35.60160
2008-09-04,35.14980
2008-09-05,34.39490
2008-09-08,35.45570
2008-09-09,35.34520
2008-09-10,34.80340
2008-09-11,33.93970
2008-09-12,33.45320
2008-09-15,32.23430
2008-09-16,32.24900
2008-09-17,31.72510
2008-09-18,31.95870
2008-09-19,33.58250
2008-09-22,33.40440
2008-09-23,32.64890
2008-09-24,32.91890
2008-09-25,32.52020
2008-09-26,31.53490
2008-09-29,30.47350
2008-09-30,31.03000
2008-10-01,31.26150
2008-10-03,30.22080
2008-10-06,28.53540
2008-10-07,28.56410
2008-10-08,27.85010
2008-10-10,26.03750
2008-10-13,27.67280
2008-10-14,27.88470
2008-10-15,26.46690
2008-10-16,25.93280
2008-10-17,24.40550
2008-10-20,24.78130
2008-10-21,25.64900
2008-10-22,24.32920
2008-10-23,23.38420
2008-10-24,20.60890
2008-10-27,20.13830
2008-10-29,21.42500
2008-10-31,22.84110
2008-11-03,24.05810
2008-11-04,24.82450
2008-11-05,23.67290
2008-11-06,22.87150
2008-11-07,23.50080
2008-11-10,24.85960
2008-11-11,23.22760
2008-11-12,22.52020
2008-11-14,22.22350
2008-11-17,22.13820
2008-11-18,21.23010
2008-11-19,20.85030
2008-11-20,20.20780
2008-11-21,21.22170
2008-11-24,21.32430
2008-11-25,20.90100
2008-11-26,21.66290
2008-11-28,21.68390
2008-12-01,21.12900
2008-12-02,20.94150
2008-12-03,20.93050
2008-12-04,21.94840
2008-12-05,21.37360
2008-12-08,21.91170
2008-12-10,23.02890
2008-12-11,22.96540
2008-12-12,22.97510
2008-12-15,23.43590
2008-12-16,23.90670
2008-12-17,23.22440
2008-12-18,24.05320
2008-12-19,24.18300
2008-12-22,23.88290
2008-12-23,23.37930
2008-12-24,22.97530
2008-12-26,22.50940
2008-12-29,23.01380
2008-12-30,23.45940
2008-12-31,23.30030
2009-01-01,23.87860
2009-01-02,23.98120
2009-01-05,24.56240
2009-01-06,24.49470
2009-01-07,22.99440
2009-01-09,22.61590
2009-01-12,21.83560
2009-01-13,21.61490
2009-01-14,22.31610
2009-01-15,21.55160
2009-01-16,22.26260
2009-01-19,22.39860
2009-01-20,22.01210
2009-01-21,21.30860
2009-01-22,21.36680
2009-01-23,21.09260
2009-01-27,21.81230
2009-01-28,22.42390
2009-01-29,22.25270
2009-01-30,22.66230
2009-02-02,21.82030
2009-02-03,21.95260
2009-02-04,22.10320
2009-02-05,21.92340
2009-02-06,22.41450
2009-02-09,23.01240
2009-02-10,23.12610
2009-02-11,23.05730
2009-02-12,22.80460
2009-02-13,23.23720
2009-02-16,22.45440
2009-02-17,21.85000
2009-02-18,21.89500
2009-02-19,21.99810
2009-02-20,21.58410
2009-02-24,21.56230
2009-02-25,21.78390
2009-02-26,21.96450
2009-02-27,21.79140
2009-03-02,21.09220
2009-03-03,20.68390
2009-03-04,20.86110
2009-03-05,20.32480
2009-03-06,20.66430
2009-03-09,20.29510
2009-03-12,20.63930
2009-03-13,21.43400
2009-03-16,21.88040
2009-03-17,21.72500
2009-03-18,22.01640
2009-03-19,22.11400
2009-03-20,22.11210
2009-03-23,23.15000
2009-03-24,23.14290
2009-03-25,23.50060
2009-03-26,24.26770
2009-03-27,24.46990
2009-03-30,23.44730
2009-03-31,23.78160
2009-04-01,24.08900
2009-04-02,25.26730
2009-04-06,25.62030
2009-04-08,26.29450
2009-04-09,26.28690
2009-04-13,26.60140
2009-04-15,27.39410
2009-04-16,26.49560
2009-04-17,26.61500
2009-04-20,26.55610
2009-04-21,26.46270
2009-04-22,26.18810
2009-04-23,26.91890
2009-04-24,27.36650
2009-04-27,27.28040
2009-04-28,26.43740
2009-04-29,27.31080
2009-05-04,28.71570
2009-05-05,28.77690
2009-05-06,28.48890
2009-05-07,28.94730
2009-05-08,28.45300
2009-05-11,27.93500
2009-05-12,28.92050
2009-05-13,28.56230
2009-05-14,28.24040
2009-05-15,28.84940
2009-05-19,33.94150
2009-05-20,33.56290
2009-05-21,33.09490
2009-05-22,33.31020
2009-05-25,33.29990
2009-05-26,32.35470
2009-05-27,33.59340
2009-05-28,34.06800
2009-05-29,34.93900
2009-06-01,35.56860
2009-06-02,35.53080
2009-06-03,35.57190
2009-06-04,35.91600
2009-06-05,36.02640
2009-06-08,34.79590
2009-06-09,35.73990
2009-06-10,36.57330
2009-06-11,36.45040
2009-06-12,36.03560
2009-06-15,35.25550
2009-06-16,35.52710
2009-06-17,34.29820
2009-06-18,33.48140
2009-06-19,33.96490
2009-06-22,33.35430
2009-06-23,33.44600
2009-06-24,33.80260
2009-06-25,33.39930
2009-06-26,34.35960
2009-06-29,34.48080
2009-06-30,33.70310
2009-07-01,34.08940
2009-07-02,34.15430
2009-07-03,34.74140
2009-07-06,32.76780
2009-07-07,33.04690
2009-07-08,32.09680
2009-07-09,32.12140
2009-07-10,31.51750
2009-07-13,31.30930
2009-07-14,32.38400
2009-07-15,33.33930
2009-07-16,33.32100
2009-07-17,34.44310
2009-07-20,35.43540
2009-07-21,35.17270
2009-07-22,34.62580
2009-07-23,35.60080
2009-07-24,35.96060
2009-07-27,35.98990
2009-07-28,35.91800
2009-07-29,35.52710
2009-07-30,35.98340
2009-07-31,36.49140
2009-08-03,37.07930
2009-08-04,36.84150
2009-08-05,36.94740
2009-08-06,36.09610
2009-08-07,35.27750
2009-08-10,34.93090
2009-08-11,35.19090
2009-08-12,35.08910
2009-08-13,36.22450
2009-08-14,36.02680
2009-08-17,34.51910
2009-08-18,35.09230
2009-08-19,34.58540
2009-08-20,35.05210
2009-08-21,35.64610
2009-08-24,36.54510
2009-08-25,36.67210
2009-08-26,36.84000
2009-08-27,36.90120
2009-08-28,37.25420
2009-08-31,36.70260
2009-09-01,36.42050
2009-09-02,36.28580
2009-09-03,36.17060
2009-09-04,36.85150
2009-09-07,37.65140
2009-09-08,37.82470
2009-09-09,37.89450
2009-09-10,37.93900
2009-09-11,38.03100
2009-09-14,37.86550
2009-09-15,38.51920
2009-09-16,39.03300
2009-09-17,39.08970
2009-09-18,39.17150
2009-09-22,39.51630
2009-09-23,39.12280
2009-09-24,39.25600
2009-09-25,39.04030
2009-09-29,39.41190
2009-09-30,40.01560
2009-10-01,40.01020
2009-10-05,39.37820
2009-10-06,39.56440
2009-10-07,39.23710
2009-10-08,39.36320
2009-10-09,38.91460
2009-10-12,39.76820
2009-10-14,40.26740
2009-10-15,40.20800
2009-10-16,40.49510
2009-10-20,40.27420
2009-10-21,39.87600
2009-10-22,39.30210
2009-10-23,39.36700
2009-10-26,39.15860
2009-10-27,38.18230
2009-10-28,38.02240
2009-10-29,37.43350
2009-10-30,37.12240
2009-11-03,35.96000
2009-11-04,37.10920
2009-11-05,37.53950
2009-11-06,37.78800
2009-11-09,38.58450
2009-11-10,38.45070
2009-11-11,39.39620
2009-11-12,38.99430
2009-11-13,39.35030
2009-11-16,39.78980
2009-11-17,39.82120
2009-11-18,39.75650
2009-11-19,39.23940
2009-11-20,39.73570
2009-11-23,40.13250
2009-11-24,40.02870
2009-11-25,40.16550
2009-11-26,39.36010
2009-11-27,38.85140
2009-11-30,39.55830
2009-12-01,40.25450
2009-12-02,40.26380
2009-12-03,40.32950
2009-12-04,40.14950
2009-12-07,39.81580
2009-12-08,40.44900
2009-12-09,40.16770
2009-12-10,40.34330
2009-12-11,40.20590
2009-12-14,40.11250
2009-12-15,39.54150
2009-12-16,39.61030
2009-12-17,39.60660
2009-12-18,39.18150
2009-12-21,38.90500
2009-12-22,39.17900
2009-12-23,40.41800
2009-12-24,40.68250
2009-12-29,40.74990
2009-12-30,40.60530
2009-12-31,40.85020
2010-01-04,41.08690
2010-01-05,41.44250
2010-01-06,41.47190
2010-01-07,41.32280
2010-01-08,41.17760
2010-01-11,41.21070
2010-01-12,40.90370
2010-01-13,41.08770
2010-01-14,41.29040
2010-01-15,41.22830
2010-01-18,41.39830
2010-01-19,41.01220
2010-01-20,40.98200
2010-01-21,39.98460
2010-01-22,39.53310
2010-01-25,39.31220
2010-01-27,38.10770
2010-01-28,38.21560
2010-01-29,38.33090
2010-02-01,38.47010
2010-02-02,37.92280
2010-02-03,38.71760
2010-02-04,38.04120
2010-02-05,37.05590
2010-02-08,37.38080
2010-02-09,37.63470
2010-02-10,37.35480
2010-02-11,37.90080
2010-02-15,37.70010
2010-02-16,38.11780
2010-02-17,38.56950
2010-02-18,38.36280
2010-02-19,38.02790
2010-02-22,38.11210
2010-02-23,38.21730
2010-02-24,38.12660
2010-02-25,38.13470
2010-02-26,38.61830
2010-03-02,39.34630
2010-03-03,39.89930
2010-03-04,39.83660
2010-03-05,39.90140
2010-03-08,40.17350
2010-03-09,39.99740
2010-03-10,40.11100
2010-03-11,40.24410
2010-03-12,40.27160
2010-03-15,40.20530
2010-03-16,40.74530
2010-03-17,41.00890
2010-03-18,41.12450
2010-03-19,41.25570
2010-03-22,40.80070
2010-03-23,40.96010
2010-03-25,41.23240
2010-03-26,41.40000
2010-03-29,41.55880
2010-03-30,41.24190
2010-03-31,41.13660
2010-04-01,41.46010
2010-04-05,42.06520
2010-04-06,42.04440
2010-04-07,42.09960
2010-04-08,41.56240
2010-04-09,41.99970
2010-04-12,41.82400
2010-04-13,41.71140
2010-04-15,41.32350
2010-04-16,41.23690
2010-04-19,40.77320
2010-04-20,40.97870
2010-04-21,41.09270
2010-04-22,41.28100
2010-04-23,41.55080
2010-04-26,41.69090
2010-04-27,41.57980
2010-04-28,40.85360
2010-04-29,41.15400
2010-04-30,41.33750
2010-05-03,40.90540
2010-05-04,40.32380
2010-05-05,40.13830
2010-05-06,39.87330
2010-05-07,39.30610
2010-05-10,40.69210
2010-05-11,40.23770
2010-05-12,40.38410
2010-05-13,40.55320
2010-05-14,39.88570
2010-05-17,39.63950
2010-05-18,39.70010
2010-05-19,38.56060
2010-05-20,38.78670
2010-05-21,38.65840
2010-05-24,38.76190
2010-05-25,37.69110
2010-05-26,38.56220
2010-05-27,39.22150
2010-05-28,39.70920
2010-05-31,39.85840
2010-06-01,38.95240
2010-06-02,39.35400
2010-06-03,40.05780
2010-06-04,40.25240
2010-06-07,39.45440
2010-06-08,39.08310
2010-06-09,39.27370
2010-06-10,39.93530
2010-06-11,40.25010
2010-06-14,40.86300
2010-06-15,41.08190
2010-06-16,41.16770
2010-06-17,41.50240
2010-06-18,41.40490
2010-06-21,42.11780
2010-06-22,41.83140
2010-06-23,41.87640
2010-06-24,41.86470
2010-06-25,41.45790
2010-06-28,41.96430
2010-06-29,41.38150
2010-06-30,41.81990
2010-07-01,41.34320
2010-07-02,41.22200
2010-07-05,41.21580
2010-07-06,41.63020
2010-07-07,41.25340
2010-07-08,41.72030
2010-07-09,42.17120
2010-07-12,42.42460
2010-07-13,42.53960
2010-07-14,42.43110
2010-07-15,42.36730
2010-07-16,42.48190
2010-07-19,42.42390
2010-07-20,42.28230
2010-07-21,42.52720
2010-07-22,42.85870
2010-07-23,42.93000
2010-07-26,42.68430
2010-07-27,42.76610
2010-07-28,42.50680
2010-07-29,42.59170
2010-07-30,42.27170
2010-08-02,42.77690
2010-08-03,42.83560
2010-08-04,43.06280
2010-08-05,42.89260
2010-08-06,42.82830
2010-08-09,43.18450
2010-08-10,42.99400
2010-08-11,42.67430
2010-08-12,42.64260
2010-08-13,42.91740
2010-08-16,42.64960
2010-08-17,42.63080
2010-08-18,43.13550
2010-08-19,43.61800
2010-08-20,43.55450
2010-08-23,43.65420
2010-08-24,43.34900
2010-08-25,43.01810
2010-08-26,43.13590
2010-08-27,42.59280
2010-08-30,42.65430
2010-08-31,42.54900
2010-09-01,43.10020
2010-09-02,43.21820
2010-09-03,43.16290
2010-09-06,43.92060
2010-09-07,44.14360
2010-09-08,44.18310
2010-09-09,44.45180
2010-09-13,45.37990
2010-09-14,45.65880
2010-09-15,46.17030
2010-09-16,45.92290
2010-09-17,46.38110
2010-09-20,47.12950
2010-09-21,47.35100
2010-09-22,47.19900
2010-09-23,46.95620
2010-09-24,47.41300
2010-09-27,47.54410
2010-09-28,47.49700
2010-09-29,47.19340
2010-09-30,47.48900
2010-10-01,48.30780
2010-10-04,48.41400
2010-10-05,48.30320
2010-10-06,48.62070
2010-10-07,48.10060
2010-10-08,47.96770
2010-10-11,48.21670
2010-10-12,47.86320
2010-10-13,48.98330
2010-10-14,48.53710
2010-10-15,47.63630
2010-10-18,47.73600
2010-10-19,47.35310
2010-10-20,46.99620
2010-10-21,47.98090
2010-10-22,47.70290
2010-10-25,48.01140
2010-10-26,47.82340
2010-10-27,47.28120
2010-10-28,47.08390
2010-10-29,47.31800
2010-11-01,48.10770
2010-11-02,48.11730
2010-11-03,48.44140
2010-11-04,49.39180
2010-11-08,49.31910
2010-11-09,49.54010
2010-11-10,49.33610
2010-11-11,48.69590
2010-11-12,47.73300
2010-11-15,48.12030
2010-11-16,47.07960
2010-11-18,47.15610
2010-11-19,46.30650
2010-11-22,47.24440
2010-11-23,46.65280
2010-11-24,46.10970
2010-11-25,45.59320
2010-11-26,45.21850
2010-11-29,45.82180
2010-11-30,46.08710
2010-12-01,46.85080
2010-12-02,47.24380
2010-12-03,47.09490
2010-12-06,47.08680
2010-12-07,46.96270
2010-12-08,46.39020
2010-12-09,45.31150
2010-12-10,46.02190
2010-12-13,46.41080
2010-12-14,46.69380
2010-12-15,46.28510
2010-12-16,46.72620
2010-12-20,46.73660
2010-12-21,47.15460
2010-12-22,47.02530
2010-12-23,46.98950
2010-12-24,47.23710
2010-12-27,47.13000
2010-12-28,47.11260
2010-12-29,47.61590
2010-12-30,47.93940
2010-12-31,48.19380
2011-01-03,48.37110
2011-01-04,48.28230
2011-01-05,47.75960
2011-01-06,47.51100
2011-01-07,46.38500
2011-01-10,45.26960
2011-01-11,45.20070
2011-01-12,46.05270
2011-01-13,45.17770
2011-01-14,44.41550
2011-01-17,44.41260
2011-01-18,44.95680
2011-01-19,44.69700
2011-01-20,44.85640
2011-01-21,44.73760
2011-01-24,45.10030
2011-01-25,44.66190
2011-01-27,44.01330
2011-01-28,43.29460
2011-01-31,43.24390
2011-02-01,42.55050
2011-02-02,42.66340
2011-02-03,43.40720
2011-02-04,42.38980
2011-02-07,42.38880
2011-02-08,41.73680
2011-02-09,41.27300
2011-02-10,41.05370
2011-02-11,41.71410
2011-02-14,42.84790
2011-02-15,43.04190
2011-02-16,43.04330
2011-02-17,43.54740
2011-02-18,42.86400
2011-02-21,43.33380
2011-02-22,42.94500
2011-02-23,42.69420
2011-02-24,41.33010
2011-02-25,41.64440
2011-02-28,41.87500
2011-03-01,43.32730
2011-03-03,43.43140
2011-03-04,43.45020
2011-03-07,42.85940
2011-03-08,43.30720
2011-03-09,43.38530
2011-03-10,43.09810
2011-03-11,42.71370
2011-03-14,43.38250
2011-03-15,42.74230
2011-03-16,43.22050
2011-03-17,42.73040
2011-03-18,42.16990
2011-03-21,42.09480
2011-03-22,42.47690
2011-03-23,42.99350
2011-03-24,43.31570
2011-03-25,44.32730
2011-03-28,44.57670
2011-03-29,44.96590
2011-03-30,45.36410
2011-03-31,45.72520
2011-04-01,45.66350
2011-04-04,46.30110
2011-04-05,46.31310
2011-04-06,46.16790
2011-04-07,46.11790
2011-04-08,45.77710
2011-04-11,45.33550
2011-04-13,46.31460
2011-04-15,45.63180
2011-04-18,44.88430
2011-04-19,44.97400
2011-04-20,45.85430
2011-04-21,46.11460
2011-04-25,46.03290
2011-04-26,45.98210
2011-04-27,45.71000
2011-04-28,45.33030
2011-04-29,45.04840
2011-05-02,44.66530
2011-05-03,43.60410
2011-05-04,43.38620
2011-05-05,42.81570
2011-05-06,43.52340
2011-05-09,43.52020
2011-05-10,43.44520
2011-05-11,43.62990
2011-05-12,43.00920
2011-05-13,43.46350
2011-05-16,43.10140
2011-05-17,42.64450
2011-05-18,42.50140
2011-05-19,42.55990
2011-05-20,43.03030
2011-05-23,42.25220
2011-05-24,42.31720
2011-05-25,41.95630
2011-05-26,42.47500
2011-05-27,42.96690
2011-05-30,42.93850
2011-05-31,43.61530
2011-06-01,43.86780
2011-06-02,43.60250
2011-06-03,43.34130
2011-06-06,43.45830
2011-06-07,43.64400
2011-06-08,43.43080
2011-06-09,43.38180
2011-06-10,43.16860
2011-06-13,43.14540
2011-06-14,43.28480
2011-06-15,42.86610
2011-06-16,42.47750
2011-06-17,42.23460
2011-06-20,41.37940
2011-06-21,41.51710
2011-06-22,41.56500
2011-06-23,41.89190
2011-06-24,43.07680
2011-06-27,43.50360
2011-06-28,43.64920
2011-06-29,44.09670
2011-06-30,44.46910
2011-07-01,44.31270
2011-07-04,44.50960
2011-07-05,44.36020
2011-07-06,44.30280
2011-07-07,45.11340
2011-07-08,44.59120
2011-07-11,44.23790
2011-07-12,43.53590
2011-07-13,43.99760
2011-07-14,44.12360
2011-07-15,43.98070
2011-07-18,43.86830
2011-07-19,44.25260
2011-07-20,43.88900
2011-07-21,43.69200
2011-07-22,44.41230
2011-07-25,44.77420
2011-07-26,43.95030
2011-07-27,43.72650
2011-07-28,43.26590
2011-07-29,43.21990
2011-08-01,43.48440
2011-08-02,43.01700
2011-08-03,42.61380
2011-08-04,42.04510
2011-08-05,41.10490
2011-08-08,40.40460
2011-08-09,40.07740
2011-08-10,40.74880
2011-08-11,40.57070
2011-08-12,40.05680
2011-08-16,39.76460
2011-08-17,39.95710
2011-08-18,39.07870
2011-08-19,38.30850
2011-08-22,38.71970
2011-08-23,39.11000
2011-08-24,38.64170
2011-08-25,38.26590
2011-08-26,37.54100
2011-08-29,38.86910
2011-08-30,39.50300
2011-09-02,39.80890
2011-09-05,39.62790
2011-09-06,40.00300
2011-09-07,40.48050
2011-09-08,40.70940
2011-09-09,39.96540
2011-09-12,39.08080
2011-09-13,39.03870
2011-09-14,39.60230
2011-09-15,40.10340
2011-09-16,40.16810
2011-09-19,39.75270
2011-09-20,40.60810
2011-09-21,40.55480
2011-09-22,38.90170
2011-09-23,38.46470
2011-09-26,38.20410
2011-09-27,39.26920
2011-09-28,39.06500
2011-09-29,39.60890
2011-09-30,39.04070
2011-10-03,38.30130
2011-10-04,37.70380
2011-10-05,37.53930
2011-10-07,38.58620
2011-10-10,39.28240
2011-10-11,39.23380
2011-10-12,40.21670
2011-10-13,40.04520
2011-10-14,40.47420
2011-10-17,40.35670
2011-10-18,39.70790
2011-10-19,40.50660
2011-10-20,40.15150
2011-10-21,39.82780
2011-10-24,40.20450
2011-10-25,40.93930
2011-10-28,42.26200
2011-10-31,41.99210
2011-11-01,41.45530
2011-11-02,41.45990
2011-11-03,41.51890
2011-11-04,41.67610
2011-11-08,41.71420
2011-11-09,41.17640
2011-11-11,40.76820
2011-11-14,40.60630
2011-11-15,39.97350
2011-11-16,39.66690
2011-11-17,38.91230
2011-11-18,38.68780
2011-11-21,37.68540
2011-11-22,37.94330
2011-11-23,37.13790
2011-11-24,37.53190
2011-11-25,37.16700
2011-11-28,38.26740
2011-11-29,37.90260
2011-11-30,38.11430
2011-12-01,38.93430
2011-12-02,39.82420
2011-12-05,39.73100
2011-12-07,39.91360
2011-12-08,38.97540
2011-12-09,38.36760
2011-12-12,37.55920
2011-12-13,37.84100
2011-12-14,37.53940
2011-12-15,37.40450
2011-12-16,36.66310
2011-12-19,36.36180
2011-12-20,35.81980
2011-12-21,36.99050
2011-12-22,37.30400
2011-12-23,37.14860
2011-12-26,37.65520
2011-12-27,37.43520
2011-12-28,37.07750
2011-12-29,36.60590
2011-12-30,36.43580
2012-01-02,36.52900
2012-01-03,37.53460
2012-01-04,37.40610
2012-01-05,37.40680
2012-01-06,37.45960
2012-01-09,37.36870
2012-01-10,38.20370
2012-01-11,38.29120
2012-01-12,38.05470
2012-01-13,38.32430
2012-01-16,38.38370
2012-01-17,39.11960
2012-01-18,39.03090
2012-01-19,39.52160
2012-01-20,39.76230
2012-01-23,39.73870
2012-01-24,40.37730
2012-01-25,40.62110
2012-01-27,40.98450
2012-01-30,40.05660
2012-01-31,40.94540
2012-02-01,41.22980
2012-02-02,41.50270
2012-02-03,41.94110
2012-02-06,42.22570
2012-02-07,42.01950
2012-02-08,42.28030
2012-02-09,42.62960
2012-02-10,42.36900
2012-02-13,42.43940
2012-02-14,42.63530
2012-02-15,43.54780
2012-02-16,43.47150
2012-02-17,43.80670
2012-02-21,44.13790
2012-02-22,43.33340
2012-02-23,43.15550
2012-02-24,42.73130
2012-02-27,41.56900
2012-02-28,42.28050
2012-02-29,42.32670
2012-03-01,41.98480
2012-03-02,42.12430
2012-03-05,41.53270
2012-03-06,41.07890
2012-03-07,41.05670
2012-03-09,41.89240
2012-03-12,42.09400
2012-03-13,42.60360
2012-03-14,42.85690
2012-03-15,42.23980
2012-03-16,41.74250
2012-03-19,41.27500
2012-03-20,41.41130
2012-03-21,42.10130
2012-03-22,41.04750
2012-03-23,41.42190
2012-03-26,40.69840
2012-03-27,41.15220
2012-03-28,40.77560
2012-03-29,40.64130
2012-03-30,41.54350
2012-04-02,41.71240
2012-04-03,42.03030
2012-04-04,41.74810
2012-04-09,41.05090
2012-04-10,41.12330
2012-04-11,40.98560
2012-04-12,41.38100
2012-04-13,40.83030
2012-04-16,40.97380
2012-04-17,41.46550
2012-04-18,41.54840
2012-04-19,41.79400
2012-04-20,41.46740
2012-04-23,40.74920
2012-04-24,40.92180
2012-04-25,40.76280
2012-04-26,40.66320
2012-04-27,40.67010
2012-04-30,41.10850
2012-05-02,41.03870
2012-05-03,40.64420
2012-05-04,39.84940
2012-05-07,40.05390
2012-05-08,39.16470
2012-05-09,38.96920
2012-05-10,38.89060
2012-05-11,38.61140
2012-05-14,38.44600
2012-05-15,38.71620
2012-05-16,38.07510
2012-05-17,38.16000
2012-05-18,38.32390
2012-05-21,38.43270
2012-05-22,38.07120
2012-05-23,37.87720
2012-05-24,38.59200
2012-05-25,38.58680
2012-05-28,39.09350
2012-05-29,39.12620
2012-05-30,38.82760
2012-05-31,38.70240
2012-06-01,38.05940
2012-06-04,38.10160
2012-06-05,38.21530
2012-06-06,39.25810
2012-06-07,39.69150
2012-06-08,39.84200
2012-06-11,39.79150
2012-06-12,40.27140
2012-06-13,40.31190
2012-06-14,39.81980
2012-06-15,40.47990
2012-06-18,39.89220
2012-06-19,40.19930
2012-06-20,40.32740
2012-06-21,40.66990
2012-06-22,40.55560
2012-06-25,40.31330
2012-06-26,40.35830
2012-06-27,40.52200
2012-06-28,40.61300
2012-06-29,41.62440
2012-07-02,41.61660
2012-07-03,41.68290
2012-07-04,41.81330
2012-07-05,42.02490
2012-07-06,41.93690
2012-07-09,41.60200
2012-07-10,42.15240
2012-07-11,41.84070
2012-07-12,41.28940
2012-07-13,41.22440
2012-07-16,41.00260
2012-07-17,40.96800
2012-07-18,41.16840
2012-07-19,41.37730
2012-07-20,41.08380
2012-07-23,40.39800
2012-07-24,40.48590
2012-07-25,40.33660
2012-07-26,39.82410
2012-07-27,40.25600
2012-07-30,41.03970
2012-07-31,41.25770
2012-08-01,41.35250
2012-08-02,41.25070
2012-08-03,41.15060
2012-08-06,41.67470
2012-08-07,42.10850
2012-08-08,42.11690
2012-08-09,42.00630
2012-08-10,41.99120
2012-08-13,42.19710
2012-08-14,42.48060
2012-08-16,42.34750
2012-08-17,42.37200
2012-08-21,42.79220
2012-08-22,42.72630
2012-08-23,42.75160
2012-08-24,42.51950
2012-08-27,42.23300
2012-08-28,42.11470
2012-08-29,41.74960
2012-08-30,41.95420
2012-08-31,41.50830
2012-09-03,41.46970
2012-09-04,41.63560
2012-09-05,41.25630
2012-09-06,41.36250
2012-09-07,42.14500
2012-09-10,42.29860
2012-09-11,42.49930
2012-09-12,42.81590
2012-09-13,42.84930
2012-09-14,43.98170
2012-09-17,44.23750
2012-09-18,44.16240
2012-09-20,43.79750
2012-09-21,44.86740
2012-09-24,44.70830
2012-09-25,44.73790
2012-09-26,44.66330
2012-09-27,44.56740
2012-09-28,44.99930
2012-10-01,45.12290
2012-10-03,45.21630
2012-10-04,45.65380
2012-10-05,45.34560
2012-10-08,44.77520
2012-10-09,45.00190
2012-10-10,44.58970
2012-10-11,45.02230
2012-10-12,44.77440
2012-10-15,44.85800
2012-10-16,44.54240
2012-10-17,44.63090
2012-10-18,45.09560
2012-10-19,44.82880
2012-10-22,45.08710
2012-10-23,44.88490
2012-10-25,44.98400
2012-10-26,44.66060
2012-10-29,44.67100
2012-10-30,44.13940
2012-10-31,44.31050
2012-11-01,44.54310
2012-11-02,44.95590
2012-11-05,45.00530
2012-11-06,45.16010
2012-11-07,45.43290
2012-11-08,45.26540
2012-11-09,44.85220
2012-11-12,44.82780
2012-11-15,44.40320
2012-11-16,43.95750
2012-11-19,43.93840
2012-11-20,43.93010
2012-11-21,44.27510
2012-11-22,44.37810
2012-11-23,44.36600
2012-11-26,44.43810
2012-11-27,45.15470
2012-11-29,45.91090
2012-11-30,46.31720
2012-12-03,46.25140
2012-12-04,46.39500
2012-12-05,46.48200
2012-12-06,46.71810
2012-12-07,46.53350
2012-12-10,46.53260
2012-12-11,46.44700
2012-12-12,46.36930
2012-12-13,46.08050
2012-12-14,46.29970
2012-12-17,46.12910
2012-12-18,46.43390
2012-12-19,46.69560
2012-12-20,46.59420
2012-12-21,46.05720
2012-12-24,46.13680
2012-12-26,46.52430
2012-12-27,46.24340
2012-12-28,46.53920
2012-12-31,46.51160
2013-01-01,46.87080
2013-01-02,47.19720
2013-01-03,47.32050
2013-01-04,47.36880
2013-01-07,47.14360
2013-01-08,47.23780
2013-01-09,46.99740
2013-01-10,46.96570
2013-01-11,46.84270
2013-01-14,47.40460
2013-01-15,47.65870
2013-01-16,47.23380
2013-01-17,47.52710
2013-01-18,47.70720
2013-01-21,47.85310
2013-01-22,47.58500
2013-01-23,47.63870
2013-01-24,47.36500
2013-01-25,47.80010
2013-01-28,47.79440
2013-01-29,47.59220
2013-01-30,47.63940
2013-01-31,47.47560
2013-02-01,47.17870
2013-02-04,47.07690
2013-02-05,46.84090
2013-02-06,46.83250
2013-02-07,46.67510
2013-02-08,46.39900
2013-02-11,46.35610
2013-02-12,46.54020
2013-02-13,46.61180
2013-02-14,46.32310
2013-02-15,46.25300
2013-02-18,46.34150
2013-02-19,46.66130
2013-02-20,46.69450
2013-02-21,45.98140
2013-02-22,45.97130
2013-02-25,46.00260
2013-02-26,45.28450
2013-02-27,45.55270
2013-02-28,44.74100
2013-03-01,44.95560
2013-03-04,44.78660
2013-03-05,45.45920
2013-03-06,45.72690
2013-03-07,46.07650
2013-03-08,46.70930
2013-03-11,46.67050
2013-03-12,46.45580
2013-03-13,45.96630
2013-03-14,46.42450
2013-03-15,46.13580
2013-03-18,45.85050
2013-03-19,45.15770
2013-03-20,44.76300
2013-03-21,44.48260
2013-03-22,44.43900
2013-03-25,44.27870
2013-03-26,44.32480
2013-03-28,44.63070
2013-04-01,44.78960
2013-04-02,45.13260
2013-04-03,44.53790
2013-04-04,43.76630
2013-04-05,43.61380
2013-04-08,43.54300
2013-04-09,43.16390
2013-04-10,43.64600
2013-04-11,43.93490
2013-04-12,43.39570
2013-04-15,43.69780
2013-04-16,44.61830
2013-04-17,44.61660
2013-04-18,45.33640
2013-04-22,45.72970
2013-04-23,45.75220
2013-04-25,46.34580
2013-04-26,45.98160
2013-04-29,46.23290
2013-04-30,46.44520
2013-05-02,46.97980
2013-05-03,46.55320
2013-05-06,46.78040
2013-05-07,47.34770
2013-05-08,47.54060
2013-05-09,47.39250
2013-05-10,47.78070
2013-05-13,46.88250
2013-05-14,46.99050
2013-05-15,48.16390
2013-05-16,48.34820
2013-05-17,48.47960
2013-05-20,48.24070
2013-05-21,47.92120
2013-05-22,47.76050
2013-05-23,46.75740
2013-05-24,46.88240
2013-05-27,47.66040
2013-05-28,47.90570
2013-05-29,47.85570
2013-05-30,48.08690
2013-05-31,47.07740
2013-06-03,46.72060
2013-06-04,46.56290
2013-06-05,46.60250
2013-06-06,46.60170
2013-06-07,46.29430
2013-06-10,46.25860
2013-06-11,45.56460
2013-06-12,45.33920
2013-06-13,44.90460
2013-06-14,45.76100
2013-06-17,46.09110
2013-06-18,45.81960
2013-06-19,45.88700
2013-06-20,44.58640
2013-06-21,44.66290
2013-06-24,44.07460
2013-06-25,44.22980
2013-06-26,44.06430
2013-06-27,44.83900
2013-06-28,46.06660
2013-07-01,46.49920
2013-07-02,46.18520
2013-07-03,45.51710
2013-07-04,46.06440
2013-07-05,46.31500
2013-07-08,45.88660
2013-07-09,46.25750
2013-07-10,45.95090
2013-07-11,46.86710
2013-07-12,47.47600
2013-07-15,47.65430
2013-07-16,47.07650
2013-07-17,47.22840
2013-07-18,47.71550
2013-07-19,47.69370
2013-07-22,47.69990
2013-07-23,48.05610
2013-07-24,47.39340
2013-07-25,46.72740
2013-07-26,46.56020
2013-07-29,46.11740
2013-07-30,45.53730
2013-07-31,45.44770
2013-08-01,45.34650
2013-08-02,44.93940
2013-08-05,44.99060
2013-08-06,43.87950
2013-08-07,43.70710
2013-08-08,44.05200
2013-08-12,44.40180
2013-08-13,45.08930
2013-08-14,45.40410
2013-08-16,43.59200
2013-08-19,42.86250
2013-08-20,42.76750
2013-08-21,41.99080
2013-08-22,42.81190
2013-08-23,43.31250
2013-08-26,43.35550
2013-08-27,41.92080
2013-08-28,41.92430
2013-08-29,42.88140
2013-08-30,43.39850
2013-09-02,44.01690
2013-09-03,42.36950
2013-09-04,43.19690
2013-09-05,44.29720
2013-09-06,44.96450
2013-09-10,46.63770
2013-09-11,46.76200
2013-09-12,46.25570
2013-09-13,46.23870
2013-09-16,46.14410
2013-09-17,46.24380
2013-09-18,46.62770
2013-09-19,48.34260
2013-09-20,47.51200
2013-09-23,46.57040
2013-09-24,46.58700
2013-09-25,46.41880
2013-09-26,46.47530
2013-09-27,46.08460
2013-09-30,45.32680
2013-10-01,45.68570
2013-10-03,46.68050
2013-10-04,46.66890
2013-10-07,46.66040
2013-10-08,46.83040
2013-10-09,47.44640
2013-10-10,47.54150
2013-10-11,48.13500
2013-10-14,48.26010
2013-10-15,48.06750
2013-10-17,47.74370
2013-10-18,48.86590
2013-10-21,48.97180
2013-10-22,48.94100
2013-10-23,48.77350
2013-10-24,48.66510
2013-10-25,48.51460
2013-10-28,48.16580
2013-10-29,49.09250
2013-10-30,49.34910
2013-10-31,49.71590
2013-11-01,49.79290
2013-11-05,49.33940
2013-11-06,49.02670
2013-11-07,48.81790
2013-11-08,48.46170
2013-11-11,47.97790
2013-11-12,47.50320
2013-11-13,47.27360
2013-11-14,47.77950
2013-11-18,48.81110
2013-11-19,48.93610
2013-11-20,48.28930
2013-11-21,47.32700
2013-11-22,47.27220
2013-11-25,48.21120
2013-11-26,47.76950
2013-11-27,47.75230
2013-11-28,48.03050
2013-11-29,48.69150
2013-12-02,49.02670
2013-12-03,48.90760
2013-12-04,48.58460
2013-12-05,49.22480
2013-12-06,49.32940
2013-12-09,50.12950
2013-12-10,49.97700
2013-12-11,49.76180
2013-12-12,49.20750
2013-12-13,48.66450
2013-12-16,48.53970
2013-12-17,48.44360
2013-12-18,49.05570
2013-12-19,48.66820
2013-12-20,49.49660
2013-12-23,49.55970
2013-12-24,49.43630
2013-12-26,49.51370
2013-12-27,49.79250
2013-12-30,49.61170
2013-12-31,49.70510
2014-01-01,49.68310
2014-01-02,49.05150
2014-01-03,48.99420
2014-01-06,48.82290
2014-01-07,48.61240
2014-01-08,48.71280
2014-01-09,48.62820
2014-01-10,48.66140
2014-01-13,49.44390
2014-01-14,49.19780
2014-01-15,49.83290
2014-01-16,49.80640
2014-01-17,49.35920
2014-01-20,49.68940
2014-01-21,49.76840
2014-01-22,49.96840
2014-01-23,50.03770
2014-01-24,49.39930
2014-01-27,48.38020
2014-01-28,48.31370
2014-01-29,48.26040
2014-01-30,47.89820
2014-01-31,48.02600
2014-02-03,47.33260
2014-02-04,47.29780
2014-02-05,47.45110
2014-02-06,47.55660
2014-02-07,47.75710
2014-02-10,47.67750
2014-02-11,47.75340
2014-02-12,47.93280
2014-02-13,47.28090
2014-02-14,47.63810
2014-02-17,47.83920
2014-02-18,48.26690
2014-02-19,48.45740
2014-02-20,47.97790
2014-02-21,48.44290
2014-02-24,48.73790
2014-02-25,48.85650
2014-02-26,49.16850
2014-02-28,49.47470
2014-03-03,49.03120
2014-03-04,49.62270
2014-03-05,49.85880
2014-03-06,50.40860
2014-03-07,51.39800
2014-03-10,51.47350
2014-03-11,51.26250
2014-03-12,51.37770
2014-03-13,51.17940
2014-03-14,51.27890
2014-03-18,51.35440
2014-03-19,51.42530
2014-03-20,51.10220
2014-03-21,51.19040
2014-03-24,51.88100
2014-03-25,51.92230
2014-03-26,51.99890
2014-03-27,52.30030
2014-03-28,52.70040
2014-03-31,52.79850
2014-04-01,52.89000
2014-04-02,53.11940
2014-04-03,53.00270
2014-04-04,52.65420
2014-04-07,52.65400
2014-04-09,53.38920
2014-04-10,53.38300
2014-04-11,53.22510
2014-04-15,52.88050
2014-04-16,52.42680
2014-04-17,53.23730
2014-04-21,53.52950
2014-04-22,53.51220
2014-04-23,53.70910
2014-04-25,53.25270
2014-04-28,53.08040
2014-04-29,52.71980
2014-04-30,52.57200
2014-05-02,52.55580
2014-05-05,52.58730
2014-05-06,52.71000
2014-05-07,52.21990
2014-05-08,52.27540
2014-05-09,53.80770
2014-05-12,54.96770
2014-05-13,55.69890
2014-05-14,55.69900
2014-05-15,55.80680
2014-05-16,56.46130
2014-05-19,56.91330
2014-05-20,57.00460
2014-05-21,56.83060
2014-05-22,57.01190
2014-05-23,57.71590
2014-05-26,57.65050
2014-05-27,57.33410
2014-05-28,57.42370
2014-05-29,56.74860
2014-05-30,56.70460
2014-06-02,57.72830
2014-06-03,58.21670
2014-06-04,58.10830
2014-06-05,58.75760
2014-06-06,59.63110
2014-06-09,60.18320
2014-06-10,60.19870
2014-06-11,59.98020
2014-06-12,60.17940
2014-06-13,59.33850
2014-06-16,59.27500
2014-06-17,60.03450
2014-06-18,59.45820
2014-06-19,59.32000
2014-06-20,59.08900
2014-06-23,58.93840
2014-06-24,59.61300
2014-06-25,59.52620
2014-06-26,58.92960
2014-06-27,59.05240
2014-06-30,59.84850
2014-07-01,60.03020
2014-07-02,60.73640
2014-07-03,60.68660
2014-07-04,61.02780
2014-07-07,61.30260
2014-07-08,60.02150
2014-07-09,59.73650
2014-07-10,59.59970
2014-07-11,58.76170
2014-07-14,58.72780
2014-07-15,59.30900
2014-07-16,60.06910
2014-07-17,60.21700
2014-07-18,60.39810
2014-07-21,60.56100
2014-07-22,61.21560
2014-07-23,61.44040
2014-07-24,61.71530
2014-07-25,61.40710
2014-07-28,61.13180
2014-07-30,61.46390
2014-07-31,60.91300
2014-08-01,59.98050
2014-08-04,60.61120
2014-08-05,61.11110
2014-08-06,60.52800
2014-08-07,60.34550
2014-08-08,59.72270
2014-08-11,60.16480
2014-08-12,60.95800
2014-08-13,61.09690
2014-08-14,61.51250
2014-08-18,62.14390
2014-08-19,62.32870
2014-08-20,62.15660
2014-08-21,62.28290
2014-08-22,62.45760
2014-08-25,62.41520
2014-08-26,62.40010
2014-08-27,62.64350
2014-08-28,62.78480
2014-09-01,63.34590
2014-09-02,63.77840
2014-09-03,64.02370
2014-09-04,63.88270
2014-09-05,63.82000
2014-09-08,64.50280
2014-09-09,64.33690
2014-09-10,63.87340
2014-09-11,63.80900
2014-09-12,63.96280
2014-09-15,63.45730
2014-09-16,62.59650
2014-09-17,62.92720
2014-09-18,64.00770
2014-09-19,64.04650
2014-09-22,64.24350
2014-09-23,63.23430
2014-09-24,63.11400
2014-09-25,62.40510
2014-09-26,62.84900
2014-09-29,62.76580
2014-09-30,62.81020
2014-10-01,62.65800
2014-10-07,61.91880
2014-10-08,61.83990
2014-10-09,62.75880
2014-10-10,61.97070
2014-10-13,62.15550
2014-10-14,61.99460
2014-10-16,61.11930
2014-10-17,61.36240
2014-10-20,62.13820
2014-10-21,62.51760
2014-10-22,63.04960
2014-10-27,63.00790
2014-10-28,63.28730
2014-10-29,63.78420
2014-10-30,64.39360
2014-10-31,65.60010
2014-11-03,65.61460
2014-11-05,65.72280
2014-11-07,65.70930
2014-11-10,65.76080
2014-11-11,65.90240
2014-11-12,66.06230
2014-11-13,65.86660
2014-11-14,66.11670
2014-11-17,66.43050
2014-11-18,66.39060
2014-11-19,66.04630
2014-11-20,66.19790
2014-11-21,66.78800
2014-11-24,67.19570
2014-11-25,66.66850
2014-11-26,66.76680
2014-11-27,66.90920
2014-11-28,67.64380
2014-12-01,67.38510
2014-12-02,67.13730
2014-12-03,67.23700
2014-12-04,67.44590
2014-12-05,67.23930
2014-12-08,66.44580
2014-12-09,65.67840
2014-12-10,65.79390
2014-12-11,65.30060
2014-12-12,64.76010
2014-12-15,64.71720
2014-12-16,63.54420
2014-12-17,63.24790
2014-12-18,64.25880
2014-12-19,64.77260
2014-12-22,65.53980
2014-12-23,65.09150
2014-12-24,64.36260
2014-12-26,64.56790
2014-12-29,64.91920
2014-12-30,64.93220
2014-12-31,65.20050
2015-01-01,65.20960
2015-01-02,66.07960
2015-01-05,65.93960
2015-01-06,63.97060
2015-01-07,63.77070
2015-01-08,64.80610
2015-01-09,65.19600
2015-01-12,65.49080
2015-01-13,65.30350
2015-01-14,65.12870
2015-01-15,66.82030
2015-01-16,66.97240
2015-01-19,67.25520
2015-01-20,68.38890
2015-01-21,68.65550
2015-01-22,68.91050
2015-01-23,69.49130
2015-01-27,70.07480
2015-01-28,70.10160
2015-01-29,70.39760
2015-01-30,69.26980
2015-02-02,69.17160
2015-02-03,68.85140
2015-02-04,68.60250
2015-02-05,68.50600
2015-02-06,68.10710
2015-02-09,67.04480
2015-02-10,67.35030
2015-02-11,67.83160
2015-02-12,68.48740
2015-02-13,69.22110
2015-02-16,69.24690
2015-02-18,69.71430
2015-02-19,69.91630
2015-02-20,69.43280
2015-02-23,68.81290
2015-02-24,68.86640
2015-02-25,68.90420
2015-02-26,68.25040
2015-02-27,69.50460
2015-03-02,70.38310
2015-03-03,70.75070
2015-03-04,70.17370
2015-03-05,70.28950
2015-03-09,68.86760
2015-03-10,68.51280
2015-03-11,68.41530
2015-03-12,69.01030
2015-03-13,68.00460
2015-03-16,67.88290
2015-03-17,68.58710
2015-03-18,68.29030
2015-03-19,67.88270
2015-03-20,67.42370
2015-03-23,67.26150
2015-03-24,67.21490
2015-03-25,67.12610
2015-03-26,65.66500
2015-03-27,65.66950
2015-03-30,66.84220
2015-03-31,66.83300
2015-04-01,67.57570
2015-04-06,68.11860
2015-04-07,68.11880
2015-04-08,68.54220
2015-04-09,69.03900
2015-04-10,69.05490
2015-04-13,69.47160
2015-04-15,68.81300
2015-04-16,68.46810
2015-04-17,67.67720
2015-04-20,66.48540
2015-04-21,65.93120
2015-04-22,66.33740
2015-04-23,66.09040
2015-04-24,65.36150
2015-04-27,64.64420
2015-04-28,65.20520
2015-04-29,64.84260
2015-04-30,64.38330
2015-05-04,65.55990
2015-05-05,65.48390
2015-05-06,63.70610
2015-05-07,63.40550
2015-05-08,64.48380
2015-05-11,65.51570
2015-05-12,63.95620
2015-05-13,64.80480
2015-05-14,64.72180
2015-05-15,65.01890
2015-05-18,65.87240
2015-05-19,65.80570
2015-05-20,66.25300
2015-05-21,66.22380
2015-05-22,66.50710
2015-05-25,65.80600
2015-05-26,65.56310
2015-05-27,65.54060
2015-05-28,65.45420
2015-05-29,66.33590
2015-06-01,66.40760
2015-06-02,64.86330
2015-06-03,64.15370
2015-06-04,64.18740
2015-06-05,64.07700
2015-06-08,63.52720
2015-06-09,63.36950
2015-06-10,64.16610
2015-06-11,62.91880
2015-06-12,63.05530
2015-06-15,63.34960
2015-06-16,63.61600
2015-06-17,63.96490
2015-06-18,64.61140
2015-06-19,65.03030
2015-06-22,66.03560
2015-06-23,66.25780
2015-06-24,66.08190
2015-06-25,66.37260
2015-06-26,66.23780
2015-06-29,65.75700
2015-06-30,66.13160
2015-07-01,66.79880
2015-07-02,66.76430
2015-07-03,67.07970
2015-07-06,67.36380
2015-07-07,67.27170
2015-07-08,66.11460
2015-07-09,65.87220
2015-07-10,66.10580
2015-07-13,66.87660
2015-07-14,66.83810
2015-07-15,67.42980
2015-07-16,68.09080
2015-07-17,68.10180
2015-07-20,68.06420
2015-07-21,67.58530
2015-07-22,68.39020
2015-07-23,68.06560
2015-07-24,67.51080
2015-07-27,66.24030
2015-07-28,66.04180
2015-07-29,66.33690
2015-07-30,66.72070
2015-07-31,67.60600
2015-08-03,67.67920
2015-08-04,67.47500
2015-08-05,67.87240
2015-08-06,68.02630
2015-08-07,67.83700
2015-08-10,67.52800
2015-08-11,67.02350
2015-08-12,66.11540
2015-08-13,66.15980
2015-08-14,67.42690
2015-08-17,67.08670
2015-08-18,67.01770
2015-08-19,67.21380
2015-08-20,66.23920
2015-08-21,65.66590
2015-08-24,61.80270
2015-08-25,62.37160
2015-08-26,61.68680
2015-08-27,62.91490
2015-08-28,63.36060
2015-08-31,63.09890
2015-09-01,61.66480
2015-09-02,61.12720
2015-09-03,61.97500
2015-09-04,60.66290
2015-09-07,59.92140
2015-09-08,60.93380
2015-09-09,61.97140
2015-09-10,61.72280
2015-09-11,61.72820
2015-09-14,62.37160
2015-09-15,62.02090
2015-09-16,62.56020
2015-09-18,63.19740
2015-09-21,63.15760
2015-09-22,61.84960
2015-09-23,62.11210
2015-09-24,62.29480
2015-09-28,61.72670
2015-09-29,62.10180
2015-09-30,62.93450
2015-10-01,62.94280
2015-10-05,64.30810
2015-10-06,64.56870
2015-10-07,64.75110
2015-10-08,64.37220
2015-10-09,64.85290
2015-10-12,64.48080
2015-10-13,64.39200
2015-10-14,64.19920
2015-10-15,64.76040
2015-10-16,65.26580
2015-10-19,65.56300
2015-10-20,65.45720
2015-10-21,65.38620
2015-10-23,65.74160
2015-10-26,65.45590
2015-10-27,65.22290
2015-10-28,64.73040
2015-10-29,64.26560
2015-10-30,63.89260
2015-11-02,63.78140
2015-11-03,63.85980
2015-11-04,63.70020
2015-11-05,63.04590
2015-11-06,63.03720
2015-11-09,62.73780
2015-11-10,61.72380
2015-11-13,61.54160
2015-11-16,61.88300
2015-11-17,62.11920
2015-11-18,61.28920
2015-11-19,62.16960
2015-11-20,62.28650
2015-11-23,62.22670
2015-11-24,62.09230
2015-11-26,62.47730
2015-11-27,62.93760
2015-11-30,62.87680
2015-12-01,63.03420
2015-12-02,62.85050
2015-12-03,62.31940
2015-12-04,61.66010
2015-12-07,61.51060
2015-12-08,61.00370
2015-12-09,60.30870
2015-12-10,60.86920
2015-12-11,60.29660
2015-12-14,60.60040
2015-12-15,60.99550
2015-12-16,61.37570
2015-12-17,62.10450
2015-12-18,61.45060
2015-12-21,62.03680
2015-12-22,61.65200
2015-12-23,62.26400
2015-12-24,62.22130
2015-12-28,62.71010
2015-12-29,62.73990
2015-12-30,62.47630
2015-12-31,62.86620
2016-01-01,62.99470
2016-01-04,61.64110
2016-01-05,61.58690
2016-01-06,61.24040
2016-01-07,59.87430
2016-01-08,60.12500
2016-01-11,59.82520
2016-01-12,59.40280
2016-01-13,59.80520
2016-01-14,59.61040
2016-01-15,58.82730
2016-01-18,58.14500
2016-01-19,58.80570
2016-01-20,57.81070
2016-01-21,57.56810
2016-01-22,58.70970
2016-01-25,58.81330
2016-01-27,58.82770
2016-01-28,58.72350
2016-01-29,59.80460
2016-02-01,59.73400
2016-02-02,58.95930
2016-02-03,58.22080
2016-02-04,58.54940
2016-02-05,59.22360
2016-02-08,58.42770
2016-02-09,57.72340
2016-02-10,57.07820
2016-02-11,55.20650
2016-02-12,55.23620
2016-02-15,56.66440
2016-02-16,55.76260
2016-02-17,56.23170
2016-02-18,56.88130
2016-02-19,57.02910
2016-02-22,57.21420
2016-02-23,56.23180
2016-02-24,55.52350
2016-02-25,55.14590
2016-02-26,55.60940
2016-02-29,55.26930
2016-03-01,57.10870
2016-03-02,58.25440
2016-03-03,59.09150
2016-03-04,59.16790
2016-03-08,59.15960
2016-03-09,59.52510
2016-03-10,59.16350
2016-03-11,59.34900
2016-03-14,59.64300
2016-03-15,59.02440
2016-03-16,59.34340
2016-03-17,59.48620
2016-03-18,60.20220
2016-03-21,60.99600
2016-03-22,61.07850
2016-03-23,61.08960
2016-03-28,60.27990
2016-03-29,60.13050
2016-03-30,61.20140
2016-03-31,61.22290
2016-04-01,61.02460
2016-04-04,61.36750
2016-04-05,60.17940
2016-04-06,60.26060
2016-04-07,59.73670
2016-04-08,59.80360
2016-04-11,60.71090
2016-04-12,60.99980
2016-04-13,62.11160
2016-04-18,62.60870
2016-04-20,62.61960
2016-04-21,62.59620
2016-04-22,62.49230
2016-04-25,62.14180
2016-04-26,62.98740
2016-04-27,63.12130
2016-04-28,62.07700
2016-04-29,62.09540
2016-05-02,61.74660
2016-05-03,61.28290
2016-05-04,60.96390
2016-05-05,61.19660
2016-05-06,61.17870
2016-05-09,62.21470
2016-05-10,62.38170
2016-05-11,62.07380
2016-05-12,62.47660
2016-05-13,61.80330
2016-05-16,62.15530
2016-05-17,62.38620
2016-05-18,62.22260
2016-05-19,61.53960
2016-05-20,61.27380
2016-05-23,61.12260
2016-05-24,61.26040
2016-05-25,62.71820
2016-05-26,63.77410
2016-05-27,64.45700
2016-05-30,64.73240
2016-05-31,64.58480
2016-06-01,64.74040
2016-06-02,65.04520
2016-06-03,65.07260
2016-06-06,64.95020
2016-06-07,65.46140
2016-06-08,65.51290
2016-06-09,65.02810
2016-06-10,64.76220
2016-06-13,64.29040
2016-06-14,64.27430
2016-06-15,65.04020
2016-06-16,64.58780
2016-06-17,64.81760
2016-06-20,65.34940
2016-06-21,65.20100
2016-06-22,65.08600
2016-06-23,65.61580
2016-06-24,64.17680
2016-06-27,64.21900
2016-06-28,64.47810
2016-06-29,65.11640
2016-06-30,65.77360
2016-07-01,66.09090
2016-07-04,66.41970
2016-07-05,66.14440
2016-07-07,66.17410
2016-07-08,66.05600
2016-07-11,67.18800
2016-07-12,67.60490
2016-07-13,67.59050
2016-07-14,67.95020
2016-07-15,67.80900
2016-07-18,67.55220
2016-07-19,67.70690
2016-07-20,67.99930
2016-07-21,67.57270
2016-07-22,67.81610
2016-07-25,68.56720
2016-07-26,68.21050
2016-07-27,68.40710
2016-07-28,68.83020
2016-07-29,68.60920
2016-08-01,68.58740
2016-08-02,68.48230
2016-08-03,67.86380
2016-08-04,67.91110
2016-08-05,68.95280
2016-08-08,69.16890
2016-08-09,68.90950
2016-08-10,68.10300
2016-08-11,68.23780
2016-08-12,68.86740
2016-08-16,68.62600
2016-08-17,68.47840
2016-08-18,68.89630
2016-08-19,68.84410
2016-08-22,68.54040
2016-08-23,68.56590
2016-08-24,68.70350
2016-08-25,68.24380
2016-08-26,68.08630
2016-08-29,68.35590
2016-08-30,69.43330
2016-08-31,69.78120
2016-09-01,69.68960
2016-09-02,69.96380
2016-09-06,71.01200
2016-09-07,70.82410
2016-09-08,71.11200
2016-09-09,70.37860
2016-09-12,69.18240
2016-09-14,69.26780
2016-09-15,69.40030
2016-09-16,69.69080
2016-09-19,69.91190
2016-09-20,69.65480
2016-09-21,69.66130
2016-09-22,70.37130
2016-09-23,70.08510
2016-09-26,69.22400
2016-09-27,69.09150
2016-09-28,69.39290
2016-09-29,68.17720
2016-09-30,68.33250
2016-10-03,69.32280
2016-10-04,69.56540
2016-10-05,69.36530
2016-10-06,69.09090
2016-10-07,68.99570
2016-10-10,69.07860
2016-10-13,68.00320
2016-10-14,68.08020
2016-10-17,67.58110
2016-10-18,68.82390
2016-10-19,68.67350
2016-10-20,68.99050
2016-10-21,68.98250
2016-10-24,69.11000
2016-10-25,68.97080
2016-10-26,68.36040
2016-10-27,68.36650
2016-10-28,68.54340
2016-11-01,68.45450
2016-11-02,67.56820
2016-11-03,67.35350
2016-11-04,66.95120
2016-11-07,67.44440
2016-11-08,67.80730
2016-11-09,66.92600
2016-11-10,67.66300
2016-11-11,65.86310
2016-11-15,64.38410
2016-11-16,64.40620
2016-11-17,64.15680
2016-11-18,64.10880
2016-11-21,62.96740
2016-11-22,63.54080
2016-11-23,63.78190
2016-11-24,63.24760
2016-11-25,64.41730
2016-11-28,64.51170
2016-11-29,64.63060
2016-11-30,65.27560
2016-12-01,65.02590
2016-12-02,64.19070
2016-12-05,64.51410
2016-12-06,64.62510
2016-12-07,64.30020
2016-12-08,65.43550
2016-12-09,65.54970
2016-12-12,64.83210
2016-12-13,65.22960
2016-12-14,64.91910
2016-12-15,64.69060
2016-12-16,64.57740
2016-12-19,64.29550
2016-12-20,64.12110
2016-12-21,63.95300
2016-12-22,63.30470
2016-12-23,63.35560
2016-12-26,62.73980
2016-12-27,63.71820
2016-12-28,63.73230
2016-12-29,64.27070
2016-12-30,64.91560
2017-01-02,64.86020
2017-01-03,64.95880
2017-01-04,64.94320
2017-01-05,65.59630
2017-01-06,65.35830
2017-01-09,65.29060
2017-01-10,65.70190
2017-01-11,66.42390
2017-01-12,66.63070
2017-01-13,66.57500
2017-01-16,66.66700
2017-01-17,66.54880
2017-01-18,66.69650
2017-01-19,66.83720
2017-01-20,66.16000
2017-01-23,66.49370
2017-01-24,67.15700
2017-01-25,68.15570
2017-01-27,68.45430
2017-01-30,68.38220
2017-01-31,67.81810
2017-02-01,69.04390
2017-02-02,69.19380
2017-02-03,69.24370
2017-02-06,69.71210
2017-02-07,69.46470
2017-02-08,69.46860
2017-02-09,69.54040
2017-02-10,69.65710
2017-02-13,69.74150
2017-02-14,69.64040
2017-02-15,69.12470
2017-02-16,69.54820
2017-02-17,69.89130
2017-02-20,70.33860
2017-02-21,70.56200
2017-02-22,70.70980
2017-02-23,70.80730
2017-02-27,70.46010
2017-02-28,70.34580
2017-03-01,70.86400
2017-03-02,70.50200
2017-03-03,70.48240
2017-03-06,70.99520
2017-03-07,70.86150
2017-03-08,70.68140
2017-03-09,70.70990
2017-03-10,70.76800
2017-03-14,72.00990
2017-03-15,71.99050
2017-03-16,72.54900
2017-03-17,72.59660
2017-03-20,72.32890
2017-03-21,72.28460
2017-03-22,71.56760
2017-03-23,72.00460
2017-03-24,72.18650
2017-03-27,71.68980
2017-03-28,72.12300
2017-03-29,72.45450
2017-03-30,72.68240
2017-03-31,72.66350
2017-04-03,73.13900
2017-04-05,73.33310
2017-04-06,73.30540
2017-04-07,72.80380
2017-04-10,72.66540
2017-04-11,73.09960
2017-04-12,72.83380
2017-04-13,72.41850
2017-04-17,72.31930
2017-04-18,72.04800
2017-04-19,72.03210
2017-04-20,72.28890
2017-04-21,72.15270
2017-04-24,72.92190
2017-04-25,73.61890
2017-04-26,73.97010
2017-04-27,73.88720
2017-04-28,73.58370
2017-05-02,73.65170
2017-05-03,73.63580
2017-05-04,74.02070
2017-05-05,73.43390
2017-05-08,73.65410
2017-05-09,73.67360
2017-05-10,74.38580
2017-05-11,74.50100
2017-05-12,74.33740
2017-05-15,74.67980
2017-05-16,75.20520
2017-05-17,75.31090
2017-05-18,74.55310
2017-05-19,74.53810
2017-05-22,74.61560
2017-05-23,74.20200
2017-05-24,74.00410
2017-05-25,75.15840
2017-05-26,75.78790
2017-05-29,75.86570
2017-05-30,76.00900
2017-05-31,75.98060
2017-06-01,75.99940
2017-06-02,76.28980
2017-06-05,76.53640
2017-06-06,76.23510
2017-06-07,76.44220
2017-06-08,76.31250
2017-06-09,76.47520
2017-06-12,76.06140
2017-06-13,76.01500
2017-06-14,76.10040
2017-06-15,75.79040
2017-06-16,75.86650
2017-06-19,76.40650
2017-06-20,76.40300
2017-06-21,76.24430
2017-06-22,76.23070
2017-06-23,75.80060
2017-06-27,75.30010
2017-06-28,75.14200
2017-06-29,75.29160
2017-06-30,75.42760
2017-07-03,76.15670
2017-07-04,76.14170
2017-07-05,76.33220
2017-07-06,76.65190
2017-07-07,76.58080
2017-07-10,77.39900
2017-07-11,77.51430
2017-07-12,77.74850
2017-07-13,78.39130
2017-07-14,78.39570
2017-07-17,78.62580
2017-07-18,77.93280
2017-07-19,78.49870
2017-07-20,78.30980
2017-07-21,78.63730
2017-07-24,79.04310
2017-07-25,79.02780
2017-07-26,79.46840
2017-07-27,79.47720
2017-07-28,79.42770
2017-07-31,79.91890
2017-08-01,80.21110
2017-08-02,79.95640
2017-08-03,79.42090
2017-08-04,79.83370
2017-08-07,79.75600
2017-08-08,79.13020
2017-08-09,78.57360
2017-08-10,77.88560
2017-08-11,77.05890
2017-08-14,77.70760
2017-08-16,78.51520
2017-08-17,78.56700
2017-08-18,78.04170
2017-08-21,77.38380
2017-08-22,77.46970
2017-08-23,78.15090
2017-08-24,78.20500
2017-08-28,78.63410
2017-08-29,77.71270
2017-08-30,78.40580
2017-08-31,78.67060
2017-09-01,79.11230
2017-09-04,78.62120
2017-09-05,78.93150
2017-09-06,78.64590
2017-09-07,78.76290
2017-09-08,78.79890
2017-09-11,79.36760
2017-09-12,80.05140
2017-09-13,79.94230
2017-09-14,79.99830
2017-09-15,79.98630
2017-09-18,80.51950
2017-09-19,80.47330
2017-09-20,80.42050
2017-09-21,80.27190
2017-09-22,79.03040
2017-09-25,78.30140
2017-09-26,78.28800
2017-09-27,77.24610
2017-09-28,77.49730
2017-09-29,77.61170
2017-10-03,78.13690
2017-10-04,78.54920
2017-10-05,78.34070
2017-10-06,79.05310
2017-10-09,79.11690
2017-10-10,79.33570
2017-10-11,79.08140
2017-10-12,79.95590
2017-10-13,80.51150
2017-10-16,81.00410
2017-10-17,81.02970
2017-10-18,80.84160
2017-10-23,80.62590
2017-10-24,80.80320
2017-10-25,81.49890
2017-10-26,81.87780
2017-10-27,81.71240
2017-10-30,82.02490
2017-10-31,81.85500
2017-11-01,82.70120
2017-11-02,82.56680
2017-11-03,82.80830
2017-11-06,82.79480
2017-11-07,81.98310
2017-11-08,81.61130
2017-11-09,81.65470
2017-11-10,81.75290
2017-11-13,80.98500
2017-11-14,80.68110
2017-11-15,80.14010
2017-11-16,80.89740
2017-11-17,81.43560
2017-11-20,81.54760
2017-11-21,81.76730
2017-11-22,81.88600
2017-11-23,81.93420
2017-11-24,82.25370
2017-11-27,82.32360
2017-11-28,82.09060
2017-11-29,82.01790
2017-11-30,80.95550
2017-12-01,80.13160
2017-12-04,80.17130
2017-12-05,80.09430
2017-12-06,79.50980
2017-12-07,80.46960
2017-12-08,81.24360
2017-12-11,81.68080
2017-12-12,81.03410
2017-12-13,80.66170
2017-12-14,81.12340
2017-12-15,81.75740
2017-12-18,82.18560
2017-12-19,82.76890
2017-12-20,82.61700
2017-12-21,82.58380
2017-12-22,82.99550
2017-12-26,83.28750
2017-12-27,82.96640
2017-12-28,82.86320
2017-12-29,83.27490
2018-01-01,82.51960
2018-01-02,82.56980
2018-01-03,82.57500
2018-01-04,83.05580
2018-01-05,83.47710
2018-01-08,83.97740
2018-01-09,84.08060
2018-01-10,84.04070
2018-01-11,84.18720
2018-01-12,84.42090
2018-01-15,84.88630
2018-01-16,84.56780
2018-01-17,85.25810
2018-01-18,85.48980
2018-01-19,86.09820
2018-01-22,86.66050
2018-01-23,87.57950
2018-01-24,87.59250
2018-01-25,87.46320
2018-01-29,87.92840
2018-01-30,87.25180
2018-01-31,87.02270
2018-02-01,86.94480
2018-02-02,84.92560
2018-02-05,84.18280
2018-02-06,82.85870
2018-02-07,82.70710
2018-02-08,83.53740
2018-02-09,82.57610
2018-02-12,83.22640
2018-02-14,82.91570
2018-02-15,83.27680
2018-02-16,82.54700
2018-02-19,81.97120
2018-02-20,81.82550
2018-02-21,82.11670
2018-02-22,82.02130
2018-02-23,82.85990
2018-02-26,83.56960
2018-02-27,83.34440
2018-02-28,82.88100
2018-03-01,82.60710
2018-03-05,81.82220
2018-03-06,80.95790
2018-03-07,80.21220
2018-03-08,80.90700
2018-03-09,80.78390
2018-03-12,82.29820
2018-03-13,82.35370
2018-03-14,82.22870
2018-03-15,81.82960
2018-03-16,80.58280
2018-03-19,79.79050
2018-03-20,80.10050
2018-03-21,80.34340
2018-03-22,80.03290
2018-03-23,79.11750
2018-03-26,80.13880
2018-03-27,80.55000
2018-03-28,80.01380
2018-04-02,80.71440
2018-04-03,80.96260
2018-04-04,80.07960
2018-04-05,81.56170
2018-04-06,81.60930
2018-04-09,81.97490
2018-04-10,82.15060
2018-04-11,82.26360
2018-04-12,82.58430
2018-04-13,82.75310
2018-04-16,83.11820
2018-04-17,83.27490
2018-04-18,83.09620
2018-04-19,83.39960
2018-04-20,83.38720
2018-04-23,83.54110
2018-04-24,83.77110
2018-04-25,83.42540
2018-04-26,83.79270
2018-04-27,84.37460
2018-04-30,84.73600
2018-05-02,84.57040
2018-05-03,84.26680
2018-05-04,83.78280
2018-05-07,84.53760
2018-05-08,84.55350
2018-05-09,84.74030
2018-05-10,84.54060
2018-05-11,85.24360
2018-05-14,85.23660
2018-05-15,85.19700
2018-05-16,84.71810
2018-05-17,84.25730
2018-05-18,83.57810
2018-05-21,82.94590
2018-05-22,83.10000
2018-05-23,82.26400
2018-05-24,82.91600
2018-05-25,83.71680
2018-05-28,84.36360
2018-05-29,83.92740
2018-05-30,83.77630
2018-05-31,84.81090
2018-06-01,84.49500
2018-06-04,83.96670
2018-06-05,83.68660
2018-06-06,84.40180
2018-06-07,85.05610
2018-06-08,85.04770
2018-06-11,85.19130
2018-06-12,85.62730
2018-06-13,85.73390
2018-06-14,85.47020
2018-06-15,85.54450
2018-06-18,85.39690
2018-06-19,84.69430
2018-06-20,85.17440
2018-06-21,84.94620
2018-06-22,85.57710
2018-06-25,85.10350
2018-06-26,85.15390
2018-06-27,84.42610
2018-06-28,83.78160
2018-06-29,84.76450
2018-07-02,84.30890
2018-07-03,84.63390
2018-07-04,85.18030
2018-07-05,85.05280
2018-07-06,85.23010
2018-07-09,85.85580
2018-07-10,86.59610
2018-07-11,86.61370
2018-07-12,87.21390
2018-07-13,87.17750
2018-07-16,86.52950
2018-07-17,87.09550
2018-07-18,86.88330
2018-07-19,86.77390
2018-07-20,87.18910
2018-07-23,87.77030
2018-07-24,88.15730
2018-07-25,88.13670
2018-07-26,88.43170
2018-07-27,89.30140
2018-07-30,89.61950
2018-07-31,89.90740
2018-08-01,89.82390
2018-08-02,89.03540
2018-08-03,89.94500
2018-08-06,90.14360
2018-08-07,90.15950
2018-08-08,90.63220
2018-08-09,90.79770
2018-08-10,90.47160
2018-08-13,89.89490
2018-08-14,90.57480
2018-08-16,90.17710
2018-08-17,90.84570
2018-08-20,91.48090
2018-08-21,91.62790
2018-08-23,91.71520
2018-08-24,91.53100
2018-08-27,92.57820
2018-08-28,92.94000
2018-08-29,92.57320
2018-08-30,92.45510
2018-08-31,92.49700
2018-09-03,91.72130
2018-09-04,91.23270
2018-09-05,90.89020
2018-09-06,91.37190
2018-09-07,91.77790
2018-09-10,90.60010
2018-09-11,89.41840
2018-09-12,90.06430
2018-09-14,91.19650
2018-09-17,90.11690
2018-09-18,89.34000
2018-09-19,88.99590
2018-09-21,88.27670
2018-09-24,86.89420
2018-09-25,87.67420
2018-09-26,87.56430
2018-09-27,86.96640
2018-09-28,86.62900
2018-10-01,87.22940
2018-10-03,86.05250
2018-10-04,84.02820
2018-10-05,81.81960
2018-10-08,82.05870
2018-10-09,81.69000
2018-10-10,82.92480
2018-10-11,81.15740
2018-10-12,83.01430
2018-10-15,83.31950
2018-10-16,83.88030
2018-10-17,82.84060
2018-10-19,81.65720
2018-10-22,81.19080
2018-10-23,80.42160
2018-10-24,81.03200
2018-10-25,80.31720
2018-10-26,79.56970
2018-10-29,81.29590
2018-10-30,80.88490
2018-10-31,82.35540
2018-11-01,82.31490
2018-11-02,83.62810
2018-11-05,83.39120
2018-11-06,83.45310
2018-11-09,83.83610
2018-11-12,83.02560
2018-11-13,83.79810
2018-11-14,83.70420
2018-11-15,83.99080
2018-11-16,84.52980
2018-11-19,85.19580
2018-11-20,84.34400
2018-11-21,83.85420
2018-11-22,83.27090
2018-11-26,84.04920
2018-11-27,84.52110
2018-11-28,84.88530
2018-11-29,85.88210
2018-11-30,86.02700
2018-12-03,86.06450
2018-12-04,85.97200
2018-12-05,85.28820
2018-12-06,83.90610
2018-12-07,84.60460
2018-12-10,83.00690
2018-12-11,83.47450
2018-12-12,84.92970
2018-12-13,85.34960
2018-12-14,85.45540
2018-12-17,86.09440
2018-12-18,86.25150
2018-12-19,86.70830
2018-12-20,86.58320
2018-12-21,85.06030
2018-12-24,84.34440
2018-12-26,84.85840
2018-12-27,85.24680
2018-12-28,85.89310
2018-12-31,85.90920
2019-01-01,86.27890
2019-01-02,85.35770
2019-01-03,84.41270
2019-01-04,84.84150
2019-01-07,85.18230
2019-01-08,85.41770
2019-01-09,85.83120
2019-01-10,85.56540
2019-01-11,85.35410
2019-01-14,84.89710
2019-01-15,86.06430
2019-01-16,86.08900
2019-01-17,86.21160
2019-01-18,86.22260
2019-01-21,86.64470
2019-01-22,86.33600
2019-01-23,85.61950
2019-01-24,85.79020
2019-01-25,85.24610
2019-01-28,84.30760
2019-01-29,84.23450
2019-01-30,84.22880
2019-01-31,85.62550
2019-02-01,86.11300
2019-02-04,86.25080
2019-02-05,86.42290
2019-02-06,87.44520
2019-02-07,87.49670
2019-02-08,86.51050
2019-02-11,86.09450
2019-02-12,85.65480
2019-02-13,85.35710
2019-02-14,84.99250
2019-02-15,84.82130
2019-02-18,84.16300
2019-02-19,83.87560
2019-02-20,84.89410
2019-02-21,85.33160
2019-02-22,85.34280
2019-02-25,86.02230
2019-02-26,85.67160
2019-02-27,85.44670
2019-02-28,85.36550
2019-03-01,85.91250
2019-03-05,86.89260
2019-03-06,87.40890
2019-03-07,87.44680
2019-03-08,87.26630
2019-03-11,88.29240
2019-03-12,89.32890
2019-03-13,89.64950
2019-03-14,89.68510
2019-03-15,90.34620
2019-03-18,90.61310
2019-03-19,91.16200
2019-03-20,91.07010
2019-03-22,90.58160
2019-03-25,89.76920
2019-03-26,90.77600
2019-03-27,90.48120
2019-03-28,91.45100
2019-03-29,91.87210
2019-04-01,92.21770
2019-04-02,92.55940
2019-04-03,92.01530
2019-04-04,91.65550
2019-04-05,92.18090
2019-04-08,91.69380
2019-04-09,92.21650
2019-04-10,91.53110
2019-04-11,91.62530
2019-04-12,91.98620
2019-04-15,92.34270
2019-04-16,93.09080
2019-04-18,92.81630
2019-04-22,91.56600
2019-04-23,91.34860
2019-04-24,92.51490
2019-04-25,91.84960
2019-04-26,92.73090
2019-04-30,92.74550
2019-05-02,92.55770
2019-05-03,92.45230
2019-05-06,91.55720
2019-05-07,90.79800
2019-05-08,89.72620
2019-05-09,89.27770
2019-05-10,89.09440
2019-05-13,88.08770
2019-05-14,88.65670
2019-05-15,88.15590
2019-05-16,88.92060
2019-05-17,90.06530
2019-05-20,93.27370
2019-05-21,92.36120
2019-05-22,92.67060
2019-05-23,92.04820
2019-05-24,93.52310
2019-05-27,94.14510
2019-05-28,94.17920
2019-05-29,93.64930
2019-05-30,94.30770
2019-05-31,94.12480
2019-06-03,95.41600
2019-06-04,94.92860
2019-06-06,93.53700
2019-06-07,93.74350
2019-06-10,94.14070
2019-06-11,94.47230
2019-06-12,94.00710
2019-06-13,94.14920
2019-06-14,93.43970
2019-06-17,92.25460
2019-06-18,92.40270
2019-06-19,92.39980
2019-06-20,93.57290
2019-06-21,92.73040
2019-06-24,92.53180
2019-06-25,93.28320
2019-06-26,93.67700
2019-06-27,93.62770
2019-06-28,93.21220
2019-07-01,93.80070
2019-07-02,94.14000
2019-07-03,94.18580
2019-07-04,94.43950
2019-07-05,93.38030
2019-07-08,91.41390
2019-07-09,91.39070
2019-07-10,90.94730
2019-07-11,91.61480
2019-07-12,91.37800
2019-07-15,91.65680
2019-07-16,92.24840
2019-07-17,92.43890
2019-07-18,91.74840
2019-07-19,90.42460
2019-07-22,89.86280
2019-07-23,89.74280
2019-07-24,89.32720
2019-07-25,89.19070
2019-07-26,89.43910
2019-07-29,88.69490
2019-07-30,87.88680
2019-07-31,88.14010
2019-08-01,87.09100
2019-08-02,87.26520
2019-08-05,86.21570
2019-08-06,86.87450
2019-08-07,86.16490
2019-08-08,87.52570
2019-08-09,88.12320
2019-08-13,86.70530
2019-08-14,87.53020
2019-08-16,87.66700
2019-08-19,87.72260
2019-08-20,87.44140
2019-08-21,86.69830
2019-08-22,85.34610
2019-08-23,86.02170
2019-08-26,87.77350
2019-08-27,88.13700
2019-08-28,87.67740
2019-08-29,86.92090
2019-08-30,87.49620
2019-09-03,85.75010
2019-09-04,86.10750
2019-09-05,86.12870
2019-09-06,86.89320
2019-09-09,87.32130
2019-09-11,87.56460
2019-09-12,87.15740
2019-09-13,87.87020
2019-09-16,87.30670
2019-09-17,85.87680
2019-09-18,86.05190
2019-09-19,85.01110
2019-09-20,89.38390
2019-09-23,91.88040
2019-09-24,91.78510
2019-09-25,90.65180
2019-09-26,91.65610
2019-09-27,91.22360
2019-09-30,90.93610
2019-10-01,90.05660
2019-10-03,89.69280
2019-10-04,88.61100
2019-10-07,88.23120
2019-10-09,89.67160
2019-10-10,89.07030
2019-10-11,89.62290
2019-10-14,89.88520
2019-10-15,90.55290
2019-10-16,90.82710
2019-10-17,91.84940
2019-10-18,92.43310
2019-10-22,91.83210
2019-10-23,92.02550
2019-10-24,91.86300
2019-10-25,91.87030
2019-10-29,93.42040
2019-10-30,93.86590
2019-10-31,94.12390
2019-11-01,94.21310
2019-11-04,94.60720
2019-11-05,94.42160
2019-11-06,94.79510
2019-11-07,95.15170
2019-11-08,94.33200
2019-11-11,94.36230
2019-11-13,93.78870
2019-11-14,94.04540
2019-11-15,94.22440
2019-11-18,94.12840
2019-11-19,94.55470
2019-11-20,94.99760
2019-11-21,94.76150
2019-11-22,94.33080
2019-11-25,95.56050
2019-11-26,95.27910
2019-11-27,95.76070
2019-11-28,96.14240
2019-11-29,95.40950
2019-12-02,95.34110
2019-12-03,94.93050
2019-12-04,95.30940
2019-12-05,95.12100
2019-12-06,94.37510
2019-12-09,94.49280
2019-12-10,93.87230
2019-12-11,94.29070
2019-12-12,94.76510
2019-12-13,95.65900
2019-12-16,95.39890
2019-12-17,96.26640
2019-12-18,96.70740
2019-12-19,97.00900
2019-12-20,97.09550
2019-12-23,97.01230
2019-12-24,96.62130
2019-12-26,95.91560
2019-12-27,96.85630
2019-12-30,96.92550
2019-12-31,96.21970
2020-01-01,96.32700
2020-01-02,97.11200
2020-01-03,96.68320
2020-01-06,94.85010
2020-01-07,95.33140
2020-01-08,95.11100
2020-01-09,96.60240
2020-01-10,96.91800
2020-01-13,97.46110
2020-01-14,97.69620
2020-01-15,97.53960
2020-01-16,97.65090
2020-01-17,97.64920
2020-01-20,96.61240
2020-01-21,96.18560
2020-01-22,95.69350
2020-01-23,96.27360
2020-01-24,96.80060
2020-01-27,95.78670
2020-01-28,95.29990
2020-01-29,95.86520
2020-01-30,95.12530
2020-01-31,94.54460
2020-02-03,92.56750
2020-02-04,94.68160
2020-02-05,95.53950
2020-02-06,95.90590
2020-02-07,95.57440
2020-02-10,95.07280
2020-02-11,95.66500
2020-02-12,96.39460
2020-02-13,96.18530
2020-02-14,95.71550
2020-02-17,95.21150
2020-02-18,94.80070
2020-02-19,95.84600
2020-02-20,95.47730
2020-02-24,93.52210
2020-02-25,93.25730
2020-02-26,92.32150
2020-02-27,91.97620
2020-02-28,88.62300
2020-03-02,88.10470
2020-03-03,89.43460
2020-03-04,89.03900
2020-03-05,89.19230
2020-03-06,87.04370
2020-03-09,82.87040
2020-03-11,82.91730
2020-03-12,76.24420
2020-03-13,79.04910
2020-03-16,73.15080
2020-03-17,71.29280
2020-03-18,67.45910
2020-03-19,65.98190
2020-03-20,69.59340
2020-03-23,60.89450
2020-03-24,62.38260
2020-03-25,66.28910
2020-03-26,68.71550
2020-03-27,68.84860
2020-03-30,65.90020
2020-03-31,68.32650
2020-04-01,65.63870
2020-04-03,64.31700
2020-04-07,69.74610
2020-04-08,69.41160
2020-04-09,72.16010
2020-04-13,71.25770
2020-04-15,70.73160
2020-04-16,71.23380
2020-04-17,73.35820
2020-04-20,73.33960
2020-04-21,71.18610
2020-04-22,72.76700
2020-04-23,73.74950
2020-04-24,72.53060
2020-04-27,73.50490
2020-04-28,74.26920
2020-04-29,75.61540
2020-04-30,77.98630
2020-05-04,73.53120
2020-05-05,72.84610
2020-05-06,73.35980
2020-05-07,72.79760
2020-05-08,73.20630
2020-05-11,73.10310
2020-05-12,72.76110
2020-05-13,74.22910
2020-05-14,72.32890
2020-05-15,72.28800
2020-05-18,69.85690
2020-05-19,70.26940
2020-05-20,71.72760
2020-05-21,72.02820
2020-05-22,71.50150
2020-05-26,71.41770
2020-05-27,73.61480
2020-05-28,74.96180
2020-05-29,75.70910
2020-06-01,77.59040
2020-06-02,78.77600
2020-06-03,79.42730
2020-06-04,79.16270
2020-06-05,80.05500
2020-06-08,80.24340
2020-06-09,79.29080
2020-06-10,79.83820
2020-06-11,78.15840
2020-06-12,78.71890
2020-06-15,77.47480
2020-06-16,78.25480
2020-06-17,77.99840
2020-06-18,79.63570
2020-06-19,80.83910
2020-06-22,81.34670
2020-06-23,82.58230
2020-06-24,81.29890
2020-06-25,81.16930
2020-06-26,81.92290
2020-06-29,81.34820
2020-06-30,81.26860
2020-07-01,82.28220
2020-07-02,83.28680
2020-07-03,83.70980
2020-07-06,84.95400
2020-07-07,85.24580
2020-07-08,84.49460
2020-07-09,85.40750
2020-07-10,85.04240
2020-07-13,85.30880
2020-07-14,83.76750
2020-07-15,83.85620
2020-07-16,84.82270
2020-07-17,86.08830
2020-07-20,87.03430
2020-07-21,88.13190
2020-07-22,87.89980
2020-07-23,88.56270
2020-07-24,88.40590
2020-07-27,87.91550
2020-07-28,89.23880
2020-07-29,88.46560
2020-07-30,87.69950
2020-07-31,87.47950
2020-08-03,86.05880
2020-08-04,87.65670
2020-08-05,87.72940
2020-08-06,88.52370
2020-08-07,88.63150
2020-08-10,89.06390
2020-08-11,89.47460
2020-08-12,89.36500
2020-08-13,89.33850
2020-08-14,88.37830
2020-08-17,88.91300
2020-08-18,89.99570
2020-08-19,90.18410
2020-08-20,89.42830
2020-08-21,89.89510
2020-08-24,90.63400
2020-08-25,90.67730
2020-08-26,91.29670
2020-08-27,91.37020
2020-08-28,92.04620
2020-08-31,90.00920
2020-09-01,90.66620
2020-09-02,91.19400
2020-09-03,91.14900
2020-09-04,89.63370
2020-09-07,89.79410
2020-09-08,89.50040
2020-09-09,89.19610
2020-09-10,90.53240
2020-09-11,90.64900
2020-09-14,90.46590
2020-09-15,91.10090
2020-09-16,91.75570
2020-09-17,91.05870
2020-09-18,90.96940
2020-09-21,88.97880
2020-09-22,88.21710
2020-09-23,88.03770
2020-09-24,85.50750
2020-09-25,87.42000
2020-09-28,88.79370
2020-09-29,88.75740
2020-09-30,88.95260
2020-10-01,90.27380
2020-10-05,90.94870
2020-10-06,92.17820
2020-10-07,92.77530
2020-10-08,93.53330
2020-10-09,94.15370
2020-10-12,94.27830
2020-10-13,94.31380
2020-10-14,94.61620
2020-10-15,92.32420
2020-10-16,92.96880
2020-10-19,93.82150
2020-10-20,94.00800
2020-10-21,94.32560
2020-10-22,94.00610
2020-10-23,94.35070
2020-10-26,93.06240
2020-10-27,94.02040
2020-10-28,92.78860
2020-10-29,92.35300
2020-10-30,92.12150
2020-11-02,92.33220
2020-11-03,93.45660
2020-11-04,94.24570
2020-11-05,95.90040
2020-11-06,97.03120
2020-11-09,98.58450
2020-11-10,99.92990
2020-11-11,100.84420
2020-11-12,100.38270
2020-11-13,100.60560
2020-11-17,101.80780
2020-11-18,102.30910
2020-11-19,100.99620
2020-11-20,101.67610
2020-11-23,102.18720
2020-11-24,103.19940
2020-11-25,101.64680
2020-11-26,102.65850
2020-11-27,102.52060
2020-12-01,103.60430
2020-12-02,103.62340
2020-12-03,103.77150
2020-12-04,104.74610
2020-12-07,105.49970
2020-12-08,105.79310
2020-12-09,106.86000
2020-12-10,106.46370
2020-12-11,106.74020
2020-12-14,107.07910
2020-12-15,107.15470
2020-12-16,108.05160
2020-12-17,108.53460
2020-12-18,108.68300
2020-12-21,105.29910
2020-12-22,106.37130
2020-12-23,107.42420
2020-12-24,108.58940
2020-12-28,109.55320
2020-12-29,110.02340
2020-12-30,110.41130
2020-12-31,110.40850
2021-01-01,110.69110
2021-01-04,111.56600
2021-01-05,112.08610
2021-01-06,111.66460
2021-01-07,111.59230
2021-01-08,113.22110
2021-01-11,114.28710
2021-01-12,114.90010
2021-01-13,114.90330
2021-01-14,115.14350
2021-01-15,113.87700
2021-01-18,112.68450
2021-01-19,114.56880
2021-01-20,115.53210
2021-01-21,115.11220
2021-01-22,113.39500
2021-01-25,112.34330
2021-01-27,110.21750
2021-01-28,109.03390
2021-01-29,107.61320
2021-02-01,112.66760
2021-02-02,115.51950
2021-02-03,116.61810
2021-02-04,117.44020
2021-02-05,117.66510
2021-02-08,119.14600
2021-02-09,119.10490
2021-02-10,119.07970
2021-02-11,119.62760
2021-02-12,119.55480
2021-02-15,120.76060
2021-02-16,120.74550
2021-02-17,119.95230
2021-02-18,119.22850
2021-02-19,118.15550
2021-02-22,115.83110
2021-02-23,116.06620
2021-02-24,118.23220
2021-02-25,119.12100
2021-02-26,114.65330
2021-03-01,116.47240
2021-03-02,117.70200
2021-03-03,120.27260
2021-03-04,118.97010
2021-03-05,117.85260
2021-03-08,118.00050
2021-03-09,119.12630
2021-03-10,119.71960
2021-03-12,118.58550
2021-03-15,117.79760
2021-03-16,117.64270
2021-03-17,116.16860
2021-03-18,114.88800
2021-03-19,116.35060
2021-03-22,116.28680
2021-03-23,116.92000
2021-03-24,114.83410
2021-03-25,113.08200
2021-03-26,114.51320
2021-03-30,117.15290
2021-03-31,115.92780
2021-04-01,117.30660
2021-04-05,115.49300
2021-04-06,115.84290
2021-04-07,116.91080
2021-04-08,117.34730
2021-04-09,117.04100
2021-04-12,112.94290
2021-04-13,114.45580
2021-04-15,115.05570
2021-04-16,115.32680
2021-04-19,113.29640
2021-04-20,112.79180
2021-04-22,113.64440
2021-04-23,113.13460
2021-04-26,114.24290
2021-04-27,115.55240
2021-04-28,117.20320
2021-04-29,117.47300
2021-04-30,115.39680
2021-05-03,115.40990
2021-05-04,114.32920
2021-05-05,115.27230
2021-05-06,116.10120
2021-05-07,116.86300
2021-05-10,117.77460
2021-05-11,117.04190
2021-05-12,115.83880
2021-05-14,115.69870
2021-05-17,117.60750
2021-05-18,119.05630
2021-05-19,118.43900
2021-05-20,117.47060
2021-05-21,119.57380
2021-05-24,119.73670
2021-05-25,119.85090
2021-05-26,120.58450
2021-05-27,120.86030
2021-05-28,121.63280
2021-05-31,122.95780
2021-06-01,122.89160
2021-06-02,122.89190
2021-06-03,123.81230
2021-06-04,123.64850
2021-06-07,124.27630
2021-06-08,124.17790
2021-06-09,123.35680
2021-06-10,124.26340
2021-06-11,124.78700
2021-06-14,124.90370
2021-06-15,125.35100
2021-06-16,124.54900
2021-06-17,123.98940
2021-06-18,123.93590
2021-06-21,124.42440
2021-06-22,124.62230
2021-06-23,123.94450
2021-06-24,124.76960
2021-06-25,125.30730
2021-06-28,124.93800
2021-06-29,124.47330
2021-06-30,124.26460
2021-07-01,123.93510
2021-07-02,124.26580
2021-07-05,125.15020
2021-07-06,125.02110
2021-07-07,125.49820
2021-07-08,124.34200
2021-07-09,124.04020
2021-07-12,124.05100
2021-07-13,124.98460
2021-07-14,125.31670
2021-07-15,125.89680
2021-07-16,125.88780
2021-07-19,124.53670
2021-07-20,123.60210
2021-07-22,125.11390
2021-07-23,125.38870
2021-07-26,125.13230
2021-07-27,124.52660
2021-07-28,124.26880
2021-07-29,124.82580
2021-07-30,124.71190
2021-08-02,125.66800
2021-08-03,127.59000
2021-08-04,128.60220
2021-08-05,128.90580
2021-08-06,128.45520
2021-08-09,128.61970
2021-08-10,128.80130
2021-08-11,128.81020
2021-08-12,129.46900
2021-08-13,130.75310
2021-08-16,131.01200
2021-08-17,131.42500
2021-08-18,131.06650
2021-08-20,130.15500
2021-08-23,130.51680
2021-08-24,131.50290
2021-08-25,131.57990
2021-08-26,131.59870
2021-08-27,132.12270
2021-08-30,133.87150
2021-08-31,135.44020
2021-09-01,134.99120
2021-09-02,136.23600
2021-09-03,136.93000
2021-09-06,137.34630
2021-09-07,137.22860
2021-09-08,137.21420
2021-09-09,137.33730
2021-09-13,137.20970
2021-09-14,137.39780
2021-09-15,138.48060
2021-09-16,139.32760
2021-09-17,138.98560
2021-09-20,137.53580
2021-09-21,138.81690
2021-09-22,138.68700
2021-09-23,140.84300
2021-09-24,141.09330
2021-09-27,141.09610
2021-09-28,140.24940
2021-09-29,139.93640
2021-09-30,139.21170
2021-10-01,138.52400
2021-10-04,139.75880
2021-10-05,140.79180
2021-10-06,139.41530
2021-10-07,140.54750
2021-10-08,141.37470
2021-10-11,141.75160
2021-10-12,142.10440
2021-10-13,143.43370
2021-10-14,144.82870
2021-10-18,145.89330
2021-10-19,145.45620
2021-10-20,144.26520
2021-10-21,143.58740
2021-10-22,143.09540
2021-10-25,143.18050
2021-10-26,144.42150
2021-10-27,143.97580
2021-10-28,141.16380
2021-10-29,139.67740
2021-11-01,141.67560
2021-11-02,141.37420
2021-11-03,140.90270
2021-11-08,142.74510
2021-11-09,142.55420
2021-11-10,142.34400
2021-11-11,141.26110
2021-11-12,143.04200
2021-11-15,143.08890
2021-11-16,142.22930
2021-11-17,141.43940
2021-11-18,140.40220
2021-11-22,137.72440
2021-11-23,138.38850
2021-11-24,137.68820
2021-11-25,138.64020
2021-11-26,134.68560
2021-11-29,134.90030
2021-11-30,134.34610
2021-12-01,135.77360
2021-12-02,137.59420
2021-12-03,135.99140
2021-12-06,133.76430
2021-12-07,135.83760
2021-12-08,138.13740
2021-12-09,138.50070
2021-12-10,138.45390
2021-12-13,137.32770
2021-12-14,136.98110
2021-12-15,136.17590
2021-12-16,136.38200
2021-12-17,134.30590
2021-12-20,131.39500
2021-12-21,132.62060
2021-12-22,134.11840
2021-12-23,135.02920
2021-12-24,134.48860
2021-12-27,135.13040
2021-12-28,136.28230
2021-12-29,136.12350
2021-12-30,136.04220
2021-12-31,137.22940
2022-01-03,139.36590
2022-01-04,140.75740
2022-01-05,141.69430
2022-01-06,140.28930
2022-01-07,140.80630
2022-01-10,142.31580
2022-01-11,142.72590
2022-01-12,143.93460
2022-01-13,144.28490
2022-01-14,144.26680
2022-01-17,144.67250
2022-01-18,143.14020
2022-01-19,141.77320
2022-01-20,140.35790
2022-01-21,139.23250
2022-01-24,135.57010
2022-01-25,136.57890
2022-01-27,135.26930
2022-01-28,135.19960
2022-01-31,137.03200
2022-02-01,138.87960
2022-02-02,140.46700
2022-02-03,138.77670
2022-02-04,138.42770
2022-02-07,136.04560
2022-02-08,136.45910
2022-02-09,138.03660
2022-02-10,139.16030
2022-02-11,137.33680
2022-02-14,133.24220
2022-02-15,137.23700
2022-02-16,137.02790
2022-02-17,136.88860
2022-02-18,136.66400
2022-02-21,136.16150
2022-02-22,135.26410
2022-02-23,135.03680
2022-02-24,128.66850
2022-02-25,131.86360
2022-02-28,132.89280
2022-03-02,131.41740
2022-03-03,130.56420
2022-03-04,128.60430
2022-03-07,125.62620
2022-03-08,126.79020
2022-03-09,129.36730
2022-03-10,131.31230
2022-03-11,131.57800
2022-03-14,133.45780
2022-03-15,131.84250
2022-03-16,134.27610
2022-03-17,136.69280
2022-03-21,135.35160
2022-03-22,136.90110
2022-03-23,136.34320
2022-03-24,136.15020
2022-03-25,135.61750
2022-03-28,136.14940
2022-03-29,136.96620
2022-03-30,138.33670
2022-03-31,138.09420
2022-04-01,139.70410
2022-04-04,142.71390
2022-04-05,141.95800
2022-04-06,140.76100
2022-04-07,139.43460
2022-04-08,140.55800
2022-04-11,139.68990
2022-04-12,138.56060
2022-04-13,138.12380
2022-04-18,135.73460
2022-04-19,134.04330
2022-04-20,135.43930
2022-04-21,137.45150
2022-04-22,135.72370
2022-04-25,134.01980
2022-04-26,135.94570
2022-04-27,134.67010
2022-04-28,136.31700
2022-04-29,135.20220
2022-05-02,134.92910
2022-05-04,131.85540
2022-05-05,131.89590
2022-05-06,129.76560
2022-05-09,128.90840
2022-05-10,128.43510
2022-05-11,127.86450
2022-05-12,125.19190
2022-05-13,124.99900
2022-05-16,125.45760
2022-05-17,128.68940
2022-05-18,128.53990
2022-05-19,125.19230
2022-05-20,128.72670
2022-05-23,128.34320
2022-05-24,127.65080
2022-05-25,126.96690
2022-05-26,128.17580
2022-05-27,129.58720
2022-05-30,131.95830
2022-05-31,131.55050
2022-06-01,131.07060
2022-06-02,131.88680
2022-06-03,131.54790
2022-06-06,131.42380
2022-06-07,130.22270
2022-06-08,129.74510
2022-06-09,130.71880
2022-06-10,128.55560
2022-06-13,125.22180
2022-06-14,124.89240
2022-06-15,124.68270
2022-06-16,122.10860
2022-06-17,121.59420
2022-06-20,122.05120
2022-06-21,124.28440
2022-06-22,122.54170
2022-06-23,123.64600
2022-06-24,124.75310
2022-06-27,125.77200
2022-06-28,125.90530
2022-06-29,125.50290
2022-06-30,125.40520
2022-07-01,125.19040
2022-07-04,125.86960
2022-07-05,125.67520
2022-07-06,127.06730
2022-07-07,128.17360
2022-07-08,128.86250
2022-07-11,128.82220
2022-07-12,127.57700
2022-07-13,126.85430
2022-07-14,126.67280
2022-07-15,127.54140
2022-07-18,129.34060
2022-07-19,129.84500
2022-07-20,131.26850
2022-07-21,132.01740
2022-07-22,132.92050
2022-07-25,132.21200
2022-07-26,131.04170
2022-07-27,132.31110
2022-07-28,134.59290
2022-07-29,136.39820
2022-08-01,137.84120
2022-08-02,137.88920
2022-08-03,138.23930
2022-08-04,138.18780
2022-08-05,138.30840
2022-08-08,139.37950
2022-08-10,139.47650
2022-08-11,140.50960
2022-08-12,140.82030
2022-08-16,141.80920
2022-08-17,142.74380
2022-08-18,142.91210
2022-08-19,141.38530
2022-08-22,139.27200
2022-08-23,139.95530
2022-08-24,140.17010
2022-08-25,139.51440
2022-08-26,139.80040
2022-08-29,137.84620
2022-08-30,141.37480
2022-09-01,139.66020
2022-09-02,139.63140
2022-09-05,140.61990
2022-09-06,140.53680
2022-09-07,140.28800
2022-09-08,141.66310
2022-09-09,141.93450
2022-09-12,142.74230
2022-09-13,143.79900
2022-09-14,143.27110
2022-09-15,142.26790
2022-09-16,139.52160
2022-09-19,140.23730
2022-09-20,141.77210
2022-09-21,140.99410
2022-09-22,140.29010
2022-09-23,137.89580
2022-09-26,135.42960
2022-09-27,135.35700
2022-09-28,134.17590
2022-09-29,133.82910
2022-09-30,136.03230
2022-10-03,134.43520
2022-10-04,137.48750
2022-10-06,137.93140
2022-10-07,137.79550
2022-10-10,137.20610
2022-10-11,135.15130
2022-10-12,136.26980
2022-10-13,135.39820
2022-10-14,136.75800
2022-10-17,137.76680
2022-10-18,139.14120
2022-10-19,139.36030
2022-10-20,139.75160
2022-10-21,139.85630
2022-10-25,140.48340
2022-10-27,141.22050
2022-10-28,141.61350
2022-10-31,143.40300
2022-11-01,144.46980
2022-11-02,143.97240
2022-11-03,143.73010
2022-11-04,144.23850
2022-11-07,144.90640
2022-11-09,144.55840
2022-11-10,143.53530
2022-11-11,146.07170
2022-11-14,145.90180
2022-11-15,146.48760
2022-11-16,146.53350
2022-11-17,146.00860
2022-11-18,145.71680
2022-11-21,144.54050
2022-11-22,145.20380
2022-11-23,145.38290
2022-11-24,147.09110
2022-11-25,147.31480
2022-11-28,147.70370
2022-11-29,148.13730
2022-11-30,149.24720
2022-12-01,149.66930
2022-12-02,148.74550
2022-12-05,148.77250
2022-12-06,148.31380
2022-12-07,147.65890
2022-12-08,148.04510
2022-12-09,147.15120
2022-12-12,147.14830
2022-12-13,148.02360
2022-12-14,148.43420
2022-12-15,146.49020
2022-12-16,145.33620
2022-12-19,146.53390
2022-12-20,146.25200
2022-12-21,144.77090
2022-12-22,144.19900
2022-12-23,141.65530
2022-12-26,143.29650
2022-12-27,144.22450
2022-12-28,144.14460
2022-12-29,144.68410
2022-12-30,144.00990
2023-01-02,144.72610
2023-01-03,144.99930
2023-01-04,143.49200
2023-01-05,143.08020
2023-01-06,142.02440
2023-01-09,143.92950
2023-01-10,142.44220
2023-01-11,142.29170
2023-01-12,141.99270
2023-01-13,142.76710
2023-01-16,142.26830
2023-01-17,143.52060
2023-01-18,144.40260
2023-01-19,143.95950
2023-01-20,143.32150
2023-01-23,144.03300
2023-01-24,144.03360
2023-01-25,142.23950
2023-01-27,139.96960
2023-01-30,140.31680
2023-01-31,140.41760
2023-02-01,140.05540
2023-02-02,140.00680
2023-02-03,141.93120
2023-02-06,141.21560
2023-02-07,140.88110
2023-02-08,142.07790
2023-02-09,142.24950
2023-02-10,141.95620
2023-02-13,141.27600
2023-02-14,142.52730
2023-02-15,143.30250
2023-02-16,143.45770
2023-02-17,142.72990
2023-02-20,141.93480
2023-02-21,141.78870
2023-02-22,139.63900
2023-02-23,139.29550
2023-02-24,138.93730
2023-02-27,138.34960
2023-02-28,137.64170
2023-03-01,138.79990
2023-03-02,137.77730
2023-03-03,139.92380
2023-03-06,140.84290
2023-03-08,141.17620
2023-03-09,139.87100
2023-03-10,138.46950
2023-03-13,136.42410
2023-03-14,135.54850
2023-03-15,134.97890
2023-03-16,135.08470
2023-03-17,135.98540
2023-03-20,135.10160
2023-03-21,136.03910
2023-03-22,136.38620
2023-03-23,135.79180
2023-03-24,134.75390
2023-03-27,135.06840
2023-03-28,134.80100
2023-03-29,135.81260
2023-03-31,138.02070
2023-04-03,138.30970
2023-04-05,139.56330
2023-04-06,139.89710
2023-04-10,140.08380
2023-04-11,140.85930
2023-04-12,141.57350
2023-04-13,141.70820
2023-04-17,140.73210
2023-04-18,140.35830
2023-04-19,140.02970
2023-04-20,140.07250
2023-04-21,140.07320
2023-04-24,141.01140
2023-04-25,141.21330
2023-04-26,141.56110
2023-04-27,142.36100
2023-04-28,143.57890
2023-05-02,144.21880
2023-05-03,143.75930
2023-05-04,145.07240
2023-05-05,143.58860
2023-05-08,145.13110
2023-05-09,145.14220
2023-05-10,145.53140
2023-05-11,145.38140
2023-05-12,145.52630
2023-05-15,146.17980
2023-05-16,145.58080
2023-05-17,144.75140
2023-05-18,144.34050
2023-05-19,144.93230
2023-05-22,145.79970
2023-05-23,146.06120
2023-05-24,145.56150
2023-05-25,145.84180
2023-05-26,147.24560
2023-05-29,148.02320
2023-05-30,148.30050
2023-05-31,147.58870
2023-06-01,147.21840
2023-06-02,147.70830
2023-06-05,148.17350
2023-06-06,148.21180
2023-06-07,149.21320
2023-06-08,148.48280
2023-06-09,147.93690
2023-06-12,148.22920
2023-06-13,149.13000
2023-06-14,149.43830
2023-06-15,148.94350
2023-06-16,150.03480
2023-06-19,149.50660
2023-06-20,149.98820
2023-06-21,150.30290
2023-06-22,149.62730
2023-06-23,148.78630
2023-06-26,148.98110
2023-06-27,149.97810
2023-06-28,151.19900
2023-06-30,152.93210
2023-07-03,153.99270
2023-07-04,154.51630
2023-07-05,154.58290
2023-07-06,155.36540
2023-07-07,154.06340
2023-07-10,154.24840
2023-07-11,154.91900
2023-07-12,154.46970
2023-07-13,154.65690
2023-07-14,155.87070
2023-07-17,157.02740
2023-07-18,157.32400
2023-07-19,157.98480
2023-07-20,158.93310
2023-07-21,157.08450
2023-07-24,156.50240
2023-07-25,156.56510
2023-07-26,157.33540
2023-07-27,156.41340
2023-07-28,156.32260
2023-07-31,157.16790
2023-08-01,157.00490
2023-08-02,155.43040
2023-08-03,154.31340
2023-08-04,155.38520
2023-08-07,156.01200
2023-08-08,155.80040
2023-08-09,156.38530
2023-08-10,155.67600
2023-08-11,154.83030
2023-08-14,154.89020
2023-08-16,155.12560
2023-08-17,154.33550
2023-08-18,153.91920
2023-08-21,154.86420
2023-08-22,154.88390
2023-08-23,155.25620
2023-08-24,154.80210
2023-08-25,153.84690
2023-08-28,154.15650
2023-08-29,154.44150
2023-08-30,154.47670
2023-08-31,153.73610
2023-09-01,155.16240
2023-09-04,155.89080
2023-09-05,156.25210
2023-09-06,156.52040
2023-09-07,157.42730
2023-09-08,158.15370
2023-09-11,159.52830
2023-09-12,159.50360
2023-09-13,160.10430
2023-09-14,160.36140
2023-09-15,161.06170
2023-09-18,160.58810
2023-09-20,158.76040
2023-09-21,157.49590
2023-09-22,156.95190
2023-09-25,156.94310
2023-09-26,156.86180
2023-09-27,157.27720
2023-09-29,156.65500
2023-10-03,155.77310
2023-10-04,155.03860
2023-10-05,155.90460
2023-10-06,156.75470
2023-10-09,155.62570
2023-10-10,157.02820
2023-10-11,157.98820
2023-10-12,157.84650
2023-10-13,157.50600
2023-10-16,157.34390
2023-10-17,157.97300
2023-10-18,156.85840
2023-10-19,156.49990
2023-10-20,155.87710
2023-10-23,153.80290
2023-10-25,152.65040
2023-10-26,150.54570
2023-10-27,152.04940
2023-10-30,152.78010
2023-10-31,152.29580
2023-11-01,151.59670
2023-11-02,152.76650
2023-11-03,153.54750
2023-11-06,154.98030
2023-11-07,154.93740
2023-11-08,155.22550
2023-11-09,154.84220
2023-11-10,155.07690
2023-11-13,155.21250
2023-11-15,157.03880
2023-11-16,157.77630
2023-11-17,157.51020
2023-11-20,157.20490
2023-11-21,157.90600
2023-11-22,158.12730
2023-11-23,158.04720
2023-11-24,157.98690
2023-11-28,158.72130
2023-11-29,160.34210
2023-11-30,160.62580
2023-12-01,161.68000
2023-12-04,164.94910
2023-12-05,166.26280
2023-12-06,166.90040
2023-12-07,166.60690
2023-12-08,167.14760
2023-12-11,167.36900
2023-12-12,166.64300
2023-12-13,166.80260
2023-12-14,168.83800
2023-12-15,171.00700
2023-12-18,170.69700
2023-12-19,170.96770
2023-12-20,168.56440
2023-12-21,169.39610
2023-12-22,170.14130
2023-12-26,170.86250
2023-12-27,172.55490
2023-12-28,173.53780
2023-12-29,173.16610
2024-01-01,173.25240
2024-01-02,172.64630
2024-01-03,171.48140
2024-01-04,172.59230
2024-01-05,173.01010
2024-01-08,171.42770
2024-01-09,171.69020
2024-01-10,172.28580
2024-01-11,172.50480
2024-01-12,174.46280
2024-01-15,176.05720
2024-01-16,175.53730
2024-01-17,171.87790
2024-01-18,171.00060
2024-01-19,172.33770
2024-01-23,169.29140
2024-01-24,170.99420
2024-01-25,170.18890
2024-01-29,173.26350
2024-01-30,171.56210
2024-01-31,173.17180
2024-02-01,172.94700
2024-02-02,174.18030
2024-02-05,173.52610
2024-02-06,174.79990
2024-02-07,174.80580
2024-02-08,173.21270
2024-02-09,173.74750
2024-02-12,172.41700
2024-02-13,173.42210
2024-02-14,174.18820
2024-02-15,174.78650
2024-02-16,175.85500
2024-02-19,176.49260
2024-02-20,177.10100
2024-02-21,175.96790
2024-02-22,177.26460
2024-02-23,177.22740
2024-02-26,176.51360
2024-02-27,177.11570
2024-02-28,175.13450
2024-02-29,175.39270
2024-03-01,178.22610
2024-03-04,178.75070
2024-03-05,178.36140
2024-03-06,179.28140
2024-03-07,179.42920
2024-03-11,178.14040
2024-03-12,178.14710
2024-03-13,175.43050
2024-03-14,176.64080
2024-03-15,175.66730
2024-03-18,175.91120
2024-03-19,174.01910
2024-03-20,174.18960
2024-03-21,175.55200
2024-03-22,176.22940
2024-03-26,175.49630
2024-03-27,176.43320
2024-03-28,178.04860
2024-03-31,178.03950
2024-04-01,179.11450
2024-04-02,179.04110
2024-04-03,178.87270
2024-04-04,179.50740
2024-04-05,179.50140
2024-04-08,180.69740
2024-04-09,180.50580
2024-04-10,181.38400
2024-04-12,179.51750
2024-04-15,177.54990
2024-04-16,176.55810
2024-04-18,175.34570
2024-04-19,176.54320
2024-04-22,178.03630
2024-04-23,178.28240
2024-04-24,178.54900
2024-04-25,179.87790
2024-04-26,178.68100
2024-04-29,180.44280
2024-04-30,180.13540
2024-05-02,180.47240
2024-05-03,179.10130
2024-05-06,178.82810
2024-05-07,177.74740
2024-05-08,177.74460
2024-05-09,175.00940
2024-05-10,176.04160
2024-05-13,176.41880
2024-05-14,177.31430
2024-05-15,177.17420
2024-05-16,178.82690
2024-05-17,179.31690
2024-05-21,179.79920
2024-05-22,180.43430
2024-05-23,183.35760
2024-05-24,183.28060
2024-05-27,183.07770
2024-05-28,182.72050
2024-05-29,181.25630
2024-05-30,179.53650
2024-05-31,180.05270
2024-06-03,185.88510
2024-06-04,175.04280
2024-06-05,180.88450
2024-06-06,182.47700
2024-06-07,186.18320
2024-06-10,185.92420
2024-06-11,186.00640
2024-06-12,186.46500
2024-06-13,187.06830
2024-06-14,187.65940
2024-06-18,188.38080
2024-06-19,188.05610
2024-06-20,188.51680
2024-06-21,188.01290
2024-06-24,188.29510
2024-06-25,189.75640
2024-06-26,190.92630
2024-06-27,192.32300
2024-06-28,192.07630
2024-07-01,193.10670
2024-07-02,192.96970
2024-07-03,194.25690
2024-07-04,194.37030
2024-07-05,194.57290
2024-07-08,194.53400
2024-07-09,195.43570
2024-07-10,194.56510
2024-07-11,194.49020
2024-07-12,195.98870
2024-07-15,196.65060
2024-07-16,196.87040
2024-07-18,198.36070
2024-07-19,196.22810
2024-07-22,196.04800
2024-07-23,195.82180
2024-07-24,195.29360
2024-07-25,195.23200
2024-07-26,198.64390
2024-07-29,198.64660
2024-07-30,198.82860
2024-07-31,199.57050
2024-08-01,200.05370
2024-08-02,197.76410
2024-08-05,192.49350
2024-08-06,191.99420
2024-08-07,194.49710
2024-08-08,193.05570
2024-08-09,195.05630
2024-08-12,195.00970
2024-08-13,193.35140
2024-08-14,193.38360
2024-08-16,196.57990
2024-08-19,196.88030
2024-08-20,197.88300
2024-08-21,198.44490
2024-08-22,198.77020
2024-08-23,198.87690
2024-08-26,200.35980
2024-08-27,200.41560
2024-08-28,200.68690
2024-08-29,201.47400
2024-08-30,202.14880
2024-09-02,202.48760
2024-09-03,202.50020
2024-09-04,201.85020
2024-09-05,201.42150
2024-09-06,199.08470
2024-09-09,199.75490
2024-09-10,200.59190
2024-09-11,199.64160
2024-09-12,203.39980
2024-09-13,203.13530
2024-09-16,203.34710
2024-09-17,203.63210
2024-09-18,203.31120
2024-09-19,203.61260
2024-09-20,206.60940
2024-09-23,207.78470
2024-09-24,207.78860
2024-09-25,208.30640
2024-09-26,209.98230
2024-09-27,209.67170
2024-09-30,206.85740
2024-10-01,206.74430
2024-10-03,202.36390
2024-10-04,200.47920
2024-10-07,198.72250
2024-10-08,200.45440
2024-10-09,200.20170
2024-10-10,200.33000
2024-10-11,200.05360
2024-10-14,201.34810
2024-10-15,200.78160
2024-10-16,200.09240
2024-10-17,198.32500
2024-10-18,199.16930
2024-10-21,198.57920
2024-10-22,196.13570
2024-10-23,195.83990
2024-10-24,195.54860
2024-10-25,193.79970
2024-10-28,195.05380
2024-10-29,196.20390
2024-10-30,195.19500
2024-10-31,194.14860
2024-11-04,192.46040
2024-11-05,194.19540
2024-11-06,196.39850
2024-11-07,194.13390
2024-11-08,193.72330
2024-11-11,193.65820
2024-11-12,191.59500
2024-11-13,189.00130
2024-11-14,188.82340
2024-11-18,188.17980
2024-11-19,188.69750
2024-11-21,187.34550
2024-11-22,191.79730
2024-11-25,194.30110
2024-11-26,194.07910
2024-11-27,194.71720
2024-11-28,191.83790
2024-11-29,193.56200
2024-12-02,194.71140
2024-12-03,196.15860
2024-12-04,196.23700
2024-12-05,198.15500
2024-12-06,197.90780
2024-12-09,197.43050
2024-12-10,197.35540
2024-12-11,197.60460
2024-12-12,196.85790
2024-12-13,198.60830
2024-12-16,197.79900
2024-12-17,195.14500
2024-12-18,194.04800
2024-12-19,192.07390
2024-12-20,189.15730
2024-12-23,190.47440
2024-12-24,190.26470
2024-12-26,190.43850
2024-12-27,190.94090
2024-12-30,189.58290
2024-12-31,189.58130
2025-01-01,190.36340
2025-01-02,193.93480
2025-01-03,192.46000
2025-01-06,189.56180
2025-01-07,190.03480
2025-01-08,189.87950
2025-01-09,188.57950
2025-01-10,187.81810
2025-01-13,185.05480
2025-01-14,185.77120
2025-01-15,186.06440
2025-01-16,186.84830
2025-01-17,186.14750
2025-01-20,187.26850
2025-01-21,184.71240
2025-01-22,185.75070
2025-01-23,186.14620
2025-01-24,185.23940
2025-01-27,183.12920
2025-01-28,184.14930
2025-01-29,185.85230
2025-01-30,186.54000
2025-01-31,188.65580
2025-02-03,187.47070
2025-02-04,190.48190
2025-02-05,190.13630
2025-02-06,189.41080
2025-02-07,189.13500
2025-02-10,187.70090
2025-02-11,185.23040
2025-02-12,185.12330
2025-02-13,185.00980
2025-02-14,184.19360
2025-02-17,184.42610
2025-02-18,184.30930
2025-02-19,184.20730
2025-02-20,184.04530
2025-02-21,183.10580
2025-02-24,181.15460
2025-02-25,181.10520
2025-02-27,181.07930
2025-02-28,177.70620
2025-03-03,177.65160
2025-03-04,177.35600
2025-03-05,179.38560
2025-03-06,181.03700
2025-03-07,181.09830
2025-03-10,180.35170
2025-03-11,180.65900
2025-03-12,180.43690
2025-03-13,179.84660
2025-03-17,180.72620
2025-03-18,183.32340
2025-03-19,183.90580
2025-03-20,186.16210
2025-03-21,187.43240
2025-03-24,189.88560
2025-03-25,189.96510
2025-03-26,188.50570
2025-03-27,189.33830
2025-03-28,188.77230
2025-03-31,188.76250
2025-04-01,185.96140
2025-04-02,187.27620
2025-04-03,186.62430
2025-04-04,183.89430
2025-04-07,177.93760
2025-04-08,180.93470
2025-04-09,179.83570
2025-04-11,183.25970
2025-04-15,187.23580
2025-04-16,188.09880
2025-04-17,191.40040
2025-04-21,193.57000
2025-04-22,193.90010
2025-04-23,195.18370
2025-04-24,194.52370
2025-04-25,192.86210
2025-04-28,195.20550
2025-04-29,195.26170
2025-04-30,195.24480
2025-05-02,195.33830
2025-05-05,196.24340
2025-05-06,195.58850
2025-05-07,195.86350
2025-05-08,194.73290
2025-05-09,192.60170
2025-05-12,199.92710
2025-05-13,197.15150
2025-05-14,197.85590
2025-05-15,201.01200
2025-05-16,200.77870
2025-05-19,200.17370
2025-05-20,198.07760
2025-05-21,199.11030
2025-05-22,197.47750
2025-05-23,199.41960
2025-05-26,200.58870
2025-05-27,199.18610
2025-05-28,198.72260
2025-05-29,199.37720
2025-05-30,198.87150
2025-06-02,198.58860
2025-06-03,197.26390
2025-06-04,197.95820
2025-06-05,198.99980
2025-06-06,201.01370
2025-06-09,201.80350
2025-06-10,201.82330
2025-06-11,202.11730
2025-06-12,200.09010
2025-06-13,198.73860
2025-06-16,200.55030
2025-06-17,199.80220
2025-06-18,199.46810
2025-06-19,199.31460
2025-06-20,201.86840
2025-06-23,200.77160
2025-06-24,201.34800
2025-06-25,202.94900
2025-06-26,205.38270
2025-06-27,206.40520
2025-06-30,205.42910
2025-07-01,205.62550
2025-07-02,204.91160
2025-07-03,204.52510
2025-07-04,205.01650
2025-07-07,205.01930
2025-07-08,205.51300
2025-07-09,205.13940
2025-07-10,204.18480
2025-07-11,202.54090
2025-07-14,201.98890
2025-07-15,202.89550
2025-07-16,203.04190
2025-07-17,202.23160
2025-07-18,201.18810
2025-07-21,202.15870
2025-07-22,201.91650
2025-07-23,203.18890
2025-07-24,201.93440
2025-07-25,200.21080
2025-07-28,198.97620
2025-07-29,200.09730
2025-07-30,200.36530
2025-07-31,199.66640
2025-08-01,198.08550
2025-08-04,199.33350
2025-08-05,198.74200
2025-08-06,198.15830
2025-08-07,198.33100
2025-08-08,196.46830
2025-08-11,198.24350
2025-08-12,197.60140
2025-08-13,198.65790
2025-08-14,198.82230
2025-08-18,200.78120
2025-08-19,201.62230
2025-08-20,202.17990
2025-08-21,202.46390
2025-08-22,200.74320
2025-08-25,201.51830
2025-08-26,199.45830
2025-08-28,197.75410
2025-08-29,197.15570
2025-09-01,198.73790
2025-09-02,198.36850
2025-09-03,199.45580
2025-09-04,199.64430
2025-09-05,199.69480
2025-09-08,199.94300
2025-09-09,200.70830
2025-09-10,201.54720
2025-09-11,201.80450
2025-09-12,202.67570
2025-09-15,202.30450
2025-09-16,203.67030
2025-09-17,204.40140
2025-09-18,205.15030
2025-09-19,204.36870
2025-09-22,203.35280
2025-09-23,203.08480
2025-09-24,202.17350
2025-09-25,200.83130
2025-09-26,198.92320
2025-09-30,198.58320
2025-10-01,200.39470
2025-10-03,200.85500
2025-10-06,202.32280
2025-10-07,202.56640
2025-10-08,202.06200
2025-10-09,203.15100
2025-10-10,203.98260
2025-10-13,203.50420
2025-10-14,202.85730
2025-10-15,204.30980
2025-10-16,206.41770
2025-10-17,207.44070
2025-10-20,208.52140
2025-10-23,208.89960
2025-10-24,208.12030
2025-10-27,209.63250
2025-10-28,209.38870
2025-10-29,210.33310
2025-10-30,208.91150
2025-10-31,207.65340
2025-11-03,207.97490
2025-11-04,206.63740
2025-11-06,205.92110
2025-11-07,205.84180
2025-11-10,206.52800
2025-11-11,207.49610
2025-11-12,208.93350
2025-11-13,208.95680
2025-11-14,209.19830
2025-11-17,210.01570
2025-11-18,209.18100
2025-11-19,210.32720
2025-11-20,211.44920
2025-11-21,210.44430
2025-11-24,209.55620
2025-11-25,208.94550
2025-11-26,211.52150
2025-11-27,211.59970
2025-11-28,211.49430
2025-12-01,211.26450
2025-12-02,210.14110
2025-12-03,209.76200
2025-12-04,210.14300
2025-12-05,211.49890
2025-12-08,209.66940
2025-12-09,208.69130
2025-12-10,208.02980
2025-12-11,209.15880
2025-12-12,210.35070
2025-12-15,210.18150
2025-12-16,208.83100
2025-12-17,208.49250
2025-12-18,208.46470
2025-12-19,209.67660
2025-12-22,211.32500
2025-12-23,211.35970
2025-12-24,211.07370
2025-12-26,210.26180
2025-12-29,209.44360
2025-12-30,209.41400
2025-12-31,210.94630
2026-01-01,211.07840
2026-01-02,212.54300
2026-01-05,211.89750
2026-01-06,211.31580
2026-01-07,211.01300
2026-01-08,208.88180
2026-01-09,207.32430
2026-01-12,208.16990
2026-01-13,207.69760
2026-01-14,207.15790
2026-01-16,207.52780
2026-01-19,206.63850
2026-01-20,203.79700
2026-01-21,203.18550
2026-01-22,204.25320
2026-01-23,202.31380
2026-01-27,203.31990
2026-01-28,204.66320
2026-01-29,205.27260
2026-01-30,204.47820
2026-02-02,202.60190
2026-02-03,207.72270
2026-02-04,208.10450
2026-02-05,207.05130
2026-02-06,207.48980
2026-02-09,208.90410
2026-02-10,209.44730
2026-02-11,209.59440
2026-02-12,208.40940
2026-02-13,205.69810
2026-02-16,207.26440
2026-02-17,207.60430
2026-02-18,208.37920
2026-02-19,205.43740
2026-02-20,206.37480
2026-02-23,207.50470
2026-02-24,205.18100
2026-02-25,205.64270
2026-02-26,205.75200
2026-02-27,203.18870
2026-03-02,200.65850
2026-03-04,197.55130
2026-03-05,199.84370
2026-03-06,197.31850
2026-03-09,193.91370
2026-03-10,195.78630
2026-03-11,192.61180
2026-03-12,190.78020
2026-03-13,186.85930
2026-03-16,188.91340
2026-03-17,190.28990
2026-03-18,191.86030
2026-03-19,185.65240
2026-03-20,186.54780
2026-03-23,181.72790
2026-03-24,184.94170
2026-03-25,188.10540
2026-03-27,184.18740
2026-03-30,180.25950
2026-03-31,180.25640
2026-04-01,183.06880
2026-04-02,183.33360
2026-04-06,185.38180
2026-04-07,186.61560
2026-04-08,193.64970
2026-04-09,191.85730
2026-04-10,194.07160
2026-04-13,192.38540
2026-04-15,195.50980
2026-04-16,195.22790
2026-04-17,196.48760
2026-04-20,196.56840
2026-04-21,198.27050
2026-04-22,196.66800
2026-04-23,195.01330
2026-04-24,192.83780
2026-04-27,194.39640
2026-04-28,193.61160
2026-04-29,195.07240
2026-04-30,193.62930
2026-05-04,194.58540
2026-05-05,193.88990
2026-05-06,196.25630
2026-05-07,196.21800
2026-05-08,195.01380
2026-05-11,192.10060
2026-05-12,188.60580
2026-05-13,188.87610
2026-05-14,191.10500
2026-05-15,190.85080
2026-05-18,190.89840
2026-05-19,190.62650
2026-05-20,190.96280
2026-05-21,190.91560
2026-05-22,191.50930
2026-05-25,194.07270
2026-05-26,193.12210
2026-05-27,193.06600
2026-05-29,190.20270
2026-06-01,188.86640
2026-06-02,189.67360
2026-06-03,189.04270
2026-06-04,189.12570
2026-06-05,188.80640
2026-06-08,186.84070
2026-06-09,187.79530
2026-06-10,187.57360
2026-06-11,187.14180
2026-06-12,190.91420
2026-06-15,192.75960
2026-06-16,193.84320
2026-06-17,194.61570
2026-06-18,195.27400
2026-06-19,194.38950
2026-06-22,195.10170
2026-06-23,192.92740
2026-06-24,194.51320
2026-06-25,194.78540
2026-06-29,193.89020
2026-06-30,193.27140
2026-07-01,194.40040
2026-07-02,195.76570
2026-07-03,196.59840
2026-07-06,197.87350
2026-07-07,197.63600
2026-07-08,193.46480
2026-07-09,194.12530
2026-07-10,196.12220
2026-07-13,196.15510
2026-07-14,194.87310
2026-07-15,195.10300
2026-07-16,195.05340
2026-07-17,197.18840
2026-07-20,196.40520
2026-07-21,195.99280
2026-07-22,194.44220
2026-07-23,193.41560
2026-07-24,192.71600
2026-07-27,194.55450
2026-07-28,194.46580
2026-07-29,196.59330
2026-07-30,197.12890
2026-07-31,197.70320
2026-08-03,200.99480
2026-08-04,199.70490
2026-08-05,199.78010
2026-08-06,199.86780
2026-08-07,199.37680
2026-08-10,199.47500
2026-08-11,198.56520
2026-08-12,198.27270
2026-08-13,197.95800
2026-08-14,197.71470
2026-08-17,197.07120
2026-08-18,195.99540
2026-08-19,195.36990
2026-08-20,196.61200
2026-08-21,196.77130
2026-08-24,196.49470
2026-08-25,197.42470
2026-08-26,196.39490
2026-08-27,195.44690
2026-08-28,196.12890
2026-08-31,195.34840
2026-09-01,195.14580
2026-09-02,194.02830
2026-09-03,193.69340
2026-09-04,193.91530
2026-09-07,192.94560
2026-09-08,191.77700
2026-09-09,190.12670
2026-09-10,190.48080
