Date,NAV
2006-04-03,44.06360
2006-04-04,44.75820
2006-04-05,45.28830
2006-04-07,44.76710
2006-04-10,45.05500
2006-04-12,44.25950
2006-04-13,43.31490
2006-04-17,43.80960
2006-04-18,44.30620
2006-04-19,44.33400
2006-04-20,44.56560
2006-04-21,44.71630
2006-04-24,44.80500
2006-04-25,43.96600
2006-04-26,44.60060
2006-04-27,44.27080
2006-04-28,44.45620
2006-05-02,45.31230
2006-05-03,45.61210
2006-05-04,45.54070
2006-05-05,45.74870
2006-05-08,46.18420
2006-05-09,46.40360
2006-05-10,46.38590
2006-05-11,46.06000
2006-05-12,45.67980
2006-05-15,43.76150
2006-05-16,43.59910
2006-05-17,44.84120
2006-05-18,41.75130
2006-05-19,40.10480
2006-05-22,37.85610
2006-05-23,39.09070
2006-05-24,38.71280
2006-05-25,39.08330
2006-05-26,39.61770
2006-05-29,39.86400
2006-05-30,39.61710
2006-05-31,38.37470
2006-06-01,36.99290
2006-06-02,37.60820
2006-06-05,36.51060
2006-06-06,35.28300
2006-06-07,33.59320
2006-06-08,31.13920
2006-06-09,33.38420
2006-06-12,32.75510
2006-06-13,30.85820
2006-06-14,30.44690
2006-06-15,32.66740
2006-06-16,33.99010
2006-06-19,34.67950
2006-06-20,34.63480
2006-06-21,35.34400
2006-06-22,35.88850
2006-06-23,35.90000
2006-06-26,34.49650
2006-06-27,35.44370
2006-06-28,34.33140
2006-06-29,34.41370
2006-06-30,35.76710
2006-07-03,35.81420
2006-07-04,35.54430
2006-07-05,36.08800
2006-07-06,35.83080
2006-07-07,35.31340
2006-07-10,35.83660
2006-07-11,35.80200
2006-07-12,36.38820
2006-07-13,36.27340
2006-07-14,35.89610
2006-07-17,34.78650
2006-07-18,34.31130
2006-07-19,33.35920
2006-07-20,34.11170
2006-07-21,33.23360
2006-07-24,33.21250
2006-07-25,34.08800
2006-07-26,34.89450
2006-07-27,35.44370
2006-07-28,35.77060
2006-07-31,35.87210
2006-08-01,36.02780
2006-08-02,36.54770
2006-08-03,36.71690
2006-08-04,36.59820
2006-08-07,36.54950
2006-08-08,37.01030
2006-08-09,37.58660
2006-08-10,37.92420
2006-08-11,38.46210
2006-08-14,39.21840
2006-08-16,39.74170
2006-08-17,39.61430
2006-08-18,39.68730
2006-08-21,39.93880
2006-08-22,40.00570
2006-08-23,39.50130
2006-08-24,39.76210
2006-08-25,39.94590
2006-08-28,40.14850
2006-08-29,40.30960
2006-08-30,40.20300
2006-08-31,39.83670
2006-09-01,40.19120
2006-09-04,40.85530
2006-09-05,41.05200
2006-09-06,41.34770
2006-09-07,41.20020
2006-09-08,41.64970
2006-09-11,40.17120
2006-09-12,40.33600
2006-09-13,40.90400
2006-09-14,41.10130
2006-09-15,41.27440
2006-09-18,41.38830
2006-09-19,40.75400
2006-09-20,41.16560
2006-09-21,41.56000
2006-09-22,41.68700
2006-09-25,41.45090
2006-09-26,41.74170
2006-09-27,41.90010
2006-09-28,41.90370
2006-09-29,42.32340
2006-10-03,42.30750
2006-10-04,41.72230
2006-10-05,42.18810
2006-10-06,42.74310
2006-10-09,43.21890
2006-10-10,43.16380
2006-10-11,42.52780
2006-10-12,43.06830
2006-10-13,43.33850
2006-10-16,43.52590
2006-10-17,43.42610
2006-10-18,43.47160
2006-10-19,43.13290
2006-10-20,43.36130
2006-10-23,43.50690
2006-10-26,44.02650
2006-10-27,44.55780
2006-10-30,44.81790
2006-10-31,44.50860
2006-11-01,45.04900
2006-11-02,45.50370
2006-11-03,45.77320
2006-11-06,46.03000
2006-11-07,46.02680
2006-11-08,45.59220
2006-11-09,45.78390
2006-11-10,46.23640
2006-11-13,46.71770
2006-11-14,46.40500
2006-11-15,46.51950
2006-11-16,46.50840
2006-11-17,45.86050
2006-11-20,45.64690
2006-11-21,46.73270
2006-11-22,47.50460
2006-11-23,47.42820
2006-11-24,47.64730
2006-11-27,47.85120
2006-11-28,47.57030
2006-11-29,48.02900
2006-11-30,48.18290
2006-12-01,48.55380
2006-12-04,48.81660
2006-12-05,48.85630
2006-12-06,48.39620
2006-12-07,48.36300
2006-12-08,47.65130
2006-12-11,46.28990
2006-12-12,44.42840
2006-12-13,45.26850
2006-12-14,46.33230
2006-12-15,46.77560
2006-12-18,46.69540
2006-12-19,46.06110
2006-12-20,45.91180
2006-12-21,46.12580
2006-12-22,46.40660
2006-12-26,47.22030
2006-12-27,47.54520
2006-12-28,47.51030
2006-12-29,48.25440
2007-01-02,48.91100
2007-01-03,49.17850
2007-01-04,48.98740
2007-01-05,48.91880
2007-01-08,48.48170
2007-01-09,48.27470
2007-01-10,47.71630
2007-01-11,48.50730
2007-01-12,49.45090
2007-01-15,50.12790
2007-01-16,50.59160
2007-01-17,50.47500
2007-01-18,50.44660
2007-01-19,50.32070
2007-01-22,50.30850
2007-01-23,49.78750
2007-01-24,50.13360
2007-01-25,50.69300
2007-01-29,50.59170
2007-01-31,50.00330
2007-02-01,50.55870
2007-02-02,51.22550
2007-02-05,51.52310
2007-02-06,51.35910
2007-02-07,51.40260
2007-02-08,51.08910
2007-02-09,50.18310
2007-02-12,48.23170
2007-02-13,48.12320
2007-02-14,48.17870
2007-02-15,49.49810
2007-02-19,49.48640
2007-02-20,48.97740
2007-02-21,49.02050
2007-02-22,48.35010
2007-02-23,46.80590
2007-02-26,47.17820
2007-02-27,47.10060
2007-02-28,45.02270
2007-03-01,45.26830
2007-03-02,44.52900
2007-03-05,42.54070
2007-03-06,42.89840
2007-03-07,41.98380
2007-03-08,43.46380
2007-03-09,43.15260
2007-03-12,43.79400
2007-03-13,44.32930
2007-03-14,43.12620
2007-03-15,43.21760
2007-03-16,42.58050
2007-03-19,43.33560
2007-03-20,43.70380
2007-03-21,44.07780
2007-03-22,45.07310
2007-03-23,45.41840
2007-03-26,45.29010
2007-03-28,44.39020
2007-03-29,44.55670
2007-03-30,45.02890
2007-04-02,43.13470
2007-04-03,43.43410
2007-04-04,43.88730
2007-04-05,44.20140
2007-04-09,45.28570
2007-04-10,45.31180
2007-04-11,45.86100
2007-04-12,45.64090
2007-04-13,46.51650
2007-04-16,47.49720
2007-04-17,47.34070
2007-04-18,47.70170
2007-04-19,47.59370
2007-04-20,48.04010
2007-04-23,48.21760
2007-04-24,48.91810
2007-04-25,49.11400
2007-04-26,48.84070
2007-04-27,48.33800
2007-04-30,48.56970
2007-05-03,49.19780
2007-05-04,48.90720
2007-05-07,48.59290
2007-05-08,48.07490
2007-05-09,48.24590
2007-05-10,48.21980
2007-05-11,48.25060
2007-05-14,48.85910
2007-05-15,48.93250
2007-05-16,49.53830
2007-05-17,49.78510
2007-05-18,49.60290
2007-05-21,49.83430
2007-05-22,50.06830
2007-05-23,49.74660
2007-05-24,49.32280
2007-05-25,49.23190
2007-05-28,49.66060
2007-05-29,49.92270
2007-05-30,49.91860
2007-05-31,50.28560
2007-06-01,50.64690
2007-06-04,50.06090
2007-06-05,50.51340
2007-06-06,49.82250
2007-06-07,49.74660
2007-06-08,49.22890
2007-06-11,49.10390
2007-06-12,48.90630
2007-06-13,48.68720
2007-06-14,49.59930
2007-06-15,49.86860
2007-06-18,49.57950
2007-06-19,50.35080
2007-06-20,51.03960
2007-06-21,51.70790
2007-06-22,51.95100
2007-06-25,51.99130
2007-06-26,52.24670
2007-06-27,52.20350
2007-06-28,52.78200
2007-06-29,53.17440
2007-07-02,53.74570
2007-07-03,54.46830
2007-07-04,54.44630
2007-07-05,54.35620
2007-07-06,54.80620
2007-07-09,55.36980
2007-07-10,55.00520
2007-07-11,55.39770
2007-07-12,56.12490
2007-07-13,56.67150
2007-07-16,56.80800
2007-07-17,56.55390
2007-07-18,56.58690
2007-07-19,57.15460
2007-07-20,57.62490
2007-07-23,57.99370
2007-07-24,57.70360
2007-07-25,57.35740
2007-07-26,57.34350
2007-07-27,55.61940
2007-07-30,55.74080
2007-07-31,56.63120
2007-08-01,54.96050
2007-08-02,55.48340
2007-08-03,56.09620
2007-08-06,55.46170
2007-08-07,56.00550
2007-08-08,56.76520
2007-08-09,55.77260
2007-08-10,54.99010
2007-08-13,55.58550
2007-08-14,55.55040
2007-08-16,53.39850
2007-08-17,52.60290
2007-08-20,53.21940
2007-08-21,51.74730
2007-08-22,52.43240
2007-08-23,52.25650
2007-08-24,53.32410
2007-08-27,54.65450
2007-08-28,55.01700
2007-08-29,55.72960
2007-08-30,55.97410
2007-08-31,56.68060
2007-09-03,57.43470
2007-09-04,57.91760
2007-09-05,57.97090
2007-09-06,58.50740
2007-09-07,58.43700
2007-09-10,58.38860
2007-09-11,58.18150
2007-09-12,58.16960
2007-09-13,58.41810
2007-09-14,58.05730
2007-09-17,58.12230
2007-09-18,58.47620
2007-09-19,59.66500
2007-09-20,59.90840
2007-09-21,60.44570
2007-09-24,61.54800
2007-09-25,61.53150
2007-09-26,61.72660
2007-09-27,62.17480
2007-09-28,62.60990
2007-10-01,63.09420
2007-10-03,64.05720
2007-10-04,64.36530
2007-10-05,64.22800
2007-10-08,62.48500
2007-10-09,64.68490
2007-10-10,66.35600
2007-10-11,67.68660
2007-10-12,66.87120
2007-10-15,69.32330
2007-10-16,69.97010
2007-10-17,68.04510
2007-10-18,65.56300
2007-10-19,63.28500
2007-10-22,63.48760
2007-10-23,66.31900
2007-10-24,67.24460
2007-10-25,67.93530
2007-10-26,69.03250
2007-10-29,70.82940
2007-10-30,70.75910
2007-10-31,71.59900
2007-11-01,69.98740
2007-11-02,70.50210
2007-11-05,70.73840
2007-11-06,70.52850
2007-11-07,70.24560
2007-11-08,69.32670
2007-11-12,68.64110
2007-11-13,70.17930
2007-11-14,71.74650
2007-11-15,71.81590
2007-11-16,72.10800
2007-11-19,74.09940
2007-11-20,73.06190
2007-11-21,69.78580
2007-11-22,69.05960
2007-11-23,69.76330
2007-11-26,71.20570
2007-11-27,70.97730
2007-11-28,70.51230
2007-11-29,70.84920
2007-11-30,72.87000
2007-12-03,74.28110
2007-12-04,75.48580
2007-12-05,76.47930
2007-12-06,76.22580
2007-12-07,75.60010
2007-12-10,75.44290
2007-12-11,76.11240
2007-12-12,77.13830
2007-12-13,76.60860
2007-12-14,76.88470
2007-12-17,73.71680
2007-12-18,73.88570
2007-12-19,73.79370
2007-12-20,73.52170
2007-12-21,73.51690
2007-12-24,75.07060
2007-12-26,76.85370
2007-12-27,77.92520
2007-12-28,79.29060
2007-12-31,80.58750
2008-01-01,81.10400
2008-01-02,82.17860
2008-01-03,81.47070
2008-01-04,82.24580
2008-01-07,81.39980
2008-01-08,79.83050
2008-01-09,79.19960
2008-01-10,77.34980
2008-01-11,77.53620
2008-01-14,78.23730
2008-01-15,77.85880
2008-01-16,76.46860
2008-01-17,77.30800
2008-01-18,74.43130
2008-01-21,67.20480
2008-01-22,63.19640
2008-01-23,67.35570
2008-01-24,65.44430
2008-01-25,68.60940
2008-01-28,68.09150
2008-01-29,67.63450
2008-01-30,65.94720
2008-01-31,65.61890
2008-02-01,65.08710
2008-02-04,66.50220
2008-02-05,67.22970
2008-02-06,65.84090
2008-02-07,64.36990
2008-02-08,62.77970
2008-02-11,59.39100
2008-02-12,58.41680
2008-02-13,58.94790
2008-02-14,62.00250
2008-02-15,63.41350
2008-02-18,63.47120
2008-02-19,64.26030
2008-02-20,63.13140
2008-02-21,63.66430
2008-02-22,62.78950
2008-02-25,62.89370
2008-02-26,64.17040
2008-02-27,64.50560
2008-02-28,65.03390
2008-02-29,64.51030
2008-03-03,61.36550
2008-03-04,60.25390
2008-03-05,59.97090
2008-03-07,57.87720
2008-03-10,58.08810
2008-03-11,60.01990
2008-03-12,59.72450
2008-03-13,56.26860
2008-03-14,56.43670
2008-03-17,53.18680
2008-03-18,52.94950
2008-03-19,52.33120
2008-03-24,51.52890
2008-03-25,54.19460
2008-03-26,54.60020
2008-03-27,54.86540
2008-03-28,57.42830
2008-03-31,56.40560
2008-04-01,55.50730
2008-04-02,55.66560
2008-04-03,55.18930
2008-04-04,53.89350
2008-04-07,54.23110
2008-04-08,53.69540
2008-04-09,54.20620
2008-04-10,54.23660
2008-04-11,54.69050
2008-04-15,55.21920
2008-04-16,56.29170
2008-04-17,57.01860
2008-04-21,58.24850
2008-04-22,58.28910
2008-04-23,58.29570
2008-04-24,57.77420
2008-04-25,58.21250
2008-04-28,58.43550
2008-04-29,59.18000
2008-04-30,59.49720
2008-05-02,59.53110
2008-05-05,59.43330
2008-05-06,58.64450
2008-05-07,58.28420
2008-05-08,57.92630
2008-05-09,56.81780
2008-05-12,56.40510
2008-05-13,56.19110
2008-05-14,56.68060
2008-05-15,57.37790
2008-05-16,57.67770
2008-05-20,57.54290
2008-05-21,58.00130
2008-05-22,57.45980
2008-05-23,56.69720
2008-05-26,55.18560
2008-05-27,54.82500
2008-05-28,55.37140
2008-05-29,55.14760
2008-05-30,55.28730
2008-06-02,53.71700
2008-06-03,53.34360
2008-06-04,51.79340
2008-06-05,52.43810
2008-06-06,52.03290
2008-06-09,50.81660
2008-06-10,50.42660
2008-06-11,50.99940
2008-06-12,51.16700
2008-06-13,50.78080
2008-06-16,51.12030
2008-06-17,51.74590
2008-06-18,51.36640
2008-06-19,50.68250
2008-06-20,48.92270
2008-06-23,47.31260
2008-06-24,46.33990
2008-06-25,46.61740
2008-06-26,46.56870
2008-06-27,45.24470
2008-06-30,44.45100
2008-07-01,42.50520
2008-07-02,43.75720
2008-07-03,42.20250
2008-07-04,43.11320
2008-07-07,43.77820
2008-07-08,43.60300
2008-07-09,45.05170
2008-07-10,45.40050
2008-07-11,44.31220
2008-07-14,43.97900
2008-07-15,42.16740
2008-07-16,41.75270
2008-07-17,42.45200
2008-07-18,43.12510
2008-07-21,43.19790
2008-07-22,44.06990
2008-07-23,46.27540
2008-07-24,45.92000
2008-07-25,45.38660
2008-07-28,45.65930
2008-07-29,44.60470
2008-07-30,45.58030
2008-07-31,45.78700
2008-08-01,45.95160
2008-08-04,46.39200
2008-08-05,46.88770
2008-08-06,46.85520
2008-08-07,46.94940
2008-08-08,47.02540
2008-08-11,47.69590
2008-08-12,47.03890
2008-08-13,46.87770
2008-08-14,46.18340
2008-08-18,45.55960
2008-08-19,45.35430
2008-08-20,45.84220
2008-08-21,45.26260
2008-08-22,45.39650
2008-08-25,45.36450
2008-08-26,45.31540
2008-08-27,45.13290
2008-08-28,44.52920
2008-08-29,45.55850
2008-09-01,45.34070
2008-09-02,46.28830
2008-09-04,46.18920
2008-09-05,45.53780
2008-09-08,46.22890
2008-09-09,45.98540
2008-09-10,45.11660
2008-09-11,44.29860
2008-09-12,43.70970
2008-09-15,42.18680
2008-09-16,41.79810
2008-09-17,41.12880
2008-09-18,40.66890
2008-09-19,42.14640
2008-09-22,41.91840
2008-09-23,41.36070
2008-09-24,41.79010
2008-09-25,41.37800
2008-09-26,40.18450
2008-09-29,38.89410
2008-09-30,39.04590
2008-10-01,39.29350
2008-10-03,37.95130
2008-10-06,35.67910
2008-10-07,35.28100
2008-10-08,34.27060
2008-10-10,31.84400
2008-10-13,33.26940
2008-10-14,33.15010
2008-10-15,31.66070
2008-10-16,31.41230
2008-10-17,30.10770
2008-10-20,30.12120
2008-10-21,30.84070
2008-10-22,29.51060
2008-10-23,28.21920
2008-10-24,25.17090
2008-10-27,24.24140
2008-10-29,26.30170
2008-10-31,27.49890
2008-11-03,28.51560
2008-11-04,29.51420
2008-11-05,28.40540
2008-11-06,27.46640
2008-11-07,28.11270
2008-11-10,29.57800
2008-11-11,28.20960
2008-11-12,27.44790
2008-11-14,27.00250
2008-11-17,26.67650
2008-11-18,25.83010
2008-11-19,25.57600
2008-11-20,24.92620
2008-11-21,25.43590
2008-11-24,25.57250
2008-11-25,25.35180
2008-11-26,25.65390
2008-11-28,25.73930
2008-12-01,25.24430
2008-12-02,25.14000
2008-12-03,25.22580
2008-12-04,26.09240
2008-12-05,25.63970
2008-12-08,26.22540
2008-12-10,27.22840
2008-12-11,27.40210
2008-12-12,27.73380
2008-12-15,28.45180
2008-12-16,29.02850
2008-12-17,27.84000
2008-12-18,28.41310
2008-12-19,28.73100
2008-12-22,28.37800
2008-12-23,27.79120
2008-12-24,27.40910
2008-12-26,27.13420
2008-12-29,27.60010
2008-12-30,28.01190
2008-12-31,28.15240
2009-01-01,28.91690
2009-01-02,29.19490
2009-01-05,29.87850
2009-01-06,30.03460
2009-01-07,28.62370
2009-01-09,28.10350
2009-01-12,27.38400
2009-01-13,27.08450
2009-01-14,27.52180
2009-01-15,26.91360
2009-01-16,27.35680
2009-01-19,27.66130
2009-01-20,27.32250
2009-01-21,26.67370
2009-01-22,26.46220
2009-01-23,26.23830
2009-01-27,26.57170
2009-01-28,26.99260
2009-01-29,26.79800
2009-01-30,27.06020
2009-02-02,26.71700
2009-02-03,26.83850
2009-02-04,26.88190
2009-02-05,26.66400
2009-02-06,26.98070
2009-02-09,27.45850
2009-02-10,27.59140
2009-02-11,27.69150
2009-02-12,27.43620
2009-02-13,27.63790
2009-02-16,26.99290
2009-02-17,26.57350
2009-02-18,26.61600
2009-02-19,26.57230
2009-02-20,26.27020
2009-02-24,26.03720
2009-02-25,26.38700
2009-02-26,26.43690
2009-02-27,26.21140
2009-03-02,25.80130
2009-03-03,25.55670
2009-03-04,25.65660
2009-03-05,25.29940
2009-03-06,25.44770
2009-03-09,25.18930
2009-03-12,25.29260
2009-03-13,25.85550
2009-03-16,26.32760
2009-03-17,26.35010
2009-03-18,26.86370
2009-03-19,26.86980
2009-03-20,26.85380
2009-03-23,27.66410
2009-03-24,27.45030
2009-03-25,27.70240
2009-03-26,28.51750
2009-03-27,29.10810
2009-03-30,28.50930
2009-03-31,29.11850
2009-04-01,29.35190
2009-04-02,30.49750
2009-04-06,30.74080
2009-04-08,31.31990
2009-04-09,31.39600
2009-04-13,32.07450
2009-04-15,33.04270
2009-04-16,31.88010
2009-04-17,32.04410
2009-04-20,32.04850
2009-04-21,32.17570
2009-04-22,31.73290
2009-04-23,32.20020
2009-04-24,32.63650
2009-04-27,32.38060
2009-04-28,31.59030
2009-04-29,32.21940
2009-05-04,33.02090
2009-05-05,33.07590
2009-05-06,32.90620
2009-05-07,33.62990
2009-05-08,33.49010
2009-05-11,33.10740
2009-05-12,33.66640
2009-05-13,33.51320
2009-05-14,33.71800
2009-05-15,34.29580
2009-05-19,38.03040
2009-05-20,39.30860
2009-05-21,39.70860
2009-05-22,39.74560
2009-05-25,40.60180
2009-05-26,39.57570
2009-05-27,40.90490
2009-05-28,41.26120
2009-05-29,42.27260
2009-06-01,42.68510
2009-06-02,42.72540
2009-06-03,43.11830
2009-06-04,44.01810
2009-06-05,44.00500
2009-06-08,41.99060
2009-06-09,43.03960
2009-06-10,44.00270
2009-06-11,43.67930
2009-06-12,42.93860
2009-06-15,42.15340
2009-06-16,42.66820
2009-06-17,41.49070
2009-06-18,40.63410
2009-06-19,41.53380
2009-06-22,41.05280
2009-06-23,41.11650
2009-06-24,41.89860
2009-06-25,41.88880
2009-06-26,42.71650
2009-06-29,42.81670
2009-06-30,41.94180
2009-07-01,42.10960
2009-07-02,42.54580
2009-07-03,42.64690
2009-07-06,41.16720
2009-07-07,41.77920
2009-07-08,40.70290
2009-07-09,41.01350
2009-07-10,40.33540
2009-07-13,39.79920
2009-07-14,41.10880
2009-07-15,42.55950
2009-07-16,42.86350
2009-07-17,44.19500
2009-07-20,45.23580
2009-07-21,44.92960
2009-07-22,44.34340
2009-07-23,45.23230
2009-07-24,46.03980
2009-07-27,46.47280
2009-07-28,47.07170
2009-07-29,46.97790
2009-07-30,47.67210
2009-07-31,48.40730
2009-08-03,48.98240
2009-08-04,48.37620
2009-08-05,48.24220
2009-08-06,47.14270
2009-08-07,46.52500
2009-08-10,46.33230
2009-08-11,46.68190
2009-08-12,46.77710
2009-08-13,48.26830
2009-08-14,48.44470
2009-08-17,46.60160
2009-08-18,47.62290
2009-08-19,47.37800
2009-08-20,47.61160
2009-08-21,48.16120
2009-08-24,49.44170
2009-08-25,49.91370
2009-08-26,50.24130
2009-08-27,50.39930
2009-08-28,50.95900
2009-08-31,50.94750
2009-09-01,50.27230
2009-09-02,49.94470
2009-09-03,49.90180
2009-09-04,50.32000
2009-09-07,51.32070
2009-09-08,51.17920
2009-09-09,50.80990
2009-09-10,50.78790
2009-09-11,50.69820
2009-09-14,50.61750
2009-09-15,51.36570
2009-09-16,51.89680
2009-09-17,52.71650
2009-09-18,52.81700
2009-09-22,52.97710
2009-09-23,52.25010
2009-09-24,52.29640
2009-09-25,52.29470
2009-09-29,53.02690
2009-09-30,53.45690
2009-10-01,53.26060
2009-10-05,52.08370
2009-10-06,51.59720
2009-10-07,51.44390
2009-10-08,51.52150
2009-10-09,51.45240
2009-10-12,51.99020
2009-10-14,52.69810
2009-10-15,53.28970
2009-10-16,53.25890
2009-10-20,53.53680
2009-10-21,53.60790
2009-10-22,52.86180
2009-10-23,53.25090
2009-10-26,52.48800
2009-10-27,51.10530
2009-10-28,51.15840
2009-10-29,50.55070
2009-10-30,50.53820
2009-11-03,49.24210
2009-11-04,50.49690
2009-11-05,51.68020
2009-11-06,52.64250
2009-11-09,53.18830
2009-11-10,53.22130
2009-11-11,54.23840
2009-11-12,53.94540
2009-11-13,54.50130
2009-11-16,55.04910
2009-11-17,54.87060
2009-11-18,54.51050
2009-11-19,53.89380
2009-11-20,53.96020
2009-11-23,54.67990
2009-11-24,54.49750
2009-11-25,54.56400
2009-11-26,53.94250
2009-11-27,53.39650
2009-11-30,54.55950
2009-12-01,55.14080
2009-12-02,55.52220
2009-12-03,56.40950
2009-12-04,55.83500
2009-12-07,55.75460
2009-12-08,56.37850
2009-12-09,56.17440
2009-12-10,56.29360
2009-12-11,56.12910
2009-12-14,55.96470
2009-12-15,55.42800
2009-12-16,55.57290
2009-12-17,55.95690
2009-12-18,55.80430
2009-12-21,55.83370
2009-12-22,56.14960
2009-12-23,57.08820
2009-12-24,57.59410
2009-12-29,58.01160
2009-12-30,57.95770
2009-12-31,58.32980
2010-01-04,58.83300
2010-01-05,59.72510
2010-01-06,60.19400
2010-01-07,60.64740
2010-01-08,60.43070
2010-01-11,60.80080
2010-01-12,60.50660
2010-01-13,60.92600
2010-01-14,61.29870
2010-01-15,61.31040
2010-01-18,61.37320
2010-01-19,60.83720
2010-01-20,60.75360
2010-01-21,59.59880
2010-01-22,59.16710
2010-01-25,58.53770
2010-01-27,56.83690
2010-01-28,56.88300
2010-01-29,57.29830
2010-02-01,57.79420
2010-02-02,57.56430
2010-02-03,58.31700
2010-02-04,57.55990
2010-02-05,56.38060
2010-02-08,57.04660
2010-02-09,57.54260
2010-02-10,57.28620
2010-02-11,57.65270
2010-02-15,57.14550
2010-02-16,57.38950
2010-02-17,57.90400
2010-02-18,57.57360
2010-02-19,57.14700
2010-02-22,57.19640
2010-02-23,57.07420
2010-02-24,56.83430
2010-02-25,56.41030
2010-02-26,56.90620
2010-03-02,57.75450
2010-03-03,58.44620
2010-03-04,58.63110
2010-03-05,58.89810
2010-03-08,59.33270
2010-03-09,59.06750
2010-03-10,59.08540
2010-03-11,59.24500
2010-03-12,59.65520
2010-03-15,59.58960
2010-03-16,60.10350
2010-03-17,60.30230
2010-03-18,60.32930
2010-03-19,60.54000
2010-03-22,60.22820
2010-03-23,60.25350
2010-03-25,60.70430
2010-03-26,60.61880
2010-03-29,60.61670
2010-03-30,60.59200
2010-03-31,60.71010
2010-04-01,61.34120
2010-04-05,61.91420
2010-04-06,61.78360
2010-04-07,62.03690
2010-04-08,61.62320
2010-04-09,61.79290
2010-04-12,61.79210
2010-04-13,61.72630
2010-04-15,61.67990
2010-04-16,61.45310
2010-04-19,60.80620
2010-04-20,61.45370
2010-04-21,61.45060
2010-04-22,61.44640
2010-04-23,61.67870
2010-04-26,62.00170
2010-04-27,62.03430
2010-04-28,61.18260
2010-04-29,61.17950
2010-04-30,61.82330
2010-05-03,61.52470
2010-05-04,60.97760
2010-05-05,61.19920
2010-05-06,60.92110
2010-05-07,59.96120
2010-05-10,61.22560
2010-05-11,60.77540
2010-05-12,60.77600
2010-05-13,61.05550
2010-05-14,60.34780
2010-05-17,60.12030
2010-05-18,60.39230
2010-05-19,59.13360
2010-05-20,59.10360
2010-05-21,58.55210
2010-05-24,58.54900
2010-05-25,56.94300
2010-05-26,58.03600
2010-05-27,58.35950
2010-05-28,58.81250
2010-05-31,59.49260
2010-06-01,58.82470
2010-06-02,59.41040
2010-06-03,60.01330
2010-06-04,60.39940
2010-06-07,59.36520
2010-06-08,58.72610
2010-06-09,59.08240
2010-06-10,59.77820
2010-06-11,59.88000
2010-06-14,60.49370
2010-06-15,60.51430
2010-06-16,60.62410
2010-06-17,60.84970
2010-06-18,60.63910
2010-06-21,61.18750
2010-06-22,61.05100
2010-06-23,61.38230
2010-06-24,61.25050
2010-06-25,61.34870
2010-06-28,62.22240
2010-06-29,61.89890
2010-06-30,62.47400
2010-07-01,62.14210
2010-07-02,62.00180
2010-07-05,62.09090
2010-07-06,62.27730
2010-07-07,61.90980
2010-07-08,62.67340
2010-07-09,63.22330
2010-07-12,63.36540
2010-07-13,63.54300
2010-07-14,63.45280
2010-07-15,62.99600
2010-07-16,62.90520
2010-07-19,62.98590
2010-07-20,62.79120
2010-07-21,63.16800
2010-07-22,63.49760
2010-07-23,63.31100
2010-07-26,63.18650
2010-07-27,63.24040
2010-07-28,63.17070
2010-07-29,63.01080
2010-07-30,63.06730
2010-08-02,63.75180
2010-08-03,63.96000
2010-08-04,64.07830
2010-08-05,64.18340
2010-08-06,64.12510
2010-08-09,64.94720
2010-08-10,64.52300
2010-08-11,64.25770
2010-08-12,64.49100
2010-08-13,65.11040
2010-08-16,64.88430
2010-08-17,65.09570
2010-08-18,65.96550
2010-08-19,66.59990
2010-08-20,66.61610
2010-08-23,66.80390
2010-08-24,66.50360
2010-08-25,65.78710
2010-08-26,65.90450
2010-08-27,65.49120
2010-08-30,65.52570
2010-08-31,65.05230
2010-09-01,66.03520
2010-09-02,66.26840
2010-09-03,66.89870
2010-09-06,68.46780
2010-09-07,68.39730
2010-09-08,68.51180
2010-09-09,68.60140
2010-09-13,69.43890
2010-09-14,69.66720
2010-09-15,70.08970
2010-09-16,68.95980
2010-09-17,69.85380
2010-09-20,70.44580
2010-09-21,70.08270
2010-09-22,69.84520
2010-09-23,69.69280
2010-09-24,70.16780
2010-09-27,70.27330
2010-09-28,70.13680
2010-09-29,69.75310
2010-09-30,69.84330
2010-10-01,70.69840
2010-10-04,71.21850
2010-10-05,71.35920
2010-10-06,71.86630
2010-10-07,71.54250
2010-10-08,71.18000
2010-10-11,71.60510
2010-10-12,71.15250
2010-10-13,71.88610
2010-10-14,71.55470
2010-10-15,70.37320
2010-10-18,70.26100
2010-10-19,70.04830
2010-10-20,69.98260
2010-10-21,70.91980
2010-10-22,70.51990
2010-10-25,70.72540
2010-10-26,70.56880
2010-10-27,70.21750
2010-10-28,69.77500
2010-10-29,69.49860
2010-11-01,70.19530
2010-11-02,70.21390
2010-11-03,70.95600
2010-11-04,71.79550
2010-11-08,71.57040
2010-11-09,71.51270
2010-11-10,71.63070
2010-11-11,71.18060
2010-11-12,70.21530
2010-11-15,70.24610
2010-11-16,69.42190
2010-11-18,69.43590
2010-11-19,68.69430
2010-11-22,69.16340
2010-11-23,68.69780
2010-11-24,68.40080
2010-11-25,67.66310
2010-11-26,66.63930
2010-11-29,67.40340
2010-11-30,68.07690
2010-12-01,69.00790
2010-12-02,69.50750
2010-12-03,69.04540
2010-12-06,69.09980
2010-12-07,69.15810
2010-12-08,68.39720
2010-12-09,66.35760
2010-12-10,67.17540
2010-12-13,67.90600
2010-12-14,68.59690
2010-12-15,68.36630
2010-12-16,68.32720
2010-12-20,68.39940
2010-12-21,68.92670
2010-12-22,68.97240
2010-12-23,68.87650
2010-12-24,69.02590
2010-12-27,68.94590
2010-12-28,68.67340
2010-12-29,69.11840
2010-12-30,69.60650
2010-12-31,69.86250
2011-01-03,70.38690
2011-01-04,70.41670
2011-01-05,69.76020
2011-01-06,69.35830
2011-01-07,67.88110
2011-01-10,66.55060
2011-01-11,66.17690
2011-01-12,66.89910
2011-01-13,66.40210
2011-01-14,65.81520
2011-01-17,65.47510
2011-01-18,65.10420
2011-01-19,65.15330
2011-01-20,65.07870
2011-01-21,65.10060
2011-01-24,65.22010
2011-01-25,65.08230
2011-01-27,63.96460
2011-01-28,62.54330
2011-01-31,62.71100
2011-02-01,61.79490
2011-02-02,61.91440
2011-02-03,62.55960
2011-02-04,61.93470
2011-02-07,61.46990
2011-02-08,60.52490
2011-02-09,59.46580
2011-02-10,59.33770
2011-02-11,60.19610
2011-02-14,61.92720
2011-02-15,61.81320
2011-02-16,62.01940
2011-02-17,62.50110
2011-02-18,61.62840
2011-02-21,62.08710
2011-02-22,61.84680
2011-02-23,61.48360
2011-02-24,60.42710
2011-02-25,59.75150
2011-02-28,60.10860
2011-03-01,61.88320
2011-03-03,61.95200
2011-03-04,62.21160
2011-03-07,61.86100
2011-03-08,62.11660
2011-03-09,61.99430
2011-03-10,61.99460
2011-03-11,61.48920
2011-03-14,61.92830
2011-03-15,61.11300
2011-03-16,61.70020
2011-03-17,61.51470
2011-03-18,60.80120
2011-03-21,60.64120
2011-03-22,61.06660
2011-03-23,61.40050
2011-03-24,61.86720
2011-03-25,62.58210
2011-03-28,62.85350
2011-03-29,63.70780
2011-03-30,64.38910
2011-03-31,64.99900
2011-04-01,65.18110
2011-04-04,66.32310
2011-04-05,66.21720
2011-04-06,66.09160
2011-04-07,66.51590
2011-04-08,66.16650
2011-04-11,65.92000
2011-04-13,66.38250
2011-04-15,65.68710
2011-04-18,65.15400
2011-04-19,65.31510
2011-04-20,66.64730
2011-04-21,67.07460
2011-04-25,67.30950
2011-04-26,67.21860
2011-04-27,66.97180
2011-04-28,67.23760
2011-04-29,66.61790
2011-05-02,66.23330
2011-05-03,65.19570
2011-05-04,65.44430
2011-05-05,64.80380
2011-05-06,65.04340
2011-05-09,65.56200
2011-05-10,65.41030
2011-05-11,65.71000
2011-05-12,65.23870
2011-05-13,65.74600
2011-05-16,65.18140
2011-05-17,64.61110
2011-05-18,64.47840
2011-05-19,64.13800
2011-05-20,64.59330
2011-05-23,64.01640
2011-05-24,63.98690
2011-05-25,63.71730
2011-05-26,64.21570
2011-05-27,64.90090
2011-05-30,65.21990
2011-05-31,66.04610
2011-06-01,66.30680
2011-06-02,65.89580
2011-06-03,65.87040
2011-06-06,65.69850
2011-06-07,65.93700
2011-06-08,65.94130
2011-06-09,65.65570
2011-06-10,65.30280
2011-06-13,65.32520
2011-06-14,65.36400
2011-06-15,65.05690
2011-06-16,64.74910
2011-06-17,64.19180
2011-06-20,63.04810
2011-06-21,63.21730
2011-06-22,62.78480
2011-06-23,63.01000
2011-06-24,64.36930
2011-06-27,65.12530
2011-06-28,65.18910
2011-06-29,65.68360
2011-06-30,65.77500
2011-07-01,66.09430
2011-07-04,66.42340
2011-07-05,66.45850
2011-07-06,66.63610
2011-07-07,67.42680
2011-07-08,67.01500
2011-07-11,66.89530
2011-07-12,66.15570
2011-07-13,66.93690
2011-07-14,66.97410
2011-07-15,67.14140
2011-07-18,67.10960
2011-07-19,67.42950
2011-07-20,66.70640
2011-07-21,66.16490
2011-07-22,66.88780
2011-07-25,67.16900
2011-07-26,66.65010
2011-07-27,66.49210
2011-07-28,66.12780
2011-07-29,65.92990
2011-08-01,66.01390
2011-08-02,65.46730
2011-08-03,65.24600
2011-08-04,64.60900
2011-08-05,63.56140
2011-08-08,62.55250
2011-08-09,62.28050
2011-08-10,63.20160
2011-08-11,63.38140
2011-08-12,63.65890
2011-08-16,63.00450
2011-08-17,62.84530
2011-08-18,61.81240
2011-08-19,61.37010
2011-08-22,61.73360
2011-08-23,62.46330
2011-08-24,62.24870
2011-08-25,61.88860
2011-08-26,60.76480
2011-08-29,61.91900
2011-08-30,62.38560
2011-09-02,62.77330
2011-09-05,62.35620
2011-09-06,62.58780
2011-09-07,62.71660
2011-09-08,62.85110
2011-09-09,62.29930
2011-09-12,61.26040
2011-09-13,61.68990
2011-09-14,62.17760
2011-09-15,62.59580
2011-09-16,62.53960
2011-09-19,62.39320
2011-09-20,63.05640
2011-09-21,63.12820
2011-09-22,61.79100
2011-09-23,61.33810
2011-09-26,60.60710
2011-09-27,61.50720
2011-09-28,61.33990
2011-09-29,61.52470
2011-09-30,61.23320
2011-10-03,60.64230
2011-10-04,60.20530
2011-10-05,60.09100
2011-10-07,60.54540
2011-10-10,61.08970
2011-10-11,60.83180
2011-10-12,61.61460
2011-10-13,61.46240
2011-10-14,61.63360
2011-10-17,61.91410
2011-10-18,61.55770
2011-10-19,62.02410
2011-10-20,61.38750
2011-10-21,61.07590
2011-10-24,61.45270
2011-10-25,61.61910
2011-10-28,62.76300
2011-10-31,62.77250
2011-11-01,62.86560
2011-11-02,63.13180
2011-11-03,63.44350
2011-11-04,63.73920
2011-11-08,63.64210
2011-11-09,63.02760
2011-11-11,62.53510
2011-11-14,62.39170
2011-11-15,61.58000
2011-11-16,61.08800
2011-11-17,60.55980
2011-11-18,60.36650
2011-11-21,59.41580
2011-11-22,59.57510
2011-11-23,58.66920
2011-11-24,59.39030
2011-11-25,59.27120
2011-11-28,60.12820
2011-11-29,59.80860
2011-11-30,60.15740
2011-12-01,60.50500
2011-12-02,61.03550
2011-12-05,60.96440
2011-12-07,60.91810
2011-12-08,60.03660
2011-12-09,59.48250
2011-12-12,58.84190
2011-12-13,58.88830
2011-12-14,58.56450
2011-12-15,58.53720
2011-12-16,57.96750
2011-12-19,57.57740
2011-12-20,57.03940
2011-12-21,57.85180
2011-12-22,58.35190
2011-12-23,57.92610
2011-12-26,58.41580
2011-12-27,58.20750
2011-12-28,58.11610
2011-12-29,58.15310
2011-12-30,58.23740
2012-01-02,58.16880
2012-01-03,59.27090
2012-01-04,59.31070
2012-01-05,59.52440
2012-01-06,59.35570
2012-01-09,59.43430
2012-01-10,60.10510
2012-01-11,60.28530
2012-01-12,59.91340
2012-01-13,59.92780
2012-01-16,59.84590
2012-01-17,60.59910
2012-01-18,60.47720
2012-01-19,60.68670
2012-01-20,60.98140
2012-01-23,60.78550
2012-01-24,61.18020
2012-01-25,61.53230
2012-01-27,62.44570
2012-01-30,61.83130
2012-01-31,62.25810
2012-02-01,62.42030
2012-02-02,62.71450
2012-02-03,63.08230
2012-02-06,63.58360
2012-02-07,63.34110
2012-02-08,63.80070
2012-02-09,64.17670
2012-02-10,64.01070
2012-02-13,64.35880
2012-02-14,64.71690
2012-02-15,65.32010
2012-02-16,65.69610
2012-02-17,65.97280
2012-02-21,66.27370
2012-02-22,65.26460
2012-02-23,65.12360
2012-02-24,64.87900
2012-02-27,64.31700
2012-02-28,65.16600
2012-02-29,65.69130
2012-03-01,65.48400
2012-03-02,64.99800
2012-03-05,64.65870
2012-03-06,64.48430
2012-03-07,64.44090
2012-03-09,65.25790
2012-03-12,65.34040
2012-03-13,65.79370
2012-03-14,65.89280
2012-03-15,65.72310
2012-03-16,64.80030
2012-03-19,64.71300
2012-03-20,64.92030
2012-03-21,65.58420
2012-03-22,64.59990
2012-03-23,65.04440
2012-03-26,64.49940
2012-03-27,65.00660
2012-03-28,64.56370
2012-03-29,64.48750
2012-03-30,65.65390
2012-04-02,66.44360
2012-04-03,67.05290
2012-04-04,66.92520
2012-04-09,65.90130
2012-04-10,64.73480
2012-04-11,64.36420
2012-04-12,64.24070
2012-04-13,63.29590
2012-04-16,63.25970
2012-04-17,63.67770
2012-04-18,63.88600
2012-04-19,63.94410
2012-04-20,63.50270
2012-04-23,62.52990
2012-04-24,62.40710
2012-04-25,62.32430
2012-04-26,62.06810
2012-04-27,62.16300
2012-04-30,62.96200
2012-05-02,62.88680
2012-05-03,62.72520
2012-05-04,62.06330
2012-05-07,61.74300
2012-05-08,61.12770
2012-05-09,60.91480
2012-05-10,61.02280
2012-05-11,60.62220
2012-05-14,60.47380
2012-05-15,60.70050
2012-05-16,60.31510
2012-05-17,60.29730
2012-05-18,60.20280
2012-05-21,60.18930
2012-05-22,60.13250
2012-05-23,60.01370
2012-05-24,60.30110
2012-05-25,60.59400
2012-05-28,61.23840
2012-05-29,61.16250
2012-05-30,60.80570
2012-05-31,60.87220
2012-06-01,59.84800
2012-06-04,59.67730
2012-06-05,59.92470
2012-06-06,60.79260
2012-06-07,61.18780
2012-06-08,61.24670
2012-06-11,61.09320
2012-06-12,61.31120
2012-06-13,61.50580
2012-06-14,61.28650
2012-06-15,61.95090
2012-06-18,61.62760
2012-06-19,61.84870
2012-06-20,62.24000
2012-06-21,62.18020
2012-06-22,62.34930
2012-06-25,62.17680
2012-06-26,62.20830
2012-06-27,62.44560
2012-06-28,62.53840
2012-06-29,63.30810
2012-07-02,63.76920
2012-07-03,63.79030
2012-07-04,63.82880
2012-07-05,63.97310
2012-07-06,63.52510
2012-07-09,63.28480
2012-07-10,63.81090
2012-07-11,63.55160
2012-07-12,63.23780
2012-07-13,63.14330
2012-07-16,63.14240
2012-07-17,63.05410
2012-07-18,62.98750
2012-07-19,63.23600
2012-07-20,63.27840
2012-07-23,62.65160
2012-07-24,63.10630
2012-07-25,63.13680
2012-07-26,62.54590
2012-07-27,62.72270
2012-07-30,63.51060
2012-07-31,63.93300
2012-08-01,64.35380
2012-08-02,64.29720
2012-08-03,64.31880
2012-08-06,64.69040
2012-08-07,64.90620
2012-08-08,65.00070
2012-08-09,65.03920
2012-08-10,65.44910
2012-08-13,65.86190
2012-08-14,66.65210
2012-08-16,66.81500
2012-08-17,67.20460
2012-08-21,67.59610
2012-08-22,67.13400
2012-08-23,67.59640
2012-08-24,67.77400
2012-08-27,67.78370
2012-08-28,67.32290
2012-08-29,67.15990
2012-08-30,67.34280
2012-08-31,67.26780
2012-09-03,67.09490
2012-09-04,67.43170
2012-09-05,67.27390
2012-09-06,67.72520
2012-09-07,68.44610
2012-09-10,68.70690
2012-09-11,68.78330
2012-09-12,69.09370
2012-09-13,68.90940
2012-09-14,69.20000
2012-09-17,68.79260
2012-09-18,68.60590
2012-09-20,68.34550
2012-09-21,69.52600
2012-09-24,69.27220
2012-09-25,69.50500
2012-09-26,69.84210
2012-09-27,69.82510
2012-09-28,70.75250
2012-10-01,71.28690
2012-10-03,71.69340
2012-10-04,71.47600
2012-10-05,70.90770
2012-10-08,70.51140
2012-10-09,71.01560
2012-10-10,70.63610
2012-10-11,70.88650
2012-10-12,70.73770
2012-10-15,71.00610
2012-10-16,70.83810
2012-10-17,71.20460
2012-10-18,72.02990
2012-10-19,71.58000
2012-10-22,71.38140
2012-10-23,71.01370
2012-10-25,71.00970
2012-10-26,70.77760
2012-10-29,70.57000
2012-10-30,70.34190
2012-10-31,70.94880
2012-11-01,71.19080
2012-11-02,71.31740
2012-11-05,71.34120
2012-11-06,72.22420
2012-11-07,72.45660
2012-11-08,72.54110
2012-11-09,72.21320
2012-11-12,72.08720
2012-11-15,71.59130
2012-11-16,71.20510
2012-11-19,70.97900
2012-11-20,70.49040
2012-11-21,70.86200
2012-11-22,71.35150
2012-11-23,71.37230
2012-11-26,71.67860
2012-11-27,72.32840
2012-11-29,72.85900
2012-11-30,72.99640
2012-12-03,73.19820
2012-12-04,73.04330
2012-12-05,72.94100
2012-12-06,72.97900
2012-12-07,73.10160
2012-12-10,73.03660
2012-12-11,72.61000
2012-12-12,72.43790
2012-12-13,72.08590
2012-12-14,72.33580
2012-12-17,72.32330
2012-12-18,72.28530
2012-12-19,72.89480
2012-12-20,72.95700
2012-12-21,72.11430
2012-12-24,72.14860
2012-12-26,72.51650
2012-12-27,72.41150
2012-12-28,72.84040
2012-12-31,73.19410
2013-01-01,73.46630
2013-01-02,73.94460
2013-01-03,74.08900
2013-01-04,74.08410
2013-01-07,74.30280
2013-01-08,74.32120
2013-01-09,74.30380
2013-01-10,74.37240
2013-01-11,74.48590
2013-01-14,74.99190
2013-01-15,75.37100
2013-01-16,74.84370
2013-01-17,75.17710
2013-01-18,75.21860
2013-01-21,75.36730
2013-01-22,74.90130
2013-01-23,74.18220
2013-01-24,73.94980
2013-01-25,74.61820
2013-01-28,74.56820
2013-01-29,74.53180
2013-01-30,74.49510
2013-01-31,74.57810
2013-02-01,74.50630
2013-02-04,73.99720
2013-02-05,73.93690
2013-02-06,73.96570
2013-02-07,73.72100
2013-02-08,73.33550
2013-02-11,73.20950
2013-02-12,73.51150
2013-02-13,73.96850
2013-02-14,73.46200
2013-02-15,73.03910
2013-02-18,73.03780
2013-02-19,73.77270
2013-02-20,73.83080
2013-02-21,73.20350
2013-02-22,73.09060
2013-02-25,72.82830
2013-02-26,72.06800
2013-02-27,72.21840
2013-02-28,71.87110
2013-03-01,72.26950
2013-03-04,72.16650
2013-03-05,72.76310
2013-03-06,72.92440
2013-03-07,73.23280
2013-03-08,73.59260
2013-03-11,73.33430
2013-03-12,72.93930
2013-03-13,72.50600
2013-03-14,72.73600
2013-03-15,72.32490
2013-03-18,72.43580
2013-03-19,72.02260
2013-03-20,71.84420
2013-03-21,71.28740
2013-03-22,71.12630
2013-03-25,71.02240
2013-03-26,70.91640
2013-03-28,71.54290
2013-04-01,72.34670
2013-04-02,73.14420
2013-04-03,72.35290
2013-04-04,71.26120
2013-04-05,71.37880
2013-04-08,71.30270
2013-04-09,70.56700
2013-04-10,71.11230
2013-04-11,71.52700
2013-04-12,70.31060
2013-04-15,70.26350
2013-04-16,70.77980
2013-04-17,70.58140
2013-04-18,70.92600
2013-04-22,71.02940
2013-04-23,71.22090
2013-04-25,71.47980
2013-04-26,71.02880
2013-04-29,71.57300
2013-04-30,72.28910
2013-05-02,72.94690
2013-05-03,73.05390
2013-05-06,73.57880
2013-05-07,73.93580
2013-05-08,74.39140
2013-05-09,74.28510
2013-05-10,74.47620
2013-05-13,74.05730
2013-05-14,73.87520
2013-05-15,74.61560
2013-05-16,74.90300
2013-05-17,74.94830
2013-05-20,74.52230
2013-05-21,74.00360
2013-05-22,73.89920
2013-05-23,73.16580
2013-05-24,73.55850
2013-05-27,74.28430
2013-05-28,74.70080
2013-05-29,74.87480
2013-05-30,74.61850
2013-05-31,73.90150
2013-06-03,73.74800
2013-06-04,73.68770
2013-06-05,73.79000
2013-06-06,73.49840
2013-06-07,73.40150
2013-06-10,73.16550
2013-06-11,72.80550
2013-06-12,72.72380
2013-06-13,72.02850
2013-06-14,72.86930
2013-06-17,73.28060
2013-06-18,73.37710
2013-06-19,73.61180
2013-06-20,72.44290
2013-06-21,72.85000
2013-06-24,72.07810
2013-06-25,71.86510
2013-06-26,71.90440
2013-06-27,72.92130
2013-06-28,73.94830
2013-07-01,74.26540
2013-07-02,74.21210
2013-07-03,73.64480
2013-07-04,74.48310
2013-07-05,74.57690
2013-07-08,74.18800
2013-07-09,74.36000
2013-07-10,74.35760
2013-07-11,75.06230
2013-07-12,75.70710
2013-07-15,76.00050
2013-07-16,75.81960
2013-07-17,76.33030
2013-07-18,77.02440
2013-07-19,77.26460
2013-07-22,76.98900
2013-07-23,77.19730
2013-07-24,76.78150
2013-07-25,76.03350
2013-07-26,75.79560
2013-07-29,75.42780
2013-07-30,74.36960
2013-07-31,74.79950
2013-08-01,74.02450
2013-08-02,74.26020
2013-08-05,74.34100
2013-08-06,73.38130
2013-08-07,73.00720
2013-08-08,73.78160
2013-08-12,74.52750
2013-08-13,75.07690
2013-08-14,75.88550
2013-08-16,74.07080
2013-08-19,72.98310
2013-08-20,72.38370
2013-08-21,71.29450
2013-08-22,72.11450
2013-08-23,72.57890
2013-08-26,72.81370
2013-08-27,71.87660
2013-08-28,72.10420
2013-08-29,73.45330
2013-08-30,74.04170
2013-09-02,74.78560
2013-09-03,73.76350
2013-09-04,75.15460
2013-09-05,75.12620
2013-09-06,75.62400
2013-09-10,77.02950
2013-09-11,77.45640
2013-09-12,76.89250
2013-09-13,76.72670
2013-09-16,76.29670
2013-09-17,76.46010
2013-09-18,76.75470
2013-09-19,77.70900
2013-09-20,77.69120
2013-09-23,77.19560
2013-09-24,77.25190
2013-09-25,77.01050
2013-09-26,76.84170
2013-09-27,76.70490
2013-09-30,76.34000
2013-10-01,76.65890
2013-10-03,77.89230
2013-10-04,78.18120
2013-10-07,78.59200
2013-10-08,78.53080
2013-10-09,79.59000
2013-10-10,79.98760
2013-10-11,80.35560
2013-10-14,80.63600
2013-10-15,80.46750
2013-10-17,79.80370
2013-10-18,80.69820
2013-10-21,80.76990
2013-10-22,80.98410
2013-10-23,80.44660
2013-10-24,79.95470
2013-10-25,80.13680
2013-10-28,79.83160
2013-10-29,80.56120
2013-10-30,80.55480
2013-10-31,80.80360
2013-11-01,80.71070
2013-11-05,80.34060
2013-11-06,80.78440
2013-11-07,80.68130
2013-11-08,80.44190
2013-11-11,80.30960
2013-11-12,80.03090
2013-11-13,79.87100
2013-11-14,80.31500
2013-11-18,80.92500
2013-11-19,81.12190
2013-11-20,80.59120
2013-11-21,79.77780
2013-11-22,79.96600
2013-11-25,80.59320
2013-11-26,80.23250
2013-11-27,80.10440
2013-11-28,80.35020
2013-11-29,81.16640
2013-12-02,81.76290
2013-12-03,81.85120
2013-12-04,81.59150
2013-12-05,81.49800
2013-12-06,81.95680
2013-12-09,82.32480
2013-12-10,82.95690
2013-12-11,82.83310
2013-12-12,82.37970
2013-12-13,81.69850
2013-12-16,81.96660
2013-12-17,82.27750
2013-12-18,83.10870
2013-12-19,83.26580
2013-12-20,84.44480
2013-12-23,84.56320
2013-12-24,84.67300
2013-12-26,84.66300
2013-12-27,85.13960
2013-12-30,84.97490
2013-12-31,85.16600
2014-01-01,85.08230
2014-01-02,84.42810
2014-01-03,84.98380
2014-01-06,85.05050
2014-01-07,84.46260
2014-01-08,84.75470
2014-01-09,84.79500
2014-01-10,85.29930
2014-01-13,85.96360
2014-01-14,85.85600
2014-01-15,85.92950
2014-01-16,86.15660
2014-01-17,85.25950
2014-01-20,86.16350
2014-01-21,85.94050
2014-01-22,86.17050
2014-01-23,86.01750
2014-01-24,85.55970
2014-01-27,84.64840
2014-01-28,84.41360
2014-01-29,84.65980
2014-01-30,84.13020
2014-01-31,84.89550
2014-02-03,84.33090
2014-02-04,84.01950
2014-02-05,84.20620
2014-02-06,84.04280
2014-02-07,84.31490
2014-02-10,84.28290
2014-02-11,84.40430
2014-02-12,84.74900
2014-02-13,83.70150
2014-02-14,84.13050
2014-02-17,84.18320
2014-02-18,84.36540
2014-02-19,85.25800
2014-02-20,85.29130
2014-02-21,86.15010
2014-02-24,86.52780
2014-02-25,86.92760
2014-02-26,87.04800
2014-02-28,87.48670
2014-03-03,86.82740
2014-03-04,87.30900
2014-03-05,87.56160
2014-03-06,88.46460
2014-03-07,87.91870
2014-03-10,87.66270
2014-03-11,87.98410
2014-03-12,88.07590
2014-03-13,87.49880
2014-03-14,87.33970
2014-03-18,87.79590
2014-03-19,87.52970
2014-03-20,87.61770
2014-03-21,87.65680
2014-03-24,88.27120
2014-03-25,87.98920
2014-03-26,87.86520
2014-03-27,88.19840
2014-03-28,88.68000
2014-03-31,89.17630
2014-04-01,89.84110
2014-04-02,90.35820
2014-04-03,90.61410
2014-04-04,90.27820
2014-04-07,89.98580
2014-04-09,90.23120
2014-04-10,90.24070
2014-04-11,90.61230
2014-04-15,91.00450
2014-04-16,90.38970
2014-04-17,91.20920
2014-04-21,91.22920
2014-04-22,91.40240
2014-04-23,91.23060
2014-04-25,90.62110
2014-04-28,90.57020
2014-04-29,90.18930
2014-04-30,90.06790
2014-05-02,90.22000
2014-05-05,89.97780
2014-05-06,89.94600
2014-05-07,89.25990
2014-05-08,89.40750
2014-05-09,90.31660
2014-05-12,90.97570
2014-05-13,92.30140
2014-05-14,92.48100
2014-05-15,91.73470
2014-05-16,91.73520
2014-05-19,91.81760
2014-05-20,92.25700
2014-05-21,92.62900
2014-05-22,93.42010
2014-05-23,94.83140
2014-05-26,94.23010
2014-05-27,93.99090
2014-05-28,94.76150
2014-05-29,94.11580
2014-05-30,94.53360
2014-06-02,95.19080
2014-06-03,96.05770
2014-06-04,96.22970
2014-06-05,96.59070
2014-06-06,98.74710
2014-06-09,100.01730
2014-06-10,100.63520
2014-06-11,100.85420
2014-06-12,101.49680
2014-06-13,100.47630
2014-06-16,100.77730
2014-06-17,102.02170
2014-06-18,101.70640
2014-06-19,101.45130
2014-06-20,100.99030
2014-06-23,101.23730
2014-06-24,102.23560
2014-06-25,102.31570
2014-06-26,101.55890
2014-06-27,102.46210
2014-06-30,103.51990
2014-07-01,103.80460
2014-07-02,105.02730
2014-07-03,105.10490
2014-07-04,105.30000
2014-07-07,105.88780
2014-07-08,103.73990
2014-07-09,102.77210
2014-07-10,102.53710
2014-07-11,102.07550
2014-07-14,101.34300
2014-07-15,101.80950
2014-07-16,102.59950
2014-07-17,103.10450
2014-07-18,103.15500
2014-07-21,103.33310
2014-07-22,103.64850
2014-07-23,104.23850
2014-07-24,104.32420
2014-07-25,104.20630
2014-07-28,103.80560
2014-07-30,104.39000
2014-07-31,104.42630
2014-08-01,103.35590
2014-08-04,103.86610
2014-08-05,104.77490
2014-08-06,104.56280
2014-08-07,104.11340
2014-08-08,103.22180
2014-08-11,103.45460
2014-08-12,104.22970
2014-08-13,104.20090
2014-08-14,104.83010
2014-08-18,106.39450
2014-08-19,107.12310
2014-08-20,107.34020
2014-08-21,107.59570
2014-08-22,107.92870
2014-08-25,108.18860
2014-08-26,108.39300
2014-08-27,108.97490
2014-08-28,109.20900
2014-09-01,109.97340
2014-09-02,110.81060
2014-09-03,111.62650
2014-09-04,111.72740
2014-09-05,112.01730
2014-09-08,113.03330
2014-09-09,112.98280
2014-09-10,112.55410
2014-09-11,112.86220
2014-09-12,113.75790
2014-09-15,113.73380
2014-09-16,112.01120
2014-09-17,112.33530
2014-09-18,113.86370
2014-09-19,114.28740
2014-09-22,114.32710
2014-09-23,112.95220
2014-09-24,112.91610
2014-09-25,112.41270
2014-09-26,112.59870
2014-09-29,113.62720
2014-09-30,114.13750
2014-10-01,114.11890
2014-10-07,112.54640
2014-10-08,111.19640
2014-10-09,112.32290
2014-10-10,111.84920
2014-10-13,111.93940
2014-10-14,111.66870
2014-10-16,110.06520
2014-10-17,109.23910
2014-10-20,110.16970
2014-10-21,110.66980
2014-10-22,111.92110
2014-10-27,111.90150
2014-10-28,112.17490
2014-10-29,112.95190
2014-10-30,113.74190
2014-10-31,115.42850
2014-11-03,115.16650
2014-11-05,115.45810
2014-11-07,116.28870
2014-11-10,116.50960
2014-11-11,116.83970
2014-11-12,117.59800
2014-11-13,118.10880
2014-11-14,118.33200
2014-11-17,119.00650
2014-11-18,119.08680
2014-11-19,119.02790
2014-11-20,119.39400
2014-11-21,119.27320
2014-11-24,119.92600
2014-11-25,119.64840
2014-11-26,119.70090
2014-11-27,120.03080
2014-11-28,120.39540
2014-12-01,120.70850
2014-12-02,120.13770
2014-12-03,121.17940
2014-12-04,121.89790
2014-12-05,121.07300
2014-12-08,119.73320
2014-12-09,118.59020
2014-12-10,118.55110
2014-12-11,117.82610
2014-12-12,117.73010
2014-12-15,117.14640
2014-12-16,115.67930
2014-12-17,114.95190
2014-12-18,116.72660
2014-12-19,117.62460
2014-12-22,118.69760
2014-12-23,118.89380
2014-12-24,118.41640
2014-12-26,118.59680
2014-12-29,119.89450
2014-12-30,120.03060
2014-12-31,120.50210
2015-01-01,120.49650
2015-01-02,121.50790
2015-01-05,121.32620
2015-01-06,118.52750
2015-01-07,118.75910
2015-01-08,120.34120
2015-01-09,121.20870
2015-01-12,121.80090
2015-01-13,122.16130
2015-01-14,122.94560
2015-01-15,123.98480
2015-01-16,124.10550
2015-01-19,124.59680
2015-01-20,124.83040
2015-01-21,124.66210
2015-01-22,125.79720
2015-01-23,126.04880
2015-01-27,127.52500
2015-01-28,128.53630
2015-01-29,127.81790
2015-01-30,127.15350
2015-02-02,127.33510
2015-02-03,127.64290
2015-02-04,127.24260
2015-02-05,127.33110
2015-02-06,126.57540
2015-02-09,125.57650
2015-02-10,125.86260
2015-02-11,126.90610
2015-02-12,128.84940
2015-02-13,130.46640
2015-02-16,130.84440
2015-02-18,131.34300
2015-02-19,131.61960
2015-02-20,131.40960
2015-02-23,130.22150
2015-02-24,129.79690
2015-02-25,129.60310
2015-02-26,128.41880
2015-02-27,130.00280
2015-03-02,132.56370
2015-03-03,133.99200
2015-03-04,133.88960
2015-03-05,135.02970
2015-03-09,134.09810
2015-03-10,133.70980
2015-03-11,132.93610
2015-03-12,133.95050
2015-03-13,132.61200
2015-03-16,132.09020
2015-03-17,132.83870
2015-03-18,132.80680
2015-03-19,132.82960
2015-03-20,132.11600
2015-03-23,130.91550
2015-03-24,130.78860
2015-03-25,130.95480
2015-03-26,129.79160
2015-03-27,129.54890
2015-03-30,131.38870
2015-03-31,131.30980
2015-04-01,132.05440
2015-04-06,133.44730
2015-04-07,133.80810
2015-04-08,134.91950
2015-04-09,134.76270
2015-04-10,134.20330
2015-04-13,134.51900
2015-04-15,133.49900
2015-04-16,132.29340
2015-04-17,130.29370
2015-04-20,128.35760
2015-04-21,127.19480
2015-04-22,126.68370
2015-04-23,126.72020
2015-04-24,125.27930
2015-04-27,123.75920
2015-04-28,124.64680
2015-04-29,124.93830
2015-04-30,124.43340
2015-05-04,126.40480
2015-05-05,126.99440
2015-05-06,124.27210
2015-05-07,123.88900
2015-05-08,124.58820
2015-05-11,125.98680
2015-05-12,124.57590
2015-05-13,125.94860
2015-05-14,126.53030
2015-05-15,127.34570
2015-05-18,128.26440
2015-05-19,128.43590
2015-05-20,128.93920
2015-05-21,129.06470
2015-05-22,129.97920
2015-05-25,129.69280
2015-05-26,129.55650
2015-05-27,129.03080
2015-05-28,128.75420
2015-05-29,130.03170
2015-06-01,129.83580
2015-06-02,127.99990
2015-06-03,126.55690
2015-06-04,126.58520
2015-06-05,126.85910
2015-06-08,125.63130
2015-06-09,125.18070
2015-06-10,126.04130
2015-06-11,124.41830
2015-06-12,123.85040
2015-06-15,124.40950
2015-06-16,124.48290
2015-06-17,125.94760
2015-06-18,126.80030
2015-06-19,127.23080
2015-06-22,128.22500
2015-06-23,128.65930
2015-06-24,128.51360
2015-06-25,128.25970
2015-06-26,129.13140
2015-06-29,128.01240
2015-06-30,129.10330
2015-07-01,130.05310
2015-07-02,130.16460
2015-07-03,130.59940
2015-07-06,131.30640
2015-07-07,131.49390
2015-07-08,130.75990
2015-07-09,130.28580
2015-07-10,129.83730
2015-07-13,131.43600
2015-07-14,131.83820
2015-07-15,132.71470
2015-07-16,133.53350
2015-07-17,133.97160
2015-07-20,134.32260
2015-07-21,132.89990
2015-07-22,133.22130
2015-07-23,132.97380
2015-07-24,132.21400
2015-07-27,130.67460
2015-07-28,130.51260
2015-07-29,132.10560
2015-07-30,132.74300
2015-07-31,134.36430
2015-08-03,134.47080
2015-08-04,134.78630
2015-08-05,136.16270
2015-08-06,136.83530
2015-08-07,136.64640
2015-08-10,136.98690
2015-08-11,136.97200
2015-08-12,135.90430
2015-08-13,136.11820
2015-08-14,137.70920
2015-08-17,137.32470
2015-08-18,138.10430
2015-08-19,139.45980
2015-08-20,137.79160
2015-08-21,137.62370
2015-08-24,129.88060
2015-08-25,130.91730
2015-08-26,130.13780
2015-08-27,131.88100
2015-08-28,132.38820
2015-08-31,132.45030
2015-09-01,130.58890
2015-09-02,130.20770
2015-09-03,131.21810
2015-09-04,129.23580
2015-09-07,127.19250
2015-09-08,127.38850
2015-09-09,129.35020
2015-09-10,129.25650
2015-09-11,129.69790
2015-09-14,130.67090
2015-09-15,130.31610
2015-09-16,130.57510
2015-09-18,131.36780
2015-09-21,131.29340
2015-09-22,130.14550
2015-09-23,129.79690
2015-09-24,130.60840
2015-09-28,129.90760
2015-09-29,129.83460
2015-09-30,131.50550
2015-10-01,131.32210
2015-10-05,132.87940
2015-10-06,133.00450
2015-10-07,132.76890
2015-10-08,132.21540
2015-10-09,132.25310
2015-10-12,131.64420
2015-10-13,131.16600
2015-10-14,130.73700
2015-10-15,131.13760
2015-10-16,131.52040
2015-10-19,132.68500
2015-10-20,133.15760
2015-10-21,133.17640
2015-10-23,132.93540
2015-10-26,132.82240
2015-10-27,132.76170
2015-10-28,132.39180
2015-10-29,131.99970
2015-10-30,131.88350
2015-11-02,131.23010
2015-11-03,131.79240
2015-11-04,131.36600
2015-11-05,130.03280
2015-11-06,129.63800
2015-11-09,129.36650
2015-11-10,127.97970
2015-11-13,126.84140
2015-11-16,126.47940
2015-11-17,126.95120
2015-11-18,126.06760
2015-11-19,127.38710
2015-11-20,127.88190
2015-11-23,127.81550
2015-11-24,127.33540
2015-11-26,127.25860
2015-11-27,127.37160
2015-11-30,127.36230
2015-12-01,127.88880
2015-12-02,128.02870
2015-12-03,127.03210
2015-12-04,126.50180
2015-12-07,126.93180
2015-12-08,126.32830
2015-12-09,124.50960
2015-12-10,125.11150
2015-12-11,124.77240
2015-12-14,125.55270
2015-12-15,126.46360
2015-12-16,126.86220
2015-12-17,128.18620
2015-12-18,127.60640
2015-12-21,128.01350
2015-12-22,127.65520
2015-12-23,128.44010
2015-12-24,128.54980
2015-12-28,128.93140
2015-12-29,129.00480
2015-12-30,128.45930
2015-12-31,129.13190
2016-01-01,129.32180
2016-01-04,128.09300
2016-01-05,127.93730
2016-01-06,127.41610
2016-01-07,124.85980
2016-01-08,125.06590
2016-01-11,124.18360
2016-01-12,123.44620
2016-01-13,123.36110
2016-01-14,123.17360
2016-01-15,121.32320
2016-01-18,119.60880
2016-01-19,120.17830
2016-01-20,118.71070
2016-01-21,118.30560
2016-01-22,119.72230
2016-01-25,120.43260
2016-01-27,120.35350
2016-01-28,120.40980
2016-01-29,122.45990
2016-02-01,122.96520
2016-02-02,121.78390
2016-02-03,120.56010
2016-02-04,121.12280
2016-02-05,122.40350
2016-02-08,121.55000
2016-02-09,120.36750
2016-02-10,119.74060
2016-02-11,117.11320
2016-02-12,116.59470
2016-02-15,118.78450
2016-02-16,117.25880
2016-02-17,117.60800
2016-02-18,119.11200
2016-02-19,119.35610
2016-02-22,120.05330
2016-02-23,118.62930
2016-02-24,117.49640
2016-02-25,116.79910
2016-02-26,116.60110
2016-02-29,115.42880
2016-03-01,118.01600
2016-03-02,119.66800
2016-03-03,120.77080
2016-03-04,120.65110
2016-03-08,120.51580
2016-03-09,120.97690
2016-03-10,120.74950
2016-03-11,121.05690
2016-03-14,121.54610
2016-03-15,120.41310
2016-03-16,120.57750
2016-03-17,121.04770
2016-03-18,122.10630
2016-03-21,123.48000
2016-03-22,123.92310
2016-03-23,124.05840
2016-03-28,122.98970
2016-03-29,122.33670
2016-03-30,123.99930
2016-03-31,124.44790
2016-04-01,124.49900
2016-04-04,125.02590
2016-04-05,123.51660
2016-04-06,124.06990
2016-04-07,123.39680
2016-04-08,123.39030
2016-04-11,124.49260
2016-04-12,125.12800
2016-04-13,126.59890
2016-04-18,127.78250
2016-04-20,127.83370
2016-04-21,126.99050
2016-04-22,126.68950
2016-04-25,126.30630
2016-04-26,126.89760
2016-04-27,127.06480
2016-04-28,125.68240
2016-04-29,125.75920
2016-05-02,125.65950
2016-05-03,124.87360
2016-05-04,124.23120
2016-05-05,124.23910
2016-05-06,124.24440
2016-05-09,125.52380
2016-05-10,126.04690
2016-05-11,126.03530
2016-05-12,126.94090
2016-05-13,126.28260
2016-05-16,126.41030
2016-05-17,126.59840
2016-05-18,126.03510
2016-05-19,125.27970
2016-05-20,124.31200
2016-05-23,123.47620
2016-05-24,123.44650
2016-05-25,124.69460
2016-05-26,125.33870
2016-05-27,126.33630
2016-05-30,126.84050
2016-05-31,126.18920
2016-06-01,126.63340
2016-06-02,126.80870
2016-06-03,126.82880
2016-06-06,126.79290
2016-06-07,127.55640
2016-06-08,127.89110
2016-06-09,126.90770
2016-06-10,126.78750
2016-06-13,126.46060
2016-06-14,126.09490
2016-06-15,126.90680
2016-06-16,126.37480
2016-06-17,126.48200
2016-06-20,127.05220
2016-06-21,127.11100
2016-06-22,127.34470
2016-06-23,127.68560
2016-06-24,126.52470
2016-06-27,126.83880
2016-06-28,127.16600
2016-06-29,128.48780
2016-06-30,129.44440
2016-07-01,130.11520
2016-07-04,130.37040
2016-07-05,130.11190
2016-07-07,130.31160
2016-07-08,130.38210
2016-07-11,131.62250
2016-07-12,131.88780
2016-07-13,131.80460
2016-07-14,132.26300
2016-07-15,131.21110
2016-07-18,131.19320
2016-07-19,131.24890
2016-07-20,132.23830
2016-07-21,132.47080
2016-07-22,132.82140
2016-07-25,133.66010
2016-07-26,132.83410
2016-07-27,132.99400
2016-07-28,134.17510
2016-07-29,134.89210
2016-08-01,135.26570
2016-08-02,134.95090
2016-08-03,134.15220
2016-08-04,134.00530
2016-08-05,135.67030
2016-08-08,136.87130
2016-08-09,136.15860
2016-08-10,134.24940
2016-08-11,134.38960
2016-08-12,134.74040
2016-08-16,135.15470
2016-08-17,135.01970
2016-08-18,135.22000
2016-08-19,135.22260
2016-08-22,134.53110
2016-08-23,134.26000
2016-08-24,135.13820
2016-08-25,134.67150
2016-08-26,134.41420
2016-08-29,134.04990
2016-08-30,136.00450
2016-08-31,136.62240
2016-09-01,136.71780
2016-09-02,136.78490
2016-09-06,138.39640
2016-09-07,138.15150
2016-09-08,138.93090
2016-09-09,137.94740
2016-09-12,136.11950
2016-09-14,136.14280
2016-09-15,136.13450
2016-09-16,137.04930
2016-09-19,136.82720
2016-09-20,136.99490
2016-09-21,136.95950
2016-09-22,138.08040
2016-09-23,137.66600
2016-09-26,136.54220
2016-09-27,136.77450
2016-09-28,137.14330
2016-09-29,134.59840
2016-09-30,135.48220
2016-10-03,137.78360
2016-10-04,138.20640
2016-10-05,138.22850
2016-10-06,137.63970
2016-10-07,137.16870
2016-10-10,137.44450
2016-10-13,136.24260
2016-10-14,136.24790
2016-10-17,134.95490
2016-10-18,136.43330
2016-10-19,136.31120
2016-10-20,136.17930
2016-10-21,136.02400
2016-10-24,136.04070
2016-10-25,135.79410
2016-10-26,135.08970
2016-10-27,133.94880
2016-10-28,134.33470
2016-11-01,134.70810
2016-11-02,132.83980
2016-11-03,132.08710
2016-11-04,131.06790
2016-11-07,131.41320
2016-11-08,131.60290
2016-11-09,129.25130
2016-11-10,129.28940
2016-11-11,125.81430
2016-11-15,121.87430
2016-11-16,121.99740
2016-11-17,121.27680
2016-11-18,121.57030
2016-11-21,120.13030
2016-11-22,121.79280
2016-11-23,122.82190
2016-11-24,122.53810
2016-11-25,124.20440
2016-11-28,124.43030
2016-11-29,125.07000
2016-11-30,126.06160
2016-12-01,125.36510
2016-12-02,124.10340
2016-12-05,124.64970
2016-12-06,124.72860
2016-12-07,124.12780
2016-12-08,125.81390
2016-12-09,125.89470
2016-12-12,124.37000
2016-12-13,124.38800
2016-12-14,123.95060
2016-12-15,123.54610
2016-12-16,123.39040
2016-12-19,122.84240
2016-12-20,122.28960
2016-12-21,121.92000
2016-12-22,120.60570
2016-12-23,120.06230
2016-12-26,118.50310
2016-12-27,119.69170
2016-12-28,120.21590
2016-12-29,120.95340
2016-12-30,121.88070
2017-01-02,122.59610
2017-01-03,123.25750
2017-01-04,122.97280
2017-01-05,124.36520
2017-01-06,124.17630
2017-01-09,124.02010
2017-01-10,124.69160
2017-01-11,125.77600
2017-01-12,125.76040
2017-01-13,125.60030
2017-01-16,125.38070
2017-01-17,125.28750
2017-01-18,125.89610
2017-01-19,126.48820
2017-01-20,125.33080
2017-01-23,125.39550
2017-01-24,126.84260
2017-01-25,127.84450
2017-01-27,128.52470
2017-01-30,128.38820
2017-01-31,127.45980
2017-02-01,129.42790
2017-02-02,129.68020
2017-02-03,130.40130
2017-02-06,131.53840
2017-02-07,130.90570
2017-02-08,131.21840
2017-02-09,131.36450
2017-02-10,130.99640
2017-02-13,130.70820
2017-02-14,130.06320
2017-02-15,128.78070
2017-02-16,130.22360
2017-02-17,131.00780
2017-02-20,131.87860
2017-02-21,132.42900
2017-02-22,132.46620
2017-02-23,131.94370
2017-02-27,131.98480
2017-02-28,131.67390
2017-03-01,131.76080
2017-03-02,131.09660
2017-03-03,131.38780
2017-03-06,131.99110
2017-03-07,131.82570
2017-03-08,131.50610
2017-03-09,131.55010
2017-03-10,131.47160
2017-03-14,133.25480
2017-03-15,134.00670
2017-03-16,135.09470
2017-03-17,135.10890
2017-03-20,134.82640
2017-03-21,134.64960
2017-03-22,133.80720
2017-03-23,134.26210
2017-03-24,134.68890
2017-03-27,134.08830
2017-03-28,134.74000
2017-03-29,135.27220
2017-03-30,136.30030
2017-03-31,137.28070
2017-04-03,138.20620
2017-04-05,139.43010
2017-04-06,139.14250
2017-04-07,138.72320
2017-04-10,139.12860
2017-04-11,139.74870
2017-04-12,139.68850
2017-04-13,139.42460
2017-04-17,139.30180
2017-04-18,138.85410
2017-04-19,139.28220
2017-04-20,139.92720
2017-04-21,139.79330
2017-04-24,141.16680
2017-04-25,141.98580
2017-04-26,142.19370
2017-04-27,142.08080
2017-04-28,141.94010
2017-05-02,141.89180
2017-05-03,142.10050
2017-05-04,142.37650
2017-05-05,141.06010
2017-05-08,141.56150
2017-05-09,142.21570
2017-05-10,144.07660
2017-05-11,144.31870
2017-05-12,142.95600
2017-05-15,143.73000
2017-05-16,144.17290
2017-05-17,143.44590
2017-05-18,141.41270
2017-05-19,140.47730
2017-05-22,139.31960
2017-05-23,137.70460
2017-05-24,136.79110
2017-05-25,137.67510
2017-05-26,139.20270
2017-05-29,138.63060
2017-05-30,139.24540
2017-05-31,139.97510
2017-06-01,140.32520
2017-06-02,140.51460
2017-06-05,141.43550
2017-06-06,140.73400
2017-06-07,141.54070
2017-06-08,141.41920
2017-06-09,141.93740
2017-06-12,141.06030
2017-06-13,141.03310
2017-06-14,141.75110
2017-06-15,141.74940
2017-06-16,141.61420
2017-06-19,142.01200
2017-06-20,141.88310
2017-06-21,141.76160
2017-06-22,141.70340
2017-06-23,140.76810
2017-06-27,139.44330
2017-06-28,139.39340
2017-06-29,139.57370
2017-06-30,140.27650
2017-07-03,141.55900
2017-07-04,141.91300
2017-07-05,142.97960
2017-07-06,143.22090
2017-07-07,143.41630
2017-07-10,144.07470
2017-07-11,143.57080
2017-07-12,144.37200
2017-07-13,145.14150
2017-07-14,145.24080
2017-07-17,145.46970
2017-07-18,145.09980
2017-07-19,146.35640
2017-07-20,145.57970
2017-07-21,146.47250
2017-07-24,146.82050
2017-07-25,146.48100
2017-07-26,147.04240
2017-07-27,146.62400
2017-07-28,146.46400
2017-07-31,146.74240
2017-08-01,147.27780
2017-08-02,147.26950
2017-08-03,147.08160
2017-08-04,147.55860
2017-08-07,148.40420
2017-08-08,147.27330
2017-08-09,145.42080
2017-08-10,143.00220
2017-08-11,142.28490
2017-08-14,144.73340
2017-08-16,146.30630
2017-08-17,145.73850
2017-08-18,145.74910
2017-08-21,144.72230
2017-08-22,144.29800
2017-08-23,144.73910
2017-08-24,144.88010
2017-08-28,145.96080
2017-08-29,144.58440
2017-08-30,146.12740
2017-08-31,147.10570
2017-09-01,148.08760
2017-09-04,147.31460
2017-09-05,148.24660
2017-09-06,148.33140
2017-09-07,148.86330
2017-09-08,148.87520
2017-09-11,150.21600
2017-09-12,151.36470
2017-09-13,151.07650
2017-09-14,151.66460
2017-09-15,151.71840
2017-09-18,152.80010
2017-09-19,152.84940
2017-09-20,152.00360
2017-09-21,151.74020
2017-09-22,148.53810
2017-09-25,147.00640
2017-09-26,147.16340
2017-09-27,144.94740
2017-09-28,145.44110
2017-09-29,146.53060
2017-10-03,147.23150
2017-10-04,148.06100
2017-10-05,148.38740
2017-10-06,149.75740
2017-10-09,149.92520
2017-10-10,150.46760
2017-10-11,150.20800
2017-10-12,151.23570
2017-10-13,151.40140
2017-10-16,151.74410
2017-10-17,152.40620
2017-10-18,151.86690
2017-10-23,152.29870
2017-10-24,152.99830
2017-10-25,153.75020
2017-10-26,154.44400
2017-10-27,154.46770
2017-10-30,155.61600
2017-10-31,155.84620
2017-11-01,156.54750
2017-11-02,155.77570
2017-11-03,155.62800
2017-11-06,156.68840
2017-11-07,155.19230
2017-11-08,154.50730
2017-11-09,155.69670
2017-11-10,156.10300
2017-11-13,155.46630
2017-11-14,155.57400
2017-11-15,154.61160
2017-11-16,155.36280
2017-11-17,155.83460
2017-11-20,156.55320
2017-11-21,157.74160
2017-11-22,158.16560
2017-11-23,158.65240
2017-11-24,159.41450
2017-11-27,159.49580
2017-11-28,160.22110
2017-11-29,160.42140
2017-11-30,159.75520
2017-12-01,158.16770
2017-12-04,157.66290
2017-12-05,157.55140
2017-12-06,156.84720
2017-12-07,159.64150
2017-12-08,160.68970
2017-12-11,161.46780
2017-12-12,160.61500
2017-12-13,159.76740
2017-12-14,159.93910
2017-12-15,161.12040
2017-12-18,161.78800
2017-12-19,164.07390
2017-12-20,164.33640
2017-12-21,164.57660
2017-12-22,164.85620
2017-12-26,165.29080
2017-12-27,165.13530
2017-12-28,165.06940
2017-12-29,166.00750
2018-01-01,165.30840
2018-01-02,164.66790
2018-01-03,166.03640
2018-01-04,167.12310
2018-01-05,168.36720
2018-01-08,169.09060
2018-01-09,168.61990
2018-01-10,168.33290
2018-01-11,168.85200
2018-01-12,169.51020
2018-01-15,169.69120
2018-01-16,167.87640
2018-01-17,168.05960
2018-01-18,166.21120
2018-01-19,166.58130
2018-01-22,167.38520
2018-01-23,167.92970
2018-01-24,167.43280
2018-01-25,166.19890
2018-01-29,166.17460
2018-01-30,165.22020
2018-01-31,164.04520
2018-02-01,164.16860
2018-02-02,159.17250
2018-02-05,158.64440
2018-02-06,155.94550
2018-02-07,156.52330
2018-02-08,159.38430
2018-02-09,158.93870
2018-02-12,160.72420
2018-02-14,160.65930
2018-02-15,159.88910
2018-02-16,158.62370
2018-02-19,157.66550
2018-02-20,157.94770
2018-02-21,158.00630
2018-02-22,156.91650
2018-02-23,158.18990
2018-02-26,159.74110
2018-02-27,159.77760
2018-02-28,159.81300
2018-03-01,159.50570
2018-03-05,157.96580
2018-03-06,157.04780
2018-03-07,156.01440
2018-03-08,157.05800
2018-03-09,156.86320
2018-03-12,158.27700
2018-03-13,158.92440
2018-03-14,158.85530
2018-03-15,158.79180
2018-03-16,156.67900
2018-03-19,154.77530
2018-03-20,154.81970
2018-03-21,154.83300
2018-03-22,153.95400
2018-03-23,153.09530
2018-03-26,154.73380
2018-03-27,156.40610
2018-03-28,156.67680
2018-04-02,159.06450
2018-04-03,160.00210
2018-04-04,158.76600
2018-04-05,160.47130
2018-04-06,160.98100
2018-04-09,161.18720
2018-04-10,161.06260
2018-04-11,161.34870
2018-04-12,161.40540
2018-04-13,161.46200
2018-04-16,162.39650
2018-04-17,163.47100
2018-04-18,162.97580
2018-04-19,163.43290
2018-04-20,163.66010
2018-04-23,164.25270
2018-04-24,164.22930
2018-04-25,163.30300
2018-04-26,163.87180
2018-04-27,164.08500
2018-04-30,165.25140
2018-05-02,163.39720
2018-05-03,161.71130
2018-05-04,161.33970
2018-05-07,162.52120
2018-05-08,162.51090
2018-05-09,162.10570
2018-05-10,161.00930
2018-05-11,161.84500
2018-05-14,160.72860
2018-05-15,159.96330
2018-05-16,159.92110
2018-05-17,159.68390
2018-05-18,158.23910
2018-05-21,155.83560
2018-05-22,156.36380
2018-05-23,156.00500
2018-05-24,155.73120
2018-05-25,157.53150
2018-05-28,159.26160
2018-05-29,158.33430
2018-05-30,158.24580
2018-05-31,158.69850
2018-06-01,157.51650
2018-06-04,155.85840
2018-06-05,155.04450
2018-06-06,156.01550
2018-06-07,157.73230
2018-06-08,158.01600
2018-06-11,158.25310
2018-06-12,159.15570
2018-06-13,158.83780
2018-06-14,158.49540
2018-06-15,158.12480
2018-06-18,157.69750
2018-06-19,156.75770
2018-06-20,156.81260
2018-06-21,155.80620
2018-06-22,156.34650
2018-06-25,155.38290
2018-06-26,155.81160
2018-06-27,154.63670
2018-06-28,152.85260
2018-06-29,155.26520
2018-07-02,154.83150
2018-07-03,155.52570
2018-07-04,156.23940
2018-07-05,156.32460
2018-07-06,156.37580
2018-07-09,157.77740
2018-07-10,159.07840
2018-07-11,158.47430
2018-07-12,158.61040
2018-07-13,158.04110
2018-07-16,156.03510
2018-07-17,156.54430
2018-07-18,155.42770
2018-07-19,154.73190
2018-07-20,155.32840
2018-07-23,157.80780
2018-07-24,159.81720
2018-07-25,159.44010
2018-07-26,159.79300
2018-07-27,160.80720
2018-07-30,161.53470
2018-07-31,163.09710
2018-08-01,162.93740
2018-08-02,161.89620
2018-08-03,162.54400
2018-08-06,162.05530
2018-08-07,162.03210
2018-08-08,162.18710
2018-08-09,161.70550
2018-08-10,160.90700
2018-08-13,159.85330
2018-08-14,161.26260
2018-08-16,161.00950
2018-08-17,162.31530
2018-08-20,162.73650
2018-08-21,163.59530
2018-08-23,164.46300
2018-08-24,163.75950
2018-08-27,165.30740
2018-08-28,165.05340
2018-08-29,164.78910
2018-08-30,164.67320
2018-08-31,165.59740
2018-09-03,164.34840
2018-09-04,160.82140
2018-09-05,159.85790
2018-09-06,160.97090
2018-09-07,161.96490
2018-09-10,160.33130
2018-09-11,158.14960
2018-09-12,159.26690
2018-09-14,161.29860
2018-09-17,159.89200
2018-09-18,158.92120
2018-09-19,158.68090
2018-09-21,156.61180
2018-09-24,154.28040
2018-09-25,154.75150
2018-09-26,154.92440
2018-09-27,153.80940
2018-09-28,152.80650
2018-10-01,152.52000
2018-10-03,150.98030
2018-10-04,147.67380
2018-10-05,144.39200
2018-10-08,144.24920
2018-10-09,142.95980
2018-10-10,146.01060
2018-10-11,144.80750
2018-10-12,147.82540
2018-10-15,147.96030
2018-10-16,150.20580
2018-10-17,148.54110
2018-10-19,147.45800
2018-10-22,146.23620
2018-10-23,144.43640
2018-10-24,145.00450
2018-10-25,144.12610
2018-10-26,143.46650
2018-10-29,145.42410
2018-10-30,146.19260
2018-10-31,149.30310
2018-11-01,149.34270
2018-11-02,150.61910
2018-11-05,150.12640
2018-11-06,149.61050
2018-11-09,151.65070
2018-11-12,151.14760
2018-11-13,152.01620
2018-11-14,152.10690
2018-11-15,152.18530
2018-11-16,152.46520
2018-11-19,152.41670
2018-11-20,151.22380
2018-11-21,151.46520
2018-11-22,150.72660
2018-11-26,151.87080
2018-11-27,152.17630
2018-11-28,151.96040
2018-11-29,152.40460
2018-11-30,153.32190
2018-12-03,153.73460
2018-12-04,153.98510
2018-12-05,153.01190
2018-12-06,150.62520
2018-12-07,151.13230
2018-12-10,149.00850
2018-12-11,150.78720
2018-12-12,153.85630
2018-12-13,154.97830
2018-12-14,155.46830
2018-12-17,155.81280
2018-12-18,155.69600
2018-12-19,157.02700
2018-12-20,156.56920
2018-12-21,154.86360
2018-12-24,153.70560
2018-12-26,153.74530
2018-12-27,154.15200
2018-12-28,155.58090
2018-12-31,156.14840
2019-01-01,156.01550
2019-01-02,154.84050
2019-01-03,153.84370
2019-01-04,153.49240
2019-01-07,154.16520
2019-01-08,153.89480
2019-01-09,153.93310
2019-01-10,154.31640
2019-01-11,153.75680
2019-01-14,153.20460
2019-01-15,154.32810
2019-01-16,153.93570
2019-01-17,153.94980
2019-01-18,153.35450
2019-01-21,152.87170
2019-01-22,153.19970
2019-01-23,152.93300
2019-01-24,152.74690
2019-01-25,151.62750
2019-01-28,150.08130
2019-01-29,150.17430
2019-01-30,150.03600
2019-01-31,150.97640
2019-02-01,152.45840
2019-02-04,152.04630
2019-02-05,151.59400
2019-02-06,152.83940
2019-02-07,153.70930
2019-02-08,151.81490
2019-02-11,150.15740
2019-02-12,149.63310
2019-02-13,149.15350
2019-02-14,148.52200
2019-02-15,147.67940
2019-02-18,146.96220
2019-02-19,146.85170
2019-02-20,148.23440
2019-02-21,149.26670
2019-02-22,149.70350
2019-02-25,150.19170
2019-02-26,150.64950
2019-02-27,150.48540
2019-02-28,151.51280
2019-03-01,152.58860
2019-03-05,154.30120
2019-03-06,154.31190
2019-03-07,154.08730
2019-03-08,154.21410
2019-03-11,156.50080
2019-03-12,157.09560
2019-03-13,156.79240
2019-03-14,156.31360
2019-03-15,156.27940
2019-03-18,155.56670
2019-03-19,156.49020
2019-03-20,155.76510
2019-03-22,155.68680
2019-03-25,155.00670
2019-03-26,156.23540
2019-03-27,156.57190
2019-03-28,157.23070
2019-03-29,158.73970
2019-04-01,158.48990
2019-04-02,158.06200
2019-04-03,156.95830
2019-04-04,156.56270
2019-04-05,156.77230
2019-04-08,156.57520
2019-04-09,156.32430
2019-04-10,156.04020
2019-04-11,156.37170
2019-04-12,157.08220
2019-04-15,157.50350
2019-04-16,158.25850
2019-04-18,157.88040
2019-04-22,156.53110
2019-04-23,156.97920
2019-04-24,157.45520
2019-04-25,157.42180
2019-04-26,157.99210
2019-04-30,157.68500
2019-05-02,156.22650
2019-05-03,155.24650
2019-05-06,153.79930
2019-05-07,153.18000
2019-05-08,152.08240
2019-05-09,152.10740
2019-05-10,151.71050
2019-05-13,150.56600
2019-05-14,150.73790
2019-05-15,150.11060
2019-05-16,151.24010
2019-05-17,152.91070
2019-05-20,156.31330
2019-05-21,155.32740
2019-05-22,155.11730
2019-05-23,154.94670
2019-05-24,156.74530
2019-05-27,158.71860
2019-05-28,158.58600
2019-05-29,158.21130
2019-05-30,158.55440
2019-05-31,159.09520
2019-06-03,160.43660
2019-06-04,159.58590
2019-06-06,158.22170
2019-06-07,158.44160
2019-06-10,159.27120
2019-06-11,159.54230
2019-06-12,158.62930
2019-06-13,158.31280
2019-06-14,157.46150
2019-06-17,155.69710
2019-06-18,155.69930
2019-06-19,155.07340
2019-06-20,156.14810
2019-06-21,155.56530
2019-06-24,155.12000
2019-06-25,155.88460
2019-06-26,156.54720
2019-06-27,156.91590
2019-06-28,156.65610
2019-07-01,156.45600
2019-07-02,157.13980
2019-07-03,156.69690
2019-07-04,157.04930
2019-07-05,154.93070
2019-07-08,152.47580
2019-07-09,151.82580
2019-07-10,150.56650
2019-07-11,151.10920
2019-07-12,151.37210
2019-07-15,151.53490
2019-07-16,152.57010
2019-07-17,152.54810
2019-07-18,150.78600
2019-07-19,149.21170
2019-07-22,149.35080
2019-07-23,149.64420
2019-07-24,148.76140
2019-07-25,149.28090
2019-07-26,149.72180
2019-07-29,148.25230
2019-07-30,146.70300
2019-07-31,147.74950
2019-08-01,146.45580
2019-08-02,146.58970
2019-08-05,145.69850
2019-08-06,147.10550
2019-08-07,147.03410
2019-08-08,148.46160
2019-08-09,148.96090
2019-08-13,146.81920
2019-08-14,148.11980
2019-08-16,148.02350
2019-08-19,148.07270
2019-08-20,148.13180
2019-08-21,147.28310
2019-08-22,146.54610
2019-08-23,147.74160
2019-08-26,149.06950
2019-08-27,149.92960
2019-08-28,150.03700
2019-08-29,149.63610
2019-08-30,150.73510
2019-09-03,149.12700
2019-09-04,149.03380
2019-09-05,149.76660
2019-09-06,150.50230
2019-09-09,150.89820
2019-09-11,151.08500
2019-09-12,150.09830
2019-09-13,151.43400
2019-09-16,151.33420
2019-09-17,149.97120
2019-09-18,150.37870
2019-09-19,148.63130
2019-09-20,155.37490
2019-09-23,158.23510
2019-09-24,158.62670
2019-09-25,157.67570
2019-09-26,158.54040
2019-09-27,157.82810
2019-09-30,157.89910
2019-10-01,156.96080
2019-10-03,156.63070
2019-10-04,155.34410
2019-10-07,154.41280
2019-10-09,155.72930
2019-10-10,155.17740
2019-10-11,156.53310
2019-10-14,156.99250
2019-10-15,157.50110
2019-10-16,158.22190
2019-10-17,159.93980
2019-10-18,161.65710
2019-10-22,159.96620
2019-10-23,160.29320
2019-10-24,160.09790
2019-10-25,160.30550
2019-10-29,162.48110
2019-10-30,163.60100
2019-10-31,164.98210
2019-11-01,164.41940
2019-11-04,164.29110
2019-11-05,163.71160
2019-11-06,163.38880
2019-11-07,163.27260
2019-11-08,161.99960
2019-11-11,161.93550
2019-11-13,161.77120
2019-11-14,162.22850
2019-11-15,161.97610
2019-11-18,161.80580
2019-11-19,161.72940
2019-11-20,162.30510
2019-11-21,161.08790
2019-11-22,159.14240
2019-11-25,160.15730
2019-11-26,159.36240
2019-11-27,160.35360
2019-11-28,161.03580
2019-11-29,160.33250
2019-12-02,159.72800
2019-12-03,159.59180
2019-12-04,160.55930
2019-12-05,160.63430
2019-12-06,159.47650
2019-12-09,159.00240
2019-12-10,157.87940
2019-12-11,158.43920
2019-12-12,158.62610
2019-12-13,159.63610
2019-12-16,159.28990
2019-12-17,160.20070
2019-12-18,160.19780
2019-12-19,160.92240
2019-12-20,161.08610
2019-12-23,161.25170
2019-12-24,160.77340
2019-12-26,160.53870
2019-12-27,161.09440
2019-12-30,161.30600
2019-12-31,160.77160
2020-01-01,161.08280
2020-01-02,161.63200
2020-01-03,161.72550
2020-01-06,159.71740
2020-01-07,160.22300
2020-01-08,160.34330
2020-01-09,162.01420
2020-01-10,163.00430
2020-01-13,164.33670
2020-01-14,165.72040
2020-01-15,166.94740
2020-01-16,167.34280
2020-01-17,167.93710
2020-01-20,167.28000
2020-01-21,167.00210
2020-01-22,166.67620
2020-01-23,167.80930
2020-01-24,168.97640
2020-01-27,168.64930
2020-01-28,168.37060
2020-01-29,168.76200
2020-01-30,167.60060
2020-01-31,166.44590
2020-02-03,166.28230
2020-02-04,168.50400
2020-02-05,169.79940
2020-02-06,169.61840
2020-02-07,170.21080
2020-02-10,169.28400
2020-02-11,169.11100
2020-02-12,170.08200
2020-02-13,170.43680
2020-02-14,169.59140
2020-02-17,168.19770
2020-02-18,168.28830
2020-02-19,170.20610
2020-02-20,169.50210
2020-02-24,167.04350
2020-02-25,166.59330
2020-02-26,164.94790
2020-02-27,164.10380
2020-02-28,158.94180
2020-03-02,158.35720
2020-03-03,161.16140
2020-03-04,160.56800
2020-03-05,161.61490
2020-03-06,159.61330
2020-03-09,154.40910
2020-03-11,153.57820
2020-03-12,143.50130
2020-03-13,145.95760
2020-03-16,137.70390
2020-03-17,136.07900
2020-03-18,130.08850
2020-03-19,125.94990
2020-03-20,133.64490
2020-03-23,120.02370
2020-03-24,122.88740
2020-03-25,126.95110
2020-03-26,131.25980
2020-03-27,131.16360
2020-03-30,129.59910
2020-03-31,134.75140
2020-04-01,130.39870
2020-04-03,128.47730
2020-04-07,137.30360
2020-04-08,138.47460
2020-04-09,141.68910
2020-04-13,140.48180
2020-04-15,142.33410
2020-04-16,143.06560
2020-04-17,143.57400
2020-04-20,143.68000
2020-04-21,141.07180
2020-04-22,142.63700
2020-04-23,144.28790
2020-04-24,143.07250
2020-04-27,145.60410
2020-04-28,145.10900
2020-04-29,145.85740
2020-04-30,149.28780
2020-05-04,143.99780
2020-05-05,143.18160
2020-05-06,142.85870
2020-05-07,141.81740
2020-05-08,142.58870
2020-05-11,143.44870
2020-05-12,142.75290
2020-05-13,143.30230
2020-05-14,141.54790
2020-05-15,141.00780
2020-05-18,138.76860
2020-05-19,139.31220
2020-05-20,140.81400
2020-05-21,141.87880
2020-05-22,142.70640
2020-05-26,142.59150
2020-05-27,143.43340
2020-05-28,144.74180
2020-05-29,145.59110
2020-06-01,147.76400
2020-06-02,148.95160
2020-06-03,149.62340
2020-06-04,150.59170
2020-06-05,150.88710
2020-06-08,151.92470
2020-06-09,151.23090
2020-06-10,151.66440
2020-06-11,149.89660
2020-06-12,149.64840
2020-06-15,148.94110
2020-06-16,149.74830
2020-06-17,149.48690
2020-06-18,149.69580
2020-06-19,150.85110
2020-06-22,151.35560
2020-06-23,153.13920
2020-06-24,152.40080
2020-06-25,152.14730
2020-06-26,154.63200
2020-06-29,153.26240
2020-06-30,153.44000
2020-07-01,152.99440
2020-07-02,154.79920
2020-07-03,156.23710
2020-07-06,157.48300
2020-07-07,157.39970
2020-07-08,156.24250
2020-07-09,156.25280
2020-07-10,156.22210
2020-07-13,157.02450
2020-07-14,156.22460
2020-07-15,157.59400
2020-07-16,160.11590
2020-07-17,161.40070
2020-07-20,162.77910
2020-07-21,162.89900
2020-07-22,161.50160
2020-07-23,161.78140
2020-07-24,161.55840
2020-07-27,162.30950
2020-07-28,164.32480
2020-07-29,164.07140
2020-07-30,163.66970
2020-07-31,164.95260
2020-08-03,164.81430
2020-08-04,164.97960
2020-08-05,165.37130
2020-08-06,167.75060
2020-08-07,167.69510
2020-08-10,168.52330
2020-08-11,167.72000
2020-08-12,168.17950
2020-08-13,168.98750
2020-08-14,168.71320
2020-08-17,169.56810
2020-08-18,171.06600
2020-08-19,170.29240
2020-08-20,170.80410
2020-08-21,171.40770
2020-08-24,171.31150
2020-08-25,171.29520
2020-08-26,171.95600
2020-08-27,171.82880
2020-08-28,171.21860
2020-08-31,167.29700
2020-09-01,168.14010
2020-09-02,169.73810
2020-09-03,171.23360
2020-09-04,169.25890
2020-09-07,169.83330
2020-09-08,169.48870
2020-09-09,168.69980
2020-09-10,170.58770
2020-09-11,170.79340
2020-09-14,174.98350
2020-09-15,175.83120
2020-09-16,176.13300
2020-09-17,176.04090
2020-09-18,175.97430
2020-09-21,172.66000
2020-09-22,171.44910
2020-09-23,171.00700
2020-09-24,166.62850
2020-09-25,170.13620
2020-09-28,171.80460
2020-09-29,171.71940
2020-09-30,172.21040
2020-10-01,173.45350
2020-10-05,175.64950
2020-10-06,176.34920
2020-10-07,176.47970
2020-10-08,178.18970
2020-10-09,177.59440
2020-10-12,178.44750
2020-10-13,178.97940
2020-10-14,178.18850
2020-10-15,175.55690
2020-10-16,176.97610
2020-10-19,176.89080
2020-10-20,178.10660
2020-10-21,177.67300
2020-10-22,177.89650
2020-10-23,178.23960
2020-10-26,176.62400
2020-10-27,178.08720
2020-10-28,176.41500
2020-10-29,176.36380
2020-10-30,176.14790
2020-11-02,175.65170
2020-11-03,176.23510
2020-11-04,177.78150
2020-11-05,180.45430
2020-11-06,180.56040
2020-11-09,181.89790
2020-11-10,178.09520
2020-11-11,180.04180
2020-11-12,181.09510
2020-11-13,181.52100
2020-11-17,183.49290
2020-11-18,183.14240
2020-11-19,182.71780
2020-11-20,184.35660
2020-11-23,187.04380
2020-11-24,187.91070
2020-11-25,185.33930
2020-11-26,186.43360
2020-11-27,188.07600
2020-12-01,190.94670
2020-12-02,192.19480
2020-12-03,192.62040
2020-12-04,193.76000
2020-12-07,195.01590
2020-12-08,195.15720
2020-12-09,195.94610
2020-12-10,195.38220
2020-12-11,195.55760
2020-12-14,196.85250
2020-12-15,196.27960
2020-12-16,197.95730
2020-12-17,197.30500
2020-12-18,199.11980
2020-12-21,193.44490
2020-12-22,196.55500
2020-12-23,200.13390
2020-12-24,200.52300
2020-12-28,202.06200
2020-12-29,202.31450
2020-12-30,203.44670
2020-12-31,202.94130
2021-01-01,204.71830
2021-01-04,207.96620
2021-01-05,210.03980
2021-01-06,208.98110
2021-01-07,208.66180
2021-01-08,213.12140
2021-01-11,216.59390
2021-01-12,215.05560
2021-01-13,215.42570
2021-01-14,216.10120
2021-01-15,212.40550
2021-01-18,209.65210
2021-01-19,212.40610
2021-01-20,214.28400
2021-01-21,212.39010
2021-01-22,212.55050
2021-01-25,210.26100
2021-01-27,208.55470
2021-01-28,206.43950
2021-01-29,202.96570
2021-02-01,206.80830
2021-02-02,209.89020
2021-02-03,212.15340
2021-02-04,213.68840
2021-02-05,212.74340
2021-02-08,215.57020
2021-02-09,215.67860
2021-02-10,216.31520
2021-02-11,216.51980
2021-02-12,215.87930
2021-02-15,216.27080
2021-02-16,216.41390
2021-02-17,215.67730
2021-02-18,216.85590
2021-02-19,215.73800
2021-02-22,211.78760
2021-02-23,212.65890
2021-02-24,213.84090
2021-02-25,215.32730
2021-02-26,211.92460
2021-03-01,215.23850
2021-03-02,218.54100
2021-03-03,220.94900
2021-03-04,221.06110
2021-03-05,218.67610
2021-03-08,220.00790
2021-03-09,220.33780
2021-03-10,222.65540
2021-03-12,222.30300
2021-03-15,221.87360
2021-03-16,223.45810
2021-03-17,220.50320
2021-03-18,216.36220
2021-03-19,217.52030
2021-03-22,219.78950
2021-03-23,220.36310
2021-03-24,218.02510
2021-03-25,214.31370
2021-03-26,217.34950
2021-03-30,222.51890
2021-03-31,223.70420
2021-04-01,224.97460
2021-04-05,224.37950
2021-04-06,224.70000
2021-04-07,226.28760
2021-04-08,228.51380
2021-04-09,230.01460
2021-04-12,222.79150
2021-04-13,221.59550
2021-04-15,222.74730
2021-04-16,224.58540
2021-04-19,222.01840
2021-04-20,221.32570
2021-04-22,220.65220
2021-04-23,220.45430
2021-04-26,221.80580
2021-04-27,223.81590
2021-04-28,225.20840
2021-04-29,225.66370
2021-04-30,224.82810
2021-05-03,226.41930
2021-05-04,226.13490
2021-05-05,227.53380
2021-05-06,229.05830
2021-05-07,228.77940
2021-05-10,229.35520
2021-05-11,229.76290
2021-05-12,228.10860
2021-05-14,226.12460
2021-05-17,229.07350
2021-05-18,232.19010
2021-05-19,231.80090
2021-05-20,230.33530
2021-05-21,231.18440
2021-05-24,233.16220
2021-05-25,234.41030
2021-05-26,236.15640
2021-05-27,237.58450
2021-05-28,236.64810
2021-05-31,238.18330
2021-06-01,237.17350
2021-06-02,237.86990
2021-06-03,239.54870
2021-06-04,239.66140
2021-06-07,241.85820
2021-06-08,243.85910
2021-06-09,242.42500
2021-06-10,244.21120
2021-06-11,245.07460
2021-06-14,244.99740
2021-06-15,246.16970
2021-06-16,245.87590
2021-06-17,246.47530
2021-06-18,245.61300
2021-06-21,245.68460
2021-06-22,246.73430
2021-06-23,246.32500
2021-06-24,248.76280
2021-06-25,249.72660
2021-06-28,250.41790
2021-06-29,249.53880
2021-06-30,251.42990
2021-07-01,251.70430
2021-07-02,252.97290
2021-07-05,253.17690
2021-07-06,251.64850
2021-07-07,252.64060
2021-07-08,251.54380
2021-07-09,251.39710
2021-07-12,251.51550
2021-07-13,251.55280
2021-07-14,253.13560
2021-07-15,254.39160
2021-07-16,253.27240
2021-07-19,252.31860
2021-07-20,252.37630
2021-07-22,254.24370
2021-07-23,254.88070
2021-07-26,255.34930
2021-07-27,253.93670
2021-07-28,253.04830
2021-07-29,254.08310
2021-07-30,254.94490
2021-08-02,258.66640
2021-08-03,261.44390
2021-08-04,260.31230
2021-08-05,261.02540
2021-08-06,260.09880
2021-08-09,258.75140
2021-08-10,258.12900
2021-08-11,257.50830
2021-08-12,260.66900
2021-08-13,262.97430
2021-08-16,262.36140
2021-08-17,265.83640
2021-08-18,265.55690
2021-08-20,262.86370
2021-08-23,263.52210
2021-08-24,264.80670
2021-08-25,266.08360
2021-08-26,266.21360
2021-08-27,267.95770
2021-08-30,269.61790
2021-08-31,272.71760
2021-09-01,271.84110
2021-09-02,275.02560
2021-09-03,276.38620
2021-09-06,278.65680
2021-09-07,277.28610
2021-09-08,277.49320
2021-09-09,279.57810
2021-09-13,280.38070
2021-09-14,281.87240
2021-09-15,284.06010
2021-09-16,282.82060
2021-09-17,281.16640
2021-09-20,279.23380
2021-09-21,281.02480
2021-09-22,282.25690
2021-09-23,284.24810
2021-09-24,284.83230
2021-09-27,281.92060
2021-09-28,279.15900
2021-09-29,279.14410
2021-09-30,278.81590
2021-10-01,278.01410
2021-10-04,280.89680
2021-10-05,282.53740
2021-10-06,280.36010
2021-10-07,283.48390
2021-10-08,285.20910
2021-10-11,282.85830
2021-10-12,282.26290
2021-10-13,284.70110
2021-10-14,285.47900
2021-10-18,287.45930
2021-10-19,285.47980
2021-10-20,280.63830
2021-10-21,276.53840
2021-10-22,273.91310
2021-10-25,271.60970
2021-10-26,274.42740
2021-10-27,275.12060
2021-10-28,272.47220
2021-10-29,271.53240
2021-11-01,275.79200
2021-11-02,276.77050
2021-11-03,277.92640
2021-11-08,282.91980
2021-11-09,284.44580
2021-11-10,284.94150
2021-11-11,284.12850
2021-11-12,286.99930
2021-11-15,287.89190
2021-11-16,287.02100
2021-11-17,286.58230
2021-11-18,282.23590
2021-11-22,276.58810
2021-11-23,278.92480
2021-11-24,278.04690
2021-11-25,278.76910
2021-11-26,273.49130
2021-11-29,272.05880
2021-11-30,275.54280
2021-12-01,276.07460
2021-12-02,279.89980
2021-12-03,278.98650
2021-12-06,274.04690
2021-12-07,277.15760
2021-12-08,280.85940
2021-12-09,281.39120
2021-12-10,282.84740
2021-12-13,283.18390
2021-12-14,284.11050
2021-12-15,282.59810
2021-12-16,283.32410
2021-12-17,280.48660
2021-12-20,274.67850
2021-12-21,278.97260
2021-12-22,282.44050
2021-12-23,285.12670
2021-12-24,284.92440
2021-12-27,286.92740
2021-12-28,290.12640
2021-12-29,290.75690
2021-12-30,291.78640
2021-12-31,294.08360
2022-01-03,296.38500
2022-01-04,297.00990
2022-01-05,295.30940
2022-01-06,293.98230
2022-01-07,295.89300
2022-01-10,297.95130
2022-01-11,298.79280
2022-01-12,299.91160
2022-01-13,300.76800
2022-01-14,301.54810
2022-01-17,301.61140
2022-01-18,296.78680
2022-01-19,295.22560
2022-01-20,293.92820
2022-01-21,288.58390
2022-01-24,278.86100
2022-01-25,280.28480
2022-01-27,275.21450
2022-01-28,277.82010
2022-01-31,283.11830
2022-02-01,286.84460
2022-02-02,289.36250
2022-02-03,286.65360
2022-02-04,286.12480
2022-02-07,283.62460
2022-02-08,281.42410
2022-02-09,283.92770
2022-02-10,284.66370
2022-02-11,279.20400
2022-02-14,272.79740
2022-02-15,278.87080
2022-02-16,278.88360
2022-02-17,279.13410
2022-02-18,277.24400
2022-02-21,275.45170
2022-02-22,273.46880
2022-02-23,273.87650
2022-02-24,261.76360
2022-02-25,269.22710
2022-02-28,270.46860
2022-03-02,268.25220
2022-03-03,266.98570
2022-03-04,263.64980
2022-03-07,260.08180
2022-03-08,264.52020
2022-03-09,269.71110
2022-03-10,272.13700
2022-03-11,273.02110
2022-03-14,275.03490
2022-03-15,273.37080
2022-03-16,277.31990
2022-03-17,279.25950
2022-03-21,277.72090
2022-03-22,278.42270
2022-03-23,279.26940
2022-03-24,280.05890
2022-03-25,279.23540
2022-03-28,279.17940
2022-03-29,280.13590
2022-03-30,282.33280
2022-03-31,283.68220
2022-04-01,284.77800
2022-04-04,287.07940
2022-04-05,289.13150
2022-04-06,287.76780
2022-04-07,286.21390
2022-04-08,288.10550
2022-04-11,287.37710
2022-04-12,283.83210
2022-04-13,283.15580
2022-04-18,277.85020
2022-04-19,273.07080
2022-04-20,276.21120
2022-04-21,279.12250
2022-04-22,277.17270
2022-04-25,272.68540
2022-04-26,274.78840
2022-04-27,274.18400
2022-04-28,276.84280
2022-04-29,274.54220
2022-05-02,273.25990
2022-05-04,268.52260
2022-05-05,270.44040
2022-05-06,265.91060
2022-05-09,263.35450
2022-05-10,260.66940
2022-05-11,259.25070
2022-05-12,256.90310
2022-05-13,259.26010
2022-05-16,258.87240
2022-05-17,263.21680
2022-05-18,263.93770
2022-05-19,256.70410
2022-05-20,260.19970
2022-05-23,260.54550
2022-05-24,257.88150
2022-05-25,253.30420
2022-05-26,255.24050
2022-05-27,258.68320
2022-05-30,264.67800
2022-05-31,266.69340
2022-06-01,265.20430
2022-06-02,265.91720
2022-06-03,264.12450
2022-06-06,263.32960
2022-06-07,259.97920
2022-06-08,259.21220
2022-06-09,260.63040
2022-06-10,258.29450
2022-06-13,252.50010
2022-06-14,251.91310
2022-06-15,252.18930
2022-06-16,247.66660
2022-06-17,244.12390
2022-06-20,243.81960
2022-06-21,248.36790
2022-06-22,245.89310
2022-06-23,249.06900
2022-06-24,250.53530
2022-06-27,254.63470
2022-06-28,255.47940
2022-06-29,254.16640
2022-06-30,252.42870
2022-07-01,253.71260
2022-07-04,255.95490
2022-07-05,256.15620
2022-07-06,260.35870
2022-07-07,261.94030
2022-07-08,262.26610
2022-07-11,260.75940
2022-07-12,258.25390
2022-07-13,258.62100
2022-07-14,257.61940
2022-07-15,259.45590
2022-07-18,262.97440
2022-07-19,263.40540
2022-07-20,266.01030
2022-07-21,269.23060
2022-07-22,268.62740
2022-07-25,268.89690
2022-07-26,264.72750
2022-07-27,267.71860
2022-07-28,270.89860
2022-07-29,274.05610
2022-08-01,275.92180
2022-08-02,275.64210
2022-08-03,276.08990
2022-08-04,277.51970
2022-08-05,278.55750
2022-08-08,279.32690
2022-08-10,277.96110
2022-08-11,280.41800
2022-08-12,280.62630
2022-08-16,283.39980
2022-08-17,284.78860
2022-08-18,285.14810
2022-08-19,282.74520
2022-08-22,279.05190
2022-08-23,278.36390
2022-08-24,279.22390
2022-08-25,278.00360
2022-08-26,278.28920
2022-08-29,274.73800
2022-08-30,279.94810
2022-09-01,279.08210
2022-09-02,278.10100
2022-09-05,279.22740
2022-09-06,279.19120
2022-09-07,280.34260
2022-09-08,281.57630
2022-09-09,283.69750
2022-09-12,286.77560
2022-09-13,288.20580
2022-09-14,285.85330
2022-09-15,285.07000
2022-09-16,276.52270
2022-09-19,277.26880
2022-09-20,280.49890
2022-09-21,278.30880
2022-09-22,279.40560
2022-09-23,276.52740
2022-09-26,272.78030
2022-09-27,273.71020
2022-09-28,273.86170
2022-09-29,274.25050
2022-09-30,276.81270
2022-10-03,273.62600
2022-10-04,278.17490
2022-10-06,279.66580
2022-10-07,279.06390
2022-10-10,278.24940
2022-10-11,273.67490
2022-10-12,275.36970
2022-10-13,274.16380
2022-10-14,275.36410
2022-10-17,275.40000
2022-10-18,276.64280
2022-10-19,276.12220
2022-10-20,276.77110
2022-10-21,276.28910
2022-10-25,276.99220
2022-10-27,278.06190
2022-10-28,276.69690
2022-10-31,280.41310
2022-11-01,283.49230
2022-11-02,282.31110
2022-11-03,280.48210
2022-11-04,280.85720
2022-11-07,281.33710
2022-11-09,279.72370
2022-11-10,278.57120
2022-11-11,281.14360
2022-11-14,281.40790
2022-11-15,282.07830
2022-11-16,281.56720
2022-11-17,280.32460
2022-11-18,279.75070
2022-11-21,278.08410
2022-11-22,278.95400
2022-11-23,279.28630
2022-11-24,281.92090
2022-11-25,282.82390
2022-11-28,283.69770
2022-11-29,284.28160
2022-11-30,286.18480
2022-12-01,288.50330
2022-12-02,288.59920
2022-12-05,287.90190
2022-12-06,286.57240
2022-12-07,286.23740
2022-12-08,286.72020
2022-12-09,284.08630
2022-12-12,283.81660
2022-12-13,284.92990
2022-12-14,286.49790
2022-12-15,283.23660
2022-12-16,279.81050
2022-12-19,281.06580
2022-12-20,280.53210
2022-12-21,278.85450
2022-12-22,277.61630
2022-12-23,270.92850
2022-12-26,274.27060
2022-12-27,275.97190
2022-12-28,275.37650
2022-12-29,275.33820
2022-12-30,274.88670
2023-01-02,275.22470
2023-01-03,276.01250
2023-01-04,274.49470
2023-01-05,275.95760
2023-01-06,273.77820
2023-01-09,277.18230
2023-01-10,276.05060
2023-01-11,274.96960
2023-01-12,275.83200
2023-01-13,276.52450
2023-01-16,276.44410
2023-01-17,278.20810
2023-01-18,279.01240
2023-01-19,278.22670
2023-01-20,275.91780
2023-01-23,276.81840
2023-01-24,276.93450
2023-01-25,274.33820
2023-01-27,271.15340
2023-01-30,272.32800
2023-01-31,274.12240
2023-02-01,273.90550
2023-02-02,276.28020
2023-02-03,276.81210
2023-02-06,276.93750
2023-02-07,276.71110
2023-02-08,279.24230
2023-02-09,279.69600
2023-02-10,280.59610
2023-02-13,276.98360
2023-02-14,276.79560
2023-02-15,278.86990
2023-02-16,281.51130
2023-02-17,280.20330
2023-02-20,280.74050
2023-02-21,280.29850
2023-02-22,277.86760
2023-02-23,277.48760
2023-02-24,277.12090
2023-02-27,273.70330
2023-02-28,273.55200
2023-03-01,276.45570
2023-03-02,275.49030
2023-03-03,276.28290
2023-03-06,277.66980
2023-03-08,278.19820
2023-03-09,276.47790
2023-03-10,275.63030
2023-03-13,272.35160
2023-03-14,269.61230
2023-03-15,270.40490
2023-03-16,270.26720
2023-03-17,271.98260
2023-03-20,270.20240
2023-03-21,269.84490
2023-03-22,270.96300
2023-03-23,269.94850
2023-03-24,269.02390
2023-03-27,268.45390
2023-03-28,267.06330
2023-03-29,270.04520
2023-03-31,273.45100
2023-04-03,273.38100
2023-04-05,275.08870
2023-04-06,275.26120
2023-04-10,275.67570
2023-04-11,275.90240
2023-04-12,277.60560
2023-04-13,276.24780
2023-04-17,273.68330
2023-04-18,274.39570
2023-04-19,272.17350
2023-04-20,272.49420
2023-04-21,273.02760
2023-04-24,273.24950
2023-04-25,273.31160
2023-04-26,275.00320
2023-04-27,275.73070
2023-04-28,278.37010
2023-05-02,280.05770
2023-05-03,280.34710
2023-05-04,281.72720
2023-05-05,281.35860
2023-05-08,283.40480
2023-05-09,284.35580
2023-05-10,285.40180
2023-05-11,286.95370
2023-05-12,287.15900
2023-05-15,287.63750
2023-05-16,287.90990
2023-05-17,287.21970
2023-05-18,285.74390
2023-05-19,286.21210
2023-05-22,288.80950
2023-05-23,289.20680
2023-05-24,288.78780
2023-05-25,290.53470
2023-05-26,293.27380
2023-05-29,293.17600
2023-05-30,293.94580
2023-05-31,294.64340
2023-06-01,296.00840
2023-06-02,297.36030
2023-06-05,297.53690
2023-06-06,297.24190
2023-06-07,299.48280
2023-06-08,297.76250
2023-06-09,296.61180
2023-06-12,298.88800
2023-06-13,301.33710
2023-06-14,302.43920
2023-06-15,302.76660
2023-06-16,304.27410
2023-06-19,303.83320
2023-06-20,305.38750
2023-06-21,305.12520
2023-06-22,302.70480
2023-06-23,299.28020
2023-06-26,300.74570
2023-06-27,301.18530
2023-06-28,302.99760
2023-06-30,305.47480
2023-07-03,304.52320
2023-07-04,304.80080
2023-07-05,306.72750
2023-07-06,307.12180
2023-07-07,304.06500
2023-07-10,301.69540
2023-07-11,303.57800
2023-07-12,303.76360
2023-07-13,303.71300
2023-07-14,308.00940
2023-07-17,309.26210
2023-07-18,310.22500
2023-07-19,311.55790
2023-07-20,311.31850
2023-07-21,306.66410
2023-07-24,307.24850
2023-07-25,308.32760
2023-07-26,308.98160
2023-07-27,309.22150
2023-07-28,309.66390
2023-07-31,312.19380
2023-08-01,313.44450
2023-08-02,311.88100
2023-08-03,311.37640
2023-08-04,313.44790
2023-08-07,314.52330
2023-08-08,314.26060
2023-08-09,314.62920
2023-08-10,313.68330
2023-08-11,313.14560
2023-08-14,312.20190
2023-08-16,313.10700
2023-08-17,313.04360
2023-08-18,312.17280
2023-08-21,314.38580
2023-08-22,315.61330
2023-08-23,316.65140
2023-08-24,316.88820
2023-08-25,315.11550
2023-08-28,315.96890
2023-08-29,317.63930
2023-08-30,318.98750
2023-08-31,318.84600
2023-09-01,321.14480
2023-09-04,323.66770
2023-09-05,325.12890
2023-09-06,325.96030
2023-09-07,326.37620
2023-09-08,327.56720
2023-09-11,329.67190
2023-09-12,325.63280
2023-09-13,325.08330
2023-09-14,326.06150
2023-09-15,325.90980
2023-09-18,324.14680
2023-09-20,322.19670
2023-09-21,320.74780
2023-09-22,319.55590
2023-09-25,319.08630
2023-09-26,318.93850
2023-09-27,320.34460
2023-09-29,317.64560
2023-10-03,317.08240
2023-10-04,316.09830
2023-10-05,316.90130
2023-10-06,317.66360
2023-10-09,315.87490
2023-10-10,318.08650
2023-10-11,319.36640
2023-10-12,319.36740
2023-10-13,318.68680
2023-10-16,318.87050
2023-10-17,319.65860
2023-10-18,317.62550
2023-10-19,317.83480
2023-10-20,314.99170
2023-10-23,308.85370
2023-10-25,307.11200
2023-10-26,304.47550
2023-10-27,307.56660
2023-10-30,308.09590
2023-10-31,307.74860
2023-11-01,306.25170
2023-11-02,309.12090
2023-11-03,310.47020
2023-11-06,312.51070
2023-11-07,312.69030
2023-11-08,314.42460
2023-11-09,313.08110
2023-11-10,313.53710
2023-11-13,313.72270
2023-11-15,316.80170
2023-11-16,319.84530
2023-11-17,321.15950
2023-11-20,321.78530
2023-11-21,321.95860
2023-11-22,322.66050
2023-11-23,322.57180
2023-11-24,321.94320
2023-11-28,322.62230
2023-11-29,324.66910
2023-11-30,327.28020
2023-12-01,329.24300
2023-12-04,332.68430
2023-12-05,332.65950
2023-12-06,333.65540
2023-12-07,334.15650
2023-12-08,333.71290
2023-12-11,334.80570
2023-12-12,333.22080
2023-12-13,333.53310
2023-12-14,336.65940
2023-12-15,341.51080
2023-12-18,342.88470
2023-12-19,342.71310
2023-12-20,336.43140
2023-12-21,338.71030
2023-12-22,342.66230
2023-12-26,343.57720
2023-12-27,345.63420
2023-12-28,346.53520
2023-12-29,348.39880
2024-01-01,349.72050
2024-01-02,349.29480
2024-01-03,346.18620
2024-01-04,347.08940
2024-01-05,349.07440
2024-01-08,345.12380
2024-01-09,346.08700
2024-01-10,346.56700
2024-01-11,346.78080
2024-01-12,350.94770
2024-01-15,353.29750
2024-01-16,351.76970
2024-01-17,350.40380
2024-01-18,348.45220
2024-01-19,352.44350
2024-01-23,345.13390
2024-01-24,350.05320
2024-01-25,347.40610
2024-01-29,349.86040
2024-01-30,348.23130
2024-01-31,352.87610
2024-02-01,352.49920
2024-02-02,355.87270
2024-02-05,354.29340
2024-02-06,360.55260
2024-02-07,358.98440
2024-02-08,358.44790
2024-02-09,356.55110
2024-02-12,353.80630
2024-02-13,354.49570
2024-02-14,354.96120
2024-02-15,356.23870
2024-02-16,359.25810
2024-02-19,359.93800
2024-02-20,358.52870
2024-02-21,356.12930
2024-02-22,359.71360
2024-02-23,360.56360
2024-02-26,358.84050
2024-02-27,359.47520
2024-02-28,357.20600
2024-02-29,358.71600
2024-03-01,359.21490
2024-03-04,360.34360
2024-03-05,358.07450
2024-03-06,357.05830
2024-03-07,358.36580
2024-03-11,357.36370
2024-03-12,355.09220
2024-03-13,347.03360
2024-03-14,353.63420
2024-03-15,352.15760
2024-03-18,351.45890
2024-03-19,345.14640
2024-03-20,345.08320
2024-03-21,349.61700
2024-03-22,349.97840
2024-03-26,351.23160
2024-03-27,351.79900
2024-03-28,355.19360
2024-03-31,355.13520
2024-04-01,358.61140
2024-04-02,360.29500
2024-04-03,363.10120
2024-04-04,363.17430
2024-04-05,363.58030
2024-04-08,364.46300
2024-04-09,363.52850
2024-04-10,365.38930
2024-04-12,363.07550
2024-04-15,358.84000
2024-04-16,357.93510
2024-04-18,356.63210
2024-04-19,355.43140
2024-04-22,359.25150
2024-04-23,361.00910
2024-04-24,362.70220
2024-04-25,364.71260
2024-04-26,367.05790
2024-04-29,368.09120
2024-04-30,367.37550
2024-05-02,369.30350
2024-05-03,368.59640
2024-05-06,369.85560
2024-05-07,368.38840
2024-05-08,368.94460
2024-05-09,363.96420
2024-05-10,364.66300
2024-05-13,368.28670
2024-05-14,370.13790
2024-05-15,372.49010
2024-05-16,376.74850
2024-05-17,378.53030
2024-05-21,379.05250
2024-05-22,380.12920
2024-05-23,382.77440
2024-05-24,381.29280
2024-05-27,381.00400
2024-05-28,379.81230
2024-05-29,378.39440
2024-05-30,374.19190
2024-05-31,372.54390
2024-06-03,379.37580
2024-06-04,364.20440
2024-06-05,376.10220
2024-06-06,382.16960
2024-06-07,388.76860
2024-06-10,389.00480
2024-06-11,390.41300
2024-06-12,392.34320
2024-06-13,395.46560
2024-06-14,397.47950
2024-06-18,399.13950
2024-06-19,396.09330
2024-06-20,396.96160
2024-06-21,396.55360
2024-06-24,397.96330
2024-06-25,397.39890
2024-06-26,397.28900
2024-06-27,399.69180
2024-06-28,400.29500
2024-07-01,404.86270
2024-07-02,405.23100
2024-07-03,407.70070
2024-07-04,409.82810
2024-07-05,411.18690
2024-07-08,411.58710
2024-07-09,412.45320
2024-07-10,411.44440
2024-07-11,411.24820
2024-07-12,415.02700
2024-07-15,416.71110
2024-07-16,417.67290
2024-07-18,417.92550
2024-07-19,412.49320
2024-07-22,415.67280
2024-07-23,415.76060
2024-07-24,416.57140
2024-07-25,417.60340
2024-07-26,422.45750
2024-07-29,424.42460
2024-07-30,424.83790
2024-07-31,426.71660
2024-08-01,425.26740
2024-08-02,419.60580
2024-08-05,410.67140
2024-08-06,412.27330
2024-08-07,418.74080
2024-08-08,415.17510
2024-08-09,417.23890
2024-08-12,418.01990
2024-08-13,416.17180
2024-08-14,416.07420
2024-08-16,421.73990
2024-08-19,423.23020
2024-08-20,425.25810
2024-08-21,427.81770
2024-08-22,428.75490
2024-08-23,426.82200
2024-08-26,430.53260
2024-08-27,431.46360
2024-08-28,431.69700
2024-08-29,431.57400
2024-08-30,433.78200
2024-09-02,434.27350
2024-09-03,434.92430
2024-09-04,434.23090
2024-09-05,434.89620
2024-09-06,430.93480
2024-09-09,430.22270
2024-09-10,433.60680
2024-09-11,431.78050
2024-09-12,435.75540
2024-09-13,436.49070
2024-09-16,435.41670
2024-09-17,435.19560
2024-09-18,430.19530
2024-09-19,429.10000
2024-09-20,432.22230
2024-09-23,434.58570
2024-09-24,434.68250
2024-09-25,433.65390
2024-09-26,434.14540
2024-09-27,435.28970
2024-09-30,433.91260
2024-10-01,435.49770
2024-10-03,428.80480
2024-10-04,424.91970
2024-10-07,419.74470
2024-10-08,424.20540
2024-10-09,427.35880
2024-10-10,425.68580
2024-10-11,426.38100
2024-10-14,426.83780
2024-10-15,427.33200
2024-10-16,426.83430
2024-10-17,421.53470
2024-10-18,422.08850
2024-10-21,416.65510
2024-10-22,410.26140
2024-10-23,409.53340
2024-10-24,406.82070
2024-10-25,402.77360
2024-10-28,404.97750
2024-10-29,405.03030
2024-10-30,405.27140
2024-10-31,403.90510
2024-11-04,402.77810
2024-11-05,404.05890
2024-11-06,412.52710
2024-11-07,410.21650
2024-11-08,408.40810
2024-11-11,406.21700
2024-11-12,401.78380
2024-11-13,395.44190
2024-11-14,394.56160
2024-11-18,390.76700
2024-11-19,392.42150
2024-11-21,391.32650
2024-11-22,397.73880
2024-11-25,403.46670
2024-11-26,403.16040
2024-11-27,403.75340
2024-11-28,401.64350
2024-11-29,404.66760
2024-12-02,406.46300
2024-12-03,408.99720
2024-12-04,409.41530
2024-12-05,410.91300
2024-12-06,410.77880
2024-12-09,408.97030
2024-12-10,410.03520
2024-12-11,411.77150
2024-12-12,409.07730
2024-12-13,408.94990
2024-12-16,408.77270
2024-12-17,404.42900
2024-12-18,403.43200
2024-12-19,402.05870
2024-12-20,394.79620
2024-12-23,394.08340
2024-12-24,394.64570
2024-12-26,394.11270
2024-12-27,393.76550
2024-12-30,393.38710
2024-12-31,394.28520
2025-01-01,395.85210
2025-01-02,399.61340
2025-01-03,398.30480
2025-01-06,393.09670
2025-01-07,394.65860
2025-01-08,394.28660
2025-01-09,393.68890
2025-01-10,390.50870
2025-01-13,380.86520
2025-01-14,380.79040
2025-01-15,380.59430
2025-01-16,381.99610
2025-01-17,383.56110
2025-01-20,383.45350
2025-01-21,380.21050
2025-01-22,380.31380
2025-01-23,383.93180
2025-01-24,377.10890
2025-01-27,369.75430
2025-01-28,367.04040
2025-01-29,374.15310
2025-01-30,375.55880
2025-01-31,380.76040
2025-02-03,376.04860
2025-02-04,379.57370
2025-02-05,381.65060
2025-02-06,380.74560
2025-02-07,380.28450
2025-02-10,375.58120
2025-02-11,367.50450
2025-02-12,366.83950
2025-02-13,365.79670
2025-02-14,360.37480
2025-02-17,360.60620
2025-02-18,359.23380
2025-02-19,359.79330
2025-02-20,362.25220
2025-02-21,359.49230
2025-02-24,355.88460
2025-02-25,353.68060
2025-02-27,350.69170
2025-02-28,342.09260
2025-03-03,343.17260
2025-03-04,343.35800
2025-03-05,349.62480
2025-03-06,354.03170
2025-03-07,353.28570
2025-03-10,350.89380
2025-03-11,351.25740
2025-03-12,349.78030
2025-03-13,348.04300
2025-03-17,349.78790
2025-03-18,354.45380
2025-03-19,356.49530
2025-03-20,359.36100
2025-03-21,362.46640
2025-03-24,366.33010
2025-03-25,364.37930
2025-03-26,362.02220
2025-03-27,363.65270
2025-03-28,363.40380
2025-03-31,363.34590
2025-04-01,359.32160
2025-04-02,361.71330
2025-04-03,361.57360
2025-04-04,351.69260
2025-04-07,342.74910
2025-04-08,348.13090
2025-04-09,347.06530
2025-04-11,352.54610
2025-04-15,359.86220
2025-04-16,361.57430
2025-04-17,363.26690
2025-04-21,367.46140
2025-04-22,369.25630
2025-04-23,373.32220
2025-04-24,372.13990
2025-04-25,367.22240
2025-04-28,369.93460
2025-04-29,369.91460
2025-04-30,368.98160
2025-05-02,366.61570
2025-05-05,369.91360
2025-05-06,366.00680
2025-05-07,368.12110
2025-05-08,363.93020
2025-05-09,363.40970
2025-05-12,374.01980
2025-05-13,372.82780
2025-05-14,375.54910
2025-05-15,380.05020
2025-05-16,381.51110
2025-05-19,381.20980
2025-05-20,376.73900
2025-05-21,379.60000
2025-05-22,377.53920
2025-05-23,379.35920
2025-05-26,381.17580
2025-05-27,380.04650
2025-05-28,379.33470
2025-05-29,381.09930
2025-05-30,377.53750
2025-06-02,377.60690
2025-06-03,376.25840
2025-06-04,378.06810
2025-06-05,379.27020
2025-06-06,381.15570
2025-06-09,383.65690
2025-06-10,385.05160
2025-06-11,386.40100
2025-06-12,382.13140
2025-06-13,380.61850
2025-06-16,383.58710
2025-06-17,381.96570
2025-06-18,380.37180
2025-06-19,376.52150
2025-06-20,378.74230
2025-06-23,377.67010
2025-06-24,378.60530
2025-06-25,382.75620
2025-06-26,384.10540
2025-06-27,385.41550
2025-06-30,386.45320
2025-07-01,385.48810
2025-07-02,386.65640
2025-07-03,386.78740
2025-07-04,388.78430
2025-07-07,388.87350
2025-07-08,388.76650
2025-07-09,388.72720
2025-07-10,386.71480
2025-07-11,383.84370
2025-07-14,383.98890
2025-07-15,387.55390
2025-07-16,387.30310
2025-07-17,387.52330
2025-07-18,385.31900
2025-07-21,385.12130
2025-07-22,383.94020
2025-07-23,385.16780
2025-07-24,383.76040
2025-07-25,379.48150
2025-07-28,378.00990
2025-07-29,380.87150
2025-07-30,382.01090
2025-07-31,379.78560
2025-08-01,375.34000
2025-08-04,378.49820
2025-08-05,377.66770
2025-08-06,373.92880
2025-08-07,374.01920
2025-08-08,372.00270
2025-08-11,372.75880
2025-08-12,373.19710
2025-08-13,374.46510
2025-08-14,373.54600
2025-08-18,378.01970
2025-08-19,381.37350
2025-08-20,385.41840
2025-08-21,385.18460
2025-08-22,383.08820
2025-08-25,385.01210
2025-08-26,381.78700
2025-08-28,378.67550
2025-08-29,378.01020
2025-09-01,383.17200
2025-09-02,384.27240
2025-09-03,385.02870
2025-09-04,383.80690
2025-09-05,381.99080
2025-09-08,381.91400
2025-09-09,384.39420
2025-09-10,386.98990
2025-09-11,387.22690
2025-09-12,387.38110
2025-09-15,387.24860
2025-09-16,389.64410
2025-09-17,390.36760
2025-09-18,391.18090
2025-09-19,390.42880
2025-09-22,386.07860
2025-09-23,384.67810
2025-09-24,382.72950
2025-09-25,379.79910
2025-09-26,374.04810
2025-09-30,375.27340
2025-10-01,376.88120
2025-10-03,378.69970
2025-10-06,380.83140
2025-10-07,381.10230
2025-10-08,380.14090
2025-10-09,381.68500
2025-10-10,381.89300
2025-10-13,380.00940
2025-10-14,377.50980
2025-10-15,379.42330
2025-10-16,382.04920
2025-10-17,380.76390
2025-10-20,382.75870
2025-10-23,385.12920
2025-10-24,383.58010
2025-10-27,385.52350
2025-10-28,384.38530
2025-10-29,386.43140
2025-10-30,385.14260
2025-10-31,382.78060
2025-11-03,384.71910
2025-11-04,382.51360
2025-11-06,379.84900
2025-11-07,379.73530
2025-11-10,381.70680
2025-11-11,384.08680
2025-11-12,388.35850
2025-11-13,387.03300
2025-11-14,385.61350
2025-11-17,387.03960
2025-11-18,383.77360
2025-11-19,386.40360
2025-11-20,386.93520
2025-11-21,384.64010
2025-11-24,383.16610
2025-11-25,382.80870
2025-11-26,387.14910
2025-11-27,386.97910
2025-11-28,386.99060
2025-12-01,387.41130
2025-12-02,387.64920
2025-12-03,386.62110
2025-12-04,388.14980
2025-12-05,389.48020
2025-12-08,385.43090
2025-12-09,384.26590
2025-12-10,383.09220
2025-12-11,385.21310
2025-12-12,387.97450
2025-12-15,388.26590
2025-12-16,386.46320
2025-12-17,386.07660
2025-12-18,386.26450
2025-12-19,388.75560
2025-12-22,391.95820
2025-12-23,391.85380
2025-12-24,389.80160
2025-12-26,388.60550
2025-12-29,387.47170
2025-12-30,386.34710
2025-12-31,389.03100
2026-01-01,390.23740
2026-01-02,392.85030
2026-01-05,392.62340
2026-01-06,393.63240
2026-01-07,395.94820
2026-01-08,388.75090
2026-01-09,387.03470
2026-01-12,387.01290
2026-01-13,387.05410
2026-01-14,385.88060
2026-01-16,388.43120
2026-01-19,387.66550
2026-01-20,379.67570
2026-01-21,377.81150
2026-01-22,381.53060
2026-01-23,378.58850
2026-01-27,378.72020
2026-01-28,381.99310
2026-01-29,380.84230
2026-01-30,380.71330
2026-02-02,378.76060
2026-02-03,385.40040
2026-02-04,381.81840
2026-02-05,381.11000
2026-02-06,379.86010
2026-02-09,384.34240
2026-02-10,385.38340
2026-02-11,384.79090
2026-02-12,378.77510
2026-02-13,373.24290
2026-02-16,373.98880
2026-02-17,375.14610
2026-02-18,375.41540
2026-02-19,370.89280
2026-02-20,371.96660
2026-02-23,372.49960
2026-02-24,368.53440
2026-02-25,372.38250
2026-02-26,373.44230
2026-02-27,370.60200
2026-03-02,365.81500
2026-03-04,359.06080
2026-03-05,361.99880
2026-03-06,360.11180
2026-03-09,354.35770
2026-03-10,358.03830
2026-03-11,355.09420
2026-03-12,354.25980
2026-03-13,346.96360
2026-03-16,345.74370
2026-03-17,346.61640
2026-03-18,350.82400
2026-03-19,340.62310
2026-03-20,343.80490
2026-03-23,335.13400
2026-03-24,341.13400
2026-03-25,346.20490
2026-03-27,340.64490
2026-03-30,334.71160
2026-03-31,334.69420
2026-04-01,338.70000
2026-04-02,340.40850
2026-04-06,342.34240
2026-04-07,345.15080
2026-04-08,352.32320
2026-04-09,352.83500
2026-04-10,355.20600
2026-04-13,352.15910
2026-04-15,358.58680
2026-04-16,360.34010
2026-04-17,364.29450
2026-04-20,363.56580
2026-04-21,366.57880
2026-04-22,364.69970
2026-04-23,362.73590
2026-04-24,355.62750
2026-04-27,360.42330
2026-04-28,360.22500
2026-04-29,360.92200
2026-04-30,359.82110
2026-05-04,361.63130
2026-05-05,361.34830
2026-05-06,365.33100
2026-05-07,365.86710
2026-05-08,365.88370
2026-05-11,363.56180
2026-05-12,355.29020
2026-05-13,355.70970
2026-05-14,356.61320
2026-05-15,356.96140
2026-05-18,356.79930
2026-05-19,360.64430
2026-05-20,359.74970
2026-05-21,359.78350
2026-05-22,359.70660
2026-05-25,361.87500
2026-05-26,362.12390
2026-05-27,364.07940
2026-05-29,360.30890
2026-06-01,359.48780
2026-06-02,364.40090
2026-06-03,357.90440
2026-06-04,357.37330
2026-06-05,356.61860
2026-06-08,353.46780
2026-06-09,354.75430
2026-06-10,352.71400
2026-06-11,349.50330
2026-06-12,353.06250
2026-06-15,356.08930
2026-06-16,357.43130
2026-06-17,358.92140
2026-06-18,358.99050
2026-06-19,355.41660
2026-06-22,356.72370
2026-06-23,353.01180
2026-06-24,355.25530
2026-06-25,354.11970
2026-06-29,352.08410
2026-06-30,350.07980
2026-07-01,348.46590
2026-07-02,354.27760
2026-07-03,355.81790
2026-07-06,356.54130
2026-07-07,357.98920
2026-07-08,352.68570
2026-07-09,354.52140
2026-07-10,357.63360
2026-07-13,359.84750
2026-07-14,358.05610
2026-07-15,359.22400
2026-07-16,360.94740
2026-07-17,362.34900
2026-07-20,363.62690
2026-07-21,363.64180
2026-07-22,360.77920
2026-07-23,358.13250
2026-07-24,358.65440
2026-07-27,362.42720
2026-07-28,364.06790
2026-07-29,369.72750
2026-07-30,369.67570
2026-07-31,368.10030
2026-08-03,374.70910
2026-08-04,372.98770
2026-08-05,373.61200
2026-08-06,372.12300
2026-08-07,374.44170
2026-08-10,374.59800
2026-08-11,374.52030
2026-08-12,373.27050
2026-08-13,373.72110
2026-08-14,372.26500
2026-08-17,370.46960
2026-08-18,366.92290
2026-08-19,366.14160
2026-08-20,367.63800
2026-08-21,366.50520
2026-08-24,366.59940
2026-08-25,367.59000
2026-08-26,365.66770
2026-08-27,365.26350
2026-08-28,368.58940
2026-08-31,367.60950
2026-09-01,366.88830
2026-09-02,363.71970
2026-09-03,362.27310
2026-09-04,361.12680
2026-09-07,357.54010
2026-09-08,356.52500
2026-09-09,353.55280
