Date,NAV
2006-04-03,22.81000
2006-04-04,22.83000
2006-04-05,23.12000
2006-04-07,22.90000
2006-04-10,23.08000
2006-04-12,22.74000
2006-04-13,22.53000
2006-04-17,22.98000
2006-04-18,23.28000
2006-04-19,23.29000
2006-04-20,23.51000
2006-04-21,23.61000
2006-04-24,23.54000
2006-04-25,23.18000
2006-04-26,23.51000
2006-04-27,23.48000
2006-04-28,23.53000
2006-05-02,24.05000
2006-05-03,24.12000
2006-05-04,24.26000
2006-05-05,21.79000
2006-05-08,21.80000
2006-05-09,21.90000
2006-05-10,21.95000
2006-05-11,21.80000
2006-05-12,21.63000
2006-05-15,21.05000
2006-05-16,21.05000
2006-05-17,21.38000
2006-05-18,20.38000
2006-05-19,19.89000
2006-05-22,19.18000
2006-05-23,19.67000
2006-05-24,19.40000
2006-05-25,19.34000
2006-05-26,19.55000
2006-05-29,19.64000
2006-05-30,19.57000
2006-05-31,19.09000
2006-06-01,18.62030
2006-06-02,18.95330
2006-06-05,18.73090
2006-06-06,18.35430
2006-06-07,17.87660
2006-06-08,17.15210
2006-06-09,17.82820
2006-06-12,17.50210
2006-06-13,16.86540
2006-06-14,16.54090
2006-06-15,17.32730
2006-06-16,17.74000
2006-06-19,17.88100
2006-06-20,17.77000
2006-06-21,18.00000
2006-06-22,18.31000
2006-06-23,18.35230
2006-06-26,17.88600
2006-06-27,17.84550
2006-06-28,17.82770
2006-06-29,17.90200
2006-06-30,18.40260
2006-07-03,18.49000
2006-07-04,10.07250
2006-07-05,18.72120
2006-07-06,18.59910
2006-07-07,18.32730
2006-07-10,18.51330
2006-07-11,18.44500
2006-07-12,18.76250
2006-07-13,18.72690
2006-07-14,18.59400
2006-07-17,18.25530
2006-07-18,18.16320
2006-07-19,17.89570
2006-07-20,18.21090
2006-07-21,17.99950
2006-07-24,18.06620
2006-07-25,18.34350
2006-07-26,18.63650
2006-07-27,18.90680
2006-07-28,18.88340
2006-07-31,18.95640
2006-08-01,18.91580
2006-08-02,19.05030
2006-08-03,19.12760
2006-08-04,19.16330
2006-08-07,19.12600
2006-08-08,19.33410
2006-08-09,19.50040
2006-08-10,19.56930
2006-08-11,19.67370
2006-08-14,19.83480
2006-08-16,20.01410
2006-08-17,20.04170
2006-08-18,20.02290
2006-08-21,20.11020
2006-08-22,20.06350
2006-08-23,19.97360
2006-08-24,20.07050
2006-08-25,20.10770
2006-08-28,20.22410
2006-08-29,20.29250
2006-08-30,20.37720
2006-08-31,20.29870
2006-09-01,20.38110
2006-09-04,20.60040
2006-09-05,20.65230
2006-09-06,20.69860
2006-09-07,20.71720
2006-09-08,20.94210
2006-09-11,20.55260
2006-09-12,20.65400
2006-09-13,20.88030
2006-09-14,20.94700
2006-09-15,20.96610
2006-09-18,20.99910
2006-09-19,20.85610
2006-09-20,20.96230
2006-09-21,21.11950
2006-09-22,21.11090
2006-09-25,20.96520
2006-09-26,21.10330
2006-09-27,21.17930
2006-09-28,21.19930
2006-09-29,21.30010
2006-10-03,21.23230
2006-10-04,21.09880
2006-10-05,21.32790
2006-10-06,21.35710
2006-10-09,21.46630
2006-10-10,21.45450
2006-10-11,21.36910
2006-10-12,21.57880
2006-10-13,21.74510
2006-10-16,21.88630
2006-10-17,21.82700
2006-10-18,21.81090
2006-10-19,21.82150
2006-10-20,21.82400
2006-10-23,21.77910
2006-10-26,21.86330
2006-10-27,22.05710
2006-10-30,22.23600
2006-10-31,22.32380
2006-11-01,22.37510
2006-11-02,22.51830
2006-11-03,22.51590
2006-11-06,22.53320
2006-11-07,22.51710
2006-11-08,22.41940
2006-11-09,22.43260
2006-11-10,22.56250
2006-11-13,22.73500
2006-11-14,22.72090
2006-11-15,22.77980
2006-11-16,22.72910
2006-11-17,22.59060
2006-11-20,22.48010
2006-11-21,22.70440
2006-11-22,22.88860
2006-11-23,22.78780
2006-11-24,22.81990
2006-11-27,23.00480
2006-11-28,22.84490
2006-11-29,22.95770
2006-11-30,22.99580
2006-12-01,23.14130
2006-12-04,23.14710
2006-12-05,23.13640
2006-12-06,23.11900
2006-12-07,23.27760
2006-12-08,23.13260
2006-12-11,22.76490
2006-12-12,22.20770
2006-12-13,22.47610
2006-12-14,22.83580
2006-12-15,22.94800
2006-12-18,23.00420
2006-12-19,22.69410
2006-12-20,22.62090
2006-12-21,22.63550
2006-12-22,22.70020
2006-12-26,22.96270
2006-12-27,23.10470
2006-12-28,23.08020
2006-12-29,23.24370
2007-01-02,23.42630
2007-01-03,23.54160
2007-01-04,23.44660
2007-01-05,23.37810
2007-01-08,23.18910
2007-01-09,23.14930
2007-01-10,22.98440
2007-01-11,23.20810
2007-01-12,23.57050
2007-01-15,23.67600
2007-01-16,23.77060
2007-01-17,23.85380
2007-01-18,23.90940
2007-01-19,23.88150
2007-01-22,24.00080
2007-01-23,23.79960
2007-01-24,23.83810
2007-01-25,24.05730
2007-01-29,23.99420
2007-01-31,23.86670
2007-02-01,24.03850
2007-02-02,24.26860
2007-02-05,24.43660
2007-02-06,24.41660
2007-02-07,24.58620
2007-02-08,24.63630
2007-02-09,24.41980
2007-02-12,23.90250
2007-02-13,23.80580
2007-02-14,23.72480
2007-02-15,24.10610
2007-02-19,24.22240
2007-02-20,23.97470
2007-02-21,23.98710
2007-02-22,23.78590
2007-02-23,23.34340
2007-02-26,23.35270
2007-02-27,23.25870
2007-02-28,22.69860
2007-03-01,22.76500
2007-03-02,22.56860
2007-03-05,22.05640
2007-03-06,22.28380
2007-03-07,22.17270
2007-03-08,22.64970
2007-03-09,22.48000
2007-03-12,22.59900
2007-03-13,22.73130
2007-03-14,22.35290
2007-03-15,22.37400
2007-03-16,22.25760
2007-03-20,22.55420
2007-03-21,22.69280
2007-03-22,23.00510
2007-03-23,23.08520
2007-03-26,22.94910
2007-03-28,22.67050
2007-03-29,22.75910
2007-03-30,22.87900
2007-04-03,22.39670
2007-04-04,22.52190
2007-04-05,22.64450
2007-04-09,22.99710
2007-04-10,23.04610
2007-04-11,22.97540
2007-04-12,22.93700
2007-04-13,23.28510
2007-04-16,23.48660
2007-04-17,23.43130
2007-04-18,23.43980
2007-04-19,23.41540
2007-04-20,23.67570
2007-04-23,23.68840
2007-04-24,23.88460
2007-04-25,23.96130
2007-04-26,24.03330
2007-04-27,23.91750
2007-04-30,23.94100
2007-05-03,24.12880
2007-05-04,23.99030
2007-05-07,23.97750
2007-05-08,23.88360
2007-05-09,23.87200
2007-05-10,23.86770
2007-05-11,23.91290
2007-05-14,24.05990
2007-05-15,24.08360
2007-05-16,24.29840
2007-05-17,24.46720
2007-05-18,24.47920
2007-05-21,24.60050
2007-05-22,24.75980
2007-05-23,24.63700
2007-05-25,21.65730
2007-05-28,21.79860
2007-05-29,21.95100
2007-05-30,21.89750
2007-05-31,22.04010
2007-06-01,22.12710
2007-06-04,22.00890
2007-06-05,22.08760
2007-06-06,21.80790
2007-06-07,21.72090
2007-06-08,21.57510
2007-06-11,21.57150
2007-06-12,21.59200
2007-06-13,21.47520
2007-06-14,21.75480
2007-06-15,21.71770
2007-06-18,21.66950
2007-06-19,21.87040
2007-06-20,22.00730
2007-06-21,22.15980
2007-06-22,22.13750
2007-06-25,22.13620
2007-06-26,22.22850
2007-06-27,22.20620
2007-06-28,22.39830
2007-06-29,22.62050
2007-07-03,22.83930
2007-07-04,22.83560
2007-07-05,22.79920
2007-07-06,22.88760
2007-07-09,22.94510
2007-07-10,22.85860
2007-07-11,22.82030
2007-07-12,23.00620
2007-07-13,23.20320
2007-07-16,23.27160
2007-07-17,23.12730
2007-07-18,23.19960
2007-07-19,23.48380
2007-07-20,23.50700
2007-07-23,23.76680
2007-07-24,23.75310
2007-07-25,23.59840
2007-07-26,23.72120
2007-07-27,23.18440
2007-07-30,23.20940
2007-07-31,23.58590
2007-08-01,22.94460
2007-08-02,23.09080
2007-08-03,23.25770
2007-08-06,23.02870
2007-08-07,23.14140
2007-08-08,23.49290
2007-08-09,23.19690
2007-08-10,22.86550
2007-08-13,22.99600
2007-08-14,22.92010
2007-08-16,22.32290
2007-08-17,22.07410
2007-08-21,21.94110
2007-08-22,22.20940
2007-08-23,22.15000
2007-08-24,22.39050
2007-08-27,22.81950
2007-08-28,22.92440
2007-08-29,22.93640
2007-08-30,23.03990
2007-08-31,23.20870
2007-09-03,23.37100
2007-09-04,23.48030
2007-09-05,23.44350
2007-09-06,23.64760
2007-09-07,23.59500
2007-09-10,23.68810
2007-09-11,23.63080
2007-09-12,23.63660
2007-09-13,23.82530
2007-09-14,23.83180
2007-09-17,23.76990
2007-09-18,23.94520
2007-09-19,24.54960
2007-09-20,24.65600
2007-09-21,24.89470
2007-09-24,25.14600
2007-09-25,25.22350
2007-09-26,25.28130
2007-09-27,25.36490
2007-09-28,25.50150
2007-10-01,25.54860
2007-10-03,26.08170
2007-10-04,26.11990
2007-10-05,26.12550
2007-10-08,25.80920
2007-10-09,26.51890
2007-10-10,26.80660
2007-10-11,27.10690
2007-10-12,26.68730
2007-10-15,27.26940
2007-10-16,27.33790
2007-10-17,27.02340
2007-10-18,26.40520
2007-10-19,25.72210
2007-10-22,25.77170
2007-10-23,26.84000
2007-10-24,26.84670
2007-10-25,27.09440
2007-10-26,27.57150
2007-10-29,28.34210
2007-10-30,28.19460
2007-10-31,28.21500
2007-11-01,28.07200
2007-11-02,28.25330
2007-11-05,27.97030
2007-11-06,27.70140
2007-11-07,27.55170
2007-11-08,27.36010
2007-11-12,26.96920
2007-11-13,27.35070
2007-11-14,28.21320
2007-11-15,28.22280
2007-11-16,28.32650
2007-11-19,28.37520
2007-11-20,28.06120
2007-11-21,27.35850
2007-11-22,27.30960
2007-11-23,27.61280
2007-11-26,27.97570
2007-11-27,27.90840
2007-11-28,27.76570
2007-11-29,27.84950
2007-11-30,28.37090
2007-12-03,28.58630
2007-12-04,28.57580
2007-12-05,28.77770
2007-12-06,28.84650
2007-12-07,28.97580
2007-12-10,29.00650
2007-12-11,29.35450
2007-12-12,29.42430
2007-12-13,29.12650
2007-12-14,28.90250
2007-12-17,28.07000
2007-12-18,27.95830
2007-12-19,27.81830
2007-12-20,27.89030
2007-12-24,28.45810
2007-12-26,28.82830
2007-12-27,28.81880
2007-12-28,28.94680
2007-12-31,29.12450
2008-01-01,29.12010
2008-01-02,29.37550
2008-01-03,29.11590
2008-01-04,29.40300
2008-01-07,29.36470
2008-01-08,29.23820
2008-01-09,29.27300
2008-01-10,28.94010
2008-01-11,28.99410
2008-01-14,28.89140
2008-01-15,28.49820
2008-01-16,28.09960
2008-01-17,28.08740
2008-01-18,27.33390
2008-01-21,25.98020
2008-01-22,25.47500
2008-01-23,26.41540
2008-01-24,25.98910
2008-01-25,26.91290
2008-01-28,26.70100
2008-01-29,26.62190
2008-01-30,26.29860
2008-01-31,26.21790
2008-02-01,26.54660
2008-02-04,26.91640
2008-02-05,26.91520
2008-02-06,26.35740
2008-02-07,25.87160
2008-02-08,25.70140
2008-02-11,25.11120
2008-02-12,25.09600
2008-02-13,25.40250
2008-02-14,26.09660
2008-02-15,26.34240
2008-02-18,26.24720
2008-02-19,26.28260
2008-02-20,25.82680
2008-02-21,25.81130
2008-02-22,25.42380
2008-02-25,25.67600
2008-02-26,25.86150
2008-02-27,25.96570
2008-02-28,26.01030
2008-02-29,25.70860
2008-03-03,24.82600
2008-03-04,24.52970
2008-03-05,24.67370
2008-03-07,24.09640
2008-03-10,23.92800
2008-03-11,24.14940
2008-03-12,24.26630
2008-03-13,23.53660
2008-03-14,23.85510
2008-03-17,22.81680
2008-03-18,22.80640
2008-03-19,22.93540
2008-03-24,23.21870
2008-03-25,24.14690
2008-03-26,24.21570
2008-03-27,24.11960
2008-03-28,24.38730
2008-03-31,23.70410
2008-04-01,23.62830
2008-04-02,23.81000
2008-04-03,23.79980
2008-04-04,23.25780
2008-04-07,23.55600
2008-04-08,23.48140
2008-04-09,23.76050
2008-04-10,23.61350
2008-04-11,23.73630
2008-04-15,24.04530
2008-04-16,24.13810
2008-04-17,24.41190
2008-04-21,24.64160
2008-04-22,24.75920
2008-04-23,24.69100
2008-04-24,24.74800
2008-04-25,25.12300
2008-04-28,25.08450
2008-04-29,25.36070
2008-04-30,25.23750
2008-05-02,25.49800
2008-05-05,25.47510
2008-05-06,25.35800
2008-05-07,25.20750
2008-05-08,24.93710
2008-05-09,24.61290
2008-05-12,24.64120
2008-05-13,24.53650
2008-05-14,24.73360
2008-05-15,25.04830
2008-05-16,25.12650
2008-05-20,25.00260
2008-05-21,24.92500
2008-05-23,21.49920
2008-05-26,21.19130
2008-05-27,21.16030
2008-05-28,21.33890
2008-05-29,21.16160
2008-05-30,21.34740
2008-06-02,21.11610
2008-06-03,20.97470
2008-06-04,20.50630
2008-06-05,20.64770
2008-06-06,20.52690
2008-06-09,20.17150
2008-06-10,19.99820
2008-06-11,20.27040
2008-06-12,20.30340
2008-06-13,20.20230
2008-06-16,20.40450
2008-06-17,20.69420
2008-06-18,20.48520
2008-06-19,20.16480
2008-06-20,19.72840
2008-06-23,19.43080
2008-06-24,19.19680
2008-06-25,19.21730
2008-06-26,19.32850
2008-06-27,18.77060
2008-06-30,18.42790
2008-07-01,18.03930
2008-07-02,18.68120
2008-07-03,18.12640
2008-07-04,18.50240
2008-07-07,18.59210
2008-07-08,18.47800
2008-07-09,19.02900
2008-07-10,18.95750
2008-07-11,18.58300
2008-07-14,18.40720
2008-07-15,17.82920
2008-07-16,17.69570
2008-07-17,18.16950
2008-07-18,18.60220
2008-07-21,18.71210
2008-07-22,18.94520
2008-07-23,19.83190
2008-07-24,19.70430
2008-07-25,19.25560
2008-07-28,19.30650
2008-07-29,18.74600
2008-07-30,19.22780
2008-07-31,19.20180
2008-08-01,19.53880
2008-08-04,19.53800
2008-08-05,19.94890
2008-08-06,20.09940
2008-08-07,20.18110
2008-08-08,20.26080
2008-08-11,20.53740
2008-08-12,20.28150
2008-08-13,20.19550
2008-08-14,19.90080
2008-08-18,19.81230
2008-08-19,19.69500
2008-08-20,19.87560
2008-08-21,19.51510
2008-08-22,19.63740
2008-08-25,19.72620
2008-08-26,19.78720
2008-08-27,19.63430
2008-08-28,19.43960
2008-08-29,19.87810
2008-09-01,19.83300
2008-09-02,20.30150
2008-09-04,20.20700
2008-09-05,19.82060
2008-09-08,20.17040
2008-09-09,20.12590
2008-09-10,19.94910
2008-09-11,19.69620
2008-09-12,19.45360
2008-09-15,19.13330
2008-09-16,19.09280
2008-09-17,18.88040
2008-09-18,18.93600
2008-09-19,19.55210
2008-09-22,19.48500
2008-09-23,19.14360
2008-09-24,19.27060
2008-09-25,19.14320
2008-09-26,18.70410
2008-09-29,18.30230
2008-09-30,18.60490
2008-10-01,18.79640
2008-10-03,18.38560
2008-10-06,17.69610
2008-10-07,17.47750
2008-10-08,17.18260
2008-10-10,16.44590
2008-10-13,17.09200
2008-10-14,17.23790
2008-10-15,16.75250
2008-10-16,16.54530
2008-10-17,16.03600
2008-10-20,16.17880
2008-10-21,16.54130
2008-10-22,16.07900
2008-10-23,15.73360
2008-10-24,14.84080
2008-10-27,14.70220
2008-10-29,15.24050
2008-10-31,15.84270
2008-11-03,16.29890
2008-11-04,16.53000
2008-11-05,16.10640
2008-11-06,15.77020
2008-11-07,15.90200
2008-11-10,16.46530
2008-11-11,15.80560
2008-11-12,15.55550
2008-11-14,15.38080
2008-11-17,15.17690
2008-11-18,14.85450
2008-11-19,14.68900
2008-11-20,14.37130
2008-11-21,14.75360
2008-11-24,14.73330
2008-11-25,14.59620
2008-11-26,14.88840
2008-11-28,15.03550
2008-12-01,14.79630
2008-12-02,14.72870
2008-12-03,14.69780
2008-12-04,15.11940
2008-12-05,14.93760
2008-12-08,15.12170
2008-12-10,15.57070
2008-12-11,15.60350
2008-12-12,15.58430
2008-12-15,15.81990
2008-12-16,15.95500
2008-12-17,15.72050
2008-12-18,16.03910
2008-12-19,16.07450
2008-12-22,15.86100
2008-12-23,15.60320
2008-12-24,15.52010
2008-12-26,15.34870
2008-12-29,15.61200
2008-12-30,15.82600
2008-12-31,15.76480
2009-01-01,16.01540
2009-01-02,16.09840
2009-01-05,16.34290
2009-01-06,16.44600
2009-01-07,15.76000
2009-01-09,15.60700
2009-01-12,15.36460
2009-01-13,15.29310
2009-01-14,15.54590
2009-01-15,15.26980
2009-01-16,15.45740
2009-01-19,15.47290
2009-01-20,15.24360
2009-01-21,14.91640
2009-01-22,14.96670
2009-01-23,14.81660
2009-01-27,15.10720
2009-01-28,15.35000
2009-01-29,15.25770
2009-01-30,15.36560
2009-02-02,15.09240
2009-02-03,15.19630
2009-02-04,15.23420
2009-02-05,15.12670
2009-02-06,15.36490
2009-02-09,15.62020
2009-02-10,15.71980
2009-02-11,15.71600
2009-02-12,15.59490
2009-02-13,15.75610
2009-02-16,15.42850
2009-02-17,15.18610
2009-02-18,15.16520
2009-02-19,15.18980
2009-02-20,15.02170
2009-02-24,14.95540
2009-02-25,15.00190
2009-02-26,15.04070
2009-02-27,15.01500
2009-03-02,14.76830
2009-03-03,14.63120
2009-03-04,14.64430
2009-03-05,14.44230
2009-03-06,14.57730
2009-03-09,14.47280
2009-03-12,14.60570
2009-03-13,14.93750
2009-03-16,15.13250
2009-03-17,15.04070
2009-03-18,15.19710
2009-03-19,15.19510
2009-03-20,15.14090
2009-03-23,15.52920
2009-03-24,15.63120
2009-03-25,15.80670
2009-03-26,16.12520
2009-03-27,16.17800
2009-03-30,15.79220
2009-03-31,16.00700
2009-04-01,16.13650
2009-04-02,16.52770
2009-04-06,16.76180
2009-04-08,16.87780
2009-04-09,16.98550
2009-04-13,17.14130
2009-04-15,17.48320
2009-04-16,17.22330
2009-04-17,17.40820
2009-04-20,17.46010
2009-04-21,17.45050
2009-04-22,17.32370
2009-04-23,17.59610
2009-04-24,17.79230
2009-04-27,17.80730
2009-04-28,17.46070
2009-04-29,17.83890
2009-05-04,18.41880
2009-05-05,18.47210
2009-05-06,18.30700
2009-05-07,18.46290
2009-05-08,18.29060
2009-05-11,18.13010
2009-05-12,18.57860
2009-05-13,18.55700
2009-05-14,18.47640
2009-05-15,18.80470
2009-05-19,21.05240
2009-05-20,20.78470
2009-05-21,20.36610
2009-05-22,20.56890
2009-05-25,20.57620
2009-05-26,20.22800
2009-05-27,20.75560
2009-05-29,19.10560
2009-06-01,19.18690
2009-06-02,19.19270
2009-06-03,19.19900
2009-06-04,19.45050
2009-06-05,19.73080
2009-06-08,19.35480
2009-06-09,19.72210
2009-06-10,20.08770
2009-06-11,20.03680
2009-06-12,19.80420
2009-06-15,19.54110
2009-06-16,19.63940
2009-06-17,19.24990
2009-06-18,19.00340
2009-06-19,19.24150
2009-06-22,19.09100
2009-06-23,19.04520
2009-06-24,19.18570
2009-06-25,19.18270
2009-06-26,19.54850
2009-06-29,19.61910
2009-06-30,19.34720
2009-07-01,19.47980
2009-07-02,19.44910
2009-07-03,19.67110
2009-07-06,18.91560
2009-07-07,19.14430
2009-07-08,18.83840
2009-07-09,18.84120
2009-07-10,18.58330
2009-07-13,18.43270
2009-07-14,18.87540
2009-07-15,19.26860
2009-07-16,19.33010
2009-07-17,19.70730
2009-07-20,20.10230
2009-07-21,20.01170
2009-07-22,19.73170
2009-07-23,19.97620
2009-07-24,20.12450
2009-07-27,20.18090
2009-07-28,20.11880
2009-07-29,19.86560
2009-07-30,19.96650
2009-07-31,20.12680
2009-08-03,20.29860
2009-08-04,20.28090
2009-08-05,20.37750
2009-08-06,20.10310
2009-08-07,19.82240
2009-08-10,19.66890
2009-08-11,19.73530
2009-08-12,19.76040
2009-08-13,20.13960
2009-08-14,20.03650
2009-08-17,19.59990
2009-08-18,19.78050
2009-08-19,19.59240
2009-08-20,19.77820
2009-08-21,20.00380
2009-08-24,20.27430
2009-08-25,20.28020
2009-08-26,20.35700
2009-08-27,20.36670
2009-08-28,20.51120
2009-08-31,20.34600
2009-09-01,20.19980
2009-09-02,20.13320
2009-09-03,20.06410
2009-09-04,20.29180
2009-09-07,20.53920
2009-09-08,20.59520
2009-09-09,20.59090
2009-09-10,20.60550
2009-09-11,20.60290
2009-09-14,20.57220
2009-09-15,20.77450
2009-09-16,20.90870
2009-09-17,20.93930
2009-09-18,20.97070
2009-09-22,21.06010
2009-09-23,20.93650
2009-09-24,20.99620
2009-09-25,20.96780
2009-09-29,21.08940
2009-09-30,21.28400
2009-10-01,21.29050
2009-10-05,21.06150
2009-10-06,21.09290
2009-10-07,21.04610
2009-10-08,21.09610
2009-10-09,20.97650
2009-10-12,21.22220
2009-10-14,21.32190
2009-10-15,21.31910
2009-10-16,21.39610
2009-10-20,21.28900
2009-10-21,21.15320
2009-10-22,21.00920
2009-10-23,20.98780
2009-10-26,20.92050
2009-10-27,20.65410
2009-10-28,20.59230
2009-10-29,20.38190
2009-10-30,20.32900
2009-11-03,20.04780
2009-11-04,20.35480
2009-11-05,20.55070
2009-11-06,20.68450
2009-11-09,20.95340
2009-11-10,20.87260
2009-11-11,21.19040
2009-11-12,21.06200
2009-11-13,21.20980
2009-11-16,21.33030
2009-11-17,21.37930
2009-11-18,21.32800
2009-11-19,21.16030
2009-11-20,21.28620
2009-11-23,21.35530
2009-11-24,21.33710
2009-11-25,21.45530
2009-11-26,21.27750
2009-11-27,21.11410
2009-11-30,21.33200
2009-12-01,21.52080
2009-12-02,21.48330
2009-12-03,21.51300
2009-12-04,21.47620
2009-12-07,21.44160
2009-12-08,21.65340
2009-12-09,21.59570
2009-12-10,21.65160
2009-12-11,21.62920
2009-12-14,21.65400
2009-12-15,21.46270
2009-12-16,21.46950
2009-12-17,21.45970
2009-12-18,21.34820
2009-12-21,21.26550
2009-12-22,21.34520
2009-12-23,21.65070
2009-12-24,21.69240
2009-12-29,21.72870
2009-12-30,21.72010
2009-12-31,21.81430
2010-01-04,21.87300
2010-01-05,21.94160
2010-01-06,21.98010
2010-01-07,21.88900
2010-01-08,21.84990
2010-01-11,21.93860
2010-01-12,21.87400
2010-01-13,21.90980
2010-01-14,22.02890
2010-01-15,22.00930
2010-01-18,22.16890
2010-01-19,22.08390
2010-01-20,22.11070
2010-01-21,21.75610
2010-01-22,21.58410
2010-01-25,21.47730
2010-01-27,21.14670
2010-01-28,21.22530
2010-01-29,21.33940
2010-02-01,21.48220
2010-02-02,21.27930
2010-02-03,21.56200
2010-02-04,21.35960
2010-02-05,21.03280
2010-02-08,21.19270
2010-02-09,21.38300
2010-02-10,21.30610
2010-02-11,21.41500
2010-02-15,21.30180
2010-02-16,21.39670
2010-02-17,21.53730
2010-02-18,21.53400
2010-02-19,21.40710
2010-02-22,21.34380
2010-02-23,21.33780
2010-02-24,21.31890
2010-02-25,21.38270
2010-02-26,21.57910
2010-03-02,21.81480
2010-03-03,21.98920
2010-03-04,21.98430
2010-03-05,22.08720
2010-03-08,22.18920
2010-03-09,22.16050
2010-03-10,22.17560
2010-03-11,22.20100
2010-03-12,22.20840
2010-03-15,22.14660
2010-03-16,22.24780
2010-03-17,22.36410
2010-03-18,22.41770
2010-03-19,22.47580
2010-03-22,22.36710
2010-03-23,22.38800
2010-03-25,22.52150
2010-03-26,22.58180
2010-03-29,22.61240
2010-03-30,22.48780
2010-03-31,22.48890
2010-04-01,22.57760
2010-04-05,22.80280
2010-04-06,22.84370
2010-04-07,22.87910
2010-04-08,22.70490
2010-04-09,22.86810
2010-04-12,22.78810
2010-04-13,22.78960
2010-04-15,22.68280
2010-04-16,22.61200
2010-04-19,22.47900
2010-04-20,22.56500
2010-04-21,22.62520
2010-04-22,22.66800
2010-04-23,22.70100
2010-04-26,22.75710
2010-04-27,22.72520
2010-04-28,22.56670
2010-04-29,22.63090
2010-04-30,22.72320
2010-05-03,22.63680
2010-05-04,22.46770
2010-05-05,22.45800
2010-05-06,22.35790
2010-05-07,22.16140
2010-05-10,22.56700
2010-05-11,22.41750
2010-05-12,22.43910
2010-05-13,22.54400
2010-05-14,22.41630
2010-05-17,22.34480
2010-05-18,22.40570
2010-05-19,22.03170
2010-05-20,22.06630
2010-05-21,21.95140
2010-05-24,18.96290
2010-05-25,18.67340
2010-05-26,18.88340
2010-05-27,19.07100
2010-05-28,19.18270
2010-05-31,19.23480
2010-06-01,19.00170
2010-06-02,19.12800
2010-06-03,19.32630
2010-06-04,19.34600
2010-06-07,19.14660
2010-06-08,19.03320
2010-06-09,19.16510
2010-06-10,19.38090
2010-06-11,19.45210
2010-06-14,19.61050
2010-06-15,19.61020
2010-06-16,19.65140
2010-06-17,19.76710
2010-06-18,19.71460
2010-06-21,19.91390
2010-06-22,19.83530
2010-06-23,19.87240
2010-06-24,19.85370
2010-06-25,19.74510
2010-06-28,19.91620
2010-06-29,19.80190
2010-06-30,19.92470
2010-07-01,19.84400
2010-07-02,19.76880
2010-07-05,19.78660
2010-07-06,19.88250
2010-07-07,19.81650
2010-07-08,19.92490
2010-07-09,20.09690
2010-07-12,20.14390
2010-07-13,20.15330
2010-07-14,20.08840
2010-07-15,20.04360
2010-07-16,20.10760
2010-07-19,20.11040
2010-07-20,20.05170
2010-07-21,20.08760
2010-07-22,20.12970
2010-07-23,20.18410
2010-07-26,20.12910
2010-07-27,20.13220
2010-07-28,20.09360
2010-07-29,20.10900
2010-07-30,20.03420
2010-08-02,20.15440
2010-08-03,20.25370
2010-08-04,20.34510
2010-08-05,20.29660
2010-08-06,20.24220
2010-08-09,20.35780
2010-08-10,20.29660
2010-08-11,20.19910
2010-08-12,20.19080
2010-08-13,20.31880
2010-08-16,20.34320
2010-08-17,20.37200
2010-08-18,20.50450
2010-08-19,20.67690
2010-08-20,20.66300
2010-08-23,20.71840
2010-08-24,20.63890
2010-08-25,20.50930
2010-08-26,20.55480
2010-08-27,20.45550
2010-08-30,20.47580
2010-08-31,20.45660
2010-09-01,20.58770
2010-09-02,20.58420
2010-09-03,20.62420
2010-09-06,20.80260
2010-09-07,20.88920
2010-09-08,20.90420
2010-09-09,21.02130
2010-09-13,21.27520
2010-09-14,21.42680
2010-09-15,21.52040
2010-09-16,21.39880
2010-09-17,21.54610
2010-09-20,21.70740
2010-09-21,21.79820
2010-09-22,21.74960
2010-09-23,21.62540
2010-09-24,21.77950
2010-09-27,21.80520
2010-09-28,21.79630
2010-09-29,21.71690
2010-09-30,21.70330
2010-10-01,21.96710
2010-10-04,22.01430
2010-10-05,22.01000
2010-10-06,22.11290
2010-10-07,21.99220
2010-10-08,21.89600
2010-10-11,21.96930
2010-10-12,21.84250
2010-10-13,22.10980
2010-10-14,21.98200
2010-10-15,21.70430
2010-10-18,21.68670
2010-10-19,21.59860
2010-10-20,21.52260
2010-10-21,21.73380
2010-10-22,21.70260
2010-10-25,21.80080
2010-10-26,21.70540
2010-10-27,21.53090
2010-10-28,21.55540
2010-10-29,21.53640
2010-11-01,21.77970
2010-11-02,21.86220
2010-11-03,21.94970
2010-11-04,22.14410
2010-11-08,22.09980
2010-11-09,22.17500
2010-11-10,22.11400
2010-11-11,21.92260
2010-11-12,21.62170
2010-11-15,21.69340
2010-11-16,21.49750
2010-11-18,21.54450
2010-11-19,21.31360
2010-11-22,21.53750
2010-11-23,21.42500
2010-11-24,21.26670
2010-11-25,21.14460
2010-11-26,21.04700
2010-11-29,21.18320
2010-11-30,21.37310
2010-12-01,21.50240
2010-12-02,21.60870
2010-12-03,21.56240
2010-12-06,21.53600
2010-12-07,21.43840
2010-12-08,21.32390
2010-12-09,20.97890
2010-12-10,21.16300
2010-12-13,21.27450
2010-12-14,21.35880
2010-12-15,21.22080
2010-12-16,21.35480
2010-12-20,21.29910
2010-12-21,21.38780
2010-12-22,21.37490
2010-12-23,21.33280
2010-12-24,21.36790
2010-12-27,21.30000
2010-12-28,21.29610
2010-12-29,21.43990
2010-12-30,21.51110
2010-12-31,21.62830
2011-01-03,21.68800
2011-01-04,21.65570
2011-01-05,21.51800
2011-01-06,21.47610
2011-01-07,21.16710
2011-01-10,20.84860
2011-01-11,20.83080
2011-01-12,21.05520
2011-01-13,20.80860
2011-01-14,20.61710
2011-01-17,20.64930
2011-01-18,20.73920
2011-01-19,20.74780
2011-01-20,20.77640
2011-01-21,20.73020
2011-01-24,20.82230
2011-01-25,20.69710
2011-01-27,20.48820
2011-01-28,20.26680
2011-01-31,20.33850
2011-02-01,20.09030
2011-02-02,20.15830
2011-02-03,20.34960
2011-02-04,20.02180
2011-02-07,20.00300
2011-02-08,19.79040
2011-02-09,19.75020
2011-02-10,19.66720
2011-02-11,19.82440
2011-02-14,20.22210
2011-02-15,20.34630
2011-02-16,20.31600
2011-02-17,20.45660
2011-02-18,20.28780
2011-02-21,20.38900
2011-02-22,20.26070
2011-02-23,20.16870
2011-02-24,19.85800
2011-02-25,19.89460
2011-02-28,19.89900
2011-03-01,20.32190
2011-03-03,20.28820
2011-03-04,20.30220
2011-03-07,20.16970
2011-03-08,20.35550
2011-03-09,20.40790
2011-03-10,20.37050
2011-03-11,20.26510
2011-03-14,20.39410
2011-03-15,20.19730
2011-03-16,20.37470
2011-03-17,20.31660
2011-03-18,20.16360
2011-03-21,20.11140
2011-03-22,20.20330
2011-03-23,20.36880
2011-03-24,20.46660
2011-03-25,20.73760
2011-03-28,20.84250
2011-03-29,20.94620
2011-03-30,21.11440
2011-03-31,21.19610
2011-04-01,21.19550
2011-04-04,21.39990
2011-04-05,21.43090
2011-04-06,21.41580
2011-04-07,21.40180
2011-04-08,21.29590
2011-04-11,21.25380
2011-04-13,21.48350
2011-04-15,21.24950
2011-04-18,21.06950
2011-04-19,21.07500
2011-04-20,21.30320
2011-04-21,21.34090
2011-04-25,21.35210
2011-04-26,21.31190
2011-04-27,21.28700
2011-04-28,21.22430
2011-04-29,21.10370
2011-05-02,20.99370
2011-05-03,20.74040
2011-05-04,20.71570
2011-05-05,20.51830
2011-05-06,20.69540
2011-05-09,20.78350
2011-05-10,20.76400
2011-05-11,20.83180
2011-05-12,20.70610
2011-05-13,20.82510
2011-05-16,20.73040
2011-05-17,20.60270
2011-05-18,20.53970
2011-05-19,20.52390
2011-05-20,20.66460
2011-05-23,17.41530
2011-05-24,17.48580
2011-05-25,17.44010
2011-05-26,17.52520
2011-05-27,17.67360
2011-05-30,17.67070
2011-05-31,17.83860
2011-06-01,17.88670
2011-06-02,17.80940
2011-06-03,17.76150
2011-06-06,17.79920
2011-06-07,17.86050
2011-06-08,17.81310
2011-06-09,17.80070
2011-06-10,17.73500
2011-06-13,17.75800
2011-06-14,17.81570
2011-06-15,17.71320
2011-06-16,17.63480
2011-06-17,17.61700
2011-06-20,17.43490
2011-06-21,17.47670
2011-06-22,17.40830
2011-06-23,17.45560
2011-06-24,17.72770
2011-06-27,17.87690
2011-06-28,17.93050
2011-06-29,18.05130
2011-06-30,18.09020
2011-07-01,18.05430
2011-07-04,18.13670
2011-07-05,18.10290
2011-07-06,18.07270
2011-07-07,18.28430
2011-07-08,18.18300
2011-07-11,18.08860
2011-07-12,17.93600
2011-07-13,18.07830
2011-07-14,18.07230
2011-07-15,18.01830
2011-07-18,17.99270
2011-07-19,18.06720
2011-07-20,17.91370
2011-07-21,17.87540
2011-07-22,18.10470
2011-07-25,18.24680
2011-07-26,18.06450
2011-07-27,18.09670
2011-07-28,17.94620
2011-07-29,17.96310
2011-08-01,18.03790
2011-08-02,17.90910
2011-08-03,17.81470
2011-08-04,17.71530
2011-08-05,17.49610
2011-08-08,17.36190
2011-08-09,17.30880
2011-08-10,17.43430
2011-08-11,17.38200
2011-08-12,17.22610
2011-08-16,17.16450
2011-08-17,17.18850
2011-08-18,16.98990
2011-08-19,16.79380
2011-08-22,16.94510
2011-08-23,17.00090
2011-08-24,16.92480
2011-08-25,16.85710
2011-08-26,16.64530
2011-08-29,16.94440
2011-08-30,17.09720
2011-09-02,17.22230
2011-09-05,17.20610
2011-09-06,17.24220
2011-09-07,17.41990
2011-09-08,17.46600
2011-09-09,17.28340
2011-09-12,17.06840
2011-09-13,17.07080
2011-09-14,17.25270
2011-09-15,17.32460
2011-09-16,17.30900
2011-09-19,17.26570
2011-09-20,17.43840
2011-09-21,17.50560
2011-09-22,17.06610
2011-09-23,17.01080
2011-09-26,16.91470
2011-09-27,17.18270
2011-09-28,17.10090
2011-09-29,17.24900
2011-09-30,17.15890
2011-10-03,16.93930
2011-10-04,16.73830
2011-10-05,16.65130
2011-10-07,16.81880
2011-10-10,17.01650
2011-10-11,17.01430
2011-10-12,17.25310
2011-10-13,17.20290
2011-10-14,17.36250
2011-10-17,17.32150
2011-10-18,17.18670
2011-10-19,17.37760
2011-10-20,17.30830
2011-10-21,17.21730
2011-10-24,17.31970
2011-10-25,17.48570
2011-10-28,17.77060
2011-10-31,17.79170
2011-11-01,17.68260
2011-11-02,17.60470
2011-11-03,17.62700
2011-11-04,17.68350
2011-11-08,17.66640
2011-11-09,17.48670
2011-11-11,17.36520
2011-11-14,17.35110
2011-11-15,17.14060
2011-11-16,17.06920
2011-11-17,16.89860
2011-11-18,16.84350
2011-11-21,16.58380
2011-11-22,16.60090
2011-11-23,16.36960
2011-11-24,16.54540
2011-11-25,16.48320
2011-11-28,16.73090
2011-11-29,16.60600
2011-11-30,16.67700
2011-12-01,16.85040
2011-12-02,17.09690
2011-12-05,17.06760
2011-12-07,17.01620
2011-12-08,16.76350
2011-12-09,16.61440
2011-12-12,16.37090
2011-12-13,16.48350
2011-12-14,16.40110
2011-12-15,16.33000
2011-12-16,16.18190
2011-12-19,16.06300
2011-12-20,15.90510
2011-12-21,16.21850
2011-12-22,16.30640
2011-12-23,16.25630
2011-12-26,16.38930
2011-12-27,16.32050
2011-12-28,16.26870
2011-12-29,16.18340
2011-12-30,16.16200
2012-01-02,16.15010
2012-01-03,16.44050
2012-01-04,16.42130
2012-01-05,16.37520
2012-01-06,16.34730
2012-01-09,16.35800
2012-01-10,16.59000
2012-01-11,16.62080
2012-01-12,16.58880
2012-01-13,16.72550
2012-01-16,16.70090
2012-01-17,16.87500
2012-01-18,16.78220
2012-01-19,16.88310
2012-01-20,16.99330
2012-01-23,17.00810
2012-01-24,17.14850
2012-01-25,17.22200
2012-01-27,17.37240
2012-01-30,17.10310
2012-01-31,17.36460
2012-02-01,17.44700
2012-02-02,17.60780
2012-02-03,17.78810
2012-02-06,17.86260
2012-02-07,17.80340
2012-02-08,17.82120
2012-02-09,17.90110
2012-02-10,17.93700
2012-02-13,18.01450
2012-02-14,18.01360
2012-02-15,18.24240
2012-02-16,18.17010
2012-02-17,18.23320
2012-02-21,18.31640
2012-02-22,18.08380
2012-02-23,18.08050
2012-02-24,18.01970
2012-02-27,17.74030
2012-02-28,17.95590
2012-02-29,18.03100
2012-03-01,17.95320
2012-03-02,17.95830
2012-03-05,17.80200
2012-03-06,17.70150
2012-03-07,17.67270
2012-03-09,17.89260
2012-03-12,17.95820
2012-03-13,18.08280
2012-03-14,18.14490
2012-03-15,18.00630
2012-03-16,17.87470
2012-03-19,17.75240
2012-03-20,17.81280
2012-03-21,17.98900
2012-03-22,17.73570
2012-03-23,17.85240
2012-03-26,17.69100
2012-03-27,17.77760
2012-03-28,17.68950
2012-03-29,17.72160
2012-03-30,18.02080
2012-04-02,18.07110
2012-04-03,18.14300
2012-04-04,18.11880
2012-04-09,17.97710
2012-04-10,17.95730
2012-04-11,17.92290
2012-04-12,17.99530
2012-04-13,17.84440
2012-04-16,17.84900
2012-04-17,17.96030
2012-04-18,18.00860
2012-04-19,18.08160
2012-04-20,18.01670
2012-04-23,17.79510
2012-04-24,17.78120
2012-04-25,17.72260
2012-04-26,17.72020
2012-04-27,17.72480
2012-04-30,17.85830
2012-05-02,17.86770
2012-05-03,17.76430
2012-05-04,17.55710
2012-05-07,17.61970
2012-05-08,17.44280
2012-05-09,17.30870
2012-05-10,17.32920
2012-05-11,17.22530
2012-05-14,17.11160
2012-05-15,17.18430
2012-05-16,17.05500
2012-05-17,17.02710
2012-05-18,17.08470
2012-05-21,15.08970
2012-05-22,14.98440
2012-05-23,14.91800
2012-05-24,15.10280
2012-05-25,15.14480
2012-05-28,15.29150
2012-05-29,15.27450
2012-05-30,15.18530
2012-05-31,15.23330
2012-06-01,15.03470
2012-06-04,15.02730
2012-06-05,15.07880
2012-06-06,15.29390
2012-06-07,15.40320
2012-06-08,15.42380
2012-06-11,15.40410
2012-06-12,15.50480
2012-06-13,15.49230
2012-06-14,15.35300
2012-06-15,15.51860
2012-06-18,15.37710
2012-06-19,15.42330
2012-06-20,15.47200
2012-06-21,15.56420
2012-06-22,15.56920
2012-06-25,15.49630
2012-06-26,15.55420
2012-06-27,15.59950
2012-06-28,15.59860
2012-06-29,15.85250
2012-07-02,15.90300
2012-07-03,15.96380
2012-07-04,15.97840
2012-07-05,16.03270
2012-07-06,16.00430
2012-07-09,15.92920
2012-07-10,16.01630
2012-07-11,15.95420
2012-07-12,15.85940
2012-07-13,15.83130
2012-07-16,15.83920
2012-07-17,15.84840
2012-07-18,15.89710
2012-07-19,15.92150
2012-07-20,15.87370
2012-07-23,15.71640
2012-07-24,15.75090
2012-07-25,15.72110
2012-07-26,15.64740
2012-07-27,15.72590
2012-07-30,15.88080
2012-07-31,15.92590
2012-08-01,15.95810
2012-08-02,15.98940
2012-08-03,15.96820
2012-08-06,16.06700
2012-08-07,16.12490
2012-08-08,16.10020
2012-08-09,16.06290
2012-08-10,16.05000
2012-08-13,16.10840
2012-08-14,16.17510
2012-08-16,16.15970
2012-08-17,16.17550
2012-08-21,16.22310
2012-08-22,16.20130
2012-08-23,16.19320
2012-08-24,16.16540
2012-08-27,16.12090
2012-08-28,16.06720
2012-08-29,15.99630
2012-08-30,16.05320
2012-08-31,16.02410
2012-09-03,16.03070
2012-09-04,16.05230
2012-09-05,15.95560
2012-09-06,16.01980
2012-09-07,16.15760
2012-09-10,16.21010
2012-09-11,16.27090
2012-09-12,16.33480
2012-09-13,16.33680
2012-09-14,16.49730
2012-09-17,16.55290
2012-09-18,16.54890
2012-09-20,16.48380
2012-09-21,16.71280
2012-09-24,16.73590
2012-09-25,16.78310
2012-09-26,16.78870
2012-09-27,16.73640
2012-09-28,16.89220
2012-10-01,16.95120
2012-10-03,16.97330
2012-10-04,17.02000
2012-10-05,16.94320
2012-10-08,16.86050
2012-10-09,16.87960
2012-10-10,16.76400
2012-10-11,16.83520
2012-10-12,16.76780
2012-10-15,16.79840
2012-10-16,16.75740
2012-10-17,16.82330
2012-10-18,16.93420
2012-10-19,16.86580
2012-10-22,16.91120
2012-10-23,16.88540
2012-10-25,16.91880
2012-10-26,16.82790
2012-10-29,16.81370
2012-10-30,16.71420
2012-10-31,16.75250
2012-11-01,16.82630
2012-11-02,16.86540
2012-11-05,16.87440
2012-11-06,16.93460
2012-11-07,16.95810
2012-11-08,16.88980
2012-11-09,16.83090
2012-11-12,16.87550
2012-11-15,16.81170
2012-11-16,16.74970
2012-11-19,16.72400
2012-11-20,16.72250
2012-11-21,16.75270
2012-11-22,16.82470
2012-11-23,16.80430
2012-11-26,16.93580
2012-11-27,17.08260
2012-11-29,17.36650
2012-11-30,17.48250
2012-12-03,17.56480
2012-12-04,17.55900
2012-12-05,17.53750
2012-12-06,17.57520
2012-12-07,17.51450
2012-12-10,17.50470
2012-12-11,17.46600
2012-12-12,17.45050
2012-12-13,17.43470
2012-12-14,17.49840
2012-12-17,17.50860
2012-12-18,17.53680
2012-12-19,17.60970
2012-12-20,17.59400
2012-12-21,17.47060
2012-12-24,17.50590
2012-12-26,17.62240
2012-12-27,17.58580
2012-12-28,17.65620
2012-12-31,17.72520
2013-01-01,17.82660
2013-01-02,17.86420
2013-01-03,17.93910
2013-01-04,17.95530
2013-01-07,17.98960
2013-01-08,17.99430
2013-01-09,17.99850
2013-01-10,18.00960
2013-01-11,17.95290
2013-01-14,18.08460
2013-01-15,18.14410
2013-01-16,18.04190
2013-01-17,18.11360
2013-01-18,18.10000
2013-01-21,18.11120
2013-01-22,18.07940
2013-01-23,18.08900
2013-01-24,18.00740
2013-01-25,18.07280
2013-01-28,18.06880
2013-01-29,18.03530
2013-01-30,18.05290
2013-01-31,18.00980
2013-02-01,17.97750
2013-02-04,17.90370
2013-02-05,17.82500
2013-02-06,17.79010
2013-02-07,17.77940
2013-02-08,17.69430
2013-02-11,17.66710
2013-02-12,17.75080
2013-02-13,17.77610
2013-02-14,17.67300
2013-02-15,17.64400
2013-02-18,17.63930
2013-02-19,17.75540
2013-02-20,17.76290
2013-02-21,17.55430
2013-02-22,17.59890
2013-02-25,17.55420
2013-02-26,17.40450
2013-02-27,17.46430
2013-02-28,17.28100
2013-03-01,17.30730
2013-03-04,17.27770
2013-03-05,17.44270
2013-03-06,17.48210
2013-03-07,17.52980
2013-03-08,17.66320
2013-03-11,17.64370
2013-03-12,17.57740
2013-03-13,17.42240
2013-03-14,17.49860
2013-03-15,17.43720
2013-03-18,17.34980
2013-03-19,17.19150
2013-03-20,17.06190
2013-03-21,17.03860
2013-03-22,16.96700
2013-03-25,16.93470
2013-03-26,16.95720
2013-03-28,17.05850
2013-04-01,17.13310
2013-04-02,17.27450
2013-04-03,17.13910
2013-04-04,16.98940
2013-04-05,16.98250
2013-04-08,16.99790
2013-04-09,16.90340
2013-04-10,16.96590
2013-04-11,17.00730
2013-04-12,16.85420
2013-04-15,16.91240
2013-04-16,17.12160
2013-04-17,17.13540
2013-04-18,17.30230
2013-04-22,17.44560
2013-04-23,17.47130
2013-04-25,17.60010
2013-04-26,17.56500
2013-04-29,17.63290
2013-04-30,17.68760
2013-05-02,17.77430
2013-05-03,17.70520
2013-05-06,17.78410
2013-05-07,17.92030
2013-05-08,17.98390
2013-05-09,17.95160
2013-05-10,18.04150
2013-05-13,17.92270
2013-05-14,18.03240
2013-05-15,18.29510
2013-05-16,18.37810
2013-05-17,18.37210
2013-05-20,18.28110
2013-05-21,18.17610
2013-05-22,18.17210
2013-05-23,17.94740
2013-05-24,18.03700
2013-05-27,16.24950
2013-05-28,16.32220
2013-05-29,16.28980
2013-05-30,16.31570
2013-05-31,16.14620
2013-06-03,16.17700
2013-06-04,16.15310
2013-06-05,16.13850
2013-06-06,16.09070
2013-06-07,16.04580
2013-06-10,15.99720
2013-06-11,15.79800
2013-06-12,15.77870
2013-06-13,15.70240
2013-06-14,15.84240
2013-06-17,15.93520
2013-06-18,15.90920
2013-06-19,15.93620
2013-06-20,15.62180
2013-06-21,15.63440
2013-06-24,15.41210
2013-06-25,15.42490
2013-06-26,15.31470
2013-06-27,15.41930
2013-06-28,15.71720
2013-07-01,15.79500
2013-07-02,15.78000
2013-07-03,15.62370
2013-07-04,15.72730
2013-07-05,15.75570
2013-07-08,15.66680
2013-07-09,15.77900
2013-07-10,15.72460
2013-07-11,15.91560
2013-07-12,16.04930
2013-07-15,16.08040
2013-07-16,15.75210
2013-07-17,15.73580
2013-07-18,15.88310
2013-07-19,15.88440
2013-07-22,15.86310
2013-07-23,15.86740
2013-07-24,15.68270
2013-07-25,15.59930
2013-07-26,15.58340
2013-07-29,15.49750
2013-07-30,15.30400
2013-07-31,15.32610
2013-08-01,15.34440
2013-08-02,15.20350
2013-08-05,15.20960
2013-08-06,14.89590
2013-08-07,14.93800
2013-08-08,15.03490
2013-08-12,15.03970
2013-08-13,15.16230
2013-08-14,15.18370
2013-08-16,14.74380
2013-08-19,14.42510
2013-08-20,14.49000
2013-08-21,14.52500
2013-08-22,14.68090
2013-08-23,14.75740
2013-08-26,14.78910
2013-08-27,14.40800
2013-08-28,14.26090
2013-08-29,14.48140
2013-08-30,14.60230
2013-09-02,14.70960
2013-09-03,14.40090
2013-09-04,14.64920
2013-09-05,14.94380
2013-09-06,15.11900
2013-09-10,15.40270
2013-09-11,15.46590
2013-09-12,15.35580
2013-09-13,15.35370
2013-09-16,15.45230
2013-09-17,15.44780
2013-09-18,15.52820
2013-09-19,15.91440
2013-09-20,15.71650
2013-09-23,15.48250
2013-09-24,15.51660
2013-09-25,15.45730
2013-09-26,15.46480
2013-09-27,15.38210
2013-09-30,15.24990
2013-10-01,15.35470
2013-10-03,15.53830
2013-10-04,15.56200
2013-10-07,15.52480
2013-10-08,15.64330
2013-10-09,15.80300
2013-10-10,15.83710
2013-10-11,15.94020
2013-10-14,15.94280
2013-10-15,15.84030
2013-10-17,15.83300
2013-10-18,16.06570
2013-10-21,16.10290
2013-10-22,16.12340
2013-10-23,16.07740
2013-10-24,16.06640
2013-10-25,16.05270
2013-10-28,15.98740
2013-10-29,16.20150
2013-10-30,16.37330
2013-10-31,16.46270
2013-11-01,16.51210
2013-11-05,16.50150
2013-11-06,16.41550
2013-11-07,16.32220
2013-11-08,16.26580
2013-11-11,16.20000
2013-11-12,16.10470
2013-11-13,16.06430
2013-11-14,16.16370
2013-11-18,16.33260
2013-11-19,16.39810
2013-11-20,16.30320
2013-11-21,16.13760
2013-11-22,16.15320
2013-11-25,16.30920
2013-11-26,16.22900
2013-11-27,16.27420
2013-11-28,16.38150
2013-11-29,16.51050
2013-12-02,16.64830
2013-12-03,16.64320
2013-12-04,16.56370
2013-12-05,16.67300
2013-12-06,16.70320
2013-12-09,16.80340
2013-12-10,16.73140
2013-12-11,16.75600
2013-12-12,16.69480
2013-12-13,16.52800
2013-12-16,16.49150
2013-12-17,16.48970
2013-12-18,16.66290
2013-12-19,16.59100
2013-12-20,16.78360
2013-12-23,16.79500
2013-12-24,16.76820
2013-12-26,16.81430
2013-12-27,16.83810
2013-12-30,16.78720
2013-12-31,16.83050
2014-01-01,16.84800
2014-01-02,16.66920
2014-01-03,16.66990
2014-01-06,16.64920
2014-01-07,16.63210
2014-01-08,16.69600
2014-01-09,16.70760
2014-01-10,16.67830
2014-01-13,16.82820
2014-01-14,16.80230
2014-01-15,16.87870
2014-01-16,16.87020
2014-01-17,16.78860
2014-01-20,16.84560
2014-01-21,16.88680
2014-01-22,16.92300
2014-01-23,16.95470
2014-01-24,16.81710
2014-01-27,16.58480
2014-01-28,16.56680
2014-01-29,16.52150
2014-01-30,16.43790
2014-01-31,16.51300
2014-02-03,16.41450
2014-02-04,16.45360
2014-02-05,16.50320
2014-02-06,16.47420
2014-02-07,16.51510
2014-02-10,16.49370
2014-02-11,16.52430
2014-02-12,16.57350
2014-02-13,16.46340
2014-02-14,16.55580
2014-02-17,16.60420
2014-02-18,16.70130
2014-02-19,16.76200
2014-02-20,16.67160
2014-02-21,16.77250
2014-02-24,16.85120
2014-02-25,16.90230
2014-02-26,16.95080
2014-02-28,16.99690
2014-03-03,16.93550
2014-03-04,17.08040
2014-03-05,17.13250
2014-03-06,17.26280
2014-03-07,17.42220
2014-03-10,17.51190
2014-03-11,17.49430
2014-03-12,17.49780
2014-03-13,17.49310
2014-03-14,17.47850
2014-03-18,17.55450
2014-03-19,17.61380
2014-03-20,17.53680
2014-03-21,17.56570
2014-03-24,17.72310
2014-03-25,17.75520
2014-03-26,17.78000
2014-03-27,17.87270
2014-03-28,17.98850
2014-03-31,18.01690
2014-04-01,18.01600
2014-04-02,18.12850
2014-04-03,18.07730
2014-04-04,18.00630
2014-04-07,17.96560
2014-04-09,18.13190
2014-04-10,18.15300
2014-04-11,18.11130
2014-04-15,18.03210
2014-04-16,17.92930
2014-04-17,18.05420
2014-04-21,18.14830
2014-04-22,18.17860
2014-04-23,18.28590
2014-04-25,18.20450
2014-04-28,18.17380
2014-04-29,18.12790
2014-04-30,18.07050
2014-05-02,18.11340
2014-05-05,18.16600
2014-05-06,18.23240
2014-05-07,18.16860
2014-05-08,18.21940
2014-05-09,18.48810
2014-05-12,18.73030
2014-05-13,18.84890
2014-05-14,18.81790
2014-05-15,18.75790
2014-05-16,18.94560
2014-05-19,19.11620
2014-05-20,19.25820
2014-05-21,19.33550
2014-05-22,19.42580
2014-05-23,19.55890
2014-05-26,19.42810
2014-05-27,19.35350
2014-05-28,19.45590
2014-05-29,19.32420
2014-05-30,19.37920
2014-06-02,18.16140
2014-06-03,18.26750
2014-06-04,18.25960
2014-06-05,18.31370
2014-06-06,18.51520
2014-06-09,18.68780
2014-06-10,18.68170
2014-06-11,18.67360
2014-06-12,18.72180
2014-06-13,18.55960
2014-06-16,18.55860
2014-06-17,18.75390
2014-06-18,18.66450
2014-06-19,18.63290
2014-06-20,18.62710
2014-06-23,18.65360
2014-06-24,18.79130
2014-06-25,18.77330
2014-06-26,18.69250
2014-06-27,18.75450
2014-06-30,18.95800
2014-07-01,18.99850
2014-07-02,19.14970
2014-07-03,19.18780
2014-07-04,19.26840
2014-07-07,19.25890
2014-07-08,18.94630
2014-07-09,18.81410
2014-07-10,18.82580
2014-07-11,18.63220
2014-07-14,18.62400
2014-07-15,18.83340
2014-07-16,19.01150
2014-07-17,19.12030
2014-07-18,19.16300
2014-07-21,19.19050
2014-07-22,19.28770
2014-07-23,19.30820
2014-07-24,19.34460
2014-07-25,19.30420
2014-07-28,19.24870
2014-07-30,19.36610
2014-07-31,19.30850
2014-08-01,19.15600
2014-08-04,19.25330
2014-08-05,19.29600
2014-08-06,19.23080
2014-08-07,19.20020
2014-08-08,19.04330
2014-08-11,19.17980
2014-08-12,19.35660
2014-08-13,19.45130
2014-08-14,19.49790
2014-08-18,19.71540
2014-08-19,19.84730
2014-08-20,19.87880
2014-08-21,19.91270
2014-08-22,19.92990
2014-08-25,19.87710
2014-08-26,19.89430
2014-08-27,19.97380
2014-08-28,20.00440
2014-09-01,20.21910
2014-09-02,20.37080
2014-09-03,20.61360
2014-09-04,20.59870
2014-09-05,20.58340
2014-09-08,20.74230
2014-09-09,20.76200
2014-09-10,20.68490
2014-09-11,20.79350
2014-09-12,20.95040
2014-09-15,20.86350
2014-09-16,20.57550
2014-09-17,20.59150
2014-09-18,20.84710
2014-09-19,20.87540
2014-09-22,20.91310
2014-09-23,20.69970
2014-09-24,20.63760
2014-09-25,20.45940
2014-09-26,20.61330
2014-09-29,20.58680
2014-09-30,20.67380
2014-10-01,20.66760
2014-10-07,20.53370
2014-10-08,20.48840
2014-10-09,20.66930
2014-10-10,20.52120
2014-10-13,20.62040
2014-10-14,20.63360
2014-10-16,20.45480
2014-10-17,20.58380
2014-10-20,20.76030
2014-10-21,20.88150
2014-10-22,21.03260
2014-10-27,21.13580
2014-10-28,21.17340
2014-10-29,21.23410
2014-10-30,21.35780
2014-10-31,21.59980
2014-11-03,21.64980
2014-11-05,21.78960
2014-11-07,21.88120
2014-11-10,21.92960
2014-11-11,22.03640
2014-11-12,22.14090
2014-11-13,22.06280
2014-11-14,22.09700
2014-11-17,22.15060
2014-11-18,22.25610
2014-11-19,22.31360
2014-11-20,22.26530
2014-11-21,22.37350
2014-11-24,22.45780
2014-11-25,22.36820
2014-11-26,22.32100
2014-11-27,22.35320
2014-11-28,22.56380
2014-12-01,22.65790
2014-12-02,22.71580
2014-12-03,22.91800
2014-12-04,22.93110
2014-12-05,22.86760
2014-12-08,22.68430
2014-12-09,22.48440
2014-12-10,22.53140
2014-12-11,22.41520
2014-12-12,22.40150
2014-12-15,22.43710
2014-12-16,22.07270
2014-12-17,21.98020
2014-12-18,22.31850
2014-12-19,22.42750
2014-12-22,22.56230
2014-12-23,22.50680
2014-12-24,22.44040
2014-12-26,22.49970
2014-12-29,22.62200
2014-12-30,22.72330
2014-12-31,22.86080
2015-01-01,22.86480
2015-01-02,23.09470
2015-01-05,23.07210
2015-01-06,22.68790
2015-01-07,22.71990
2015-01-08,22.94010
2015-01-09,23.01200
2015-01-12,23.08970
2015-01-13,23.16370
2015-01-14,23.16720
2015-01-15,23.47350
2015-01-16,23.49030
2015-01-19,23.60550
2015-01-20,23.81740
2015-01-21,23.86270
2015-01-22,23.91310
2015-01-23,24.03700
2015-01-27,24.26250
2015-01-28,24.31290
2015-01-29,24.28620
2015-01-30,24.08680
2015-02-02,24.13070
2015-02-03,23.95500
2015-02-04,23.89140
2015-02-05,23.87870
2015-02-06,23.71420
2015-02-09,23.53700
2015-02-10,23.69690
2015-02-11,23.89410
2015-02-12,24.06020
2015-02-13,24.14710
2015-02-16,24.02590
2015-02-18,24.17680
2015-02-19,24.15090
2015-02-20,24.08170
2015-02-23,23.92550
2015-02-24,23.89360
2015-02-25,23.86850
2015-02-26,23.67070
2015-02-27,23.97300
2015-03-02,24.42630
2015-03-03,24.46640
2015-03-04,24.40460
2015-03-05,24.43220
2015-03-09,24.05830
2015-03-10,24.07830
2015-03-11,24.09180
2015-03-12,24.24830
2015-03-13,24.01950
2015-03-16,24.04820
2015-03-17,24.24960
2015-03-18,24.20540
2015-03-19,24.08940
2015-03-20,23.99390
2015-03-23,23.96430
2015-03-24,23.90370
2015-03-25,23.89360
2015-03-26,23.69210
2015-03-27,23.70170
2015-03-30,23.93810
2015-03-31,24.01570
2015-04-01,24.25210
2015-04-06,24.30070
2015-04-07,24.24170
2015-04-08,24.37500
2015-04-09,24.47240
2015-04-10,24.46150
2015-04-13,24.53300
2015-04-15,24.44700
2015-04-16,24.39510
2015-04-17,24.10360
2015-04-20,23.79540
2015-04-21,23.67010
2015-04-22,23.74570
2015-04-23,23.77010
2015-04-24,23.53100
2015-04-27,23.32370
2015-04-28,23.50360
2015-04-29,23.50930
2015-04-30,23.45110
2015-05-04,23.67880
2015-05-05,23.67290
2015-05-06,23.25380
2015-05-07,23.09330
2015-05-08,23.34630
2015-05-11,23.60170
2015-05-12,23.35050
2015-05-13,23.59860
2015-05-14,23.64410
2015-05-15,23.72540
2015-05-18,23.91780
2015-05-19,23.97100
2015-05-20,24.03700
2015-05-21,24.00910
2015-05-22,24.03400
2015-05-25,24.01170
2015-05-26,23.97220
2015-05-27,23.95410
2015-05-28,23.92270
2015-05-29,24.22880
2015-06-01,21.68260
2015-06-02,21.29910
2015-06-03,21.15280
2015-06-04,21.13310
2015-06-05,21.08910
2015-06-08,20.95870
2015-06-09,20.90300
2015-06-10,21.10870
2015-06-11,20.82410
2015-06-12,20.85450
2015-06-15,20.89150
2015-06-16,20.95480
2015-06-17,21.11080
2015-06-18,21.32460
2015-06-19,21.40720
2015-06-22,21.56640
2015-06-23,21.55920
2015-06-24,21.51370
2015-06-25,21.55350
2015-06-26,21.58090
2015-06-29,21.39050
2015-06-30,21.52570
2015-07-01,21.72700
2015-07-02,21.78570
2015-07-03,21.83260
2015-07-06,21.94230
2015-07-07,21.95090
2015-07-08,21.72470
2015-07-09,21.65170
2015-07-10,21.73450
2015-07-13,21.90240
2015-07-14,21.90040
2015-07-15,21.97730
2015-07-16,22.16770
2015-07-17,22.15600
2015-07-20,22.22350
2015-07-21,22.11370
2015-07-22,22.27570
2015-07-23,22.23960
2015-07-24,22.12760
2015-07-27,21.86340
2015-07-28,21.88370
2015-07-29,22.03290
2015-07-30,22.09430
2015-07-31,22.23360
2015-08-03,22.21720
2015-08-04,22.23550
2015-08-05,22.33540
2015-08-06,22.41160
2015-08-07,22.41230
2015-08-10,22.36340
2015-08-11,22.23570
2015-08-12,22.04930
2015-08-13,22.08990
2015-08-14,22.35850
2015-08-17,22.32150
2015-08-18,22.34180
2015-08-19,22.40700
2015-08-20,22.12440
2015-08-21,21.99380
2015-08-24,21.07350
2015-08-25,21.35740
2015-08-26,21.24640
2015-08-27,21.47480
2015-08-28,21.53690
2015-08-31,21.48670
2015-09-01,21.19110
2015-09-02,21.08220
2015-09-03,21.23430
2015-09-04,20.96370
2015-09-07,20.71750
2015-09-08,20.91570
2015-09-09,21.16170
2015-09-10,21.13080
2015-09-11,21.14390
2015-09-14,21.29120
2015-09-15,21.21550
2015-09-16,21.31400
2015-09-18,21.50080
2015-09-21,21.53160
2015-09-22,21.23930
2015-09-23,21.37380
2015-09-24,21.38150
2015-09-28,21.24540
2015-09-29,21.31800
2015-09-30,21.57280
2015-10-01,21.57940
2015-10-05,21.86350
2015-10-06,21.88430
2015-10-07,21.83230
2015-10-08,21.76760
2015-10-09,21.83260
2015-10-12,21.76680
2015-10-13,21.73610
2015-10-14,21.76330
2015-10-15,21.86310
2015-10-16,21.96380
2015-10-19,22.04700
2015-10-20,22.02790
2015-10-21,22.03320
2015-10-23,22.04950
2015-10-26,21.93590
2015-10-27,21.99500
2015-10-28,21.88030
2015-10-29,21.77360
2015-10-30,21.71130
2015-11-02,21.75360
2015-11-03,21.80100
2015-11-04,21.80150
2015-11-05,21.66030
2015-11-06,21.59700
2015-11-09,21.53470
2015-11-10,21.33610
2015-11-13,21.37450
2015-11-16,21.40480
2015-11-17,21.40320
2015-11-18,21.29120
2015-11-19,21.48300
2015-11-20,21.51150
2015-11-23,21.52860
2015-11-24,21.48750
2015-11-26,21.54220
2015-11-27,21.64260
2015-11-30,21.61810
2015-12-01,21.65360
2015-12-02,21.59370
2015-12-03,21.47670
2015-12-04,21.34830
2015-12-07,21.35570
2015-12-08,21.24410
2015-12-09,21.04020
2015-12-10,21.12360
2015-12-11,20.96990
2015-12-14,20.99790
2015-12-15,21.09620
2015-12-16,21.17790
2015-12-17,21.37240
2015-12-18,21.24470
2015-12-21,21.32860
2015-12-22,21.27740
2015-12-23,21.39560
2015-12-24,21.41520
2015-12-28,21.51180
2015-12-29,21.50350
2015-12-30,21.47300
2015-12-31,21.49110
2016-01-01,21.57870
2016-01-04,21.31820
2016-01-05,21.36050
2016-01-06,21.30160
2016-01-07,21.02600
2016-01-08,21.15960
2016-01-11,21.06390
2016-01-12,20.95570
2016-01-13,21.02420
2016-01-14,20.90570
2016-01-15,20.71110
2016-01-18,20.46540
2016-01-19,20.68400
2016-01-20,20.46780
2016-01-21,20.49030
2016-01-22,20.71640
2016-01-25,20.70250
2016-01-27,20.69020
2016-01-28,20.64680
2016-01-29,20.91540
2016-02-01,20.94510
2016-02-02,20.75810
2016-02-03,20.56520
2016-02-04,20.60040
2016-02-05,20.82200
2016-02-08,20.67640
2016-02-09,20.49940
2016-02-10,20.40270
2016-02-11,20.02450
2016-02-12,19.98080
2016-02-15,20.26370
2016-02-16,20.03840
2016-02-17,20.10800
2016-02-18,20.23970
2016-02-19,20.28700
2016-02-22,20.33770
2016-02-23,20.08890
2016-02-24,19.93810
2016-02-25,19.77220
2016-02-26,19.85560
2016-02-29,19.90060
2016-03-01,20.32650
2016-03-02,20.58630
2016-03-03,20.77980
2016-03-04,20.81370
2016-03-08,20.76870
2016-03-09,20.88280
2016-03-10,20.80620
2016-03-11,20.82780
2016-03-14,20.90470
2016-03-15,20.84180
2016-03-16,20.88000
2016-03-17,20.98360
2016-03-18,21.16450
2016-03-21,21.39450
2016-03-22,21.42630
2016-03-23,21.41820
2016-03-28,21.25440
2016-03-29,21.24330
2016-03-30,21.49770
2016-03-31,21.53420
2016-04-01,21.48120
2016-04-04,21.66080
2016-04-05,21.35350
2016-04-06,21.40430
2016-04-07,21.31690
2016-04-08,21.36620
2016-04-11,21.55770
2016-04-12,21.66540
2016-04-13,21.86520
2016-04-18,22.00990
2016-04-20,21.99630
2016-04-21,21.98960
2016-04-22,21.98030
2016-04-25,21.92180
2016-04-26,22.07360
2016-04-27,22.10260
2016-04-28,21.92490
2016-04-29,21.94470
2016-05-02,21.87610
2016-05-03,21.75200
2016-05-04,21.66150
2016-05-05,21.64310
2016-05-06,21.64080
2016-05-09,21.86620
2016-05-10,21.93260
2016-05-11,21.91960
2016-05-12,22.02420
2016-05-13,21.91700
2016-05-16,21.95440
2016-05-17,22.00220
2016-05-18,21.99170
2016-05-19,21.89030
2016-05-20,21.81600
2016-05-23,21.77350
2016-05-24,21.77640
2016-05-25,22.05710
2016-05-26,22.25700
2016-05-27,22.36660
2016-05-30,20.67140
2016-05-31,20.63520
2016-06-01,20.63580
2016-06-02,20.70820
2016-06-03,20.73580
2016-06-06,20.72720
2016-06-07,20.81010
2016-06-08,20.82700
2016-06-09,20.75700
2016-06-10,20.71040
2016-06-13,20.61260
2016-06-14,20.60450
2016-06-15,20.75810
2016-06-16,20.65220
2016-06-17,20.69090
2016-06-20,20.77160
2016-06-21,20.76330
2016-06-22,20.76620
2016-06-23,20.89270
2016-06-24,20.63900
2016-06-27,20.71640
2016-06-28,20.77130
2016-06-29,20.93790
2016-06-30,21.12190
2016-07-01,21.22180
2016-07-04,21.29790
2016-07-05,21.25450
2016-07-07,21.25000
2016-07-08,21.26290
2016-07-11,21.46820
2016-07-12,21.58680
2016-07-13,21.55770
2016-07-14,21.61630
2016-07-15,21.60500
2016-07-18,21.56400
2016-07-19,21.58720
2016-07-20,21.68040
2016-07-21,21.60120
2016-07-22,21.64700
2016-07-25,21.79710
2016-07-26,21.74480
2016-07-27,21.72290
2016-07-28,21.81520
2016-07-29,21.79520
2016-08-01,21.82900
2016-08-02,21.81830
2016-08-03,21.71500
2016-08-04,21.74320
2016-08-05,22.00430
2016-08-08,22.08480
2016-08-09,22.05720
2016-08-10,21.87040
2016-08-11,21.88320
2016-08-12,21.96610
2016-08-16,21.91850
2016-08-17,21.94490
2016-08-18,22.09950
2016-08-19,22.12460
2016-08-22,22.01640
2016-08-23,22.03430
2016-08-24,22.11430
2016-08-25,22.02100
2016-08-26,21.99400
2016-08-29,22.04640
2016-08-30,22.25380
2016-08-31,22.35700
2016-09-01,22.31440
2016-09-02,22.39860
2016-09-06,22.67790
2016-09-07,22.62820
2016-09-08,22.70200
2016-09-09,22.54590
2016-09-12,22.25420
2016-09-14,22.31280
2016-09-15,22.27830
2016-09-16,22.32360
2016-09-19,22.37400
2016-09-20,22.32270
2016-09-21,22.31430
2016-09-22,22.46610
2016-09-23,22.37890
2016-09-26,22.24540
2016-09-27,22.20980
2016-09-28,22.30060
2016-09-29,21.99980
2016-09-30,22.14330
2016-10-03,22.40560
2016-10-04,22.47380
2016-10-05,22.46690
2016-10-06,22.39080
2016-10-07,22.37300
2016-10-10,22.40350
2016-10-13,22.21870
2016-10-14,22.25660
2016-10-17,22.12140
2016-10-18,22.32460
2016-10-19,22.32330
2016-10-20,22.36620
2016-10-21,22.39120
2016-10-24,22.40110
2016-10-25,22.44800
2016-10-26,22.26820
2016-10-27,22.18720
2016-10-28,22.27550
2016-11-01,22.25610
2016-11-02,22.08320
2016-11-03,21.99140
2016-11-04,21.86140
2016-11-07,21.98570
2016-11-08,22.08190
2016-11-09,21.97190
2016-11-10,22.18310
2016-11-11,21.78430
2016-11-15,21.50190
2016-11-16,21.54660
2016-11-17,21.49460
2016-11-18,21.53480
2016-11-21,21.26710
2016-11-22,21.40640
2016-11-23,21.48930
2016-11-24,21.44580
2016-11-25,21.63950
2016-11-28,21.59490
2016-11-29,21.59660
2016-11-30,21.79700
2016-12-01,21.69670
2016-12-02,21.51580
2016-12-05,21.62620
2016-12-06,21.63380
2016-12-07,21.45270
2016-12-08,21.65900
2016-12-09,21.66360
2016-12-12,21.46850
2016-12-13,21.55810
2016-12-14,21.51460
2016-12-15,21.43800
2016-12-16,21.39550
2016-12-19,21.31160
2016-12-20,21.21490
2016-12-21,21.19830
2016-12-22,21.00330
2016-12-23,20.97290
2016-12-26,20.80750
2016-12-27,20.96430
2016-12-28,20.99740
2016-12-29,21.17580
2016-12-30,21.31540
2017-01-02,21.42450
2017-01-03,21.45050
2017-01-04,21.49270
2017-01-05,21.62670
2017-01-06,21.57700
2017-01-09,21.52280
2017-01-10,21.57420
2017-01-11,21.74270
2017-01-12,21.80230
2017-01-13,21.77520
2017-01-16,21.81890
2017-01-17,21.88120
2017-01-18,21.92970
2017-01-19,21.93320
2017-01-20,21.73700
2017-01-23,21.78570
2017-01-24,21.93380
2017-01-25,22.10540
2017-01-27,22.19290
2017-01-30,22.20630
2017-01-31,22.04910
2017-02-01,22.28490
2017-02-02,22.34170
2017-02-03,22.42180
2017-02-06,22.49320
2017-02-07,22.45290
2017-02-08,22.37270
2017-02-09,22.35370
2017-02-10,22.40890
2017-02-13,22.44520
2017-02-14,22.37600
2017-02-15,22.25400
2017-02-16,22.42380
2017-02-17,22.51100
2017-02-20,22.58700
2017-02-21,22.66990
2017-02-22,22.62050
2017-02-23,22.62040
2017-02-27,22.53000
2017-02-28,22.53910
2017-03-01,22.60160
2017-03-02,22.49840
2017-03-03,22.54660
2017-03-06,22.62040
2017-03-07,22.57280
2017-03-08,22.53420
2017-03-09,22.53030
2017-03-10,22.50290
2017-03-14,22.69930
2017-03-15,22.74240
2017-03-16,22.85080
2017-03-17,22.81280
2017-03-20,22.78560
2017-03-21,22.71760
2017-03-22,22.61010
2017-03-23,22.72490
2017-03-24,22.74820
2017-03-27,22.72290
2017-03-28,22.83080
2017-03-29,22.85880
2017-03-30,22.93220
2017-03-31,22.91180
2017-04-03,22.93570
2017-04-05,23.02070
2017-04-06,22.98500
2017-04-07,22.90780
2017-04-10,22.93950
2017-04-11,23.05380
2017-04-12,23.04150
2017-04-13,23.02290
2017-04-17,22.95540
2017-04-18,22.92360
2017-04-19,22.96230
2017-04-20,22.99490
2017-04-21,22.98300
2017-04-24,23.09900
2017-04-25,23.25840
2017-04-26,23.28620
2017-04-27,23.28580
2017-04-28,23.24360
2017-05-02,23.23690
2017-05-03,23.24490
2017-05-04,23.31500
2017-05-05,23.18530
2017-05-08,23.24550
2017-05-09,23.24190
2017-05-10,23.43870
2017-05-11,23.44630
2017-05-12,23.39950
2017-05-15,23.49640
2017-05-16,23.59910
2017-05-17,23.58800
2017-05-18,23.37920
2017-05-19,23.36890
2017-05-22,23.27030
2017-05-23,23.21540
2017-05-24,23.18700
2017-05-25,23.41020
2017-05-26,23.52970
2017-05-29,21.73120
2017-05-30,21.80130
2017-05-31,21.87180
2017-06-01,21.91070
2017-06-02,21.96390
2017-06-05,22.04300
2017-06-06,21.98290
2017-06-07,22.06140
2017-06-08,22.09450
2017-06-09,22.11750
2017-06-12,22.05800
2017-06-13,22.04600
2017-06-14,22.07430
2017-06-15,22.00350
2017-06-16,22.02460
2017-06-19,22.08850
2017-06-20,22.08650
2017-06-21,22.06860
2017-06-22,22.02370
2017-06-23,21.91830
2017-06-27,21.80800
2017-06-28,21.82190
2017-06-29,21.85340
2017-06-30,21.91100
2017-07-03,21.98440
2017-07-04,21.92910
2017-07-05,22.01700
2017-07-06,22.04150
2017-07-07,22.04740
2017-07-10,22.18440
2017-07-11,22.19250
2017-07-12,22.24470
2017-07-13,22.32920
2017-07-14,22.33620
2017-07-17,22.39760
2017-07-18,22.39610
2017-07-19,22.51180
2017-07-20,22.50850
2017-07-21,22.52730
2017-07-24,22.56740
2017-07-25,22.60710
2017-07-26,22.65870
2017-07-27,22.65910
2017-07-28,22.59180
2017-07-31,22.68870
2017-08-01,22.79000
2017-08-02,22.76860
2017-08-03,22.68960
2017-08-04,22.82150
2017-08-07,22.83100
2017-08-08,22.67320
2017-08-09,22.54240
2017-08-10,22.36510
2017-08-11,22.22630
2017-08-14,22.37220
2017-08-16,22.54080
2017-08-17,22.52550
2017-08-18,22.44850
2017-08-21,22.31800
2017-08-22,22.33130
2017-08-23,22.45840
2017-08-24,22.49030
2017-08-28,22.57220
2017-08-29,22.41630
2017-08-30,22.53730
2017-08-31,22.58390
2017-09-01,22.70580
2017-09-04,22.56780
2017-09-05,22.63510
2017-09-06,22.59660
2017-09-07,22.67750
2017-09-08,22.62190
2017-09-11,22.75120
2017-09-12,22.86450
2017-09-13,22.80340
2017-09-14,22.85070
2017-09-15,22.83300
2017-09-18,22.96660
2017-09-19,22.98420
2017-09-20,22.93010
2017-09-21,22.89070
2017-09-22,22.64750
2017-09-25,22.51570
2017-09-26,22.49960
2017-09-27,22.30740
2017-09-28,22.40370
2017-09-29,22.46870
2017-10-03,22.55210
2017-10-04,22.59070
2017-10-05,22.56420
2017-10-06,22.68990
2017-10-09,22.70200
2017-10-10,22.77740
2017-10-11,22.73880
2017-10-12,22.88090
2017-10-13,22.97980
2017-10-16,23.06900
2017-10-17,23.07430
2017-10-18,22.94040
2017-10-23,22.92260
2017-10-24,22.94150
2017-10-25,23.09060
2017-10-26,23.17830
2017-10-27,23.10900
2017-10-30,23.21620
2017-10-31,23.23660
2017-11-01,23.38950
2017-11-02,23.36980
2017-11-03,23.42700
2017-11-06,23.48270
2017-11-07,23.29480
2017-11-08,23.23410
2017-11-09,23.31800
2017-11-10,23.40040
2017-11-13,23.34170
2017-11-14,23.31250
2017-11-15,23.19240
2017-11-16,23.28930
2017-11-17,23.36320
2017-11-20,23.40680
2017-11-21,23.50720
2017-11-22,23.50210
2017-11-23,23.50210
2017-11-24,23.55940
2017-11-27,23.62540
2017-11-28,23.58450
2017-11-29,23.53440
2017-11-30,23.36540
2017-12-01,23.18580
2017-12-04,23.18370
2017-12-05,23.18030
2017-12-06,23.06860
2017-12-07,23.31080
2017-12-08,23.46080
2017-12-11,23.50710
2017-12-12,23.39110
2017-12-13,23.31840
2017-12-14,23.41670
2017-12-15,23.54840
2017-12-18,23.62880
2017-12-19,23.78670
2017-12-20,23.76200
2017-12-21,23.74290
2017-12-22,23.82050
2017-12-26,23.84100
2017-12-27,23.80540
2017-12-28,23.73720
2017-12-29,23.85990
2018-01-01,23.75580
2018-01-02,23.74190
2018-01-03,23.74970
2018-01-04,23.80910
2018-01-05,23.96230
2018-01-08,24.01720
2018-01-09,24.00350
2018-01-10,23.91770
2018-01-11,23.96190
2018-01-12,23.95310
2018-01-15,23.95120
2018-01-16,23.82530
2018-01-17,23.96240
2018-01-18,23.87840
2018-01-19,24.00420
2018-01-22,24.08420
2018-01-23,24.24960
2018-01-24,24.17390
2018-01-25,24.10610
2018-01-29,24.08250
2018-01-30,24.00900
2018-01-31,23.98560
2018-02-01,23.93730
2018-02-02,23.51480
2018-02-05,23.49290
2018-02-06,23.25600
2018-02-07,23.27810
2018-02-08,23.46960
2018-02-09,23.31570
2018-02-12,23.42960
2018-02-14,23.33340
2018-02-15,23.33850
2018-02-16,23.19120
2018-02-19,23.07000
2018-02-20,23.02300
2018-02-21,23.02570
2018-02-22,22.95730
2018-02-23,23.14380
2018-02-26,23.30370
2018-02-27,23.29850
2018-02-28,23.22140
2018-03-01,23.15740
2018-03-05,23.01080
2018-03-06,22.82140
2018-03-07,22.72860
2018-03-08,22.82920
2018-03-09,22.76460
2018-03-12,23.01440
2018-03-13,23.09130
2018-03-14,23.07300
2018-03-15,23.04860
2018-03-16,22.88220
2018-03-19,22.69530
2018-03-20,22.74590
2018-03-21,22.77490
2018-03-22,22.69740
2018-03-23,22.53160
2018-03-26,20.70280
2018-03-27,20.89620
2018-03-28,20.83430
2018-04-02,20.96360
2018-04-03,21.06350
2018-04-04,20.88310
2018-04-05,21.16620
2018-04-06,21.18100
2018-04-09,21.29280
2018-04-10,21.31600
2018-04-11,21.22710
2018-04-12,21.27580
2018-04-13,21.30250
2018-04-16,21.36630
2018-04-17,21.40140
2018-04-18,21.32410
2018-04-19,21.36980
2018-04-20,21.34870
2018-04-23,21.36980
2018-04-24,21.30050
2018-04-25,21.21130
2018-04-26,21.25630
2018-04-27,21.41220
2018-04-30,21.50690
2018-05-02,21.45880
2018-05-03,21.39640
2018-05-04,21.33620
2018-05-07,21.49290
2018-05-08,21.51130
2018-05-09,21.51040
2018-05-10,21.43310
2018-05-11,21.53330
2018-05-14,21.50220
2018-05-15,21.49260
2018-05-16,21.44780
2018-05-17,21.40170
2018-05-18,21.32830
2018-05-21,21.14590
2018-05-22,21.22240
2018-05-23,21.10930
2018-05-24,21.20460
2018-05-25,21.41180
2018-05-28,21.53280
2018-05-29,21.51190
2018-05-30,21.52520
2018-05-31,21.65320
2018-06-01,21.54300
2018-06-04,21.47400
2018-06-05,21.38370
2018-06-06,21.51070
2018-06-07,21.58210
2018-06-08,21.59670
2018-06-11,21.61170
2018-06-12,21.63200
2018-06-13,21.67140
2018-06-14,21.63200
2018-06-15,21.57540
2018-06-18,21.54400
2018-06-19,21.41560
2018-06-20,21.48320
2018-06-21,21.41510
2018-06-22,21.50180
2018-06-25,21.39800
2018-06-26,21.40570
2018-06-27,21.21720
2018-06-28,21.09730
2018-06-29,21.23680
2018-07-02,21.13230
2018-07-03,21.20200
2018-07-04,21.25080
2018-07-05,21.18080
2018-07-06,21.25030
2018-07-09,21.38110
2018-07-10,21.46150
2018-07-11,21.42920
2018-07-12,21.45410
2018-07-13,21.39040
2018-07-16,21.21960
2018-07-17,21.39050
2018-07-18,21.28040
2018-07-19,21.18680
2018-07-20,21.18300
2018-07-23,21.26050
2018-07-24,21.42240
2018-07-25,21.37650
2018-07-26,21.48160
2018-07-27,21.59020
2018-07-30,21.67410
2018-07-31,21.68990
2018-08-01,21.72190
2018-08-02,21.67890
2018-08-03,21.80510
2018-08-06,21.89290
2018-08-07,21.89360
2018-08-08,21.93940
2018-08-09,22.02050
2018-08-10,21.93350
2018-08-13,21.82810
2018-08-14,21.91250
2018-08-16,21.87840
2018-08-17,22.03420
2018-08-20,22.12970
2018-08-21,22.14560
2018-08-23,22.11640
2018-08-24,22.11690
2018-08-27,22.31180
2018-08-28,22.35390
2018-08-29,22.31310
2018-08-30,22.33330
2018-08-31,22.41180
2018-09-03,22.27400
2018-09-04,22.03390
2018-09-05,21.99700
2018-09-06,22.08190
2018-09-07,22.19150
2018-09-10,21.99300
2018-09-11,21.78880
2018-09-12,21.86340
2018-09-14,22.10770
2018-09-17,21.98900
2018-09-18,21.78780
2018-09-19,21.79020
2018-09-21,21.63350
2018-09-24,21.35920
2018-09-25,21.46270
2018-09-26,21.48530
2018-09-27,21.33190
2018-09-28,21.20460
2018-10-01,21.27220
2018-10-03,21.09850
2018-10-04,20.81390
2018-10-05,20.43220
2018-10-08,20.36970
2018-10-09,20.30300
2018-10-10,20.55820
2018-10-11,20.34200
2018-10-12,20.65080
2018-10-15,20.71620
2018-10-16,20.79770
2018-10-17,20.61080
2018-10-19,20.48110
2018-10-22,20.40520
2018-10-23,20.31530
2018-10-24,20.41970
2018-10-25,20.31490
2018-10-26,20.19000
2018-10-29,20.45810
2018-10-30,20.44460
2018-10-31,20.65660
2018-11-01,20.72620
2018-11-02,20.94650
2018-11-05,20.92790
2018-11-06,20.83310
2018-11-09,20.96420
2018-11-12,20.82180
2018-11-13,20.95450
2018-11-14,20.94970
2018-11-15,21.02250
2018-11-16,21.07160
2018-11-19,21.12300
2018-11-20,20.95840
2018-11-21,21.01180
2018-11-22,20.84430
2018-11-26,20.95750
2018-11-27,21.00310
2018-11-28,20.94190
2018-11-29,21.10200
2018-11-30,21.11320
2018-12-03,21.13830
2018-12-04,21.11130
2018-12-05,20.94800
2018-12-06,20.74560
2018-12-07,20.86180
2018-12-10,20.63650
2018-12-11,20.74650
2018-12-12,21.02700
2018-12-13,21.11970
2018-12-14,21.19240
2018-12-17,21.27290
2018-12-18,21.34480
2018-12-19,21.48520
2018-12-20,21.45740
2018-12-21,21.31830
2018-12-24,21.19320
2018-12-26,21.23770
2018-12-27,21.25080
2018-12-28,21.37080
2018-12-31,21.40200
2019-01-01,21.40980
2019-01-02,21.22150
2019-01-03,21.06280
2019-01-04,21.13100
2019-01-07,21.22630
2019-01-08,21.27640
2019-01-09,21.31470
2019-01-10,21.28620
2019-01-11,21.27650
2019-01-14,21.21910
2019-01-15,21.32470
2019-01-16,21.34800
2019-01-17,21.40580
2019-01-18,21.34420
2019-01-21,21.33690
2019-01-22,21.31030
2019-01-23,21.24900
2019-01-24,21.25430
2019-01-25,21.15790
2019-01-28,20.98130
2019-01-29,20.98020
2019-01-30,21.07040
2019-01-31,21.28880
2019-02-01,21.33150
2019-02-04,21.20780
2019-02-05,21.24740
2019-02-06,21.39070
2019-02-07,21.46120
2019-02-08,21.24450
2019-02-11,21.12570
2019-02-12,21.07580
2019-02-13,20.99200
2019-02-14,20.88300
2019-02-15,20.79440
2019-02-18,20.73580
2019-02-19,20.76330
2019-02-20,20.92150
2019-02-21,21.00900
2019-02-22,21.09720
2019-02-25,21.18870
2019-02-26,21.16720
2019-02-27,21.14890
2019-02-28,21.14210
2019-03-01,21.21610
2019-03-05,21.47090
2019-03-06,21.53910
2019-03-07,21.54580
2019-03-08,21.49700
2019-03-11,21.74030
2019-03-12,21.92830
2019-03-13,21.91000
2019-03-14,21.93630
2019-03-15,22.03150
2019-03-18,22.10810
2019-03-19,22.21060
2019-03-20,22.13530
2019-03-22,22.09670
2019-03-25,21.99440
2019-03-26,22.15540
2019-03-27,22.13550
2019-03-28,22.24550
2019-03-29,22.41510
2019-04-01,22.46150
2019-04-02,22.47750
2019-04-03,22.32970
2019-04-04,22.29970
2019-04-05,22.37750
2019-04-08,22.28520
2019-04-09,22.35200
2019-04-10,22.27400
2019-04-11,22.27550
2019-04-12,22.32630
2019-04-15,22.40830
2019-04-16,22.54380
2019-04-18,22.43150
2019-04-22,22.22670
2019-04-23,22.17700
2019-04-24,22.29020
2019-04-25,22.23020
2019-04-26,22.36230
2019-04-30,22.40990
2019-05-02,22.30400
2019-05-03,22.29490
2019-05-06,22.16860
2019-05-07,22.06040
2019-05-08,21.89020
2019-05-09,21.84220
2019-05-10,21.82630
2019-05-13,21.62580
2019-05-14,21.68580
2019-05-15,21.55620
2019-05-16,21.67730
2019-05-17,21.82680
2019-05-20,20.55480
2019-05-21,20.38220
2019-05-22,20.42720
2019-05-23,20.37800
2019-05-24,20.68540
2019-05-27,20.93630
2019-05-28,20.91160
2019-05-29,20.79050
2019-05-30,20.87380
2019-05-31,20.86320
2019-06-03,20.99490
2019-06-04,20.93680
2019-06-06,20.74870
2019-06-07,20.74470
2019-06-10,20.82330
2019-06-11,20.88690
2019-06-12,20.81020
2019-06-13,20.83400
2019-06-14,20.68950
2019-06-17,20.48690
2019-06-18,20.52000
2019-06-19,20.50510
2019-06-20,20.67030
2019-06-21,20.63920
2019-06-24,20.57870
2019-06-25,20.74590
2019-06-26,20.85190
2019-06-27,20.90500
2019-06-28,20.88040
2019-07-01,20.93170
2019-07-02,20.94030
2019-07-03,20.97030
2019-07-04,21.01180
2019-07-05,20.85690
2019-07-08,20.55250
2019-07-09,20.55240
2019-07-10,20.47330
2019-07-11,20.57310
2019-07-12,20.54570
2019-07-15,20.56600
2019-07-16,20.70060
2019-07-17,20.71030
2019-07-18,20.58340
2019-07-19,20.35760
2019-07-22,20.31370
2019-07-23,20.30800
2019-07-24,20.17680
2019-07-25,20.16920
2019-07-26,20.23590
2019-07-29,20.05020
2019-07-30,19.89210
2019-07-31,19.93080
2019-08-01,19.73970
2019-08-02,19.74220
2019-08-05,19.55860
2019-08-06,19.72610
2019-08-07,19.56250
2019-08-08,19.74570
2019-08-09,19.79470
2019-08-13,19.51440
2019-08-14,19.66630
2019-08-16,19.71380
2019-08-19,19.72270
2019-08-20,19.68830
2019-08-21,19.57720
2019-08-22,19.41790
2019-08-23,19.53540
2019-08-26,19.79800
2019-08-27,19.84970
2019-08-28,19.76390
2019-08-29,19.70270
2019-08-30,19.76400
2019-09-03,19.50940
2019-09-04,19.60230
2019-09-05,19.69570
2019-09-06,19.88850
2019-09-09,19.94180
2019-09-11,19.99780
2019-09-12,19.94540
2019-09-13,20.10190
2019-09-16,20.06370
2019-09-17,19.78620
2019-09-18,19.85010
2019-09-19,19.70720
2019-09-20,20.40900
2019-09-23,20.72310
2019-09-24,20.63750
2019-09-25,20.47380
2019-09-26,20.67270
2019-09-27,20.60490
2019-09-30,20.55280
2019-10-01,20.42010
2019-10-03,20.34760
2019-10-04,20.13140
2019-10-07,20.11930
2019-10-09,20.39150
2019-10-10,20.27220
2019-10-11,20.33230
2019-10-14,20.40050
2019-10-15,20.47990
2019-10-16,20.48310
2019-10-17,20.60400
2019-10-18,20.71470
2019-10-22,20.68440
2019-10-23,20.68980
2019-10-24,20.57020
2019-10-25,20.57900
2019-10-29,20.84370
2019-10-30,20.93580
2019-10-31,20.98530
2019-11-01,21.01390
2019-11-04,21.04680
2019-11-05,20.96110
2019-11-06,21.03660
2019-11-07,21.03420
2019-11-08,20.92700
2019-11-11,20.94170
2019-11-13,20.77650
2019-11-14,20.81480
2019-11-15,20.92210
2019-11-18,20.95060
2019-11-19,21.08760
2019-11-20,21.11530
2019-11-21,21.02220
2019-11-22,20.95730
2019-11-25,21.22070
2019-11-26,21.13550
2019-11-27,21.20020
2019-11-28,21.27740
2019-11-29,21.15500
2019-12-02,21.15840
2019-12-03,21.03650
2019-12-04,21.14370
2019-12-05,21.01240
2019-12-06,20.93010
2019-12-09,20.95810
2019-12-10,20.83530
2019-12-11,20.87340
2019-12-12,20.98390
2019-12-13,21.10300
2019-12-16,21.04240
2019-12-17,21.16070
2019-12-18,21.18990
2019-12-19,21.21480
2019-12-20,21.25250
2019-12-23,21.26170
2019-12-24,21.24250
2019-12-26,21.14840
2019-12-27,21.32290
2019-12-30,21.33170
2019-12-31,21.28290
2020-01-01,21.29630
2020-01-02,21.46730
2020-01-03,21.37750
2020-01-06,21.10040
2020-01-07,21.13340
2020-01-08,21.11710
2020-01-09,21.37670
2020-01-10,21.39470
2020-01-13,21.49780
2020-01-14,21.57300
2020-01-15,21.57620
2020-01-16,21.60020
2020-01-17,21.68210
2020-01-20,21.59800
2020-01-21,21.49530
2020-01-22,21.46860
2020-01-23,21.61920
2020-01-24,21.70050
2020-01-27,21.57720
2020-01-28,21.47880
2020-01-29,21.54620
2020-01-30,21.40400
2020-01-31,21.29160
2020-02-03,21.11900
2020-02-04,21.42220
2020-02-05,21.54580
2020-02-06,21.68850
2020-02-07,21.68420
2020-02-10,21.47890
2020-02-11,21.52730
2020-02-12,21.58870
2020-02-13,21.60330
2020-02-14,21.53230
2020-02-17,21.49580
2020-02-18,21.37780
2020-02-19,21.56220
2020-02-20,21.58970
2020-02-24,21.27630
2020-02-25,21.23080
2020-02-26,21.09710
2020-02-27,21.03730
2020-02-28,20.43550
2020-03-02,20.31710
2020-03-03,20.62240
2020-03-04,20.55770
2020-03-05,20.55900
2020-03-06,20.23210
2020-03-09,19.63690
2020-03-11,19.53430
2020-03-12,18.41460
2020-03-13,18.76060
2020-03-16,17.91090
2020-03-17,17.60880
2020-03-18,16.95180
2020-03-19,16.58140
2020-03-20,17.05230
2020-03-23,15.63910
2020-03-24,15.64230
2020-03-25,16.07620
2020-03-26,16.45870
2020-03-27,16.60030
2020-03-30,16.31400
2020-03-31,16.69640
2020-04-01,16.36640
2020-04-03,16.09870
2020-04-07,17.05590
2020-04-08,17.06210
2020-04-09,17.53020
2020-04-13,17.47120
2020-04-15,17.45360
2020-04-16,17.61000
2020-04-17,17.99990
2020-04-20,17.92090
2020-04-21,17.52390
2020-04-22,17.61930
2020-04-23,17.70500
2020-04-24,17.39410
2020-04-27,17.52640
2020-04-28,17.62060
2020-04-29,17.80900
2020-04-30,18.16490
2020-05-04,17.51020
2020-05-05,17.39390
2020-05-06,17.56320
2020-05-07,17.46390
2020-05-08,17.39630
2020-05-11,17.38660
2020-05-12,17.45380
2020-05-13,17.74350
2020-05-14,17.44750
2020-05-15,17.37390
2020-05-18,16.94820
2020-05-19,17.12950
2020-05-20,17.34820
2020-05-21,17.41570
2020-05-22,17.35880
2020-05-26,17.34060
2020-05-27,17.72300
2020-05-28,17.92820
2020-05-29,18.01190
2020-06-01,17.04020
2020-06-02,17.20430
2020-06-03,17.30420
2020-06-04,17.28910
2020-06-05,17.55990
2020-06-08,17.66460
2020-06-09,17.50640
2020-06-10,17.54740
2020-06-11,17.33990
2020-06-12,17.40240
2020-06-15,17.17830
2020-06-16,17.21850
2020-06-17,17.22750
2020-06-18,17.44830
2020-06-19,17.58460
2020-06-22,17.73400
2020-06-23,17.96520
2020-06-24,17.66920
2020-06-25,17.58610
2020-06-26,17.76350
2020-06-29,17.61540
2020-06-30,17.59020
2020-07-01,17.69380
2020-07-02,17.83490
2020-07-03,17.92560
2020-07-06,18.11080
2020-07-07,18.11680
2020-07-08,18.00950
2020-07-09,18.12870
2020-07-10,18.02330
2020-07-13,18.05420
2020-07-14,17.82880
2020-07-15,17.88400
2020-07-16,18.07120
2020-07-17,18.23110
2020-07-20,18.40440
2020-07-21,18.51110
2020-07-22,18.58340
2020-07-23,18.61510
2020-07-24,18.46020
2020-07-27,18.32570
2020-07-28,18.46780
2020-07-29,18.47620
2020-07-30,18.34000
2020-07-31,18.41160
2020-08-03,18.28200
2020-08-04,18.38340
2020-08-05,18.46770
2020-08-06,18.54460
2020-08-07,18.52590
2020-08-10,18.69910
2020-08-11,18.74760
2020-08-12,18.79610
2020-08-13,18.88350
2020-08-14,18.70040
2020-08-17,18.79230
2020-08-18,18.98760
2020-08-19,19.02400
2020-08-20,19.02160
2020-08-21,19.09220
2020-08-24,19.13050
2020-08-25,19.18180
2020-08-26,19.24970
2020-08-27,19.32960
2020-08-28,19.47330
2020-08-31,19.09830
2020-09-01,19.17700
2020-09-02,19.32080
2020-09-03,19.31550
2020-09-04,18.99970
2020-09-07,18.96910
2020-09-08,18.81070
2020-09-09,18.71810
2020-09-10,18.80530
2020-09-11,18.82300
2020-09-14,18.86930
2020-09-15,18.99680
2020-09-16,19.12250
2020-09-17,19.03650
2020-09-18,19.13290
2020-09-21,18.68300
2020-09-22,18.55620
2020-09-23,18.49380
2020-09-24,17.99700
2020-09-25,18.37170
2020-09-28,18.71450
2020-09-29,18.63860
2020-09-30,18.64940
2020-10-01,18.86300
2020-10-05,19.02800
2020-10-06,19.16780
2020-10-07,19.13240
2020-10-08,19.25940
2020-10-09,19.41020
2020-10-12,19.39920
2020-10-13,19.33640
2020-10-14,19.30440
2020-10-15,19.04110
2020-10-16,19.26250
2020-10-19,19.40540
2020-10-20,19.48330
2020-10-21,19.66620
2020-10-22,19.72350
2020-10-23,19.85870
2020-10-26,19.57470
2020-10-27,19.69240
2020-10-28,19.52630
2020-10-29,19.41270
2020-10-30,19.37850
2020-11-02,19.61620
2020-11-03,19.80720
2020-11-04,19.84290
2020-11-05,20.10840
2020-11-06,20.22080
2020-11-09,20.57740
2020-11-10,20.69520
2020-11-11,20.98670
2020-11-12,20.93970
2020-11-13,21.00720
2020-11-17,21.26770
2020-11-18,21.43520
2020-11-19,21.18990
2020-11-20,21.35080
2020-11-23,21.40910
2020-11-24,21.67410
2020-11-25,21.37530
2020-11-26,21.54210
2020-11-27,21.54920
2020-12-01,21.75760
2020-12-02,21.85710
2020-12-03,21.85830
2020-12-04,22.04960
2020-12-07,22.21660
2020-12-08,22.17440
2020-12-09,22.32080
2020-12-10,22.18530
2020-12-11,22.20350
2020-12-14,22.27880
2020-12-15,22.25960
2020-12-16,22.39170
2020-12-17,22.34740
2020-12-18,22.38310
2020-12-21,21.66040
2020-12-22,21.95500
2020-12-23,22.16840
2020-12-24,22.29830
2020-12-28,22.47720
2020-12-29,22.51330
2020-12-30,22.54510
2020-12-31,22.53980
2021-01-01,22.62450
2021-01-04,22.88360
2021-01-05,23.02920
2021-01-06,23.06340
2021-01-07,23.18290
2021-01-08,23.46490
2021-01-11,23.65140
2021-01-12,23.75990
2021-01-13,23.94820
2021-01-14,23.91980
2021-01-15,23.73470
2021-01-18,23.33850
2021-01-19,23.57330
2021-01-20,23.71190
2021-01-21,23.58070
2021-01-22,23.27660
2021-01-25,23.25290
2021-01-27,22.90210
2021-01-28,22.90870
2021-01-29,22.67670
2021-02-01,23.35330
2021-02-02,23.76950
2021-02-03,24.09180
2021-02-04,24.22530
2021-02-05,24.10420
2021-02-08,24.49680
2021-02-09,24.49110
2021-02-10,24.42640
2021-02-11,24.51380
2021-02-12,24.54310
2021-02-15,24.80090
2021-02-16,24.81030
2021-02-17,24.80980
2021-02-18,24.88610
2021-02-19,24.60350
2021-02-22,24.16380
2021-02-23,24.27700
2021-02-24,24.59180
2021-02-25,24.81310
2021-02-26,24.18000
2021-03-01,24.38930
2021-03-02,24.65970
2021-03-03,25.00320
2021-03-04,24.87620
2021-03-05,24.57810
2021-03-08,24.71140
2021-03-09,24.70010
2021-03-10,24.80940
2021-03-12,24.72750
2021-03-15,24.67520
2021-03-16,24.61920
2021-03-17,24.33290
2021-03-18,24.13040
2021-03-19,24.28000
2021-03-22,24.31150
2021-03-23,24.39180
2021-03-24,24.08270
2021-03-25,23.78620
2021-03-26,24.02180
2021-03-30,24.30740
2021-03-31,24.22120
2021-04-01,24.44810
2021-04-05,24.16230
2021-04-06,24.13100
2021-04-07,24.35590
2021-04-08,24.39380
2021-04-09,24.36270
2021-04-12,23.72830
2021-04-13,23.93580
2021-04-15,23.97990
2021-04-16,24.02510
2021-04-19,23.72640
2021-04-20,23.78320
2021-04-22,23.88700
2021-04-23,23.90070
2021-04-26,24.11750
2021-04-27,24.30260
2021-04-28,24.51110
2021-04-29,24.52710
2021-04-30,24.37010
2021-05-03,24.41560
2021-05-04,24.26730
2021-05-05,24.46530
2021-05-06,24.55310
2021-05-07,24.63900
2021-05-10,24.80450
2021-05-11,24.85070
2021-05-12,24.75210
2021-05-14,24.57730
2021-05-17,24.89990
2021-05-18,25.10040
2021-05-19,25.08300
2021-05-20,24.94120
2021-05-21,25.23100
2021-05-24,25.35320
2021-05-25,25.39690
2021-05-26,25.44170
2021-05-27,25.55040
2021-05-28,25.49100
2021-05-31,23.90250
2021-06-01,23.91030
2021-06-02,23.97460
2021-06-03,24.19440
2021-06-04,24.28080
2021-06-07,24.44320
2021-06-08,24.48600
2021-06-09,24.32980
2021-06-10,24.48860
2021-06-11,24.53050
2021-06-14,24.49380
2021-06-15,24.58580
2021-06-16,24.43500
2021-06-17,24.34740
2021-06-18,24.27920
2021-06-21,24.31940
2021-06-22,24.44110
2021-06-23,24.35050
2021-06-24,24.46300
2021-06-25,24.63730
2021-06-28,24.65940
2021-06-29,24.57060
2021-06-30,24.53150
2021-07-01,24.50160
2021-07-02,24.55280
2021-07-05,24.66740
2021-07-06,24.59730
2021-07-07,24.65200
2021-07-08,24.52580
2021-07-09,24.53850
2021-07-12,24.54600
2021-07-13,24.69630
2021-07-14,24.74520
2021-07-15,24.82170
2021-07-16,24.91790
2021-07-19,24.75280
2021-07-20,24.52930
2021-07-22,24.77820
2021-07-23,24.81450
2021-07-26,24.79880
2021-07-27,24.68720
2021-07-28,24.69270
2021-07-29,24.81310
2021-07-30,24.80710
2021-08-02,24.93400
2021-08-03,25.14830
2021-08-04,25.20520
2021-08-05,25.20930
2021-08-06,25.18020
2021-08-09,25.14470
2021-08-10,25.12530
2021-08-11,25.14080
2021-08-12,25.31980
2021-08-13,25.44300
2021-08-16,25.41670
2021-08-17,25.49460
2021-08-18,25.46840
2021-08-20,25.23440
2021-08-23,25.17580
2021-08-24,25.31090
2021-08-25,25.27560
2021-08-26,25.19900
2021-08-27,25.30680
2021-08-30,25.58350
2021-08-31,25.84220
2021-09-01,25.88610
2021-09-02,26.04330
2021-09-03,26.03650
2021-09-06,26.06920
2021-09-07,26.01860
2021-09-08,26.05620
2021-09-09,26.07020
2021-09-13,26.08920
2021-09-14,26.12620
2021-09-15,26.29800
2021-09-16,26.39020
2021-09-17,26.32700
2021-09-20,26.02830
2021-09-21,26.11550
2021-09-22,26.18540
2021-09-23,26.45260
2021-09-24,26.45830
2021-09-27,26.45350
2021-09-28,26.33170
2021-09-29,26.42870
2021-09-30,26.33000
2021-10-01,26.27230
2021-10-04,26.42570
2021-10-05,26.55520
2021-10-06,26.40680
2021-10-07,26.56240
2021-10-08,26.59190
2021-10-11,26.71270
2021-10-12,26.76980
2021-10-13,26.87950
2021-10-14,27.05910
2021-10-18,27.24200
2021-10-19,27.08360
2021-10-20,26.91620
2021-10-21,26.85450
2021-10-22,26.80970
2021-10-25,26.95880
2021-10-26,27.04570
2021-10-27,26.92770
2021-10-28,26.54560
2021-10-29,26.44250
2021-11-01,26.74220
2021-11-02,26.81380
2021-11-03,26.69850
2021-11-08,26.99320
2021-11-09,27.05830
2021-11-10,27.01940
2021-11-11,26.83460
2021-11-12,26.95710
2021-11-15,26.92100
2021-11-16,26.79880
2021-11-17,26.65480
2021-11-18,26.49070
2021-11-22,26.16410
2021-11-23,26.30980
2021-11-24,26.26420
2021-11-25,26.28570
2021-11-26,25.77760
2021-11-29,25.68200
2021-11-30,25.72870
2021-12-01,25.87580
2021-12-02,26.07660
2021-12-03,25.93990
2021-12-06,25.64210
2021-12-07,25.91630
2021-12-08,26.20210
2021-12-09,26.21250
2021-12-10,26.21860
2021-12-13,26.16390
2021-12-14,26.21710
2021-12-15,26.11790
2021-12-16,26.07250
2021-12-17,25.76820
2021-12-20,25.30980
2021-12-21,25.45100
2021-12-22,25.66150
2021-12-23,25.77530
2021-12-24,25.63470
2021-12-27,25.69560
2021-12-28,25.83250
2021-12-29,25.81380
2021-12-30,25.81400
2021-12-31,25.99660
2022-01-03,26.21620
2022-01-04,26.37290
2022-01-05,26.49570
2022-01-06,26.39800
2022-01-07,26.47120
2022-01-10,26.65590
2022-01-11,26.66590
2022-01-12,26.84790
2022-01-13,26.91400
2022-01-14,26.90830
2022-01-17,26.93470
2022-01-18,26.73280
2022-01-19,26.59500
2022-01-20,26.50010
2022-01-21,26.22720
2022-01-24,25.73050
2022-01-25,26.02970
2022-01-27,25.86240
2022-01-28,25.89650
2022-01-31,26.15690
2022-02-01,26.34790
2022-02-02,26.52810
2022-02-03,26.39870
2022-02-04,26.32610
2022-02-07,26.03320
2022-02-08,25.98490
2022-02-09,26.18920
2022-02-10,26.31760
2022-02-11,26.03050
2022-02-14,25.41120
2022-02-15,25.88940
2022-02-16,25.86890
2022-02-17,25.77760
2022-02-18,25.71540
2022-02-21,25.59350
2022-02-22,25.42340
2022-02-23,25.45190
2022-02-24,24.57480
2022-02-25,25.03230
2022-02-28,25.12480
2022-03-02,24.88650
2022-03-03,24.72700
2022-03-04,24.47450
2022-03-07,24.08820
2022-03-08,24.30230
2022-03-09,24.56170
2022-03-10,24.82870
2022-03-11,24.87640
2022-03-14,25.03840
2022-03-15,24.90140
2022-03-16,25.24110
2022-03-17,25.47490
2022-03-21,25.25150
2022-03-22,25.36110
2022-03-23,25.29980
2022-03-24,25.24310
2022-03-25,25.18070
2022-03-28,25.20140
2022-03-29,25.33940
2022-03-30,25.59880
2022-03-31,25.60610
2022-04-01,25.88090
2022-04-04,26.19630
2022-04-05,26.26600
2022-04-06,26.23210
2022-04-07,26.17850
2022-04-08,26.26610
2022-04-11,26.20290
2022-04-12,26.04360
2022-04-13,26.01960
2022-04-18,25.78630
2022-04-19,25.51390
2022-04-20,25.64750
2022-04-21,25.85420
2022-04-22,25.60970
2022-04-25,25.40170
2022-04-26,25.59280
2022-04-27,25.42080
2022-04-28,25.63730
2022-04-29,25.45730
2022-05-02,25.35490
2022-05-04,24.90800
2022-05-05,24.89550
2022-05-06,24.57120
2022-05-09,24.43450
2022-05-10,24.30950
2022-05-11,24.29070
2022-05-12,23.95620
2022-05-13,23.89220
2022-05-16,24.05300
2022-05-17,24.44310
2022-05-18,24.40430
2022-05-19,23.99530
2022-05-20,24.43020
2022-05-23,24.47080
2022-05-24,24.35320
2022-05-25,24.22180
2022-05-26,24.41870
2022-05-27,24.57080
2022-05-30,22.95870
2022-05-31,22.89260
2022-06-01,22.87590
2022-06-02,22.92680
2022-06-03,22.81960
2022-06-06,22.76730
2022-06-07,22.60660
2022-06-08,22.52930
2022-06-09,22.61940
2022-06-10,22.47170
2022-06-13,22.05480
2022-06-14,22.05160
2022-06-15,22.05600
2022-06-16,21.69630
2022-06-17,21.61690
2022-06-20,21.55760
2022-06-21,21.84830
2022-06-22,21.69330
2022-06-23,21.85550
2022-06-24,22.00810
2022-06-27,22.16340
2022-06-28,22.15220
2022-06-29,22.09980
2022-06-30,22.08460
2022-07-01,22.12910
2022-07-04,22.27920
2022-07-05,22.29350
2022-07-06,22.46160
2022-07-07,22.59190
2022-07-08,22.72800
2022-07-11,22.74900
2022-07-12,22.62040
2022-07-13,22.60500
2022-07-14,22.58140
2022-07-15,22.64880
2022-07-18,22.89070
2022-07-19,22.98060
2022-07-20,23.07820
2022-07-21,23.16410
2022-07-22,23.24510
2022-07-25,23.19550
2022-07-26,23.04040
2022-07-27,23.15650
2022-07-28,23.32090
2022-07-29,23.49660
2022-08-01,23.69400
2022-08-02,23.74480
2022-08-03,23.76000
2022-08-04,23.75560
2022-08-05,23.76490
2022-08-08,23.89090
2022-08-10,23.90800
2022-08-11,24.07510
2022-08-12,24.17890
2022-08-16,24.28500
2022-08-17,24.43460
2022-08-18,24.44450
2022-08-19,24.24840
2022-08-22,23.96710
2022-08-23,24.05920
2022-08-24,24.12740
2022-08-25,24.16030
2022-08-26,24.26160
2022-08-29,24.02240
2022-08-30,24.38130
2022-09-01,24.29600
2022-09-02,24.26480
2022-09-05,24.37850
2022-09-06,24.46860
2022-09-07,24.51100
2022-09-08,24.68700
2022-09-09,24.73410
2022-09-12,24.87420
2022-09-13,24.96550
2022-09-14,24.91090
2022-09-15,24.80850
2022-09-16,24.47950
2022-09-19,24.52970
2022-09-20,24.73230
2022-09-21,24.58860
2022-09-22,24.49420
2022-09-23,24.17970
2022-09-26,23.85120
2022-09-27,23.89980
2022-09-28,23.81790
2022-09-29,23.85460
2022-09-30,24.16220
2022-10-03,23.95460
2022-10-04,24.26920
2022-10-06,24.37910
2022-10-07,24.38360
2022-10-10,24.31330
2022-10-11,24.05330
2022-10-12,24.18410
2022-10-13,24.04940
2022-10-14,24.14690
2022-10-17,24.28370
2022-10-18,24.45370
2022-10-19,24.42970
2022-10-20,24.42480
2022-10-21,24.43370
2022-10-25,24.71840
2022-10-27,24.82670
2022-10-28,24.75480
2022-10-31,24.96870
2022-11-01,25.07460
2022-11-02,24.99300
2022-11-03,24.94610
2022-11-04,24.90260
2022-11-07,25.03380
2022-11-09,24.90970
2022-11-10,24.81180
2022-11-11,25.09140
2022-11-14,25.10340
2022-11-15,25.21730
2022-11-16,25.26040
2022-11-17,25.22560
2022-11-18,25.18570
2022-11-21,25.11260
2022-11-22,25.19040
2022-11-23,25.20120
2022-11-24,25.38260
2022-11-25,25.45010
2022-11-28,25.49140
2022-11-29,25.53070
2022-11-30,25.64130
2022-12-01,25.73620
2022-12-02,25.71460
2022-12-05,25.71370
2022-12-06,25.61590
2022-12-07,25.55260
2022-12-08,25.62970
2022-12-09,25.49240
2022-12-12,25.50440
2022-12-13,25.58600
2022-12-14,25.64980
2022-12-15,25.47740
2022-12-16,25.31590
2022-12-19,25.39630
2022-12-20,25.35670
2022-12-21,25.15180
2022-12-22,25.04630
2022-12-23,24.68310
2022-12-26,24.97250
2022-12-27,25.07750
2022-12-28,25.03860
2022-12-29,25.10430
2022-12-30,25.04130
2023-01-02,25.08020
2023-01-03,25.13450
2023-01-04,24.96980
2023-01-05,24.96890
2023-01-06,24.81880
2023-01-09,25.01720
2023-01-10,24.87450
2023-01-11,24.88510
2023-01-12,24.89210
2023-01-13,24.95650
2023-01-16,24.89730
2023-01-17,24.97730
2023-01-18,25.07890
2023-01-19,25.05160
2023-01-20,25.01370
2023-01-23,25.06520
2023-01-24,25.04970
2023-01-25,24.75100
2023-01-27,24.45920
2023-01-30,24.45470
2023-01-31,24.59530
2023-02-01,24.48630
2023-02-02,24.48480
2023-02-03,24.61230
2023-02-06,24.64630
2023-02-07,24.60540
2023-02-08,24.70970
2023-02-09,24.76350
2023-02-10,24.71520
2023-02-13,24.61310
2023-02-14,24.65960
2023-02-15,24.69950
2023-02-16,24.72950
2023-02-17,24.65040
2023-02-20,24.62310
2023-02-21,24.63010
2023-02-22,24.40040
2023-02-23,24.37220
2023-02-24,24.36270
2023-02-27,24.27530
2023-02-28,24.24570
2023-03-01,24.38240
2023-03-02,24.28500
2023-03-03,24.50450
2023-03-06,24.61090
2023-03-08,24.69360
2023-03-09,24.59890
2023-03-10,24.46130
2023-03-13,24.21120
2023-03-14,24.14630
2023-03-15,24.08030
2023-03-16,24.12830
2023-03-17,24.25840
2023-03-20,24.16150
2023-03-21,24.27330
2023-03-22,24.31750
2023-03-23,24.22790
2023-03-24,24.11960
2023-03-27,24.12210
2023-03-28,24.06240
2023-03-29,24.22030
2023-03-31,24.48120
2023-04-03,24.51630
2023-04-05,24.58170
2023-04-06,24.62230
2023-04-10,24.63830
2023-04-11,24.65510
2023-04-12,24.74030
2023-04-13,24.73690
2023-04-17,24.59460
2023-04-18,24.59410
2023-04-19,24.52460
2023-04-20,24.57090
2023-04-21,24.52550
2023-04-24,24.64330
2023-04-25,24.62350
2023-04-26,24.64750
2023-04-27,24.72000
2023-04-28,24.84810
2023-05-02,24.92730
2023-05-03,24.90120
2023-05-04,25.02510
2023-05-05,24.86290
2023-05-08,25.05650
2023-05-09,25.05930
2023-05-10,25.10740
2023-05-11,25.15290
2023-05-12,25.15920
2023-05-15,25.28940
2023-05-16,25.24950
2023-05-17,25.18470
2023-05-18,25.12610
2023-05-19,25.18520
2023-05-22,25.25730
2023-05-23,25.28520
2023-05-24,25.24480
2023-05-25,25.29140
2023-05-26,25.41780
2023-05-29,23.48580
2023-05-30,23.55330
2023-05-31,23.59270
2023-06-01,23.59200
2023-06-02,23.65380
2023-06-05,23.77040
2023-06-06,23.79120
2023-06-07,23.92540
2023-06-08,23.83160
2023-06-09,23.81900
2023-06-12,23.86790
2023-06-13,23.99350
2023-06-14,24.02310
2023-06-15,23.95650
2023-06-16,24.10260
2023-06-19,24.07180
2023-06-20,24.15360
2023-06-21,24.17870
2023-06-22,24.06260
2023-06-23,23.95020
2023-06-26,24.03180
2023-06-27,24.16910
2023-06-28,24.27010
2023-06-30,24.42620
2023-07-03,24.48780
2023-07-04,24.49280
2023-07-05,24.52980
2023-07-06,24.62980
2023-07-07,24.49600
2023-07-10,24.50630
2023-07-11,24.63620
2023-07-12,24.61640
2023-07-13,24.63680
2023-07-14,24.77790
2023-07-17,24.88080
2023-07-18,24.88850
2023-07-19,24.96850
2023-07-20,25.04090
2023-07-21,24.94480
2023-07-24,24.95080
2023-07-25,25.02690
2023-07-26,25.13350
2023-07-27,25.10450
2023-07-28,25.15820
2023-07-31,25.28350
2023-08-01,25.31810
2023-08-02,25.09990
2023-08-03,25.02960
2023-08-04,25.22370
2023-08-07,25.27030
2023-08-08,25.26190
2023-08-09,25.33810
2023-08-10,25.24270
2023-08-11,25.19070
2023-08-14,25.19300
2023-08-16,25.22120
2023-08-17,25.16890
2023-08-18,25.13990
2023-08-21,25.19450
2023-08-22,25.26690
2023-08-23,25.35480
2023-08-24,25.32640
2023-08-25,25.21540
2023-08-28,25.27720
2023-08-29,25.34100
2023-08-30,25.42830
2023-08-31,25.41870
2023-09-01,25.63690
2023-09-04,25.76990
2023-09-05,25.82610
2023-09-06,25.85180
2023-09-07,25.98680
2023-09-08,26.14720
2023-09-11,26.29230
2023-09-12,26.00760
2023-09-13,26.06430
2023-09-14,26.15400
2023-09-15,26.22860
2023-09-18,26.18590
2023-09-20,26.03020
2023-09-21,25.85800
2023-09-22,25.82490
2023-09-25,25.80690
2023-09-26,25.86140
2023-09-27,25.92000
2023-09-29,25.96190
2023-10-03,25.95450
2023-10-04,25.74490
2023-10-05,25.82130
2023-10-06,25.88280
2023-10-09,25.72560
2023-10-10,25.86710
2023-10-11,25.95530
2023-10-12,26.00070
2023-10-13,26.00880
2023-10-16,26.02030
2023-10-17,26.07500
2023-10-18,25.96960
2023-10-19,25.91220
2023-10-20,25.83240
2023-10-23,25.49640
2023-10-25,25.35630
2023-10-26,25.16790
2023-10-27,25.36930
2023-10-30,25.41360
2023-10-31,25.36440
2023-11-01,25.30810
2023-11-02,25.48140
2023-11-03,25.61180
2023-11-06,25.81510
2023-11-07,25.89610
2023-11-08,25.93640
2023-11-09,25.92170
2023-11-10,25.94440
2023-11-13,26.00470
2023-11-15,26.21460
2023-11-16,26.27040
2023-11-17,26.28200
2023-11-20,26.25250
2023-11-21,26.27630
2023-11-22,26.28390
2023-11-23,26.27960
2023-11-24,26.29310
2023-11-28,26.38810
2023-11-29,26.56540
2023-11-30,26.70990
2023-12-01,26.84290
2023-12-04,27.16880
2023-12-05,27.22380
2023-12-06,27.35040
2023-12-07,27.37580
2023-12-08,27.39220
2023-12-11,27.46880
2023-12-12,27.35090
2023-12-13,27.43990
2023-12-14,27.67370
2023-12-15,27.90060
2023-12-18,27.93710
2023-12-19,27.96940
2023-12-20,27.59170
2023-12-21,27.73890
2023-12-22,27.89260
2023-12-26,28.00090
2023-12-27,28.14590
2023-12-28,28.23780
2023-12-29,28.27680
2024-01-01,28.30910
2024-01-02,28.22670
2024-01-03,28.15050
2024-01-04,28.37340
2024-01-05,28.41850
2024-01-08,28.24140
2024-01-09,28.29300
2024-01-10,28.34900
2024-01-11,28.40150
2024-01-12,28.61310
2024-01-15,28.75250
2024-01-16,28.70400
2024-01-17,28.36010
2024-01-18,28.32530
2024-01-19,28.53900
2024-01-23,28.14410
2024-01-24,28.41950
2024-01-25,28.36190
2024-01-29,28.64810
2024-01-30,28.53830
2024-01-31,28.77010
2024-02-01,28.72520
2024-02-02,28.80350
2024-02-05,28.74930
2024-02-06,28.95140
2024-02-07,28.97030
2024-02-08,28.93710
2024-02-09,28.93860
2024-02-12,28.73660
2024-02-13,28.86130
2024-02-14,29.04160
2024-02-15,29.15690
2024-02-16,29.34630
2024-02-19,29.44840
2024-02-20,29.52710
2024-02-21,29.40860
2024-02-22,29.57980
2024-02-23,29.63060
2024-02-26,29.53760
2024-02-27,29.56870
2024-02-28,29.38300
2024-02-29,29.46910
2024-03-01,29.74720
2024-03-04,29.85080
2024-03-05,29.82620
2024-03-06,29.80030
2024-03-07,29.84020
2024-03-11,29.62500
2024-03-12,29.50320
2024-03-13,28.95690
2024-03-14,29.19800
2024-03-15,29.11170
2024-03-18,29.15190
2024-03-19,28.92340
2024-03-20,28.96540
2024-03-21,29.23650
2024-03-22,29.35660
2024-03-26,29.40270
2024-03-27,29.44130
2024-03-28,29.58760
2024-03-31,29.58740
2024-04-01,29.83880
2024-04-02,29.89460
2024-04-03,29.90730
2024-04-04,29.95320
2024-04-05,30.03160
2024-04-08,30.17630
2024-04-09,30.22810
2024-04-10,30.34300
2024-04-12,30.14940
2024-04-15,29.89480
2024-04-16,29.82100
2024-04-18,29.67880
2024-04-19,29.73960
2024-04-22,29.95530
2024-04-23,29.99120
2024-04-24,30.08600
2024-04-25,30.29430
2024-04-26,30.28800
2024-04-29,30.41400
2024-04-30,30.40980
2024-05-02,30.43010
2024-05-03,30.30440
2024-05-06,30.25600
2024-05-07,30.02540
2024-05-08,30.14970
2024-05-09,29.83040
2024-05-10,29.96770
2024-05-13,29.93790
2024-05-14,30.09900
2024-05-15,30.17750
2024-05-16,30.39180
2024-05-17,30.61480
2024-05-21,30.74530
2024-05-22,30.77190
2024-05-23,31.00120
2024-05-24,31.04890
2024-05-27,28.79530
2024-05-28,28.66550
2024-05-29,28.54700
2024-05-30,28.39950
2024-05-31,28.49860
2024-06-03,29.16850
2024-06-04,27.73690
2024-06-05,28.37890
2024-06-06,28.62980
2024-06-07,28.97200
2024-06-10,29.02260
2024-06-11,29.11340
2024-06-12,29.18090
2024-06-13,29.26730
2024-06-14,29.34670
2024-06-18,29.45900
2024-06-19,29.47200
2024-06-20,29.52710
2024-06-21,29.46520
2024-06-24,29.57700
2024-06-25,29.71570
2024-06-26,29.81960
2024-06-27,29.84930
2024-06-28,29.82640
2024-07-01,29.99170
2024-07-02,29.93110
2024-07-03,30.03590
2024-07-04,30.06970
2024-07-05,30.07690
2024-07-08,30.16610
2024-07-09,30.27340
2024-07-10,30.23170
2024-07-11,30.23420
2024-07-12,30.34670
2024-07-15,30.42340
2024-07-16,30.39010
2024-07-18,30.44340
2024-07-19,30.15560
2024-07-22,30.26230
2024-07-23,30.20700
2024-07-24,30.34320
2024-07-25,30.37270
2024-07-26,30.69450
2024-07-29,30.75620
2024-07-30,30.81140
2024-07-31,30.90760
2024-08-01,30.86420
2024-08-02,30.71580
2024-08-05,30.11810
2024-08-06,29.99720
2024-08-07,30.40780
2024-08-08,30.24690
2024-08-09,30.40770
2024-08-12,30.46150
2024-08-13,30.30560
2024-08-14,30.29690
2024-08-16,30.64880
2024-08-19,30.67870
2024-08-20,30.79660
2024-08-21,30.84040
2024-08-22,30.89650
2024-08-23,30.89550
2024-08-26,31.10720
2024-08-27,31.14110
2024-08-28,31.13430
2024-08-29,31.16860
2024-08-30,31.31620
2024-09-02,31.28680
2024-09-03,31.30810
2024-09-04,31.25530
2024-09-05,31.22120
2024-09-06,30.98670
2024-09-09,30.99770
2024-09-10,31.16560
2024-09-11,31.03550
2024-09-12,31.37390
2024-09-13,31.35780
2024-09-16,31.39110
2024-09-17,31.44120
2024-09-18,31.38150
2024-09-19,31.37000
2024-09-20,31.67730
2024-09-23,31.82840
2024-09-24,31.78000
2024-09-25,31.75870
2024-09-26,31.81000
2024-09-27,31.76200
2024-09-30,31.55580
2024-10-01,31.52950
2024-10-03,31.10500
2024-10-04,30.99090
2024-10-07,30.69570
2024-10-08,30.95620
2024-10-09,31.06290
2024-10-10,31.07160
2024-10-11,31.11860
2024-10-14,31.24920
2024-10-15,31.29010
2024-10-16,31.24920
2024-10-17,31.06540
2024-10-18,31.09350
2024-10-21,31.06180
2024-10-22,30.67960
2024-10-23,30.69930
2024-10-24,30.67260
2024-10-25,30.41230
2024-10-28,30.53510
2024-10-29,30.61850
2024-10-30,30.56520
2024-10-31,30.52540
2024-11-04,30.32910
2024-11-05,30.46400
2024-11-06,30.79130
2024-11-07,30.63890
2024-11-08,30.53810
2024-11-11,30.53110
2024-11-12,30.35370
2024-11-13,30.05950
2024-11-14,30.08170
2024-11-18,30.01190
2024-11-19,30.12030
2024-11-21,30.06500
2024-11-22,30.39460
2024-11-25,30.72300
2024-11-26,30.75390
2024-11-27,30.85890
2024-11-28,30.64760
2024-11-29,30.82160
2024-12-02,30.97490
2024-12-03,31.14000
2024-12-04,31.24640
2024-12-05,31.41230
2024-12-06,31.45410
2024-12-09,31.44810
2024-12-10,31.48270
2024-12-11,31.47960
2024-12-12,31.35120
2024-12-13,31.48500
2024-12-16,31.47470
2024-12-17,31.28550
2024-12-18,31.16040
2024-12-19,30.99870
2024-12-20,30.68160
2024-12-23,30.83400
2024-12-24,30.83000
2024-12-26,30.88850
2024-12-27,30.89800
2024-12-30,30.87050
2024-12-31,30.85860
2025-01-01,30.97170
2025-01-02,31.25440
2025-01-03,31.12770
2025-01-06,30.76910
2025-01-07,30.83950
2025-01-08,30.67210
2025-01-09,30.50910
2025-01-10,30.31250
2025-01-13,29.82640
2025-01-14,29.90270
2025-01-15,30.01590
2025-01-16,30.15440
2025-01-17,30.05280
2025-01-20,30.09880
2025-01-21,29.74000
2025-01-22,29.69660
2025-01-23,29.85050
2025-01-24,29.66300
2025-01-27,29.30800
2025-01-28,29.38710
2025-01-29,29.66100
2025-01-30,29.65880
2025-01-31,29.90160
2025-02-03,29.82370
2025-02-04,30.12860
2025-02-05,30.18230
2025-02-06,30.10650
2025-02-07,30.10400
2025-02-10,29.83940
2025-02-11,29.40430
2025-02-12,29.37410
2025-02-13,29.37780
2025-02-14,29.17720
2025-02-17,29.16950
2025-02-18,29.15820
2025-02-19,29.28380
2025-02-20,29.32590
2025-02-21,29.21840
2025-02-24,28.97870
2025-02-25,28.98000
2025-02-27,28.89020
2025-02-28,28.45960
2025-03-03,28.50750
2025-03-04,28.50210
2025-03-05,28.74840
2025-03-06,28.92010
2025-03-07,28.88320
2025-03-10,28.75400
2025-03-11,28.81670
2025-03-12,28.76430
2025-03-13,28.63990
2025-03-17,28.74630
2025-03-18,29.13300
2025-03-19,29.32440
2025-03-20,29.53590
2025-03-21,29.74620
2025-03-24,29.98410
2025-03-25,29.91880
2025-03-26,29.70790
2025-03-27,29.87990
2025-03-28,29.81340
2025-03-31,29.81390
2025-04-01,29.54770
2025-04-02,29.78450
2025-04-03,29.73950
2025-04-04,29.36790
2025-04-07,28.77130
2025-04-08,29.11220
2025-04-09,28.94240
2025-04-11,29.32580
2025-04-15,29.85740
2025-04-16,29.98300
2025-04-17,30.26120
2025-04-21,30.53000
2025-04-22,30.58650
2025-04-23,30.76420
2025-04-24,30.69580
2025-04-25,30.39490
2025-04-28,30.60620
2025-04-29,30.63300
2025-04-30,30.65350
2025-05-02,30.64810
2025-05-05,30.77340
2025-05-06,30.60020
2025-05-07,30.70270
2025-05-08,30.52230
2025-05-09,30.32490
2025-05-12,31.06700
2025-05-13,30.90310
2025-05-14,30.99430
2025-05-15,31.29880
2025-05-16,31.35920
2025-05-19,31.29010
2025-05-20,31.09900
2025-05-21,31.26710
2025-05-22,31.16580
2025-05-23,31.31310
2025-05-26,28.89960
2025-05-27,28.79770
2025-05-28,28.80450
2025-05-29,28.90590
2025-05-30,28.84800
2025-06-02,28.82970
2025-06-03,28.73180
2025-06-04,28.82410
2025-06-05,28.95700
2025-06-06,29.12540
2025-06-09,29.20380
2025-06-10,29.17040
2025-06-11,29.19440
2025-06-12,28.98250
2025-06-13,28.85980
2025-06-16,29.04930
2025-06-17,28.98810
2025-06-18,28.94640
2025-06-19,28.83530
2025-06-20,29.05580
2025-06-23,28.97870
2025-06-24,29.01900
2025-06-25,29.16440
2025-06-26,29.35350
2025-06-27,29.47430
2025-06-30,29.40100
2025-07-01,29.40930
2025-07-02,29.31500
2025-07-03,29.32600
2025-07-04,29.40940
2025-07-07,29.38090
2025-07-08,29.42650
2025-07-09,29.40460
2025-07-10,29.35880
2025-07-11,29.18050
2025-07-14,29.20000
2025-07-15,29.29560
2025-07-16,29.29140
2025-07-17,29.24920
2025-07-18,29.11820
2025-07-21,29.24960
2025-07-22,29.24540
2025-07-23,29.35660
2025-07-24,29.29880
2025-07-25,29.10220
2025-07-28,29.00800
2025-07-29,29.11630
2025-07-30,29.19180
2025-07-31,29.06330
2025-08-01,28.79250
2025-08-04,28.88880
2025-08-05,28.79950
2025-08-06,28.69870
2025-08-07,28.70820
2025-08-08,28.54120
2025-08-11,28.71460
2025-08-12,28.66050
2025-08-13,28.76550
2025-08-14,28.78720
2025-08-18,28.99900
2025-08-19,29.09660
2025-08-20,29.19510
2025-08-21,29.20270
2025-08-22,29.08750
2025-08-25,29.13550
2025-08-26,28.85230
2025-08-28,28.66300
2025-08-29,28.61050
2025-09-01,28.78690
2025-09-02,28.74440
2025-09-03,28.81990
2025-09-04,28.81020
2025-09-05,28.79320
2025-09-08,28.80660
2025-09-09,28.87910
2025-09-10,28.99250
2025-09-11,29.01510
2025-09-12,29.04890
2025-09-15,29.06950
2025-09-16,29.24470
2025-09-17,29.28480
2025-09-18,29.33730
2025-09-19,29.29200
2025-09-22,29.21810
2025-09-23,29.15920
2025-09-24,29.08450
2025-09-25,28.96980
2025-09-26,28.71850
2025-09-30,28.68400
2025-10-01,28.84130
2025-10-03,28.97160
2025-10-06,29.10590
2025-10-07,29.13580
2025-10-08,29.04840
2025-10-09,29.15260
2025-10-10,29.23380
2025-10-13,29.20540
2025-10-14,29.09220
2025-10-15,29.27750
2025-10-16,29.44010
2025-10-17,29.48120
2025-10-20,29.54580
2025-10-23,29.59990
2025-10-24,29.55300
2025-10-27,29.70290
2025-10-28,29.70350
2025-10-29,29.79310
2025-10-30,29.69170
2025-10-31,29.52870
2025-11-03,29.63330
2025-11-04,29.53330
2025-11-06,29.40330
2025-11-07,29.36260
2025-11-10,29.38620
2025-11-11,29.49490
2025-11-12,29.60910
2025-11-13,29.58140
2025-11-14,29.64440
2025-11-17,29.75100
2025-11-18,29.63990
2025-11-19,29.76080
2025-11-20,29.79700
2025-11-21,29.65360
2025-11-24,29.55000
2025-11-25,29.53200
2025-11-26,29.77820
2025-11-27,29.73390
2025-11-28,29.67740
2025-12-01,29.69960
2025-12-02,29.57590
2025-12-03,29.48560
2025-12-04,29.51450
2025-12-05,29.60810
2025-12-08,29.34820
2025-12-09,29.35090
2025-12-10,29.23830
2025-12-11,29.33150
2025-12-12,29.46400
2025-12-15,29.48520
2025-12-16,29.34860
2025-12-17,29.26670
2025-12-18,29.26890
2025-12-19,29.39190
2025-12-22,29.51910
2025-12-23,29.52270
2025-12-24,29.49340
2025-12-26,29.41960
2025-12-29,29.32560
2025-12-30,29.27550
2025-12-31,29.41550
2026-01-01,29.50070
2026-01-02,29.68940
2026-01-05,29.67280
2026-01-06,29.66590
2026-01-07,29.60720
2026-01-08,29.34600
2026-01-09,29.17250
2026-01-12,29.16880
2026-01-13,29.10310
2026-01-14,29.08860
2026-01-16,29.09730
2026-01-19,29.01580
2026-01-20,28.71150
2026-01-21,28.60710
2026-01-22,28.72820
2026-01-23,28.47120
2026-01-27,28.57150
2026-01-28,28.74210
2026-01-29,28.79210
2026-01-30,28.85190
2026-02-02,28.60600
2026-02-03,29.09720
2026-02-04,29.18820
2026-02-05,29.12850
2026-02-06,29.10010
2026-02-09,29.32330
2026-02-10,29.45090
2026-02-11,29.53450
2026-02-12,29.44170
2026-02-13,29.18450
2026-02-16,29.32900
2026-02-17,29.36460
2026-02-18,29.41800
2026-02-19,29.10310
2026-02-20,29.17190
2026-02-23,29.27760
2026-02-24,29.06310
2026-02-25,29.13970
2026-02-26,29.11790
2026-02-27,28.89100
2026-03-02,28.62880
2026-03-04,28.31000
2026-03-05,28.51290
2026-03-06,28.28260
2026-03-09,27.91020
2026-03-10,28.12780
2026-03-11,27.83890
2026-03-12,27.64270
2026-03-13,27.22450
2026-03-16,27.39950
2026-03-17,27.57700
2026-03-18,27.78210
2026-03-19,27.15720
2026-03-20,27.18840
2026-03-23,26.63640
2026-03-24,26.99270
2026-03-25,27.36740
2026-03-27,26.93410
2026-03-30,26.51700
2026-03-31,26.51720
2026-04-01,26.80360
2026-04-02,26.81640
2026-04-06,27.07040
2026-04-07,27.18080
2026-04-08,28.00740
2026-04-09,27.85440
2026-04-10,28.13010
2026-04-13,27.98380
2026-04-15,28.37690
2026-04-16,28.42670
2026-04-17,28.55710
2026-04-20,28.58100
2026-04-21,28.75170
2026-04-22,28.61860
2026-04-23,28.45960
2026-04-24,28.24740
2026-04-27,28.40310
2026-04-28,28.25840
2026-04-29,28.31540
2026-04-30,28.12190
2026-05-04,28.31210
2026-05-05,28.28530
2026-05-06,28.54690
2026-05-07,28.61590
2026-05-08,28.48200
2026-05-11,28.12480
2026-05-12,27.70860
2026-05-13,27.76390
2026-05-14,27.94690
2026-05-15,27.87510
2026-05-18,27.71950
2026-05-19,27.75240
2026-05-20,27.80590
2026-05-21,27.84100
2026-05-22,27.90190
2026-05-25,28.02970
2026-05-26,27.94880
2026-05-27,28.00220
2026-05-29,27.76460
2026-06-01,27.57500
2026-06-02,27.57270
2026-06-03,27.54830
2026-06-04,27.56740
2026-06-05,27.57650
2026-06-08,27.37620
2026-06-09,27.54230
2026-06-10,27.47050
2026-06-11,27.35070
2026-06-12,27.79510
2026-06-15,28.05260
2026-06-16,28.13750
2026-06-17,28.25480
2026-06-18,28.34140
2026-06-19,28.28890
2026-06-22,28.28880
2026-06-23,28.13560
2026-06-24,28.32640
2026-06-25,28.35210
2026-06-29,28.20840
2026-06-30,28.19800
2026-07-01,28.36110
2026-07-02,28.49590
2026-07-03,28.50400
2026-07-06,28.66880
2026-07-07,28.62600
2026-07-08,28.19310
2026-07-09,28.34220
2026-07-10,28.55990
2026-07-13,28.55070
2026-07-14,28.34790
2026-07-15,28.45560
2026-07-16,28.41270
2026-07-17,28.49600
2026-07-20,28.43120
2026-07-21,28.41800
2026-07-22,28.20040
2026-07-23,28.08680
2026-07-24,28.06190
2026-07-27,28.13450
2026-07-28,28.10830
2026-07-29,28.27050
2026-07-30,28.25010
2026-07-31,28.29440
2026-08-03,28.65440
2026-08-04,28.52040
2026-08-05,28.59800
2026-08-06,28.67060
2026-08-07,28.63230
2026-08-10,28.65960
2026-08-11,28.61090
2026-08-12,28.57910
2026-08-13,28.60080
2026-08-14,28.56320
2026-08-17,28.55040
2026-08-18,28.48320
2026-08-19,28.39580
2026-08-20,28.50690
2026-08-21,28.46070
2026-08-24,28.22080
2026-08-25,28.31350
2026-08-26,28.25930
2026-08-27,28.20720
2026-08-28,28.19560
2026-08-31,28.17300
2026-09-01,28.04560
2026-09-02,27.94850
2026-09-03,28.00180
2026-09-04,28.01990
2026-09-07,27.93170
2026-09-08,27.90650
2026-09-09,27.81430
2026-09-10,27.81300
2026-09-11,27.78250
