Date,NAV
2006-04-03,18.62000
2006-04-04,18.73000
2006-04-05,19.36000
2006-04-07,19.16000
2006-04-10,19.36000
2006-04-12,19.01000
2006-04-13,18.58000
2006-04-17,19.06000
2006-04-18,19.39000
2006-04-19,19.31000
2006-04-20,19.57000
2006-04-21,19.48000
2006-04-24,19.63000
2006-04-25,19.27000
2006-04-26,19.63000
2006-04-27,19.61000
2006-04-28,19.72000
2006-05-02,20.36000
2006-05-03,20.50000
2006-05-04,20.34000
2006-05-05,20.26000
2006-05-08,20.23000
2006-05-09,20.46000
2006-05-10,20.64000
2006-05-11,20.52000
2006-05-12,20.19000
2006-05-15,19.27000
2006-05-16,19.18000
2006-05-17,19.61000
2006-05-18,18.25000
2006-05-19,17.41000
2006-05-22,16.43000
2006-05-23,17.33000
2006-05-24,16.91000
2006-05-25,16.86000
2006-05-26,17.36000
2006-05-29,17.64000
2006-05-30,17.36000
2006-05-31,16.75000
2006-06-01,16.05000
2006-06-02,16.37000
2006-06-05,16.08000
2006-06-06,15.62000
2006-06-07,14.79000
2006-06-08,13.64000
2006-06-09,14.49000
2006-06-12,14.15000
2006-06-13,13.22000
2006-06-14,12.79000
2006-06-15,13.68000
2006-06-16,14.24000
2006-06-19,14.58000
2006-06-20,14.59000
2006-06-21,15.04000
2006-06-22,15.49000
2006-06-23,15.64000
2006-06-26,14.95000
2006-06-27,14.82000
2006-06-28,14.85000
2006-06-29,14.89000
2006-06-30,15.63000
2006-07-03,15.76000
2006-07-04,15.81000
2006-07-05,15.97000
2006-07-06,15.90000
2006-07-07,15.55000
2006-07-10,15.75000
2006-07-11,15.70000
2006-07-12,15.96000
2006-07-13,15.93000
2006-07-14,15.80000
2006-07-17,15.42000
2006-07-18,15.12000
2006-07-19,14.73000
2006-07-20,15.10000
2006-07-21,14.79000
2006-07-24,14.88000
2006-07-25,15.17000
2006-07-26,15.57000
2006-07-27,15.74000
2006-07-28,15.94000
2006-07-31,16.03000
2006-08-01,15.91000
2006-08-02,16.30000
2006-08-03,16.36000
2006-08-04,16.27000
2006-08-07,16.27000
2006-08-08,16.67000
2006-08-09,16.89000
2006-08-10,17.12000
2006-08-11,17.22000
2006-08-14,17.43000
2006-08-16,17.69000
2006-08-17,17.76000
2006-08-18,17.75000
2006-08-21,17.99000
2006-08-22,17.99000
2006-08-23,17.72000
2006-08-24,17.95000
2006-08-25,18.32000
2006-08-28,18.37000
2006-08-29,18.37000
2006-08-30,18.32000
2006-08-31,18.05000
2006-09-01,18.25000
2006-09-04,18.58000
2006-09-05,18.91000
2006-09-06,19.07000
2006-09-07,19.01000
2006-09-08,19.20000
2006-09-11,18.33000
2006-09-12,18.61000
2006-09-13,18.88000
2006-09-15,15.88000
2006-09-18,15.95000
2006-09-19,15.71000
2006-09-20,15.90000
2006-09-21,16.09000
2006-09-22,16.01000
2006-09-25,15.94000
2006-09-26,16.04000
2006-09-27,16.07000
2006-09-28,16.14000
2006-09-29,16.36000
2006-10-03,16.53000
2006-10-04,16.37000
2006-10-05,16.67000
2006-10-06,16.80000
2006-10-09,16.94000
2006-10-10,16.85000
2006-10-11,16.62000
2006-10-12,16.91000
2006-10-13,17.03000
2006-10-16,17.07000
2006-10-17,17.07000
2006-10-18,17.04000
2006-10-19,16.86000
2006-10-20,16.83000
2006-10-23,16.80000
2006-10-26,16.93000
2006-10-27,17.04000
2006-10-30,17.29000
2006-10-31,17.30000
2006-11-01,17.43000
2006-11-02,17.46000
2006-11-03,17.65000
2006-11-06,18.03000
2006-11-07,18.22000
2006-11-08,18.05000
2006-11-09,18.17000
2006-11-10,18.24000
2006-11-13,18.38000
2006-11-14,18.23000
2006-11-15,18.18000
2006-11-16,18.13000
2006-11-17,17.85000
2006-11-20,17.75000
2006-11-21,18.38000
2006-11-22,18.67000
2006-11-23,18.68000
2006-11-24,18.86000
2006-11-27,18.80000
2006-11-28,18.66000
2006-11-29,18.82000
2006-12-01,16.04000
2006-12-04,15.99000
2006-12-05,15.92000
2006-12-06,15.76000
2006-12-07,16.01000
2006-12-08,15.78000
2006-12-11,15.38000
2006-12-12,14.69000
2006-12-13,15.04000
2006-12-14,15.42000
2006-12-15,15.52000
2006-12-18,15.52000
2006-12-19,15.21000
2006-12-20,15.05000
2006-12-21,15.13000
2006-12-22,15.32000
2006-12-26,15.58000
2006-12-27,15.82000
2006-12-28,15.78000
2006-12-29,15.82000
2007-01-02,16.00000
2007-01-03,16.23000
2007-01-04,16.23000
2007-01-05,16.26000
2007-01-08,16.10000
2007-01-09,16.08000
2007-01-10,15.90000
2007-01-11,16.03000
2007-01-12,16.22000
2007-01-15,16.40000
2007-01-16,16.49000
2007-01-17,16.42000
2007-01-18,16.42000
2007-01-19,16.50000
2007-01-22,16.49000
2007-01-23,16.22000
2007-01-24,16.27000
2007-01-25,16.43000
2007-01-29,16.42000
2007-01-31,16.15000
2007-02-01,16.18000
2007-02-02,16.26000
2007-02-05,16.31000
2007-02-06,16.57000
2007-02-07,16.64000
2007-02-08,16.57000
2007-02-09,16.22000
2007-02-12,15.56000
2007-02-13,15.46000
2007-02-14,15.46000
2007-02-15,15.79000
2007-02-19,15.76000
2007-02-20,15.51000
2007-02-21,15.46000
2007-02-22,15.33000
2007-02-23,14.86000
2007-02-26,15.01000
2007-02-27,14.99000
2007-02-28,14.32000
2007-03-01,14.33000
2007-03-02,14.15000
2007-03-05,13.51000
2007-03-06,13.64000
2007-03-07,13.28000
2007-03-08,13.86000
2007-03-09,13.74000
2007-03-12,13.98000
2007-03-13,14.18000
2007-03-14,13.94000
2007-03-15,14.04000
2007-03-16,13.87000
2007-03-19,14.00000
2007-03-20,14.15000
2007-03-21,14.29000
2007-03-22,14.46000
2007-03-23,14.50000
2007-03-26,14.39000
2007-03-28,14.19000
2007-03-29,14.30000
2007-03-30,14.43000
2007-04-02,14.00010
2007-04-03,14.04970
2007-04-04,14.02610
2007-04-05,14.14660
2007-04-09,14.44760
2007-04-10,14.62560
2007-04-11,14.65520
2007-04-12,14.75750
2007-04-13,14.96910
2007-04-16,15.20310
2007-04-17,15.03310
2007-04-18,15.08210
2007-04-19,15.05820
2007-04-20,15.26480
2007-04-23,15.25110
2007-04-24,15.35010
2007-04-25,15.60350
2007-04-26,15.62160
2007-04-27,15.40040
2007-04-30,15.39350
2007-05-03,15.48350
2007-05-04,15.44960
2007-05-07,15.36500
2007-05-08,15.24530
2007-05-09,15.28710
2007-05-10,15.29200
2007-05-11,15.39820
2007-05-14,15.59900
2007-05-15,15.60060
2007-05-16,15.86860
2007-05-17,16.03170
2007-05-18,15.97660
2007-05-21,16.14910
2007-05-22,16.25780
2007-05-23,16.12890
2007-05-24,16.13700
2007-05-25,16.16630
2007-05-28,16.47680
2007-05-29,16.65170
2007-05-30,16.55870
2007-05-31,16.66470
2007-06-01,16.70210
2007-06-04,16.53380
2007-06-05,16.57780
2007-06-06,16.22840
2007-06-07,16.13200
2007-06-08,16.08550
2007-06-11,16.07130
2007-06-12,16.02460
2007-06-13,15.98430
2007-06-14,16.31520
2007-06-15,16.28570
2007-06-18,16.28360
2007-06-19,16.48620
2007-06-20,16.66660
2007-06-21,16.72340
2007-06-22,16.81510
2007-06-25,16.89480
2007-06-26,17.04360
2007-06-27,16.95400
2007-06-28,17.08010
2007-06-29,17.14390
2007-07-02,17.28880
2007-07-03,17.50490
2007-07-04,17.52830
2007-07-05,17.42970
2007-07-06,17.52880
2007-07-09,17.60490
2007-07-10,17.58420
2007-07-11,17.64260
2007-07-12,17.93640
2007-07-13,18.08050
2007-07-16,18.19410
2007-07-17,17.91100
2007-07-18,17.87100
2007-07-19,17.96910
2007-07-20,17.90730
2007-07-23,18.09360
2007-07-24,18.01090
2007-07-25,17.89590
2007-07-26,18.08190
2007-07-27,17.28900
2007-07-30,17.38180
2007-07-31,17.67390
2007-08-01,16.79390
2007-08-02,16.84730
2007-08-03,17.07040
2007-08-06,16.92520
2007-08-07,17.00020
2007-08-08,17.28310
2007-08-09,16.97510
2007-08-10,16.69430
2007-08-13,17.00360
2007-08-14,16.86440
2007-08-16,16.22520
2007-08-17,16.01800
2007-08-20,16.31710
2007-08-21,15.74350
2007-08-22,15.93710
2007-08-23,15.88340
2007-08-24,16.11620
2007-08-27,16.58650
2007-08-28,16.74190
2007-08-29,16.77700
2007-08-30,16.82560
2007-08-31,17.20060
2007-09-03,17.43110
2007-09-04,17.61940
2007-09-05,17.60570
2007-09-06,17.75010
2007-09-07,17.58550
2007-09-10,17.78360
2007-09-11,17.80810
2007-09-12,17.85560
2007-09-14,15.01720
2007-09-17,14.99400
2007-09-18,15.17400
2007-09-19,15.47100
2007-09-20,15.56860
2007-09-21,15.66730
2007-09-24,15.80370
2007-09-25,15.65830
2007-09-26,15.62880
2007-09-27,15.60790
2007-09-28,15.78330
2007-10-01,16.15960
2007-10-03,16.22830
2007-10-04,16.52260
2007-10-05,16.28920
2007-10-08,15.87980
2007-10-09,16.38470
2007-10-10,16.60990
2007-10-11,16.96730
2007-10-12,16.77460
2007-10-15,17.30400
2007-10-16,17.49650
2007-10-17,17.21630
2007-10-18,16.58840
2007-10-19,16.02190
2007-10-22,16.14460
2007-10-23,16.94470
2007-10-24,16.98410
2007-10-25,17.23250
2007-10-26,17.60110
2007-10-29,17.89850
2007-10-30,17.86300
2007-10-31,18.08160
2007-11-01,17.63020
2007-11-02,17.70330
2007-11-05,17.59420
2007-11-06,17.34710
2007-11-07,17.36020
2007-11-08,17.06100
2007-11-12,16.94520
2007-11-13,17.08890
2007-11-14,17.67120
2007-11-15,18.10180
2007-11-16,18.27750
2007-11-19,18.45350
2007-11-20,18.15020
2007-11-21,17.43000
2007-11-22,17.20200
2007-11-23,17.49610
2007-11-26,17.81830
2007-11-27,17.84950
2007-11-28,17.52170
2007-11-29,17.53230
2007-11-30,18.02430
2007-12-03,18.34000
2007-12-04,18.48700
2007-12-05,18.79960
2007-12-06,18.98040
2007-12-07,19.08880
2007-12-10,19.18860
2007-12-11,19.32610
2007-12-12,19.47080
2007-12-13,19.33220
2007-12-14,19.56130
2007-12-17,18.62910
2007-12-18,18.68910
2007-12-19,18.77480
2007-12-20,18.75250
2007-12-24,19.14290
2007-12-26,19.49440
2007-12-27,19.59500
2007-12-28,19.79570
2007-12-31,20.27440
2008-01-01,20.31980
2008-01-02,20.46020
2008-01-03,20.55940
2008-01-04,20.72590
2008-01-07,20.55990
2008-01-08,20.03010
2008-01-09,20.10030
2008-01-10,19.52350
2008-01-11,19.76760
2008-01-14,19.85030
2008-01-15,19.47030
2008-01-16,19.08440
2008-01-17,19.00360
2008-01-18,18.11360
2008-01-21,16.18160
2008-01-22,15.87430
2008-01-23,17.03970
2008-01-24,16.33830
2008-01-25,17.32190
2008-01-28,17.13670
2008-01-29,17.12880
2008-01-30,16.59470
2008-01-31,16.39050
2008-02-01,16.58570
2008-02-04,17.16060
2008-02-05,17.26470
2008-02-06,16.92740
2008-02-07,16.27190
2008-02-08,15.97380
2008-02-11,15.19190
2008-02-12,15.07650
2008-02-13,15.37930
2008-02-14,16.13670
2008-02-15,16.49810
2008-02-18,16.49940
2008-02-19,16.55850
2008-02-20,16.22520
2008-02-21,16.31440
2008-02-22,16.06240
2008-02-25,16.17710
2008-02-26,16.36090
2008-02-27,16.54320
2008-02-28,16.61520
2008-02-29,16.37420
2008-03-03,15.40970
2008-03-04,15.08490
2008-03-05,15.05470
2008-03-07,14.46640
2008-03-10,14.48340
2008-03-11,15.04690
2008-03-12,15.00660
2008-03-13,14.07250
2008-03-14,14.39680
2008-03-17,13.30840
2008-03-18,13.19110
2008-03-19,13.26600
2008-03-24,13.14080
2008-03-25,13.89680
2008-03-26,13.96740
2008-03-27,13.92670
2008-03-28,14.43520
2008-03-31,14.08750
2008-04-01,13.92070
2008-04-02,13.94190
2008-04-03,14.00960
2008-04-04,13.74420
2008-04-07,14.02540
2008-04-08,13.97910
2008-04-09,14.11030
2008-04-10,14.17220
2008-04-11,14.34440
2008-04-15,14.58500
2008-04-16,14.65710
2008-04-17,14.94250
2008-04-21,15.22130
2008-04-22,15.35550
2008-04-23,15.32050
2008-04-24,15.20530
2008-04-25,15.57910
2008-04-28,15.61310
2008-04-29,15.85540
2008-04-30,15.91710
2008-05-02,16.05350
2008-05-05,15.99390
2008-05-06,15.82430
2008-05-07,15.64060
2008-05-08,15.56130
2008-05-09,15.28570
2008-05-12,15.22000
2008-05-13,15.12250
2008-05-14,15.36280
2008-05-15,15.60760
2008-05-16,15.75890
2008-05-20,15.78420
2008-05-21,15.87860
2008-05-22,15.58020
2008-05-23,15.39710
2008-05-26,15.02530
2008-05-27,14.96770
2008-05-28,15.12690
2008-05-29,15.02230
2008-05-30,15.08840
2008-06-02,14.76750
2008-06-03,14.52940
2008-06-04,14.05270
2008-06-05,14.07840
2008-06-06,13.94150
2008-06-09,13.49610
2008-06-10,13.32950
2008-06-11,13.52110
2008-06-12,13.77840
2008-06-13,13.76420
2008-06-16,13.90430
2008-06-17,14.10740
2008-06-18,13.90420
2008-06-19,13.73630
2008-06-20,13.18510
2008-06-23,12.72750
2008-06-24,12.53400
2008-06-25,12.85970
2008-06-26,12.95670
2008-06-27,12.46690
2008-06-30,12.10940
2008-07-01,11.65260
2008-07-02,12.26740
2008-07-03,11.68300
2008-07-04,11.97860
2008-07-07,12.03390
2008-07-08,11.93920
2008-07-09,12.42280
2008-07-10,12.39590
2008-07-11,12.20770
2008-07-14,12.12530
2008-07-15,11.55220
2008-07-16,11.34650
2008-07-17,11.54570
2008-07-18,11.95040
2008-07-21,11.97640
2008-07-22,12.18610
2008-07-23,12.88280
2008-07-24,12.73600
2008-07-25,12.35430
2008-07-28,12.40180
2008-07-29,11.96870
2008-07-30,12.32540
2008-07-31,12.37320
2008-08-01,12.58470
2008-08-04,12.56550
2008-08-05,12.83640
2008-08-06,12.87270
2008-08-07,12.89130
2008-08-08,12.95550
2008-08-11,13.22440
2008-08-12,13.00260
2008-08-13,12.89880
2008-08-14,12.57920
2008-08-18,12.49650
2008-08-19,12.39820
2008-08-20,12.49580
2008-08-21,12.19490
2008-08-22,12.29450
2008-08-25,12.31360
2008-08-26,12.32510
2008-08-27,12.19100
2008-08-28,12.00590
2008-08-29,12.39880
2008-09-01,12.37080
2008-09-02,12.79200
2008-09-04,12.69100
2008-09-05,12.39460
2008-09-08,12.72120
2008-09-09,12.66510
2008-09-10,12.50880
2008-09-11,12.26420
2008-09-12,12.04180
2008-09-15,11.66220
2008-09-16,11.65250
2008-09-17,11.41410
2008-09-18,11.47950
2008-09-19,11.99730
2008-09-22,11.95940
2008-09-23,11.68260
2008-09-24,11.76840
2008-09-25,11.67610
2008-09-26,11.34750
2008-09-29,10.95670
2008-09-30,11.18560
2008-10-01,11.33860
2008-10-03,10.95540
2008-10-06,10.38090
2008-10-07,10.28610
2008-10-08,9.96700
2008-10-10,9.29920
2008-10-13,9.88870
2008-10-14,9.99360
2008-10-15,9.54450
2008-10-16,9.39230
2008-10-17,8.96170
2008-10-20,9.12270
2008-10-21,9.39870
2008-10-22,9.00400
2008-10-23,8.72490
2008-10-24,7.96500
2008-10-27,7.79050
2008-10-29,8.14270
2008-10-31,8.66510
2008-11-03,9.07880
2008-11-04,9.34600
2008-11-05,8.93730
2008-11-06,8.65620
2008-11-07,8.82120
2008-11-10,9.24750
2008-11-11,8.71900
2008-11-12,8.47700
2008-11-14,8.33260
2008-11-17,8.21030
2008-11-18,7.93020
2008-11-19,7.80860
2008-11-20,7.58440
2008-11-21,7.91470
2008-11-24,7.92600
2008-11-25,7.78280
2008-11-26,8.01740
2008-11-28,8.08400
2008-12-01,7.86810
2008-12-02,7.81430
2008-12-03,7.82190
2008-12-04,8.16920
2008-12-05,7.96780
2008-12-08,8.11530
2008-12-10,8.45530
2008-12-11,8.42790
2008-12-12,8.44850
2008-12-15,8.58660
2008-12-16,8.70340
2008-12-17,8.46810
2008-12-18,8.77510
2008-12-19,8.82690
2008-12-22,8.68500
2008-12-23,8.47230
2008-12-24,8.41580
2008-12-26,8.22970
2008-12-29,8.40200
2008-12-30,8.55560
2008-12-31,8.50670
2009-01-01,8.70300
2009-01-02,8.76460
2009-01-05,8.98480
2009-01-06,9.03340
2009-01-07,8.37510
2009-01-09,8.18440
2009-01-12,7.95460
2009-01-13,7.90960
2009-01-14,8.13140
2009-01-15,7.88570
2009-01-16,8.07750
2009-01-19,8.09720
2009-01-20,7.95310
2009-01-21,7.73380
2009-01-22,7.73860
2009-01-23,7.62380
2009-01-27,7.84220
2009-01-28,8.02480
2009-01-29,7.99070
2009-01-30,8.11930
2009-02-02,7.88450
2009-02-03,7.93260
2009-02-04,7.95670
2009-02-05,7.89530
2009-02-06,8.04330
2009-02-09,8.22050
2009-02-10,8.27170
2009-02-11,8.26180
2009-02-12,8.16940
2009-02-13,8.29660
2009-02-16,8.04080
2009-02-17,7.84610
2009-02-18,7.85260
2009-02-19,7.87120
2009-02-20,7.73660
2009-02-24,7.70990
2009-02-25,7.76660
2009-02-26,7.80320
2009-02-27,7.76750
2009-03-02,7.56770
2009-03-03,7.44480
2009-03-04,7.46160
2009-03-05,7.27440
2009-03-06,7.34670
2009-03-09,7.23760
2009-03-12,7.34710
2009-03-13,7.60770
2009-03-16,7.75270
2009-03-17,7.68250
2009-03-18,7.76290
2009-03-19,7.76420
2009-03-20,7.71900
2009-03-23,8.05160
2009-03-24,8.07450
2009-03-25,8.21530
2009-03-26,8.45730
2009-03-27,8.52080
2009-03-30,8.17950
2009-03-31,8.31840
2009-04-01,8.42320
2009-04-02,8.74790
2009-04-06,8.87460
2009-04-08,9.03260
2009-04-09,9.09630
2009-04-13,9.23140
2009-04-15,9.51750
2009-04-16,9.20620
2009-04-17,9.27170
2009-04-20,9.28890
2009-04-21,9.21730
2009-04-22,9.11990
2009-04-23,9.35200
2009-04-24,9.50970
2009-04-27,9.52780
2009-04-28,9.23160
2009-04-29,9.50820
2009-05-04,10.00820
2009-05-05,10.03910
2009-05-06,9.89170
2009-05-07,10.03070
2009-05-08,9.89320
2009-05-11,9.72790
2009-05-12,10.07180
2009-05-13,10.01780
2009-05-14,9.95430
2009-05-15,10.18430
2009-05-19,11.88160
2009-05-20,11.84020
2009-05-21,11.57470
2009-05-22,11.73460
2009-05-25,11.76220
2009-05-26,11.43780
2009-05-27,11.91320
2009-05-28,11.99560
2009-05-29,12.27870
2009-06-01,12.43270
2009-06-02,12.42470
2009-06-03,12.48090
2009-06-04,12.63770
2009-06-05,12.72490
2009-06-08,12.23210
2009-06-09,12.59310
2009-06-10,12.87900
2009-06-11,12.79580
2009-06-12,12.60140
2009-06-15,12.32060
2009-06-16,12.48750
2009-06-17,12.07960
2009-06-18,11.84570
2009-06-19,12.04590
2009-06-22,11.91960
2009-06-23,11.91480
2009-06-24,12.06250
2009-06-25,12.04820
2009-06-26,12.39010
2009-06-29,12.51260
2009-06-30,12.18790
2009-07-01,12.31450
2009-07-02,12.32550
2009-07-03,12.50040
2009-07-06,11.73060
2009-07-07,11.85550
2009-07-08,11.53960
2009-07-09,11.57090
2009-07-10,11.35960
2009-07-13,11.24310
2009-07-14,11.63320
2009-07-15,11.95870
2009-07-16,11.95200
2009-07-17,12.32010
2009-07-20,12.67350
2009-07-21,12.58180
2009-07-22,12.35680
2009-07-23,12.60050
2009-07-24,12.70470
2009-07-27,12.73730
2009-07-28,12.76240
2009-07-29,12.61960
2009-07-30,12.75310
2009-07-31,12.93840
2009-08-03,13.17500
2009-08-04,13.09350
2009-08-05,13.11170
2009-08-06,12.81120
2009-08-07,12.50880
2009-08-10,12.38180
2009-08-11,12.43960
2009-08-12,12.41020
2009-08-13,12.80540
2009-08-14,12.76490
2009-08-17,12.24080
2009-08-18,12.44820
2009-08-19,12.31840
2009-08-20,12.45780
2009-08-21,12.63870
2009-08-24,12.93760
2009-08-25,12.98310
2009-08-26,13.07760
2009-08-27,13.11300
2009-08-28,13.21910
2009-08-31,13.12110
2009-09-01,12.96650
2009-09-02,12.87650
2009-09-03,12.84510
2009-09-04,13.02370
2009-09-07,13.34580
2009-09-08,13.34400
2009-09-09,13.29640
2009-09-10,13.28820
2009-09-11,13.26300
2009-09-14,13.25240
2009-09-15,13.50150
2009-09-16,13.66710
2009-09-17,13.72170
2009-09-18,13.76210
2009-09-22,13.84600
2009-09-23,13.70800
2009-09-24,13.75240
2009-09-25,13.74570
2009-09-29,13.83730
2009-09-30,14.05120
2009-10-01,14.03620
2009-10-05,13.80020
2009-10-06,13.86220
2009-10-07,13.88920
2009-10-08,13.95750
2009-10-09,13.84200
2009-10-12,14.13270
2009-10-14,14.39220
2009-10-15,14.41820
2009-10-16,14.51300
2009-10-20,14.48990
2009-10-21,14.29280
2009-10-22,14.04380
2009-10-23,14.13910
2009-10-26,14.02820
2009-10-27,13.65910
2009-10-28,13.60990
2009-10-30,12.86180
2009-11-03,12.51580
2009-11-04,12.88450
2009-11-05,13.04820
2009-11-06,13.21060
2009-11-09,13.52450
2009-11-10,13.48970
2009-11-11,13.79920
2009-11-12,13.63590
2009-11-13,13.75700
2009-11-16,13.91450
2009-11-17,13.94010
2009-11-18,13.93670
2009-11-19,13.71040
2009-11-20,13.85770
2009-11-23,13.91690
2009-11-24,13.88620
2009-11-25,13.91300
2009-11-26,13.68000
2009-11-27,13.48620
2009-11-30,13.71170
2009-12-01,14.00720
2009-12-02,14.04740
2009-12-03,14.08670
2009-12-04,14.01490
2009-12-07,13.87000
2009-12-08,14.06560
2009-12-09,13.95580
2009-12-10,14.00860
2009-12-11,13.95900
2009-12-14,13.93050
2009-12-15,13.72890
2009-12-16,13.76100
2009-12-17,13.81540
2009-12-18,13.69030
2009-12-21,13.59660
2009-12-22,13.69710
2009-12-23,14.03260
2009-12-24,14.12360
2009-12-29,14.15190
2009-12-30,14.15590
2009-12-31,14.22120
2010-01-04,14.34060
2010-01-05,14.47440
2010-01-06,14.48900
2010-01-07,14.42970
2010-01-08,14.36600
2010-01-11,14.45040
2010-01-12,14.33540
2010-01-13,14.40650
2010-01-14,14.50760
2010-01-15,14.48910
2010-01-18,14.55900
2010-01-19,14.40300
2010-01-20,14.40720
2010-01-21,14.06030
2010-01-22,13.88720
2010-01-25,13.73400
2010-01-27,13.25660
2010-01-28,13.31180
2010-01-29,13.36570
2010-02-01,13.44110
2010-02-02,13.25250
2010-02-03,13.49800
2010-02-04,13.24700
2010-02-05,12.90850
2010-02-08,13.06330
2010-02-09,13.18270
2010-02-10,13.13010
2010-02-11,13.24740
2010-02-15,13.16000
2010-02-16,13.24820
2010-02-17,13.38270
2010-02-18,13.29960
2010-02-19,13.16260
2010-02-22,13.13720
2010-02-23,13.12000
2010-02-24,13.08580
2010-02-25,13.09410
2010-02-26,13.28080
2010-03-02,13.56690
2010-03-03,13.73680
2010-03-04,13.74730
2010-03-05,13.79740
2010-03-08,13.87170
2010-03-09,13.78140
2010-03-10,13.79890
2010-03-11,13.84870
2010-03-12,13.84540
2010-03-15,13.80400
2010-03-16,13.95330
2010-03-17,14.03520
2010-03-18,14.09680
2010-03-19,14.12060
2010-03-22,13.98440
2010-03-23,14.08000
2010-03-25,14.14950
2010-03-26,14.20590
2010-03-29,14.20340
2010-03-30,14.17000
2010-03-31,14.12930
2010-04-01,14.28360
2010-04-05,14.45110
2010-04-06,14.47160
2010-04-07,14.50780
2010-04-08,14.33150
2010-04-09,14.48550
2010-04-12,14.42790
2010-04-13,14.37310
2010-04-15,14.26690
2010-04-16,14.20040
2010-04-19,14.05840
2010-04-20,14.16260
2010-04-21,14.22960
2010-04-22,14.23980
2010-04-23,14.32570
2010-04-26,14.40260
2010-04-27,14.37150
2010-04-28,14.13790
2010-04-29,14.27450
2010-04-30,14.36390
2010-05-03,14.22640
2010-05-04,14.00400
2010-05-05,13.97370
2010-05-06,13.86080
2010-05-07,13.57500
2010-05-10,13.98440
2010-05-11,13.81020
2010-05-12,13.89770
2010-05-13,14.04350
2010-05-14,13.87490
2010-05-17,13.78100
2010-05-18,13.79340
2010-05-19,13.38680
2010-05-20,13.43460
2010-05-21,13.31740
2010-05-24,13.34950
2010-05-25,12.98510
2010-05-26,13.22520
2010-05-27,13.42390
2010-05-28,13.60360
2010-05-31,13.70890
2010-06-01,13.44300
2010-06-02,13.54690
2010-06-03,13.75350
2010-06-04,13.79960
2010-06-07,13.56410
2010-06-08,13.45390
2010-06-09,13.52880
2010-06-10,13.76050
2010-06-11,13.82480
2010-06-14,13.98430
2010-06-15,13.99170
2010-06-16,14.09040
2010-06-17,14.16650
2010-06-18,14.12790
2010-06-21,14.31760
2010-06-22,14.22370
2010-06-23,14.24070
2010-06-24,14.21170
2010-06-25,14.10070
2010-06-28,14.29480
2010-06-29,14.18870
2010-06-30,14.27290
2010-07-01,14.15830
2010-07-02,14.09890
2010-07-05,14.11170
2010-07-06,14.23470
2010-07-07,14.14580
2010-07-08,14.32190
2010-07-09,14.47770
2010-07-12,14.51010
2010-07-13,14.57750
2010-07-14,14.54460
2010-07-15,14.54010
2010-07-16,14.63620
2010-07-19,14.61730
2010-07-20,14.56310
2010-07-21,14.62970
2010-07-22,14.70940
2010-07-23,14.71970
2010-07-26,14.63530
2010-07-27,14.65830
2010-07-28,14.61900
2010-07-29,14.67040
2010-07-30,14.71070
2010-08-02,14.89200
2010-08-03,14.96230
2010-08-04,14.98830
2010-08-05,14.98510
2010-08-06,14.98300
2010-08-09,15.16780
2010-08-10,15.08840
2010-08-11,15.01430
2010-08-12,15.08020
2010-08-13,15.21420
2010-08-16,15.21870
2010-08-17,15.24290
2010-08-18,15.36360
2010-08-19,15.50730
2010-08-20,15.47890
2010-08-23,15.60080
2010-08-24,15.46640
2010-08-25,15.27550
2010-08-26,15.29430
2010-08-27,15.16800
2010-08-30,15.18050
2010-08-31,15.05380
2010-09-01,15.30440
2010-09-02,15.37940
2010-09-03,15.46760
2010-09-06,15.72630
2010-09-07,15.76080
2010-09-08,15.77900
2010-09-09,15.85700
2010-09-13,16.10470
2010-09-14,16.09580
2010-09-15,16.12310
2010-09-16,16.00190
2010-09-17,16.20390
2010-09-20,16.33140
2010-09-21,16.21630
2010-09-22,16.15450
2010-09-23,16.08160
2010-09-24,16.23000
2010-09-27,16.28560
2010-09-28,16.29790
2010-09-29,16.24930
2010-09-30,16.26080
2010-10-01,16.56570
2010-10-04,16.63640
2010-10-05,16.70680
2010-10-06,16.83460
2010-10-07,16.64800
2010-10-08,16.53030
2010-10-11,16.63860
2010-10-12,16.50600
2010-10-13,16.74450
2010-10-14,16.64310
2010-10-15,16.34300
2010-10-18,16.34300
2010-10-19,16.22590
2010-10-20,16.15740
2010-10-21,16.48210
2010-10-22,16.52050
2010-10-25,15.66570
2010-10-26,15.63300
2010-10-27,15.53640
2010-10-28,15.44680
2010-10-29,15.50850
2010-11-01,15.79140
2010-11-02,15.84510
2010-11-03,15.93070
2010-11-04,16.17910
2010-11-08,16.19290
2010-11-09,16.26480
2010-11-10,16.26420
2010-11-11,16.03550
2010-11-12,15.67770
2010-11-15,15.80630
2010-11-16,15.51620
2010-11-18,15.53210
2010-11-19,15.26430
2010-11-22,15.52490
2010-11-23,15.37660
2010-11-24,15.20340
2010-11-25,14.98070
2010-11-26,14.83500
2010-11-29,14.99840
2010-11-30,15.15060
2010-12-01,15.37770
2010-12-02,15.46350
2010-12-03,15.33830
2010-12-06,15.27390
2010-12-07,15.17950
2010-12-08,15.01870
2010-12-09,14.57150
2010-12-10,14.80780
2010-12-13,14.92810
2010-12-14,15.04820
2010-12-15,14.87610
2010-12-16,14.95270
2010-12-20,14.95760
2010-12-21,15.07300
2010-12-22,15.03320
2010-12-23,14.99360
2010-12-24,15.03380
2010-12-27,14.99420
2010-12-28,14.97120
2010-12-29,15.09220
2010-12-30,15.20250
2010-12-31,15.30910
2011-01-03,15.39410
2011-01-04,15.32920
2011-01-05,15.15040
2011-01-06,15.05490
2011-01-07,14.69010
2011-01-10,14.36510
2011-01-11,14.33920
2011-01-12,14.62260
2011-01-13,14.42310
2011-01-14,14.19870
2011-01-17,14.19510
2011-01-18,14.33320
2011-01-19,14.28430
2011-01-20,14.33230
2011-01-21,14.31760
2011-01-24,14.43460
2011-01-25,14.30620
2011-01-27,14.07050
2011-01-28,13.78470
2011-01-31,13.83350
2011-02-01,13.62300
2011-02-02,13.67000
2011-02-03,13.85580
2011-02-04,13.61000
2011-02-07,13.58590
2011-02-08,13.34820
2011-02-09,13.17050
2011-02-10,13.08710
2011-02-11,13.29760
2011-02-14,13.67060
2011-02-15,13.71020
2011-02-16,13.72090
2011-02-17,13.86260
2011-02-18,13.64850
2011-02-21,13.80000
2011-02-22,13.67830
2011-02-23,13.57800
2011-02-24,13.16020
2011-02-25,13.24680
2011-02-28,13.27460
2011-03-01,13.71300
2011-03-03,13.73870
2011-03-04,13.73900
2011-03-07,13.56040
2011-03-08,13.70540
2011-03-09,13.74350
2011-03-10,13.65740
2011-03-11,13.51940
2011-03-14,13.68050
2011-03-15,13.49000
2011-03-16,13.63830
2011-03-17,13.53730
2011-03-18,13.36890
2011-03-21,13.36190
2011-03-22,13.45800
2011-03-23,13.60030
2011-03-24,13.68840
2011-03-25,13.95460
2011-03-28,14.05060
2011-03-29,14.12280
2011-03-30,14.26250
2011-03-31,14.30860
2011-04-01,14.33270
2011-04-04,14.53710
2011-04-05,14.58630
2011-04-06,14.55520
2011-04-07,14.56280
2011-04-08,14.43850
2011-04-11,14.32590
2011-04-13,14.57490
2011-04-15,14.43210
2011-04-18,14.24220
2011-04-19,14.26770
2011-04-20,14.45770
2011-04-21,14.47250
2011-04-25,14.48850
2011-04-26,14.46840
2011-04-27,14.39730
2011-04-28,14.29350
2011-04-29,14.14670
2011-05-02,14.02910
2011-05-03,13.74840
2011-05-04,13.68960
2011-05-05,13.53560
2011-05-06,13.74490
2011-05-09,13.75420
2011-05-10,13.70880
2011-05-11,13.79190
2011-05-12,13.62110
2011-05-13,13.75440
2011-05-16,13.67410
2011-05-17,13.57110
2011-05-18,13.52440
2011-05-19,13.52740
2011-05-20,13.62250
2011-05-23,13.43080
2011-05-24,13.48460
2011-05-25,13.42530
2011-05-26,13.52370
2011-05-27,13.68870
2011-05-30,13.72920
2011-05-31,13.92320
2011-06-01,13.95110
2011-06-02,13.87770
2011-06-03,13.77710
2011-06-06,13.82900
2011-06-07,13.90910
2011-06-08,13.85880
2011-06-09,13.87080
2011-06-10,13.80200
2011-06-13,13.81810
2011-06-14,13.86390
2011-06-15,13.77940
2011-06-16,13.67590
2011-06-17,13.60120
2011-06-20,13.40430
2011-06-21,13.43270
2011-06-22,13.38510
2011-06-23,13.45320
2011-06-24,13.74720
2011-06-27,13.87010
2011-06-28,13.92520
2011-06-29,14.03070
2011-06-30,14.09790
2011-07-01,14.07560
2011-07-04,14.14370
2011-07-05,14.09650
2011-07-06,14.09440
2011-07-07,14.33190
2011-07-08,14.16290
2011-07-11,14.08010
2011-07-12,13.90450
2011-07-13,14.06160
2011-07-14,14.09400
2011-07-15,14.05200
2011-07-18,14.02010
2011-07-19,14.11580
2011-07-20,13.98170
2011-07-21,13.93580
2011-07-22,14.17210
2011-07-25,14.27550
2011-07-26,14.05120
2011-07-27,14.02990
2011-07-28,13.91070
2011-07-29,13.90380
2011-08-01,13.99710
2011-08-02,13.86210
2011-08-03,13.76620
2011-08-04,13.64260
2011-08-05,13.39610
2011-08-08,13.18290
2011-08-09,13.03410
2011-08-10,13.21450
2011-08-11,13.18350
2011-08-12,13.04660
2011-08-16,12.96400
2011-08-17,13.03310
2011-08-18,12.77340
2011-08-19,12.56310
2011-08-22,12.67880
2011-08-23,12.81040
2011-08-24,12.67010
2011-08-25,12.57320
2011-08-26,12.34990
2011-08-29,12.72080
2011-08-30,12.91740
2011-09-02,13.01410
2011-09-05,12.98080
2011-09-06,13.07650
2011-09-07,13.22250
2011-09-08,13.29580
2011-09-09,13.06150
2011-09-12,12.79620
2011-09-13,12.77230
2011-09-14,12.87910
2011-09-15,13.04100
2011-09-16,13.07660
2011-09-19,12.95020
2011-09-20,13.20090
2011-09-21,13.23650
2011-09-22,12.73800
2011-09-23,12.60740
2011-09-26,12.47180
2011-09-27,12.75280
2011-09-28,12.66640
2011-09-29,12.78340
2011-09-30,12.65800
2011-10-03,12.41900
2011-10-04,12.21160
2011-10-05,12.16910
2011-10-07,12.42330
2011-10-10,12.61390
2011-10-11,12.64710
2011-10-12,12.94990
2011-10-13,12.88790
2011-10-14,13.00650
2011-10-17,13.00050
2011-10-18,12.80520
2011-10-19,13.02560
2011-10-20,12.93070
2011-10-21,12.84340
2011-10-24,12.23090
2011-10-25,12.38810
2011-10-28,12.69910
2011-10-31,12.63870
2011-11-01,12.49780
2011-11-02,12.48360
2011-11-03,12.50570
2011-11-04,12.57750
2011-11-08,12.58880
2011-11-09,12.46790
2011-11-11,12.35110
2011-11-14,12.31880
2011-11-15,12.14820
2011-11-16,12.06170
2011-11-17,11.86200
2011-11-18,11.81330
2011-11-21,11.56230
2011-11-22,11.60520
2011-11-23,11.39430
2011-11-24,11.48920
2011-11-25,11.40290
2011-11-28,11.67120
2011-11-29,11.57460
2011-11-30,11.61920
2011-12-01,11.80400
2011-12-02,12.06160
2011-12-05,12.05830
2011-12-07,12.06320
2011-12-08,11.80860
2011-12-09,11.64520
2011-12-12,11.41470
2011-12-13,11.47550
2011-12-14,11.40930
2011-12-15,11.38450
2011-12-16,11.16490
2011-12-19,11.08080
2011-12-20,10.91370
2011-12-21,11.22710
2011-12-22,11.33340
2011-12-23,11.28380
2011-12-26,11.41980
2011-12-27,11.35530
2011-12-28,11.26040
2011-12-29,11.15560
2011-12-30,11.10360
2012-01-02,11.12130
2012-01-03,11.36130
2012-01-04,11.32780
2012-01-05,11.32940
2012-01-06,11.32950
2012-01-09,11.31090
2012-01-10,11.51300
2012-01-11,11.53590
2012-01-12,11.46930
2012-01-13,11.52790
2012-01-16,11.52900
2012-01-17,11.70890
2012-01-18,11.64280
2012-01-19,11.77820
2012-01-20,11.86670
2012-01-23,11.87890
2012-01-24,12.06500
2012-01-25,12.15030
2012-01-27,12.26890
2012-01-30,12.01220
2012-01-31,12.28880
2012-02-01,12.38820
2012-02-02,12.46420
2012-02-03,12.59800
2012-02-06,12.70740
2012-02-07,12.63950
2012-02-08,12.70130
2012-02-09,12.84320
2012-02-10,12.78320
2012-02-13,12.81620
2012-02-14,12.88460
2012-02-15,13.19180
2012-02-16,13.15790
2012-02-17,13.25450
2012-02-21,13.34110
2012-02-22,12.96080
2012-02-23,12.94110
2012-02-24,12.78560
2012-02-27,12.40290
2012-02-28,12.70170
2012-02-29,12.73380
2012-03-01,12.63760
2012-03-02,12.67660
2012-03-05,12.47240
2012-03-06,12.36090
2012-03-07,12.35410
2012-03-09,12.65550
2012-03-12,12.76930
2012-03-13,12.88400
2012-03-14,12.96210
2012-03-15,12.74940
2012-03-16,12.59710
2012-03-19,12.43890
2012-03-20,12.49390
2012-03-21,12.73530
2012-03-22,12.41780
2012-03-23,12.52020
2012-03-26,12.28890
2012-03-27,12.40920
2012-03-28,12.29930
2012-03-29,12.28430
2012-03-30,12.51950
2012-04-02,12.66370
2012-04-03,12.74740
2012-04-04,12.70560
2012-04-09,12.50970
2012-04-10,12.52370
2012-04-11,12.44570
2012-04-12,12.52630
2012-04-13,12.41850
2012-04-16,12.46710
2012-04-17,12.58180
2012-04-18,12.62270
2012-04-19,12.67140
2012-04-20,12.57820
2012-04-23,12.38740
2012-04-24,12.36500
2012-04-25,12.32290
2012-04-26,12.27550
2012-04-27,12.27970
2012-04-30,12.38240
2012-05-02,12.35390
2012-05-03,12.23040
2012-05-04,12.02020
2012-05-07,12.08130
2012-05-08,11.84010
2012-05-09,11.78500
2012-05-10,11.77220
2012-05-11,11.70600
2012-05-14,11.64300
2012-05-15,11.70590
2012-05-16,11.53660
2012-05-17,11.53620
2012-05-18,11.54310
2012-05-21,11.57560
2012-05-22,11.50950
2012-05-23,11.43320
2012-05-24,11.57550
2012-05-25,11.60170
2012-05-28,11.74580
2012-05-29,11.71810
2012-05-30,11.59910
2012-05-31,11.60980
2012-06-01,11.47630
2012-06-04,11.43300
2012-06-05,11.48280
2012-06-06,11.73070
2012-06-07,11.84470
2012-06-08,11.88800
2012-06-11,11.87480
2012-06-12,12.00500
2012-06-13,12.01090
2012-06-14,11.83500
2012-06-15,11.98290
2012-06-18,11.83850
2012-06-19,11.93250
2012-06-20,11.97880
2012-06-21,12.07660
2012-06-22,12.04880
2012-06-25,12.00060
2012-06-26,12.02970
2012-06-27,12.04480
2012-06-28,12.04840
2012-06-29,12.31290
2012-07-02,12.33220
2012-07-03,12.39740
2012-07-04,12.41430
2012-07-05,12.48820
2012-07-06,12.45340
2012-07-09,12.35160
2012-07-10,12.48070
2012-07-11,12.41000
2012-07-12,12.29130
2012-07-13,12.26890
2012-07-16,12.22720
2012-07-17,12.21400
2012-07-18,12.27410
2012-07-19,12.31750
2012-07-20,12.26430
2012-07-23,12.06620
2012-07-24,12.09680
2012-07-25,12.05810
2012-07-26,11.92390
2012-07-27,12.00180
2012-07-30,12.20950
2012-07-31,12.25580
2012-08-01,12.31120
2012-08-02,12.32440
2012-08-03,12.30770
2012-08-06,12.42680
2012-08-07,12.53480
2012-08-08,12.52080
2012-08-09,12.47210
2012-08-10,12.42500
2012-08-13,12.48990
2012-08-14,12.57340
2012-08-16,12.53260
2012-08-17,12.55700
2012-08-21,12.63400
2012-08-22,12.59850
2012-08-23,12.58330
2012-08-24,12.55100
2012-08-27,12.45570
2012-08-28,12.39420
2012-08-29,12.33030
2012-08-30,12.38860
2012-08-31,12.33110
2012-09-03,12.31110
2012-09-04,12.35470
2012-09-05,12.21240
2012-09-06,12.25220
2012-09-07,12.44860
2012-09-10,12.50260
2012-09-11,12.59700
2012-09-12,12.71870
2012-09-13,12.69160
2012-09-14,12.91850
2012-09-17,12.98820
2012-09-18,13.02140
2012-09-20,12.93190
2012-09-21,13.16950
2012-09-24,13.15340
2012-09-25,13.17610
2012-09-26,13.19450
2012-09-27,13.18230
2012-09-28,13.30460
2012-10-01,13.34820
2012-10-03,13.36650
2012-10-04,13.47230
2012-10-05,13.37250
2012-10-08,13.26910
2012-10-09,13.32750
2012-10-10,13.17660
2012-10-11,13.29370
2012-10-12,13.25900
2012-10-15,13.26370
2012-10-16,13.14970
2012-10-17,13.19950
2012-10-18,13.35700
2012-10-19,13.31280
2012-10-22,12.68190
2012-10-23,12.67360
2012-10-25,12.69840
2012-10-26,12.55270
2012-10-29,12.52030
2012-10-30,12.34160
2012-10-31,12.41880
2012-11-01,12.53380
2012-11-02,12.62260
2012-11-05,12.61800
2012-11-06,12.69550
2012-11-07,12.76500
2012-11-08,12.72210
2012-11-09,12.64350
2012-11-12,12.69010
2012-11-15,12.62100
2012-11-16,12.53020
2012-11-19,12.47100
2012-11-20,12.45170
2012-11-21,12.51590
2012-11-22,12.58250
2012-11-23,12.57560
2012-11-26,12.69020
2012-11-27,12.89230
2012-11-29,13.07260
2012-11-30,13.18910
2012-12-03,13.18080
2012-12-04,13.22630
2012-12-05,13.24090
2012-12-06,13.32770
2012-12-07,13.24840
2012-12-10,13.26420
2012-12-11,13.22560
2012-12-12,13.20630
2012-12-13,13.11790
2012-12-14,13.21680
2012-12-17,13.24340
2012-12-18,13.36400
2012-12-19,13.40600
2012-12-20,13.38600
2012-12-21,13.20900
2012-12-24,13.26580
2012-12-26,13.41710
2012-12-27,13.39010
2012-12-28,13.42810
2012-12-31,13.41800
2013-01-01,13.56070
2013-01-02,13.67470
2013-01-03,13.66220
2013-01-04,13.64550
2013-01-07,13.61200
2013-01-08,13.57270
2013-01-09,13.56810
2013-01-10,13.56780
2013-01-11,13.41240
2013-01-14,13.58720
2013-01-15,13.67260
2013-01-16,13.50640
2013-01-17,13.60530
2013-01-18,13.62480
2013-01-21,13.67050
2013-01-22,13.56900
2013-01-23,13.54910
2013-01-24,13.41100
2013-01-25,13.56420
2013-01-28,13.57510
2013-01-29,13.50860
2013-01-30,13.48410
2013-01-31,13.46880
2013-02-01,13.40760
2013-02-04,13.35590
2013-02-05,13.27970
2013-02-06,13.26810
2013-02-07,13.17890
2013-02-08,13.11420
2013-02-11,13.07500
2013-02-12,13.13250
2013-02-13,13.14620
2013-02-14,12.97480
2013-02-15,12.95870
2013-02-18,12.96060
2013-02-19,13.06020
2013-02-20,13.05750
2013-02-21,12.82910
2013-02-22,12.84930
2013-02-25,12.80540
2013-02-26,12.58880
2013-02-27,12.68690
2013-02-28,12.50590
2013-03-01,12.55450
2013-03-04,12.50040
2013-03-05,12.66620
2013-03-06,12.72640
2013-03-07,12.79330
2013-03-08,12.94150
2013-03-11,12.91930
2013-03-12,12.84060
2013-03-13,12.67960
2013-03-14,12.78700
2013-03-15,12.70470
2013-03-18,12.62440
2013-03-19,12.42170
2013-03-20,12.25700
2013-03-21,12.20170
2013-03-22,12.15800
2013-03-25,12.10600
2013-03-26,12.16360
2013-03-28,12.27090
2013-04-01,12.32350
2013-04-02,12.43610
2013-04-03,12.27450
2013-04-04,12.10750
2013-04-05,12.06820
2013-04-08,12.04490
2013-04-09,11.95300
2013-04-10,12.06820
2013-04-11,12.12920
2013-04-12,11.98830
2013-04-15,12.06120
2013-04-16,12.26380
2013-04-17,12.23840
2013-04-18,12.41440
2013-04-22,12.52060
2013-04-23,12.53640
2013-04-25,12.65430
2013-04-26,12.60290
2013-04-29,12.67390
2013-04-30,12.73880
2013-05-02,12.84670
2013-05-03,12.77010
2013-05-06,12.84220
2013-05-07,12.97220
2013-05-08,13.04330
2013-05-09,13.03670
2013-05-10,13.12320
2013-05-13,12.93020
2013-05-14,12.93790
2013-05-15,13.21840
2013-05-16,13.26860
2013-05-17,13.26510
2013-05-20,13.17950
2013-05-21,13.05830
2013-05-22,12.98310
2013-05-23,12.74910
2013-05-24,12.82810
2013-05-27,13.00690
2013-05-28,13.05740
2013-05-29,13.02280
2013-05-30,13.06210
2013-05-31,12.82840
2013-06-03,12.80260
2013-06-04,12.78720
2013-06-05,12.77430
2013-06-06,12.76400
2013-06-07,12.68010
2013-06-10,12.62780
2013-06-11,12.46010
2013-06-12,12.45360
2013-06-13,12.34540
2013-06-14,12.57600
2013-06-17,12.67000
2013-06-18,12.61610
2013-06-19,12.66650
2013-06-20,12.34260
2013-06-21,12.31630
2013-06-24,12.12600
2013-06-25,12.18380
2013-06-26,12.10170
2013-06-27,12.24060
2013-06-28,12.57620
2013-07-01,12.71830
2013-07-02,12.69670
2013-07-03,12.52420
2013-07-04,12.65470
2013-07-05,12.66450
2013-07-08,12.59520
2013-07-09,12.68960
2013-07-10,12.59210
2013-07-11,12.77380
2013-07-12,12.89430
2013-07-15,12.98410
2013-07-16,12.74800
2013-07-17,12.68420
2013-07-18,12.81500
2013-07-19,12.75900
2013-07-22,12.74130
2013-07-23,12.79440
2013-07-24,12.51120
2013-07-25,12.39840
2013-07-26,12.32770
2013-07-29,12.26360
2013-07-30,12.05960
2013-07-31,12.07990
2013-08-01,12.03500
2013-08-02,11.92920
2013-08-05,11.90640
2013-08-06,11.57610
2013-08-07,11.61210
2013-08-08,11.67950
2013-08-12,11.82440
2013-08-13,12.03520
2013-08-14,12.11360
2013-08-16,11.66300
2013-08-19,11.41400
2013-08-20,11.36830
2013-08-21,11.25260
2013-08-22,11.33570
2013-08-23,11.46410
2013-08-26,11.49260
2013-08-27,11.09600
2013-08-28,11.00870
2013-08-29,11.24740
2013-08-30,11.37280
2013-09-02,11.48140
2013-09-03,11.14940
2013-09-04,11.38290
2013-09-05,11.71250
2013-09-06,11.91990
2013-09-10,12.26970
2013-09-11,12.33220
2013-09-12,12.17980
2013-09-13,12.16920
2013-09-16,12.23490
2013-09-17,12.27740
2013-09-18,12.39590
2013-09-19,12.84230
2013-09-20,12.62970
2013-09-23,12.38750
2013-09-24,12.41670
2013-09-25,12.38230
2013-09-26,12.40670
2013-09-27,12.31650
2013-09-30,12.12050
2013-10-01,12.24130
2013-10-03,12.49830
2013-10-04,12.53100
2013-10-07,12.51330
2013-10-08,12.54170
2013-10-09,12.72770
2013-10-10,12.77540
2013-10-11,12.90800
2013-10-14,12.95350
2013-10-15,12.85620
2013-10-17,12.78320
2013-10-18,13.02900
2013-10-21,12.44360
2013-10-22,12.47450
2013-10-23,12.43830
2013-10-24,12.38990
2013-10-25,12.34330
2013-10-28,12.26040
2013-10-29,12.48870
2013-10-30,12.60860
2013-10-31,12.67660
2013-11-01,12.75410
2013-11-05,12.75060
2013-11-06,12.70160
2013-11-07,12.60830
2013-11-08,12.55820
2013-11-11,12.45300
2013-11-12,12.33860
2013-11-13,12.30570
2013-11-14,12.48770
2013-11-18,12.69580
2013-11-19,12.71650
2013-11-20,12.60630
2013-11-21,12.40200
2013-11-22,12.36320
2013-11-25,12.55680
2013-11-26,12.46930
2013-11-27,12.44490
2013-11-28,12.53690
2013-11-29,12.68940
2013-12-02,12.80580
2013-12-03,12.78520
2013-12-04,12.72860
2013-12-05,12.91710
2013-12-06,13.00220
2013-12-09,13.20630
2013-12-10,13.06880
2013-12-11,13.05340
2013-12-12,12.95300
2013-12-13,12.76500
2013-12-16,12.74500
2013-12-17,12.75840
2013-12-18,12.90920
2013-12-19,12.80180
2013-12-20,12.96460
2013-12-23,13.02700
2013-12-24,13.02160
2013-12-26,13.02870
2013-12-27,13.04550
2013-12-30,12.96340
2013-12-31,12.97480
2014-01-01,13.01220
2014-01-02,12.82550
2014-01-03,12.84940
2014-01-06,12.81900
2014-01-07,12.78390
2014-01-08,12.78420
2014-01-09,12.74900
2014-01-10,12.68560
2014-01-13,12.79880
2014-01-14,12.74310
2014-01-15,12.82490
2014-01-16,12.81540
2014-01-17,12.70120
2014-01-20,12.79490
2014-01-21,12.85680
2014-01-22,12.93890
2014-01-23,12.94860
2014-01-24,12.77040
2014-01-27,12.44850
2014-01-28,12.46250
2014-01-29,12.42830
2014-01-30,12.33620
2014-01-31,12.45220
2014-02-03,12.31490
2014-02-04,12.37340
2014-02-05,12.45510
2014-02-06,12.46810
2014-02-07,12.51870
2014-02-10,12.52230
2014-02-11,12.56660
2014-02-12,12.59570
2014-02-13,12.38680
2014-02-14,12.45170
2014-02-17,12.49130
2014-02-18,12.58360
2014-02-19,12.62920
2014-02-20,12.55360
2014-02-21,12.65540
2014-02-24,12.68030
2014-02-25,12.73590
2014-02-26,12.82520
2014-02-28,12.87820
2014-03-03,12.79300
2014-03-04,12.97730
2014-03-05,13.04230
2014-03-06,13.24170
2014-03-07,13.49740
2014-03-10,13.60080
2014-03-11,13.53820
2014-03-12,13.54230
2014-03-13,13.54280
2014-03-14,13.50140
2014-03-18,13.53270
2014-03-19,13.57740
2014-03-20,13.48660
2014-03-21,13.52800
2014-03-24,13.71220
2014-03-25,13.78900
2014-03-26,13.87560
2014-03-27,13.94590
2014-03-28,14.07320
2014-03-31,14.07840
2014-04-01,14.03510
2014-04-02,14.19490
2014-04-03,14.16900
2014-04-04,14.12520
2014-04-07,14.09290
2014-04-09,14.26580
2014-04-10,14.29330
2014-04-11,14.29180
2014-04-15,14.18900
2014-04-16,14.00510
2014-04-17,14.16480
2014-04-21,14.30690
2014-04-22,14.35130
2014-04-23,14.44250
2014-04-25,14.35500
2014-04-28,14.32250
2014-04-29,14.26690
2014-04-30,14.18920
2014-05-02,14.23000
2014-05-05,14.17750
2014-05-06,14.18960
2014-05-07,14.08370
2014-05-08,14.15270
2014-05-09,14.66020
2014-05-12,14.91560
2014-05-13,15.13490
2014-05-14,15.09930
2014-05-15,15.01540
2014-05-16,15.34580
2014-05-19,15.66450
2014-05-20,15.66900
2014-05-21,15.56760
2014-05-22,15.58250
2014-05-23,15.67480
2014-05-26,15.65050
2014-05-27,15.60570
2014-05-28,15.76160
2014-05-29,15.61300
2014-05-30,15.61310
2014-06-02,15.99520
2014-06-03,16.08690
2014-06-04,16.12120
2014-06-05,16.20480
2014-06-06,16.40760
2014-06-09,16.54890
2014-06-10,16.55190
2014-06-11,16.57170
2014-06-12,16.54350
2014-06-13,16.27520
2014-06-16,16.27950
2014-06-17,16.51190
2014-06-18,16.45590
2014-06-19,16.40050
2014-06-20,16.35080
2014-06-23,16.38520
2014-06-24,16.56090
2014-06-25,16.47340
2014-06-26,16.40800
2014-06-27,16.43180
2014-06-30,16.66370
2014-07-01,16.77170
2014-07-02,16.98190
2014-07-03,16.96290
2014-07-04,17.02570
2014-07-07,17.01710
2014-07-08,16.63420
2014-07-09,16.51560
2014-07-10,16.51290
2014-07-11,16.24460
2014-07-14,16.24630
2014-07-15,16.43220
2014-07-16,16.69510
2014-07-17,16.79630
2014-07-18,16.87440
2014-07-21,16.90100
2014-07-22,16.97650
2014-07-23,16.99500
2014-07-24,17.07770
2014-07-25,17.03470
2014-07-28,16.95160
2014-07-30,17.08770
2014-07-31,16.99240
2014-08-01,16.82850
2014-08-04,16.99010
2014-08-05,17.06360
2014-08-06,16.96410
2014-08-07,16.97710
2014-08-08,16.83300
2014-08-11,16.93610
2014-08-12,17.11550
2014-08-13,17.07930
2014-08-14,17.17860
2014-08-18,17.60740
2014-08-19,17.79380
2014-08-20,17.84620
2014-08-21,17.86910
2014-08-22,17.93000
2014-08-25,17.92540
2014-08-26,17.91810
2014-08-27,18.01620
2014-08-28,18.10020
2014-09-01,18.40760
2014-09-02,18.60530
2014-09-03,18.74400
2014-09-04,18.71140
2014-09-05,18.75880
2014-09-08,18.99520
2014-09-09,19.02760
2014-09-10,18.93760
2014-09-11,18.96100
2014-09-12,19.09010
2014-09-15,19.01480
2014-09-16,18.62640
2014-09-17,18.70660
2014-09-18,19.06420
2014-09-19,19.10190
2014-09-22,19.06630
2014-09-23,18.74970
2014-09-24,18.56740
2014-09-25,18.31310
2014-09-26,18.48890
2014-09-29,18.48060
2014-09-30,18.48510
2014-10-01,18.47110
2014-10-07,18.22520
2014-10-08,18.16130
2014-10-09,18.48030
2014-10-10,18.34650
2014-10-13,18.44920
2014-10-14,18.42120
2014-10-16,18.17520
2014-10-17,18.35920
2014-10-20,18.64970
2014-10-21,18.82880
2014-10-22,19.01950
2014-10-27,18.09100
2014-10-28,18.12190
2014-10-29,18.15490
2014-10-30,18.32800
2014-10-31,18.63340
2014-11-03,18.65680
2014-11-05,18.74000
2014-11-07,18.84020
2014-11-10,18.80740
2014-11-11,18.89820
2014-11-12,19.04940
2014-11-13,19.00590
2014-11-14,19.01440
2014-11-17,19.12200
2014-11-18,19.21130
2014-11-19,19.24690
2014-11-20,19.21690
2014-11-21,19.38560
2014-11-24,19.50140
2014-11-25,19.34640
2014-11-26,19.25920
2014-11-27,19.33020
2014-11-28,19.60870
2014-12-01,19.64880
2014-12-02,19.60920
2014-12-03,19.74030
2014-12-04,19.79000
2014-12-05,19.67360
2014-12-08,19.40120
2014-12-09,19.16460
2014-12-10,19.27160
2014-12-11,19.10450
2014-12-12,19.03660
2014-12-15,18.99430
2014-12-16,18.69900
2014-12-17,18.52810
2014-12-18,18.91620
2014-12-19,19.19860
2014-12-22,19.38210
2014-12-23,19.26890
2014-12-24,19.12910
2014-12-26,19.18790
2014-12-29,19.21660
2014-12-30,19.35050
2014-12-31,19.49740
2015-01-01,19.53640
2015-01-02,19.75460
2015-01-05,19.73610
2015-01-06,19.19520
2015-01-07,19.09970
2015-01-08,19.43960
2015-01-09,19.50310
2015-01-12,19.62390
2015-01-13,19.66610
2015-01-14,19.72880
2015-01-15,20.08870
2015-01-16,20.11030
2015-01-19,20.25580
2015-01-20,20.45650
2015-01-21,20.52200
2015-01-22,20.62100
2015-01-23,20.81290
2015-01-27,21.07280
2015-01-28,21.04710
2015-01-29,21.13360
2015-01-30,20.92960
2015-02-02,20.90400
2015-02-03,20.70460
2015-02-04,20.64730
2015-02-05,20.65820
2015-02-06,20.47390
2015-02-09,20.15490
2015-02-10,20.28610
2015-02-11,20.50550
2015-02-12,20.78740
2015-02-13,21.00490
2015-02-16,20.93740
2015-02-18,21.03530
2015-02-19,21.09210
2015-02-20,20.99590
2015-02-23,20.83830
2015-02-24,20.86740
2015-02-25,20.81080
2015-02-26,20.65460
2015-02-27,21.06190
2015-03-02,21.75560
2015-03-03,21.81140
2015-03-04,21.58820
2015-03-05,21.68430
2015-03-09,21.24670
2015-03-10,21.21630
2015-03-11,21.23060
2015-03-12,21.31050
2015-03-13,21.12650
2015-03-16,21.10350
2015-03-17,21.30380
2015-03-18,21.30430
2015-03-19,21.13350
2015-03-20,20.98480
2015-03-23,20.86440
2015-03-24,20.86150
2015-03-25,20.84920
2015-03-26,20.61590
2015-03-27,20.61650
2015-03-30,20.96990
2015-03-31,21.02420
2015-04-01,21.29500
2015-04-06,21.40440
2015-04-07,21.36960
2015-04-08,21.46800
2015-04-09,21.63840
2015-04-10,21.60850
2015-04-13,21.63980
2015-04-15,21.39670
2015-04-16,21.21470
2015-04-17,20.81600
2015-04-20,20.50310
2015-04-21,20.39310
2015-04-22,20.50930
2015-04-23,20.54110
2015-04-24,20.26150
2015-04-27,19.95830
2015-04-28,20.23390
2015-04-29,20.24290
2015-04-30,20.22120
2015-05-04,20.48960
2015-05-05,20.52050
2015-05-06,19.95390
2015-05-07,19.77410
2015-05-08,20.06460
2015-05-11,20.28420
2015-05-12,19.93260
2015-05-13,20.15520
2015-05-14,20.23520
2015-05-15,20.38270
2015-05-18,20.59870
2015-05-19,20.58690
2015-05-20,20.63870
2015-05-21,20.61910
2015-05-22,20.72200
2015-05-25,20.67220
2015-05-26,20.66310
2015-05-27,20.77710
2015-05-28,20.70160
2015-05-29,21.05200
2015-06-01,21.02340
2015-06-02,20.56980
2015-06-03,20.36070
2015-06-04,20.37340
2015-06-05,20.31360
2015-06-08,20.17690
2015-06-09,20.12580
2015-06-10,20.38510
2015-06-11,19.99110
2015-06-12,19.97690
2015-06-15,20.00570
2015-06-16,20.06640
2015-06-17,20.20100
2015-06-18,20.36370
2015-06-19,20.47430
2015-06-22,20.73290
2015-06-23,20.81800
2015-06-24,20.74080
2015-06-25,20.79830
2015-06-26,20.83620
2015-06-29,20.65650
2015-06-30,20.77880
2015-07-01,21.01710
2015-07-02,21.07260
2015-07-03,21.14750
2015-07-06,21.26450
2015-07-07,21.28230
2015-07-08,20.92450
2015-07-09,20.88280
2015-07-10,20.92890
2015-07-13,21.16760
2015-07-14,21.15370
2015-07-15,21.20080
2015-07-16,21.40220
2015-07-17,21.41820
2015-07-20,21.45900
2015-07-21,21.32860
2015-07-22,21.52110
2015-07-23,21.51800
2015-07-24,21.32540
2015-07-27,20.87980
2015-07-28,20.85220
2015-07-29,21.03980
2015-07-30,21.10180
2015-07-31,21.42120
2015-08-03,21.49760
2015-08-04,21.51010
2015-08-05,21.58140
2015-08-06,21.65170
2015-08-07,21.63440
2015-08-10,21.55020
2015-08-11,21.33470
2015-08-12,20.94580
2015-08-13,20.97230
2015-08-14,21.35060
2015-08-17,21.35410
2015-08-18,21.35410
2015-08-19,21.41600
2015-08-20,21.07900
2015-08-21,20.86350
2015-08-24,19.69080
2015-08-25,19.98220
2015-08-26,19.84940
2015-08-27,20.11490
2015-08-28,20.17760
2015-08-31,20.11640
2015-09-01,19.62010
2015-09-02,19.46610
2015-09-03,19.69500
2015-09-04,19.33940
2015-09-07,19.03770
2015-09-08,19.36220
2015-09-09,19.70530
2015-09-10,19.64680
2015-09-11,19.66100
2015-09-14,19.89460
2015-09-15,19.76860
2015-09-16,19.88600
2015-09-18,20.12380
2015-09-21,20.17300
2015-09-22,19.82750
2015-09-23,19.92420
2015-09-24,19.92920
2015-09-28,19.79930
2015-09-29,19.88410
2015-09-30,20.10210
2015-10-01,20.05450
2015-10-05,20.36740
2015-10-06,20.43250
2015-10-07,20.38950
2015-10-08,20.27160
2015-10-09,20.36130
2015-10-12,20.29900
2015-10-13,20.30500
2015-10-14,20.29540
2015-10-15,20.50010
2015-10-16,20.71910
2015-10-19,20.74360
2015-10-20,20.73380
2015-10-21,20.67740
2015-10-23,20.68310
2015-10-26,20.58460
2015-10-27,20.65410
2015-10-28,20.43840
2015-10-29,20.36890
2015-10-30,20.31730
2015-11-02,18.53230
2015-11-03,18.56850
2015-11-04,18.55360
2015-11-05,18.37630
2015-11-06,18.35140
2015-11-09,18.33800
2015-11-10,18.13120
2015-11-13,18.11890
2015-11-16,18.21450
2015-11-17,18.19050
2015-11-18,18.00450
2015-11-19,18.21380
2015-11-20,18.29110
2015-11-23,18.27490
2015-11-24,18.22920
2015-11-26,18.32130
2015-11-27,18.49880
2015-11-30,18.50240
2015-12-01,18.49760
2015-12-02,18.41120
2015-12-03,18.26850
2015-12-04,18.12830
2015-12-07,18.14150
2015-12-08,17.99890
2015-12-09,17.76460
2015-12-10,17.89040
2015-12-11,17.66330
2015-12-14,17.71830
2015-12-15,17.83760
2015-12-16,17.92410
2015-12-17,18.09730
2015-12-18,17.96940
2015-12-21,18.09270
2015-12-22,18.00380
2015-12-23,18.12140
2015-12-24,18.13420
2015-12-28,18.24220
2015-12-29,18.24830
2015-12-30,18.17660
2015-12-31,18.22580
2016-01-01,18.29520
2016-01-04,17.95840
2016-01-05,17.98960
2016-01-06,17.84970
2016-01-07,17.43640
2016-01-08,17.56440
2016-01-11,17.45890
2016-01-12,17.27640
2016-01-13,17.32920
2016-01-14,17.17690
2016-01-15,16.93290
2016-01-18,16.63680
2016-01-19,16.85380
2016-01-20,16.55110
2016-01-21,16.53910
2016-01-22,16.90540
2016-01-25,16.95080
2016-01-27,16.93890
2016-01-28,16.83700
2016-01-29,17.10840
2016-02-01,17.10760
2016-02-02,16.93890
2016-02-03,16.64160
2016-02-04,16.65660
2016-02-05,16.87900
2016-02-08,16.72870
2016-02-09,16.53090
2016-02-10,16.38090
2016-02-11,15.88500
2016-02-12,15.80310
2016-02-15,16.24160
2016-02-16,15.93360
2016-02-17,15.97530
2016-02-18,16.17100
2016-02-19,16.24190
2016-02-22,16.31190
2016-02-23,16.07460
2016-02-24,15.92490
2016-02-25,15.73160
2016-02-26,15.81620
2016-02-29,15.70530
2016-03-01,16.20180
2016-03-02,16.53450
2016-03-03,16.79560
2016-03-04,16.83250
2016-03-08,16.75220
2016-03-09,16.86120
2016-03-10,16.78730
2016-03-11,16.83810
2016-03-14,16.92930
2016-03-15,16.86290
2016-03-16,16.89410
2016-03-17,17.00200
2016-03-18,17.21770
2016-03-21,17.47530
2016-03-22,17.48660
2016-03-23,17.48390
2016-03-28,17.24380
2016-03-29,17.29690
2016-03-30,17.64920
2016-03-31,17.66340
2016-04-01,17.61130
2016-04-04,17.75980
2016-04-05,17.37770
2016-04-06,17.44360
2016-04-07,17.33900
2016-04-08,17.35920
2016-04-11,17.60210
2016-04-12,17.70060
2016-04-13,17.95490
2016-04-18,18.17910
2016-04-20,18.19110
2016-04-21,18.19900
2016-04-22,18.24410
2016-04-25,18.16930
2016-04-26,18.38680
2016-04-27,18.38970
2016-04-28,18.17160
2016-04-29,18.14620
2016-05-02,18.06740
2016-05-03,17.93620
2016-05-04,17.78450
2016-05-05,17.81090
2016-05-06,17.83440
2016-05-09,18.04840
2016-05-10,18.07830
2016-05-11,18.05290
2016-05-12,18.19610
2016-05-13,18.11670
2016-05-16,18.17090
2016-05-17,18.23370
2016-05-18,18.23920
2016-05-19,18.10270
2016-05-20,18.01520
2016-05-23,17.92470
2016-05-24,17.89930
2016-05-25,18.21470
2016-05-26,18.52770
2016-05-27,18.66520
2016-05-30,18.75850
2016-05-31,18.80440
2016-06-01,18.81320
2016-06-02,18.92200
2016-06-03,18.89630
2016-06-06,18.90100
2016-06-07,19.02160
2016-06-08,19.04750
2016-06-09,18.97950
2016-06-10,18.91530
2016-06-13,18.76020
2016-06-14,18.77780
2016-06-15,18.98570
2016-06-16,18.83700
2016-06-17,18.88940
2016-06-20,19.04340
2016-06-21,19.03720
2016-06-22,19.01400
2016-06-23,19.16350
2016-06-24,18.77890
2016-06-27,18.83680
2016-06-28,18.89580
2016-06-29,19.12480
2016-06-30,19.36540
2016-07-01,19.48520
2016-07-04,19.61900
2016-07-05,19.54920
2016-07-07,19.50070
2016-07-08,19.48660
2016-07-11,19.73630
2016-07-12,19.82130
2016-07-13,19.78040
2016-07-14,19.90680
2016-07-15,19.90940
2016-07-18,19.78730
2016-07-19,19.76320
2016-07-20,19.89340
2016-07-21,19.82940
2016-07-22,19.90500
2016-07-25,20.09040
2016-07-26,20.07720
2016-07-27,20.04940
2016-07-28,20.17910
2016-07-29,20.14460
2016-08-01,20.12910
2016-08-02,20.02600
2016-08-03,19.86020
2016-08-04,19.86020
2016-08-05,20.24240
2016-08-08,20.34150
2016-08-09,20.28920
2016-08-10,20.01760
2016-08-11,20.01210
2016-08-12,20.15510
2016-08-16,20.16770
2016-08-17,20.17630
2016-08-18,20.35790
2016-08-19,20.45500
2016-08-22,20.32630
2016-08-23,20.32190
2016-08-24,20.37680
2016-08-25,20.28320
2016-08-26,20.24910
2016-08-29,20.28660
2016-08-30,20.52770
2016-08-31,20.60330
2016-09-01,20.53360
2016-09-02,20.67960
2016-09-06,20.98110
2016-09-07,20.91060
2016-09-08,20.96550
2016-09-09,20.82160
2016-09-12,20.41030
2016-09-14,20.52400
2016-09-15,20.48390
2016-09-16,20.50980
2016-09-19,20.57250
2016-09-20,20.54790
2016-09-21,20.54770
2016-09-22,20.74610
2016-09-23,20.67310
2016-09-26,20.49300
2016-09-27,20.42880
2016-09-28,20.56440
2016-09-29,20.14770
2016-09-30,20.36930
2016-10-03,20.70730
2016-10-04,20.87310
2016-10-05,20.89210
2016-10-06,20.86960
2016-10-07,20.84010
2016-10-10,20.83950
2016-10-13,20.58460
2016-10-14,20.66600
2016-10-17,20.53840
2016-10-18,20.73540
2016-10-19,20.76030
2016-10-20,20.85750
2016-10-21,20.89160
2016-10-24,20.85070
2016-10-25,20.92080
2016-10-26,20.70550
2016-10-27,20.63470
2016-10-28,20.72070
2016-11-01,20.72300
2016-11-02,20.37560
2016-11-03,20.22420
2016-11-04,20.01760
2016-11-07,18.40800
2016-11-08,18.49180
2016-11-09,18.32070
2016-11-10,18.62090
2016-11-11,18.10890
2016-11-15,17.55270
2016-11-16,17.61940
2016-11-17,17.50260
2016-11-18,17.48160
2016-11-21,17.12310
2016-11-22,17.22760
2016-11-23,17.31260
2016-11-24,17.22870
2016-11-25,17.44060
2016-11-28,17.44890
2016-11-29,17.48710
2016-11-30,17.69540
2016-12-01,17.54010
2016-12-02,17.36430
2016-12-05,17.45000
2016-12-06,17.49900
2016-12-07,17.48440
2016-12-08,17.73350
2016-12-09,17.72800
2016-12-12,17.49410
2016-12-13,17.54020
2016-12-14,17.48080
2016-12-15,17.42900
2016-12-16,17.40790
2016-12-19,17.28910
2016-12-20,17.16250
2016-12-21,17.12990
2016-12-22,16.93350
2016-12-23,16.94030
2016-12-26,16.76600
2016-12-27,16.96710
2016-12-28,17.02090
2016-12-29,17.20180
2016-12-30,17.33500
2017-01-02,17.40840
2017-01-03,17.46460
2017-01-04,17.50530
2017-01-05,17.64700
2017-01-06,17.61110
2017-01-09,17.54140
2017-01-10,17.58370
2017-01-11,17.77900
2017-01-12,17.80530
2017-01-13,17.79480
2017-01-16,17.88150
2017-01-17,17.92190
2017-01-18,18.04380
2017-01-19,18.09500
2017-01-20,17.90240
2017-01-23,17.98520
2017-01-24,18.14260
2017-01-25,18.37300
2017-01-27,18.52240
2017-01-30,18.58770
2017-01-31,18.34840
2017-02-01,18.66270
2017-02-02,18.81830
2017-02-03,18.88810
2017-02-06,19.00160
2017-02-07,18.94600
2017-02-08,19.06240
2017-02-09,19.09420
2017-02-10,19.12250
2017-02-13,19.12380
2017-02-14,19.06960
2017-02-15,18.87100
2017-02-16,19.11680
2017-02-17,19.24200
2017-02-20,19.31720
2017-02-21,19.38050
2017-02-22,19.32460
2017-02-23,19.29360
2017-02-27,19.15140
2017-02-28,19.13470
2017-03-01,19.25470
2017-03-02,19.08100
2017-03-03,19.15420
2017-03-06,19.24280
2017-03-07,19.21760
2017-03-08,19.18360
2017-03-09,19.16110
2017-03-10,19.14630
2017-03-14,19.40580
2017-03-15,19.46720
2017-03-16,19.60380
2017-03-17,19.53440
2017-03-20,19.51680
2017-03-21,19.42900
2017-03-22,19.25940
2017-03-23,19.41900
2017-03-24,19.42690
2017-03-27,19.38010
2017-03-28,19.52790
2017-03-29,19.58440
2017-03-30,19.65900
2017-03-31,19.64570
2017-04-03,19.73690
2017-04-05,19.93830
2017-04-06,19.90590
2017-04-07,19.82350
2017-04-10,19.85370
2017-04-11,19.99760
2017-04-12,19.96520
2017-04-13,19.90900
2017-04-17,19.84140
2017-04-18,19.75040
2017-04-19,19.78010
2017-04-20,19.89000
2017-04-21,19.88680
2017-04-24,20.09730
2017-04-25,20.23160
2017-04-26,20.23120
2017-04-27,20.23720
2017-04-28,20.18640
2017-05-02,20.19970
2017-05-03,20.32280
2017-05-04,20.48200
2017-05-05,20.31660
2017-05-08,20.37220
2017-05-09,20.40160
2017-05-10,20.52470
2017-05-11,20.58960
2017-05-12,20.44510
2017-05-15,20.58200
2017-05-16,20.66700
2017-05-17,20.64280
2017-05-18,20.32380
2017-05-19,20.25410
2017-05-22,20.07550
2017-05-23,19.93780
2017-05-24,19.85080
2017-05-25,20.16870
2017-05-26,20.37200
2017-05-29,20.27350
2017-05-30,20.40490
2017-05-31,20.45510
2017-06-01,20.47550
2017-06-02,20.59290
2017-06-05,20.73630
2017-06-06,20.62800
2017-06-07,20.69170
2017-06-08,20.67040
2017-06-09,20.65060
2017-06-12,20.54510
2017-06-13,20.51380
2017-06-14,20.55200
2017-06-15,20.46500
2017-06-16,20.52700
2017-06-19,20.59750
2017-06-20,20.64560
2017-06-21,20.57860
2017-06-22,20.58680
2017-06-23,20.41690
2017-06-27,20.26920
2017-06-28,20.30500
2017-06-29,20.35670
2017-06-30,20.46000
2017-07-03,20.57520
2017-07-04,20.50220
2017-07-05,20.68850
2017-07-06,20.72090
2017-07-07,20.70570
2017-07-10,20.84680
2017-07-11,20.81060
2017-07-12,20.91510
2017-07-13,21.10310
2017-07-14,21.04860
2017-07-17,21.11890
2017-07-18,21.10200
2017-07-19,21.30440
2017-07-20,21.28590
2017-07-21,21.31280
2017-07-24,21.33800
2017-07-25,21.41970
2017-07-26,21.48820
2017-07-27,21.51380
2017-07-28,21.48640
2017-07-31,21.56550
2017-08-01,21.55840
2017-08-02,21.55190
2017-08-03,21.38190
2017-08-04,21.52250
2017-08-07,21.55650
2017-08-08,21.31640
2017-08-09,21.09120
2017-08-10,20.74560
2017-08-11,20.65770
2017-08-14,20.87770
2017-08-16,21.00530
2017-08-17,20.97510
2017-08-18,20.79910
2017-08-21,20.65720
2017-08-22,20.66220
2017-08-23,20.79140
2017-08-24,20.84250
2017-08-28,20.98270
2017-08-29,20.77810
2017-08-30,20.98480
2017-08-31,21.05120
2017-09-01,21.18580
2017-09-04,21.07340
2017-09-05,21.19580
2017-09-06,21.15940
2017-09-07,21.23990
2017-09-08,21.21530
2017-09-11,21.32540
2017-09-12,21.52170
2017-09-13,21.49710
2017-09-14,21.61430
2017-09-15,21.65210
2017-09-18,22.01050
2017-09-19,22.01310
2017-09-20,21.91810
2017-09-21,21.84400
2017-09-22,21.45400
2017-09-25,21.24310
2017-09-26,21.25660
2017-09-27,20.96400
2017-09-28,21.06290
2017-09-29,21.15680
2017-10-03,21.27320
2017-10-04,21.34830
2017-10-05,21.38770
2017-10-06,21.51450
2017-10-09,21.56870
2017-10-10,21.58230
2017-10-11,21.39590
2017-10-12,21.54830
2017-10-13,21.68910
2017-10-16,21.76030
2017-10-17,21.76060
2017-10-18,21.58170
2017-10-23,21.60510
2017-10-24,21.72130
2017-10-25,22.08370
2017-10-26,22.07520
2017-10-27,22.05770
2017-10-30,22.23390
2017-10-31,22.28210
2017-11-01,22.44920
2017-11-02,22.61370
2017-11-03,22.68950
2017-11-06,20.95270
2017-11-07,20.80330
2017-11-08,20.72680
2017-11-09,20.70790
2017-11-10,20.79430
2017-11-13,20.59840
2017-11-14,20.60310
2017-11-15,20.46040
2017-11-16,20.62800
2017-11-17,20.77050
2017-11-20,20.87860
2017-11-21,20.92610
2017-11-22,21.01790
2017-11-23,21.03780
2017-11-24,21.12220
2017-11-27,21.22390
2017-11-28,21.21970
2017-11-29,21.24060
2017-11-30,21.08130
2017-12-01,20.79880
2017-12-04,20.76670
2017-12-05,20.72180
2017-12-06,20.53290
2017-12-07,20.78310
2017-12-08,20.92220
2017-12-11,20.94640
2017-12-12,20.75080
2017-12-13,20.63460
2017-12-14,20.72280
2017-12-15,20.97260
2017-12-18,21.13530
2017-12-19,21.32550
2017-12-20,21.33400
2017-12-21,21.41790
2017-12-22,21.48610
2017-12-26,21.64150
2017-12-27,21.57940
2017-12-28,21.54710
2017-12-29,21.70070
2018-01-01,21.55970
2018-01-02,21.47750
2018-01-03,21.53930
2018-01-04,21.67040
2018-01-05,21.93780
2018-01-08,22.08600
2018-01-09,22.05020
2018-01-10,21.98350
2018-01-11,22.03530
2018-01-12,22.03870
2018-01-15,22.01610
2018-01-16,21.93170
2018-01-17,22.05610
2018-01-18,21.95750
2018-01-19,22.12520
2018-01-22,22.34760
2018-01-23,22.44810
2018-01-24,22.33340
2018-01-25,22.25980
2018-01-29,22.17140
2018-01-30,22.05460
2018-01-31,21.99980
2018-02-01,22.03540
2018-02-02,21.41200
2018-02-05,21.24750
2018-02-06,20.91280
2018-02-07,20.93970
2018-02-08,21.23050
2018-02-09,21.12240
2018-02-12,21.21160
2018-02-14,21.01360
2018-02-15,20.97090
2018-02-16,20.79090
2018-02-19,20.62320
2018-02-20,20.59260
2018-02-21,20.59520
2018-02-22,20.53740
2018-02-23,20.73530
2018-02-26,20.98630
2018-02-27,20.95690
2018-02-28,20.87280
2018-03-01,20.84760
2018-03-05,20.63070
2018-03-06,20.42870
2018-03-07,20.25980
2018-03-08,20.43520
2018-03-09,20.34820
2018-03-12,20.54120
2018-03-13,20.66480
2018-03-14,20.67740
2018-03-15,20.65220
2018-03-16,20.40740
2018-03-19,20.17460
2018-03-20,20.20690
2018-03-21,20.25120
2018-03-22,20.08740
2018-03-23,19.82360
2018-03-26,20.07750
2018-03-27,20.24010
2018-03-28,20.10080
2018-04-02,20.29800
2018-04-03,20.43760
2018-04-04,20.20460
2018-04-05,20.54120
2018-04-06,20.58370
2018-04-09,20.68700
2018-04-10,20.74360
2018-04-11,20.66390
2018-04-12,20.70490
2018-04-13,20.66900
2018-04-16,20.70940
2018-04-17,20.76770
2018-04-18,20.62880
2018-04-19,20.62760
2018-04-20,20.55680
2018-04-23,20.65020
2018-04-24,20.67080
2018-04-25,20.53210
2018-04-26,20.59530
2018-04-27,20.85220
2018-04-30,21.02680
2018-05-02,20.94560
2018-05-03,20.81480
2018-05-04,20.70130
2018-05-07,20.85780
2018-05-08,20.87670
2018-05-09,20.90550
2018-05-10,20.80610
2018-05-11,20.94150
2018-05-14,20.88410
2018-05-15,20.81320
2018-05-16,20.73110
2018-05-17,20.64630
2018-05-18,20.39010
2018-05-21,20.11450
2018-05-22,20.22230
2018-05-23,20.11810
2018-05-24,20.25540
2018-05-25,20.50730
2018-05-28,20.84020
2018-05-29,20.76860
2018-05-30,20.78220
2018-05-31,20.92100
2018-06-01,20.75590
2018-06-04,20.63310
2018-06-05,20.37160
2018-06-06,20.52940
2018-06-07,20.71250
2018-06-08,20.72860
2018-06-11,20.73860
2018-06-12,20.81390
2018-06-13,20.88370
2018-06-14,20.84840
2018-06-15,20.73480
2018-06-18,20.73910
2018-06-19,20.51900
2018-06-20,20.55150
2018-06-21,20.47740
2018-06-22,20.61130
2018-06-25,20.38330
2018-06-26,20.42140
2018-06-27,20.15090
2018-06-28,19.93510
2018-06-29,20.16080
2018-07-02,20.06060
2018-07-03,20.11150
2018-07-04,20.17250
2018-07-05,20.19680
2018-07-06,20.29110
2018-07-09,20.51290
2018-07-10,20.60850
2018-07-11,20.54610
2018-07-12,20.59270
2018-07-13,20.47910
2018-07-16,20.14890
2018-07-17,20.40210
2018-07-18,20.32040
2018-07-19,20.25120
2018-07-20,20.21050
2018-07-23,20.34740
2018-07-24,20.61850
2018-07-25,20.62340
2018-07-26,20.67680
2018-07-27,20.80620
2018-07-30,20.85690
2018-07-31,20.79490
2018-08-01,20.79890
2018-08-02,20.78790
2018-08-03,20.97740
2018-08-06,21.06000
2018-08-07,21.09180
2018-08-08,21.07670
2018-08-09,21.15060
2018-08-10,21.08050
2018-08-13,20.87600
2018-08-14,20.95010
2018-08-16,20.88450
2018-08-17,21.12900
2018-08-20,21.28490
2018-08-21,21.36490
2018-08-23,21.33570
2018-08-24,21.26060
2018-08-27,21.47920
2018-08-28,21.47250
2018-08-29,21.42870
2018-08-30,21.39830
2018-08-31,21.48790
2018-09-03,21.45560
2018-09-04,21.17910
2018-09-05,21.12280
2018-09-06,21.22600
2018-09-07,21.35960
2018-09-10,21.10710
2018-09-11,20.88350
2018-09-12,20.86000
2018-09-14,21.11250
2018-09-17,20.94350
2018-09-18,20.68050
2018-09-19,20.65380
2018-09-21,20.32900
2018-09-24,19.90010
2018-09-25,20.01020
2018-09-26,20.02670
2018-09-27,19.71180
2018-09-28,19.54900
2018-10-01,19.59670
2018-10-03,19.35390
2018-10-04,18.93170
2018-10-05,18.42890
2018-10-08,18.38310
2018-10-09,18.40970
2018-10-10,18.83330
2018-10-11,18.58120
2018-10-12,18.98390
2018-10-15,19.03880
2018-10-16,19.21020
2018-10-17,18.87850
2018-10-19,18.69860
2018-10-22,18.56790
2018-10-23,18.44140
2018-10-24,18.53620
2018-10-25,18.44400
2018-10-26,18.10190
2018-10-29,18.48230
2018-10-30,18.52170
2018-10-31,18.78320
2018-11-01,18.85000
2018-11-02,19.10970
2018-11-05,17.32360
2018-11-06,17.24070
2018-11-09,17.42490
2018-11-12,17.26520
2018-11-13,17.44350
2018-11-14,17.48720
2018-11-15,17.42620
2018-11-16,17.47960
2018-11-19,17.58000
2018-11-20,17.39130
2018-11-21,17.49640
2018-11-22,17.30860
2018-11-26,17.39830
2018-11-27,17.45890
2018-11-28,17.35690
2018-11-29,17.58920
2018-11-30,17.63940
2018-12-03,17.62690
2018-12-04,17.66190
2018-12-05,17.46090
2018-12-06,17.15840
2018-12-07,17.25540
2018-12-10,17.00390
2018-12-11,17.17050
2018-12-12,17.43740
2018-12-13,17.56270
2018-12-14,17.61640
2018-12-17,17.67050
2018-12-18,17.75070
2018-12-19,17.89350
2018-12-20,17.93770
2018-12-21,17.71440
2018-12-24,17.57070
2018-12-26,17.63560
2018-12-27,17.58960
2018-12-28,17.71510
2018-12-31,17.72100
2019-01-01,17.76810
2019-01-02,17.57290
2019-01-03,17.42280
2019-01-04,17.54200
2019-01-07,17.63610
2019-01-08,17.75490
2019-01-09,17.77130
2019-01-10,17.69970
2019-01-11,17.67660
2019-01-14,17.63900
2019-01-15,17.84200
2019-01-16,17.90380
2019-01-17,17.92310
2019-01-18,17.79750
2019-01-21,17.72560
2019-01-22,17.69750
2019-01-23,17.61060
2019-01-24,17.64090
2019-01-25,17.53990
2019-01-28,17.27460
2019-01-29,17.24040
2019-01-30,17.34270
2019-01-31,17.59830
2019-02-01,17.63280
2019-02-04,17.52480
2019-02-05,17.57100
2019-02-06,17.72130
2019-02-07,17.81460
2019-02-08,17.54090
2019-02-11,17.37360
2019-02-12,17.27510
2019-02-13,17.18170
2019-02-14,17.23480
2019-02-15,17.10410
2019-02-18,16.97360
2019-02-19,16.97480
2019-02-20,17.20470
2019-02-21,17.33310
2019-02-22,17.41220
2019-02-25,17.52170
2019-02-26,17.45830
2019-02-27,17.45800
2019-02-28,17.47160
2019-03-01,17.64810
2019-03-05,18.03340
2019-03-06,18.12570
2019-03-07,18.12640
2019-03-08,18.06590
2019-03-11,18.34210
2019-03-12,18.53450
2019-03-13,18.60400
2019-03-14,18.62000
2019-03-15,18.75450
2019-03-18,18.81590
2019-03-19,18.91230
2019-03-20,18.86050
2019-03-22,18.78640
2019-03-25,18.62040
2019-03-26,18.81050
2019-03-27,18.82180
2019-03-28,18.98240
2019-03-29,19.15690
2019-04-01,19.14650
2019-04-02,19.12520
2019-04-03,18.89030
2019-04-04,18.80330
2019-04-05,18.95230
2019-04-08,18.86270
2019-04-09,18.94310
2019-04-10,18.85430
2019-04-11,18.85520
2019-04-12,18.93010
2019-04-15,19.06730
2019-04-16,19.18090
2019-04-18,19.09060
2019-04-22,18.77870
2019-04-23,18.74220
2019-04-24,18.98190
2019-04-25,18.94540
2019-04-26,19.04630
2019-04-30,18.97230
2019-05-02,18.88150
2019-05-03,18.89310
2019-05-06,18.74700
2019-05-07,18.57180
2019-05-08,18.32940
2019-05-09,18.25760
2019-05-10,18.21480
2019-05-13,17.97120
2019-05-14,18.01690
2019-05-15,17.87460
2019-05-16,18.01500
2019-05-17,18.11010
2019-05-20,18.78780
2019-05-21,18.54580
2019-05-22,18.63950
2019-05-23,18.62660
2019-05-24,19.08000
2019-05-27,19.41500
2019-05-28,19.42470
2019-05-29,19.29020
2019-05-30,19.44570
2019-05-31,19.35210
2019-06-03,19.67270
2019-06-04,19.53950
2019-06-06,19.23690
2019-06-07,19.27520
2019-06-10,19.24390
2019-06-11,19.30500
2019-06-12,19.16770
2019-06-13,19.23630
2019-06-14,19.06810
2019-06-17,18.78680
2019-06-18,18.80670
2019-06-19,18.65740
2019-06-20,18.91820
2019-06-21,18.81860
2019-06-24,18.74720
2019-06-25,18.92350
2019-06-26,19.08080
2019-06-27,19.11940
2019-06-28,19.09610
2019-07-01,19.16470
2019-07-02,19.17130
2019-07-03,19.18700
2019-07-04,19.23310
2019-07-05,19.01480
2019-07-08,18.60460
2019-07-09,18.65560
2019-07-10,18.54320
2019-07-11,18.69370
2019-07-12,18.62150
2019-07-15,18.70150
2019-07-16,18.83610
2019-07-17,18.90720
2019-07-18,18.68700
2019-07-19,18.36290
2019-07-22,18.30510
2019-07-23,18.26220
2019-07-24,18.14450
2019-07-25,18.14160
2019-07-26,18.25190
2019-07-29,17.92680
2019-07-30,17.68790
2019-07-31,17.82950
2019-08-01,17.61030
2019-08-02,17.58210
2019-08-05,17.27180
2019-08-06,17.42850
2019-08-07,17.25790
2019-08-08,17.48110
2019-08-09,17.56800
2019-08-13,17.16560
2019-08-14,17.35810
2019-08-16,17.48320
2019-08-19,17.44620
2019-08-20,17.39870
2019-08-21,17.17760
2019-08-22,16.87640
2019-08-23,16.95160
2019-08-26,17.25250
2019-08-27,17.34860
2019-08-28,17.23290
2019-08-29,17.10330
2019-08-30,17.19570
2019-09-03,16.93530
2019-09-04,17.05530
2019-09-05,17.18260
2019-09-06,17.31220
2019-09-09,17.34190
2019-09-11,17.47260
2019-09-12,17.39420
2019-09-13,17.55180
2019-09-16,17.36260
2019-09-17,17.08730
2019-09-18,17.17590
2019-09-19,17.00410
2019-09-20,17.93890
2019-09-23,18.42370
2019-09-24,18.29910
2019-09-25,18.05030
2019-09-26,18.24500
2019-09-27,18.14920
2019-09-30,17.98030
2019-10-01,17.87890
2019-10-03,17.87320
2019-10-04,17.66260
2019-10-07,17.58500
2019-10-09,17.94020
2019-10-10,17.84420
2019-10-11,17.87990
2019-10-14,17.92550
2019-10-15,18.07420
2019-10-16,18.14370
2019-10-17,18.26110
2019-10-18,18.39200
2019-10-22,18.34420
2019-10-23,18.27710
2019-10-24,18.05890
2019-10-25,18.01810
2019-10-29,18.39310
2019-10-30,18.46630
2019-10-31,18.57760
2019-11-01,18.61660
2019-11-04,17.11520
2019-11-05,16.98910
2019-11-06,17.11470
2019-11-07,17.10650
2019-11-08,16.98670
2019-11-11,17.03420
2019-11-13,16.80770
2019-11-14,16.83810
2019-11-15,16.89240
2019-11-18,16.97520
2019-11-19,17.03380
2019-11-20,17.11520
2019-11-21,17.01040
2019-11-22,16.94350
2019-11-25,17.15870
2019-11-26,17.02500
2019-11-27,17.06530
2019-11-28,17.16720
2019-11-29,17.12060
2019-12-02,17.07030
2019-12-03,16.90160
2019-12-04,16.99990
2019-12-05,16.92290
2019-12-06,16.83170
2019-12-09,16.85990
2019-12-10,16.78510
2019-12-11,16.84180
2019-12-12,16.93130
2019-12-13,17.04150
2019-12-16,16.98820
2019-12-17,17.09380
2019-12-18,17.15800
2019-12-19,17.15340
2019-12-20,17.17090
2019-12-23,17.17940
2019-12-24,17.08030
2019-12-26,16.98300
2019-12-27,17.16590
2019-12-30,17.22970
2019-12-31,17.17190
2020-01-01,17.21690
2020-01-02,17.36640
2020-01-03,17.27860
2020-01-06,16.94040
2020-01-07,17.00460
2020-01-08,16.95500
2020-01-09,17.21370
2020-01-10,17.29170
2020-01-13,17.36890
2020-01-14,17.42330
2020-01-15,17.42340
2020-01-16,17.41060
2020-01-17,17.41940
2020-01-20,17.30690
2020-01-21,17.25280
2020-01-22,17.15230
2020-01-23,17.34010
2020-01-24,17.55260
2020-01-27,17.46960
2020-01-28,17.44730
2020-01-29,17.55900
2020-01-30,17.43240
2020-01-31,17.32730
2020-02-03,17.02840
2020-02-04,17.41230
2020-02-05,17.61380
2020-02-06,17.64530
2020-02-07,17.62100
2020-02-10,17.39740
2020-02-11,17.42080
2020-02-12,17.44670
2020-02-13,17.39080
2020-02-14,17.24890
2020-02-17,17.14640
2020-02-18,17.03390
2020-02-19,17.27230
2020-02-20,17.26620
2020-02-24,16.93570
2020-02-25,16.82190
2020-02-26,16.66500
2020-02-27,16.60260
2020-02-28,16.07260
2020-03-02,15.96700
2020-03-03,16.22970
2020-03-04,16.09410
2020-03-05,16.14920
2020-03-06,15.80340
2020-03-09,15.35040
2020-03-11,15.24980
2020-03-12,14.03120
2020-03-13,14.45810
2020-03-16,13.68980
2020-03-17,13.33690
2020-03-18,12.59380
2020-03-19,12.20010
2020-03-20,12.68020
2020-03-23,11.19280
2020-03-24,11.30910
2020-03-25,11.83050
2020-03-26,12.20390
2020-03-27,12.23850
2020-03-30,11.91630
2020-03-31,12.27720
2020-04-01,11.91200
2020-04-03,11.70850
2020-04-07,12.72560
2020-04-08,12.71910
2020-04-09,13.13360
2020-04-13,13.13550
2020-04-15,13.15710
2020-04-16,13.28760
2020-04-17,13.73490
2020-04-20,13.74160
2020-04-21,13.33440
2020-04-22,13.47670
2020-04-23,13.69570
2020-04-24,13.37410
2020-04-27,13.50060
2020-04-28,13.63410
2020-04-29,13.76940
2020-04-30,14.15070
2020-05-04,13.47470
2020-05-05,13.39980
2020-05-06,13.52830
2020-05-07,13.40710
2020-05-08,13.37610
2020-05-11,13.30050
2020-05-12,13.23990
2020-05-13,13.56190
2020-05-14,13.33760
2020-05-15,13.25780
2020-05-18,12.82730
2020-05-19,12.90360
2020-05-20,13.14320
2020-05-21,13.16370
2020-05-22,13.11710
2020-05-26,13.16080
2020-05-27,13.52480
2020-05-28,13.76970
2020-05-29,13.91810
2020-06-01,14.18580
2020-06-02,14.40000
2020-06-03,14.50660
2020-06-04,14.38460
2020-06-05,14.69020
2020-06-08,14.87640
2020-06-09,14.67320
2020-06-10,14.74670
2020-06-11,14.46340
2020-06-12,14.60520
2020-06-15,14.37060
2020-06-16,14.45190
2020-06-17,14.44350
2020-06-18,14.68570
2020-06-19,14.80280
2020-06-22,15.01400
2020-06-23,15.27650
2020-06-24,14.94080
2020-06-25,14.92100
2020-06-26,15.08990
2020-06-29,14.99980
2020-06-30,14.97600
2020-07-01,15.06580
2020-07-02,15.20990
2020-07-03,15.21970
2020-07-06,15.39460
2020-07-07,15.51930
2020-07-08,15.36960
2020-07-09,15.47610
2020-07-10,15.36590
2020-07-13,15.36490
2020-07-14,15.12550
2020-07-15,15.18280
2020-07-16,15.36560
2020-07-17,15.64320
2020-07-20,15.89120
2020-07-21,16.03980
2020-07-22,15.99590
2020-07-23,16.11640
2020-07-24,15.95040
2020-07-27,15.81320
2020-07-28,16.02290
2020-07-29,15.99740
2020-07-30,15.85280
2020-07-31,15.94740
2020-08-03,15.83910
2020-08-04,15.97010
2020-08-05,16.09680
2020-08-06,16.19240
2020-08-07,16.25240
2020-08-10,16.43410
2020-08-11,16.40020
2020-08-12,16.33520
2020-08-13,16.42570
2020-08-14,16.28200
2020-08-17,16.34080
2020-08-18,16.53490
2020-08-19,16.58340
2020-08-20,16.55600
2020-08-21,16.63400
2020-08-24,16.74430
2020-08-25,16.83420
2020-08-26,16.88310
2020-08-27,16.94460
2020-08-28,17.05950
2020-08-31,16.67940
2020-09-01,16.75410
2020-09-02,17.05770
2020-09-03,17.06800
2020-09-04,16.78680
2020-09-07,16.76670
2020-09-08,16.73130
2020-09-09,16.57270
2020-09-10,16.79730
2020-09-11,16.81370
2020-09-14,16.98970
2020-09-15,17.14130
2020-09-16,17.27900
2020-09-17,17.23550
2020-09-18,17.25320
2020-09-21,16.82160
2020-09-22,16.69080
2020-09-23,16.68940
2020-09-24,16.26730
2020-09-25,16.64300
2020-09-28,16.99020
2020-09-29,16.90050
2020-09-30,16.85590
2020-10-01,17.03010
2020-10-05,17.10810
2020-10-06,17.25560
2020-10-07,17.26160
2020-10-08,17.38760
2020-10-09,17.51950
2020-10-12,17.52750
2020-10-13,17.57410
2020-10-14,17.66570
2020-10-15,17.33170
2020-10-16,17.56690
2020-10-19,17.67520
2020-10-20,17.85600
2020-10-21,18.00740
2020-10-22,17.93170
2020-10-23,18.11050
2020-10-26,17.89210
2020-10-27,18.15820
2020-10-28,17.95960
2020-10-29,17.89900
2020-10-30,17.83610
2020-11-02,16.90710
2020-11-03,17.07910
2020-11-04,17.15750
2020-11-05,17.44100
2020-11-06,17.53210
2020-11-09,17.80900
2020-11-10,17.80680
2020-11-11,18.04350
2020-11-12,18.07410
2020-11-13,18.19800
2020-11-17,18.46650
2020-11-18,18.60560
2020-11-19,18.37660
2020-11-20,18.59410
2020-11-23,18.71940
2020-11-24,18.89580
2020-11-25,18.58620
2020-11-26,18.78880
2020-11-27,18.96430
2020-12-01,19.09040
2020-12-02,19.11850
2020-12-03,19.17380
2020-12-04,19.37930
2020-12-07,19.52560
2020-12-08,19.50590
2020-12-09,19.72680
2020-12-10,19.66600
2020-12-11,19.64050
2020-12-14,19.76820
2020-12-15,19.73780
2020-12-16,19.85080
2020-12-17,19.87650
2020-12-18,20.01210
2020-12-21,19.28650
2020-12-22,19.61030
2020-12-23,19.98750
2020-12-24,20.13730
2020-12-28,20.32860
2020-12-29,20.46730
2020-12-30,20.62710
2020-12-31,20.64620
2021-01-01,20.72960
2021-01-04,20.99660
2021-01-05,21.33020
2021-01-06,21.22230
2021-01-07,21.37200
2021-01-08,21.65670
2021-01-11,21.92980
2021-01-12,21.94110
2021-01-13,22.04940
2021-01-14,21.99710
2021-01-15,21.70330
2021-01-18,21.31340
2021-01-19,21.56740
2021-01-20,21.88960
2021-01-21,21.84100
2021-01-22,21.61770
2021-01-25,21.36080
2021-01-27,20.92790
2021-01-28,20.84270
2021-01-29,20.59780
2021-02-01,21.40440
2021-02-02,22.05750
2021-02-03,22.26920
2021-02-04,22.39860
2021-02-05,22.34730
2021-02-08,22.73270
2021-02-09,22.72610
2021-02-10,22.76490
2021-02-11,22.88890
2021-02-12,22.93700
2021-02-15,23.17440
2021-02-16,22.96840
2021-02-17,22.81700
2021-02-18,22.89850
2021-02-19,22.59360
2021-02-22,22.17600
2021-02-23,22.21700
2021-02-24,22.54110
2021-02-25,22.75710
2021-02-26,22.07820
2021-03-01,22.40350
2021-03-02,22.74680
2021-03-03,23.01320
2021-03-04,22.90220
2021-03-05,22.64010
2021-03-08,22.72160
2021-03-09,22.76710
2021-03-10,22.94890
2021-03-12,22.82960
2021-03-15,22.66710
2021-03-16,22.63320
2021-03-17,22.30980
2021-03-18,21.90570
2021-03-19,22.10120
2021-03-22,22.09920
2021-03-23,22.24080
2021-03-24,21.85080
2021-03-25,21.48340
2021-03-26,21.72490
2021-03-30,22.02100
2021-03-31,21.91180
2021-04-01,22.16020
2021-04-05,21.89530
2021-04-06,21.97500
2021-04-07,22.24210
2021-04-08,22.39620
2021-04-09,22.38610
2021-04-12,21.58290
2021-04-13,21.78310
2021-04-15,21.80310
2021-04-16,21.97420
2021-04-19,21.70140
2021-04-20,21.70510
2021-04-22,21.84810
2021-04-23,21.78890
2021-04-26,21.89320
2021-04-27,22.05120
2021-04-28,22.31110
2021-04-29,22.28150
2021-04-30,21.97560
2021-05-03,21.96680
2021-05-04,21.80100
2021-05-05,22.01770
2021-05-06,22.14330
2021-05-07,22.17680
2021-05-10,22.38570
2021-05-11,22.27290
2021-05-12,22.10580
2021-05-14,21.99700
2021-05-17,22.30700
2021-05-18,22.63460
2021-05-19,22.56510
2021-05-20,22.54860
2021-05-21,22.82170
2021-05-24,22.93730
2021-05-25,22.93560
2021-05-26,23.03360
2021-05-27,23.08820
2021-05-28,23.13890
2021-05-31,23.21620
2021-06-01,23.11510
2021-06-02,23.15870
2021-06-03,23.33580
2021-06-04,23.38500
2021-06-07,23.59780
2021-06-08,23.66460
2021-06-09,23.57810
2021-06-10,23.70640
2021-06-11,23.79940
2021-06-14,23.76350
2021-06-15,23.91260
2021-06-16,23.82190
2021-06-17,23.71670
2021-06-18,23.63580
2021-06-21,23.69180
2021-06-22,23.69250
2021-06-23,23.57850
2021-06-24,23.74830
2021-06-25,23.99820
2021-06-28,24.00030
2021-06-29,23.89530
2021-06-30,23.88880
2021-07-01,23.99950
2021-07-02,24.10230
2021-07-05,24.30080
2021-07-06,24.22460
2021-07-07,24.34800
2021-07-08,24.19130
2021-07-09,24.19470
2021-07-12,24.29890
2021-07-13,24.32880
2021-07-14,24.43080
2021-07-15,24.55780
2021-07-16,24.45940
2021-07-19,24.27090
2021-07-20,24.08570
2021-07-22,24.32520
2021-07-23,24.63400
2021-07-26,24.79250
2021-07-27,24.58880
2021-07-28,24.49840
2021-07-29,24.62690
2021-07-30,24.57330
2021-08-02,24.81320
2021-08-03,25.00620
2021-08-04,25.09000
2021-08-05,25.07270
2021-08-06,25.03720
2021-08-09,25.11360
2021-08-10,25.01900
2021-08-11,24.91090
2021-08-12,25.05760
2021-08-13,25.31550
2021-08-16,25.26380
2021-08-17,25.22720
2021-08-18,25.12270
2021-08-20,24.80150
2021-08-23,24.60790
2021-08-24,24.89950
2021-08-25,24.91730
2021-08-26,24.91370
2021-08-27,24.96970
2021-08-30,25.39790
2021-08-31,25.65270
2021-09-01,25.70690
2021-09-02,25.92070
2021-09-03,26.04380
2021-09-06,26.17090
2021-09-07,26.00250
2021-09-08,26.25560
2021-09-09,26.37310
2021-09-13,26.40980
2021-09-14,26.46080
2021-09-15,26.57820
2021-09-16,26.73540
2021-09-17,26.58080
2021-09-20,26.23420
2021-09-21,26.39810
2021-09-22,26.42300
2021-09-23,26.77510
2021-09-24,26.82130
2021-09-27,26.94340
2021-09-28,26.77350
2021-09-29,26.63500
2021-09-30,26.52520
2021-10-01,26.55070
2021-10-04,26.78430
2021-10-05,26.92270
2021-10-06,26.88860
2021-10-07,27.27400
2021-10-08,27.47610
2021-10-11,27.72710
2021-10-12,27.80820
2021-10-13,28.17540
2021-10-14,28.36630
2021-10-18,26.18620
2021-10-19,25.90390
2021-10-20,25.74000
2021-10-21,25.76750
2021-10-22,25.47070
2021-10-25,25.27720
2021-10-26,25.52240
2021-10-27,25.45460
2021-10-28,24.96120
2021-10-29,24.87230
2021-11-01,25.25830
2021-11-02,25.24920
2021-11-03,25.16960
2021-11-08,25.61110
2021-11-09,25.71410
2021-11-10,25.94530
2021-11-11,25.81460
2021-11-12,26.18520
2021-11-15,26.14470
2021-11-16,26.12950
2021-11-17,26.01650
2021-11-18,25.62250
2021-11-22,24.99610
2021-11-23,25.08780
2021-11-24,25.10080
2021-11-25,25.15790
2021-11-26,24.48010
2021-11-29,24.38680
2021-11-30,24.36560
2021-12-01,24.56150
2021-12-02,24.77170
2021-12-03,24.58010
2021-12-06,24.08690
2021-12-07,24.41660
2021-12-08,24.81500
2021-12-09,24.83110
2021-12-10,24.82340
2021-12-13,24.69420
2021-12-14,24.64360
2021-12-15,24.57860
2021-12-16,24.57500
2021-12-17,24.16040
2021-12-20,23.42180
2021-12-21,23.69310
2021-12-22,24.06890
2021-12-23,24.24100
2021-12-24,24.07760
2021-12-27,24.23540
2021-12-28,24.41060
2021-12-29,24.38270
2021-12-30,24.37630
2021-12-31,24.65080
2022-01-03,25.02110
2022-01-04,25.17760
2022-01-05,25.31670
2022-01-06,25.10190
2022-01-07,25.15890
2022-01-10,25.44550
2022-01-11,25.46960
2022-01-12,25.65070
2022-01-13,25.68920
2022-01-14,25.76280
2022-01-17,25.76790
2022-01-18,25.42050
2022-01-19,25.07020
2022-01-20,24.89570
2022-01-21,24.41420
2022-01-24,23.51540
2022-01-25,23.78800
2022-01-27,23.47640
2022-01-28,23.48910
2022-01-31,23.93430
2022-02-01,24.18950
2022-02-02,24.51490
2022-02-03,24.20350
2022-02-04,24.06070
2022-02-07,23.69100
2022-02-08,23.66690
2022-02-09,23.95190
2022-02-10,24.11120
2022-02-11,23.64140
2022-02-14,22.85720
2022-02-15,23.46780
2022-02-16,23.45390
2022-02-17,23.36200
2022-02-18,23.22670
2022-02-21,23.14690
2022-02-22,22.94880
2022-02-23,22.94350
2022-02-24,21.76750
2022-02-25,22.37290
2022-02-28,22.41500
2022-03-02,22.13340
2022-03-03,22.06200
2022-03-04,21.71580
2022-03-07,21.15200
2022-03-08,21.35480
2022-03-09,21.69470
2022-03-10,21.99700
2022-03-11,22.03850
2022-03-14,22.19440
2022-03-15,21.91320
2022-03-16,22.29330
2022-03-17,22.60850
2022-03-21,22.39840
2022-03-22,22.61770
2022-03-23,22.46740
2022-03-24,22.35640
2022-03-25,22.23760
2022-03-28,22.19130
2022-03-29,22.31640
2022-03-30,22.62350
2022-03-31,22.55780
2022-04-01,22.91080
2022-04-04,23.43500
2022-04-05,23.47110
2022-04-06,23.33260
2022-04-07,23.22320
2022-04-08,23.42530
2022-04-11,23.32650
2022-04-12,23.09440
2022-04-13,23.01780
2022-04-18,22.59720
2022-04-19,22.27170
2022-04-20,22.42810
2022-04-21,22.69880
2022-04-22,22.43620
2022-04-25,22.10610
2022-04-26,22.26600
2022-04-27,22.02560
2022-04-28,22.22990
2022-04-29,22.02620
2022-05-02,21.86440
2022-05-04,21.38030
2022-05-05,21.25170
2022-05-06,20.82120
2022-05-09,20.52800
2022-05-10,20.33010
2022-05-11,20.21300
2022-05-12,19.75210
2022-05-13,19.83770
2022-05-16,19.94930
2022-05-17,20.45430
2022-05-18,20.39550
2022-05-19,19.90900
2022-05-20,20.40210
2022-05-23,20.48690
2022-05-24,20.47810
2022-05-25,20.15980
2022-05-26,20.36550
2022-05-27,20.70750
2022-05-30,21.24060
2022-05-31,21.42840
2022-06-01,21.51830
2022-06-02,21.49550
2022-06-03,21.36270
2022-06-06,21.25470
2022-06-07,21.02230
2022-06-08,20.94710
2022-06-09,21.08780
2022-06-10,20.89570
2022-06-13,20.38410
2022-06-14,20.34080
2022-06-15,20.41170
2022-06-16,20.02320
2022-06-17,19.97590
2022-06-20,19.75600
2022-06-21,20.21300
2022-06-22,20.03360
2022-06-23,20.29270
2022-06-24,20.63920
2022-06-27,20.81220
2022-06-28,20.82760
2022-06-29,20.81360
2022-06-30,20.78610
2022-07-01,20.72170
2022-07-04,20.91970
2022-07-05,20.97650
2022-07-06,21.23300
2022-07-07,21.40090
2022-07-08,21.51020
2022-07-11,21.64300
2022-07-12,21.43750
2022-07-13,21.45390
2022-07-14,21.48320
2022-07-15,21.61070
2022-07-18,21.94330
2022-07-19,22.14090
2022-07-20,22.20880
2022-07-21,22.48250
2022-07-22,22.46800
2022-07-25,22.27010
2022-07-26,22.11100
2022-07-27,22.25840
2022-07-28,22.48520
2022-07-29,22.69560
2022-08-01,22.97820
2022-08-02,23.02210
2022-08-03,22.90950
2022-08-04,22.93500
2022-08-05,22.93370
2022-08-08,23.03590
2022-08-10,23.16340
2022-08-11,23.46060
2022-08-12,23.61020
2022-08-16,23.95670
2022-08-17,24.05480
2022-08-18,24.05560
2022-08-19,23.75120
2022-08-22,23.44350
2022-08-23,23.65190
2022-08-24,23.73120
2022-08-25,23.85190
2022-08-26,24.02480
2022-08-29,23.90440
2022-08-30,24.31320
2022-09-01,24.35930
2022-09-02,24.38480
2022-09-05,24.47130
2022-09-06,24.53460
2022-09-07,24.57070
2022-09-08,24.79950
2022-09-09,24.82100
2022-09-12,25.08520
2022-09-13,25.14400
2022-09-14,25.07550
2022-09-15,25.01890
2022-09-16,24.52360
2022-09-19,24.56860
2022-09-20,24.83530
2022-09-21,24.72880
2022-09-22,24.76310
2022-09-23,24.28040
2022-09-26,23.63150
2022-09-27,23.65340
2022-09-28,23.46430
2022-09-29,23.55010
2022-09-30,23.90650
2022-10-03,23.51980
2022-10-04,23.95220
2022-10-06,24.26620
2022-10-07,24.25380
2022-10-10,24.05340
2022-10-11,23.70050
2022-10-12,23.88420
2022-10-13,23.70020
2022-10-14,23.60410
2022-10-17,23.76900
2022-10-18,24.11190
2022-10-19,24.15190
2022-10-20,24.09160
2022-10-21,23.84090
2022-10-25,24.06250
2022-10-27,24.13350
2022-10-28,24.01730
2022-10-31,24.29790
2022-11-01,24.35020
2022-11-02,24.29390
2022-11-03,24.31750
2022-11-04,24.27520
2022-11-07,22.21090
2022-11-09,22.06410
2022-11-10,21.89680
2022-11-11,22.06140
2022-11-14,22.07130
2022-11-15,22.13660
2022-11-16,22.29660
2022-11-17,22.35800
2022-11-18,22.31020
2022-11-21,22.21270
2022-11-22,22.28960
2022-11-23,22.32070
2022-11-24,22.43960
2022-11-25,22.55670
2022-11-28,22.76740
2022-11-29,22.71440
2022-11-30,22.82530
2022-12-01,22.91170
2022-12-02,22.97250
2022-12-05,23.07980
2022-12-06,22.91050
2022-12-07,22.80840
2022-12-08,22.88910
2022-12-09,22.79720
2022-12-12,22.81540
2022-12-13,22.81580
2022-12-14,22.83660
2022-12-15,22.61880
2022-12-16,22.30200
2022-12-19,22.41470
2022-12-20,22.47530
2022-12-21,22.07890
2022-12-22,21.90720
2022-12-23,21.27090
2022-12-26,21.70370
2022-12-27,21.94550
2022-12-28,21.92770
2022-12-29,21.91960
2022-12-30,21.96790
2023-01-02,21.98540
2023-01-03,21.98430
2023-01-04,21.79270
2023-01-05,21.82510
2023-01-06,21.74090
2023-01-09,21.90670
2023-01-10,21.76710
2023-01-11,21.72780
2023-01-12,21.68320
2023-01-13,21.73840
2023-01-16,21.65370
2023-01-17,21.65020
2023-01-18,21.69040
2023-01-19,21.65710
2023-01-20,21.62810
2023-01-23,21.63330
2023-01-24,21.52930
2023-01-25,21.27760
2023-01-27,20.93430
2023-01-30,21.00130
2023-01-31,21.45140
2023-02-01,21.14610
2023-02-02,21.19670
2023-02-03,21.19630
2023-02-06,21.37440
2023-02-07,21.29110
2023-02-08,21.41350
2023-02-09,21.59020
2023-02-10,21.77490
2023-02-13,21.67120
2023-02-14,21.69230
2023-02-15,21.76930
2023-02-16,21.95060
2023-02-17,21.85780
2023-02-20,21.84710
2023-02-21,22.02280
2023-02-22,21.76730
2023-02-23,21.75720
2023-02-24,21.78490
2023-02-27,21.66620
2023-02-28,21.78240
2023-03-01,21.96010
2023-03-02,21.88920
2023-03-03,22.07950
2023-03-06,22.26660
2023-03-08,22.66640
2023-03-09,22.54100
2023-03-10,22.30290
2023-03-13,21.86090
2023-03-14,21.72260
2023-03-15,21.74910
2023-03-16,21.74350
2023-03-17,21.91310
2023-03-20,21.70000
2023-03-21,21.94500
2023-03-22,22.00740
2023-03-23,21.92390
2023-03-24,21.77060
2023-03-27,21.69250
2023-03-28,21.67480
2023-03-29,21.95200
2023-03-31,22.31840
2023-04-03,22.30060
2023-04-05,22.22640
2023-04-06,22.26860
2023-04-10,22.23260
2023-04-11,22.37180
2023-04-12,22.45340
2023-04-13,22.52430
2023-04-17,22.49710
2023-04-18,22.40340
2023-04-19,22.37920
2023-04-20,22.43460
2023-04-21,22.35470
2023-04-24,22.50700
2023-04-25,22.45720
2023-04-26,22.46470
2023-04-27,22.48430
2023-04-28,22.69300
2023-05-02,22.81330
2023-05-03,22.80910
2023-05-04,23.05920
2023-05-05,23.09870
2023-05-08,23.33400
2023-05-09,23.29130
2023-05-10,23.37280
2023-05-11,23.54610
2023-05-12,23.57140
2023-05-15,23.79460
2023-05-16,23.80970
2023-05-17,23.83490
2023-05-18,23.79550
2023-05-19,23.77920
2023-05-22,23.90620
2023-05-23,23.87310
2023-05-24,23.75150
2023-05-25,23.82390
2023-05-26,24.05040
2023-05-29,23.97730
2023-05-30,24.05390
2023-05-31,24.20080
2023-06-01,24.20160
2023-06-02,24.32540
2023-06-05,24.57020
2023-06-06,24.78080
2023-06-07,25.00480
2023-06-08,24.89050
2023-06-09,25.04510
2023-06-12,25.06550
2023-06-13,25.23100
2023-06-14,25.32870
2023-06-15,25.27850
2023-06-16,25.46680
2023-06-19,25.39350
2023-06-20,25.41720
2023-06-21,25.51710
2023-06-22,25.34620
2023-06-23,24.97510
2023-06-26,25.16200
2023-06-27,25.23710
2023-06-28,25.32390
2023-06-30,25.48770
2023-07-03,25.55100
2023-07-04,25.50520
2023-07-05,25.57370
2023-07-06,25.85160
2023-07-07,25.83840
2023-07-10,25.90530
2023-07-11,26.23000
2023-07-12,26.37800
2023-07-13,26.36950
2023-07-14,26.54070
2023-07-17,26.62350
2023-07-18,26.65100
2023-07-19,26.79330
2023-07-20,26.79580
2023-07-21,26.77320
2023-07-24,26.85780
2023-07-25,27.00940
2023-07-26,26.96680
2023-07-27,27.02730
2023-07-28,27.25090
2023-07-31,27.49850
2023-08-01,27.53290
2023-08-02,27.04750
2023-08-03,27.07840
2023-08-04,27.28540
2023-08-07,27.33970
2023-08-08,27.28940
2023-08-09,27.36960
2023-08-10,27.35880
2023-08-11,27.41570
2023-08-14,27.37120
2023-08-16,27.33580
2023-08-17,27.37220
2023-08-18,27.39490
2023-08-21,27.27980
2023-08-22,27.36170
2023-08-23,27.58930
2023-08-24,27.64090
2023-08-25,27.48120
2023-08-28,27.61760
2023-08-29,27.69500
2023-08-30,27.88080
2023-08-31,28.10240
2023-09-01,28.39130
2023-09-04,28.61880
2023-09-05,28.71630
2023-09-06,28.69340
2023-09-07,28.89630
2023-09-08,29.25820
2023-09-11,29.42760
2023-09-12,28.51160
2023-09-13,28.44890
2023-09-14,28.64490
2023-09-15,28.64020
2023-09-18,28.60290
2023-09-20,28.49450
2023-09-21,28.20370
2023-09-22,28.15600
2023-09-25,28.14920
2023-09-26,28.30430
2023-09-27,28.46340
2023-09-29,28.83620
2023-10-03,28.97470
2023-10-04,28.67520
2023-10-05,28.82890
2023-10-06,28.90190
2023-10-09,28.59770
2023-10-10,28.93810
2023-10-11,29.01480
2023-10-12,29.14770
2023-10-13,29.08750
2023-10-16,29.19640
2023-10-17,29.33160
2023-10-18,29.25640
2023-10-19,29.13960
2023-10-20,29.09510
2023-10-23,28.21470
2023-10-25,27.95740
2023-10-26,27.63860
2023-10-27,28.00900
2023-10-30,27.99490
2023-10-31,28.00870
2023-11-01,27.94370
2023-11-02,28.22450
2023-11-03,28.45700
2023-11-06,26.51570
2023-11-07,26.63020
2023-11-08,26.75980
2023-11-09,26.63930
2023-11-10,26.76140
2023-11-13,26.98760
2023-11-15,27.27230
2023-11-16,27.46910
2023-11-17,27.51560
2023-11-20,27.59440
2023-11-21,27.62760
2023-11-22,27.58300
2023-11-23,27.65610
2023-11-24,27.74090
2023-11-28,27.89750
2023-11-29,28.14760
2023-11-30,28.89300
2023-12-01,29.13430
2023-12-04,29.42790
2023-12-05,29.52940
2023-12-06,29.77180
2023-12-07,29.94580
2023-12-08,29.90310
2023-12-11,30.11070
2023-12-12,29.94090
2023-12-13,30.21380
2023-12-14,30.47290
2023-12-15,30.69640
2023-12-18,30.78200
2023-12-19,30.78320
2023-12-21,30.30660
2023-12-22,30.61060
2023-12-26,30.79120
2023-12-27,30.87680
2023-12-28,30.91460
2023-12-29,31.04120
2024-01-01,31.16260
2024-01-02,31.01260
2024-01-03,31.02050
2024-01-04,31.23370
2024-01-05,31.40450
2024-01-08,31.30120
2024-01-09,31.35710
2024-01-10,31.50560
2024-01-11,31.74310
2024-01-12,31.81110
2024-01-15,31.94920
2024-01-16,31.92510
2024-01-17,31.63320
2024-01-18,31.62000
2024-01-19,31.94220
2024-01-23,31.36590
2024-01-24,31.84560
2024-01-25,31.92950
2024-01-29,32.38250
2024-01-30,32.22400
2024-01-31,32.76710
2024-02-01,32.63240
2024-02-02,32.81080
2024-02-05,32.79490
2024-02-06,32.98630
2024-02-07,33.04160
2024-02-08,33.07790
2024-02-09,32.79320
2024-02-12,32.41020
2024-02-13,32.47990
2024-02-14,32.76000
2024-02-15,33.09060
2024-02-16,33.44190
2024-02-19,33.71450
2024-02-20,33.76020
2024-02-21,33.46230
2024-02-22,33.75680
2024-02-23,33.84800
2024-02-26,33.76680
2024-02-27,33.81030
2024-02-28,33.47060
2024-02-29,33.58280
2024-03-01,33.92940
2024-03-04,34.03420
2024-03-05,33.87100
2024-03-06,33.65820
2024-03-07,33.82970
2024-03-11,33.38870
2024-03-12,33.10800
2024-03-13,31.87010
2024-03-14,32.42480
2024-03-15,32.34000
2024-03-18,32.38840
2024-03-19,32.14500
2024-03-20,32.26790
2024-03-21,32.84180
2024-03-22,33.12020
2024-03-26,33.20310
2024-03-27,33.24540
2024-03-28,33.48530
2024-03-31,33.48120
2024-04-01,34.04720
2024-04-02,34.30090
2024-04-03,34.46800
2024-04-04,34.59410
2024-04-05,34.79460
2024-04-08,35.09760
2024-04-09,35.13670
2024-04-10,35.31630
2024-04-12,35.18200
2024-04-15,34.86340
2024-04-16,35.02920
2024-04-18,35.11890
2024-04-19,35.13240
2024-04-22,35.56200
2024-04-23,35.82820
2024-04-24,36.00320
2024-04-25,36.31520
2024-04-26,36.68640
2024-04-29,36.83140
2024-04-30,36.87960
2024-05-02,37.12670
2024-05-03,36.93900
2024-05-06,36.74130
2024-05-07,36.23060
2024-05-08,36.61230
2024-05-09,36.12090
2024-05-10,36.33720
2024-05-13,36.49370
2024-05-14,36.81180
2024-05-15,37.42150
2024-05-16,38.02480
2024-05-17,38.59300
2024-05-21,38.89950
2024-05-22,38.93570
2024-05-23,39.02870
2024-05-24,39.05910
2024-05-27,38.89550
2024-05-28,38.49930
2024-05-29,38.43940
2024-05-30,38.07710
2024-05-31,38.44130
2024-06-03,39.16980
2024-06-04,36.69250
2024-06-05,37.68170
2024-06-06,38.39110
2024-06-07,39.01490
2024-06-10,39.19260
2024-06-11,39.39370
2024-06-12,39.74020
2024-06-13,40.11350
2024-06-14,40.37140
2024-06-18,40.61410
2024-06-19,40.54390
2024-06-20,40.86850
2024-06-21,40.95910
2024-06-24,41.11620
2024-06-25,41.21330
2024-06-26,41.45810
2024-06-27,41.29110
2024-06-28,41.28050
2024-07-01,41.69250
2024-07-02,41.58660
2024-07-03,41.70700
2024-07-04,41.79720
2024-07-05,41.84440
2024-07-08,41.95110
2024-07-09,42.12820
2024-07-10,41.92190
2024-07-11,42.02920
2024-07-12,42.11190
2024-07-15,42.30660
2024-07-16,42.15370
2024-07-18,42.08220
2024-07-19,41.20940
2024-07-22,41.57720
2024-07-23,41.53100
2024-07-24,41.76970
2024-07-25,41.72260
2024-07-26,42.39060
2024-07-29,42.45940
2024-07-30,42.61830
2024-07-31,42.75630
2024-08-01,42.65920
2024-08-02,42.38600
2024-08-05,41.03950
2024-08-06,40.79270
2024-08-07,41.66480
2024-08-08,41.49030
2024-08-09,41.84480
2024-08-12,41.89330
2024-08-13,41.51860
2024-08-14,41.33720
2024-08-16,42.31320
2024-08-19,42.48740
2024-08-20,42.66190
2024-08-21,42.96110
2024-08-22,43.01630
2024-08-23,42.96320
2024-08-26,43.11730
2024-08-27,43.10010
2024-08-28,43.16260
2024-08-29,43.03510
2024-08-30,43.48030
2024-09-02,43.26020
2024-09-03,43.30090
2024-09-04,43.43060
2024-09-05,43.46210
2024-09-06,43.09380
2024-09-09,42.99980
2024-09-10,43.46000
2024-09-11,43.26960
2024-09-12,43.84510
2024-09-13,43.74640
2024-09-16,43.77710
2024-09-17,43.91520
2024-09-18,43.78340
2024-09-19,43.47500
2024-09-20,43.96580
2024-09-23,44.30920
2024-09-24,44.12470
2024-09-25,43.98030
2024-09-26,43.93180
2024-09-27,43.98170
2024-09-30,43.77020
2024-10-01,43.87070
2024-10-03,43.06180
2024-10-04,42.67560
2024-10-07,41.95350
2024-10-08,42.62900
2024-10-09,42.95900
2024-10-10,42.88340
2024-10-11,43.22160
2024-10-14,43.30310
2024-10-15,43.51770
2024-10-16,43.45420
2024-10-17,42.89420
2024-10-18,42.90440
2024-10-21,42.61450
2024-10-22,41.57870
2024-10-23,41.60030
2024-10-24,41.55210
2024-10-25,41.06310
2024-10-28,41.41890
2024-10-29,41.60630
2024-10-30,41.64880
2024-10-31,41.92440
2024-11-04,38.26070
2024-11-05,38.32360
2024-11-06,39.07810
2024-11-07,38.89160
2024-11-08,38.57500
2024-11-11,38.39510
2024-11-12,37.87290
2024-11-13,37.11110
2024-11-14,37.34270
2024-11-18,37.23170
2024-11-19,37.37200
2024-11-21,37.08860
2024-11-22,37.60270
2024-11-25,38.25540
2024-11-26,38.39520
2024-11-27,38.81850
2024-11-28,38.63320
2024-11-29,38.99280
2024-12-02,39.26660
2024-12-03,39.34760
2024-12-04,39.41780
2024-12-05,39.70160
2024-12-06,39.85100
2024-12-09,39.88330
2024-12-10,40.03880
2024-12-11,40.11610
2024-12-12,39.84270
2024-12-13,39.93090
2024-12-16,39.98220
2024-12-17,39.83130
2024-12-18,39.71130
2024-12-19,39.52980
2024-12-20,38.81460
2024-12-23,38.92810
2024-12-24,38.86530
2024-12-26,38.90840
2024-12-27,39.04380
2024-12-30,39.02940
2024-12-31,39.04410
2025-01-01,39.23070
2025-01-02,39.70110
2025-01-03,39.56660
2025-01-06,38.79700
2025-01-07,38.97620
2025-01-08,38.63930
2025-01-09,38.26770
2025-01-10,37.70040
2025-01-13,36.56950
2025-01-14,37.05280
2025-01-15,37.23980
2025-01-16,37.49750
2025-01-17,37.46610
2025-01-20,37.57100
2025-01-21,36.84580
2025-01-22,36.53720
2025-01-23,36.90510
2025-01-24,36.37890
2025-01-27,35.67010
2025-01-28,35.53140
2025-01-29,36.41210
2025-01-30,36.26670
2025-01-31,36.66790
2025-02-03,36.73490
2025-02-04,37.07280
2025-02-05,37.19180
2025-02-06,37.05110
2025-02-07,36.96800
2025-02-10,36.43930
2025-02-11,35.39960
2025-02-12,35.25650
2025-02-13,35.26080
2025-02-14,34.54050
2025-02-17,34.39290
2025-02-18,34.23980
2025-02-19,34.57910
2025-02-20,34.84360
2025-02-21,34.56850
2025-02-24,34.19760
2025-02-25,34.18390
2025-02-27,33.91590
2025-02-28,33.08810
2025-03-03,33.07830
2025-03-04,33.17740
2025-03-05,33.77030
2025-03-06,34.13470
2025-03-07,34.12650
2025-03-10,33.78220
2025-03-11,33.83930
2025-03-12,33.70910
2025-03-13,33.36520
2025-03-17,33.55790
2025-03-18,34.29740
2025-03-19,34.74840
2025-03-20,34.99890
2025-03-21,35.41610
2025-03-24,35.69470
2025-03-25,35.48780
2025-03-26,35.19880
2025-03-27,35.40370
2025-03-28,35.30410
2025-03-31,35.30100
2025-04-01,35.05810
2025-04-02,35.40150
2025-04-03,35.38670
2025-04-04,34.68580
2025-04-07,33.64750
2025-04-08,34.29850
2025-04-09,34.07230
2025-04-11,34.82780
2025-04-15,35.73030
2025-04-16,35.98110
2025-04-17,36.31780
2025-04-21,36.84340
2025-04-22,36.99410
2025-04-23,37.18630
2025-04-24,37.08870
2025-04-25,36.56210
2025-04-28,36.82580
2025-04-29,36.81770
2025-04-30,36.79530
2025-05-02,36.72510
2025-05-05,37.12550
2025-05-06,36.66580
2025-05-07,36.97010
2025-05-08,36.59390
2025-05-09,36.32020
2025-05-12,37.68620
2025-05-13,37.53200
2025-05-14,37.75790
2025-05-15,38.32110
2025-05-16,38.46380
2025-05-19,38.27220
2025-05-20,37.88360
2025-05-21,38.13080
2025-05-22,37.97660
2025-05-23,38.18790
2025-05-26,38.29150
2025-05-27,38.10310
2025-05-28,38.02330
2025-05-29,38.20930
2025-05-30,38.21060
2025-06-02,38.19390
2025-06-03,38.02250
2025-06-04,38.25450
2025-06-05,38.52480
2025-06-06,38.76050
2025-06-09,38.98010
2025-06-10,38.94990
2025-06-11,38.97900
2025-06-12,38.50050
2025-06-13,38.31820
2025-06-16,38.67100
2025-06-17,38.50170
2025-06-18,38.38730
2025-06-19,38.15790
2025-06-20,38.44670
2025-06-23,38.35020
2025-06-24,38.48380
2025-06-25,38.92450
2025-06-26,39.17610
2025-06-27,39.31800
2025-06-30,39.23230
2025-07-01,39.32030
2025-07-02,39.20570
2025-07-03,39.31480
2025-07-04,39.43850
2025-07-07,39.47110
2025-07-08,39.54830
2025-07-09,39.64950
2025-07-10,39.58340
2025-07-11,39.38050
2025-07-14,39.50930
2025-07-15,39.69930
2025-07-16,39.77110
2025-07-17,39.71940
2025-07-18,39.40050
2025-07-21,39.53540
2025-07-22,39.63600
2025-07-23,39.70600
2025-07-24,39.57900
2025-07-25,39.13330
2025-07-28,39.06990
2025-07-29,39.26030
2025-07-30,39.37590
2025-07-31,39.27090
2025-08-01,38.77160
2025-08-04,39.03230
2025-08-05,38.91500
2025-08-06,38.70620
2025-08-07,38.75680
2025-08-08,38.40010
2025-08-11,38.62160
2025-08-12,38.59210
2025-08-13,38.82980
2025-08-14,38.86750
2025-08-18,39.42940
2025-08-19,39.64370
2025-08-20,39.84440
2025-08-21,39.90760
2025-08-22,39.84000
2025-08-25,39.95640
2025-08-26,39.55270
2025-08-28,39.31950
2025-08-29,39.12890
2025-09-01,39.54870
2025-09-02,39.51640
2025-09-03,39.69800
2025-09-04,39.73180
2025-09-05,39.76660
2025-09-08,39.93330
2025-09-09,40.12700
2025-09-10,40.25950
2025-09-11,40.24260
2025-09-12,40.21720
2025-09-15,40.21930
2025-09-16,40.46550
2025-09-17,40.45490
2025-09-18,40.65880
2025-09-19,40.78720
2025-09-22,40.57310
2025-09-23,40.48200
2025-09-24,40.37400
2025-09-25,40.11010
2025-09-26,39.46200
2025-09-30,39.36850
2025-10-01,39.68900
2025-10-03,39.82410
2025-10-06,40.03840
2025-10-07,40.10260
2025-10-08,39.99370
2025-10-09,40.03900
2025-10-10,40.26500
2025-10-13,40.18810
2025-10-14,39.98170
2025-10-15,40.25680
2025-10-16,40.41630
2025-10-17,40.39820
2025-10-20,37.59090
2025-10-23,37.65620
2025-10-24,37.46510
2025-10-27,37.82040
2025-10-28,37.87860
2025-10-29,37.98560
2025-10-30,37.92920
2025-10-31,37.59560
2025-11-03,37.79730
2025-11-04,37.63000
2025-11-06,37.33580
2025-11-07,37.29340
2025-11-10,37.27340
2025-11-11,37.32870
2025-11-12,37.61970
2025-11-13,37.41820
2025-11-14,37.51350
2025-11-17,37.72300
2025-11-18,37.54510
2025-11-19,37.61310
2025-11-20,37.61470
2025-11-21,37.41800
2025-11-24,37.17230
2025-11-25,37.23390
2025-11-26,37.62550
2025-11-27,37.44200
2025-11-28,37.49420
2025-12-01,37.49910
2025-12-02,37.39700
2025-12-03,37.15740
2025-12-04,37.17060
2025-12-05,37.12800
2025-12-08,36.53540
2025-12-09,36.81580
2025-12-10,36.60950
2025-12-11,36.75220
2025-12-12,36.92270
2025-12-15,36.93760
2025-12-16,36.58790
2025-12-17,36.55060
2025-12-18,36.62640
2025-12-19,37.00440
2025-12-22,37.23200
2025-12-23,37.25460
2025-12-24,37.14510
2025-12-26,37.06450
2025-12-29,36.86770
2025-12-30,36.80610
2025-12-31,37.15540
2026-01-01,37.24500
2026-01-02,37.58140
2026-01-05,37.73480
2026-01-06,37.67240
2026-01-07,37.58820
2026-01-08,37.13100
2026-01-09,36.79490
2026-01-12,36.77700
2026-01-13,36.73960
2026-01-14,36.82130
2026-01-16,36.82580
2026-01-19,36.57810
2026-01-20,35.89550
2026-01-21,35.75310
2026-01-22,36.04250
2026-01-23,35.43240
2026-01-27,35.62480
2026-01-28,35.89570
2026-01-29,35.89950
2026-01-30,36.10920
2026-02-02,35.56400
2026-02-03,36.36900
2026-02-04,36.39040
2026-02-05,36.15520
2026-02-06,36.22080
2026-02-09,36.87960
2026-02-10,37.17300
2026-02-11,37.40290
2026-02-12,37.25010
2026-02-13,36.83040
2026-02-16,36.92030
2026-02-17,37.01190
2026-02-18,37.12190
2026-02-19,36.71360
2026-02-20,36.73790
2026-02-23,36.65830
2026-02-24,36.43980
2026-02-25,36.57590
2026-02-26,36.64200
2026-02-27,36.33770
2026-03-02,35.75060
2026-03-04,35.00890
2026-03-05,35.36900
2026-03-06,35.13630
2026-03-09,34.32030
2026-03-10,34.89830
2026-03-11,34.44650
2026-03-12,34.09720
2026-03-13,33.22070
2026-03-16,33.33120
2026-03-17,33.68670
2026-03-18,34.10120
2026-03-19,33.05920
2026-03-20,33.14090
2026-03-23,32.13670
2026-03-24,32.72840
2026-03-25,33.44660
2026-03-27,32.79380
2026-03-30,32.01020
2026-03-31,32.06570
2026-04-01,32.72930
2026-04-02,32.59370
2026-04-06,32.94520
2026-04-07,32.97750
2026-04-08,34.39120
2026-04-09,34.21780
2026-04-10,34.79650
2026-04-13,34.53780
2026-04-15,35.30680
2026-04-16,35.57110
2026-04-17,35.86520
2026-04-20,35.83840
2026-04-21,36.05890
2026-04-22,36.14610
2026-04-23,35.86360
2026-04-24,35.51810
2026-04-27,35.81080
2026-04-28,35.59840
2026-04-29,35.64600
2026-04-30,35.36020
2026-05-04,35.73480
2026-05-05,35.75980
2026-05-06,36.24030
2026-05-07,36.57510
2026-05-08,36.43750
2026-05-11,35.90580
2026-05-12,35.03210
2026-05-13,35.12530
2026-05-14,35.28320
2026-05-15,35.16030
2026-05-18,34.65100
2026-05-19,34.72920
2026-05-20,34.94560
2026-05-21,35.11390
2026-05-22,35.25090
2026-05-25,35.64890
2026-05-26,35.75650
2026-05-27,35.97570
2026-05-29,35.74700
2026-06-01,35.29210
2026-06-02,35.33220
2026-06-03,35.39210
2026-06-04,35.54480
2026-06-05,35.52990
2026-06-08,35.16970
2026-06-09,35.58670
2026-06-10,35.26820
2026-06-11,35.10170
2026-06-12,35.80540
2026-06-15,36.29530
2026-06-16,36.31370
2026-06-17,36.52280
2026-06-18,36.78990
2026-06-19,36.81050
2026-06-22,37.32370
2026-06-23,37.11490
2026-06-24,37.26140
2026-06-25,37.17600
2026-06-29,36.94800
2026-06-30,37.21590
2026-07-01,37.33380
2026-07-02,37.36270
2026-07-03,37.26160
2026-07-06,37.45440
2026-07-07,37.26720
2026-07-08,36.63560
2026-07-09,37.10410
2026-07-10,37.59600
2026-07-13,37.59490
2026-07-14,37.20130
2026-07-15,37.38100
2026-07-16,37.33060
2026-07-17,37.11580
2026-07-20,37.00840
2026-07-21,37.21430
2026-07-22,36.92190
2026-07-23,36.79840
2026-07-24,36.61700
2026-07-27,37.03810
2026-07-28,36.95740
2026-07-29,37.26630
2026-07-30,37.28180
2026-07-31,37.37340
2026-08-03,38.07950
2026-08-04,37.98180
2026-08-05,38.14920
2026-08-06,38.33290
2026-08-07,38.25500
2026-08-10,38.45050
2026-08-11,38.57650
2026-08-12,38.46390
2026-08-13,38.42760
2026-08-14,38.43480
2026-08-17,38.58470
2026-08-18,38.58120
2026-08-19,38.41360
2026-08-20,38.46850
2026-08-21,38.49850
2026-08-24,38.38880
2026-08-25,38.41200
2026-08-26,38.52210
2026-08-27,38.47320
2026-08-28,38.38520
2026-08-31,38.41880
2026-09-01,38.18150
2026-09-02,37.93050
2026-09-03,38.21070
2026-09-04,38.25220
2026-09-07,38.35760
2026-09-08,38.47940
2026-09-09,38.35970
2026-09-10,38.28810
2026-09-11,38.29120
