Date,NAV
2006-04-03,15.25710
2006-04-04,15.32220
2006-04-05,15.34770
2006-04-07,15.27040
2006-04-10,15.27760
2006-04-12,15.17570
2006-04-13,15.05470
2006-04-17,15.19160
2006-04-18,15.32530
2006-04-19,15.33060
2006-04-20,15.33670
2006-04-21,15.31830
2006-04-24,15.28300
2006-04-25,15.20170
2006-04-26,15.29610
2006-04-27,15.20910
2006-04-28,15.20900
2006-05-02,15.33370
2006-05-03,15.40850
2006-05-04,15.43920
2006-05-05,15.42820
2006-05-08,15.45680
2006-05-09,15.48940
2006-05-10,15.52600
2006-05-11,15.46960
2006-05-12,15.39880
2006-05-15,15.23160
2006-05-16,15.21930
2006-05-17,15.38620
2006-05-18,15.02300
2006-05-19,14.78770
2006-05-22,14.55800
2006-05-23,14.68400
2006-05-24,14.62850
2006-05-25,14.70580
2006-05-26,14.79050
2006-05-29,14.80650
2006-05-30,14.73690
2006-05-31,14.53700
2006-06-01,14.36260
2006-06-02,14.52560
2006-06-05,14.39740
2006-06-06,14.24030
2006-06-07,14.13710
2006-06-08,13.81590
2006-06-09,14.05100
2006-06-12,13.92870
2006-06-13,13.70460
2006-06-14,13.67370
2006-06-15,13.90510
2006-06-16,14.08450
2006-06-19,14.12230
2006-06-20,14.06780
2006-06-21,14.13950
2006-06-22,14.20290
2006-06-23,14.16380
2006-06-26,14.07710
2006-06-27,14.07570
2006-06-28,14.05950
2006-06-29,14.01110
2006-06-30,14.10520
2006-07-03,14.11930
2006-07-04,14.13870
2006-07-05,14.18700
2006-07-06,14.15040
2006-07-07,14.10320
2006-07-10,14.12680
2006-07-11,14.11690
2006-07-12,14.08760
2006-07-13,14.05960
2006-07-14,14.03920
2006-07-17,13.93840
2006-07-18,13.94110
2006-07-19,13.90710
2006-07-20,14.04440
2006-07-21,14.01720
2006-07-24,14.09260
2006-07-25,14.16990
2006-07-26,14.21460
2006-07-27,14.22550
2006-07-28,14.26490
2006-07-31,14.31310
2006-08-01,14.29900
2006-08-02,14.37480
2006-08-03,14.38290
2006-08-04,14.34100
2006-08-07,14.40540
2006-08-08,14.45260
2006-08-09,14.54240
2006-08-10,14.61460
2006-08-11,14.59660
2006-08-14,14.62600
2006-08-16,14.68540
2006-08-17,14.65820
2006-08-18,14.65680
2006-08-21,14.70900
2006-08-22,14.70650
2006-08-23,14.72460
2006-08-24,14.76560
2006-08-25,14.80030
2006-08-28,14.83440
2006-08-29,14.82770
2006-08-30,14.83850
2006-08-31,14.80880
2006-09-01,14.85480
2006-09-04,14.91950
2006-09-05,14.92570
2006-09-06,14.94050
2006-09-07,14.93710
2006-09-08,14.96460
2006-09-11,14.88570
2006-09-12,14.90120
2006-09-13,14.98680
2006-09-14,15.00090
2006-09-15,14.99160
2006-09-18,15.02140
2006-09-19,14.98110
2006-09-20,15.03170
2006-09-21,15.04420
2006-09-22,15.04560
2006-09-25,15.07580
2006-09-26,15.10980
2006-09-27,15.15390
2006-09-28,15.22660
2006-09-29,15.22370
2006-10-03,15.23150
2006-10-04,15.22050
2006-10-05,15.27200
2006-10-06,15.29380
2006-10-09,15.25940
2006-10-10,15.26130
2006-10-11,15.22850
2006-10-12,15.28230
2006-10-13,15.31780
2006-10-16,15.34510
2006-10-17,15.32440
2006-10-18,15.31240
2006-10-19,15.27590
2006-10-20,15.29860
2006-10-23,15.27880
2006-10-26,15.31050
2006-10-27,15.36170
2006-10-30,15.38510
2006-10-31,15.39900
2006-11-01,15.42050
2006-11-02,15.43510
2006-11-03,15.45600
2006-11-06,15.44850
2006-11-07,15.41750
2006-11-08,15.42860
2006-11-09,15.44630
2006-11-10,15.48830
2006-11-13,15.52640
2006-11-14,15.57650
2006-11-15,15.60080
2006-11-16,15.62440
2006-11-17,15.59970
2006-11-20,15.62440
2006-11-21,15.67770
2006-11-22,15.72180
2006-11-23,15.71660
2006-11-24,15.70230
2006-11-27,15.72480
2006-11-28,15.68800
2006-11-29,15.66430
2006-11-30,15.64750
2006-12-01,15.72040
2006-12-04,15.76520
2006-12-05,15.76450
2006-12-06,15.72030
2006-12-07,15.71660
2006-12-08,15.68680
2006-12-11,15.51310
2006-12-12,15.34380
2006-12-13,15.39940
2006-12-14,15.45910
2006-12-15,15.51500
2006-12-18,15.54550
2006-12-19,15.51920
2006-12-20,15.50520
2006-12-21,15.52800
2006-12-22,15.51780
2006-12-26,15.54260
2006-12-27,15.55990
2006-12-28,15.53720
2006-12-29,15.60690
2007-01-02,15.66510
2007-01-03,15.69090
2007-01-04,15.68130
2007-01-05,15.68340
2007-01-08,15.67820
2007-01-09,15.67540
2007-01-10,15.64490
2007-01-11,15.69250
2007-01-12,15.70070
2007-01-15,15.76570
2007-01-16,15.78510
2007-01-17,15.79480
2007-01-18,15.79980
2007-01-19,15.77150
2007-01-22,15.76930
2007-01-23,15.70300
2007-01-24,15.70960
2007-01-25,15.73090
2007-01-29,15.70440
2007-01-31,15.77120
2007-02-01,15.81770
2007-02-02,15.89640
2007-02-05,15.89550
2007-02-06,15.86990
2007-02-07,15.88200
2007-02-08,15.87400
2007-02-09,15.85800
2007-02-12,15.73190
2007-02-13,15.64800
2007-02-14,15.58410
2007-02-15,15.69820
2007-02-19,15.69740
2007-02-20,15.63820
2007-02-21,15.64310
2007-02-22,15.55400
2007-02-23,15.45910
2007-02-26,15.48730
2007-02-27,15.46360
2007-02-28,15.29750
2007-03-01,15.34740
2007-03-02,15.23730
2007-03-05,15.07250
2007-03-06,15.09330
2007-03-07,15.03290
2007-03-08,15.15800
2007-03-09,15.14920
2007-03-12,15.18170
2007-03-13,15.26540
2007-03-14,15.15620
2007-03-15,15.15390
2007-03-16,15.10150
2007-03-19,15.19380
2007-03-20,15.25030
2007-03-21,15.33120
2007-03-22,15.44760
2007-03-23,15.46690
2007-03-26,15.43600
2007-03-28,15.37980
2007-03-29,15.39540
2007-03-30,15.46340
2007-04-02,13.88820
2007-04-03,13.87850
2007-04-04,13.90220
2007-04-05,13.97140
2007-04-09,14.12720
2007-04-10,14.12350
2007-04-11,14.09010
2007-04-12,14.07900
2007-04-13,14.13910
2007-04-16,14.16710
2007-04-17,14.17020
2007-04-18,14.18000
2007-04-19,14.11630
2007-04-20,14.15800
2007-04-23,14.16310
2007-04-24,14.23910
2007-04-25,14.30330
2007-04-26,14.30240
2007-04-27,14.23600
2007-04-30,14.26870
2007-05-03,14.35490
2007-05-04,14.33290
2007-05-07,14.35610
2007-05-08,14.35050
2007-05-09,14.39030
2007-05-10,14.37250
2007-05-11,14.36680
2007-05-14,14.43620
2007-05-15,14.47010
2007-05-16,14.51030
2007-05-17,14.55240
2007-05-18,14.55460
2007-05-21,14.61520
2007-05-22,14.64620
2007-05-23,14.64600
2007-05-24,14.63360
2007-05-25,14.66810
2007-05-28,14.72420
2007-05-29,14.73650
2007-05-30,14.70320
2007-05-31,14.77020
2007-06-01,14.80650
2007-06-04,14.79130
2007-06-05,14.78950
2007-06-06,14.69370
2007-06-07,14.67190
2007-06-08,14.62140
2007-06-11,14.59260
2007-06-12,14.60340
2007-06-13,14.58070
2007-06-14,14.66100
2007-06-15,14.69220
2007-06-18,14.71190
2007-06-19,14.76150
2007-06-20,14.80480
2007-06-21,14.84620
2007-06-22,14.86020
2007-06-25,14.88190
2007-06-26,14.88800
2007-06-27,14.86850
2007-06-28,14.92010
2007-06-29,14.99310
2007-07-02,15.01340
2007-07-03,15.08050
2007-07-04,15.09410
2007-07-05,15.09520
2007-07-06,15.11750
2007-07-09,15.22130
2007-07-10,15.19200
2007-07-11,15.21010
2007-07-12,15.28190
2007-07-13,15.32960
2007-07-16,15.37290
2007-07-17,15.36930
2007-07-18,15.36500
2007-07-19,15.39580
2007-07-20,15.39460
2007-07-23,15.46430
2007-07-24,15.49370
2007-07-25,15.44830
2007-07-26,15.46740
2007-07-27,15.33120
2007-07-30,15.37730
2007-07-31,15.41820
2007-08-01,15.20740
2007-08-02,15.23880
2007-08-03,15.28560
2007-08-06,15.24240
2007-08-07,15.28610
2007-08-08,15.35640
2007-08-09,15.24790
2007-08-10,15.15710
2007-08-13,15.21800
2007-08-14,15.20300
2007-08-16,15.01300
2007-08-17,14.98850
2007-08-20,15.05720
2007-08-21,14.94600
2007-08-22,15.01200
2007-08-23,14.98940
2007-08-24,15.07260
2007-08-27,15.19070
2007-08-28,15.21420
2007-08-29,15.22600
2007-08-30,15.25210
2007-08-31,15.33800
2007-09-03,15.38890
2007-09-04,15.43320
2007-09-05,15.42860
2007-09-06,15.47470
2007-09-07,15.55180
2007-09-10,15.59380
2007-09-11,15.57740
2007-09-12,15.59690
2007-09-13,15.64880
2007-09-14,15.61040
2007-09-17,15.61730
2007-09-18,15.67670
2007-09-19,15.82620
2007-09-20,15.87350
2007-09-21,15.92530
2007-09-24,16.02210
2007-09-25,16.01770
2007-09-26,16.01660
2007-09-27,16.08740
2007-09-28,16.15700
2007-10-01,16.23370
2007-10-03,16.39620
2007-10-04,16.39100
2007-10-05,16.36630
2007-10-08,16.22920
2007-10-09,16.44400
2007-10-10,16.59440
2007-10-11,16.66210
2007-10-12,16.56630
2007-10-15,16.80960
2007-10-16,16.91160
2007-10-17,16.75810
2007-10-18,16.51700
2007-10-19,16.23800
2007-10-22,16.24930
2007-10-23,16.58230
2007-10-24,16.66310
2007-10-25,16.70560
2007-10-26,16.89030
2007-10-29,17.08150
2007-10-30,17.05710
2007-10-31,17.17690
2007-11-01,17.16420
2007-11-02,17.25450
2007-11-05,17.22500
2007-11-06,17.16810
2007-11-07,17.15510
2007-11-08,17.10390
2007-11-12,17.01500
2007-11-13,17.12490
2007-11-14,17.35130
2007-11-15,17.29880
2007-11-16,17.33670
2007-11-19,17.41270
2007-11-20,17.31210
2007-11-21,17.08300
2007-11-22,17.01010
2007-11-23,17.11190
2007-11-26,17.23420
2007-11-27,17.24070
2007-11-28,17.16580
2007-11-29,17.10980
2007-11-30,17.25520
2007-12-03,17.42030
2007-12-04,17.49180
2007-12-05,17.55420
2007-12-06,17.54830
2007-12-07,17.56870
2007-12-10,17.59950
2007-12-11,17.68070
2007-12-12,17.70680
2007-12-13,17.68770
2007-12-14,17.70700
2007-12-17,17.46770
2007-12-18,17.42980
2007-12-19,17.41650
2007-12-20,17.42180
2007-12-24,17.62770
2007-12-26,17.75150
2007-12-27,17.75130
2007-12-28,17.83570
2007-12-31,17.90570
2008-01-01,18.02680
2008-01-02,18.16890
2008-01-03,18.14760
2008-01-04,18.21340
2008-01-14,18.18960
2008-01-15,18.03430
2008-01-16,17.88030
2008-01-17,17.90780
2008-01-18,17.69440
2008-01-21,17.13090
2008-01-22,16.80350
2008-01-23,17.25920
2008-01-24,17.13120
2008-01-25,17.50090
2008-01-28,17.50850
2008-01-29,17.50190
2008-01-30,17.38870
2008-01-31,17.31320
2008-02-01,17.38390
2008-02-04,17.52270
2008-02-05,17.51990
2008-02-06,17.43890
2008-02-07,17.27640
2008-02-08,17.20530
2008-02-11,16.85680
2008-02-12,16.83350
2008-02-13,16.86510
2008-02-14,17.14650
2008-02-15,17.22610
2008-02-18,17.19830
2008-02-19,17.21020
2008-02-20,17.07650
2008-02-21,17.05430
2008-02-22,16.95540
2008-02-25,17.04720
2008-02-26,17.14440
2008-02-27,17.20200
2008-02-28,17.17330
2008-02-29,17.15990
2008-03-03,16.84040
2008-03-04,16.74490
2008-03-05,16.72890
2008-03-07,16.47890
2008-03-10,16.41180
2008-03-11,16.50720
2008-03-12,16.51640
2008-03-13,16.32240
2008-03-14,16.42530
2008-03-17,16.14180
2008-03-18,16.15570
2008-03-19,16.12230
2008-03-24,16.14840
2008-03-25,16.44370
2008-03-26,16.46600
2008-03-27,16.41030
2008-03-28,16.50350
2008-03-31,16.35160
2008-04-01,16.28720
2008-04-02,16.30420
2008-04-03,16.30600
2008-04-04,16.13410
2008-04-07,16.25760
2008-04-08,16.27390
2008-04-09,16.35320
2008-04-10,16.34840
2008-04-11,16.38820
2008-04-15,16.45560
2008-04-16,16.41650
2008-04-17,16.49990
2008-04-21,16.58460
2008-04-22,16.63230
2008-04-23,16.61200
2008-04-24,16.57880
2008-04-25,16.67230
2008-04-28,16.68040
2008-04-29,16.80560
2008-04-30,16.80530
2008-05-02,16.91670
2008-05-05,16.91920
2008-05-06,16.85550
2008-05-07,16.80730
2008-05-08,16.71390
2008-05-09,16.59040
2008-05-12,16.63490
2008-05-13,16.62430
2008-05-14,16.65630
2008-05-15,16.77140
2008-05-16,16.80710
2008-05-20,16.72210
2008-05-21,16.72600
2008-05-22,16.59450
2008-05-23,16.48950
2008-05-26,16.35560
2008-05-27,16.28800
2008-05-28,16.38160
2008-05-29,16.33030
2008-05-30,16.34440
2008-06-02,16.21430
2008-06-03,16.13450
2008-06-04,15.96860
2008-06-05,16.03130
2008-06-06,15.96960
2008-06-09,15.77980
2008-06-10,15.73100
2008-06-11,15.87000
2008-06-12,15.88490
2008-06-13,15.84420
2008-06-16,15.92740
2008-06-17,16.07040
2008-06-18,15.97650
2008-06-19,15.82270
2008-06-20,15.60210
2008-06-23,15.49100
2008-06-24,15.43960
2008-06-25,15.44790
2008-06-26,15.50850
2008-06-27,15.25850
2008-06-30,15.10320
2008-07-01,14.90100
2008-07-02,15.09110
2008-07-03,14.93780
2008-07-04,15.04690
2008-07-07,15.09070
2008-07-08,15.01870
2008-07-09,15.21750
2008-07-10,15.21130
2008-07-11,15.08870
2008-07-14,15.05750
2008-07-15,14.85070
2008-07-16,14.80060
2008-07-17,15.12290
2008-07-18,15.33920
2008-07-21,15.35710
2008-07-22,15.48360
2008-07-23,15.76750
2008-07-24,15.70830
2008-07-25,15.59310
2008-07-28,15.65850
2008-07-29,15.27660
2008-07-30,15.46700
2008-07-31,15.46940
2008-08-01,15.62100
2008-08-04,15.64650
2008-08-05,15.82100
2008-08-06,15.81370
2008-08-07,15.80240
2008-08-08,15.81780
2008-08-11,15.97880
2008-08-12,15.89670
2008-08-13,15.83760
2008-08-14,15.69330
2008-08-18,15.65980
2008-08-19,15.63130
2008-08-20,15.66470
2008-08-21,15.52230
2008-08-22,15.58500
2008-08-25,15.62170
2008-08-26,15.64970
2008-08-27,15.60010
2008-08-28,15.54020
2008-08-29,15.72620
2008-09-01,15.73520
2008-09-02,15.92620
2008-09-04,15.90130
2008-09-05,15.79020
2008-09-08,15.90420
2008-09-09,15.89190
2008-09-10,15.85530
2008-09-11,15.78250
2008-09-12,15.71950
2008-09-15,15.56520
2008-09-16,15.62410
2008-09-17,15.54340
2008-09-18,15.52960
2008-09-19,15.68760
2008-09-22,15.64510
2008-09-23,15.53700
2008-09-24,15.55620
2008-09-25,15.53180
2008-09-26,15.39180
2008-09-29,15.23670
2008-09-30,15.34040
2008-10-01,14.00390
2008-10-03,13.91010
2008-10-06,13.72830
2008-10-07,13.69050
2008-10-08,13.57560
2008-10-10,13.33630
2008-10-13,13.58680
2008-10-14,13.59950
2008-10-15,13.42590
2008-10-16,13.40260
2008-10-17,13.23670
2008-10-20,13.28240
2008-10-21,13.40320
2008-10-22,13.25120
2008-10-23,13.17080
2008-10-24,12.83390
2008-10-27,12.78450
2008-10-29,12.92080
2008-10-31,13.09440
2008-11-03,13.28630
2008-11-04,13.39610
2008-11-05,13.28740
2008-11-06,13.18480
2008-11-07,13.26330
2008-11-10,13.41670
2008-11-11,13.25710
2008-11-12,13.16610
2008-11-14,13.11940
2008-11-17,13.04610
2008-11-18,12.97330
2008-11-19,12.93660
2008-11-20,12.86670
2008-11-21,12.96380
2008-11-24,12.94620
2008-11-25,12.90670
2008-11-26,12.96000
2008-11-28,13.01610
2008-12-01,12.98730
2008-12-02,12.99830
2008-12-03,13.07090
2008-12-04,13.23050
2008-12-05,13.19480
2008-12-08,13.27140
2008-12-10,13.42800
2008-12-11,13.48690
2008-12-12,13.58360
2008-12-15,13.64200
2008-12-16,13.73870
2008-12-17,13.68420
2008-12-18,13.85380
2008-12-19,13.90630
2008-12-22,13.84850
2008-12-23,13.73750
2008-12-24,13.73060
2008-12-26,13.67940
2008-12-29,13.78290
2008-12-30,13.90510
2008-12-31,13.90640
2009-01-01,13.96420
2009-01-02,14.04060
2009-01-05,14.14050
2009-01-06,14.12790
2009-01-07,13.76770
2009-01-09,13.63330
2009-01-12,13.58490
2009-01-13,13.57430
2009-01-14,13.69720
2009-01-15,13.57170
2009-01-16,13.64770
2009-01-19,13.66610
2009-01-20,13.58520
2009-01-21,13.47850
2009-01-22,13.48320
2009-01-23,13.44170
2009-01-27,13.49580
2009-01-28,13.56670
2009-01-29,13.55200
2009-01-30,13.56490
2009-02-02,13.47760
2009-02-03,13.46410
2009-02-04,13.47350
2009-02-05,13.45200
2009-02-06,13.53790
2009-02-09,13.61430
2009-02-10,13.62970
2009-02-11,13.62930
2009-02-12,13.63090
2009-02-13,13.69710
2009-02-16,13.55540
2009-02-17,13.45570
2009-02-18,13.45800
2009-02-19,13.46050
2009-02-20,13.41270
2009-02-24,13.37390
2009-02-25,13.39530
2009-02-26,13.41090
2009-02-27,13.42110
2009-03-02,13.34070
2009-03-03,13.29110
2009-03-04,13.29770
2009-03-05,13.21070
2009-03-06,13.21000
2009-03-09,13.12380
2009-03-12,13.14690
2009-03-13,13.31790
2009-03-16,13.42360
2009-03-17,13.36360
2009-03-18,13.42510
2009-03-19,13.44290
2009-03-20,13.43950
2009-03-23,13.59560
2009-03-24,13.58630
2009-03-25,13.67680
2009-03-26,13.77440
2009-03-27,13.83450
2009-03-30,13.78280
2009-03-31,13.88560
2009-04-01,13.93540
2009-04-02,14.10080
2009-04-06,14.19060
2009-04-08,14.28200
2009-04-09,14.34410
2009-04-13,14.42500
2009-04-15,14.60630
2009-04-16,14.49880
2009-04-17,14.58930
2009-04-20,14.64620
2009-04-21,14.64830
2009-04-22,14.62430
2009-04-23,14.72580
2009-04-24,14.83020
2009-04-27,14.83570
2009-04-28,14.69590
2009-04-29,14.80380
2009-05-04,15.00950
2009-05-05,15.05940
2009-05-06,15.03820
2009-05-07,15.08580
2009-05-08,15.01840
2009-05-11,14.96850
2009-05-12,15.10460
2009-05-13,15.10670
2009-05-14,15.08630
2009-05-15,15.16970
2009-05-19,15.99520
2009-05-20,15.99500
2009-05-21,15.90410
2009-05-22,15.94820
2009-05-25,15.96760
2009-05-26,15.85060
2009-05-27,16.06770
2009-05-28,16.07950
2009-05-29,16.19350
2009-06-01,16.22570
2009-06-02,16.25820
2009-06-03,16.28750
2009-06-04,16.41860
2009-06-05,16.43870
2009-06-08,16.23120
2009-06-09,16.38640
2009-06-10,16.53770
2009-06-11,16.45870
2009-06-12,16.36780
2009-06-15,16.31060
2009-06-16,16.39050
2009-06-17,16.20860
2009-06-18,16.10800
2009-06-19,16.21210
2009-06-22,16.15460
2009-06-23,16.20350
2009-06-24,16.31390
2009-06-25,16.27250
2009-06-26,16.44060
2009-06-29,16.56930
2009-06-30,16.45020
2009-07-01,16.55190
2009-07-02,16.53590
2009-07-03,16.66310
2009-07-06,16.24910
2009-07-07,16.29580
2009-07-08,16.16600
2009-07-09,16.17830
2009-07-10,16.04350
2009-07-13,15.98480
2009-07-14,16.19970
2009-07-15,16.36980
2009-07-16,16.37790
2009-07-17,16.55970
2009-07-20,16.72860
2009-07-21,16.71240
2009-07-22,16.62560
2009-07-23,16.74510
2009-07-24,16.76430
2009-07-27,16.83290
2009-07-28,16.88160
2009-07-29,16.80010
2009-07-30,16.85310
2009-07-31,16.92940
2009-08-03,17.04340
2009-08-04,16.99740
2009-08-05,16.96790
2009-08-06,16.84440
2009-08-07,16.69460
2009-08-10,16.61930
2009-08-11,16.68580
2009-08-12,16.64860
2009-08-13,16.80560
2009-08-14,16.80870
2009-08-17,16.60000
2009-08-18,16.66080
2009-08-19,16.55810
2009-08-20,16.62770
2009-08-21,16.74850
2009-08-24,16.88670
2009-08-25,16.88700
2009-08-26,17.01510
2009-08-27,17.01400
2009-08-28,17.06060
2009-08-31,17.00230
2009-09-01,16.92460
2009-09-02,16.89760
2009-09-03,16.88310
2009-09-04,16.97920
2009-09-07,17.10400
2009-09-08,17.12690
2009-09-09,17.16260
2009-09-10,17.17900
2009-09-11,17.15570
2009-09-14,17.20020
2009-09-15,17.31590
2009-09-16,17.39980
2009-09-17,17.40700
2009-09-18,17.47470
2009-09-22,17.49770
2009-09-23,17.46330
2009-09-24,17.51470
2009-09-25,17.51490
2009-09-29,17.62930
2009-09-30,17.74110
2009-10-01,17.80410
2009-10-05,17.82120
2009-10-06,17.88650
2009-10-07,17.87280
2009-10-08,17.93850
2009-10-09,17.87600
2009-10-12,17.98850
2009-10-14,18.04460
2009-10-15,18.04360
2009-10-16,18.12690
2009-10-20,18.10690
2009-10-21,18.05270
2009-10-22,17.96200
2009-10-23,17.96860
2009-10-26,17.88150
2009-10-27,17.76830
2009-10-28,17.78030
2009-10-29,17.70040
2009-10-30,17.64800
2009-11-03,17.49300
2009-11-04,17.62750
2009-11-05,17.69780
2009-11-06,17.78200
2009-11-09,17.92790
2009-11-10,17.93180
2009-11-11,18.07070
2009-11-12,18.01210
2009-11-13,18.06160
2009-11-16,18.10530
2009-11-17,18.12190
2009-11-18,18.10650
2009-11-19,18.02020
2009-11-20,18.09630
2009-11-23,18.20510
2009-11-24,18.21510
2009-11-25,18.24440
2009-11-26,18.15820
2009-11-27,18.05640
2009-11-30,18.15790
2009-12-01,18.23860
2009-12-02,18.22950
2009-12-03,18.28860
2009-12-04,18.25890
2009-12-07,18.23760
2009-12-08,18.31940
2009-12-09,18.28370
2009-12-10,18.31300
2009-12-11,18.29170
2009-12-14,18.30170
2009-12-15,18.18380
2009-12-16,18.19430
2009-12-17,18.20620
2009-12-18,18.13950
2009-12-21,18.11570
2009-12-22,18.14260
2009-12-23,18.28620
2009-12-24,18.33350
2009-12-29,18.38910
2009-12-30,18.39480
2009-12-31,18.43870
2010-01-04,18.51200
2010-01-05,18.61870
2010-01-06,18.63460
2010-01-07,18.61180
2010-01-08,18.61850
2010-01-11,18.68460
2010-01-12,18.65720
2010-01-13,18.69880
2010-01-14,18.73810
2010-01-15,18.73010
2010-01-18,18.74970
2010-01-19,18.69230
2010-01-20,18.66400
2010-01-21,18.51420
2010-01-22,18.45640
2010-01-25,18.41260
2010-01-27,18.21370
2010-01-28,18.24580
2010-01-29,18.26730
2010-02-01,18.34790
2010-02-02,18.27100
2010-02-03,18.37960
2010-02-04,18.26870
2010-02-05,18.12630
2010-02-08,18.23160
2010-02-09,18.31460
2010-02-10,18.25790
2010-02-11,18.30090
2010-02-15,18.26080
2010-02-16,18.31080
2010-02-17,18.37130
2010-02-18,18.34130
2010-02-19,18.26750
2010-02-22,18.26530
2010-02-23,18.26370
2010-02-24,16.59280
2010-02-25,16.59230
2010-02-26,16.66740
2010-03-02,16.78020
2010-03-03,16.87850
2010-03-04,16.88930
2010-03-05,16.91750
2010-03-08,16.95630
2010-03-09,16.92840
2010-03-10,16.94690
2010-03-11,16.98830
2010-03-12,16.98600
2010-03-15,16.96120
2010-03-16,17.00750
2010-03-17,17.04400
2010-03-18,17.06250
2010-03-19,17.07470
2010-03-22,17.04060
2010-03-23,17.06550
2010-03-25,17.09660
2010-03-26,17.12060
2010-03-29,17.18390
2010-03-30,17.16790
2010-03-31,17.15170
2010-04-01,17.21130
2010-04-05,17.37980
2010-04-06,17.39170
2010-04-07,17.44420
2010-04-08,17.39860
2010-04-09,17.46630
2010-04-12,17.43900
2010-04-13,17.42410
2010-04-15,17.40090
2010-04-16,17.36500
2010-04-19,17.35530
2010-04-20,17.41990
2010-04-21,17.47830
2010-04-22,17.52370
2010-04-23,17.52820
2010-04-26,17.57510
2010-04-27,17.57290
2010-04-28,17.50290
2010-04-29,17.55090
2010-04-30,17.56450
2010-05-03,17.49880
2010-05-04,17.43100
2010-05-05,17.43270
2010-05-06,17.40580
2010-05-07,17.30250
2010-05-10,17.48210
2010-05-11,17.41520
2010-05-12,17.44750
2010-05-13,17.51260
2010-05-14,17.46180
2010-05-17,17.44100
2010-05-18,17.49490
2010-05-19,17.35140
2010-05-20,17.36550
2010-05-21,17.30450
2010-05-24,17.33110
2010-05-25,17.16650
2010-05-26,17.25020
2010-05-27,17.34560
2010-05-28,17.42800
2010-05-31,17.48040
2010-06-01,17.35670
2010-06-02,17.42530
2010-06-03,17.53280
2010-06-04,17.55260
2010-06-07,17.45270
2010-06-08,17.44450
2010-06-09,17.47710
2010-06-10,17.58190
2010-06-11,17.62130
2010-06-14,17.69230
2010-06-15,17.71860
2010-06-16,17.75190
2010-06-17,17.79540
2010-06-18,17.78280
2010-06-21,17.89810
2010-06-22,17.84900
2010-06-23,17.85140
2010-06-24,17.84860
2010-06-25,17.79000
2010-06-28,17.86810
2010-06-29,17.84050
2010-06-30,17.89680
2010-07-01,17.83770
2010-07-02,17.83000
2010-07-05,17.84380
2010-07-06,17.90810
2010-07-07,17.88190
2010-07-08,17.95490
2010-07-09,17.97810
2010-07-12,18.00020
2010-07-13,18.02990
2010-07-14,18.00380
2010-07-15,18.01910
2010-07-16,18.07230
2010-07-19,18.07380
2010-07-20,18.06550
2010-07-21,18.07580
2010-07-22,18.09770
2010-07-23,18.08740
2010-07-26,18.05280
2010-07-27,18.07060
2010-07-28,18.04070
2010-07-29,18.03350
2010-07-30,18.00790
2010-08-02,18.04700
2010-08-03,18.06010
2010-08-04,18.07820
2010-08-05,18.08870
2010-08-06,18.06190
2010-08-09,18.12170
2010-08-10,18.09180
2010-08-11,18.04300
2010-08-12,18.07410
2010-08-13,18.13900
2010-08-16,18.10190
2010-08-17,18.10240
2010-08-18,18.14880
2010-08-19,18.22560
2010-08-20,18.27350
2010-08-23,18.32320
2010-08-24,18.29290
2010-08-25,18.25370
2010-08-26,18.25640
2010-08-27,18.19860
2010-08-30,18.18230
2010-08-31,18.14110
2010-09-01,18.23770
2010-09-02,18.25570
2010-09-03,18.28470
2010-09-06,18.41230
2010-09-07,18.46890
2010-09-08,18.47840
2010-09-09,18.49900
2010-09-13,18.62440
2010-09-14,18.63880
2010-09-15,18.69160
2010-09-16,18.62520
2010-09-17,18.69450
2010-09-20,18.78280
2010-09-21,18.80950
2010-09-22,18.76660
2010-09-23,18.74990
2010-09-24,18.81240
2010-09-27,18.81400
2010-09-28,18.83720
2010-09-29,18.83170
2010-09-30,18.83970
2010-10-01,18.93770
2010-10-04,18.93550
2010-10-05,18.95440
2010-10-06,19.01110
2010-10-07,18.94410
2010-10-08,18.91550
2010-10-11,18.95850
2010-10-12,18.90480
2010-10-13,19.05410
2010-10-14,18.98000
2010-10-15,18.84410
2010-10-18,18.85560
2010-10-19,18.83600
2010-10-20,18.79930
2010-10-21,18.92190
2010-10-22,18.94920
2010-10-25,18.99120
2010-10-26,18.97690
2010-10-27,18.90540
2010-10-28,18.88820
2010-10-29,18.86820
2010-11-01,18.97990
2010-11-02,18.99920
2010-11-03,19.05720
2010-11-04,19.15720
2010-11-08,19.16060
2010-11-09,19.21440
2010-11-10,19.19560
2010-11-11,19.11690
2010-11-12,18.99440
2010-11-15,19.04300
2010-11-16,18.90640
2010-11-18,18.89660
2010-11-19,18.76580
2010-11-22,18.86880
2010-11-23,18.79290
2010-11-24,18.72970
2010-11-25,18.60790
2010-11-26,18.51590
2010-11-29,18.57530
2010-11-30,18.62990
2010-12-01,18.77080
2010-12-02,18.80100
2010-12-03,18.75200
2010-12-06,18.74360
2010-12-07,18.72420
2010-12-08,18.63890
2010-12-09,18.44260
2010-12-10,18.53510
2010-12-13,18.63150
2010-12-14,18.66920
2010-12-15,18.60530
2010-12-16,18.63800
2010-12-20,18.65190
2010-12-21,18.69890
2010-12-22,18.68520
2010-12-23,18.68050
2010-12-24,18.70850
2010-12-27,18.70170
2010-12-28,18.71450
2010-12-29,18.76300
2010-12-30,18.81820
2010-12-31,18.87780
2011-01-03,18.92530
2011-01-04,18.91930
2011-01-05,18.86690
2011-01-06,18.81060
2011-01-07,18.67890
2011-01-10,18.55280
2011-01-11,18.55970
2011-01-12,18.65000
2011-01-13,18.56900
2011-01-14,18.47750
2011-01-17,18.45840
2011-01-18,18.49590
2011-01-19,18.45710
2011-01-20,18.46380
2011-01-21,18.44500
2011-01-24,18.51270
2011-01-25,18.48420
2011-01-27,18.40280
2011-01-28,18.25480
2011-01-31,18.27850
2011-02-01,18.18420
2011-02-02,18.17070
2011-02-03,18.23890
2011-02-04,18.13880
2011-02-07,18.11430
2011-02-08,18.00000
2011-02-09,17.88070
2011-02-10,17.86140
2011-02-11,17.97360
2011-02-14,18.15240
2011-02-15,18.17170
2011-02-16,18.17270
2011-02-17,18.25920
2011-02-18,18.15530
2011-02-21,18.21650
2011-02-22,18.14650
2011-02-23,18.13350
2011-02-24,17.95540
2011-02-25,17.98130
2011-02-28,18.02650
2011-03-01,18.20910
2011-03-03,18.24330
2011-03-04,18.26130
2011-03-07,18.18070
2011-03-08,18.25680
2011-03-09,18.28330
2011-03-10,18.25740
2011-03-11,18.23210
2011-03-14,18.30850
2011-03-15,18.21730
2011-03-16,18.28450
2011-03-17,18.23830
2011-03-18,18.16730
2011-03-21,18.17740
2011-03-22,18.22190
2011-03-23,18.28140
2011-03-24,18.33440
2011-03-25,18.43930
2011-03-28,18.49700
2011-03-29,18.54740
2011-03-30,18.61970
2011-03-31,18.66260
2011-04-01,18.68960
2011-04-04,18.80530
2011-04-05,18.83440
2011-04-06,18.83860
2011-04-07,18.85280
2011-04-08,18.79010
2011-04-11,18.72510
2011-04-13,18.84210
2011-04-15,18.76350
2011-04-18,18.65530
2011-04-19,18.68520
2011-04-20,18.80570
2011-04-21,18.81990
2011-04-25,18.88190
2011-04-26,17.18460
2011-04-27,17.16540
2011-04-28,17.12920
2011-04-29,17.05880
2011-05-02,16.99790
2011-05-03,16.88220
2011-05-04,16.83020
2011-05-05,16.76070
2011-05-06,16.85620
2011-05-09,16.85470
2011-05-10,16.84550
2011-05-11,16.86480
2011-05-12,16.80780
2011-05-13,16.86140
2011-05-16,16.81420
2011-05-17,16.76140
2011-05-18,16.75180
2011-05-19,16.76440
2011-05-20,16.81330
2011-05-23,16.72750
2011-05-24,16.72710
2011-05-25,16.66260
2011-05-26,16.70540
2011-05-27,16.75960
2011-05-30,16.76770
2011-05-31,16.84170
2011-06-01,16.90320
2011-06-02,16.87550
2011-06-03,16.86540
2011-06-06,16.86870
2011-06-07,16.90020
2011-06-08,16.89040
2011-06-09,16.87950
2011-06-10,16.85430
2011-06-13,16.87220
2011-06-14,16.89000
2011-06-15,16.83320
2011-06-16,16.77510
2011-06-17,16.73830
2011-06-20,16.63630
2011-06-21,16.66040
2011-06-22,16.65260
2011-06-23,16.67350
2011-06-24,16.83900
2011-06-27,16.92060
2011-06-28,16.93610
2011-06-29,16.98510
2011-06-30,17.01010
2011-07-01,17.02930
2011-07-04,17.09210
2011-07-05,17.09140
2011-07-06,17.08550
2011-07-07,17.18570
2011-07-08,17.11190
2011-07-11,17.10280
2011-07-12,17.04260
2011-07-13,17.10330
2011-07-14,17.12830
2011-07-15,17.13450
2011-07-18,17.14320
2011-07-19,17.19660
2011-07-20,17.13970
2011-07-21,17.11650
2011-07-22,17.23040
2011-07-25,17.29640
2011-07-26,17.18920
2011-07-27,17.18770
2011-07-28,17.14110
2011-07-29,17.14460
2011-08-01,17.15550
2011-08-02,17.09550
2011-08-03,17.07510
2011-08-04,17.03820
2011-08-05,16.91240
2011-08-08,16.85850
2011-08-09,16.82960
2011-08-10,16.93000
2011-08-11,16.88670
2011-08-12,16.82340
2011-08-16,16.77970
2011-08-17,16.75270
2011-08-18,16.63130
2011-08-19,16.53360
2011-08-22,16.59480
2011-08-23,16.67080
2011-08-24,16.62990
2011-08-25,16.59620
2011-08-26,16.47930
2011-08-29,16.65030
2011-08-30,16.73760
2011-09-02,16.76160
2011-09-05,16.76490
2011-09-06,16.81900
2011-09-07,16.88760
2011-09-08,16.90010
2011-09-09,16.80980
2011-09-12,16.71300
2011-09-13,16.72810
2011-09-14,16.76600
2011-09-15,16.82560
2011-09-16,16.81540
2011-09-19,16.80160
2011-09-20,16.89870
2011-09-21,16.91580
2011-09-22,16.73220
2011-09-23,16.69860
2011-09-26,16.66570
2011-09-27,16.76790
2011-09-28,16.75080
2011-09-29,16.81440
2011-09-30,16.75310
2011-10-03,16.66250
2011-10-04,16.58550
2011-10-05,16.56490
2011-10-07,16.67270
2011-10-10,16.75330
2011-10-11,16.74430
2011-10-12,16.85780
2011-10-13,16.83830
2011-10-14,16.91980
2011-10-17,16.89970
2011-10-18,16.78780
2011-10-19,16.87330
2011-10-20,16.82720
2011-10-21,16.79760
2011-10-24,16.82960
2011-10-25,16.90090
2011-10-28,17.06510
2011-10-31,17.06880
2011-11-01,17.04910
2011-11-02,17.06480
2011-11-03,17.07950
2011-11-04,17.09200
2011-11-08,17.11880
2011-11-09,17.03310
2011-11-11,17.00370
2011-11-14,16.96090
2011-11-15,16.85310
2011-11-16,16.80630
2011-11-17,16.72020
2011-11-18,16.64290
2011-11-21,16.53650
2011-11-22,16.54470
2011-11-23,16.44320
2011-11-24,16.53330
2011-11-25,16.53740
2011-11-28,16.66570
2011-11-29,16.61610
2011-11-30,16.63940
2011-12-01,16.71510
2011-12-02,16.83940
2011-12-05,16.86180
2011-12-07,16.90380
2011-12-08,16.79870
2011-12-09,16.71860
2011-12-12,16.63570
2011-12-13,16.65870
2011-12-14,16.62350
2011-12-15,16.60500
2011-12-16,16.50790
2011-12-19,16.44200
2011-12-20,16.35930
2011-12-21,16.46040
2011-12-22,16.51350
2011-12-23,16.48460
2011-12-26,16.53040
2011-12-27,16.50860
2011-12-28,16.46700
2011-12-29,16.42160
2011-12-30,16.42150
2012-01-02,16.44510
2012-01-03,16.58110
2012-01-04,16.57140
2012-01-05,16.57300
2012-01-06,16.56450
2012-01-09,16.60140
2012-01-10,16.71550
2012-01-11,16.72140
2012-01-12,16.71580
2012-01-13,16.73370
2012-01-16,16.76800
2012-01-17,16.85510
2012-01-18,16.82100
2012-01-19,16.86610
2012-01-20,16.90450
2012-01-23,16.92990
2012-01-24,17.00780
2012-01-25,17.05560
2012-01-27,17.11760
2012-01-30,17.02660
2012-01-31,17.12790
2012-02-01,17.19870
2012-02-02,17.25260
2012-02-03,17.35580
2012-02-06,17.43030
2012-02-07,17.39600
2012-02-08,17.45010
2012-02-09,17.49430
2012-02-10,17.46980
2012-02-13,17.51030
2012-02-14,17.55530
2012-02-15,17.68160
2012-02-16,17.70940
2012-02-17,17.75540
2012-02-21,17.79910
2012-02-22,17.64350
2012-02-23,17.62340
2012-02-24,17.56890
2012-02-27,17.41240
2012-02-28,17.54030
2012-02-29,17.58120
2012-03-01,17.51360
2012-03-02,17.52230
2012-03-05,17.45570
2012-03-06,17.42250
2012-03-07,17.40560
2012-03-09,17.51100
2012-03-12,17.54190
2012-03-13,17.60170
2012-03-14,17.67050
2012-03-15,17.58460
2012-03-16,17.51360
2012-03-19,17.43680
2012-03-20,17.47510
2012-03-21,17.57990
2012-03-22,17.51970
2012-03-23,17.58700
2012-03-26,17.46940
2012-03-27,17.51070
2012-03-28,17.46300
2012-03-29,17.45350
2012-03-30,17.62230
2012-04-02,17.65880
2012-04-03,17.73420
2012-04-04,17.70770
2012-04-09,17.61870
2012-04-10,17.64170
2012-04-11,17.61510
2012-04-12,17.68700
2012-04-13,17.63350
2012-04-16,17.65230
2012-04-17,17.74880
2012-04-18,17.77300
2012-04-19,17.77870
2012-04-20,17.73940
2012-04-23,17.63290
2012-04-24,17.65910
2012-04-25,17.62450
2012-04-26,17.60910
2012-04-27,17.60010
2012-04-30,17.65720
2012-05-02,17.65240
2012-05-03,17.56110
2012-05-04,17.46830
2012-05-07,17.55960
2012-05-08,17.45870
2012-05-09,17.42710
2012-05-10,17.45150
2012-05-11,17.38840
2012-05-14,17.36940
2012-05-15,17.39730
2012-05-16,17.33700
2012-05-17,17.33780
2012-05-18,17.35340
2012-05-21,17.38470
2012-05-22,17.33190
2012-05-23,17.31930
2012-05-24,17.39600
2012-05-25,17.39650
2012-05-28,17.48400
2012-05-29,17.46530
2012-05-30,17.41630
2012-05-31,17.42200
2012-06-01,17.34020
2012-06-04,17.35560
2012-06-05,17.39660
2012-06-06,17.53440
2012-06-07,17.58440
2012-06-08,17.62000
2012-06-11,17.60340
2012-06-12,17.68240
2012-06-13,17.69370
2012-06-14,17.62480
2012-06-15,17.70930
2012-06-18,17.61350
2012-06-19,17.64650
2012-06-20,17.67770
2012-06-21,16.11910
2012-06-22,16.11640
2012-06-25,16.09440
2012-06-26,16.11480
2012-06-27,16.13700
2012-06-28,16.13250
2012-06-29,16.27090
2012-07-02,16.30600
2012-07-03,16.32280
2012-07-04,16.34130
2012-07-05,16.34080
2012-07-06,16.34030
2012-07-09,16.29730
2012-07-10,16.35430
2012-07-11,16.33110
2012-07-12,16.29040
2012-07-13,16.27930
2012-07-16,16.27680
2012-07-17,16.24510
2012-07-18,16.26590
2012-07-19,16.28940
2012-07-20,16.26990
2012-07-23,16.20250
2012-07-24,16.21050
2012-07-25,16.19110
2012-07-26,16.10140
2012-07-27,16.10880
2012-07-30,16.20450
2012-07-31,16.24160
2012-08-01,16.26270
2012-08-02,16.28100
2012-08-03,16.27870
2012-08-06,16.32650
2012-08-07,16.37570
2012-08-08,16.36550
2012-08-09,16.35380
2012-08-10,16.33610
2012-08-13,16.38460
2012-08-14,16.41230
2012-08-16,16.41800
2012-08-17,16.42030
2012-08-21,16.48120
2012-08-22,16.47000
2012-08-23,16.46640
2012-08-24,16.45500
2012-08-27,16.42370
2012-08-28,16.42090
2012-08-29,16.38460
2012-08-30,16.40460
2012-08-31,16.37850
2012-09-03,16.37890
2012-09-04,16.39680
2012-09-05,16.37080
2012-09-06,16.39540
2012-09-07,16.46980
2012-09-10,16.47550
2012-09-11,16.50760
2012-09-12,16.53950
2012-09-13,16.52940
2012-09-14,16.62320
2012-09-17,16.66750
2012-09-18,16.70000
2012-09-20,16.65620
2012-09-21,16.80090
2012-09-24,16.79070
2012-09-25,16.80510
2012-09-26,16.82650
2012-09-27,16.84500
2012-09-28,16.95100
2012-10-01,16.98810
2012-10-03,17.03150
2012-10-04,17.06070
2012-10-05,17.02080
2012-10-08,17.22390
2012-10-09,17.24820
2012-10-10,17.19980
2012-10-11,17.26080
2012-10-12,17.25460
2012-10-15,17.27300
2012-10-16,17.26200
2012-10-17,17.27450
2012-10-18,17.33940
2012-10-19,17.31090
2012-10-22,17.33030
2012-10-23,17.29900
2012-10-25,17.35760
2012-10-26,17.30330
2012-10-29,17.29920
2012-10-30,17.23850
2012-10-31,17.24770
2012-11-01,17.29770
2012-11-02,17.35140
2012-11-05,17.37260
2012-11-06,17.39740
2012-11-07,17.40340
2012-11-08,17.38940
2012-11-09,17.36500
2012-11-12,17.36900
2012-11-15,17.34440
2012-11-16,17.29280
2012-11-19,17.25960
2012-11-20,17.26390
2012-11-21,17.30060
2012-11-22,17.31890
2012-11-23,17.34440
2012-11-26,17.38530
2012-11-27,17.44680
2012-11-29,17.53280
2012-11-30,17.61170
2012-12-03,17.66120
2012-12-04,17.65900
2012-12-05,17.68720
2012-12-06,17.70250
2012-12-07,17.68930
2012-12-10,17.71200
2012-12-11,17.69700
2012-12-12,17.70510
2012-12-13,17.67370
2012-12-14,17.70150
2012-12-17,17.69270
2012-12-18,17.73080
2012-12-19,17.72520
2012-12-20,17.71800
2012-12-21,17.64810
2012-12-24,17.66800
2012-12-26,17.71520
2012-12-27,17.69690
2012-12-28,17.75390
2012-12-31,17.79650
2013-01-01,17.85150
2013-01-02,17.89880
2013-01-03,17.92940
2013-01-04,17.95470
2013-01-07,17.93900
2013-01-08,17.94350
2013-01-09,17.91830
2013-01-10,17.90250
2013-01-11,17.85990
2013-01-14,17.96220
2013-01-15,17.97920
2013-01-16,17.90690
2013-01-17,17.94630
2013-01-18,17.95260
2013-01-21,17.98000
2013-01-22,17.94940
2013-01-23,17.92640
2013-01-24,17.87150
2013-01-25,17.92730
2013-01-28,17.92000
2013-01-29,17.89560
2013-01-30,17.87920
2013-01-31,17.92230
2013-02-01,17.88570
2013-02-04,17.83880
2013-02-05,17.80910
2013-02-06,17.81090
2013-02-07,17.81160
2013-02-08,17.79160
2013-02-11,17.76030
2013-02-12,17.76950
2013-02-13,17.79070
2013-02-14,17.74220
2013-02-15,17.75250
2013-02-18,17.74180
2013-02-19,17.80960
2013-02-20,17.82600
2013-02-21,17.75330
2013-02-22,17.74540
2013-02-25,17.72560
2013-02-26,17.63690
2013-02-27,17.70050
2013-02-28,17.57860
2013-03-01,17.57110
2013-03-04,17.52900
2013-03-05,17.62160
2013-03-06,17.66010
2013-03-07,17.69360
2013-03-08,17.78880
2013-03-11,17.80620
2013-03-12,17.78710
2013-03-13,17.74050
2013-03-14,17.80590
2013-03-15,17.81130
2013-03-18,17.76910
2013-03-19,17.67440
2013-03-20,17.59950
2013-03-21,17.57210
2013-03-22,17.56120
2013-03-25,17.54480
2013-03-26,17.54970
2013-03-28,17.61680
2013-04-01,17.65100
2013-04-02,17.71030
2013-04-03,17.64900
2013-04-04,17.53580
2013-04-05,17.51480
2013-04-08,17.51300
2013-04-09,17.46180
2013-04-10,17.52890
2013-04-11,17.54190
2013-04-12,17.50280
2013-04-15,17.55600
2013-04-16,17.67190
2013-04-17,17.67680
2013-04-18,17.77060
2013-04-22,17.82260
2013-04-23,17.82100
2013-04-25,17.90880
2013-04-26,17.86500
2013-04-29,17.90440
2013-04-30,17.94830
2013-05-02,18.03890
2013-05-03,17.98570
2013-05-06,18.04250
2013-05-07,18.11070
2013-05-08,18.14800
2013-05-09,18.16640
2013-05-10,18.19410
2013-05-13,18.10560
2013-05-14,18.15650
2013-05-15,18.30690
2013-05-16,18.31470
2013-05-17,18.33120
2013-05-20,18.33110
2013-05-21,18.31090
2013-05-22,18.28210
2013-05-23,18.13240
2013-05-24,18.14760
2013-05-27,18.21100
2013-05-28,18.24900
2013-05-29,18.19530
2013-05-30,18.21050
2013-05-31,16.42860
2013-06-03,16.46010
2013-06-04,16.47740
2013-06-05,16.47580
2013-06-06,16.49730
2013-06-07,16.45500
2013-06-10,16.41720
2013-06-11,16.32680
2013-06-12,16.28900
2013-06-13,16.24380
2013-06-14,16.33160
2013-06-17,16.39670
2013-06-18,16.36740
2013-06-19,16.37990
2013-06-20,16.20390
2013-06-21,16.17610
2013-06-24,16.06080
2013-06-25,16.06080
2013-06-26,16.02670
2013-06-27,16.09660
2013-06-28,16.26880
2013-07-01,16.33440
2013-07-02,16.29720
2013-07-03,16.18530
2013-07-04,16.26430
2013-07-05,16.29570
2013-07-08,16.23290
2013-07-09,16.26750
2013-07-10,16.24090
2013-07-11,16.33870
2013-07-12,16.38050
2013-07-15,16.42650
2013-07-16,16.15280
2013-07-17,16.13800
2013-07-18,16.22860
2013-07-19,16.25530
2013-07-22,16.19650
2013-07-23,16.17710
2013-07-24,16.03310
2013-07-25,16.02160
2013-07-26,16.03900
2013-07-29,16.00880
2013-07-30,15.92340
2013-07-31,15.90480
2013-08-01,15.86810
2013-08-02,15.82430
2013-08-05,15.83340
2013-08-06,15.67660
2013-08-07,15.68650
2013-08-08,15.74500
2013-08-12,15.73180
2013-08-13,15.77010
2013-08-14,15.75120
2013-08-16,15.50250
2013-08-19,15.31160
2013-08-20,15.32370
2013-08-21,15.40710
2013-08-22,15.49710
2013-08-23,15.56110
2013-08-26,15.54610
2013-08-27,15.32530
2013-08-28,15.21170
2013-08-29,15.33840
2013-08-30,15.42640
2013-09-02,15.52680
2013-09-03,15.37610
2013-09-04,15.49480
2013-09-05,15.61390
2013-09-06,15.65610
2013-09-10,15.83530
2013-09-11,15.89690
2013-09-12,15.86200
2013-09-13,15.86960
2013-09-16,15.84670
2013-09-17,15.87220
2013-09-18,15.92900
2013-09-19,16.17260
2013-09-20,16.08960
2013-09-23,15.92710
2013-09-24,15.91150
2013-09-25,15.92930
2013-09-26,15.96880
2013-09-27,15.95360
2013-09-30,15.93600
2013-10-01,15.96060
2013-10-03,16.09840
2013-10-04,16.11680
2013-10-07,16.13310
2013-10-08,16.20020
2013-10-09,16.24890
2013-10-10,16.27090
2013-10-11,16.31290
2013-10-14,16.31720
2013-10-15,16.26940
2013-10-17,16.25860
2013-10-18,16.36340
2013-10-21,16.40470
2013-10-22,16.42980
2013-10-23,16.40780
2013-10-24,16.40390
2013-10-25,16.39250
2013-10-28,16.34720
2013-10-29,16.45740
2013-10-30,16.46970
2013-10-31,16.52630
2013-11-01,16.56240
2013-11-05,16.54490
2013-11-06,16.49070
2013-11-07,16.45820
2013-11-08,16.39160
2013-11-11,16.31910
2013-11-12,16.25650
2013-11-13,16.22600
2013-11-14,16.25380
2013-11-18,16.36820
2013-11-19,16.40780
2013-11-20,16.37420
2013-11-21,16.26510
2013-11-22,16.25810
2013-11-25,16.37270
2013-11-26,16.33940
2013-11-27,16.35350
2013-11-28,16.39040
2013-11-29,16.44550
2013-12-02,16.50840
2013-12-03,16.49100
2013-12-04,16.45160
2013-12-05,16.50610
2013-12-06,16.52250
2013-12-09,16.57560
2013-12-10,16.55930
2013-12-11,16.54920
2013-12-12,16.51260
2013-12-13,16.42060
2013-12-16,16.43340
2013-12-17,16.42930
2013-12-18,16.54470
2013-12-19,16.53580
2013-12-20,16.64070
2013-12-23,16.67540
2013-12-24,16.67090
2013-12-26,16.71010
2013-12-27,16.72390
2013-12-30,16.72040
2013-12-31,16.76580
2014-01-01,16.76400
2014-01-02,16.66780
2014-01-03,16.66640
2014-01-06,16.67270
2014-01-07,16.64470
2014-01-08,16.64640
2014-01-09,16.64390
2014-01-10,16.63990
2014-01-13,16.72170
2014-01-14,16.70250
2014-01-15,16.76930
2014-01-16,16.76650
2014-01-17,16.70090
2014-01-20,16.76890
2014-01-21,16.76300
2014-01-22,16.75870
2014-01-23,16.74270
2014-01-24,16.65830
2014-01-27,16.55630
2014-01-28,16.52150
2014-01-29,16.51720
2014-01-30,16.45370
2014-01-31,16.51140
2014-02-03,16.45670
2014-02-04,16.45880
2014-02-05,16.48870
2014-02-06,16.49660
2014-02-07,16.52250
2014-02-10,16.52620
2014-02-11,16.53170
2014-02-12,16.52130
2014-02-13,16.45890
2014-02-14,16.48670
2014-02-17,16.51190
2014-02-18,16.55740
2014-02-19,16.59110
2014-02-20,16.53940
2014-02-21,16.61670
2014-02-24,16.66610
2014-02-25,16.67630
2014-02-26,16.71140
2014-02-28,16.76340
2014-03-03,16.69510
2014-03-04,16.77560
2014-03-05,16.80640
2014-03-06,16.89150
2014-03-07,16.98290
2014-03-10,17.02770
2014-03-11,17.03210
2014-03-12,17.02350
2014-03-13,16.99860
2014-03-14,16.99720
2014-03-18,17.02830
2014-03-19,17.02800
2014-03-20,17.02850
2014-03-21,17.05910
2014-03-24,17.14970
2014-03-25,17.16640
2014-03-26,17.19270
2014-03-27,17.24100
2014-03-28,17.36090
2014-03-31,17.40810
2014-04-01,17.41110
2014-04-02,17.41850
2014-04-03,17.37850
2014-04-04,17.31340
2014-04-07,17.32600
2014-04-09,17.39990
2014-04-10,17.41560
2014-04-11,17.43550
2014-04-15,17.41200
2014-04-16,17.34970
2014-04-17,17.45550
2014-04-21,17.51920
2014-04-22,17.53760
2014-04-23,17.55990
2014-04-25,17.52760
2014-04-28,17.49810
2014-04-29,17.49060
2014-04-30,17.45800
2014-05-02,17.46240
2014-05-05,17.47970
2014-05-06,17.46570
2014-05-07,17.42200
2014-05-08,17.43010
2014-05-09,17.61530
2014-05-12,17.73510
2014-05-13,17.83160
2014-05-14,17.83890
2014-05-15,17.84320
2014-05-16,17.94210
2014-05-19,18.11400
2014-05-20,18.16910
2014-05-21,18.18110
2014-05-22,18.25770
2014-05-23,18.43730
2014-05-26,18.39910
2014-05-27,18.31820
2014-05-28,18.33830
2014-05-29,18.30410
2014-05-30,18.33590
2014-06-02,18.45580
2014-06-03,18.53160
2014-06-04,18.53970
2014-06-05,18.63660
2014-06-06,18.75090
2014-06-09,18.82250
2014-06-10,18.81280
2014-06-11,18.79490
2014-06-12,18.82530
2014-06-13,18.72000
2014-06-16,18.71070
2014-06-17,18.83430
2014-06-18,18.78370
2014-06-19,18.75510
2014-06-20,18.70510
2014-06-23,18.72450
2014-06-24,18.82050
2014-06-25,18.81980
2014-06-26,18.78620
2014-06-27,18.80750
2014-06-30,18.94070
2014-07-01,18.93480
2014-07-02,19.03500
2014-07-03,19.04490
2014-07-04,19.10710
2014-07-07,19.16280
2014-07-08,18.95750
2014-07-09,18.89180
2014-07-10,18.87630
2014-07-11,18.72840
2014-07-14,18.70920
2014-07-15,18.78480
2014-07-16,18.87390
2014-07-17,18.93610
2014-07-18,18.96030
2014-07-21,18.98590
2014-07-22,19.04280
2014-07-23,19.05320
2014-07-24,19.08160
2014-07-25,19.04230
2014-07-28,19.00440
2014-07-30,19.01970
2014-07-31,18.96000
2014-08-01,18.86520
2014-08-04,18.93910
2014-08-05,18.99240
2014-08-06,18.94170
2014-08-07,18.93630
2014-08-08,18.84470
2014-08-11,18.89880
2014-08-12,18.96280
2014-08-13,18.95740
2014-08-14,19.01570
2014-08-18,19.09610
2014-08-19,19.14190
2014-08-20,19.14980
2014-08-21,19.17650
2014-08-22,19.21230
2014-08-25,19.20330
2014-08-26,19.17900
2014-08-27,19.22670
2014-08-28,19.23390
2014-09-01,19.33020
2014-09-02,17.62460
2014-09-03,17.67180
2014-09-04,17.66420
2014-09-05,17.68660
2014-09-08,17.78160
2014-09-09,17.76630
2014-09-10,17.72310
2014-09-11,17.76630
2014-09-12,17.79070
2014-09-15,17.79210
2014-09-16,17.66450
2014-09-17,17.68920
2014-09-18,17.80380
2014-09-19,17.82440
2014-09-22,17.84810
2014-09-23,17.76190
2014-09-24,17.72480
2014-09-25,17.62620
2014-09-26,17.68390
2014-09-29,17.72320
2014-09-30,17.69930
2014-10-01,17.70170
2014-10-07,17.62980
2014-10-08,17.63730
2014-10-09,17.72530
2014-10-10,17.65520
2014-10-13,17.67060
2014-10-14,17.67190
2014-10-16,17.57540
2014-10-17,17.55750
2014-10-20,17.64580
2014-10-21,17.68010
2014-10-22,17.73030
2014-10-27,17.78400
2014-10-28,17.80710
2014-10-29,17.85430
2014-10-30,17.90410
2014-10-31,18.03320
2014-11-03,18.07350
2014-11-05,18.12420
2014-11-07,18.14130
2014-11-10,18.15290
2014-11-11,18.19290
2014-11-12,18.20700
2014-11-13,18.17200
2014-11-14,18.22820
2014-11-17,18.28580
2014-11-18,18.31070
2014-11-19,18.28080
2014-11-20,18.29640
2014-11-21,18.33700
2014-11-24,18.36170
2014-11-25,18.30170
2014-11-26,18.33960
2014-11-27,18.37400
2014-11-28,18.50820
2014-12-01,18.49930
2014-12-02,18.53480
2014-12-03,18.60530
2014-12-04,18.63860
2014-12-05,18.64370
2014-12-08,18.58830
2014-12-09,18.51530
2014-12-10,18.52700
2014-12-11,18.50110
2014-12-12,18.44810
2014-12-15,18.42570
2014-12-16,18.24140
2014-12-17,18.21330
2014-12-18,18.34400
2014-12-19,18.37970
2014-12-22,18.45220
2014-12-23,18.42870
2014-12-24,18.37800
2014-12-26,18.40060
2014-12-29,18.47310
2014-12-30,18.50270
2014-12-31,18.55390
2015-01-01,18.56090
2015-01-02,18.65330
2015-01-05,18.65370
2015-01-06,18.42770
2015-01-07,18.44030
2015-01-08,18.53110
2015-01-09,18.57590
2015-01-12,18.62240
2015-01-13,18.64040
2015-01-14,18.64060
2015-01-15,18.82000
2015-01-16,18.86730
2015-01-19,18.91550
2015-01-20,18.97290
2015-01-21,19.01920
2015-01-22,19.07850
2015-01-23,19.12790
2015-01-27,19.21930
2015-01-28,19.25780
2015-01-29,19.25950
2015-01-30,19.19450
2015-02-02,19.22020
2015-02-03,19.16490
2015-02-04,19.12350
2015-02-05,19.13110
2015-02-06,19.08230
2015-02-09,19.00070
2015-02-10,19.02980
2015-02-11,19.09980
2015-02-12,19.18210
2015-02-13,19.26240
2015-02-16,19.25210
2015-02-18,19.30140
2015-02-19,19.32190
2015-02-20,19.30610
2015-02-23,19.22560
2015-02-24,19.22290
2015-02-25,19.24150
2015-02-26,19.16930
2015-02-27,19.26640
2015-03-02,19.38770
2015-03-03,19.43950
2015-03-04,19.44430
2015-03-05,19.47900
2015-03-09,19.35470
2015-03-10,19.31900
2015-03-11,19.27940
2015-03-12,19.37880
2015-03-13,19.27630
2015-03-16,19.28860
2015-03-17,19.38990
2015-03-18,19.37130
2015-03-19,19.38030
2015-03-20,19.35010
2015-03-23,19.33270
2015-03-24,19.31590
2015-03-25,19.30670
2015-03-26,19.17570
2015-03-27,19.18360
2015-03-30,19.31460
2015-03-31,19.32640
2015-04-01,19.42080
2015-04-06,19.52150
2015-04-07,19.49760
2015-04-08,19.53220
2015-04-09,19.57340
2015-04-10,19.56720
2015-04-13,19.61730
2015-04-15,19.57130
2015-04-16,19.52740
2015-04-17,19.36440
2015-04-20,19.21970
2015-04-21,19.13550
2015-04-22,19.17870
2015-04-23,19.17240
2015-04-24,19.05550
2015-04-27,18.96660
2015-04-28,19.01540
2015-04-29,19.01370
2015-04-30,18.97880
2015-05-04,19.10050
2015-05-05,19.09340
2015-05-06,18.90810
2015-05-07,18.81480
2015-05-08,18.90420
2015-05-11,19.03410
2015-05-12,18.92000
2015-05-13,19.00450
2015-05-14,19.01150
2015-05-15,19.07860
2015-05-18,19.17710
2015-05-19,19.19650
2015-05-20,19.22760
2015-05-21,19.23110
2015-05-22,19.28500
2015-05-25,19.23880
2015-05-26,19.22530
2015-05-27,19.24730
2015-05-28,19.23070
2015-05-29,19.35580
2015-06-01,19.33970
2015-06-02,19.13880
2015-06-03,19.04870
2015-06-04,19.04420
2015-06-05,19.05220
2015-06-08,18.97320
2015-06-09,18.95510
2015-06-10,19.02550
2015-06-11,18.87800
2015-06-12,18.87730
2015-06-15,18.90420
2015-06-16,18.90240
2015-06-17,18.98290
2015-06-18,19.10750
2015-06-19,19.17780
2015-06-22,19.26920
2015-06-23,19.25920
2015-06-24,19.25170
2015-06-25,19.25850
2015-06-26,19.26580
2015-06-29,19.17910
2015-06-30,19.24470
2015-07-01,19.32770
2015-07-02,19.33410
2015-07-03,19.36010
2015-07-06,19.40210
2015-07-07,19.40640
2015-07-08,19.31330
2015-07-09,19.28190
2015-07-10,19.29460
2015-07-13,19.36820
2015-07-14,19.39160
2015-07-15,19.45640
2015-07-16,19.53160
2015-07-17,19.55020
2015-07-20,19.56150
2015-07-21,19.46100
2015-07-22,19.51490
2015-07-23,19.49630
2015-07-24,19.46460
2015-07-27,19.35370
2015-07-28,19.36070
2015-07-29,19.43070
2015-07-30,19.46080
2015-07-31,19.53660
2015-08-03,19.56200
2015-08-04,19.54510
2015-08-05,19.63880
2015-08-06,19.66540
2015-08-07,19.64480
2015-08-10,19.64400
2015-08-11,19.65390
2015-08-12,19.61290
2015-08-13,19.63320
2015-08-14,19.76440
2015-08-17,19.75990
2015-08-18,19.78460
2015-08-19,19.85090
2015-08-20,19.74230
2015-08-21,19.69760
2015-08-24,19.22450
2015-08-25,19.31580
2015-08-26,19.24880
2015-08-27,19.44710
2015-08-28,19.45690
2015-08-31,19.42890
2015-09-01,19.29210
2015-09-02,19.28320
2015-09-03,19.36250
2015-09-04,19.20980
2015-09-07,19.07720
2015-09-08,19.14010
2015-09-09,19.26780
2015-09-10,19.23440
2015-09-11,19.26120
2015-09-14,19.34840
2015-09-15,19.32570
2015-09-16,19.37020
2015-09-18,19.49550
2015-09-21,19.49940
2015-09-22,19.36760
2015-09-23,19.40540
2015-09-24,19.44980
2015-09-28,19.39820
2015-09-29,19.48140
2015-09-30,19.59910
2015-10-01,19.61740
2015-10-05,19.79480
2015-10-06,19.79650
2015-10-07,19.79010
2015-10-08,19.72020
2015-10-09,19.75380
2015-10-12,19.70610
2015-10-13,19.70660
2015-10-14,19.70540
2015-10-15,19.74310
2015-10-16,19.80190
2015-10-19,19.86350
2015-10-20,19.88440
2015-10-21,19.87880
2015-10-23,19.91170
2015-10-26,19.87070
2015-10-27,19.86500
2015-10-28,19.80010
2015-10-29,19.75340
2015-10-30,19.72750
2015-11-02,19.70850
2015-11-03,19.73230
2015-11-04,19.70550
2015-11-05,19.59180
2015-11-06,19.59090
2015-11-09,19.57640
2015-11-10,19.47300
2015-11-13,19.48150
2015-11-16,19.49250
2015-11-17,19.51390
2015-11-18,19.47200
2015-11-19,19.56000
2015-11-20,19.57520
2015-11-23,19.56700
2015-11-24,19.55540
2015-11-26,19.58200
2015-11-27,19.60630
2015-11-30,19.60060
2015-12-01,19.64350
2015-12-02,19.62910
2015-12-03,19.60130
2015-12-04,19.54020
2015-12-07,19.53310
2015-12-08,19.46340
2015-12-09,19.39410
2015-12-10,19.44440
2015-12-11,19.37380
2015-12-14,19.40860
2015-12-15,19.46480
2015-12-16,19.52170
2015-12-17,19.63000
2015-12-18,19.57430
2015-12-21,19.60350
2015-12-22,19.55830
2015-12-23,19.63310
2015-12-24,19.64710
2015-12-28,19.68010
2015-12-29,19.69700
2015-12-30,19.67460
2015-12-31,19.70470
2016-01-01,19.73020
2016-01-04,19.58650
2016-01-05,19.59360
2016-01-06,19.55950
2016-01-07,19.42020
2016-01-08,19.48490
2016-01-11,19.43260
2016-01-12,19.36190
2016-01-13,19.38680
2016-01-14,19.34760
2016-01-15,19.22500
2016-01-18,19.13840
2016-01-19,19.22150
2016-01-20,19.13670
2016-01-21,19.14180
2016-01-22,19.27370
2016-01-25,19.31520
2016-01-27,19.34030
2016-01-28,19.31880
2016-01-29,19.48460
2016-02-01,19.49680
2016-02-02,19.39920
2016-02-03,19.32220
2016-02-04,19.35090
2016-02-05,19.44190
2016-02-08,19.38250
2016-02-09,19.27350
2016-02-10,19.19990
2016-02-11,18.98780
2016-02-12,18.96280
2016-02-15,19.10160
2016-02-16,18.98090
2016-02-17,18.98280
2016-02-18,19.06370
2016-02-19,19.06450
2016-02-22,19.07930
2016-02-23,18.93840
2016-02-24,18.84270
2016-02-25,18.76820
2016-02-26,18.81320
2016-02-29,18.84740
2016-03-01,19.09250
2016-03-02,19.22750
2016-03-03,19.31660
2016-03-04,19.33350
2016-03-08,19.37490
2016-03-09,19.39380
2016-03-10,19.35040
2016-03-11,19.39100
2016-03-14,19.43740
2016-03-15,19.36070
2016-03-16,19.38160
2016-03-17,19.41600
2016-03-18,19.51150
2016-03-21,19.62370
2016-03-22,19.64320
2016-03-23,19.63260
2016-03-28,19.53580
2016-03-29,19.53620
2016-03-30,19.68180
2016-03-31,19.75620
2016-04-01,19.74900
2016-04-04,19.81330
2016-04-05,19.72120
2016-04-06,19.74280
2016-04-07,19.70370
2016-04-08,19.72610
2016-04-11,19.82390
2016-04-12,19.86140
2016-04-13,19.95760
2016-04-18,20.05960
2016-04-20,20.08500
2016-04-21,20.05790
2016-04-22,20.02900
2016-04-25,19.98890
2016-04-26,20.09570
2016-04-27,20.11110
2016-04-28,20.03090
2016-04-29,20.05230
2016-05-02,20.05960
2016-05-03,19.98350
2016-05-04,19.96210
2016-05-05,19.97580
2016-05-06,19.99020
2016-05-09,20.10200
2016-05-10,20.14140
2016-05-11,20.14190
2016-05-12,20.20140
2016-05-13,20.16670
2016-05-16,20.22130
2016-05-17,20.25070
2016-05-18,20.23300
2016-05-19,20.18920
2016-05-20,20.13480
2016-05-23,20.12650
2016-05-24,20.10520
2016-05-25,20.25040
2016-05-26,20.33950
2016-05-27,20.39890
2016-05-30,20.44520
2016-05-31,20.40930
2016-06-01,20.43750
2016-06-02,20.47380
2016-06-03,20.46650
2016-06-06,20.47440
2016-06-07,20.51870
2016-06-08,20.51520
2016-06-09,20.46550
2016-06-10,20.45150
2016-06-13,20.42630
2016-06-14,20.42770
2016-06-15,20.48120
2016-06-16,20.44460
2016-06-17,20.47830
2016-06-20,20.51160
2016-06-21,20.50680
2016-06-22,20.51170
2016-06-23,20.57620
2016-06-24,20.45140
2016-06-27,20.46380
2016-06-28,20.51460
2016-06-29,20.60480
2016-06-30,20.69190
2016-07-01,20.74520
2016-07-04,20.75310
2016-07-05,20.75180
2016-07-07,20.76620
2016-07-08,20.78470
2016-07-11,20.89200
2016-07-12,20.96070
2016-07-13,20.94810
2016-07-14,21.01450
2016-07-15,20.99010
2016-07-18,20.97850
2016-07-19,20.98460
2016-07-20,21.06480
2016-07-21,21.04890
2016-07-22,21.07700
2016-07-25,21.17230
2016-07-26,21.15160
2016-07-27,21.18530
2016-07-28,21.28420
2016-07-29,21.30960
2016-08-01,21.36430
2016-08-02,21.37690
2016-08-03,21.28320
2016-08-04,21.28040
2016-08-05,21.39290
2016-08-08,21.44950
2016-08-09,21.44030
2016-08-10,21.35270
2016-08-11,21.38640
2016-08-12,21.43900
2016-08-16,21.44880
2016-08-17,21.46020
2016-08-18,21.48070
2016-08-19,21.46980
2016-08-22,21.42840
2016-08-23,21.43730
2016-08-24,21.48860
2016-08-25,21.47270
2016-08-26,21.48020
2016-08-29,21.46940
2016-08-30,21.57400
2016-08-31,21.61010
2016-09-01,21.61180
2016-09-02,21.65680
2016-09-06,21.80270
2016-09-07,21.76400
2016-09-08,21.76210
2016-09-09,21.67680
2016-09-12,21.52400
2016-09-14,21.54200
2016-09-15,21.54440
2016-09-16,21.56430
2016-09-19,21.59090
2016-09-20,21.56560
2016-09-21,21.56680
2016-09-22,21.67050
2016-09-23,21.64060
2016-09-26,21.61050
2016-09-27,21.62840
2016-09-28,21.66450
2016-09-29,21.50800
2016-09-30,21.56170
2016-10-03,21.74380
2016-10-04,21.79510
2016-10-05,21.82090
2016-10-06,21.80370
2016-10-07,21.76910
2016-10-10,21.79970
2016-10-13,21.69730
2016-10-14,21.67820
2016-10-17,21.60550
2016-10-18,21.75500
2016-10-19,21.72970
2016-10-20,21.74300
2016-10-21,21.77410
2016-10-24,21.77780
2016-10-25,21.78550
2016-10-26,21.71680
2016-10-27,21.63150
2016-10-28,21.67690
2016-11-01,21.69540
2016-11-02,21.57840
2016-11-03,21.53700
2016-11-04,21.44390
2016-11-07,21.49300
2016-11-08,21.51650
2016-11-09,21.45330
2016-11-10,21.51020
2016-11-11,21.22940
2016-11-15,20.98470
2016-11-16,21.12010
2016-11-17,21.09300
2016-11-18,21.09850
2016-11-21,21.02430
2016-11-22,21.13030
2016-11-23,21.19960
2016-11-24,21.18760
2016-11-25,21.36270
2016-11-28,21.32650
2016-11-29,21.31750
2016-11-30,21.43280
2016-12-01,21.39520
2016-12-02,21.27750
2016-12-05,21.32940
2016-12-06,21.33830
2016-12-07,21.17700
2016-12-08,21.29910
2016-12-09,21.28370
2016-12-12,21.17320
2016-12-13,21.19870
2016-12-14,21.17870
2016-12-15,21.12760
2016-12-16,21.12040
2016-12-19,21.06500
2016-12-20,21.00340
2016-12-21,20.99890
2016-12-22,20.87270
2016-12-23,20.84020
2016-12-26,20.72710
2016-12-27,20.82100
2016-12-28,20.86120
2016-12-29,20.97690
2016-12-30,21.07620
2017-01-02,21.12130
2017-01-03,21.14910
2017-01-04,21.15370
2017-01-05,21.24580
2017-01-06,21.25390
2017-01-09,21.24120
2017-01-10,21.28340
2017-01-11,21.40310
2017-01-12,21.39930
2017-01-13,21.39130
2017-01-16,21.39530
2017-01-17,21.40170
2017-01-18,21.47590
2017-01-19,21.47270
2017-01-20,21.41540
2017-01-23,21.44610
2017-01-24,21.51790
2017-01-25,21.64420
2017-01-27,21.68280
2017-01-30,21.69860
2017-01-31,21.62470
2017-02-01,21.76350
2017-02-02,21.78900
2017-02-03,21.82660
2017-02-06,21.90120
2017-02-07,21.89800
2017-02-08,21.79400
2017-02-09,21.75100
2017-02-10,21.81450
2017-02-13,21.85350
2017-02-14,21.81150
2017-02-15,21.73040
2017-02-16,21.84640
2017-02-17,21.89530
2017-02-20,21.94140
2017-02-21,21.96530
2017-02-22,21.89400
2017-02-23,21.91300
2017-02-27,21.91940
2017-02-28,21.94420
2017-03-01,21.96480
2017-03-02,21.87860
2017-03-03,21.88410
2017-03-06,21.91210
2017-03-07,21.88890
2017-03-08,21.92050
2017-03-09,21.92990
2017-03-10,21.93220
2017-03-14,22.08550
2017-03-15,22.11880
2017-03-16,22.23240
2017-03-17,22.26310
2017-03-20,22.27040
2017-03-21,22.25630
2017-03-22,22.22500
2017-03-23,22.29760
2017-03-24,22.30370
2017-03-27,22.31040
2017-03-28,22.36080
2017-03-29,22.38940
2017-03-30,22.45940
2017-03-31,22.46150
2017-04-03,22.46730
2017-04-05,22.49540
2017-04-06,22.46350
2017-04-07,22.40890
2017-04-10,22.46020
2017-04-11,22.54120
2017-04-12,22.54880
2017-04-13,22.52000
2017-04-17,22.47550
2017-04-18,22.44360
2017-04-19,22.46610
2017-04-20,22.49990
2017-04-21,22.46950
2017-04-24,22.55530
2017-04-25,22.64150
2017-04-26,22.63610
2017-04-27,22.64020
2017-04-28,22.62000
2017-05-02,22.64170
2017-05-03,22.62710
2017-05-04,22.63300
2017-05-05,22.57700
2017-05-08,22.62340
2017-05-09,22.63270
2017-05-10,22.72620
2017-05-11,22.77030
2017-05-12,22.70730
2017-05-15,22.78870
2017-05-16,22.81980
2017-05-17,22.75070
2017-05-18,22.66030
2017-05-19,22.62630
2017-05-22,22.59340
2017-05-23,22.51230
2017-05-24,22.47950
2017-05-25,22.61200
2017-05-26,22.73010
2017-05-29,22.68340
2017-05-30,22.70950
2017-05-31,22.74920
2017-06-01,22.76680
2017-06-02,22.87100
2017-06-05,22.93300
2017-06-06,22.93860
2017-06-07,22.99730
2017-06-08,23.06840
2017-06-09,23.11090
2017-06-12,23.10910
2017-06-13,23.12930
2017-06-14,23.10550
2017-06-15,23.11490
2017-06-16,23.08950
2017-06-19,23.10520
2017-06-20,23.10590
2017-06-21,23.07720
2017-06-22,23.08120
2017-06-23,23.02550
2017-06-27,22.94980
2017-06-28,22.95250
2017-06-29,22.94310
2017-06-30,23.02020
2017-07-03,23.09950
2017-07-04,23.10200
2017-07-05,23.16160
2017-07-06,23.18570
2017-07-07,23.19280
2017-07-10,23.29910
2017-07-11,23.30490
2017-07-12,23.34260
2017-07-13,23.43870
2017-07-14,23.42440
2017-07-17,23.42090
2017-07-18,23.36890
2017-07-19,23.46110
2017-07-20,23.42270
2017-07-21,23.45600
2017-07-24,23.47060
2017-07-25,23.49700
2017-07-26,23.58130
2017-07-27,23.60810
2017-07-28,23.66330
2017-07-31,23.69550
2017-08-01,23.71170
2017-08-02,23.68470
2017-08-03,23.62380
2017-08-04,23.67170
2017-08-07,23.73590
2017-08-08,23.66600
2017-08-09,23.54680
2017-08-10,23.36170
2017-08-11,23.36670
2017-08-14,23.48370
2017-08-16,23.56630
2017-08-17,23.55030
2017-08-18,23.48430
2017-08-21,23.40770
2017-08-22,23.38570
2017-08-23,23.47430
2017-08-24,23.51500
2017-08-28,23.62370
2017-08-29,23.51450
2017-08-30,23.59130
2017-08-31,23.64770
2017-09-01,23.73120
2017-09-04,23.68580
2017-09-05,23.73560
2017-09-06,23.75610
2017-09-07,23.85910
2017-09-08,23.82800
2017-09-11,23.93160
2017-09-12,23.97950
2017-09-13,23.93990
2017-09-14,23.98300
2017-09-15,24.00030
2017-09-18,24.05460
2017-09-19,24.07710
2017-09-20,24.05630
2017-09-21,24.06930
2017-09-22,23.89910
2017-09-25,23.77700
2017-09-26,23.81680
2017-09-27,23.66930
2017-09-28,23.72970
2017-09-29,23.80400
2017-10-03,23.87500
2017-10-04,23.91250
2017-10-05,23.92000
2017-10-06,23.99970
2017-10-09,24.01090
2017-10-10,24.06080
2017-10-11,23.99670
2017-10-12,24.09340
2017-10-13,24.14530
2017-10-16,24.15890
2017-10-17,24.18330
2017-10-18,24.14540
2017-10-23,24.08650
2017-10-24,24.05120
2017-10-25,23.94580
2017-10-26,23.96180
2017-10-27,23.99500
2017-10-30,24.06040
2017-10-31,24.08480
2017-11-01,24.14730
2017-11-02,24.22910
2017-11-03,24.24410
2017-11-06,24.25070
2017-11-07,24.17130
2017-11-08,24.12650
2017-11-09,24.17400
2017-11-10,24.15430
2017-11-13,24.13230
2017-11-14,24.09440
2017-11-15,24.04520
2017-11-16,24.13070
2017-11-17,24.21460
2017-11-20,24.30340
2017-11-21,24.30010
2017-11-22,24.23510
2017-11-23,24.23950
2017-11-24,24.32820
2017-11-27,24.36730
2017-11-28,24.38140
2017-11-29,24.38030
2017-11-30,24.35980
2017-12-01,24.30520
2017-12-04,24.26810
2017-12-05,24.26900
2017-12-06,24.21870
2017-12-07,24.28180
2017-12-08,24.36960
2017-12-11,24.38110
2017-12-12,24.34100
2017-12-13,24.27860
2017-12-14,24.29500
2017-12-15,24.41130
2017-12-18,24.48870
2017-12-19,24.55550
2017-12-20,24.53720
2017-12-21,24.52940
2017-12-22,24.59700
2017-12-26,24.61620
2017-12-27,24.61920
2017-12-28,24.56650
2017-12-29,24.67400
2018-01-01,24.60640
2018-01-02,24.56020
2018-01-03,24.56630
2018-01-04,24.61360
2018-01-05,24.80260
2018-01-08,24.87410
2018-01-09,24.85390
2018-01-10,24.81460
2018-01-11,24.83400
2018-01-12,24.81360
2018-01-15,24.82080
2018-01-16,24.73140
2018-01-17,24.81310
2018-01-18,24.81810
2018-01-19,24.92390
2018-01-22,24.96860
2018-01-23,25.01110
2018-01-24,25.01020
2018-01-25,24.94480
2018-01-29,24.91890
2018-01-30,24.80300
2018-01-31,24.77100
2018-02-01,24.72270
2018-02-02,24.51500
2018-02-05,24.36550
2018-02-06,24.25990
2018-02-07,24.26750
2018-02-08,24.42330
2018-02-09,24.37220
2018-02-12,24.47460
2018-02-14,24.45810
2018-02-15,24.41370
2018-02-16,24.35480
2018-02-19,24.28960
2018-02-20,24.24420
2018-02-21,24.22690
2018-02-22,24.19440
2018-02-23,24.36200
2018-02-26,24.43210
2018-02-27,24.45440
2018-02-28,24.42910
2018-03-01,24.40580
2018-03-05,24.35480
2018-03-06,24.27910
2018-03-07,24.24770
2018-03-08,24.28680
2018-03-09,24.32130
2018-03-12,24.44000
2018-03-13,24.46710
2018-03-14,24.48370
2018-03-15,24.49930
2018-03-16,24.39710
2018-03-19,24.27840
2018-03-20,24.31710
2018-03-21,24.35660
2018-03-22,24.34770
2018-03-23,24.29330
2018-03-26,24.39840
2018-03-27,24.58700
2018-03-28,24.58410
2018-04-02,24.75810
2018-04-03,24.82050
2018-04-04,24.76110
2018-04-05,24.97590
2018-04-06,25.01520
2018-04-09,25.03370
2018-04-10,24.98470
2018-04-11,24.98140
2018-04-12,25.01480
2018-04-13,25.03920
2018-04-16,25.09950
2018-04-17,25.10060
2018-04-18,25.04710
2018-04-19,25.05040
2018-04-20,25.03850
2018-04-23,25.09400
2018-04-24,25.13180
2018-04-25,25.06790
2018-04-26,25.15250
2018-04-27,25.16070
2018-04-30,25.27550
2018-05-02,25.22460
2018-05-03,25.15310
2018-05-04,25.10200
2018-05-07,25.17520
2018-05-08,25.16920
2018-05-09,25.11510
2018-05-10,25.06190
2018-05-11,25.11210
2018-05-14,25.05340
2018-05-15,25.02030
2018-05-16,25.02320
2018-05-17,25.03010
2018-05-18,25.05310
2018-05-21,24.95120
2018-05-22,24.96950
2018-05-23,24.85580
2018-05-24,24.90780
2018-05-25,25.04680
2018-05-28,25.11920
2018-05-29,25.08170
2018-05-30,25.10830
2018-05-31,25.17190
2018-06-01,25.06630
2018-06-04,25.00050
2018-06-05,24.93480
2018-06-06,25.02810
2018-06-07,25.03130
2018-06-08,25.07850
2018-06-11,25.10760
2018-06-12,25.16020
2018-06-13,25.17830
2018-06-14,25.21180
2018-06-15,25.26480
2018-06-18,25.21710
2018-06-19,25.15750
2018-06-20,25.20630
2018-06-21,25.20680
2018-06-22,25.27280
2018-06-25,25.25860
2018-06-26,25.27810
2018-06-27,25.20090
2018-06-28,25.09490
2018-06-29,25.20380
2018-07-02,25.22120
2018-07-03,25.30170
2018-07-04,25.38070
2018-07-05,25.37830
2018-07-06,25.37790
2018-07-09,25.46720
2018-07-10,25.54290
2018-07-11,25.54630
2018-07-12,25.60310
2018-07-13,25.60830
2018-07-16,25.50520
2018-07-17,25.58490
2018-07-18,25.58940
2018-07-19,25.49880
2018-07-20,25.60870
2018-07-23,25.73120
2018-07-24,25.76250
2018-07-25,25.74830
2018-07-26,25.71880
2018-07-27,25.78360
2018-07-30,25.76170
2018-07-31,25.82680
2018-08-01,25.85990
2018-08-02,25.81230
2018-08-03,25.89840
2018-08-06,25.91470
2018-08-07,25.94600
2018-08-08,25.99590
2018-08-09,26.01080
2018-08-10,25.99550
2018-08-13,25.93860
2018-08-14,26.06010
2018-08-16,26.01280
2018-08-17,26.12670
2018-08-20,26.16440
2018-08-21,26.20330
2018-08-23,26.24240
2018-08-24,26.19830
2018-08-27,26.32480
2018-08-28,26.30410
2018-08-29,26.29650
2018-08-30,26.27350
2018-08-31,26.28730
2018-09-03,26.21440
2018-09-04,26.09470
2018-09-05,26.04160
2018-09-06,26.06690
2018-09-07,26.09550
2018-09-10,25.85400
2018-09-11,25.75010
2018-09-12,25.80820
2018-09-14,25.94160
2018-09-17,25.86630
2018-09-18,25.75810
2018-09-19,25.66750
2018-09-21,25.41700
2018-09-24,25.19240
2018-09-25,25.23880
2018-09-26,25.13760
2018-09-27,24.99800
2018-09-28,24.92480
2018-10-01,24.97690
2018-10-03,24.85330
2018-10-04,24.60250
2018-10-05,24.49960
2018-10-08,24.46850
2018-10-09,24.45980
2018-10-10,24.68270
2018-10-11,24.48220
2018-10-12,24.70000
2018-10-15,24.79570
2018-10-16,24.84300
2018-10-17,24.66750
2018-10-19,24.52400
2018-10-22,24.42410
2018-10-23,24.32660
2018-10-24,24.42320
2018-10-25,24.35940
2018-10-26,24.27720
2018-10-29,24.39760
2018-10-30,24.38330
2018-10-31,24.57000
2018-11-01,24.60670
2018-11-02,24.73340
2018-11-05,24.67070
2018-11-06,24.65220
2018-11-09,24.77700
2018-11-12,24.67890
2018-11-13,24.72230
2018-11-14,24.72710
2018-11-15,24.76830
2018-11-16,24.77940
2018-11-19,24.84640
2018-11-20,24.78520
2018-11-21,24.78570
2018-11-22,24.74970
2018-11-26,24.81280
2018-11-27,24.86630
2018-11-28,24.88430
2018-11-29,24.94410
2018-11-30,25.01540
2018-12-03,25.07710
2018-12-04,25.10540
2018-12-05,25.02190
2018-12-06,24.88980
2018-12-07,24.94270
2018-12-10,24.72160
2018-12-11,24.85560
2018-12-12,25.08740
2018-12-13,25.13710
2018-12-14,25.17070
2018-12-17,25.21010
2018-12-18,25.23010
2018-12-19,25.34630
2018-12-20,25.37410
2018-12-21,25.25410
2018-12-24,25.14270
2018-12-26,25.12970
2018-12-27,25.18510
2018-12-28,25.25320
2018-12-31,25.30210
2019-01-01,25.30470
2019-01-02,25.27200
2019-01-03,25.19900
2019-01-04,25.19220
2019-01-07,25.19890
2019-01-08,25.18750
2019-01-09,25.21700
2019-01-10,25.23490
2019-01-11,25.20120
2019-01-14,25.24140
2019-01-15,25.32790
2019-01-16,25.32000
2019-01-17,25.30540
2019-01-18,25.25520
2019-01-21,25.22360
2019-01-22,25.17240
2019-01-23,25.16110
2019-01-24,25.17500
2019-01-25,25.10720
2019-01-28,24.96530
2019-01-29,25.00280
2019-01-30,25.01070
2019-01-31,25.07190
2019-02-01,25.05800
2019-02-04,25.03620
2019-02-05,25.04060
2019-02-06,25.14850
2019-02-07,25.24250
2019-02-08,25.16710
2019-02-11,25.11300
2019-02-12,25.03170
2019-02-13,25.05590
2019-02-14,25.07460
2019-02-15,24.95040
2019-02-18,24.83670
2019-02-19,24.79090
2019-02-20,24.83090
2019-02-21,24.82070
2019-02-22,24.82000
2019-02-25,24.93590
2019-02-26,24.95370
2019-02-27,24.93520
2019-02-28,24.95430
2019-03-01,25.03190
2019-03-05,25.12990
2019-03-06,25.18380
2019-03-07,25.16570
2019-03-08,25.22070
2019-03-11,25.36790
2019-03-12,25.43110
2019-03-13,25.46890
2019-03-14,25.49720
2019-03-15,25.54780
2019-03-18,25.56080
2019-03-19,25.58330
2019-03-20,25.57810
2019-03-22,25.57180
2019-03-25,25.51580
2019-03-26,25.61660
2019-03-27,25.63580
2019-03-28,25.74680
2019-03-29,25.83600
2019-04-01,25.86240
2019-04-02,25.91370
2019-04-03,25.85340
2019-04-04,25.80060
2019-04-05,25.84670
2019-04-08,25.76300
2019-04-09,25.81390
2019-04-10,25.78150
2019-04-11,25.77830
2019-04-12,25.78390
2019-04-15,25.84760
2019-04-16,25.91260
2019-04-18,25.85120
2019-04-22,25.68540
2019-04-23,25.68590
2019-04-24,25.81120
2019-04-25,25.74620
2019-04-26,25.77350
2019-04-30,25.56220
2019-05-02,25.53560
2019-05-03,25.49830
2019-05-06,25.37040
2019-05-07,25.32960
2019-05-08,25.22970
2019-05-09,25.19040
2019-05-10,25.16520
2019-05-13,25.03320
2019-05-14,25.03590
2019-05-15,25.04170
2019-05-16,25.10780
2019-05-17,25.22580
2019-05-20,25.54000
2019-05-21,25.46170
2019-05-22,25.48410
2019-05-23,25.47200
2019-05-24,25.61610
2019-05-27,25.68020
2019-05-28,25.74870
2019-05-29,25.75700
2019-05-30,25.78800
2019-05-31,25.83850
2019-06-03,26.01280
2019-06-04,25.27360
2019-06-06,24.93210
2019-06-07,24.94730
2019-06-10,24.95260
2019-06-11,25.04140
2019-06-12,24.98190
2019-06-13,24.94270
2019-06-14,24.88200
2019-06-17,24.78280
2019-06-18,24.79490
2019-06-19,24.76840
2019-06-20,24.93380
2019-06-21,24.86080
2019-06-24,24.85960
2019-06-25,24.90560
2019-06-26,24.91460
2019-06-27,24.93620
2019-06-28,24.35630
2019-07-01,24.40760
2019-07-02,24.42440
2019-07-03,24.43290
2019-07-04,24.46590
2019-07-05,24.39920
2019-07-08,24.22410
2019-07-09,24.21430
2019-07-10,24.19010
2019-07-11,24.27830
2019-07-12,24.23000
2019-07-15,24.28630
2019-07-16,24.39730
2019-07-17,24.40760
2019-07-18,24.33390
2019-07-19,24.12370
2019-07-22,24.00670
2019-07-23,24.00710
2019-07-24,23.93760
2019-07-25,23.90790
2019-07-26,24.00120
2019-07-29,24.00170
2019-07-30,23.92560
2019-07-31,24.00520
2019-08-01,23.90670
2019-08-02,23.93900
2019-08-05,23.80550
2019-08-06,23.93620
2019-08-07,23.91570
2019-08-08,23.98660
2019-08-09,24.04790
2019-08-13,23.72450
2019-08-14,23.73360
2019-08-16,23.77190
2019-08-19,23.80290
2019-08-20,23.81160
2019-08-21,23.76350
2019-08-22,23.65500
2019-08-23,23.64250
2019-08-26,23.80990
2019-08-27,23.86860
2019-08-28,23.81990
2019-08-29,23.77390
2019-08-30,23.89540
2019-09-03,23.78370
2019-09-04,23.82490
2019-09-05,23.84710
2019-09-06,23.90240
2019-09-09,23.99030
2019-09-11,24.00600
2019-09-12,23.95580
2019-09-13,24.06300
2019-09-16,24.06070
2019-09-17,23.90760
2019-09-18,23.96320
2019-09-19,23.83860
2019-09-20,24.28410
2019-09-23,24.60990
2019-09-24,24.56620
2019-09-25,24.41440
2019-09-26,24.48220
2019-09-27,24.46280
2019-09-30,24.41790
2019-10-01,24.30770
2019-10-03,24.28130
2019-10-04,24.19820
2019-10-07,24.19040
2019-10-09,24.33240
2019-10-10,24.23300
2019-10-11,24.26520
2019-10-14,24.28560
2019-10-15,24.34060
2019-10-16,24.37020
2019-10-17,24.47650
2019-10-18,24.58880
2019-10-22,24.57540
2019-10-23,24.61930
2019-10-24,24.63920
2019-10-25,24.61980
2019-10-29,24.79890
2019-10-30,24.79150
2019-10-31,24.90740
2019-11-01,24.91430
2019-11-04,24.87580
2019-11-05,24.82420
2019-11-06,24.81680
2019-11-07,24.92080
2019-11-08,24.85430
2019-11-11,24.90000
2019-11-13,24.88970
2019-11-14,24.95890
2019-11-15,24.98350
2019-11-18,25.00440
2019-11-19,25.01640
2019-11-20,25.07100
2019-11-21,25.00670
2019-11-22,24.98800
2019-11-25,25.13510
2019-11-26,25.12070
2019-11-27,25.19300
2019-11-28,25.22980
2019-11-29,25.23260
2019-12-02,25.16060
2019-12-03,25.14220
2019-12-04,25.20070
2019-12-05,25.10250
2019-12-06,25.00980
2019-12-09,25.01350
2019-12-10,24.94200
2019-12-11,24.99370
2019-12-12,25.00040
2019-12-13,25.07260
2019-12-16,25.05870
2019-12-17,25.15440
2019-12-18,25.20670
2019-12-19,25.20610
2019-12-20,25.26940
2019-12-23,25.31160
2019-12-24,25.30280
2019-12-26,25.31700
2019-12-27,25.38260
2019-12-30,25.41660
2019-12-31,25.36180
2020-01-01,25.39640
2020-01-02,25.43650
2020-01-03,25.42880
2020-01-06,25.24270
2020-01-07,25.31840
2020-01-08,25.35280
2020-01-09,25.48420
2020-01-10,25.51070
2020-01-13,25.57360
2020-01-14,25.59480
2020-01-15,25.63070
2020-01-16,25.71530
2020-01-17,25.58930
2020-01-20,25.50460
2020-01-21,25.46420
2020-01-22,25.46000
2020-01-23,25.58290
2020-01-24,25.72310
2020-01-27,25.66370
2020-01-28,25.68950
2020-01-29,25.74130
2020-01-30,25.67250
2020-01-31,25.67980
2020-02-03,25.63040
2020-02-04,25.82230
2020-02-05,25.90800
2020-02-06,26.01030
2020-02-07,26.08030
2020-02-10,26.04380
2020-02-11,26.09160
2020-02-12,26.12160
2020-02-13,26.10560
2020-02-14,26.05460
2020-02-17,26.02160
2020-02-18,25.97990
2020-02-19,26.10820
2020-02-20,26.11290
2020-02-24,25.98250
2020-02-25,25.95420
2020-02-26,25.90930
2020-02-27,25.87070
2020-02-28,25.58660
2020-03-02,25.57030
2020-03-03,25.73980
2020-03-04,25.69030
2020-03-05,25.50430
2020-03-06,24.87360
2020-03-09,24.47380
2020-03-11,24.38510
2020-03-12,23.61070
2020-03-13,23.69960
2020-03-16,23.22330
2020-03-17,22.97330
2020-03-18,22.41620
2020-03-19,22.06690
2020-03-20,22.50170
2020-03-23,21.44350
2020-03-24,21.58260
2020-03-25,21.85060
2020-03-26,22.16420
2020-03-27,22.45970
2020-03-30,22.17030
2020-03-31,22.41240
2020-04-01,22.19670
2020-04-03,21.98910
2020-04-07,22.38780
2020-04-08,22.33150
2020-04-09,22.62690
2020-04-13,22.48450
2020-04-15,22.52820
2020-04-16,22.63050
2020-04-17,22.85280
2020-04-20,22.97550
2020-04-21,22.77940
2020-04-22,22.89000
2020-04-23,23.03350
2020-04-24,22.80990
2020-04-27,22.90790
2020-04-28,22.92460
2020-04-29,23.05650
2020-04-30,23.29170
2020-05-04,22.93770
2020-05-05,22.85130
2020-05-06,22.99320
2020-05-07,22.90060
2020-05-08,22.96310
2020-05-11,22.91430
2020-05-12,22.92830
2020-05-13,23.06240
2020-05-14,23.03060
2020-05-15,22.99630
2020-05-18,22.70700
2020-05-19,22.77730
2020-05-20,22.97090
2020-05-21,23.02040
2020-05-22,23.01880
2020-05-26,23.01940
2020-05-27,23.10130
2020-05-28,23.28540
2020-05-29,23.39710
2020-06-01,23.62170
2020-06-02,23.76960
2020-06-03,23.84670
2020-06-04,23.78800
2020-06-05,23.90190
2020-06-08,23.92460
2020-06-09,23.85900
2020-06-10,23.93580
2020-06-11,23.79080
2020-06-12,23.87170
2020-06-15,23.72770
2020-06-16,23.84020
2020-06-17,23.83880
2020-06-18,23.98410
2020-06-19,24.05150
2020-06-22,24.15660
2020-06-23,24.35670
2020-06-24,24.25180
2020-06-25,24.26730
2020-06-26,24.32570
2020-06-29,24.27620
2020-06-30,24.26740
2020-07-01,24.32920
2020-07-02,24.45510
2020-07-03,24.49140
2020-07-06,24.64850
2020-07-07,24.80670
2020-07-08,24.73840
2020-07-09,24.84400
2020-07-10,24.83090
2020-07-13,24.84330
2020-07-14,24.72240
2020-07-15,24.73300
2020-07-16,24.83190
2020-07-17,24.94830
2020-07-20,25.06640
2020-07-21,25.07490
2020-07-22,25.02170
2020-07-23,25.11700
2020-07-24,25.06560
2020-07-27,25.00170
2020-07-28,25.10930
2020-07-29,25.11490
2020-07-30,25.10310
2020-07-31,25.20080
2020-08-03,25.16860
2020-08-04,25.25560
2020-08-05,25.34980
2020-08-06,25.44000
2020-08-07,25.44970
2020-08-10,25.55360
2020-08-11,25.51130
2020-08-12,25.45210
2020-08-13,25.46530
2020-08-14,25.36520
2020-08-17,25.44350
2020-08-18,25.55260
2020-08-19,25.55200
2020-08-20,25.52630
2020-08-21,25.53030
2020-08-24,25.56700
2020-08-25,25.63510
2020-08-26,25.67950
2020-08-27,25.68130
2020-08-28,25.71800
2020-08-31,25.44890
2020-09-01,25.67340
2020-09-02,25.81590
2020-09-03,25.88430
2020-09-04,25.73780
2020-09-07,25.68790
2020-09-08,25.61830
2020-09-09,25.56120
2020-09-10,25.63220
2020-09-11,25.65610
2020-09-14,25.82220
2020-09-15,25.93290
2020-09-16,26.00750
2020-09-17,25.93820
2020-09-18,25.90620
2020-09-21,25.62520
2020-09-22,25.52770
2020-09-23,25.47330
2020-09-24,25.24120
2020-09-25,25.44520
2020-09-28,25.66170
2020-09-29,25.67870
2020-09-30,25.78340
2020-10-01,25.90880
2020-10-05,25.97160
2020-10-06,26.11080
2020-10-07,26.12700
2020-10-08,26.20660
2020-10-09,26.32320
2020-10-12,26.43340
2020-10-13,26.39960
2020-10-14,26.44400
2020-10-15,26.25000
2020-10-16,26.26770
2020-10-19,26.30030
2020-10-20,26.37240
2020-10-21,26.40010
2020-10-22,26.38160
2020-10-23,26.50610
2020-10-26,26.43800
2020-10-27,26.58400
2020-10-28,26.47250
2020-10-29,26.47790
2020-10-30,26.42700
2020-11-02,26.49150
2020-11-03,26.60630
2020-11-04,26.74500
2020-11-05,26.94380
2020-11-06,27.02400
2020-11-09,27.17550
2020-11-10,27.13570
2020-11-11,27.21350
2020-11-12,27.24610
2020-11-13,27.34020
2020-11-17,27.55480
2020-11-18,27.59880
2020-11-19,27.49690
2020-11-20,27.69350
2020-11-23,27.82650
2020-11-24,27.87430
2020-11-25,27.67530
2020-11-26,27.79940
2020-11-27,27.89390
2020-12-01,28.00600
2020-12-02,28.00000
2020-12-03,28.00950
2020-12-04,28.09700
2020-12-07,28.13090
2020-12-08,28.15000
2020-12-09,28.21020
2020-12-10,28.20270
2020-12-11,28.20720
2020-12-14,28.23090
2020-12-15,28.32600
2020-12-16,28.43290
2020-12-17,28.51760
2020-12-18,28.54220
2020-12-21,28.23730
2020-12-22,28.38760
2020-12-23,28.53680
2020-12-24,28.62060
2020-12-28,28.73820
2020-12-29,28.76120
2020-12-30,28.86960
2020-12-31,28.92130
2021-01-01,28.98960
2021-01-04,29.12650
2021-01-05,29.30900
2021-01-06,29.21320
2021-01-07,29.23080
2021-01-08,29.43430
2021-01-11,29.50960
2021-01-12,29.48290
2021-01-13,29.37480
2021-01-14,29.36970
2021-01-15,29.19540
2021-01-18,28.97180
2021-01-19,29.17150
2021-01-20,29.24950
2021-01-21,29.23800
2021-01-22,29.15600
2021-01-25,29.02480
2021-01-27,28.88700
2021-01-28,28.80360
2021-01-29,28.62610
2021-02-01,28.84200
2021-02-02,29.05670
2021-02-03,29.25920
2021-02-04,29.41580
2021-02-05,29.34260
2021-02-08,29.47950
2021-02-09,29.42230
2021-02-10,29.47690
2021-02-11,29.55590
2021-02-12,29.53080
2021-02-15,29.64150
2021-02-16,29.59950
2021-02-17,29.49430
2021-02-18,29.42620
2021-02-19,29.31050
2021-02-22,29.10200
2021-02-23,29.11830
2021-02-24,29.25130
2021-02-25,29.23020
2021-02-26,28.91020
2021-03-01,29.07360
2021-03-02,29.23780
2021-03-03,29.43130
2021-03-04,29.40870
2021-03-05,29.28720
2021-03-08,29.24810
2021-03-09,29.31350
2021-03-10,29.47140
2021-03-12,29.38070
2021-03-15,29.30840
2021-03-16,29.33710
2021-03-17,29.18490
2021-03-18,29.03260
2021-03-19,29.16050
2021-03-22,29.21670
2021-03-23,29.32050
2021-03-24,29.17550
2021-03-25,28.98440
2021-03-26,29.17590
2021-03-30,29.42960
2021-03-31,29.33340
2021-04-01,29.44240
2021-04-05,29.34310
2021-04-06,29.39230
2021-04-07,29.54770
2021-04-08,29.65750
2021-04-09,29.65340
2021-04-12,29.25870
2021-04-13,29.28180
2021-04-15,29.26560
2021-04-16,29.35640
2021-04-19,29.20100
2021-04-20,29.18160
2021-04-22,29.22800
2021-04-23,29.19490
2021-04-26,29.26740
2021-04-27,29.38050
2021-04-28,29.59000
2021-04-29,29.56020
2021-04-30,29.39390
2021-05-03,29.42150
2021-05-04,29.32400
2021-05-05,29.45810
2021-05-06,29.53300
2021-05-07,29.49880
2021-05-10,29.56160
2021-05-11,29.52430
2021-05-12,29.44800
2021-05-14,29.35790
2021-05-17,29.52020
2021-05-18,29.72560
2021-05-19,29.73030
2021-05-20,29.67740
2021-05-21,29.78820
2021-05-24,29.81630
2021-05-25,29.86880
2021-05-26,29.97140
2021-05-27,30.00640
2021-05-28,30.00640
2021-05-31,30.05830
2021-06-01,30.05750
2021-06-02,30.11960
2021-06-03,30.20880
2021-06-04,30.21910
2021-06-07,30.26570
2021-06-08,30.31000
2021-06-09,30.25570
2021-06-10,30.42240
2021-06-11,30.48010
2021-06-14,30.51190
2021-06-15,30.52410
2021-06-16,30.44190
2021-06-17,30.39710
2021-06-18,30.39630
2021-06-21,30.42340
2021-06-22,30.41810
2021-06-23,30.38550
2021-06-24,30.45190
2021-06-25,30.48660
2021-06-28,30.47260
2021-06-29,30.46550
2021-06-30,30.47340
2021-07-01,30.50100
2021-07-02,30.54140
2021-07-05,30.62200
2021-07-06,30.62940
2021-07-07,30.68040
2021-07-08,30.63680
2021-07-09,30.66620
2021-07-12,30.65050
2021-07-13,30.67050
2021-07-14,30.76650
2021-07-15,30.82660
2021-07-16,30.81930
2021-07-19,30.74820
2021-07-20,30.69900
2021-07-22,30.84050
2021-07-23,30.84700
2021-07-26,30.89140
2021-07-27,30.86990
2021-07-28,30.85150
2021-07-29,30.96170
2021-07-30,30.99150
2021-08-02,31.10950
2021-08-03,31.26650
2021-08-04,31.28830
2021-08-05,31.28470
2021-08-06,31.26390
2021-08-09,31.23410
2021-08-10,31.26100
2021-08-11,31.18860
2021-08-12,31.27000
2021-08-13,31.33790
2021-08-16,31.31950
2021-08-17,31.45570
2021-08-18,31.54300
2021-08-20,31.51560
2021-08-23,31.57410
2021-08-24,31.64430
2021-08-25,31.67290
2021-08-26,31.68210
2021-08-27,31.75770
2021-08-30,31.95340
2021-08-31,32.11450
2021-09-01,32.13920
2021-09-02,32.28800
2021-09-03,32.34240
2021-09-06,32.36880
2021-09-07,32.31990
2021-09-08,32.35660
2021-09-09,32.38830
2021-09-13,32.46140
2021-09-14,32.50600
2021-09-15,32.61260
2021-09-16,32.65490
2021-09-17,32.65940
2021-09-20,32.52070
2021-09-21,32.69970
2021-09-22,32.94670
2021-09-23,33.11170
2021-09-24,33.08660
2021-09-27,32.98380
2021-09-28,32.81640
2021-09-29,32.98440
2021-09-30,32.95750
2021-10-01,32.91960
2021-10-04,33.07000
2021-10-05,33.10070
2021-10-06,32.96630
2021-10-07,33.13410
2021-10-08,33.20910
2021-10-11,33.25810
2021-10-12,33.32510
2021-10-13,33.51590
2021-10-14,33.64980
2021-10-18,33.61780
2021-10-19,33.63420
2021-10-20,33.45390
2021-10-21,33.34360
2021-10-22,33.25610
2021-10-25,33.06220
2021-10-26,33.23190
2021-10-27,33.25270
2021-10-28,33.09990
2021-10-29,33.00980
2021-11-01,33.23860
2021-11-02,33.22230
2021-11-03,33.18300
2021-11-08,33.44040
2021-11-09,33.43850
2021-11-10,33.42760
2021-11-11,33.37230
2021-11-12,33.57490
2021-11-15,33.60780
2021-11-16,33.67540
2021-11-17,33.64200
2021-11-18,33.46420
2021-11-22,33.12020
2021-11-23,33.18010
2021-11-24,33.09130
2021-11-25,33.16740
2021-11-26,32.84390
2021-11-29,32.84920
2021-11-30,32.89170
2021-12-01,32.91520
2021-12-02,33.06760
2021-12-03,32.95570
2021-12-06,32.72640
2021-12-07,32.88610
2021-12-08,33.11930
2021-12-09,33.11340
2021-12-10,33.10410
2021-12-13,33.03640
2021-12-14,32.98800
2021-12-15,32.93110
2021-12-16,32.97730
2021-12-17,32.80520
2021-12-20,32.43370
2021-12-21,32.53040
2021-12-22,32.69930
2021-12-23,32.76560
2021-12-24,32.70670
2021-12-27,32.76840
2021-12-28,32.89710
2021-12-29,32.94680
2021-12-30,32.98370
2021-12-31,33.13890
2022-01-03,33.31380
2022-01-04,33.35520
2022-01-05,33.42270
2022-01-06,33.34130
2022-01-07,33.38020
2022-01-10,33.37670
2022-01-11,33.42830
2022-01-12,33.48340
2022-01-13,33.46540
2022-01-14,33.45140
2022-01-17,33.42270
2022-01-18,33.21660
2022-01-19,33.06770
2022-01-20,33.00080
2022-01-21,32.80750
2022-01-24,32.31540
2022-01-25,32.33780
2022-01-27,32.37660
2022-01-28,32.45770
2022-01-31,32.73530
2022-02-01,32.81690
2022-02-02,32.98280
2022-02-03,32.78470
2022-02-04,32.75730
2022-02-07,32.55450
2022-02-08,32.56420
2022-02-09,32.71310
2022-02-10,32.78980
2022-02-11,32.54670
2022-02-14,32.18880
2022-02-15,32.49570
2022-02-16,32.45700
2022-02-17,32.41890
2022-02-18,32.33310
2022-02-21,32.31750
2022-02-22,32.28880
2022-02-23,32.35130
2022-02-24,31.80140
2022-02-25,32.14000
2022-02-28,32.23210
2022-03-02,32.06230
2022-03-03,31.98440
2022-03-04,31.74810
2022-03-07,31.47300
2022-03-08,31.62380
2022-03-09,31.80810
2022-03-10,31.97020
2022-03-11,31.99720
2022-03-14,32.07320
2022-03-15,31.99190
2022-03-16,32.19580
2022-03-17,32.38620
2022-03-21,32.25590
2022-03-22,32.30840
2022-03-23,32.29140
2022-03-24,32.28160
2022-03-25,32.20930
2022-03-28,32.17460
2022-03-29,32.31340
2022-03-30,32.51480
2022-03-31,32.49960
2022-04-01,32.59950
2022-04-04,32.86080
2022-04-05,32.90790
2022-04-06,32.78800
2022-04-07,32.72370
2022-04-08,32.74110
2022-04-11,32.68840
2022-04-12,32.53960
2022-04-13,32.49250
2022-04-18,32.31960
2022-04-19,32.10250
2022-04-20,32.14700
2022-04-21,32.28150
2022-04-22,32.20430
2022-04-25,32.07260
2022-04-26,32.22950
2022-04-27,32.07450
2022-04-28,32.17830
2022-04-29,32.11140
2022-05-02,32.02580
2022-05-04,31.53890
2022-05-05,31.53670
2022-05-06,31.35030
2022-05-09,31.20190
2022-05-10,31.13930
2022-05-11,31.07960
2022-05-12,30.85930
2022-05-13,30.83950
2022-05-16,30.95020
2022-05-17,31.18140
2022-05-18,31.17460
2022-05-19,30.83960
2022-05-20,31.03670
2022-05-23,31.07520
2022-05-24,30.99630
2022-05-25,30.80340
2022-05-26,30.92970
2022-05-27,31.13930
2022-05-30,31.38380
2022-05-31,31.41380
2022-06-01,31.35860
2022-06-02,31.34380
2022-06-03,31.21770
2022-06-06,31.12070
2022-06-07,30.93770
2022-06-08,30.96410
2022-06-09,31.02790
2022-06-10,30.84830
2022-06-13,30.52860
2022-06-14,30.52700
2022-06-15,30.59100
2022-06-16,30.38970
2022-06-17,30.26760
2022-06-20,30.37710
2022-06-21,30.60850
2022-06-22,30.50380
2022-06-23,30.68200
2022-06-24,30.78140
2022-06-27,30.91730
2022-06-28,30.84770
2022-06-29,30.74850
2022-06-30,30.68800
2022-07-01,30.78670
2022-07-04,30.88050
2022-07-05,30.89610
2022-07-06,31.17520
2022-07-07,31.24610
2022-07-08,31.26230
2022-07-11,31.26040
2022-07-12,31.16860
2022-07-13,31.22100
2022-07-14,31.16640
2022-07-15,31.25220
2022-07-18,31.44810
2022-07-19,31.48940
2022-07-20,31.59000
2022-07-21,31.73680
2022-07-22,31.76710
2022-07-25,31.74060
2022-07-26,31.57490
2022-07-27,31.72660
2022-07-28,32.01820
2022-07-29,32.21580
2022-08-01,32.37600
2022-08-02,32.41960
2022-08-03,32.40390
2022-08-04,32.54230
2022-08-05,32.51440
2022-08-08,32.52960
2022-08-10,32.46780
2022-08-11,32.65330
2022-08-12,32.60310
2022-08-16,32.70930
2022-08-17,32.86780
2022-08-18,32.89830
2022-08-19,32.76050
2022-08-22,32.51820
2022-08-23,32.56250
2022-08-24,32.62000
2022-08-25,32.62460
2022-08-26,32.68660
2022-08-29,32.51990
2022-08-30,32.84420
2022-09-01,32.82080
2022-09-02,32.81020
2022-09-05,32.82900
2022-09-06,32.81510
2022-09-07,32.86740
2022-09-08,32.99610
2022-09-09,33.06090
2022-09-12,33.12310
2022-09-13,33.20010
2022-09-14,33.10760
2022-09-15,33.02510
2022-09-16,32.68390
2022-09-19,32.66420
2022-09-20,32.80120
2022-09-21,32.74360
2022-09-22,32.73950
2022-09-23,32.48720
2022-09-26,32.25980
2022-09-27,32.32660
2022-09-28,32.27510
2022-09-29,32.23450
2022-09-30,32.41010
2022-10-03,32.24640
2022-10-04,32.52840
2022-10-06,32.54200
2022-10-07,32.49020
2022-10-10,32.39140
2022-10-11,32.20560
2022-10-12,32.27480
2022-10-13,32.18660
2022-10-14,32.28960
2022-10-17,32.36080
2022-10-18,32.45970
2022-10-19,32.43770
2022-10-20,32.43320
2022-10-21,32.32330
2022-10-25,32.40880
2022-10-27,32.43100
2022-10-28,32.36100
2022-10-31,32.57210
2022-11-01,32.72140
2022-11-02,32.68130
2022-11-03,32.60580
2022-11-04,32.59610
2022-11-07,32.64560
2022-11-09,32.60870
2022-11-10,32.57800
2022-11-11,32.80540
2022-11-14,32.86090
2022-11-15,32.85760
2022-11-16,32.81340
2022-11-17,32.69860
2022-11-18,32.61570
2022-11-21,32.54030
2022-11-22,32.57100
2022-11-23,32.60390
2022-11-24,32.72970
2022-11-25,32.71850
2022-11-28,32.76380
2022-11-29,32.76280
2022-11-30,32.82570
2022-12-01,32.92070
2022-12-02,32.91880
2022-12-05,32.90650
2022-12-06,32.80910
2022-12-07,32.72560
2022-12-08,32.72080
2022-12-09,32.65030
2022-12-12,32.63300
2022-12-13,32.67660
2022-12-14,32.78180
2022-12-15,32.60390
2022-12-16,32.49510
2022-12-19,32.56810
2022-12-20,32.53830
2022-12-21,32.47030
2022-12-22,32.40820
2022-12-23,32.16300
2022-12-26,32.28950
2022-12-27,32.38390
2022-12-28,32.38370
2022-12-29,32.42460
2022-12-30,32.35370
2023-01-02,32.35800
2023-01-03,32.42950
2023-01-04,32.31980
2023-01-05,32.23270
2023-01-06,32.10920
2023-01-09,32.22530
2023-01-10,32.14800
2023-01-11,32.12730
2023-01-12,32.16250
2023-01-13,32.17900
2023-01-16,32.11530
2023-01-17,32.14430
2023-01-18,32.20690
2023-01-19,32.16650
2023-01-20,32.08610
2023-01-23,32.18050
2023-01-24,32.20480
2023-01-25,32.06930
2023-01-27,31.91130
2023-01-30,31.99470
2023-01-31,32.03240
2023-02-01,32.08510
2023-02-02,32.13130
2023-02-03,32.18900
2023-02-06,32.19990
2023-02-07,32.22240
2023-02-08,32.32770
2023-02-09,32.33820
2023-02-10,32.31910
2023-02-13,32.16650
2023-02-14,32.19080
2023-02-15,32.27560
2023-02-16,32.37450
2023-02-17,32.26890
2023-02-20,32.27720
2023-02-21,32.28400
2023-02-22,32.11690
2023-02-23,32.10510
2023-02-24,32.07590
2023-02-27,31.98360
2023-02-28,31.98100
2023-03-01,32.07400
2023-03-02,32.00610
2023-03-03,32.06880
2023-03-06,32.16080
2023-03-08,32.10620
2023-03-09,32.01320
2023-03-10,31.92010
2023-03-13,31.80270
2023-03-14,31.73100
2023-03-15,31.71370
2023-03-16,31.71380
2023-03-17,31.77010
2023-03-20,31.72550
2023-03-21,31.78290
2023-03-22,31.83730
2023-03-23,31.78670
2023-03-24,31.73290
2023-03-27,31.72860
2023-03-28,31.68100
2023-03-29,31.80040
2023-03-31,32.00760
2023-04-03,32.06190
2023-04-05,32.23210
2023-04-06,32.30110
2023-04-10,32.31050
2023-04-11,32.34010
2023-04-12,32.46350
2023-04-13,32.48120
2023-04-17,32.35100
2023-04-18,32.39330
2023-04-19,32.32100
2023-04-20,32.29230
2023-04-21,32.29980
2023-04-24,32.37590
2023-04-25,32.39670
2023-04-26,32.38940
2023-04-27,32.52660
2023-04-28,32.67370
2023-05-02,32.76850
2023-05-03,32.82610
2023-05-04,32.93670
2023-05-05,32.89070
2023-05-08,33.02350
2023-05-09,33.04430
2023-05-10,33.07890
2023-05-11,33.14460
2023-05-12,33.21750
2023-05-15,33.24150
2023-05-16,33.26830
2023-05-17,33.22640
2023-05-18,33.17750
2023-05-19,33.21240
2023-05-22,33.31820
2023-05-23,33.30690
2023-05-24,33.28760
2023-05-25,33.35230
2023-05-26,33.50850
2023-05-29,33.55180
2023-05-30,33.55780
2023-05-31,33.63040
2023-06-01,33.64180
2023-06-02,33.70800
2023-06-05,33.69890
2023-06-06,33.71280
2023-06-07,33.80250
2023-06-08,33.69140
2023-06-09,33.66480
2023-06-12,33.75790
2023-06-13,33.88780
2023-06-14,33.88040
2023-06-15,33.89630
2023-06-16,34.02660
2023-06-19,34.02260
2023-06-20,34.04920
2023-06-21,34.04080
2023-06-22,33.91720
2023-06-23,33.82910
2023-06-26,33.91460
2023-06-27,34.02050
2023-06-28,34.08780
2023-06-30,34.16480
2023-07-03,34.17130
2023-07-04,34.20870
2023-07-05,34.24030
2023-07-06,34.22160
2023-07-07,34.06720
2023-07-10,34.00470
2023-07-11,34.10760
2023-07-12,34.07880
2023-07-13,34.15390
2023-07-14,34.30740
2023-07-17,34.37100
2023-07-18,34.36990
2023-07-19,34.40550
2023-07-20,34.42450
2023-07-21,34.34390
2023-07-24,34.31970
2023-07-25,34.32570
2023-07-26,34.32110
2023-07-27,34.31030
2023-07-28,34.29780
2023-07-31,34.36560
2023-08-01,34.44910
2023-08-02,34.32690
2023-08-03,34.26390
2023-08-04,34.42050
2023-08-07,34.51090
2023-08-08,34.51710
2023-08-09,34.53380
2023-08-10,34.50090
2023-08-11,34.40390
2023-08-14,34.37090
2023-08-16,34.33770
2023-08-17,34.24310
2023-08-18,34.18560
2023-08-21,34.30620
2023-08-22,34.34120
2023-08-23,34.38660
2023-08-24,34.45540
2023-08-25,34.37120
2023-08-28,34.42670
2023-08-29,34.49210
2023-08-30,34.56050
2023-08-31,34.56120
2023-09-01,34.64900
2023-09-04,34.69090
2023-09-05,34.77040
2023-09-06,34.82210
2023-09-07,34.89110
2023-09-08,34.92780
2023-09-11,34.97150
2023-09-12,34.86940
2023-09-13,34.92650
2023-09-14,35.02000
2023-09-15,35.04760
2023-09-18,35.00670
2023-09-20,34.91220
2023-09-21,34.81760
2023-09-22,34.75000
2023-09-25,34.77780
2023-09-26,34.77240
2023-09-27,34.81110
2023-09-29,34.74670
2023-10-03,34.71330
2023-10-04,34.65080
2023-10-05,34.72960
2023-10-06,34.68650
2023-10-09,34.53930
2023-10-10,34.66950
2023-10-11,34.77120
2023-10-12,34.76360
2023-10-13,34.72480
2023-10-16,34.69700
2023-10-17,34.75650
2023-10-18,34.64890
2023-10-19,34.62320
2023-10-20,34.58190
2023-10-23,34.35630
2023-10-25,34.33460
2023-10-26,34.12650
2023-10-27,34.26650
2023-10-30,34.24430
2023-10-31,34.26190
2023-11-01,34.19740
2023-11-02,34.31370
2023-11-03,34.42950
2023-11-06,34.55650
2023-11-07,34.60240
2023-11-08,34.69350
2023-11-09,34.70300
2023-11-10,34.68990
2023-11-13,34.68940
2023-11-15,34.88710
2023-11-16,35.00430
2023-11-17,35.04280
2023-11-20,35.02550
2023-11-21,35.03030
2023-11-22,35.04010
2023-11-23,35.02190
2023-11-24,34.99650
2023-11-28,35.03210
2023-11-29,35.15820
2023-11-30,35.21220
2023-12-01,35.27790
2023-12-04,35.45360
2023-12-05,35.50610
2023-12-06,35.56830
2023-12-07,35.59920
2023-12-08,35.57240
2023-12-11,35.63090
2023-12-12,35.54670
2023-12-13,35.55420
2023-12-14,35.82920
2023-12-15,35.99160
2023-12-18,36.00210
2023-12-19,35.97990
2023-12-20,35.74810
2023-12-21,35.83080
2023-12-22,35.94930
2023-12-26,35.99120
2023-12-27,36.09310
2023-12-28,36.12100
2023-12-29,36.22430
2024-01-01,36.18350
2024-01-02,36.12810
2024-01-03,36.00030
2024-01-04,36.08280
2024-01-05,36.11710
2024-01-08,35.99290
2024-01-09,36.01390
2024-01-10,36.05560
2024-01-11,36.09500
2024-01-12,36.22890
2024-01-15,36.32710
2024-01-16,36.27390
2024-01-17,36.06120
2024-01-18,35.81140
2024-01-19,35.88810
2024-01-23,35.68190
2024-01-24,35.80570
2024-01-25,35.71490
2024-01-29,35.81960
2024-01-30,35.71370
2024-01-31,35.88430
2024-02-01,35.99760
2024-02-02,36.08170
2024-02-05,35.94310
2024-02-06,36.07230
2024-02-07,36.13680
2024-02-08,36.01040
2024-02-09,35.97580
2024-02-12,35.94690
2024-02-13,36.00880
2024-02-14,35.96350
2024-02-15,36.04680
2024-02-16,36.18590
2024-02-19,36.25610
2024-02-20,36.29680
2024-02-21,36.21900
2024-02-22,36.27490
2024-02-23,36.29740
2024-02-26,36.23000
2024-02-27,36.23320
2024-02-28,36.09290
2024-02-29,36.14410
2024-03-01,36.27310
2024-03-04,36.22560
2024-03-05,36.11320
2024-03-06,36.15720
2024-03-07,36.18090
2024-03-11,36.17040
2024-03-12,36.13750
2024-03-13,35.94450
2024-03-14,36.10130
2024-03-15,36.08390
2024-03-18,36.00920
2024-03-19,35.89380
2024-03-20,35.91560
2024-03-21,36.12720
2024-03-22,36.14190
2024-03-26,36.17730
2024-03-27,36.25300
2024-03-28,36.41570
2024-03-31,36.42240
2024-04-01,36.50630
2024-04-02,36.46280
2024-04-03,36.47210
2024-04-04,36.57580
2024-04-05,36.60580
2024-04-08,36.63560
2024-04-09,36.64240
2024-04-10,36.71720
2024-04-12,36.57860
2024-04-15,36.41190
2024-04-16,36.30480
2024-04-18,36.25930
2024-04-19,36.27570
2024-04-22,36.40870
2024-04-23,36.51020
2024-04-24,36.57450
2024-04-25,36.49220
2024-04-26,36.46940
2024-04-29,36.58900
2024-04-30,36.63030
2024-05-02,36.66010
2024-05-03,36.61250
2024-05-06,36.66010
2024-05-07,36.59520
2024-05-08,36.60270
2024-05-09,36.44170
2024-05-10,36.59950
2024-05-13,36.68460
2024-05-14,36.70290
2024-05-15,36.72300
2024-05-16,36.89910
2024-05-17,36.99730
2024-05-21,37.00160
2024-05-22,37.10970
2024-05-23,37.25010
2024-05-24,37.25580
2024-05-27,37.30710
2024-05-28,37.26370
2024-05-29,37.21230
2024-05-30,37.06380
2024-05-31,37.00500
2024-06-03,37.22080
2024-06-04,36.71180
2024-06-05,37.25870
2024-06-06,37.41820
2024-06-07,37.66510
2024-06-10,37.68460
2024-06-11,37.69890
2024-06-12,37.75770
2024-06-13,37.87240
2024-06-14,37.99050
2024-06-18,38.13620
2024-06-19,38.12950
2024-06-20,38.18040
2024-06-21,38.23320
2024-06-24,38.32450
2024-06-25,38.35460
2024-06-26,38.38390
2024-06-27,38.45020
2024-06-28,38.41750
2024-07-01,38.57490
2024-07-02,38.55810
2024-07-03,38.66190
2024-07-04,38.69380
2024-07-05,38.67630
2024-07-08,38.62620
2024-07-09,38.71900
2024-07-10,38.69300
2024-07-11,38.69870
2024-07-12,38.78500
2024-07-15,38.82180
2024-07-16,38.85740
2024-07-18,38.92920
2024-07-19,38.73960
2024-07-22,38.81910
2024-07-23,38.84110
2024-07-24,38.88480
2024-07-25,38.87590
2024-07-26,39.11590
2024-07-29,39.15280
2024-07-30,39.17070
2024-07-31,39.23300
2024-08-01,39.22490
2024-08-02,39.18660
2024-08-05,38.89290
2024-08-06,38.82870
2024-08-07,39.11850
2024-08-08,38.99380
2024-08-09,39.13050
2024-08-12,39.17200
2024-08-13,39.06470
2024-08-14,39.06540
2024-08-16,39.30720
2024-08-19,39.37060
2024-08-20,39.49330
2024-08-21,39.58400
2024-08-22,39.67840
2024-08-23,39.63270
2024-08-26,39.73290
2024-08-27,39.73240
2024-08-28,39.84620
2024-08-29,39.86450
2024-08-30,39.95890
2024-09-02,39.94970
2024-09-03,40.00290
2024-09-04,40.03220
2024-09-05,40.15390
2024-09-06,40.11540
2024-09-09,40.17830
2024-09-10,40.33290
2024-09-11,40.37880
2024-09-12,40.57270
2024-09-13,40.59370
2024-09-16,40.62770
2024-09-17,40.59620
2024-09-18,40.58030
2024-09-19,40.72230
2024-09-20,40.87580
2024-09-23,40.94930
2024-09-24,40.95930
2024-09-25,40.89730
2024-09-26,40.98220
2024-09-27,40.91020
2024-09-30,40.84480
2024-10-01,40.92460
2024-10-03,40.60620
2024-10-04,40.38200
2024-10-07,40.22600
2024-10-08,40.50510
2024-10-09,40.70420
2024-10-10,40.63540
2024-10-11,40.66230
2024-10-14,40.69450
2024-10-15,40.72210
2024-10-16,40.59090
2024-10-17,40.40030
2024-10-18,40.31640
2024-10-21,40.12300
2024-10-22,39.91900
2024-10-23,40.09600
2024-10-24,40.02760
2024-10-25,39.99630
2024-10-28,39.98850
2024-10-29,40.05350
2024-10-30,40.02790
2024-10-31,39.92700
2024-11-04,39.91260
2024-11-05,39.97150
2024-11-06,40.22980
2024-11-07,40.08970
2024-11-08,40.00840
2024-11-11,40.02950
2024-11-12,39.89970
2024-11-13,39.68370
2024-11-14,39.72550
2024-11-18,39.66230
2024-11-19,39.75820
2024-11-21,39.66860
2024-11-22,39.91440
2024-11-25,40.19990
2024-11-26,40.22000
2024-11-27,40.30770
2024-11-28,40.17860
2024-11-29,40.33450
2024-12-02,40.52280
2024-12-03,40.58600
2024-12-04,40.67100
2024-12-05,40.81330
2024-12-06,40.75260
2024-12-09,40.80610
2024-12-10,40.91310
2024-12-11,40.95320
2024-12-12,40.90350
2024-12-13,41.00040
2024-12-16,41.04630
2024-12-17,40.90020
2024-12-18,40.81160
2024-12-19,40.60450
2024-12-20,40.31110
2024-12-23,40.32790
2024-12-24,40.30140
2024-12-26,40.30240
2024-12-27,40.34270
2024-12-30,40.39540
2024-12-31,40.37020
2025-01-01,40.43850
2025-01-02,40.72610
2025-01-03,40.68600
2025-01-06,40.48930
2025-01-07,40.51470
2025-01-08,40.37380
2025-01-09,40.26840
2025-01-10,40.18490
2025-01-13,39.61850
2025-01-14,39.68990
2025-01-15,39.80530
2025-01-16,39.95640
2025-01-17,39.89520
2025-01-20,40.00970
2025-01-21,39.69960
2025-01-22,39.69830
2025-01-23,39.94840
2025-01-24,39.85140
2025-01-27,39.57260
2025-01-28,39.59550
2025-01-29,39.85600
2025-01-30,39.89390
2025-01-31,40.01300
2025-02-03,40.29360
2025-02-04,40.35140
2025-02-05,40.39310
2025-02-06,40.30500
2025-02-07,40.25210
2025-02-10,40.02920
2025-02-11,39.75390
2025-02-12,39.70360
2025-02-13,39.69280
2025-02-14,39.54690
2025-02-17,39.56310
2025-02-18,39.63510
2025-02-19,39.72930
2025-02-20,39.70550
2025-02-21,39.55930
2025-02-24,39.41960
2025-02-25,39.44140
2025-02-27,39.32860
2025-02-28,38.99400
2025-03-03,39.03200
2025-03-04,38.97090
2025-03-05,39.17680
2025-03-06,39.34820
2025-03-07,39.31350
2025-03-10,39.18490
2025-03-11,39.23040
2025-03-12,39.19870
2025-03-13,39.16740
2025-03-17,39.28380
2025-03-18,39.57270
2025-03-19,39.71320
2025-03-20,39.86350
2025-03-21,40.04620
2025-03-24,40.21130
2025-03-25,40.17430
2025-03-26,40.11560
2025-03-27,40.27740
2025-03-28,40.26980
2025-03-31,40.28200
2025-04-01,40.00870
2025-04-02,40.37710
2025-04-03,40.29840
2025-04-04,40.07860
2025-04-07,39.63420
2025-04-08,39.91340
2025-04-09,39.90270
2025-04-11,40.21850
2025-04-15,40.59790
2025-04-16,40.71590
2025-04-17,40.94260
2025-04-21,41.24230
2025-04-22,41.39120
2025-04-23,41.55340
2025-04-24,41.51960
2025-04-25,41.26710
2025-04-28,41.32660
2025-04-29,41.43520
2025-04-30,41.31350
2025-05-02,41.28510
2025-05-05,41.41810
2025-05-06,41.25410
2025-05-07,41.34980
2025-05-08,41.12890
2025-05-09,40.97660
2025-05-12,41.54970
2025-05-13,41.54600
2025-05-14,41.65340
2025-05-15,41.84770
2025-05-16,41.94560
2025-05-19,41.91500
2025-05-20,41.74360
2025-05-21,41.86120
2025-05-22,41.74210
2025-05-23,41.88510
2025-05-26,41.94220
2025-05-27,41.88710
2025-05-28,41.87300
2025-05-29,41.91500
2025-05-30,41.83940
2025-06-02,41.80110
2025-06-03,41.73800
2025-06-04,41.83550
2025-06-05,41.98230
2025-06-06,42.13360
2025-06-09,42.11850
2025-06-10,42.05390
2025-06-11,42.00390
2025-06-12,41.87890
2025-06-13,41.76060
2025-06-16,41.96560
2025-06-17,41.92490
2025-06-18,41.94240
2025-06-19,41.76060
2025-06-20,41.92300
2025-06-23,41.92670
2025-06-24,42.01960
2025-06-25,42.15010
2025-06-26,42.27480
2025-06-27,42.25930
2025-06-30,42.33090
2025-07-01,42.32600
2025-07-02,42.32840
2025-07-03,42.33360
2025-07-04,42.31490
2025-07-07,42.27750
2025-07-08,42.32520
2025-07-09,42.34100
2025-07-10,42.25090
2025-07-11,42.12310
2025-07-14,42.14220
2025-07-15,42.23250
2025-07-16,42.22730
2025-07-17,42.19480
2025-07-18,42.16030
2025-07-21,42.34370
2025-07-22,42.41120
2025-07-23,42.50860
2025-07-24,42.36650
2025-07-25,42.14430
2025-07-28,41.96990
2025-07-29,42.03780
2025-07-30,42.10900
2025-07-31,42.05830
2025-08-01,41.94340
2025-08-04,42.08150
2025-08-05,42.03630
2025-08-06,41.78580
2025-08-07,41.85940
2025-08-08,41.64590
2025-08-11,41.68180
2025-08-12,41.54010
2025-08-13,41.61330
2025-08-14,41.76120
2025-08-18,41.93330
2025-08-19,41.99270
2025-08-20,42.10610
2025-08-21,42.10030
2025-08-22,42.04160
2025-08-25,42.09970
2025-08-26,41.86040
2025-08-28,41.81020
2025-08-29,41.73610
2025-09-01,41.93270
2025-09-02,41.89790
2025-09-03,42.01840
2025-09-04,42.11030
2025-09-05,42.13860
2025-09-08,42.14760
2025-09-09,42.21390
2025-09-10,42.27310
2025-09-11,42.29860
2025-09-12,42.33980
2025-09-15,42.32730
2025-09-16,42.42720
2025-09-17,42.49040
2025-09-18,42.54280
2025-09-19,42.50710
2025-09-22,42.41280
2025-09-23,42.36510
2025-09-24,42.29550
2025-09-25,42.14730
2025-09-26,41.83750
2025-09-30,41.78190
2025-10-01,41.96310
2025-10-03,42.04520
2025-10-06,42.21610
2025-10-07,42.31220
2025-10-08,42.31970
2025-10-09,42.35530
2025-10-10,42.42750
2025-10-13,42.41550
2025-10-14,42.32430
2025-10-15,42.56830
2025-10-16,42.71600
2025-10-17,42.71210
2025-10-20,42.67760
2025-10-23,42.65040
2025-10-24,42.58490
2025-10-27,42.66870
2025-10-28,42.60690
2025-10-29,42.67900
2025-10-30,42.59510
2025-10-31,42.46810
2025-11-03,42.55300
2025-11-04,42.49440
2025-11-06,42.41170
2025-11-07,42.37530
2025-11-10,42.46530
2025-11-11,42.48580
2025-11-12,42.63250
2025-11-13,42.54590
2025-11-14,42.52270
2025-11-17,42.59430
2025-11-18,42.51550
2025-11-19,42.62970
2025-11-20,42.67850
2025-11-21,42.51410
2025-11-24,42.51370
2025-11-25,42.46150
2025-11-26,42.63910
2025-11-27,42.64950
2025-11-28,42.57720
2025-12-01,42.52660
2025-12-02,42.53260
2025-12-03,42.45210
2025-12-04,42.52210
2025-12-05,42.64730
2025-12-08,42.39890
2025-12-09,42.29890
2025-12-10,42.04660
2025-12-11,42.20120
2025-12-12,42.32410
2025-12-15,42.30480
2025-12-16,42.22640
2025-12-17,42.13310
2025-12-18,42.12560
2025-12-19,42.19660
2025-12-22,42.24510
2025-12-23,42.19160
2025-12-24,42.25620
2025-12-26,42.14090
2025-12-29,42.10370
2025-12-30,42.02100
2025-12-31,42.16520
2026-01-01,42.21100
2026-01-02,42.29210
2026-01-05,42.21530
2026-01-06,42.17790
2026-01-07,42.29700
2026-01-08,42.16730
2026-01-09,42.04460
2026-01-12,42.06290
2026-01-13,42.05740
2026-01-14,41.94910
2026-01-16,41.90470
2026-01-19,41.88030
2026-01-20,41.53210
2026-01-21,41.50800
2026-01-22,41.59330
2026-01-23,41.33860
2026-01-27,41.26650
2026-01-28,41.41450
2026-01-29,41.37840
2026-01-30,41.39180
2026-02-02,41.22840
2026-02-03,41.71700
2026-02-04,41.77020
2026-02-05,41.75170
2026-02-06,41.60000
2026-02-09,41.74310
2026-02-10,41.83730
2026-02-11,41.85810
2026-02-12,41.79300
2026-02-13,41.62710
2026-02-16,41.72280
2026-02-17,41.75520
2026-02-18,41.73500
2026-02-19,41.49970
2026-02-20,41.45670
2026-02-23,41.50420
2026-02-24,41.29990
2026-02-25,41.37800
2026-02-26,41.33690
2026-02-27,41.22460
2026-03-02,41.00410
2026-03-04,40.77100
2026-03-05,40.91250
2026-03-06,40.73510
2026-03-09,40.41430
2026-03-10,40.66490
2026-03-11,40.44100
2026-03-12,40.22970
2026-03-13,39.91530
2026-03-16,39.98270
2026-03-17,40.07220
2026-03-18,40.31390
2026-03-19,39.82010
2026-03-20,39.85020
2026-03-23,39.30210
2026-03-24,39.62260
2026-03-25,39.95680
2026-03-27,39.53300
2026-03-30,39.11200
2026-03-31,39.11440
2026-04-01,39.44930
2026-04-02,39.39430
2026-04-06,39.68940
2026-04-07,39.76220
2026-04-08,40.50910
2026-04-09,40.39820
2026-04-10,40.66360
2026-04-13,40.51080
2026-04-15,40.89980
2026-04-16,40.94870
2026-04-17,41.07140
2026-04-20,41.10910
2026-04-21,41.27730
2026-04-22,41.17440
2026-04-23,40.92600
2026-04-24,40.70060
2026-04-27,40.86300
2026-04-28,40.77600
2026-04-29,40.78530
2026-04-30,40.63340
2026-05-04,40.74720
2026-05-05,40.69140
2026-05-06,41.14910
2026-05-07,41.19600
2026-05-08,41.22310
2026-05-11,40.96220
2026-05-12,40.56390
2026-05-13,40.58560
2026-05-14,40.76520
2026-05-15,40.68880
2026-05-18,40.67250
2026-05-19,40.76610
2026-05-20,40.71710
2026-05-21,40.65640
2026-05-22,40.77580
2026-05-25,41.01890
2026-05-26,41.00560
2026-05-27,41.03660
2026-05-29,40.85530
2026-06-01,40.74020
2026-06-02,40.83550
2026-06-03,40.72680
2026-06-04,40.84180
2026-06-05,40.90670
2026-06-08,40.78220
2026-06-09,40.98160
2026-06-10,40.91480
2026-06-11,40.85160
2026-06-12,41.17400
2026-06-15,41.44580
2026-06-16,41.62250
2026-06-17,41.77230
2026-06-18,41.84090
2026-06-19,41.81840
2026-06-22,41.89150
2026-06-23,41.81420
2026-06-24,41.97060
2026-06-25,41.99300
2026-06-29,41.90190
2026-06-30,42.01210
2026-07-01,42.10270
2026-07-02,42.30950
2026-07-03,42.37520
2026-07-06,42.54390
2026-07-07,42.63970
2026-07-08,42.26860
2026-07-09,42.40560
2026-07-10,42.58450
2026-07-13,42.59420
2026-07-14,42.41600
2026-07-15,42.55600
2026-07-16,42.66700
2026-07-17,42.63970
2026-07-20,42.67550
2026-07-21,42.70390
2026-07-22,42.54420
2026-07-23,42.42390
2026-07-24,42.42200
2026-07-27,42.76010
2026-07-28,42.91480
2026-07-29,43.09550
2026-07-30,43.11500
2026-07-31,43.21380
2026-08-03,43.48890
2026-08-04,43.42460
2026-08-05,43.47510
2026-08-06,43.47550
2026-08-07,43.36440
2026-08-10,43.52690
2026-08-11,43.57200
2026-08-12,43.53890
2026-08-13,43.63090
2026-08-14,43.60620
2026-08-17,43.53960
2026-08-18,43.42180
2026-08-19,43.44720
2026-08-20,43.52870
2026-08-21,43.48530
2026-08-24,43.44050
2026-08-25,43.53880
2026-08-26,43.46160
2026-08-27,43.45040
2026-08-28,43.52590
2026-08-31,43.40520
2026-09-01,43.33500
2026-09-02,43.22350
2026-09-03,43.21740
2026-09-04,43.14980
2026-09-07,43.08470
2026-09-08,43.07690
