Date,NAV
2006-04-03,28.71000
2006-04-04,28.86000
2006-04-05,29.05000
2006-04-07,28.62000
2006-04-10,28.64000
2006-04-12,27.88000
2006-04-13,27.38000
2006-04-17,28.17000
2006-04-18,28.64000
2006-04-19,28.63000
2006-04-20,28.76000
2006-04-21,28.75000
2006-04-24,28.66000
2006-04-25,28.02000
2006-04-26,28.46000
2006-04-27,28.37000
2006-04-28,28.33000
2006-05-02,29.22000
2006-05-03,29.46000
2006-05-04,29.43000
2006-05-05,29.36000
2006-05-08,29.49000
2006-05-09,29.59000
2006-05-10,29.81000
2006-05-11,29.50000
2006-05-12,29.18000
2006-05-15,28.17000
2006-05-16,28.08000
2006-05-17,28.82000
2006-05-18,27.01000
2006-05-19,26.01000
2006-05-22,24.87000
2006-05-23,25.97000
2006-05-24,25.42000
2006-05-25,25.61000
2006-05-26,25.80000
2006-05-29,25.72000
2006-05-30,25.62000
2006-05-31,24.83000
2006-06-01,24.08000
2006-06-02,24.53000
2006-06-05,24.03000
2006-06-06,23.35000
2006-06-07,22.51000
2006-06-08,21.31000
2006-06-09,22.49000
2006-06-12,21.87000
2006-06-13,20.96000
2006-06-14,20.71000
2006-06-15,21.91000
2006-06-16,22.63000
2006-06-19,22.95000
2006-06-20,22.66000
2006-06-21,23.20000
2006-06-22,23.70000
2006-06-23,23.81000
2006-06-26,23.05000
2006-06-27,23.24000
2006-06-28,23.18000
2006-06-29,23.22000
2006-06-30,24.09000
2006-07-03,24.14000
2006-07-04,24.07000
2006-07-05,24.49000
2006-07-06,24.34000
2006-07-07,23.85000
2006-07-10,24.18000
2006-07-11,24.10000
2006-07-12,24.62000
2006-07-13,24.50000
2006-07-14,24.26000
2006-07-17,23.64000
2006-07-18,23.53000
2006-07-19,22.97000
2006-07-20,23.68000
2006-07-21,23.02000
2006-07-24,23.11000
2006-07-25,23.56000
2006-07-26,24.06000
2006-07-27,24.22000
2006-07-28,24.22000
2006-07-31,24.33000
2006-08-01,24.32000
2006-08-02,24.66000
2006-08-03,24.73000
2006-08-04,24.62000
2006-08-07,24.57000
2006-08-08,24.90000
2006-08-09,25.39000
2006-08-10,25.54000
2006-08-11,25.63000
2006-08-14,25.99000
2006-08-16,26.23000
2006-08-17,26.22000
2006-08-18,26.23000
2006-08-21,26.33000
2006-08-22,26.29000
2006-08-23,25.99000
2006-08-24,26.17000
2006-08-25,26.46000
2006-08-28,26.57000
2006-08-29,26.62000
2006-08-30,26.65000
2006-08-31,26.59000
2006-09-01,26.73000
2006-09-04,27.10000
2006-09-05,27.14000
2006-09-06,27.26000
2006-09-07,27.06000
2006-09-08,27.24000
2006-09-11,26.42000
2006-09-12,26.57000
2006-09-13,27.03000
2006-09-14,27.14000
2006-09-15,27.20000
2006-09-18,27.32000
2006-09-19,27.01000
2006-09-20,27.22000
2006-09-21,27.50000
2006-09-22,27.41000
2006-09-25,27.31000
2006-09-26,27.48000
2006-09-27,27.56000
2006-09-28,27.60000
2006-09-29,27.89000
2006-10-03,27.88000
2006-10-04,27.64000
2006-10-05,28.01000
2006-10-06,28.10000
2006-10-09,28.16000
2006-10-10,28.13000
2006-10-11,28.05000
2006-10-12,28.36000
2006-10-13,28.61000
2006-10-16,28.79000
2006-10-17,28.68000
2006-10-18,28.67000
2006-10-19,28.49000
2006-10-20,28.52000
2006-10-23,28.43000
2006-10-26,28.59000
2006-10-27,29.12000
2006-10-30,29.36000
2006-10-31,29.29000
2006-11-01,29.47000
2006-11-02,29.62000
2006-11-03,29.69000
2006-11-06,29.74000
2006-11-07,29.62000
2006-11-08,29.52000
2006-11-09,29.62000
2006-11-10,29.77000
2006-11-13,27.03000
2006-11-14,27.02000
2006-11-15,27.13000
2006-11-16,27.14000
2006-11-17,27.01000
2006-11-20,26.97000
2006-11-21,27.36000
2006-11-22,27.53000
2006-11-23,27.43000
2006-11-24,27.48000
2006-11-27,27.67000
2006-11-28,27.49000
2006-11-29,27.66000
2006-11-30,27.79000
2006-12-01,28.03000
2006-12-04,28.21000
2006-12-05,28.18000
2006-12-06,28.08000
2006-12-07,28.05000
2006-12-08,27.77000
2006-12-11,26.94000
2006-12-12,25.96000
2006-12-13,26.38000
2006-12-14,26.97000
2006-12-15,27.25000
2006-12-18,27.46000
2006-12-19,26.95000
2006-12-20,26.80000
2006-12-21,26.93000
2006-12-22,27.02000
2006-12-26,27.38000
2006-12-27,27.51000
2006-12-28,27.57000
2006-12-29,27.74000
2007-01-02,28.07000
2007-01-03,28.13000
2007-01-04,27.95000
2007-01-05,27.86000
2007-01-08,27.55000
2007-01-09,27.35000
2007-01-10,27.01000
2007-01-11,27.52000
2007-01-12,28.20000
2007-01-15,28.33000
2007-01-16,28.33000
2007-01-17,28.34000
2007-01-18,28.48000
2007-01-19,28.42000
2007-01-22,28.57000
2007-01-23,28.34000
2007-01-24,28.39000
2007-01-25,28.65000
2007-01-29,28.49000
2007-01-31,28.39000
2007-02-01,28.71000
2007-02-02,29.13000
2007-02-05,29.21000
2007-02-06,29.08000
2007-02-07,29.21000
2007-02-08,29.18000
2007-02-09,28.87000
2007-02-12,28.17000
2007-02-13,28.08000
2007-02-14,27.99000
2007-02-15,28.65000
2007-02-19,28.75000
2007-02-20,28.40000
2007-02-21,28.44000
2007-02-22,28.12000
2007-02-23,27.42000
2007-02-26,27.56000
2007-02-27,27.34000
2007-02-28,26.20000
2007-03-01,26.58000
2007-03-02,25.98000
2007-03-05,24.95000
2007-03-06,25.34000
2007-03-07,25.08000
2007-03-08,25.92000
2007-03-09,25.69000
2007-03-12,25.84000
2007-03-13,26.05000
2007-03-14,25.28000
2007-03-15,25.39000
2007-03-16,25.12000
2007-03-19,25.49000
2007-03-20,25.66000
2007-03-21,26.04000
2007-03-22,26.64000
2007-03-23,26.64000
2007-03-26,26.32000
2007-03-28,25.92000
2007-03-29,26.11000
2007-03-30,26.42000
2007-04-02,25.34000
2007-04-03,25.59000
2007-04-04,25.81000
2007-04-05,25.97000
2007-04-09,26.51000
2007-04-10,26.53000
2007-04-11,26.59000
2007-04-12,26.48000
2007-04-13,26.89000
2007-04-16,27.44000
2007-04-17,27.28000
2007-04-18,27.30000
2007-04-19,27.42000
2007-04-20,27.89000
2007-04-23,27.93000
2007-04-24,28.28000
2007-04-25,28.50000
2007-04-26,28.53000
2007-04-27,28.07000
2007-04-30,28.21000
2007-05-03,28.79000
2007-05-04,28.59000
2007-05-07,28.60000
2007-05-08,28.35000
2007-05-09,28.44000
2007-05-10,28.39000
2007-05-11,28.48000
2007-05-14,28.85000
2007-05-15,28.88000
2007-05-16,29.22000
2007-05-17,29.51000
2007-05-18,29.53000
2007-05-21,29.82000
2007-05-22,29.95000
2007-05-23,29.90000
2007-05-24,29.63000
2007-05-25,29.79000
2007-05-28,29.84000
2007-05-29,30.09000
2007-05-30,29.78000
2007-05-31,30.04000
2007-06-01,30.19000
2007-06-04,30.09000
2007-06-05,30.18000
2007-06-06,29.67000
2007-06-07,29.51000
2007-06-08,29.09000
2007-06-11,29.07000
2007-06-12,29.07000
2007-06-13,28.91000
2007-06-14,29.29000
2007-06-15,29.38000
2007-06-18,29.23000
2007-06-19,29.60000
2007-06-20,29.91000
2007-06-21,30.05000
2007-06-22,30.12000
2007-06-25,30.17000
2007-06-26,30.34000
2007-06-27,30.25000
2007-06-28,30.44000
2007-06-29,30.71000
2007-07-02,30.82000
2007-07-03,31.14000
2007-07-04,31.09000
2007-07-05,31.03000
2007-07-06,31.26000
2007-07-09,31.48000
2007-07-10,31.34000
2007-07-11,31.20000
2007-07-12,31.59000
2007-07-13,31.95000
2007-07-16,32.13000
2007-07-17,31.99000
2007-07-18,32.00000
2007-07-19,32.33000
2007-07-20,32.47000
2007-07-23,32.79000
2007-07-24,32.81000
2007-07-25,32.66000
2007-07-26,32.84000
2007-07-27,31.86000
2007-07-30,31.97000
2007-07-31,32.52000
2007-08-01,31.28000
2007-08-02,31.43000
2007-08-03,31.74000
2007-08-06,31.40000
2007-08-07,31.52000
2007-08-08,32.07000
2007-08-09,31.56000
2007-08-10,31.15000
2007-08-13,31.45000
2007-08-14,31.40000
2007-08-16,30.13000
2007-08-17,29.71000
2007-08-20,30.21000
2007-08-21,29.29000
2007-08-22,29.78000
2007-08-23,29.53000
2007-08-24,30.09000
2007-08-27,30.93000
2007-08-28,31.06000
2007-08-29,31.31000
2007-08-30,31.56000
2007-08-31,31.91000
2007-09-03,32.05000
2007-09-04,32.18000
2007-09-05,32.06000
2007-09-06,32.31000
2007-09-07,32.27000
2007-09-10,32.31000
2007-09-11,32.22000
2007-09-12,32.17000
2007-09-13,32.40000
2007-09-14,32.33000
2007-09-17,32.29000
2007-09-18,32.54000
2007-09-19,33.64000
2007-09-20,33.84000
2007-09-21,34.31000
2007-09-24,34.84000
2007-09-25,34.92000
2007-09-26,34.94000
2007-09-27,35.40000
2007-09-28,35.66000
2007-10-01,36.03000
2007-10-03,37.11000
2007-10-04,36.95000
2007-10-05,36.93000
2007-10-08,36.17000
2007-10-09,37.86000
2007-10-10,39.08000
2007-10-11,39.66000
2007-10-12,39.19000
2007-10-15,40.79000
2007-10-16,41.42000
2007-10-17,40.88000
2007-10-18,39.31000
2007-10-19,38.09000
2007-10-22,37.90000
2007-10-23,39.65000
2007-10-24,40.08000
2007-10-25,40.84000
2007-10-26,42.05000
2007-10-29,43.32000
2007-10-30,42.93000
2007-10-31,43.10000
2007-11-01,42.91000
2007-11-02,43.57000
2007-11-05,43.38000
2007-11-06,43.11000
2007-11-07,42.75000
2007-11-08,38.76000
2007-11-12,38.48000
2007-11-13,38.86000
2007-11-14,40.06000
2007-11-15,39.84000
2007-11-16,39.89000
2007-11-19,40.32000
2007-11-20,39.46000
2007-11-21,37.92000
2007-11-22,37.47000
2007-11-23,37.79000
2007-11-26,38.54000
2007-11-27,38.30000
2007-11-28,38.06000
2007-11-29,37.86000
2007-11-30,38.64000
2007-12-03,39.48000
2007-12-04,39.67000
2007-12-05,40.13000
2007-12-06,40.11000
2007-12-07,40.20000
2007-12-10,40.14000
2007-12-11,40.72000
2007-12-12,40.87000
2007-12-13,40.47000
2007-12-14,40.28000
2007-12-17,38.78000
2007-12-18,38.52000
2007-12-19,38.57000
2007-12-20,38.56000
2007-12-24,39.82000
2007-12-26,40.57000
2007-12-27,40.52000
2007-12-28,40.85000
2007-12-31,41.32000
2008-01-01,41.46000
2008-01-02,41.71000
2008-01-03,41.47000
2008-01-04,42.02000
2008-01-14,41.43000
2008-01-15,40.60000
2008-01-16,39.75000
2008-01-17,39.98000
2008-01-18,38.54000
2008-01-21,35.40000
2008-01-22,33.28000
2008-01-23,35.19000
2008-01-24,34.25000
2008-01-25,36.29000
2008-01-28,36.13000
2008-01-29,36.16000
2008-01-30,35.51000
2008-01-31,35.23000
2008-02-01,36.15000
2008-02-04,37.12000
2008-02-05,37.25000
2008-02-06,36.35000
2008-02-07,35.27000
2008-02-08,34.84000
2008-02-11,33.15000
2008-02-12,33.00000
2008-02-13,33.39000
2008-02-14,35.04000
2008-02-15,35.70000
2008-02-18,35.81000
2008-02-19,35.83000
2008-02-20,35.05000
2008-02-21,35.13000
2008-02-22,34.60000
2008-02-25,34.96000
2008-02-26,35.50000
2008-02-27,35.75000
2008-02-28,35.75000
2008-02-29,35.37000
2008-03-03,33.61000
2008-03-04,32.85000
2008-03-05,33.07000
2008-03-07,32.01000
2008-03-10,31.61000
2008-03-11,32.20000
2008-03-12,32.11000
2008-03-13,30.48000
2008-03-14,30.95000
2008-03-17,29.19000
2008-03-18,29.01000
2008-03-19,29.10000
2008-03-24,29.15000
2008-03-25,30.92000
2008-03-26,30.93000
2008-03-27,30.76000
2008-03-28,31.53000
2008-03-31,30.51000
2008-04-01,30.17000
2008-04-02,30.40000
2008-04-03,30.34000
2008-04-04,29.58000
2008-04-07,30.30000
2008-04-08,30.24000
2008-04-09,30.59000
2008-04-10,30.48000
2008-04-11,30.77000
2008-04-15,31.16000
2008-04-16,31.39000
2008-04-17,31.83000
2008-04-21,32.32000
2008-04-22,32.51000
2008-04-23,32.35000
2008-04-24,32.20000
2008-04-25,32.76000
2008-04-28,32.69000
2008-04-29,33.13000
2008-04-30,33.02000
2008-05-02,33.47000
2008-05-05,33.26000
2008-05-06,32.97000
2008-05-07,32.82000
2008-05-08,32.48000
2008-05-09,32.00000
2008-05-12,32.04000
2008-05-13,31.88000
2008-05-14,32.22000
2008-05-15,32.82000
2008-05-16,33.07000
2008-05-20,32.76000
2008-05-21,32.91000
2008-05-22,32.39000
2008-05-23,31.97000
2008-05-26,31.30000
2008-05-27,31.21000
2008-05-28,31.59000
2008-05-29,31.40000
2008-05-30,31.63000
2008-06-02,31.02000
2008-06-03,30.73000
2008-06-04,29.86000
2008-06-05,30.27000
2008-06-06,30.00000
2008-06-09,29.52000
2008-06-10,29.22000
2008-06-11,29.67000
2008-06-12,29.79000
2008-06-13,29.73000
2008-06-16,29.98000
2008-06-17,30.45000
2008-06-18,30.12000
2008-06-19,29.57000
2008-06-20,28.62000
2008-06-23,27.95000
2008-06-24,27.54000
2008-06-25,27.77000
2008-06-26,28.06000
2008-06-27,26.99000
2008-06-30,26.42000
2008-07-01,25.56000
2008-07-02,26.75000
2008-07-03,25.76000
2008-07-04,26.43000
2008-07-07,26.52000
2008-07-08,26.25000
2008-07-09,27.27000
2008-07-10,27.31000
2008-07-11,26.64000
2008-07-14,26.40000
2008-07-15,25.37000
2008-07-16,25.07000
2008-07-17,25.95000
2008-07-18,26.66000
2008-07-21,26.87000
2008-07-22,27.41000
2008-07-23,28.75000
2008-07-24,28.43000
2008-07-25,27.84000
2008-07-28,27.98000
2008-07-29,27.13000
2008-07-30,27.92000
2008-07-31,27.97000
2008-08-01,28.46000
2008-08-04,28.47000
2008-08-05,28.99000
2008-08-06,29.10000
2008-08-07,29.09000
2008-08-08,29.14000
2008-08-11,29.68000
2008-08-12,29.22000
2008-08-13,29.09000
2008-08-14,28.65000
2008-08-18,28.46000
2008-08-19,28.19000
2008-08-20,28.47000
2008-08-21,27.85000
2008-08-22,28.05000
2008-08-25,28.15000
2008-08-26,28.17000
2008-08-27,27.90000
2008-08-28,27.58000
2008-08-29,28.40000
2008-09-01,28.30000
2008-09-02,29.08000
2008-09-04,28.73000
2008-09-05,28.11000
2008-09-08,28.72000
2008-09-09,28.63000
2008-09-10,28.28000
2008-09-11,27.80000
2008-09-12,27.35000
2008-09-15,26.57000
2008-09-16,26.56000
2008-09-17,26.15000
2008-09-18,26.11000
2008-09-19,27.13000
2008-09-22,27.16000
2008-09-23,26.59000
2008-09-24,26.76000
2008-09-25,26.48000
2008-09-26,25.82000
2008-09-29,25.02000
2008-09-30,25.53000
2008-10-01,25.86000
2008-10-03,25.10000
2008-10-06,23.87000
2008-10-07,23.65000
2008-10-08,23.02000
2008-10-10,21.74000
2008-10-13,22.96000
2008-10-14,23.30000
2008-10-15,22.26000
2008-10-16,22.06000
2008-10-17,21.18000
2008-10-20,21.47000
2008-10-21,22.26000
2008-10-22,21.49000
2008-10-23,20.93000
2008-10-24,17.26000
2008-10-27,16.81000
2008-10-29,17.49000
2008-10-31,18.47000
2008-11-03,19.24000
2008-11-04,19.70000
2008-11-05,19.13000
2008-11-06,18.54000
2008-11-07,18.86000
2008-11-10,19.67000
2008-11-11,18.70000
2008-11-12,18.29000
2008-11-14,18.01000
2008-11-17,17.86000
2008-11-18,17.28000
2008-11-19,17.03000
2008-11-20,16.53000
2008-11-21,17.08000
2008-11-24,17.10000
2008-11-25,16.84000
2008-11-26,17.10000
2008-11-28,17.20000
2008-12-01,16.88000
2008-12-02,16.78000
2008-12-03,16.85000
2008-12-04,17.45000
2008-12-05,17.12000
2008-12-08,17.39000
2008-12-10,17.96000
2008-12-11,17.94000
2008-12-12,17.99000
2008-12-15,18.25000
2008-12-16,18.51000
2008-12-17,18.05000
2008-12-18,18.52000
2008-12-19,18.63000
2008-12-22,18.40000
2008-12-23,18.06000
2008-12-24,17.97000
2008-12-26,17.69000
2008-12-29,17.99000
2008-12-30,18.25000
2008-12-31,18.18000
2009-01-01,18.48000
2009-01-02,18.57000
2009-01-05,18.90000
2009-01-06,18.94000
2009-01-07,18.30000
2009-01-09,18.11000
2009-01-12,17.73000
2009-01-13,17.73000
2009-01-14,18.03000
2009-01-15,17.69000
2009-01-16,17.99000
2009-01-19,18.03000
2009-01-20,17.82000
2009-01-21,17.46000
2009-01-22,17.50000
2009-01-23,17.25000
2009-01-27,17.53000
2009-01-28,17.79000
2009-01-29,17.77000
2009-01-30,17.90000
2009-02-02,17.61000
2009-02-03,17.69000
2009-02-04,17.76000
2009-02-05,17.64000
2009-02-06,17.85000
2009-02-09,18.17000
2009-02-10,18.30000
2009-02-11,18.31000
2009-02-12,18.16000
2009-02-13,18.33000
2009-02-16,17.97000
2009-02-17,17.69000
2009-02-18,17.68000
2009-02-19,17.69000
2009-02-20,17.51000
2009-02-24,17.41000
2009-02-25,17.49000
2009-02-26,17.51000
2009-02-27,17.46000
2009-03-02,17.15000
2009-03-03,16.93000
2009-03-04,16.95000
2009-03-05,16.67000
2009-03-06,16.81000
2009-03-09,16.56000
2009-03-12,16.72000
2009-03-13,17.13000
2009-03-16,17.42000
2009-03-17,17.36000
2009-03-18,17.53000
2009-03-19,17.55000
2009-03-20,17.48000
2009-03-23,17.99000
2009-03-24,18.07000
2009-03-25,18.22000
2009-03-26,18.76000
2009-03-27,18.82000
2009-03-30,18.28000
2009-03-31,18.60000
2009-04-01,18.75000
2009-04-02,19.31000
2009-04-06,19.44000
2009-04-08,19.77000
2009-04-09,19.79000
2009-04-13,20.09000
2009-04-15,20.56000
2009-04-16,20.19000
2009-04-17,20.35000
2009-04-20,20.37000
2009-04-21,20.26000
2009-04-22,20.06000
2009-04-23,20.37000
2009-04-24,20.63000
2009-04-27,20.67000
2009-04-28,20.21000
2009-04-29,20.78000
2009-05-04,21.64000
2009-05-05,21.58000
2009-05-06,21.36000
2009-05-07,21.60000
2009-05-08,21.40000
2009-05-11,21.18000
2009-05-12,21.66000
2009-05-13,21.52000
2009-05-14,21.40000
2009-05-15,21.73000
2009-05-19,24.49000
2009-05-20,24.35000
2009-05-21,24.14000
2009-05-22,24.34000
2009-05-25,24.51000
2009-05-26,24.07000
2009-05-27,24.76000
2009-05-28,24.92000
2009-05-29,25.27000
2009-06-01,25.53000
2009-06-02,25.60000
2009-06-03,25.69000
2009-06-04,25.98000
2009-06-05,26.14000
2009-06-08,25.43000
2009-06-09,25.94000
2009-06-10,26.33000
2009-06-11,26.22000
2009-06-12,25.93000
2009-06-15,25.57000
2009-06-16,25.79000
2009-06-17,25.17000
2009-06-18,24.80000
2009-06-19,25.17000
2009-06-22,25.01000
2009-06-23,25.03000
2009-06-24,25.23000
2009-06-25,25.08000
2009-06-26,25.66000
2009-06-29,25.71000
2009-06-30,25.34000
2009-07-01,25.57000
2009-07-02,25.78000
2009-07-03,26.09000
2009-07-06,24.93000
2009-07-07,25.16000
2009-07-08,24.68000
2009-07-09,24.70000
2009-07-10,24.32000
2009-07-13,24.17000
2009-07-14,24.81000
2009-07-15,25.44000
2009-07-16,25.43000
2009-07-17,26.10000
2009-07-20,26.72000
2009-07-21,26.54000
2009-07-22,26.27000
2009-07-23,26.73000
2009-07-24,27.04000
2009-07-27,27.10000
2009-07-28,27.10000
2009-07-29,26.91000
2009-07-30,27.29000
2009-07-31,27.58000
2009-08-03,27.91000
2009-08-04,27.78000
2009-08-05,27.86000
2009-08-06,27.27000
2009-08-07,26.78000
2009-08-10,26.52000
2009-08-11,26.68000
2009-08-12,26.66000
2009-08-13,27.36000
2009-08-14,27.28000
2009-08-17,26.35000
2009-08-18,26.71000
2009-08-19,26.41000
2009-08-20,26.74000
2009-08-21,27.14000
2009-08-24,27.64000
2009-08-25,27.59000
2009-08-26,27.78000
2009-08-27,27.94000
2009-08-28,28.10000
2009-08-31,27.81000
2009-09-01,27.60000
2009-09-02,27.53000
2009-09-03,27.50000
2009-09-04,27.90000
2009-09-07,28.56000
2009-09-08,28.59000
2009-09-09,28.56000
2009-09-10,28.59000
2009-09-11,28.61000
2009-09-14,28.55000
2009-09-15,28.99000
2009-09-16,29.29000
2009-09-17,29.36000
2009-09-18,29.45000
2009-09-22,29.70000
2009-09-23,29.43000
2009-09-24,29.51000
2009-09-25,29.47000
2009-09-29,29.75000
2009-09-30,30.18000
2009-10-01,30.15000
2009-10-05,29.74000
2009-10-06,29.86000
2009-10-07,29.73000
2009-10-08,29.76000
2009-10-09,29.48000
2009-10-12,29.96000
2009-10-14,30.30000
2009-10-15,30.31000
2009-10-16,30.48000
2009-10-20,30.47000
2009-10-21,30.19000
2009-10-22,29.85000
2009-10-23,29.96000
2009-10-26,29.76000
2009-10-27,29.18000
2009-10-28,28.97000
2009-10-29,28.64000
2009-10-30,28.65000
2009-11-03,25.30000
2009-11-04,25.88000
2009-11-05,26.14000
2009-11-06,26.34000
2009-11-09,26.78000
2009-11-10,26.73000
2009-11-11,27.22000
2009-11-12,26.99000
2009-11-13,27.21000
2009-11-16,27.43000
2009-11-17,27.52000
2009-11-18,27.46000
2009-11-19,27.14000
2009-11-20,27.42000
2009-11-23,27.81000
2009-11-24,27.73000
2009-11-25,27.91000
2009-11-26,27.49000
2009-11-27,27.14000
2009-11-30,27.57000
2009-12-01,27.91000
2009-12-02,27.95000
2009-12-03,27.99000
2009-12-04,27.88000
2009-12-07,27.78000
2009-12-08,28.15000
2009-12-09,28.02000
2009-12-10,28.11000
2009-12-11,28.03000
2009-12-14,28.04000
2009-12-15,27.69000
2009-12-16,27.70000
2009-12-17,27.74000
2009-12-18,27.49000
2009-12-21,27.36000
2009-12-22,27.50000
2009-12-23,28.23000
2009-12-24,28.39000
2009-12-29,28.46000
2009-12-30,28.43000
2009-12-31,28.60000
2010-01-04,28.77000
2010-01-05,29.01000
2010-01-06,28.99000
2010-01-07,28.88000
2010-01-08,28.75000
2010-01-11,28.82000
2010-01-12,28.64000
2010-01-13,28.81000
2010-01-14,28.98000
2010-01-15,28.95000
2010-01-18,29.06000
2010-01-19,28.81000
2010-01-20,28.72000
2010-01-21,28.07000
2010-01-22,27.79000
2010-01-25,27.61000
2010-01-27,26.90000
2010-01-28,26.97000
2010-01-29,27.10000
2010-02-01,27.31000
2010-02-02,26.98000
2010-02-03,27.50000
2010-02-04,27.13000
2010-02-05,26.46000
2010-02-08,26.67000
2010-02-09,26.88000
2010-02-10,26.77000
2010-02-11,27.01000
2010-02-15,26.93000
2010-02-16,27.22000
2010-02-17,27.47000
2010-02-18,27.42000
2010-02-19,27.23000
2010-02-22,27.28000
2010-02-23,27.34000
2010-02-24,27.29000
2010-02-25,27.28000
2010-02-26,27.46000
2010-03-02,27.88000
2010-03-03,28.21000
2010-03-04,28.19000
2010-03-05,28.23000
2010-03-08,28.44000
2010-03-09,28.32000
2010-03-10,28.40000
2010-03-11,28.47000
2010-03-12,28.49000
2010-03-15,28.41000
2010-03-16,28.72000
2010-03-17,28.89000
2010-03-18,28.97000
2010-03-19,29.03000
2010-03-22,28.77000
2010-03-23,28.82000
2010-03-25,28.91000
2010-03-26,29.06000
2010-03-29,29.14000
2010-03-30,28.98000
2010-03-31,28.92000
2010-04-01,29.18000
2010-04-05,29.44000
2010-04-06,29.41000
2010-04-07,29.50000
2010-04-08,29.20000
2010-04-09,29.48000
2010-04-12,29.35000
2010-04-13,29.29000
2010-04-15,29.04000
2010-04-16,28.93000
2010-04-19,28.67000
2010-04-20,28.85000
2010-04-21,28.91000
2010-04-22,29.01000
2010-04-23,29.23000
2010-04-26,29.38000
2010-04-27,29.30000
2010-04-28,28.87000
2010-04-29,28.98000
2010-04-30,29.21000
2010-05-03,29.00000
2010-05-04,28.65000
2010-05-05,28.58000
2010-05-06,28.41000
2010-05-07,28.01000
2010-05-10,28.76000
2010-05-11,28.51000
2010-05-12,28.66000
2010-05-13,28.81000
2010-05-14,28.47000
2010-05-17,28.30000
2010-05-18,28.36000
2010-05-19,27.70000
2010-05-20,27.85000
2010-05-21,27.67000
2010-05-24,27.64000
2010-05-25,26.97000
2010-05-26,27.56000
2010-05-27,28.05000
2010-05-28,28.32000
2010-05-31,28.46000
2010-06-01,27.95000
2010-06-02,28.16000
2010-06-03,28.59000
2010-06-04,28.65000
2010-06-07,28.12000
2010-06-08,27.96000
2010-06-09,28.02000
2010-06-10,28.37000
2010-06-11,28.55000
2010-06-14,28.91000
2010-06-15,28.99000
2010-06-16,29.07000
2010-06-17,29.28000
2010-06-18,29.24000
2010-06-21,29.65000
2010-06-22,29.51000
2010-06-23,29.58000
2010-06-24,29.54000
2010-06-25,29.45000
2010-06-28,29.82000
2010-06-29,29.58000
2010-06-30,29.90000
2010-07-01,29.61000
2010-07-02,29.54000
2010-07-05,29.50000
2010-07-06,29.76000
2010-07-07,29.53000
2010-07-08,29.86000
2010-07-09,30.12000
2010-07-12,30.24000
2010-07-13,30.34000
2010-07-14,30.25000
2010-07-15,30.08000
2010-07-16,30.24000
2010-07-19,30.17000
2010-07-20,30.10000
2010-07-21,30.30000
2010-07-22,30.50000
2010-07-23,30.52000
2010-07-26,30.35000
2010-07-27,30.36000
2010-07-28,30.23000
2010-07-29,30.30000
2010-07-30,30.16000
2010-08-02,30.48000
2010-08-03,30.52000
2010-08-04,30.64000
2010-08-05,30.58000
2010-08-06,30.56000
2010-08-09,30.80000
2010-08-10,30.68000
2010-08-11,30.59000
2010-08-12,30.58000
2010-08-13,30.74000
2010-08-16,30.62000
2010-08-17,30.67000
2010-08-18,31.11000
2010-08-19,31.41000
2010-08-20,31.36000
2010-08-23,31.54000
2010-08-24,31.30000
2010-08-25,31.08000
2010-08-26,31.24000
2010-08-27,30.88000
2010-08-30,30.88000
2010-08-31,30.82000
2010-09-01,31.16000
2010-09-02,31.24000
2010-09-03,31.25000
2010-09-06,31.75000
2010-09-07,31.93000
2010-09-08,31.94000
2010-09-09,32.07000
2010-09-13,32.65000
2010-09-14,32.84000
2010-09-15,33.19000
2010-09-16,32.99000
2010-09-17,33.24000
2010-09-20,33.67000
2010-09-21,33.76000
2010-09-22,33.65000
2010-09-23,33.56000
2010-09-24,33.81000
2010-09-27,33.82000
2010-09-28,33.80000
2010-09-29,33.61000
2010-09-30,33.72000
2010-10-01,34.26000
2010-10-04,34.32000
2010-10-05,34.24000
2010-10-06,34.48000
2010-10-07,34.22000
2010-10-08,34.12000
2010-10-11,34.22000
2010-10-12,34.05000
2010-10-13,34.70000
2010-10-14,34.42000
2010-10-15,33.74000
2010-10-18,33.80000
2010-10-19,33.63000
2010-10-20,33.45000
2010-10-21,34.02000
2010-10-22,33.90000
2010-10-25,34.01000
2010-10-26,33.93000
2010-10-27,33.55000
2010-10-28,33.49000
2010-10-29,33.54000
2010-11-01,34.01000
2010-11-02,34.06000
2010-11-03,34.32000
2010-11-04,34.89000
2010-11-08,34.82000
2010-11-09,34.93000
2010-11-10,34.88000
2010-11-11,34.40000
2010-11-12,33.86000
2010-11-15,34.04000
2010-11-16,30.43000
2010-11-18,30.45000
2010-11-19,29.94000
2010-11-22,30.43000
2010-11-23,30.12000
2010-11-24,29.79000
2010-11-25,29.50000
2010-11-26,29.32000
2010-11-29,29.61000
2010-11-30,29.74000
2010-12-01,30.24000
2010-12-02,30.48000
2010-12-03,30.30000
2010-12-06,30.28000
2010-12-07,30.18000
2010-12-08,29.88000
2010-12-09,29.30000
2010-12-10,29.64000
2010-12-13,29.83000
2010-12-14,30.00000
2010-12-15,29.84000
2010-12-16,30.10000
2010-12-20,30.11000
2010-12-21,30.25000
2010-12-22,30.21000
2010-12-23,30.27000
2010-12-24,30.34000
2010-12-27,30.31000
2010-12-28,30.28000
2010-12-29,30.56000
2010-12-30,30.74000
2010-12-31,30.86000
2011-01-03,31.00000
2011-01-04,30.96000
2011-01-05,30.68000
2011-01-06,30.49000
2011-01-07,29.92000
2011-01-10,29.26000
2011-01-11,29.16000
2011-01-12,29.63000
2011-01-13,29.21000
2011-01-14,28.75000
2011-01-17,28.71000
2011-01-18,29.03000
2011-01-19,28.84000
2011-01-20,28.92000
2011-01-21,28.89000
2011-01-24,29.15000
2011-01-25,28.98000
2011-01-27,28.62000
2011-01-28,28.18000
2011-01-31,28.12000
2011-02-01,27.69000
2011-02-02,27.75000
2011-02-03,28.12000
2011-02-04,27.55000
2011-02-07,27.52000
2011-02-08,27.16000
2011-02-09,26.81000
2011-02-10,26.73000
2011-02-11,27.08000
2011-02-14,27.83000
2011-02-15,27.89000
2011-02-16,27.86000
2011-02-17,28.18000
2011-02-18,27.80000
2011-02-21,28.11000
2011-02-22,27.78000
2011-02-23,27.57000
2011-02-24,26.81000
2011-02-25,26.95000
2011-02-28,27.12000
2011-03-01,28.02000
2011-03-03,28.08000
2011-03-04,28.11000
2011-03-07,27.70000
2011-03-08,27.95000
2011-03-09,28.00000
2011-03-10,27.92000
2011-03-11,27.73000
2011-03-14,28.12000
2011-03-15,27.78000
2011-03-16,28.08000
2011-03-17,27.82000
2011-03-18,27.56000
2011-03-21,27.55000
2011-03-22,27.80000
2011-03-23,28.05000
2011-03-24,28.25000
2011-03-25,28.83000
2011-03-28,28.92000
2011-03-29,29.12000
2011-03-30,29.41000
2011-03-31,29.56000
2011-04-01,29.54000
2011-04-04,29.91000
2011-04-05,29.99000
2011-04-06,29.92000
2011-04-07,29.94000
2011-04-08,29.74000
2011-04-11,29.54000
2011-04-13,30.09000
2011-04-15,29.74000
2011-04-18,29.27000
2011-04-19,29.36000
2011-04-20,29.81000
2011-04-21,29.93000
2011-04-25,29.98000
2011-04-26,29.96000
2011-04-27,29.86000
2011-04-28,29.71000
2011-04-29,29.60000
2011-05-02,29.40000
2011-05-03,28.79000
2011-05-04,28.68000
2011-05-05,28.35000
2011-05-06,28.79000
2011-05-09,28.82000
2011-05-10,28.74000
2011-05-11,28.77000
2011-05-12,28.46000
2011-05-13,28.73000
2011-05-16,28.58000
2011-05-17,28.29000
2011-05-18,28.14000
2011-05-19,28.14000
2011-05-20,28.39000
2011-05-23,28.00000
2011-05-24,28.01000
2011-05-25,27.86000
2011-05-26,28.10000
2011-05-27,28.32000
2011-05-30,28.43000
2011-05-31,28.87000
2011-06-01,29.08000
2011-06-02,28.92000
2011-06-03,28.71000
2011-06-06,28.79000
2011-06-07,28.94000
2011-06-08,28.86000
2011-06-09,28.82000
2011-06-10,28.71000
2011-06-13,28.74000
2011-06-14,28.86000
2011-06-15,28.63000
2011-06-16,28.39000
2011-06-17,28.21000
2011-06-20,27.67000
2011-06-21,27.77000
2011-06-22,27.78000
2011-06-23,27.89000
2011-06-24,28.57000
2011-06-27,28.94000
2011-06-28,28.99000
2011-06-29,29.20000
2011-06-30,29.38000
2011-07-01,29.36000
2011-07-04,29.47000
2011-07-05,29.39000
2011-07-06,29.37000
2011-07-07,29.80000
2011-07-08,29.46000
2011-07-11,29.32000
2011-07-12,28.97000
2011-07-13,29.27000
2011-07-14,29.26000
2011-07-15,29.19000
2011-07-18,29.19000
2011-07-19,29.31000
2011-07-20,29.09000
2011-07-21,29.04000
2011-07-22,29.49000
2011-07-25,29.70000
2011-07-26,29.26000
2011-07-27,29.25000
2011-07-28,29.03000
2011-07-29,29.01000
2011-08-01,29.13000
2011-08-02,28.86000
2011-08-03,28.67000
2011-08-04,28.45000
2011-08-05,27.96000
2011-08-08,27.57000
2011-08-09,27.35000
2011-08-10,27.71000
2011-08-11,27.57000
2011-08-12,27.37000
2011-08-16,27.27000
2011-08-17,27.39000
2011-08-18,26.91000
2011-08-19,26.41000
2011-08-22,26.64000
2011-08-23,26.89000
2011-08-24,26.67000
2011-08-25,26.49000
2011-08-26,26.08000
2011-08-29,26.77000
2011-08-30,27.07000
2011-09-02,27.32000
2011-09-05,27.21000
2011-09-06,27.36000
2011-09-07,27.64000
2011-09-08,27.71000
2011-09-09,27.23000
2011-09-12,26.83000
2011-09-13,26.81000
2011-09-14,27.07000
2011-09-15,27.41000
2011-09-16,27.37000
2011-09-19,27.19000
2011-09-20,27.64000
2011-09-21,27.69000
2011-09-22,26.85000
2011-09-23,26.61000
2011-09-26,26.42000
2011-09-27,26.95000
2011-09-28,26.90000
2011-09-29,27.13000
2011-09-30,26.87000
2011-10-03,26.54000
2011-10-04,26.16000
2011-10-05,26.05000
2011-10-07,26.55000
2011-10-10,26.89000
2011-10-11,26.86000
2011-10-12,27.36000
2011-10-13,27.25000
2011-10-14,27.47000
2011-10-17,27.35000
2011-10-18,27.07000
2011-10-19,27.50000
2011-10-20,27.31000
2011-10-21,27.11000
2011-10-24,27.24000
2011-10-25,27.54000
2011-10-28,28.21000
2011-10-31,28.02000
2011-11-01,25.59000
2011-11-02,25.60000
2011-11-03,25.66000
2011-11-04,25.80000
2011-11-08,25.78000
2011-11-09,25.44000
2011-11-11,25.22000
2011-11-14,25.18000
2011-11-15,24.83000
2011-11-16,24.61000
2011-11-17,24.25000
2011-11-18,24.13000
2011-11-21,23.59000
2011-11-22,23.73000
2011-11-23,23.26000
2011-11-24,23.47000
2011-11-25,23.38000
2011-11-28,23.96000
2011-11-29,23.77000
2011-11-30,23.90000
2011-12-01,24.20000
2011-12-02,24.67000
2011-12-05,24.63000
2011-12-07,24.66000
2011-12-08,24.19000
2011-12-09,23.91000
2011-12-12,23.48000
2011-12-13,23.57000
2011-12-14,23.43000
2011-12-15,23.35000
2011-12-16,22.92000
2011-12-19,22.71000
2011-12-20,22.45000
2011-12-21,23.02000
2011-12-22,23.22000
2011-12-23,23.10000
2011-12-26,23.34000
2011-12-27,23.25000
2011-12-28,23.07000
2011-12-29,22.84000
2011-12-30,22.81000
2012-01-02,22.85000
2012-01-03,23.36000
2012-01-04,23.30000
2012-01-05,23.23000
2012-01-06,23.21000
2012-01-09,23.20000
2012-01-10,23.57000
2012-01-11,23.63000
2012-01-12,23.55000
2012-01-13,23.75000
2012-01-16,23.78000
2012-01-17,24.12000
2012-01-18,24.08000
2012-01-19,24.27000
2012-01-20,24.37000
2012-01-23,24.36000
2012-01-24,24.58000
2012-01-25,24.77000
2012-01-27,24.98000
2012-01-30,24.53000
2012-01-31,24.98000
2012-02-01,25.06000
2012-02-02,25.25000
2012-02-03,25.49000
2012-02-06,25.71000
2012-02-07,25.61000
2012-02-08,25.76000
2012-02-09,25.94000
2012-02-10,25.84000
2012-02-13,25.86000
2012-02-14,25.94000
2012-02-15,26.37000
2012-02-16,26.38000
2012-02-17,26.53000
2012-02-21,26.68000
2012-02-22,26.25000
2012-02-23,26.13000
2012-02-24,25.90000
2012-02-27,25.47000
2012-02-28,25.84000
2012-02-29,25.91000
2012-03-01,25.76000
2012-03-02,25.82000
2012-03-05,25.44000
2012-03-06,25.25000
2012-03-07,25.17000
2012-03-09,25.67000
2012-03-12,25.76000
2012-03-13,26.11000
2012-03-14,26.25000
2012-03-15,25.96000
2012-03-16,25.60000
2012-03-19,25.33000
2012-03-20,25.44000
2012-03-21,25.84000
2012-03-22,25.33000
2012-03-23,25.58000
2012-03-26,25.20000
2012-03-27,25.40000
2012-03-28,25.15000
2012-03-29,25.12000
2012-03-30,25.65000
2012-04-02,25.77000
2012-04-03,26.02000
2012-04-04,25.86000
2012-04-09,25.40000
2012-04-10,25.35000
2012-04-11,25.24000
2012-04-12,25.43000
2012-04-13,25.19000
2012-04-16,25.22000
2012-04-17,25.53000
2012-04-18,25.61000
2012-04-19,25.68000
2012-04-20,25.50000
2012-04-23,25.15000
2012-04-24,25.14000
2012-04-25,25.03000
2012-04-26,24.96000
2012-04-27,24.96000
2012-04-30,25.21000
2012-05-02,25.17000
2012-05-03,24.98000
2012-05-04,24.54000
2012-05-07,24.73000
2012-05-08,24.27000
2012-05-09,24.16000
2012-05-10,24.14000
2012-05-11,23.92000
2012-05-14,23.82000
2012-05-15,23.98000
2012-05-16,23.70000
2012-05-17,23.79000
2012-05-18,23.88000
2012-05-21,23.94000
2012-05-22,23.71000
2012-05-23,23.61000
2012-05-24,23.92000
2012-05-25,23.99000
2012-05-28,24.24000
2012-05-29,24.22000
2012-05-30,24.08000
2012-05-31,24.01000
2012-06-01,23.74000
2012-06-04,23.69000
2012-06-05,23.73000
2012-06-06,24.27000
2012-06-07,24.50000
2012-06-08,24.57000
2012-06-11,24.56000
2012-06-12,24.85000
2012-06-13,24.90000
2012-06-14,24.68000
2012-06-15,24.99000
2012-06-18,24.67000
2012-06-19,24.89000
2012-06-20,24.97000
2012-06-21,25.18000
2012-06-22,25.10000
2012-06-25,24.96000
2012-06-26,25.04000
2012-06-27,25.11000
2012-06-28,25.13000
2012-06-29,25.67000
2012-07-02,25.76000
2012-07-03,25.83000
2012-07-04,25.88000
2012-07-05,25.97000
2012-07-06,25.91000
2012-07-09,25.72000
2012-07-10,26.00000
2012-07-11,25.88000
2012-07-12,25.67000
2012-07-13,25.67000
2012-07-16,25.57000
2012-07-17,25.54000
2012-07-18,25.61000
2012-07-19,25.75000
2012-07-20,25.60000
2012-07-23,25.22000
2012-07-24,25.24000
2012-07-25,25.19000
2012-07-26,24.92000
2012-07-27,25.12000
2012-07-30,25.53000
2012-07-31,25.69000
2012-08-01,25.78000
2012-08-02,25.76000
2012-08-03,25.74000
2012-08-06,25.98000
2012-08-07,26.18000
2012-08-08,26.13000
2012-08-09,26.04000
2012-08-10,26.05000
2012-08-13,26.19000
2012-08-14,26.30000
2012-08-16,26.17000
2012-08-17,26.17000
2012-08-21,26.36000
2012-08-22,26.31000
2012-08-23,26.34000
2012-08-24,26.23000
2012-08-27,26.08000
2012-08-28,26.05000
2012-08-29,25.90000
2012-08-30,25.95000
2012-08-31,25.72000
2012-09-03,25.70000
2012-09-04,25.80000
2012-09-05,25.58000
2012-09-06,25.68000
2012-09-07,26.09000
2012-09-10,26.18000
2012-09-11,26.33000
2012-09-12,26.45000
2012-09-13,26.48000
2012-09-14,27.02000
2012-09-17,27.09000
2012-09-18,27.09000
2012-09-20,26.91000
2012-09-21,27.51000
2012-09-24,27.44000
2012-09-25,27.44000
2012-09-26,27.50000
2012-09-27,27.45000
2012-09-28,27.74000
2012-10-01,27.87000
2012-10-03,27.89000
2012-10-04,28.16000
2012-10-05,27.93000
2012-10-08,27.73000
2012-10-09,27.86000
2012-10-10,27.64000
2012-10-11,27.86000
2012-10-12,27.79000
2012-10-15,27.83000
2012-10-16,27.70000
2012-10-17,27.73000
2012-10-18,27.94000
2012-10-19,27.78000
2012-10-22,27.92000
2012-10-23,27.81000
2012-10-25,27.84000
2012-10-26,27.67000
2012-10-29,27.61000
2012-10-30,27.27000
2012-10-31,27.36000
2012-11-01,27.43000
2012-11-02,27.63000
2012-11-05,27.69000
2012-11-06,27.83000
2012-11-07,27.96000
2012-11-08,27.89000
2012-11-09,27.65000
2012-11-12,27.63000
2012-11-15,27.36000
2012-11-16,24.94000
2012-11-19,24.90000
2012-11-20,24.84000
2012-11-21,25.06000
2012-11-22,25.14000
2012-11-23,25.13000
2012-11-26,25.14000
2012-11-27,25.53000
2012-11-29,25.96000
2012-11-30,26.15000
2012-12-03,26.14000
2012-12-04,26.21000
2012-12-05,26.28000
2012-12-06,26.39000
2012-12-07,26.26000
2012-12-10,26.23000
2012-12-11,26.17000
2012-12-12,26.13000
2012-12-13,25.96000
2012-12-14,26.09000
2012-12-17,26.01000
2012-12-18,26.16000
2012-12-19,26.34000
2012-12-20,26.22000
2012-12-21,25.93000
2012-12-24,25.95000
2012-12-26,26.18000
2012-12-27,26.04000
2012-12-28,26.21000
2012-12-31,26.22000
2013-01-01,26.38000
2013-01-02,26.52000
2013-01-03,26.59000
2013-01-04,26.64000
2013-01-07,26.58000
2013-01-08,26.62000
2013-01-09,26.50000
2013-01-10,26.39000
2013-01-11,26.27000
2013-01-14,26.49000
2013-01-15,26.66000
2013-01-16,26.44000
2013-01-17,26.54000
2013-01-18,26.69000
2013-01-21,26.74000
2013-01-22,26.64340
2013-01-23,26.69210
2013-01-24,26.50480
2013-01-25,26.70060
2013-01-28,26.70580
2013-01-29,26.59120
2013-01-30,26.64700
2013-01-31,26.60100
2013-02-01,26.55040
2013-02-04,26.49890
2013-02-05,26.43970
2013-02-06,26.45920
2013-02-07,26.37170
2013-02-08,26.14530
2013-02-11,26.12020
2013-02-12,26.22230
2013-02-13,26.19740
2013-02-14,26.03640
2013-02-15,26.02660
2013-02-18,26.03040
2013-02-19,26.19600
2013-02-20,26.22610
2013-02-21,25.87490
2013-02-22,25.87340
2013-02-25,25.83270
2013-02-26,25.47950
2013-02-27,25.58650
2013-02-28,25.12760
2013-03-01,25.25480
2013-03-04,25.11450
2013-03-05,25.51080
2013-03-06,25.64140
2013-03-07,25.88540
2013-03-08,26.17480
2013-03-11,26.18130
2013-03-12,26.02320
2013-03-13,25.79290
2013-03-14,26.03540
2013-03-15,25.89650
2013-03-18,25.76740
2013-03-19,25.45250
2013-03-20,25.19990
2013-03-21,25.04820
2013-03-22,24.97150
2013-03-25,24.90600
2013-03-26,24.96710
2013-03-28,25.14570
2013-04-01,25.24660
2013-04-02,25.48980
2013-04-03,25.27000
2013-04-04,24.81010
2013-04-05,24.79650
2013-04-08,24.77850
2013-04-09,24.63130
2013-04-10,24.87630
2013-04-11,25.00790
2013-04-12,24.77200
2013-04-15,24.94390
2013-04-16,25.38600
2013-04-17,25.42990
2013-04-18,25.74830
2013-04-22,25.97330
2013-04-23,25.97110
2013-04-25,26.26350
2013-04-26,26.11880
2013-04-29,26.17750
2013-04-30,26.21030
2013-05-02,26.50210
2013-05-03,26.27340
2013-05-06,26.40140
2013-05-07,26.67800
2013-05-08,26.73240
2013-05-09,26.58480
2013-05-10,26.78150
2013-05-13,26.39750
2013-05-14,26.45140
2013-05-15,26.95010
2013-05-16,27.08390
2013-05-17,27.16640
2013-05-20,27.03960
2013-05-21,26.85950
2013-05-22,26.80020
2013-05-23,26.26020
2013-05-24,26.29100
2013-05-27,26.65990
2013-05-28,26.76350
2013-05-29,26.76110
2013-05-30,26.79770
2013-05-31,26.35790
2013-06-03,26.16030
2013-06-04,26.06900
2013-06-05,26.05680
2013-06-06,26.07580
2013-06-07,25.89570
2013-06-10,25.82460
2013-06-11,25.48730
2013-06-12,25.34690
2013-06-13,25.08540
2013-06-14,25.49880
2013-06-17,25.67060
2013-06-18,25.55330
2013-06-19,25.60650
2013-06-20,25.04910
2013-06-21,25.05470
2013-06-24,24.69300
2013-06-25,24.69000
2013-06-26,24.67140
2013-06-27,25.00640
2013-06-28,25.62420
2013-07-01,25.89770
2013-07-02,25.75090
2013-07-03,25.42950
2013-07-04,25.65440
2013-07-05,25.76720
2013-07-08,25.58090
2013-07-09,25.77620
2013-07-10,25.65530
2013-07-11,26.06750
2013-07-12,26.35780
2013-07-15,26.43630
2013-07-16,26.20080
2013-07-17,26.22010
2013-07-18,26.48960
2013-07-19,26.41470
2013-07-22,26.31910
2013-07-23,26.41250
2013-07-24,26.15590
2013-07-25,25.82420
2013-07-26,25.77900
2013-07-29,25.58790
2013-07-30,25.34000
2013-07-31,25.22770
2013-08-01,25.19190
2013-08-02,25.01210
2013-08-05,24.93960
2013-08-06,24.34370
2013-08-07,24.24500
2013-08-08,24.47790
2013-08-12,24.65100
2013-08-13,25.01520
2013-08-14,25.14580
2013-08-16,24.24380
2013-08-19,23.89700
2013-08-20,23.87020
2013-08-21,23.43490
2013-08-22,23.77140
2013-08-23,23.95870
2013-08-26,24.08550
2013-08-27,23.34610
2013-08-28,23.28080
2013-08-29,23.70930
2013-08-30,24.00700
2013-09-02,24.29030
2013-09-03,23.49710
2013-09-04,23.85360
2013-09-05,24.36850
2013-09-06,24.74500
2013-09-10,25.50690
2013-09-11,25.63320
2013-09-12,25.38320
2013-09-13,25.34370
2013-09-16,25.33900
2013-09-17,25.40780
2013-09-18,25.59240
2013-09-19,26.33850
2013-09-20,26.12380
2013-09-23,25.73870
2013-09-24,25.70040
2013-09-25,25.60750
2013-09-26,25.68140
2013-09-27,25.57120
2013-09-30,25.29810
2013-10-01,25.43800
2013-10-03,25.98470
2013-10-04,26.01060
2013-10-07,26.01850
2013-10-08,26.05070
2013-10-09,26.33710
2013-10-10,26.39720
2013-10-11,26.66900
2013-10-14,26.77410
2013-10-15,26.72230
2013-10-17,26.58320
2013-10-18,27.10470
2013-10-21,27.23020
2013-10-22,27.25910
2013-10-23,27.14340
2013-10-24,27.06780
2013-10-25,26.99620
2013-10-28,26.83960
2013-10-29,27.33420
2013-10-30,25.17020
2013-10-31,25.29000
2013-11-01,25.29530
2013-11-05,25.18120
2013-11-06,25.14720
2013-11-07,25.02320
2013-11-08,24.87150
2013-11-11,24.68820
2013-11-12,24.48400
2013-11-13,24.28370
2013-11-14,24.49410
2013-11-18,24.94010
2013-11-19,24.97610
2013-11-20,24.67400
2013-11-21,24.22390
2013-11-22,24.23320
2013-11-25,24.63690
2013-11-26,24.39420
2013-11-27,24.37040
2013-11-28,24.49150
2013-11-29,24.80080
2013-12-02,24.96080
2013-12-03,24.95920
2013-12-04,24.84990
2013-12-05,25.13090
2013-12-06,25.21280
2013-12-09,25.57980
2013-12-10,25.47490
2013-12-11,25.40360
2013-12-12,25.14900
2013-12-13,24.91010
2013-12-16,24.95320
2013-12-17,24.92150
2013-12-18,25.13690
2013-12-19,25.06000
2013-12-20,25.40980
2013-12-23,25.41470
2013-12-24,25.35460
2013-12-26,25.42370
2013-12-27,25.53220
2013-12-30,25.40630
2013-12-31,25.48900
2014-01-01,25.52120
2014-01-02,25.19930
2014-01-03,25.23450
2014-01-06,25.18440
2014-01-07,25.04850
2014-01-08,25.08740
2014-01-09,25.04080
2014-01-10,25.07280
2014-01-13,25.39410
2014-01-14,25.28730
2014-01-15,25.52030
2014-01-16,25.47100
2014-01-17,25.18770
2014-01-20,25.37340
2014-01-21,25.33860
2014-01-22,25.42620
2014-01-23,25.48600
2014-01-24,25.24470
2014-01-27,24.76610
2014-01-28,24.64730
2014-01-29,24.75900
2014-01-30,24.53040
2014-01-31,24.69640
2014-02-03,24.42930
2014-02-04,24.40830
2014-02-05,24.46920
2014-02-06,24.51490
2014-02-07,24.62470
2014-02-10,24.59120
2014-02-11,24.59050
2014-02-12,24.60660
2014-02-13,24.31600
2014-02-14,24.44460
2014-02-17,24.47180
2014-02-18,24.65440
2014-02-19,24.78110
2014-02-20,24.57070
2014-02-21,24.85750
2014-02-24,25.03000
2014-02-25,25.09490
2014-02-26,25.23530
2014-02-28,25.28440
2014-03-03,25.17420
2014-03-04,25.46060
2014-03-05,25.61190
2014-03-06,25.90020
2014-03-07,26.29670
2014-03-10,26.38220
2014-03-11,26.25730
2014-03-12,26.36170
2014-03-13,26.22890
2014-03-14,26.24390
2014-03-18,26.34810
2014-03-19,26.44200
2014-03-20,26.32990
2014-03-21,26.36240
2014-03-24,26.69090
2014-03-25,26.73590
2014-03-26,26.76670
2014-03-27,26.98420
2014-03-28,27.21970
2014-03-31,27.32880
2014-04-01,27.31630
2014-04-02,27.37540
2014-04-03,27.28420
2014-04-04,27.14990
2014-04-07,27.17900
2014-04-09,27.49550
2014-04-10,27.51280
2014-04-11,27.52200
2014-04-15,27.43870
2014-04-16,27.19860
2014-04-17,27.55220
2014-04-21,27.66130
2014-04-22,27.71480
2014-04-23,27.79830
2014-04-25,27.45940
2014-04-28,27.39770
2014-04-29,27.30070
2014-04-30,27.14900
2014-05-02,27.14740
2014-05-05,27.17560
2014-05-06,27.21490
2014-05-07,27.01420
2014-05-08,27.00480
2014-05-09,27.77160
2014-05-12,28.31550
2014-05-13,28.77370
2014-05-14,28.84270
2014-05-15,28.77050
2014-05-16,29.20220
2014-05-19,29.42000
2014-05-20,29.50730
2014-05-21,29.40040
2014-05-22,29.49580
2014-05-23,29.72340
2014-05-26,29.71580
2014-05-27,29.65880
2014-05-28,29.85960
2014-05-29,29.54480
2014-05-30,29.54280
2014-06-02,30.13400
2014-06-03,30.43310
2014-06-04,30.48330
2014-06-05,30.84340
2014-06-06,31.17350
2014-06-09,31.47190
2014-06-10,31.47870
2014-06-11,31.40140
2014-06-12,31.42590
2014-06-13,30.95650
2014-06-16,31.05680
2014-06-17,31.47190
2014-06-18,31.18650
2014-06-19,31.05660
2014-06-20,30.96020
2014-06-23,30.92830
2014-06-24,31.27910
2014-06-25,31.27480
2014-06-26,31.12740
2014-06-27,31.18730
2014-06-30,31.71040
2014-07-01,31.77630
2014-07-02,32.14550
2014-07-03,32.19870
2014-07-04,32.34670
2014-07-07,32.52670
2014-07-08,31.75960
2014-07-09,31.52640
2014-07-10,31.42050
2014-07-11,30.98320
2014-07-14,30.95310
2014-07-15,31.30700
2014-07-16,31.69760
2014-07-17,31.84130
2014-07-18,31.89100
2014-07-21,31.95330
2014-07-22,32.16970
2014-07-23,32.33180
2014-07-24,32.43240
2014-07-25,32.25760
2014-07-28,32.07380
2014-07-30,32.33030
2014-07-31,32.16620
2014-08-01,31.81800
2014-08-04,32.17490
2014-08-05,32.40240
2014-08-06,32.13600
2014-08-07,32.05990
2014-08-08,31.67190
2014-08-11,31.83830
2014-08-12,32.09040
2014-08-13,32.10880
2014-08-14,32.36050
2014-08-18,32.73000
2014-08-19,32.90950
2014-08-20,32.92000
2014-08-21,33.11550
2014-08-22,33.21020
2014-08-25,33.15570
2014-08-26,33.13030
2014-08-27,33.35770
2014-08-28,33.35190
2014-09-01,33.73220
2014-09-02,34.02150
2014-09-03,34.20090
2014-09-04,34.13640
2014-09-05,34.19760
2014-09-08,34.61890
2014-09-09,34.51910
2014-09-10,34.30850
2014-09-11,34.36160
2014-09-12,34.42860
2014-09-15,34.32560
2014-09-16,33.74520
2014-09-17,33.90530
2014-09-18,34.46700
2014-09-19,34.46280
2014-09-22,34.39710
2014-09-23,33.91110
2014-09-24,33.80830
2014-09-25,33.37490
2014-09-26,33.69110
2014-09-29,33.84460
2014-09-30,33.83030
2014-10-01,33.81230
2014-10-07,33.38060
2014-10-08,33.28590
2014-10-09,33.75560
2014-10-10,33.41380
2014-10-13,33.50290
2014-10-14,33.43090
2014-10-16,32.92260
2014-10-17,33.06850
2014-10-20,33.52800
2014-10-21,33.67280
2014-10-22,34.00200
2014-10-27,33.97890
2014-10-28,34.19420
2014-10-29,34.41660
2014-10-30,34.68950
2014-10-31,35.35330
2014-11-03,35.41320
2014-11-05,35.53840
2014-11-07,32.92120
2014-11-10,33.09600
2014-11-11,33.25460
2014-11-12,33.36190
2014-11-13,33.22650
2014-11-14,33.42050
2014-11-17,33.53760
2014-11-18,33.62900
2014-11-19,33.37820
2014-11-20,33.45250
2014-11-21,33.63540
2014-11-24,33.85190
2014-11-25,33.60270
2014-11-26,33.66720
2014-11-27,33.76390
2014-11-28,34.15900
2014-12-01,34.11560
2014-12-02,34.12110
2014-12-03,34.35070
2014-12-04,34.56320
2014-12-05,34.42770
2014-12-08,33.97830
2014-12-09,33.60720
2014-12-10,33.67460
2014-12-11,33.38500
2014-12-12,33.20470
2014-12-15,33.04050
2014-12-16,32.49990
2014-12-17,32.28670
2014-12-18,32.91210
2014-12-19,33.15600
2014-12-22,33.42890
2014-12-23,33.27920
2014-12-24,33.05680
2014-12-26,33.14750
2014-12-29,33.44290
2014-12-30,33.56960
2014-12-31,33.70840
2015-01-01,33.70980
2015-01-02,34.04810
2015-01-05,34.01430
2015-01-06,33.14300
2015-01-07,33.14970
2015-01-08,33.71830
2015-01-09,33.86460
2015-01-12,34.10320
2015-01-13,34.08890
2015-01-14,34.02120
2015-01-15,34.64470
2015-01-16,34.79540
2015-01-19,34.95850
2015-01-20,35.27610
2015-01-21,35.34860
2015-01-22,35.61290
2015-01-23,35.82820
2015-01-27,36.27670
2015-01-28,36.41680
2015-01-29,36.62130
2015-01-30,36.16830
2015-02-02,36.18440
2015-02-03,36.11400
2015-02-04,35.88710
2015-02-05,35.85040
2015-02-06,35.47660
2015-02-09,34.94600
2015-02-10,35.08620
2015-02-11,35.65850
2015-02-12,36.21570
2015-02-13,36.44580
2015-02-16,36.33620
2015-02-18,36.57630
2015-02-19,36.54530
2015-02-20,36.36430
2015-02-23,36.05150
2015-02-24,36.08850
2015-02-25,36.11040
2015-02-26,35.68970
2015-02-27,36.34730
2015-03-02,37.28520
2015-03-03,37.57080
2015-03-04,37.21170
2015-03-05,37.32780
2015-03-09,36.54980
2015-03-10,36.44060
2015-03-11,36.31540
2015-03-12,36.68800
2015-03-13,36.15110
2015-03-16,36.15250
2015-03-17,36.46460
2015-03-18,36.45750
2015-03-19,36.32030
2015-03-20,35.94070
2015-03-23,35.80300
2015-03-24,35.80320
2015-03-25,35.71630
2015-03-26,35.10620
2015-03-27,35.10580
2015-03-30,35.79350
2015-03-31,35.93320
2015-04-01,36.29550
2015-04-06,36.61820
2015-04-07,36.59040
2015-04-08,36.92740
2015-04-09,36.99170
2015-04-10,36.94010
2015-04-13,37.02570
2015-04-15,36.71700
2015-04-16,36.37700
2015-04-17,35.70570
2015-04-20,35.16620
2015-04-21,34.95030
2015-04-22,35.02230
2015-04-23,34.92660
2015-04-24,34.40120
2015-04-27,33.87970
2015-04-28,34.33370
2015-04-29,34.36490
2015-04-30,34.44910
2015-05-04,34.98560
2015-05-05,35.05170
2015-05-06,33.98450
2015-05-07,33.56850
2015-05-08,34.07410
2015-05-11,34.71320
2015-05-12,33.94740
2015-05-13,34.48910
2015-05-14,34.62490
2015-05-15,34.66260
2015-05-18,34.97370
2015-05-19,35.03130
2015-05-20,35.15040
2015-05-21,35.19220
2015-05-22,35.21440
2015-05-25,35.02010
2015-05-26,35.00240
2015-05-27,34.86350
2015-05-28,34.78430
2015-05-29,35.36940
2015-06-01,35.34240
2015-06-02,34.61470
2015-06-03,34.17070
2015-06-04,34.28230
2015-06-05,34.16320
2015-06-08,33.78790
2015-06-09,33.53820
2015-06-10,34.00550
2015-06-11,33.39170
2015-06-12,33.39160
2015-06-15,33.42940
2015-06-16,33.52120
2015-06-17,33.74390
2015-06-18,34.03820
2015-06-19,34.19820
2015-06-22,34.67630
2015-06-23,34.78640
2015-06-24,34.62310
2015-06-25,34.72960
2015-06-26,34.70970
2015-06-29,34.35370
2015-06-30,34.55350
2015-07-01,35.04120
2015-07-02,35.06770
2015-07-03,35.10850
2015-07-06,35.31570
2015-07-07,35.40740
2015-07-08,34.86550
2015-07-09,34.77880
2015-07-10,34.96590
2015-07-13,35.37270
2015-07-14,35.39440
2015-07-15,35.69020
2015-07-16,36.08420
2015-07-17,36.13620
2015-07-20,36.24200
2015-07-21,35.83050
2015-07-22,36.13510
2015-07-23,36.07970
2015-07-24,35.84640
2015-07-27,35.24340
2015-07-28,35.21300
2015-07-29,35.50350
2015-07-30,35.66640
2015-07-31,36.15240
2015-08-03,36.28120
2015-08-04,36.33550
2015-08-05,36.68490
2015-08-06,36.74110
2015-08-07,36.58900
2015-08-10,36.48920
2015-08-11,36.25540
2015-08-12,35.67800
2015-08-13,35.74760
2015-08-14,36.49750
2015-08-17,36.45370
2015-08-18,36.54830
2015-08-19,36.70720
2015-08-20,36.15320
2015-08-21,35.83650
2015-08-24,33.55420
2015-08-25,33.94570
2015-08-26,33.57170
2015-08-27,34.27440
2015-08-28,34.46270
2015-08-31,34.24580
2015-09-01,33.50630
2015-09-02,33.32530
2015-09-03,33.73130
2015-09-04,33.03310
2015-09-07,32.46520
2015-09-08,32.91980
2015-09-09,33.48710
2015-09-10,33.44210
2015-09-11,33.47120
2015-09-14,33.78950
2015-09-15,33.49220
2015-09-16,33.62360
2015-09-18,34.10180
2015-09-21,34.09910
2015-09-22,33.58120
2015-09-23,33.69780
2015-09-24,33.82430
2015-09-28,33.55920
2015-09-29,33.60600
2015-09-30,33.92180
2015-10-01,34.05950
2015-10-05,34.69720
2015-10-06,34.65030
2015-10-07,34.65250
2015-10-08,34.49420
2015-10-09,34.56840
2015-10-12,34.38930
2015-10-13,34.35850
2015-10-14,34.25120
2015-10-15,34.44150
2015-10-16,34.64690
2015-10-19,34.80420
2015-10-20,34.92380
2015-10-21,34.84940
2015-10-23,34.90710
2015-10-26,34.71980
2015-10-27,34.75420
2015-10-28,34.45770
2015-10-29,34.24770
2015-10-30,34.14930
2015-11-02,34.10770
2015-11-03,34.13480
2015-11-04,34.02450
2015-11-05,33.65640
2015-11-06,33.72970
2015-11-09,33.76120
2015-11-10,33.34290
2015-11-13,33.32550
2015-11-16,33.38570
2015-11-17,30.56910
2015-11-18,30.19230
2015-11-19,30.57550
2015-11-20,30.73000
2015-11-23,30.72030
2015-11-24,30.57480
2015-11-26,30.66080
2015-11-27,30.85490
2015-11-30,30.80020
2015-12-01,30.80330
2015-12-02,30.73650
2015-12-03,30.59820
2015-12-04,30.38600
2015-12-07,30.42530
2015-12-08,30.14940
2015-12-09,29.72460
2015-12-10,29.94300
2015-12-11,29.70360
2015-12-14,29.82770
2015-12-15,29.99850
2015-12-16,30.17660
2015-12-17,30.44220
2015-12-18,30.19400
2015-12-21,30.43290
2015-12-22,30.31120
2015-12-23,30.49990
2015-12-24,30.52880
2015-12-28,30.73930
2015-12-29,30.76390
2015-12-30,30.61000
2015-12-31,30.73000
2016-01-01,30.84170
2016-01-04,30.31400
2016-01-05,30.33790
2016-01-06,30.22980
2016-01-07,29.50350
2016-01-08,29.68170
2016-01-11,29.57620
2016-01-12,29.32730
2016-01-13,29.39820
2016-01-14,29.28130
2016-01-15,28.95240
2016-01-18,28.50510
2016-01-19,28.82470
2016-01-20,28.41200
2016-01-21,28.36770
2016-01-22,28.87780
2016-01-25,28.91450
2016-01-27,28.85330
2016-01-28,28.74420
2016-01-29,29.15280
2016-02-01,29.11260
2016-02-02,28.75630
2016-02-03,28.39620
2016-02-04,28.52600
2016-02-05,28.80230
2016-02-08,28.58700
2016-02-09,28.21540
2016-02-10,27.98630
2016-02-11,27.17920
2016-02-12,27.11300
2016-02-15,27.90460
2016-02-16,27.49390
2016-02-17,27.69590
2016-02-18,27.94980
2016-02-19,28.01710
2016-02-22,28.11740
2016-02-23,27.70120
2016-02-24,27.46480
2016-02-25,27.18020
2016-02-26,27.33510
2016-02-29,27.17300
2016-03-01,28.00020
2016-03-02,28.55640
2016-03-03,28.89440
2016-03-04,28.91800
2016-03-08,28.82300
2016-03-09,29.02130
2016-03-10,28.87000
2016-03-11,28.92390
2016-03-14,28.99750
2016-03-15,28.82080
2016-03-16,28.88720
2016-03-17,29.08420
2016-03-18,29.37590
2016-03-21,29.79190
2016-03-22,29.87770
2016-03-23,29.89540
2016-03-28,29.51670
2016-03-29,29.52350
2016-03-30,30.03700
2016-03-31,30.12380
2016-04-01,30.03820
2016-04-04,30.14500
2016-04-05,29.60960
2016-04-06,29.60490
2016-04-07,29.39750
2016-04-08,29.39710
2016-04-11,29.79380
2016-04-12,29.98720
2016-04-13,30.39710
2016-04-18,30.62560
2016-04-20,30.63580
2016-04-21,30.53590
2016-04-22,30.57890
2016-04-25,30.44380
2016-04-26,30.81640
2016-04-27,30.91250
2016-04-28,30.51380
2016-04-29,30.58100
2016-05-02,30.55380
2016-05-03,30.33570
2016-05-04,30.17950
2016-05-05,30.17370
2016-05-06,30.12770
2016-05-09,30.55500
2016-05-10,30.63420
2016-05-11,30.60790
2016-05-12,30.77950
2016-05-13,30.55050
2016-05-16,30.62360
2016-05-17,30.70880
2016-05-18,30.61760
2016-05-19,30.35420
2016-05-20,30.13960
2016-05-23,29.98650
2016-05-24,30.04270
2016-05-25,30.64350
2016-05-26,31.04290
2016-05-27,31.34450
2016-05-30,31.49720
2016-05-31,31.41330
2016-06-01,31.44680
2016-06-02,31.64260
2016-06-03,31.66720
2016-06-06,31.61230
2016-06-07,31.79580
2016-06-08,31.87330
2016-06-09,31.66820
2016-06-10,31.54650
2016-06-13,31.39890
2016-06-14,31.38180
2016-06-15,31.68690
2016-06-16,31.47490
2016-06-17,31.52160
2016-06-20,31.74430
2016-06-21,31.64580
2016-06-22,31.58260
2016-06-23,31.83170
2016-06-24,31.28360
2016-06-27,31.41050
2016-06-28,31.54400
2016-06-29,31.95130
2016-06-30,32.22920
2016-07-01,32.46880
2016-07-04,32.59130
2016-07-05,32.47170
2016-07-07,32.45620
2016-07-08,32.41810
2016-07-11,32.83670
2016-07-12,33.00460
2016-07-13,32.87250
2016-07-14,33.03530
2016-07-15,32.87090
2016-07-18,32.83470
2016-07-19,32.89120
2016-07-20,33.00140
2016-07-21,32.86620
2016-07-22,32.95300
2016-07-25,33.30450
2016-07-26,33.16280
2016-07-27,33.28120
2016-07-28,33.47540
2016-07-29,33.45440
2016-08-01,33.49600
2016-08-02,33.47030
2016-08-03,33.21810
2016-08-04,33.22790
2016-08-05,33.76610
2016-08-08,33.92800
2016-08-09,33.81290
2016-08-10,33.36790
2016-08-11,33.30170
2016-08-12,33.44650
2016-08-16,33.43920
2016-08-17,33.38340
2016-08-18,33.64860
2016-08-19,33.70850
2016-08-22,33.53610
2016-08-23,33.55330
2016-08-24,33.64810
2016-08-25,33.49740
2016-08-26,33.45310
2016-08-29,33.47460
2016-08-30,33.98060
2016-08-31,34.20450
2016-09-01,34.15590
2016-09-02,34.28510
2016-09-06,34.72390
2016-09-07,34.62750
2016-09-08,34.78120
2016-09-09,34.49150
2016-09-12,33.87090
2016-09-14,34.00150
2016-09-15,34.04420
2016-09-16,34.22520
2016-09-19,34.32030
2016-09-20,34.20280
2016-09-21,34.19790
2016-09-22,34.57200
2016-09-23,34.47420
2016-09-26,34.17320
2016-09-27,34.14530
2016-09-28,34.31120
2016-09-29,33.66340
2016-09-30,33.91650
2016-10-03,34.50250
2016-10-04,34.58760
2016-10-05,34.57200
2016-10-06,34.45040
2016-10-07,34.35100
2016-10-10,34.39080
2016-10-13,33.98430
2016-10-14,34.04850
2016-10-17,33.70170
2016-10-18,34.14900
2016-10-19,34.10140
2016-10-20,34.22600
2016-10-21,34.31550
2016-10-24,34.30430
2016-10-25,34.26580
2016-10-26,33.99440
2016-10-27,33.76150
2016-10-28,33.93840
2016-11-01,33.92010
2016-11-02,33.57840
2016-11-03,33.41390
2016-11-04,33.18110
2016-11-07,33.42710
2016-11-08,33.54590
2016-11-09,30.06060
2016-11-10,30.30250
2016-11-11,29.55240
2016-11-15,28.87360
2016-11-16,28.87110
2016-11-17,28.75270
2016-11-18,28.75410
2016-11-21,28.24200
2016-11-22,28.53270
2016-11-23,28.64550
2016-11-24,28.49390
2016-11-25,28.98220
2016-11-28,28.99460
2016-11-29,29.08660
2016-11-30,29.34510
2016-12-01,29.10810
2016-12-02,28.75380
2016-12-05,28.92590
2016-12-06,28.96060
2016-12-07,28.78970
2016-12-08,29.24110
2016-12-09,29.33020
2016-12-12,28.97650
2016-12-13,29.05840
2016-12-14,28.92350
2016-12-15,28.91590
2016-12-16,28.82330
2016-12-19,28.70530
2016-12-20,28.56210
2016-12-21,28.54720
2016-12-22,28.25260
2016-12-23,28.30520
2016-12-26,27.98900
2016-12-27,28.37920
2016-12-28,28.43590
2016-12-29,28.70900
2016-12-30,28.94790
2017-01-02,29.03580
2017-01-03,29.08260
2017-01-04,29.04250
2017-01-05,29.30060
2017-01-06,29.19260
2017-01-09,29.15090
2017-01-10,29.34570
2017-01-11,29.68890
2017-01-12,29.74640
2017-01-13,29.67030
2017-01-16,29.69960
2017-01-17,29.75770
2017-01-18,29.87070
2017-01-19,29.88090
2017-01-20,29.56570
2017-01-23,29.67090
2017-01-24,29.95390
2017-01-25,30.33630
2017-01-27,30.42390
2017-01-30,30.36470
2017-01-31,30.04600
2017-02-01,30.61800
2017-02-02,30.68850
2017-02-03,30.78230
2017-02-06,31.02740
2017-02-07,31.02460
2017-02-08,31.01470
2017-02-09,31.10340
2017-02-10,31.13780
2017-02-13,31.05440
2017-02-14,30.94930
2017-02-15,30.70140
2017-02-16,30.97760
2017-02-17,31.13400
2017-02-20,31.34450
2017-02-21,31.48120
2017-02-22,31.49440
2017-02-23,31.54850
2017-02-27,31.39560
2017-02-28,31.37400
2017-03-01,31.59460
2017-03-02,31.37150
2017-03-03,31.38650
2017-03-06,31.57670
2017-03-07,31.45340
2017-03-08,31.36370
2017-03-09,31.38510
2017-03-10,31.37870
2017-03-14,31.87810
2017-03-15,31.99150
2017-03-16,32.23390
2017-03-17,32.27540
2017-03-20,32.14880
2017-03-21,32.12910
2017-03-22,31.85490
2017-03-23,32.04060
2017-03-24,32.14120
2017-03-27,32.00210
2017-03-28,32.16900
2017-03-29,32.19740
2017-03-30,32.31270
2017-03-31,32.35660
2017-04-03,32.53980
2017-04-05,32.65450
2017-04-06,32.65500
2017-04-07,32.47150
2017-04-10,32.45990
2017-04-11,32.67140
2017-04-12,32.60870
2017-04-13,32.48590
2017-04-17,32.41050
2017-04-18,32.29900
2017-04-19,32.28950
2017-04-20,32.40910
2017-04-21,32.39760
2017-04-24,32.76330
2017-04-25,33.08450
2017-04-26,33.18680
2017-04-27,33.15650
2017-04-28,33.11470
2017-05-02,33.11320
2017-05-03,33.15400
2017-05-04,33.30730
2017-05-05,33.05810
2017-05-08,33.18480
2017-05-09,33.19040
2017-05-10,33.42340
2017-05-11,33.52890
2017-05-12,33.49620
2017-05-15,33.64510
2017-05-16,33.80950
2017-05-17,33.73780
2017-05-18,33.37170
2017-05-19,33.19100
2017-05-22,33.14570
2017-05-23,32.97980
2017-05-24,32.81170
2017-05-25,33.39670
2017-05-26,33.70720
2017-05-29,33.51350
2017-05-30,33.67090
2017-05-31,33.86880
2017-06-01,33.89760
2017-06-02,34.05600
2017-06-05,34.11030
2017-06-06,33.96270
2017-06-07,34.05570
2017-06-08,33.95280
2017-06-09,34.02010
2017-06-12,33.80250
2017-06-13,33.79680
2017-06-14,33.83980
2017-06-15,33.74180
2017-06-16,33.81170
2017-06-19,33.96220
2017-06-20,34.00630
2017-06-21,33.91990
2017-06-22,33.82870
2017-06-23,33.52700
2017-06-27,33.22800
2017-06-28,33.23730
2017-06-29,33.29400
2017-06-30,33.48130
2017-07-03,33.75540
2017-07-04,33.75490
2017-07-05,33.93620
2017-07-06,34.00430
2017-07-07,33.94870
2017-07-10,34.27190
2017-07-11,34.29130
2017-07-12,34.34440
2017-07-13,34.61240
2017-07-14,34.62520
2017-07-17,34.74960
2017-07-18,34.57290
2017-07-19,34.76830
2017-07-20,34.61040
2017-07-21,34.72520
2017-07-24,34.88890
2017-07-25,34.94450
2017-07-26,35.05750
2017-07-27,34.97340
2017-07-28,34.94590
2017-07-31,35.19150
2017-08-01,35.29420
2017-08-02,35.21840
2017-08-03,34.96130
2017-08-04,35.07920
2017-08-07,35.09600
2017-08-08,34.84080
2017-08-09,34.48820
2017-08-10,34.09170
2017-08-11,33.90930
2017-08-14,34.26930
2017-08-16,34.60270
2017-08-17,34.61040
2017-08-18,34.30970
2017-08-21,33.95450
2017-08-22,33.95800
2017-08-23,34.27080
2017-08-24,34.34300
2017-08-28,34.54410
2017-08-29,34.20360
2017-08-30,34.50790
2017-08-31,34.51170
2017-09-01,34.83390
2017-09-04,34.57190
2017-09-05,34.75220
2017-09-06,34.67860
2017-09-07,34.75690
2017-09-08,34.76960
2017-09-11,35.05710
2017-09-12,35.36560
2017-09-13,35.26300
2017-09-14,35.33330
2017-09-15,35.29850
2017-09-18,35.51860
2017-09-19,35.57410
2017-09-20,35.48950
2017-09-21,35.39600
2017-09-22,34.75890
2017-09-25,34.40400
2017-09-26,34.42250
2017-09-27,33.92160
2017-09-28,34.02760
2017-09-29,34.25420
2017-10-03,34.50240
2017-10-04,34.59430
2017-10-05,34.54190
2017-10-06,34.80340
2017-10-09,34.78090
2017-10-10,34.94460
2017-10-11,34.76690
2017-10-12,35.11100
2017-10-13,35.24900
2017-10-16,35.43570
2017-10-17,31.93460
2017-10-18,31.78570
2017-10-23,31.78440
2017-10-24,31.79070
2017-10-25,32.05550
2017-10-26,32.25070
2017-10-27,32.39890
2017-10-30,32.57720
2017-10-31,32.52700
2017-11-01,32.79000
2017-11-02,32.76170
2017-11-03,32.80160
2017-11-06,32.88890
2017-11-07,32.62010
2017-11-08,32.54880
2017-11-09,32.67180
2017-11-10,32.67060
2017-11-13,32.44620
2017-11-14,32.34110
2017-11-15,32.20550
2017-11-16,32.46350
2017-11-17,32.62430
2017-11-20,32.64110
2017-11-21,32.70900
2017-11-22,32.73870
2017-11-23,32.73220
2017-11-24,32.89500
2017-11-27,32.88450
2017-11-28,32.85000
2017-11-29,32.83160
2017-11-30,32.50280
2017-12-01,32.19490
2017-12-04,32.20200
2017-12-05,32.19760
2017-12-06,31.96270
2017-12-07,32.41280
2017-12-08,32.71420
2017-12-11,32.87230
2017-12-12,32.62380
2017-12-13,32.51940
2017-12-14,32.58480
2017-12-15,32.82180
2017-12-18,33.05930
2017-12-19,33.36590
2017-12-20,33.39130
2017-12-21,33.43010
2017-12-22,33.62420
2017-12-26,33.76280
2017-12-27,33.64570
2017-12-28,33.63600
2017-12-29,33.80380
2018-01-01,33.55760
2018-01-02,33.49290
2018-01-03,33.52940
2018-01-04,33.69750
2018-01-05,33.90310
2018-01-08,34.08880
2018-01-09,34.04940
2018-01-10,34.03920
2018-01-11,34.07670
2018-01-12,34.16150
2018-01-15,34.18550
2018-01-16,34.09640
2018-01-17,34.35640
2018-01-18,34.31810
2018-01-19,34.55240
2018-01-22,34.79560
2018-01-23,35.12590
2018-01-24,34.99760
2018-01-25,34.90000
2018-01-29,34.93470
2018-01-30,34.67790
2018-01-31,34.57950
2018-02-01,34.59030
2018-02-02,33.75140
2018-02-05,33.57590
2018-02-06,33.05420
2018-02-07,33.09010
2018-02-08,33.44980
2018-02-09,33.15090
2018-02-12,33.44820
2018-02-14,33.39480
2018-02-15,33.48030
2018-02-16,33.12050
2018-02-19,32.80070
2018-02-20,32.79520
2018-02-21,32.91310
2018-02-22,32.86790
2018-02-23,33.19020
2018-02-26,33.46040
2018-02-27,33.40220
2018-02-28,33.29180
2018-03-01,33.15180
2018-03-05,32.98470
2018-03-06,32.62130
2018-03-07,32.29660
2018-03-08,32.49210
2018-03-09,32.44540
2018-03-12,32.88050
2018-03-13,32.94490
2018-03-14,33.02800
2018-03-15,32.96720
2018-03-16,32.49610
2018-03-19,32.14770
2018-03-20,32.20370
2018-03-21,32.26640
2018-03-22,32.09420
2018-03-23,31.77600
2018-03-26,32.15890
2018-03-27,32.40610
2018-03-28,32.27250
2018-04-02,32.59440
2018-04-03,32.76540
2018-04-04,32.42520
2018-04-05,33.03700
2018-04-06,33.14240
2018-04-09,33.23140
2018-04-10,33.30210
2018-04-11,33.40740
2018-04-12,33.52830
2018-04-13,33.60550
2018-04-16,33.69080
2018-04-17,33.67660
2018-04-18,33.54520
2018-04-19,33.68950
2018-04-20,33.76410
2018-04-23,33.92140
2018-04-24,33.89060
2018-04-25,33.83400
2018-04-26,33.99900
2018-04-27,34.14400
2018-04-30,34.31890
2018-05-02,34.12440
2018-05-03,33.92930
2018-05-04,33.82890
2018-05-07,34.06120
2018-05-08,34.09570
2018-05-09,34.09740
2018-05-10,33.95110
2018-05-11,34.18610
2018-05-14,34.17120
2018-05-15,34.09360
2018-05-16,33.88860
2018-05-17,33.81280
2018-05-18,33.49450
2018-05-21,33.24760
2018-05-22,33.34600
2018-05-23,33.14580
2018-05-24,33.33240
2018-05-25,33.63570
2018-05-28,33.89340
2018-05-29,33.73250
2018-05-30,33.64840
2018-05-31,33.95260
2018-06-01,33.75840
2018-06-04,33.61070
2018-06-05,33.41880
2018-06-06,33.69040
2018-06-07,33.96120
2018-06-08,34.04500
2018-06-11,34.12580
2018-06-12,34.25550
2018-06-13,34.29210
2018-06-14,34.16820
2018-06-15,34.21640
2018-06-18,34.16090
2018-06-19,33.85360
2018-06-20,34.00810
2018-06-21,33.87850
2018-06-22,34.05730
2018-06-25,33.87680
2018-06-26,33.93740
2018-06-27,33.64490
2018-06-28,33.31310
2018-06-29,33.63200
2018-07-02,33.55110
2018-07-03,33.73580
2018-07-04,33.80820
2018-07-05,33.69230
2018-07-06,33.81920
2018-07-09,34.13130
2018-07-10,34.34810
2018-07-11,34.33140
2018-07-12,34.34040
2018-07-13,34.28590
2018-07-16,33.97420
2018-07-17,34.25470
2018-07-18,34.08560
2018-07-19,33.98040
2018-07-20,34.22530
2018-07-23,34.51200
2018-07-24,34.75880
2018-07-25,34.66150
2018-07-26,34.77090
2018-07-27,35.07810
2018-07-30,35.24590
2018-07-31,35.37420
2018-08-01,35.38110
2018-08-02,35.18020
2018-08-03,35.49030
2018-08-06,35.57950
2018-08-07,35.48810
2018-08-08,35.60820
2018-08-09,35.73380
2018-08-10,35.65350
2018-08-13,35.51620
2018-08-14,35.77660
2018-08-16,35.73190
2018-08-17,36.00480
2018-08-20,36.10690
2018-08-21,36.15270
2018-08-23,36.20240
2018-08-24,36.04810
2018-08-27,36.46210
2018-08-28,36.51660
2018-08-29,36.38670
2018-08-30,36.41900
2018-08-31,36.60240
2018-09-03,36.28980
2018-09-04,35.93670
2018-09-05,35.83680
2018-09-06,35.94320
2018-09-07,36.20350
2018-09-10,35.80180
2018-09-11,35.28120
2018-09-12,35.30240
2018-09-14,35.71720
2018-09-17,35.38100
2018-09-18,34.97520
2018-09-19,34.87830
2018-09-21,34.47890
2018-09-24,33.95680
2018-09-25,34.22480
2018-09-26,34.20080
2018-09-27,33.85840
2018-09-28,33.63370
2018-10-01,33.84040
2018-10-03,33.30040
2018-10-04,32.71210
2018-10-05,32.14950
2018-10-08,32.07030
2018-10-09,31.85860
2018-10-10,32.35880
2018-10-11,31.69160
2018-10-12,32.32110
2018-10-15,32.42940
2018-10-16,32.71830
2018-10-17,32.29000
2018-10-19,31.97380
2018-10-22,31.78800
2018-10-23,31.38980
2018-10-24,31.58960
2018-10-25,31.34530
2018-10-26,31.07840
2018-10-29,31.78640
2018-10-30,31.74000
2018-10-31,32.32550
2018-11-01,32.42160
2018-11-02,32.83110
2018-11-05,32.69330
2018-11-06,32.67790
2018-11-09,32.96880
2018-11-12,32.73540
2018-11-13,32.96270
2018-11-14,32.89210
2018-11-15,33.08820
2018-11-16,30.47710
2018-11-19,30.67620
2018-11-20,30.42370
2018-11-21,30.34250
2018-11-22,30.12660
2018-11-26,30.39680
2018-11-27,30.50180
2018-11-28,30.59250
2018-11-29,30.87710
2018-11-30,30.94940
2018-12-03,30.97020
2018-12-04,30.96430
2018-12-05,30.60050
2018-12-06,30.12210
2018-12-07,30.32740
2018-12-10,29.80450
2018-12-11,29.97050
2018-12-12,30.57910
2018-12-13,30.74100
2018-12-14,30.83350
2018-12-17,31.00430
2018-12-18,31.07650
2018-12-19,31.25570
2018-12-20,31.19740
2018-12-21,30.63250
2018-12-24,30.47320
2018-12-26,30.58000
2018-12-27,30.67210
2018-12-28,30.90390
2018-12-31,30.93200
2019-01-01,31.02660
2019-01-02,30.76690
2019-01-03,30.51450
2019-01-04,30.55350
2019-01-07,30.69760
2019-01-08,30.87720
2019-01-09,30.98810
2019-01-10,30.94490
2019-01-11,30.79940
2019-01-14,30.65470
2019-01-15,31.00560
2019-01-16,31.03510
2019-01-17,31.06160
2019-01-18,30.85740
2019-01-21,30.90200
2019-01-22,30.84510
2019-01-23,30.62810
2019-01-24,30.66640
2019-01-25,30.44460
2019-01-28,30.10170
2019-01-29,30.15810
2019-01-30,30.27560
2019-01-31,30.71700
2019-02-01,30.84210
2019-02-04,30.76590
2019-02-05,30.79440
2019-02-06,31.13200
2019-02-07,31.24890
2019-02-08,30.92030
2019-02-11,30.77280
2019-02-12,30.59520
2019-02-13,30.44720
2019-02-14,30.42810
2019-02-15,30.27440
2019-02-18,30.05230
2019-02-19,29.95060
2019-02-20,30.29540
2019-02-21,30.41270
2019-02-22,30.41860
2019-02-25,30.69830
2019-02-26,30.62030
2019-02-27,30.60690
2019-02-28,30.55360
2019-03-01,30.76340
2019-03-05,31.11100
2019-03-06,31.23150
2019-03-07,31.24740
2019-03-08,31.19890
2019-03-11,31.56660
2019-03-12,31.89280
2019-03-13,31.94590
2019-03-14,31.94330
2019-03-15,32.14370
2019-03-18,32.14850
2019-03-19,32.27590
2019-03-20,32.31230
2019-03-22,32.17820
2019-03-25,31.84690
2019-03-26,32.13190
2019-03-27,32.08160
2019-03-28,32.47870
2019-03-29,32.60380
2019-04-01,32.76500
2019-04-02,32.92680
2019-04-03,32.67570
2019-04-04,32.57080
2019-04-05,32.74790
2019-04-08,32.60250
2019-04-09,32.75910
2019-04-10,32.53460
2019-04-11,32.48950
2019-04-12,32.66280
2019-04-15,32.79370
2019-04-16,33.07030
2019-04-18,32.90060
2019-04-22,32.51170
2019-04-23,32.35930
2019-04-24,32.65100
2019-04-25,32.43650
2019-04-26,32.72940
2019-04-30,32.63470
2019-05-02,32.47250
2019-05-03,32.41310
2019-05-06,32.19300
2019-05-07,31.93940
2019-05-08,31.63000
2019-05-09,31.52640
2019-05-10,31.51000
2019-05-13,31.07560
2019-05-14,31.26460
2019-05-15,31.08260
2019-05-16,31.18980
2019-05-17,31.52350
2019-05-20,32.59080
2019-05-21,32.19650
2019-05-22,32.27520
2019-05-23,32.15200
2019-05-24,32.77920
2019-05-27,33.04600
2019-05-28,33.13250
2019-05-29,32.94110
2019-05-30,33.10320
2019-05-31,33.13410
2019-06-03,33.45640
2019-06-04,33.29530
2019-06-06,32.73730
2019-06-07,32.81210
2019-06-10,32.99720
2019-06-11,33.13930
2019-06-12,32.93190
2019-06-13,32.91040
2019-06-14,32.65650
2019-06-17,32.29380
2019-06-18,32.37490
2019-06-19,32.28560
2019-06-20,32.76250
2019-06-21,32.51480
2019-06-24,32.47040
2019-06-25,32.66430
2019-06-26,32.78510
2019-06-27,32.81880
2019-06-28,32.68790
2019-07-01,32.87600
2019-07-02,32.91880
2019-07-03,32.88020
2019-07-04,32.97460
2019-07-05,32.61110
2019-07-08,32.07800
2019-07-09,32.03560
2019-07-10,31.85080
2019-07-11,32.05640
2019-07-12,32.07940
2019-07-15,32.19360
2019-07-16,32.38400
2019-07-17,32.43130
2019-07-18,32.13760
2019-07-19,31.68200
2019-07-22,31.58750
2019-07-23,31.57620
2019-07-24,31.39090
2019-07-25,31.51300
2019-07-26,31.57190
2019-07-29,31.38300
2019-07-30,31.13610
2019-07-31,31.23950
2019-08-01,30.83070
2019-08-02,30.93610
2019-08-05,30.73940
2019-08-06,31.01830
2019-08-07,30.82840
2019-08-08,31.23520
2019-08-09,31.39820
2019-08-13,30.77920
2019-08-14,31.06940
2019-08-16,31.08380
2019-08-19,31.15130
2019-08-20,31.10650
2019-08-21,30.87490
2019-08-22,30.49400
2019-08-23,30.68080
2019-08-26,31.22420
2019-08-27,31.32250
2019-08-28,31.17450
2019-08-29,30.99480
2019-08-30,31.23410
2019-09-03,30.67610
2019-09-04,30.79130
2019-09-05,30.80120
2019-09-06,31.04860
2019-09-09,31.18420
2019-09-11,31.25540
2019-09-12,31.16410
2019-09-13,31.38050
2019-09-16,31.25340
2019-09-17,30.70780
2019-09-18,30.77810
2019-09-19,30.39220
2019-09-20,32.01980
2019-09-23,32.85040
2019-09-24,32.75840
2019-09-25,32.29970
2019-09-26,32.69180
2019-09-27,32.51250
2019-09-30,32.36300
2019-10-01,32.06280
2019-10-03,31.86320
2019-10-04,31.47690
2019-10-07,31.34090
2019-10-09,31.82940
2019-10-10,31.56080
2019-10-11,31.75370
2019-10-14,31.87350
2019-10-15,32.02980
2019-10-16,32.06640
2019-10-17,32.42280
2019-10-18,30.03350
2019-10-22,29.81560
2019-10-23,29.91960
2019-10-24,29.86430
2019-10-25,29.90290
2019-10-29,30.49490
2019-10-30,30.65820
2019-10-31,30.73290
2019-11-01,30.71100
2019-11-04,30.80900
2019-11-05,30.71310
2019-11-06,30.80420
2019-11-07,30.90910
2019-11-08,30.71290
2019-11-11,30.73470
2019-11-13,30.44820
2019-11-14,30.61190
2019-11-15,30.72940
2019-11-18,30.72260
2019-11-19,30.83430
2019-11-20,30.97630
2019-11-21,30.86200
2019-11-22,30.66930
2019-11-25,31.08650
2019-11-26,31.00740
2019-11-27,31.12010
2019-11-28,31.21130
2019-11-29,31.04980
2019-12-02,31.01530
2019-12-03,30.88730
2019-12-04,31.09800
2019-12-05,31.01360
2019-12-06,30.76040
2019-12-09,30.78870
2019-12-10,30.64420
2019-12-11,30.78670
2019-12-12,30.89850
2019-12-13,31.16780
2019-12-16,31.12450
2019-12-17,31.40260
2019-12-18,31.51080
2019-12-19,31.59600
2019-12-20,31.62540
2019-12-23,31.60850
2019-12-24,31.51200
2019-12-26,31.35150
2019-12-27,31.65170
2019-12-30,31.67420
2019-12-31,31.51130
2020-01-01,31.51970
2020-01-02,31.73690
2020-01-03,31.66610
2020-01-06,31.17570
2020-01-07,31.29150
2020-01-08,31.29480
2020-01-09,31.73400
2020-01-10,31.85980
2020-01-13,32.04200
2020-01-14,32.15490
2020-01-15,32.19960
2020-01-16,32.28810
2020-01-17,32.24050
2020-01-20,32.02810
2020-01-21,31.85390
2020-01-22,31.76630
2020-01-23,32.00280
2020-01-24,32.17910
2020-01-27,31.98570
2020-01-28,31.82540
2020-01-29,31.90770
2020-01-30,31.75500
2020-01-31,31.62830
2020-02-03,31.13160
2020-02-04,31.77370
2020-02-05,32.09210
2020-02-06,32.20140
2020-02-07,32.12520
2020-02-10,32.00880
2020-02-11,32.17710
2020-02-12,32.40110
2020-02-13,32.40350
2020-02-14,32.25680
2020-02-17,32.14820
2020-02-18,32.03250
2020-02-19,32.32860
2020-02-20,32.24550
2020-02-24,31.66470
2020-02-25,31.55340
2020-02-26,31.22430
2020-02-27,31.18340
2020-02-28,30.06030
2020-03-02,29.90770
2020-03-03,30.32730
2020-03-04,30.21630
2020-03-05,30.30030
2020-03-06,29.72660
2020-03-09,28.50460
2020-03-11,28.40870
2020-03-12,26.25280
2020-03-13,27.19520
2020-03-16,25.31290
2020-03-17,24.75960
2020-03-18,23.50980
2020-03-19,23.01280
2020-03-20,24.10590
2020-03-23,21.15660
2020-03-24,21.66560
2020-03-25,22.78630
2020-03-26,23.53920
2020-03-27,23.59350
2020-03-30,22.69620
2020-03-31,23.41330
2020-04-01,22.56220
2020-04-03,22.04690
2020-04-07,23.80260
2020-04-08,23.81390
2020-04-09,24.88390
2020-04-13,24.64510
2020-04-15,24.52280
2020-04-16,24.77400
2020-04-17,25.46540
2020-04-20,25.40890
2020-04-21,24.73790
2020-04-22,25.11710
2020-04-23,25.41690
2020-04-24,24.95120
2020-04-27,25.24530
2020-04-28,25.48020
2020-04-29,25.90440
2020-04-30,26.58720
2020-05-04,25.22700
2020-05-05,24.90050
2020-05-06,25.15180
2020-05-07,24.89540
2020-05-08,25.03350
2020-05-11,25.04830
2020-05-12,25.04000
2020-05-13,25.49740
2020-05-14,24.93710
2020-05-15,24.89600
2020-05-18,24.05830
2020-05-19,24.26690
2020-05-20,24.71880
2020-05-21,24.89390
2020-05-22,24.78680
2020-05-26,24.75330
2020-05-27,25.32620
2020-05-28,25.73970
2020-05-29,25.97890
2020-06-01,26.50960
2020-06-02,26.82980
2020-06-03,27.04580
2020-06-04,27.00680
2020-06-05,27.32160
2020-06-08,27.35390
2020-06-09,27.05750
2020-06-10,27.16000
2020-06-11,26.61990
2020-06-12,26.81800
2020-06-15,26.49150
2020-06-16,26.73430
2020-06-17,26.71260
2020-06-18,27.10830
2020-06-19,27.44100
2020-06-22,27.69170
2020-06-23,28.07330
2020-06-24,27.64520
2020-06-25,27.59370
2020-06-26,27.81880
2020-06-29,27.59780
2020-06-30,27.58880
2020-07-01,27.81200
2020-07-02,28.10000
2020-07-03,28.29370
2020-07-06,28.59780
2020-07-07,28.76100
2020-07-08,28.46510
2020-07-09,28.72590
2020-07-10,28.55640
2020-07-13,28.62320
2020-07-14,28.21670
2020-07-15,28.26030
2020-07-16,28.56270
2020-07-17,28.91620
2020-07-20,29.18230
2020-07-21,29.41260
2020-07-22,29.28200
2020-07-23,29.49690
2020-07-24,29.32930
2020-07-27,29.10090
2020-07-28,29.41610
2020-07-29,29.35810
2020-07-30,29.23740
2020-07-31,29.26680
2020-08-03,28.97250
2020-08-04,29.33500
2020-08-05,29.45210
2020-08-06,29.69610
2020-08-07,29.71420
2020-08-10,30.01160
2020-08-11,30.00960
2020-08-12,30.01100
2020-08-13,30.09110
2020-08-14,29.80330
2020-08-17,29.95640
2020-08-18,30.33460
2020-08-19,30.46870
2020-08-20,30.28500
2020-08-21,30.47570
2020-08-24,30.71990
2020-08-25,30.77880
2020-08-26,30.90540
2020-08-27,30.98440
2020-08-28,31.19940
2020-08-31,30.37690
2020-09-01,30.62490
2020-09-02,30.80980
2020-09-03,30.85770
2020-09-04,30.32880
2020-09-07,30.32690
2020-09-08,30.17060
2020-09-09,29.99460
2020-09-10,30.26380
2020-09-11,30.35230
2020-09-14,30.45220
2020-09-15,30.72760
2020-09-16,30.95570
2020-09-17,30.75890
2020-09-18,30.77740
2020-09-21,30.00720
2020-09-22,29.82800
2020-09-23,29.72140
2020-09-24,28.85570
2020-09-25,29.53660
2020-09-28,30.05130
2020-09-29,30.02570
2020-09-30,30.10440
2020-10-01,30.52480
2020-10-05,30.78050
2020-10-06,31.13640
2020-10-07,31.28200
2020-10-08,31.51270
2020-10-09,31.69030
2020-10-12,31.69990
2020-10-13,31.60420
2020-10-14,31.69070
2020-10-15,31.03740
2020-10-16,31.37320
2020-10-19,31.57500
2020-10-20,31.68350
2020-10-21,31.80670
2020-10-22,31.71150
2020-10-23,31.87540
2020-10-26,31.42210
2020-10-27,31.73140
2020-10-28,31.35180
2020-10-29,31.24940
2020-10-30,31.06030
2020-11-02,31.33480
2020-11-03,31.71660
2020-11-04,31.93780
2020-11-05,32.44780
2020-11-06,31.09230
2020-11-09,31.63720
2020-11-10,31.82420
2020-11-11,32.24420
2020-11-12,32.20700
2020-11-13,32.34660
2020-11-17,32.79270
2020-11-18,32.91110
2020-11-19,32.46360
2020-11-20,32.73920
2020-11-23,32.91400
2020-11-24,33.19960
2020-11-25,32.58760
2020-11-26,32.85400
2020-11-27,32.97220
2020-12-01,33.32610
2020-12-02,33.36680
2020-12-03,33.43510
2020-12-04,33.78880
2020-12-07,34.07820
2020-12-08,34.10790
2020-12-09,34.35140
2020-12-10,34.23160
2020-12-11,34.29680
2020-12-14,34.39010
2020-12-15,34.36760
2020-12-16,34.65040
2020-12-17,34.77980
2020-12-18,34.89130
2020-12-21,33.78560
2020-12-22,34.20230
2020-12-23,34.59130
2020-12-24,34.91230
2020-12-28,35.20190
2020-12-29,35.36550
2020-12-30,35.48170
2020-12-31,35.56490
2021-01-01,35.65130
2021-01-04,36.00090
2021-01-05,36.18880
2021-01-06,36.15640
2021-01-07,36.20220
2021-01-08,36.72300
2021-01-11,37.11990
2021-01-12,37.22350
2021-01-13,37.17850
2021-01-14,37.22690
2021-01-15,36.81960
2021-01-18,36.32240
2021-01-19,36.91380
2021-01-20,37.21800
2021-01-21,37.00420
2021-01-22,36.52130
2021-01-25,36.29360
2021-01-27,35.57030
2021-01-28,35.27210
2021-01-29,34.71060
2021-02-01,36.21430
2021-02-02,37.14100
2021-02-03,37.52560
2021-02-04,37.87330
2021-02-05,37.85220
2021-02-08,38.47690
2021-02-09,38.42230
2021-02-10,38.37060
2021-02-11,38.47580
2021-02-12,38.41830
2021-02-15,38.86470
2021-02-16,38.71050
2021-02-17,38.46370
2021-02-18,38.26160
2021-02-19,37.87050
2021-02-22,37.17930
2021-02-23,37.32690
2021-02-24,37.90090
2021-02-25,38.02250
2021-02-26,36.80660
2021-03-01,37.29860
2021-03-02,37.79660
2021-03-03,38.56420
2021-03-04,38.28860
2021-03-05,37.86260
2021-03-08,37.87350
2021-03-09,38.09490
2021-03-10,38.33800
2021-03-12,38.09360
2021-03-15,37.86700
2021-03-16,37.83140
2021-03-17,37.39600
2021-03-18,36.93280
2021-03-19,37.33060
2021-03-22,37.36660
2021-03-23,37.68480
2021-03-24,37.06880
2021-03-25,36.53050
2021-03-26,37.07830
2021-03-30,37.91080
2021-03-31,37.63510
2021-04-01,37.97190
2021-04-05,37.39000
2021-04-06,37.47070
2021-04-07,37.86860
2021-04-08,38.05350
2021-04-09,38.04800
2021-04-12,36.75470
2021-04-13,37.12780
2021-04-15,37.32140
2021-04-16,37.41760
2021-04-19,36.86900
2021-04-20,36.77320
2021-04-22,36.97820
2021-04-23,36.75160
2021-04-26,37.12180
2021-04-27,37.57680
2021-04-28,38.09660
2021-04-29,38.10550
2021-04-30,37.52550
2021-05-03,37.60720
2021-05-04,37.22890
2021-05-05,37.56140
2021-05-06,37.83360
2021-05-07,37.99190
2021-05-10,38.26950
2021-05-11,38.14820
2021-05-12,37.86750
2021-05-14,37.68650
2021-05-17,38.24240
2021-05-18,38.65760
2021-05-19,38.50020
2021-05-20,38.22370
2021-05-21,38.84330
2021-05-24,38.93280
2021-05-25,39.02270
2021-05-26,39.23120
2021-05-27,39.25780
2021-05-28,39.31780
2021-05-31,39.70610
2021-06-01,39.59010
2021-06-02,39.59210
2021-06-03,39.93660
2021-06-04,39.86020
2021-06-07,40.07170
2021-06-08,40.14790
2021-06-09,39.89870
2021-06-10,40.41410
2021-06-11,40.55720
2021-06-14,40.63860
2021-06-15,40.77880
2021-06-16,40.54460
2021-06-17,40.38940
2021-06-18,40.41020
2021-06-21,40.47200
2021-06-22,40.58710
2021-06-23,40.38610
2021-06-24,40.66330
2021-06-25,40.96490
2021-06-28,40.91610
2021-06-29,40.72140
2021-06-30,40.69060
2021-07-01,40.66360
2021-07-02,40.79000
2021-07-05,41.07190
2021-07-06,41.00890
2021-07-07,41.14680
2021-07-08,40.83650
2021-07-09,40.76700
2021-07-12,40.71890
2021-07-13,40.97820
2021-07-14,41.09020
2021-07-15,41.16210
2021-07-16,41.19200
2021-07-19,40.81120
2021-07-20,40.47970
2021-07-22,41.16240
2021-07-23,41.35180
2021-07-26,41.34280
2021-07-27,41.11360
2021-07-28,41.09730
2021-07-29,41.30050
2021-07-30,41.33520
2021-08-02,41.67440
2021-08-03,42.24280
2021-08-04,42.43610
2021-08-05,42.54920
2021-08-06,42.40760
2021-08-09,42.41000
2021-08-10,42.45600
2021-08-11,42.30690
2021-08-12,42.53440
2021-08-13,42.85780
2021-08-16,42.80570
2021-08-17,43.02260
2021-08-18,42.98090
2021-08-20,42.60880
2021-08-23,42.64270
2021-08-24,42.92040
2021-08-25,42.92640
2021-08-26,42.89220
2021-08-27,43.11240
2021-08-30,43.82060
2021-08-31,44.52080
2021-09-01,44.60480
2021-09-02,45.08230
2021-09-03,45.17500
2021-09-06,45.29860
2021-09-07,45.22010
2021-09-08,45.22220
2021-09-09,45.31340
2021-09-13,45.34620
2021-09-14,45.41630
2021-09-15,45.84370
2021-09-16,45.95870
2021-09-17,45.77840
2021-09-20,45.20320
2021-09-21,45.58730
2021-09-22,45.63720
2021-09-23,46.22550
2021-09-24,46.27430
2021-09-27,46.21900
2021-09-28,45.73780
2021-09-29,45.68480
2021-09-30,45.53520
2021-10-01,45.27640
2021-10-04,45.68170
2021-10-05,45.90070
2021-10-06,45.41850
2021-10-07,45.98510
2021-10-08,46.26990
2021-10-11,46.56400
2021-10-12,46.73060
2021-10-13,47.20760
2021-10-14,47.45290
2021-10-18,47.81570
2021-10-19,47.56540
2021-10-20,47.12280
2021-10-21,46.93000
2021-10-22,46.71810
2021-10-25,46.70470
2021-10-26,47.21020
2021-10-27,47.23980
2021-10-28,46.47050
2021-10-29,46.22140
2021-11-01,46.92390
2021-11-02,44.29890
2021-11-03,44.13560
2021-11-08,44.87190
2021-11-09,44.94000
2021-11-10,44.94770
2021-11-11,44.61750
2021-11-12,45.17850
2021-11-15,45.17020
2021-11-16,45.02660
2021-11-17,44.79420
2021-11-18,44.38700
2021-11-22,43.59410
2021-11-23,43.85240
2021-11-24,43.59140
2021-11-25,43.67060
2021-11-26,42.50460
2021-11-29,42.37350
2021-11-30,42.38320
2021-12-01,42.67870
2021-12-02,43.16010
2021-12-03,42.82000
2021-12-06,42.08630
2021-12-07,42.73030
2021-12-08,43.45320
2021-12-09,43.57830
2021-12-10,43.62310
2021-12-13,43.37400
2021-12-14,43.35400
2021-12-15,43.08680
2021-12-16,43.07450
2021-12-17,42.38560
2021-12-20,41.40690
2021-12-21,41.80580
2021-12-22,42.38900
2021-12-23,42.63850
2021-12-24,42.42330
2021-12-27,42.67970
2021-12-28,43.08730
2021-12-29,43.07510
2021-12-30,42.99800
2021-12-31,43.43170
2022-01-03,44.02550
2022-01-04,44.37480
2022-01-05,44.54200
2022-01-06,44.25770
2022-01-07,44.43300
2022-01-10,44.83710
2022-01-11,44.91360
2022-01-12,45.23730
2022-01-13,45.38580
2022-01-14,45.39760
2022-01-17,45.55070
2022-01-18,45.05910
2022-01-19,44.65190
2022-01-20,44.28920
2022-01-21,43.77120
2022-01-24,42.53980
2022-01-25,42.85770
2022-01-27,42.27180
2022-01-28,42.25270
2022-01-31,42.83670
2022-02-01,43.44290
2022-02-02,43.85740
2022-02-03,43.42830
2022-02-04,43.32360
2022-02-07,42.67030
2022-02-08,42.70990
2022-02-09,43.18970
2022-02-10,43.39830
2022-02-11,42.68810
2022-02-14,41.31250
2022-02-15,42.50330
2022-02-16,42.38540
2022-02-17,42.24980
2022-02-18,42.08340
2022-02-21,41.93710
2022-02-22,41.62930
2022-02-23,41.67220
2022-02-24,39.70550
2022-02-25,40.76290
2022-02-28,41.05390
2022-03-02,40.44650
2022-03-03,40.09900
2022-03-04,39.44160
2022-03-07,38.48330
2022-03-08,38.94740
2022-03-09,39.75150
2022-03-10,40.25550
2022-03-11,40.37030
2022-03-14,40.80840
2022-03-15,40.51620
2022-03-16,41.22930
2022-03-17,41.91920
2022-03-21,41.48720
2022-03-22,41.87590
2022-03-23,41.75310
2022-03-24,41.68530
2022-03-25,41.51360
2022-03-28,41.70600
2022-03-29,42.06710
2022-03-30,42.47110
2022-03-31,42.47100
2022-04-01,42.85520
2022-04-04,43.65510
2022-04-05,43.60210
2022-04-06,43.28580
2022-04-07,42.96410
2022-04-08,43.24620
2022-04-11,42.98350
2022-04-12,42.61730
2022-04-13,42.46890
2022-04-18,41.74360
2022-04-19,41.18680
2022-04-20,41.51780
2022-04-21,42.09970
2022-04-22,41.57730
2022-04-25,41.01910
2022-04-26,41.60570
2022-04-27,41.19300
2022-04-28,41.53740
2022-04-29,41.25510
2022-05-02,41.06430
2022-05-04,40.07400
2022-05-05,40.10980
2022-05-06,39.36250
2022-05-09,39.10150
2022-05-10,38.96590
2022-05-11,38.72300
2022-05-12,38.00430
2022-05-13,38.03920
2022-05-16,38.27710
2022-05-17,39.15190
2022-05-18,39.05230
2022-05-19,38.06550
2022-05-20,38.87670
2022-05-23,38.84140
2022-05-24,38.61110
2022-05-25,38.29680
2022-05-26,38.71970
2022-05-27,39.14720
2022-05-30,40.00660
2022-05-31,39.93860
2022-06-01,39.78510
2022-06-02,39.90180
2022-06-03,39.65210
2022-06-06,39.50890
2022-06-07,39.10910
2022-06-08,38.91330
2022-06-09,39.22000
2022-06-10,38.70160
2022-06-13,37.73940
2022-06-14,37.71400
2022-06-15,37.74840
2022-06-16,36.97990
2022-06-17,36.66040
2022-06-20,36.78530
2022-06-21,37.49750
2022-06-22,37.09540
2022-06-23,37.61120
2022-06-24,37.91660
2022-06-27,38.20820
2022-06-28,38.17640
2022-06-29,37.99580
2022-06-30,37.92780
2022-07-01,38.08240
2022-07-04,38.30100
2022-07-05,38.29050
2022-07-06,38.79830
2022-07-07,39.16700
2022-07-08,39.34800
2022-07-11,39.38420
2022-07-12,39.02240
2022-07-13,38.85180
2022-07-14,38.80860
2022-07-15,39.04590
2022-07-18,39.58200
2022-07-19,39.70740
2022-07-20,39.98650
2022-07-21,40.32030
2022-07-22,40.51130
2022-07-25,40.38050
2022-07-26,39.92840
2022-07-27,40.23680
2022-07-28,40.73570
2022-07-29,41.16080
2022-08-01,41.61920
2022-08-02,41.65510
2022-08-03,41.71440
2022-08-04,41.76280
2022-08-05,41.87390
2022-08-08,42.07210
2022-08-10,42.07790
2022-08-11,42.48420
2022-08-12,42.48920
2022-08-16,42.81950
2022-08-17,43.13270
2022-08-18,43.18720
2022-08-19,42.76130
2022-08-22,42.03760
2022-08-23,42.28160
2022-08-24,42.35320
2022-08-25,42.27810
2022-08-26,42.28940
2022-08-29,41.77000
2022-08-30,42.71830
2022-09-01,42.38780
2022-09-02,42.39100
2022-09-05,42.59430
2022-09-06,42.58720
2022-09-07,42.54880
2022-09-08,43.01930
2022-09-09,43.11580
2022-09-12,43.37370
2022-09-13,43.57220
2022-09-14,43.41000
2022-09-15,43.21710
2022-09-16,42.38500
2022-09-19,42.49850
2022-09-20,43.02450
2022-09-21,42.71020
2022-09-22,42.61590
2022-09-23,41.94030
2022-09-26,41.31060
2022-09-27,41.28050
2022-09-28,41.12230
2022-09-29,41.04680
2022-09-30,41.69140
2022-10-03,41.19970
2022-10-04,41.97980
2022-10-06,42.10840
2022-10-07,42.09230
2022-10-10,41.95670
2022-10-11,41.36270
2022-10-12,41.57610
2022-10-13,41.25800
2022-10-14,41.61550
2022-10-17,41.83560
2022-10-18,42.16110
2022-10-19,42.17290
2022-10-20,42.20130
2022-10-21,42.23970
2022-10-25,42.62940
2022-10-27,42.82040
2022-10-28,42.78200
2022-10-31,43.39410
2022-11-01,43.61410
2022-11-02,43.38930
2022-11-03,43.23230
2022-11-04,42.00110
2022-11-07,42.13850
2022-11-09,41.95030
2022-11-10,41.70290
2022-11-11,42.35890
2022-11-14,42.37700
2022-11-15,42.53920
2022-11-16,42.51110
2022-11-17,42.33380
2022-11-18,42.28430
2022-11-21,42.07660
2022-11-22,42.18130
2022-11-23,42.22770
2022-11-24,42.66290
2022-11-25,42.74890
2022-11-28,42.77300
2022-11-29,42.83170
2022-11-30,43.14330
2022-12-01,43.28280
2022-12-02,43.06720
2022-12-05,43.01810
2022-12-06,42.80930
2022-12-07,42.66530
2022-12-08,42.81150
2022-12-09,42.56310
2022-12-12,42.44970
2022-12-13,42.62280
2022-12-14,42.78660
2022-12-15,42.26550
2022-12-16,41.88600
2022-12-19,42.15370
2022-12-20,42.04200
2022-12-21,41.62610
2022-12-22,41.50670
2022-12-23,40.80290
2022-12-26,41.28520
2022-12-27,41.57870
2022-12-28,41.53640
2022-12-29,41.71120
2022-12-30,41.46740
2023-01-02,41.64690
2023-01-03,41.79620
2023-01-04,41.45760
2023-01-05,41.29330
2023-01-06,40.93270
2023-01-09,41.36210
2023-01-10,40.97460
2023-01-11,40.94890
2023-01-12,40.89510
2023-01-13,41.10080
2023-01-16,40.91580
2023-01-17,41.11470
2023-01-18,41.29960
2023-01-19,41.16250
2023-01-20,40.97210
2023-01-23,41.16610
2023-01-24,41.23270
2023-01-25,40.73290
2023-01-27,40.18520
2023-01-30,40.34730
2023-01-31,40.42670
2023-02-01,40.55520
2023-02-02,40.64920
2023-02-03,41.04950
2023-02-06,40.89460
2023-02-07,40.78690
2023-02-08,41.07330
2023-02-09,41.13310
2023-02-10,41.08220
2023-02-13,40.79220
2023-02-14,40.98060
2023-02-15,41.19420
2023-02-16,41.28740
2023-02-17,41.11860
2023-02-20,40.95090
2023-02-21,40.87470
2023-02-22,40.35130
2023-02-23,40.25080
2023-02-24,40.19890
2023-02-27,40.00280
2023-02-28,39.84970
2023-03-01,40.15520
2023-03-02,39.83730
2023-03-03,40.22870
2023-03-06,40.52060
2023-03-08,40.53030
2023-03-09,40.20370
2023-03-10,39.89120
2023-03-13,39.32080
2023-03-14,39.10570
2023-03-15,38.96890
2023-03-16,38.92380
2023-03-17,39.15720
2023-03-20,38.95950
2023-03-21,39.17930
2023-03-22,39.25930
2023-03-23,39.11750
2023-03-24,38.88480
2023-03-27,38.82390
2023-03-28,38.69760
2023-03-29,38.94070
2023-03-31,39.55150
2023-04-03,39.74240
2023-04-05,40.05830
2023-04-06,40.13310
2023-04-10,40.13170
2023-04-11,40.27040
2023-04-12,40.54010
2023-04-13,40.51880
2023-04-17,40.13160
2023-04-18,40.09420
2023-04-19,39.92070
2023-04-20,39.94730
2023-04-21,39.86640
2023-04-24,40.08350
2023-04-25,40.11840
2023-04-26,40.19640
2023-04-27,40.44790
2023-04-28,40.68190
2023-05-02,40.89120
2023-05-03,40.80310
2023-05-04,41.17120
2023-05-05,40.89440
2023-05-08,41.28230
2023-05-09,41.33470
2023-05-10,41.46920
2023-05-11,41.54360
2023-05-12,41.63650
2023-05-15,41.73190
2023-05-16,41.63280
2023-05-17,41.38000
2023-05-18,41.32010
2023-05-19,41.48650
2023-05-22,41.69890
2023-05-23,41.73700
2023-05-24,41.64940
2023-05-25,41.79070
2023-05-26,42.15730
2023-05-29,42.31220
2023-05-30,42.36150
2023-05-31,42.28160
2023-06-01,42.28210
2023-06-02,42.43510
2023-06-05,42.58140
2023-06-06,42.59950
2023-06-07,42.87200
2023-06-08,42.62090
2023-06-09,42.56090
2023-06-12,42.66370
2023-06-13,42.93750
2023-06-14,42.94760
2023-06-15,42.89480
2023-06-16,43.22950
2023-06-19,43.06410
2023-06-20,43.23720
2023-06-21,43.31440
2023-06-22,43.07480
2023-06-23,42.83950
2023-06-26,42.99050
2023-06-27,43.34150
2023-06-28,43.65370
2023-06-30,44.09210
2023-07-03,44.22030
2023-07-04,44.28170
2023-07-05,44.37910
2023-07-06,44.49300
2023-07-07,44.14600
2023-07-10,44.06590
2023-07-11,44.27890
2023-07-12,44.17990
2023-07-13,44.36160
2023-07-14,44.80860
2023-07-17,44.99270
2023-07-18,45.03100
2023-07-19,45.20300
2023-07-20,45.42850
2023-07-21,45.01530
2023-07-24,44.88410
2023-07-25,44.92890
2023-07-26,45.12160
2023-07-27,45.04790
2023-07-28,45.04800
2023-07-31,45.29780
2023-08-01,45.33000
2023-08-02,44.84290
2023-08-03,44.57030
2023-08-04,44.97610
2023-08-07,45.10690
2023-08-08,45.10250
2023-08-09,45.13450
2023-08-10,44.90480
2023-08-11,44.66580
2023-08-14,44.65000
2023-08-16,44.68980
2023-08-17,44.50100
2023-08-18,44.36790
2023-08-21,44.59690
2023-08-22,44.64330
2023-08-23,44.80430
2023-08-24,44.83830
2023-08-25,44.58870
2023-08-28,44.72010
2023-08-29,44.81260
2023-08-30,44.96130
2023-08-31,44.85140
2023-09-01,45.26120
2023-09-04,45.48310
2023-09-05,45.59110
2023-09-06,45.66290
2023-09-07,45.91200
2023-09-08,46.16940
2023-09-11,46.49640
2023-09-12,46.39560
2023-09-13,46.51180
2023-09-14,46.65120
2023-09-15,46.86190
2023-09-18,46.67890
2023-09-20,46.29840
2023-09-21,45.90750
2023-09-22,45.77810
2023-09-25,45.81830
2023-09-26,45.74610
2023-09-27,45.87250
2023-09-29,45.71150
2023-10-03,45.60900
2023-10-04,45.33060
2023-10-05,45.61530
2023-10-06,45.85850
2023-10-09,45.55330
2023-10-10,45.92550
2023-10-11,46.16730
2023-10-12,46.12210
2023-10-13,46.01920
2023-10-16,45.97480
2023-10-17,46.12430
2023-10-18,45.80870
2023-10-19,45.74070
2023-10-20,45.56430
2023-10-23,44.93940
2023-10-25,44.61140
2023-10-26,44.04910
2023-10-27,44.48710
2023-10-30,44.59480
2023-10-31,44.45400
2023-11-01,44.25420
2023-11-02,44.59590
2023-11-03,44.85790
2023-11-06,45.28150
2023-11-07,45.34320
2023-11-08,45.43190
2023-11-09,45.31290
2023-11-10,45.35560
2023-11-13,45.38640
2023-11-15,45.92120
2023-11-16,46.16420
2023-11-17,46.14830
2023-11-20,46.08850
2023-11-21,46.23720
2023-11-22,46.32990
2023-11-23,46.25560
2023-11-24,46.21160
2023-11-28,46.41750
2023-11-29,46.84140
2023-11-30,47.05520
2023-12-01,47.32100
2023-12-04,48.05870
2023-12-05,48.29590
2023-12-06,48.40130
2023-12-07,48.35930
2023-12-08,48.51010
2023-12-11,48.63610
2023-12-12,48.43960
2023-12-13,48.41310
2023-12-14,49.07510
2023-12-15,49.54130
2023-12-18,49.44680
2023-12-19,49.47940
2023-12-20,48.71110
2023-12-21,48.95800
2023-12-22,49.22190
2023-12-26,48.16120
2023-12-27,48.64180
2023-12-28,48.83260
2023-12-29,48.86750
2024-01-01,48.83540
2024-01-02,48.63920
2024-01-03,48.21690
2024-01-04,48.58510
2024-01-05,48.71580
2024-01-08,48.28180
2024-01-09,48.37520
2024-01-10,48.50660
2024-01-11,48.61080
2024-01-12,49.10570
2024-01-15,49.44950
2024-01-16,49.23790
2024-01-17,48.44840
2024-01-18,48.10410
2024-01-19,48.51710
2024-01-23,47.83870
2024-01-24,48.22780
2024-01-25,47.94600
2024-01-29,48.55060
2024-01-30,48.09910
2024-01-31,48.58860
2024-02-01,48.63220
2024-02-02,48.91030
2024-02-05,48.66700
2024-02-06,49.13320
2024-02-07,49.21970
2024-02-08,48.82370
2024-02-09,48.84920
2024-02-12,48.47850
2024-02-13,48.77480
2024-02-14,48.86880
2024-02-15,48.99780
2024-02-16,49.29430
2024-02-19,49.45470
2024-02-20,49.56670
2024-02-21,49.27580
2024-02-22,49.61290
2024-02-23,49.58360
2024-02-26,49.26220
2024-02-27,49.50900
2024-02-28,49.07310
2024-02-29,49.17280
2024-03-01,49.73960
2024-03-04,49.80410
2024-03-05,49.66930
2024-03-06,49.85900
2024-03-07,49.91430
2024-03-11,49.66480
2024-03-12,49.74950
2024-03-13,49.01050
2024-03-14,49.41990
2024-03-15,49.22090
2024-03-18,49.30830
2024-03-19,48.86900
2024-03-20,48.93070
2024-03-21,49.37610
2024-03-22,49.49000
2024-03-26,49.45370
2024-03-27,49.76840
2024-03-28,50.16230
2024-03-31,50.15580
2024-04-01,50.38460
2024-04-02,50.27470
2024-04-03,50.27490
2024-04-04,50.50230
2024-04-05,50.56750
2024-04-08,51.02640
2024-04-09,51.03800
2024-04-10,51.26710
2024-04-12,50.79380
2024-04-15,50.18730
2024-04-16,49.85780
2024-04-18,49.69750
2024-04-19,49.98690
2024-04-22,50.48190
2024-04-23,50.63090
2024-04-24,50.85400
2024-04-25,50.91350
2024-04-26,50.65310
2024-04-29,51.09700
2024-04-30,51.12020
2024-05-02,51.16720
2024-05-03,50.79250
2024-05-06,50.78100
2024-05-07,50.53240
2024-05-08,50.61610
2024-05-09,49.87130
2024-05-10,50.16440
2024-05-13,50.31570
2024-05-14,50.41300
2024-05-15,50.39580
2024-05-16,50.88430
2024-05-17,51.08070
2024-05-21,51.24490
2024-05-22,51.46670
2024-05-23,52.08060
2024-05-24,52.05920
2024-05-27,52.09960
2024-05-28,51.91850
2024-05-29,51.48830
2024-05-30,51.11120
2024-05-31,51.15920
2024-06-03,52.32740
2024-06-04,49.96710
2024-06-05,51.92380
2024-06-06,52.29600
2024-06-07,53.24350
2024-06-10,53.29430
2024-06-11,53.18930
2024-06-12,53.32290
2024-06-13,53.46080
2024-06-14,53.66950
2024-06-18,54.08550
2024-06-19,54.01490
2024-06-20,54.11220
2024-06-21,54.11320
2024-06-24,54.26050
2024-06-25,54.56310
2024-06-26,54.92430
2024-06-27,55.26320
2024-06-28,54.95720
2024-07-01,55.33900
2024-07-02,55.24660
2024-07-03,55.62350
2024-07-04,55.68210
2024-07-05,55.73120
2024-07-08,55.75380
2024-07-09,55.91880
2024-07-10,55.81180
2024-07-11,55.79740
2024-07-12,56.17110
2024-07-15,56.31750
2024-07-16,56.39120
2024-07-18,56.69010
2024-07-19,56.05360
2024-07-22,56.11390
2024-07-23,56.07570
2024-07-24,56.07240
2024-07-25,56.09980
2024-07-26,56.90400
2024-07-29,56.84390
2024-07-30,56.89740
2024-07-31,57.08860
2024-08-01,57.18350
2024-08-02,56.64310
2024-08-05,55.21380
2024-08-06,55.07740
2024-08-07,55.79610
2024-08-08,55.42010
2024-08-09,55.85200
2024-08-12,55.98410
2024-08-13,55.53040
2024-08-14,55.56160
2024-08-16,56.44520
2024-08-19,56.48430
2024-08-20,56.81460
2024-08-21,57.02120
2024-08-22,57.23350
2024-08-23,57.20210
2024-08-26,57.60530
2024-08-27,57.73780
2024-08-28,58.00050
2024-08-29,58.10910
2024-08-30,58.33560
2024-09-02,58.44450
2024-09-03,58.39000
2024-09-04,58.32740
2024-09-05,58.29210
2024-09-06,57.75000
2024-09-09,57.97540
2024-09-10,58.24550
2024-09-11,58.08130
2024-09-12,58.93980
2024-09-13,58.89070
2024-09-16,58.93540
2024-09-17,59.02110
2024-09-18,58.89710
2024-09-19,59.10060
2024-09-20,59.80170
2024-09-23,60.04210
2024-09-24,60.01530
2024-09-25,59.97560
2024-09-26,60.27480
2024-09-27,60.10610
2024-09-30,59.39900
2024-10-01,59.28130
2024-10-03,58.17900
2024-10-04,57.62700
2024-10-07,57.06250
2024-10-08,57.48140
2024-10-09,57.67930
2024-10-10,57.70830
2024-10-11,57.67110
2024-10-14,57.79370
2024-10-15,57.71080
2024-10-16,57.51730
2024-10-17,57.06160
2024-10-18,57.09550
2024-10-21,56.68710
2024-10-22,56.02820
2024-10-23,54.68140
2024-10-24,54.61800
2024-10-25,53.90380
2024-10-28,53.97700
2024-10-29,54.12850
2024-10-30,53.86850
2024-10-31,53.56930
2024-11-04,53.25970
2024-11-05,53.67850
2024-11-06,54.30450
2024-11-07,53.76870
2024-11-08,53.68910
2024-11-11,53.71320
2024-11-12,53.16990
2024-11-13,52.46240
2024-11-14,52.54990
2024-11-18,52.22600
2024-11-19,52.40910
2024-11-21,52.15520
2024-11-22,53.22170
2024-11-25,53.70640
2024-11-26,53.79370
2024-11-27,53.93330
2024-11-28,53.31930
2024-11-29,53.74900
2024-12-02,53.98120
2024-12-03,54.30640
2024-12-04,54.38210
2024-12-05,54.85180
2024-12-06,54.80580
2024-12-09,54.71630
2024-12-10,54.77020
2024-12-11,54.80090
2024-12-12,54.69260
2024-12-13,55.10290
2024-12-16,55.02020
2024-12-17,54.35630
2024-12-18,53.99090
2024-12-19,53.53020
2024-12-20,52.70060
2024-12-23,52.96120
2024-12-24,52.93200
2024-12-26,52.98510
2024-12-27,53.16360
2024-12-30,52.92300
2024-12-31,52.89690
2025-01-01,53.15660
2025-01-02,54.04350
2025-01-03,53.87040
2025-01-06,53.07730
2025-01-07,53.24240
2025-01-08,53.11410
2025-01-09,52.77370
2025-01-10,52.48490
2025-01-13,51.48310
2025-01-14,51.68170
2025-01-15,51.85330
2025-01-16,52.20720
2025-01-17,51.96890
2025-01-20,52.22660
2025-01-21,51.54370
2025-01-22,51.73700
2025-01-23,52.02490
2025-01-24,51.68910
2025-01-27,50.89230
2025-01-28,51.16290
2025-01-29,51.75130
2025-01-30,51.93170
2025-01-31,52.51120
2025-02-03,52.54960
2025-02-04,53.24960
2025-02-05,53.25670
2025-02-06,53.05270
2025-02-07,53.03670
2025-02-10,52.58710
2025-02-11,51.85630
2025-02-12,51.82700
2025-02-13,51.81960
2025-02-14,51.46920
2025-02-17,51.47680
2025-02-18,51.50340
2025-02-19,51.59470
2025-02-20,51.57690
2025-02-21,51.26350
2025-02-24,50.68390
2025-02-25,50.66110
2025-02-27,50.46150
2025-02-28,49.38520
2025-03-03,49.49260
2025-03-04,49.33050
2025-03-05,49.82800
2025-03-06,50.26670
2025-03-07,50.18340
2025-03-10,49.86920
2025-03-11,49.67600
2025-03-12,49.63150
2025-03-13,49.50790
2025-03-17,49.81160
2025-03-18,50.52130
2025-03-19,50.75750
2025-03-20,51.24020
2025-03-21,51.57980
2025-03-24,52.13460
2025-03-25,52.13360
2025-03-26,51.76990
2025-03-27,52.06700
2025-03-28,51.92200
2025-03-31,51.91580
2025-04-01,51.26050
2025-04-02,51.79230
2025-04-03,51.57920
2025-04-04,50.79230
2025-04-07,49.34040
2025-04-08,50.13650
2025-04-09,49.94920
2025-04-11,50.69920
2025-04-15,51.83720
2025-04-16,52.11420
2025-04-17,52.84990
2025-04-21,53.39610
2025-04-22,53.54110
2025-04-23,53.95420
2025-04-24,53.80660
2025-04-25,53.26810
2025-04-28,53.79720
2025-04-29,53.81090
2025-04-30,53.83080
2025-05-02,53.78990
2025-05-05,53.98390
2025-05-06,53.68380
2025-05-07,53.83120
2025-05-08,53.45110
2025-05-09,52.95580
2025-05-12,54.78570
2025-05-13,54.23620
2025-05-14,54.41530
2025-05-15,55.10630
2025-05-16,55.13170
2025-05-19,55.04850
2025-05-20,54.43310
2025-05-21,54.72170
2025-05-22,54.34740
2025-05-23,54.85550
2025-05-26,55.09260
2025-05-27,54.73010
2025-05-28,54.66940
2025-05-29,54.81380
2025-05-30,54.60530
2025-06-02,54.52780
2025-06-03,54.20580
2025-06-04,54.40130
2025-06-05,54.65870
2025-06-06,55.29780
2025-06-09,55.65970
2025-06-10,55.60170
2025-06-11,55.70080
2025-06-12,55.15480
2025-06-13,54.82720
2025-06-16,55.28670
2025-06-17,55.05610
2025-06-18,55.05970
2025-06-19,54.88690
2025-06-20,55.55820
2025-06-23,55.33280
2025-06-24,55.45770
2025-06-25,55.87130
2025-06-26,56.40380
2025-06-27,56.52990
2025-06-30,56.32760
2025-07-01,56.33990
2025-07-02,56.11870
2025-07-03,55.98120
2025-07-04,56.12940
2025-07-07,56.12640
2025-07-08,56.28580
2025-07-09,56.24430
2025-07-10,55.98190
2025-07-11,55.48630
2025-07-14,55.36530
2025-07-15,55.63580
2025-07-16,55.69320
2025-07-17,55.49260
2025-07-18,55.21830
2025-07-21,55.56230
2025-07-22,55.58800
2025-07-23,55.88980
2025-07-24,55.58740
2025-07-25,55.03820
2025-07-28,54.60970
2025-07-29,54.88630
2025-07-30,55.18010
2025-07-31,55.01720
2025-08-01,54.47810
2025-08-04,54.75370
2025-08-05,54.66090
2025-08-06,54.40910
2025-08-07,54.47070
2025-08-08,53.94440
2025-08-11,54.31030
2025-08-12,54.22230
2025-08-13,54.52440
2025-08-14,54.62110
2025-08-18,55.26440
2025-08-19,55.57420
2025-08-20,55.79210
2025-08-21,55.85420
2025-08-22,55.50880
2025-08-25,55.78830
2025-08-26,55.22190
2025-08-28,54.79240
2025-08-29,54.63540
2025-09-01,55.06370
2025-09-02,54.95640
2025-09-03,55.20100
2025-09-04,55.21120
2025-09-05,55.15700
2025-09-08,55.12390
2025-09-09,55.38950
2025-09-10,55.64600
2025-09-11,55.67370
2025-09-12,55.89020
2025-09-15,55.83610
2025-09-16,56.20860
2025-09-17,56.41850
2025-09-18,56.63930
2025-09-19,56.53320
2025-09-22,56.19250
2025-09-23,56.15640
2025-09-24,55.91230
2025-09-25,55.53370
2025-09-26,54.88400
2025-09-30,54.82150
2025-10-01,55.20380
2025-10-03,55.37260
2025-10-06,55.71590
2025-10-07,55.73170
2025-10-08,55.65160
2025-10-09,55.90310
2025-10-10,54.62780
2025-10-13,54.46580
2025-10-14,54.25200
2025-10-15,54.71920
2025-10-16,55.18780
2025-10-17,55.27120
2025-10-20,55.44230
2025-10-23,55.55750
2025-10-24,55.32720
2025-10-27,55.68390
2025-10-28,55.58310
2025-10-29,55.86980
2025-10-30,55.53300
2025-10-31,55.12170
2025-11-03,55.29740
2025-11-04,55.00670
2025-11-06,54.78970
2025-11-07,54.70020
2025-11-10,54.93730
2025-11-11,55.17260
2025-11-12,55.49000
2025-11-13,55.48480
2025-11-14,55.46280
2025-11-17,55.69470
2025-11-18,55.45150
2025-11-19,55.75550
2025-11-20,55.94620
2025-11-21,55.62260
2025-11-24,55.39120
2025-11-25,55.24230
2025-11-26,55.94040
2025-11-27,56.01300
2025-11-28,56.00690
2025-12-01,55.94370
2025-12-02,55.72580
2025-12-03,55.58780
2025-12-04,55.71880
2025-12-05,56.00040
2025-12-08,55.45540
2025-12-09,55.33910
2025-12-10,55.11490
2025-12-11,55.43870
2025-12-12,55.78810
2025-12-15,55.78470
2025-12-16,55.52380
2025-12-17,55.35860
2025-12-18,55.40400
2025-12-19,55.70950
2025-12-22,56.07620
2025-12-23,56.10200
2025-12-24,55.93140
2025-12-26,55.70470
2025-12-29,55.54630
2025-12-30,55.48410
2025-12-31,55.89130
2026-01-01,55.90140
2026-01-02,56.17880
2026-01-05,56.01790
2026-01-06,55.99030
2026-01-07,56.06390
2026-01-08,55.44940
2026-01-09,55.02450
2026-01-12,55.15560
2026-01-13,55.10480
2026-01-14,54.99220
2026-01-16,55.15460
2026-01-19,54.97120
2026-01-20,54.08850
2026-01-21,53.83690
2026-01-22,54.12130
2026-01-23,53.58490
2026-01-27,53.76810
2026-01-28,54.10650
2026-01-29,54.24740
2026-01-30,54.06820
2026-02-02,53.67580
2026-02-03,54.91450
2026-02-04,54.84310
2026-02-05,54.63180
2026-02-06,54.66030
2026-02-09,55.10420
2026-02-10,55.31950
2026-02-11,55.29260
2026-02-12,54.92470
2026-02-13,54.33140
2026-02-16,54.62350
2026-02-17,54.77090
2026-02-18,54.92230
2026-02-19,54.15100
2026-02-20,54.33210
2026-02-23,54.57110
2026-02-24,53.86930
2026-02-25,54.07940
2026-02-26,54.08700
2026-02-27,53.48460
2026-03-02,52.75720
2026-03-04,51.93860
2026-03-05,52.42200
2026-03-06,51.79770
2026-03-09,50.88860
2026-03-10,51.35580
2026-03-11,50.59830
2026-03-12,50.05960
2026-03-13,49.01050
2026-03-16,49.47040
2026-03-17,49.84150
2026-03-18,50.37280
2026-03-19,48.76650
2026-03-20,48.96190
2026-03-23,47.68130
2026-03-24,48.63220
2026-03-25,49.45850
2026-03-27,48.50260
2026-03-30,47.43720
2026-03-31,47.43520
2026-04-01,48.18660
2026-04-02,48.32040
2026-04-06,48.91110
2026-04-07,49.22010
2026-04-08,51.02510
2026-04-09,50.56900
2026-04-10,51.17730
2026-04-13,50.79800
2026-04-15,51.74870
2026-04-16,51.77310
2026-04-17,52.08720
2026-04-20,52.02700
2026-04-21,52.49510
2026-04-22,52.13070
2026-04-23,51.51380
2026-04-24,50.84460
2026-04-27,51.27770
2026-04-28,51.10730
2026-04-29,51.47020
2026-04-30,51.10540
2026-05-04,51.27190
2026-05-05,51.10090
2026-05-06,51.78160
2026-05-07,51.82690
2026-05-08,51.60790
2026-05-11,50.97750
2026-05-12,49.92900
2026-05-13,50.00660
2026-05-14,50.51580
2026-05-15,50.45150
2026-05-18,50.49790
2026-05-19,50.53110
2026-05-20,50.55840
2026-05-21,50.51680
2026-05-22,50.68030
2026-05-25,51.31130
2026-05-26,51.11470
2026-05-27,51.08940
2026-05-29,50.40970
2026-06-01,50.09090
2026-06-02,50.33860
2026-06-03,50.09100
2026-06-04,50.13190
2026-06-05,50.03230
2026-06-08,49.50670
2026-06-09,49.74970
2026-06-10,49.63430
2026-06-11,49.49300
2026-06-12,50.47260
2026-06-15,51.08940
2026-06-16,51.41930
2026-06-17,51.63510
2026-06-18,51.67700
2026-06-19,51.40680
2026-06-22,51.62850
2026-06-23,51.11610
2026-06-24,51.51340
2026-06-25,51.49190
2026-06-29,51.17950
2026-06-30,51.09090
2026-07-01,51.38840
2026-07-02,51.75460
2026-07-03,51.95360
2026-07-06,52.22860
2026-07-07,52.35660
2026-07-08,51.34460
2026-07-09,51.58130
2026-07-10,52.12350
2026-07-13,52.17130
2026-07-14,51.79980
2026-07-15,51.95620
2026-07-16,51.99560
2026-07-17,52.44970
2026-07-20,52.25690
2026-07-21,52.17200
2026-07-22,51.69890
2026-07-23,51.43900
2026-07-24,51.27260
2026-07-27,51.80290
2026-07-28,51.92130
2026-07-29,52.48070
2026-07-30,52.63250
2026-07-31,52.78380
2026-08-03,53.67020
2026-08-04,53.29780
2026-08-05,53.30980
2026-08-06,53.27650
2026-08-07,53.08410
2026-08-10,53.25640
2026-08-11,53.10050
2026-08-12,53.01850
2026-08-13,52.99000
2026-08-14,52.97230
2026-08-17,52.85760
2026-08-18,52.57050
2026-08-19,52.46060
2026-08-20,52.81080
2026-08-21,52.81600
2026-08-24,52.74330
2026-08-25,52.97600
2026-08-26,52.82130
2026-08-27,52.70900
2026-08-28,52.84390
2026-08-31,52.55350
2026-09-01,52.53740
2026-09-02,52.29630
2026-09-03,52.23760
2026-09-04,52.28920
2026-09-07,52.00750
2026-09-08,51.73760
