Date,NAV
2006-04-03,31.24000
2006-04-04,31.46000
2006-04-05,31.83000
2006-04-07,31.28000
2006-04-10,31.36000
2006-04-12,30.66000
2006-04-13,29.89000
2006-04-17,30.10000
2006-04-18,30.48000
2006-04-19,30.32000
2006-04-20,30.36000
2006-04-21,30.26000
2006-04-24,30.25000
2006-04-25,29.69000
2006-04-26,30.04000
2006-04-27,29.97000
2006-04-28,29.86000
2006-05-02,30.66000
2006-05-03,30.74000
2006-05-04,30.69000
2006-05-05,30.47000
2006-05-08,30.59000
2006-05-09,30.53000
2006-05-10,30.51000
2006-05-11,30.32000
2006-05-12,30.18000
2006-05-15,29.16000
2006-05-16,28.98000
2006-05-17,29.54000
2006-05-18,27.99000
2006-05-19,26.85000
2006-05-22,25.68000
2006-05-23,26.60000
2006-05-24,26.43000
2006-05-25,26.36000
2006-05-26,26.67000
2006-05-29,26.75000
2006-05-30,26.56000
2006-05-31,26.03000
2006-06-01,25.36000
2006-06-02,25.40000
2006-06-05,24.91000
2006-06-06,24.27000
2006-06-07,23.13000
2006-06-08,21.82000
2006-06-09,22.95000
2006-06-12,22.62000
2006-06-13,21.85000
2006-06-14,21.18000
2006-06-15,22.18000
2006-06-16,22.98000
2006-06-19,23.25000
2006-06-20,23.20000
2006-06-21,23.61000
2006-06-22,23.87000
2006-06-23,23.87000
2006-06-26,23.09000
2006-06-27,23.14000
2006-06-28,23.13000
2006-06-29,23.16000
2006-06-30,23.79000
2006-07-03,23.95000
2006-07-04,23.84000
2006-07-05,24.10000
2006-07-06,24.11000
2006-07-07,23.79000
2006-07-10,23.88000
2006-07-11,23.91000
2006-07-12,24.07000
2006-07-13,24.16000
2006-07-14,24.00000
2006-07-17,23.57000
2006-07-18,23.41000
2006-07-19,22.92000
2006-07-20,23.23000
2006-07-21,22.74000
2006-07-24,22.74000
2006-07-25,23.03000
2006-07-26,23.36000
2006-07-27,23.60000
2006-07-28,23.63000
2006-07-31,23.72000
2006-08-01,23.62000
2006-08-02,23.85000
2006-08-03,23.91000
2006-08-04,23.83000
2006-08-07,23.80000
2006-08-08,24.16000
2006-08-09,24.52000
2006-08-10,24.67000
2006-08-11,24.85000
2006-08-14,25.37000
2006-08-16,25.63000
2006-08-17,25.58000
2006-08-18,25.97000
2006-08-21,26.10000
2006-08-22,26.05000
2006-08-23,25.90000
2006-08-24,26.08000
2006-08-25,26.19000
2006-08-28,26.21000
2006-08-29,26.15000
2006-08-30,26.08000
2006-08-31,26.09000
2006-09-01,26.37000
2006-09-04,26.57000
2006-09-05,26.62000
2006-09-06,26.70000
2006-09-07,26.61000
2006-09-08,26.86000
2006-09-11,26.23000
2006-09-12,26.40000
2006-09-13,26.76000
2006-09-14,26.74000
2006-09-15,26.70000
2006-09-18,26.92000
2006-09-19,26.70000
2006-09-20,26.77000
2006-09-21,26.96000
2006-09-22,26.88000
2006-09-25,26.75000
2006-09-26,27.04000
2006-09-27,27.13000
2006-09-28,27.04000
2006-09-29,27.31000
2006-10-03,27.22000
2006-10-04,27.06000
2006-10-05,27.33000
2006-10-06,27.40000
2006-10-09,27.62000
2006-10-10,27.65000
2006-10-11,27.40000
2006-10-12,27.52000
2006-10-13,27.62000
2006-10-16,27.80000
2006-10-17,27.61000
2006-10-18,27.54000
2006-10-19,27.52000
2006-10-20,27.70000
2006-10-23,28.00000
2006-10-26,28.15000
2006-10-27,28.29000
2006-10-30,28.26000
2006-10-31,28.19000
2006-11-01,28.38000
2006-11-02,28.50000
2006-11-03,28.54000
2006-11-06,28.79000
2006-11-07,28.67000
2006-11-08,28.38000
2006-11-09,28.54000
2006-11-10,28.62000
2006-11-13,28.79000
2006-11-14,28.64000
2006-11-15,28.41000
2006-11-16,28.48000
2006-11-17,28.17000
2006-11-20,27.97000
2006-11-21,28.33000
2006-11-22,28.55000
2006-11-23,28.61000
2006-11-24,28.45000
2006-11-27,28.39000
2006-11-28,28.17000
2006-11-29,28.42000
2006-11-30,28.30000
2006-12-01,28.81000
2006-12-04,29.05000
2006-12-05,29.09000
2006-12-06,28.80000
2006-12-07,28.85000
2006-12-08,28.98000
2006-12-11,28.30000
2006-12-12,27.24000
2006-12-13,27.72000
2006-12-14,28.27000
2006-12-15,28.55000
2006-12-18,28.59000
2006-12-19,28.19000
2006-12-20,28.11000
2006-12-21,28.11000
2006-12-22,28.30000
2006-12-26,28.64000
2006-12-27,28.70000
2006-12-28,28.64000
2006-12-29,28.85000
2007-01-02,29.01000
2007-01-03,29.15000
2007-01-04,29.09000
2007-01-05,29.07000
2007-01-08,28.92000
2007-01-09,28.83000
2007-01-10,28.66000
2007-01-11,29.16000
2007-01-12,29.51000
2007-01-15,29.73000
2007-01-16,29.61000
2007-01-17,29.71000
2007-01-18,29.72000
2007-01-19,29.69000
2007-01-22,29.75000
2007-01-23,29.35000
2007-01-24,29.27000
2007-01-25,29.40000
2007-01-29,29.44000
2007-01-31,29.18000
2007-02-01,29.23000
2007-02-02,29.37000
2007-02-05,29.64000
2007-02-06,29.78000
2007-02-07,29.65000
2007-02-08,29.51000
2007-02-09,29.13000
2007-02-12,28.27000
2007-02-13,28.16000
2007-02-14,28.41000
2007-02-15,28.95000
2007-02-19,29.06000
2007-02-20,28.65000
2007-02-21,28.62000
2007-02-22,28.28000
2007-02-23,27.74000
2007-02-26,27.84000
2007-02-27,27.91000
2007-02-28,27.43000
2007-03-01,27.45000
2007-03-02,27.10000
2007-03-05,26.08000
2007-03-06,26.19000
2007-03-07,25.79000
2007-03-08,26.42000
2007-03-09,26.39000
2007-03-12,26.50000
2007-03-13,26.61000
2007-03-14,26.24000
2007-03-15,26.35000
2007-03-16,26.14000
2007-03-19,26.46000
2007-03-20,26.61000
2007-03-21,26.63000
2007-03-22,27.01000
2007-03-23,27.04000
2007-03-26,27.02000
2007-03-28,26.74000
2007-03-29,26.82000
2007-03-30,27.13000
2007-04-02,26.36000
2007-04-03,26.53000
2007-04-04,26.79000
2007-04-05,26.93000
2007-04-09,27.22000
2007-04-10,27.35000
2007-04-11,27.47000
2007-04-12,27.27000
2007-04-13,27.53000
2007-04-18,27.73000
2007-04-19,27.89000
2007-04-20,27.96000
2007-04-23,27.97000
2007-04-24,28.20000
2007-04-25,28.45000
2007-04-26,28.51000
2007-04-27,28.42000
2007-04-30,28.57000
2007-05-03,28.93000
2007-05-04,28.98000
2007-05-07,29.06000
2007-05-08,28.93000
2007-05-09,29.16000
2007-05-10,29.15000
2007-05-11,29.18000
2007-05-14,29.38000
2007-05-15,29.45000
2007-05-16,29.66000
2007-05-17,29.89000
2007-05-18,29.86000
2007-05-21,29.96000
2007-05-22,30.07000
2007-05-23,30.20000
2007-05-24,30.42000
2007-05-25,30.54000
2007-05-28,27.76000
2007-05-29,27.96000
2007-05-30,27.77000
2007-05-31,27.83000
2007-06-01,27.95000
2007-06-04,28.01000
2007-06-05,27.99000
2007-06-06,27.75000
2007-06-07,27.63000
2007-06-08,27.33000
2007-06-11,27.25000
2007-06-12,27.08000
2007-06-13,27.13000
2007-06-14,27.49000
2007-06-15,27.55000
2007-06-18,27.56000
2007-06-19,27.99000
2007-06-20,28.05000
2007-06-21,28.16000
2007-06-22,28.20000
2007-06-25,28.31000
2007-06-26,28.54000
2007-06-27,28.59000
2007-06-28,28.88000
2007-06-29,29.00000
2007-07-02,29.08000
2007-07-03,29.31000
2007-07-04,29.43000
2007-07-05,29.36000
2007-07-06,29.35000
2007-07-09,29.49000
2007-07-10,29.40000
2007-07-11,29.33000
2007-07-12,29.68000
2007-07-13,29.71000
2007-07-16,29.57000
2007-07-17,29.11000
2007-07-18,29.01000
2007-07-19,29.20000
2007-07-20,29.11000
2007-07-23,29.16000
2007-07-24,28.98000
2007-07-25,28.89000
2007-07-26,28.91000
2007-07-27,28.16000
2007-07-30,28.25000
2007-07-31,28.84000
2007-08-01,27.98000
2007-08-02,28.16000
2007-08-03,28.49000
2007-08-06,28.26000
2007-08-07,28.46000
2007-08-08,28.86000
2007-08-09,28.45000
2007-08-10,28.13000
2007-08-13,28.38000
2007-08-14,28.34000
2007-08-16,27.61000
2007-08-17,27.28000
2007-08-20,27.41000
2007-08-21,26.78000
2007-08-22,27.07000
2007-08-23,26.89000
2007-08-24,27.22000
2007-08-27,27.87000
2007-08-28,27.94000
2007-08-29,28.00000
2007-08-30,28.30000
2007-08-31,28.58000
2007-09-03,28.67000
2007-09-04,28.66000
2007-09-05,28.58000
2007-09-06,28.71000
2007-09-07,28.60000
2007-09-10,28.61000
2007-09-11,28.62000
2007-09-12,28.65000
2007-09-13,28.72000
2007-09-14,28.50000
2007-09-17,28.47000
2007-09-18,28.65000
2007-09-19,29.05000
2007-09-20,29.09000
2007-09-21,29.30000
2007-09-24,29.31000
2007-09-25,29.29000
2007-09-26,29.21000
2007-09-27,29.26000
2007-09-28,29.78000
2007-10-01,29.81000
2007-10-03,29.89000
2007-10-04,30.11000
2007-10-05,30.03000
2007-10-08,29.47000
2007-10-09,30.12000
2007-10-10,30.25000
2007-10-11,30.64000
2007-10-12,30.33000
2007-10-15,31.10000
2007-10-16,31.42000
2007-10-17,31.08000
2007-10-18,30.35000
2007-10-19,29.42000
2007-10-22,29.23000
2007-10-23,30.24000
2007-10-24,30.61000
2007-10-25,30.97000
2007-10-26,31.26000
2007-10-29,31.82000
2007-10-30,31.70000
2007-10-31,31.99000
2007-11-01,31.40000
2007-11-02,31.57000
2007-11-05,31.44000
2007-11-06,31.04000
2007-11-07,30.97000
2007-11-08,30.75000
2007-11-12,30.56000
2007-11-13,30.84000
2007-11-14,31.52000
2007-11-15,31.82000
2007-11-16,32.09000
2007-11-19,32.70000
2007-11-20,32.23000
2007-11-28,31.41000
2007-11-29,31.25000
2007-11-30,31.71000
2007-12-03,32.20000
2007-12-04,32.67000
2007-12-05,33.01000
2007-12-06,32.96000
2007-12-07,32.90000
2007-12-10,33.09000
2007-12-11,33.64000
2007-12-12,33.91000
2007-12-13,33.66000
2007-12-14,34.09000
2007-12-17,33.34000
2007-12-18,33.12000
2007-12-19,33.00000
2007-12-20,32.83000
2007-12-24,33.20000
2007-12-26,33.60000
2007-12-27,33.57000
2007-12-28,33.86000
2007-12-31,34.47000
2008-01-01,34.52000
2008-01-02,34.65000
2008-01-03,34.58000
2008-01-04,34.83000
2008-01-07,35.04000
2008-01-08,34.39000
2008-01-09,34.21000
2008-01-10,33.35000
2008-01-11,33.07000
2008-01-14,32.87000
2008-01-15,32.50000
2008-01-16,31.92000
2008-01-17,32.21000
2008-01-18,31.22000
2008-01-21,28.62000
2008-01-22,27.34000
2008-01-23,28.46000
2008-01-24,27.58000
2008-01-25,28.69000
2008-01-28,28.43000
2008-01-29,28.52000
2008-01-30,27.89000
2008-01-31,27.93000
2008-02-01,28.09000
2008-02-04,28.75000
2008-02-05,28.79000
2008-02-06,28.33000
2008-02-07,27.93000
2008-02-08,27.76000
2008-02-11,27.01000
2008-02-12,26.74000
2008-02-13,26.91000
2008-02-14,27.71000
2008-02-15,28.07000
2008-02-18,28.25000
2008-02-19,28.31000
2008-02-20,27.99000
2008-02-21,28.06000
2008-02-22,27.91000
2008-02-25,27.97000
2008-02-26,28.26000
2008-02-27,28.53000
2008-02-28,28.65000
2008-02-29,28.66000
2008-03-03,27.94000
2008-03-04,27.81000
2008-03-05,27.74000
2008-03-07,26.81000
2008-03-10,26.74000
2008-03-11,27.38000
2008-03-12,27.27000
2008-03-13,26.33000
2008-03-14,26.51000
2008-03-17,24.91000
2008-03-18,24.89000
2008-03-19,25.06000
2008-03-24,24.68000
2008-03-25,25.70000
2008-03-26,25.85000
2008-03-27,26.04000
2008-03-28,26.54000
2008-03-31,26.44000
2008-04-01,26.10000
2008-04-02,26.09000
2008-04-03,25.96000
2008-04-04,25.53000
2008-04-07,25.77000
2008-04-08,25.72000
2008-04-09,25.87000
2008-04-10,25.85000
2008-04-11,25.97000
2008-04-15,26.28000
2008-04-16,26.51000
2008-04-17,26.75000
2008-04-21,27.15000
2008-04-22,27.19000
2008-04-23,27.13000
2008-04-24,27.17000
2008-04-25,27.37000
2008-04-28,27.12000
2008-04-29,27.49000
2008-04-30,27.59000
2008-05-02,27.76000
2008-05-05,27.64000
2008-05-06,27.44000
2008-05-07,27.35000
2008-05-08,27.37000
2008-05-09,27.06000
2008-05-12,26.88000
2008-05-13,26.86000
2008-05-14,27.11000
2008-05-15,27.39000
2008-05-16,27.68000
2008-05-20,27.45000
2008-05-21,27.54000
2008-05-22,27.32000
2008-05-23,27.21000
2008-05-26,26.93000
2008-05-27,26.88000
2008-05-28,26.99000
2008-05-29,26.98000
2008-05-30,27.15000
2008-06-02,26.58000
2008-06-03,26.38000
2008-06-04,25.69000
2008-06-05,25.80000
2008-06-06,25.75000
2008-06-09,25.43000
2008-06-10,25.42000
2008-06-11,25.43000
2008-06-12,25.52000
2008-06-13,25.36000
2008-06-16,25.62000
2008-06-17,25.93000
2008-06-18,25.79000
2008-06-19,25.53000
2008-06-20,24.86000
2008-06-23,24.15000
2008-06-24,23.88000
2008-06-25,24.14000
2008-06-26,24.37000
2008-06-27,23.98000
2008-06-30,23.42000
2008-07-01,22.53000
2008-07-02,23.01000
2008-07-03,22.48000
2008-07-04,22.97000
2008-07-07,23.37000
2008-07-08,23.48000
2008-07-09,23.98000
2008-07-10,23.93000
2008-07-11,23.61000
2008-07-14,23.51000
2008-07-15,23.12000
2008-07-16,22.97000
2008-07-17,23.40000
2008-07-18,23.60000
2008-07-21,23.59000
2008-07-22,23.70000
2008-07-23,24.41000
2008-07-24,24.30000
2008-07-25,24.31000
2008-07-28,24.34000
2008-07-29,21.59000
2008-07-30,21.96000
2008-07-31,22.08000
2008-08-01,22.25000
2008-08-04,22.44000
2008-08-05,22.61000
2008-08-06,22.76000
2008-08-07,22.82000
2008-08-08,22.96000
2008-08-11,23.26000
2008-08-12,23.03000
2008-08-13,22.99000
2008-08-14,22.80000
2008-08-18,22.53000
2008-08-19,22.40000
2008-08-20,22.59000
2008-08-21,22.35000
2008-08-22,22.34000
2008-08-25,22.35000
2008-08-26,22.52000
2008-08-27,22.48000
2008-08-28,22.37000
2008-08-29,22.67000
2008-09-01,22.63000
2008-09-02,22.85000
2008-09-04,22.78000
2008-09-05,22.57000
2008-09-08,22.90000
2008-09-09,22.82000
2008-09-10,22.60000
2008-09-11,22.32000
2008-09-12,22.15000
2008-09-15,21.69000
2008-09-16,21.39000
2008-09-17,21.28000
2008-09-18,21.21000
2008-09-19,21.54000
2008-09-22,21.60000
2008-09-23,21.43000
2008-09-24,21.45000
2008-09-25,21.27000
2008-09-26,20.93000
2008-09-29,20.51000
2008-09-30,20.87000
2008-10-01,20.87000
2008-10-03,20.43000
2008-10-06,19.73000
2008-10-07,19.50000
2008-10-08,18.85000
2008-10-10,18.14000
2008-10-13,18.71000
2008-10-14,18.89000
2008-10-15,18.40000
2008-10-16,18.28000
2008-10-17,17.95000
2008-10-20,18.04000
2008-10-21,18.45000
2008-10-22,18.07000
2008-10-23,17.60000
2008-10-24,16.67000
2008-10-27,16.32000
2008-10-29,16.91000
2008-10-31,17.59000
2008-11-03,18.10000
2008-11-04,18.33000
2008-11-05,18.06000
2008-11-06,17.83000
2008-11-07,17.89000
2008-11-10,18.24000
2008-11-11,17.88000
2008-11-12,17.60000
2008-11-14,17.26000
2008-11-17,17.21000
2008-11-18,16.90000
2008-11-19,16.76000
2008-11-20,16.49000
2008-11-21,16.60000
2008-11-24,16.65000
2008-11-25,16.67000
2008-11-26,16.54000
2008-11-28,16.66000
2008-12-01,16.45000
2008-12-02,16.41000
2008-12-03,16.50000
2008-12-04,16.94000
2008-12-05,16.76000
2008-12-08,16.85000
2008-12-10,17.18000
2008-12-11,17.45000
2008-12-12,17.30000
2008-12-15,17.51000
2008-12-16,17.63000
2008-12-17,17.40000
2008-12-18,17.57000
2008-12-19,17.83000
2008-12-22,17.68000
2008-12-23,17.47000
2008-12-24,17.29000
2008-12-26,17.14000
2008-12-29,17.30000
2008-12-30,17.60000
2008-12-31,17.68000
2009-01-01,17.87000
2009-01-02,17.88000
2009-01-05,18.03000
2009-01-06,18.13000
2009-01-07,17.63000
2009-01-09,17.52000
2009-01-12,17.34000
2009-01-13,17.23000
2009-01-14,17.48000
2009-01-15,17.28000
2009-01-16,17.36000
2009-01-19,17.39000
2009-01-20,17.23000
2009-01-21,17.19000
2009-01-22,17.07000
2009-01-23,16.97000
2009-01-27,17.21000
2009-01-28,17.34000
2009-01-29,17.30000
2009-01-30,17.52000
2009-02-02,17.31000
2009-02-03,17.37000
2009-02-04,17.46000
2009-02-05,17.36000
2009-02-06,17.58000
2009-02-09,17.67000
2009-02-10,17.72000
2009-02-11,17.80000
2009-02-12,17.74000
2009-02-13,18.01000
2009-02-16,17.75000
2009-02-17,17.52000
2009-02-18,17.64000
2009-02-19,17.64000
2009-02-20,17.49000
2009-02-24,17.47000
2009-02-25,17.52000
2009-02-26,17.48000
2009-02-27,17.48000
2009-03-02,17.26000
2009-03-03,17.10000
2009-03-04,17.08000
2009-03-05,16.85000
2009-03-06,16.84000
2009-03-09,16.66000
2009-03-12,16.75000
2009-03-13,16.98000
2009-03-16,17.28000
2009-03-17,17.32000
2009-03-18,17.42000
2009-03-19,17.42000
2009-03-20,17.51000
2009-03-23,17.75000
2009-03-24,17.69000
2009-03-25,17.64000
2009-03-26,18.00000
2009-03-27,18.18000
2009-03-30,18.13000
2009-03-31,18.50000
2009-04-01,18.47000
2009-04-02,18.81000
2009-04-06,18.86000
2009-04-08,19.10000
2009-04-09,19.14000
2009-04-13,19.56000
2009-04-15,19.93000
2009-04-16,19.71000
2009-04-17,19.73000
2009-04-20,20.14000
2009-04-21,19.93000
2009-04-22,19.72000
2009-04-23,19.91000
2009-04-24,20.11000
2009-04-27,20.07000
2009-04-28,19.73000
2009-04-29,20.02000
2009-05-04,20.52000
2009-05-05,20.47000
2009-05-06,20.31000
2009-05-07,20.63000
2009-05-08,20.51000
2009-05-11,20.34000
2009-05-12,20.48000
2009-05-13,20.41000
2009-05-14,20.42000
2009-05-15,20.67000
2009-05-19,22.16000
2009-05-20,22.79000
2009-05-21,22.60000
2009-05-22,22.63000
2009-05-25,22.87000
2009-05-26,22.40000
2009-05-27,22.79000
2009-05-28,22.88000
2009-05-29,23.38000
2009-06-01,23.94000
2009-06-02,23.91000
2009-06-03,24.09000
2009-06-04,24.60000
2009-06-05,24.56000
2009-06-08,23.87000
2009-06-09,24.39000
2009-06-10,24.83000
2009-06-11,24.73000
2009-06-12,24.45000
2009-06-15,24.21000
2009-06-16,24.31000
2009-06-17,23.88000
2009-06-18,23.38000
2009-06-19,23.55000
2009-06-22,23.60000
2009-06-23,23.53000
2009-06-24,23.85000
2009-06-25,23.68000
2009-06-26,24.05000
2009-06-29,24.11000
2009-06-30,23.88000
2009-07-01,24.09000
2009-07-02,24.14000
2009-07-03,24.17000
2009-07-06,23.42000
2009-07-07,23.81000
2009-07-08,23.58000
2009-07-09,23.74000
2009-07-10,23.63000
2009-07-13,23.22000
2009-07-14,23.83000
2009-07-15,24.33000
2009-07-16,24.29000
2009-07-17,24.68000
2009-07-20,25.32000
2009-07-21,25.24000
2009-07-22,25.15000
2009-07-23,25.67000
2009-07-24,25.95000
2009-07-27,26.12000
2009-07-28,26.39000
2009-07-29,26.28000
2009-07-30,26.39000
2009-07-31,26.89000
2009-08-03,27.17000
2009-08-04,27.17000
2009-08-05,27.29000
2009-08-06,26.76000
2009-08-07,26.24000
2009-08-10,25.73000
2009-08-11,25.89000
2009-08-12,25.66000
2009-08-13,26.33000
2009-08-14,26.27000
2009-08-17,25.62000
2009-08-18,25.88000
2009-08-19,25.66000
2009-08-20,25.92000
2009-08-21,26.17000
2009-08-24,26.66000
2009-08-25,26.72000
2009-08-26,26.85000
2009-08-27,26.88000
2009-08-28,27.22000
2009-08-31,27.26000
2009-09-01,27.20000
2009-09-02,27.18000
2009-09-03,27.34000
2009-09-04,27.50000
2009-09-07,27.84000
2009-09-08,27.76000
2009-09-09,27.70000
2009-09-10,27.73000
2009-09-11,27.79000
2009-09-14,27.79000
2009-09-15,28.14000
2009-09-16,28.44000
2009-09-17,28.72000
2009-09-18,28.95000
2009-09-22,29.22000
2009-09-23,28.87000
2009-09-24,28.81000
2009-09-25,29.03000
2009-09-29,29.15000
2009-09-30,29.35000
2009-10-01,29.31000
2009-10-05,29.03000
2009-10-06,29.05000
2009-10-07,29.18000
2009-10-08,29.45000
2009-10-09,29.29000
2009-10-12,29.68000
2009-10-14,30.19000
2009-10-15,30.36000
2009-10-16,30.56000
2009-10-20,30.64000
2009-10-21,30.27000
2009-10-22,30.08000
2009-10-23,30.32000
2009-10-26,30.10000
2009-10-27,29.42000
2009-10-28,29.38000
2009-10-29,29.17000
2009-10-30,29.18000
2009-11-03,28.38000
2009-11-04,28.99000
2009-11-05,29.38000
2009-11-06,29.68000
2009-11-09,29.95000
2009-11-10,29.79000
2009-11-11,30.25000
2009-11-12,30.06000
2009-11-13,30.22000
2009-11-16,30.61000
2009-11-17,30.71000
2009-11-18,30.83000
2009-11-19,30.79000
2009-11-20,30.88000
2009-11-23,31.23000
2009-11-24,31.26000
2009-11-25,31.16000
2009-11-26,30.96000
2009-11-27,30.52000
2009-11-30,30.83000
2009-12-01,31.34000
2009-12-02,31.38000
2009-12-03,31.78000
2009-12-04,31.59000
2009-12-07,31.51000
2009-12-08,31.73000
2009-12-09,31.70000
2009-12-10,31.53000
2009-12-11,31.51000
2009-12-14,31.60000
2009-12-15,31.34000
2009-12-16,31.37000
2009-12-17,31.41000
2009-12-18,31.42000
2009-12-21,31.28000
2009-12-22,31.31000
2009-12-23,31.75000
2009-12-24,31.86000
2009-12-29,32.07000
2009-12-30,32.16000
2009-12-31,32.20000
2010-01-04,32.48000
2010-01-05,32.53000
2010-01-06,32.51000
2010-01-07,32.70000
2010-01-08,32.78000
2010-01-11,33.08000
2010-01-12,32.67000
2010-01-13,32.81000
2010-01-14,33.00000
2010-01-15,33.11000
2010-01-18,33.09000
2010-01-19,32.84000
2010-01-20,32.85000
2010-01-21,32.21000
2010-01-22,31.90000
2010-01-25,31.64000
2010-01-27,30.62000
2010-01-28,30.61000
2010-01-29,30.65000
2010-02-01,31.10000
2010-02-02,30.87000
2010-02-03,31.16000
2010-02-04,30.68000
2010-02-05,30.09000
2010-02-08,30.57000
2010-02-09,30.72000
2010-02-10,30.80000
2010-02-11,31.13000
2010-02-15,30.95000
2010-02-16,31.14000
2010-02-17,31.61000
2010-02-18,31.47000
2010-02-19,31.35000
2010-02-22,31.39000
2010-02-23,31.41000
2010-02-24,31.35000
2010-02-25,31.19000
2010-02-26,31.65000
2010-03-02,32.24000
2010-03-03,32.68000
2010-03-04,32.96000
2010-03-05,32.94000
2010-03-08,33.23000
2010-03-09,33.07000
2010-03-10,33.17000
2010-03-11,33.10000
2010-03-12,33.16000
2010-03-15,32.96000
2010-03-16,33.03000
2010-03-17,33.02000
2010-03-18,33.11000
2010-03-19,33.33000
2010-03-22,33.10000
2010-03-23,33.21000
2010-03-25,33.32000
2010-03-26,33.29000
2010-03-29,33.26000
2010-03-30,33.43000
2010-03-31,33.64000
2010-04-01,33.93000
2010-04-05,34.21000
2010-04-06,34.20000
2010-04-07,34.39000
2010-04-08,34.27000
2010-04-09,34.24000
2010-04-12,34.17000
2010-04-13,34.01000
2010-04-15,34.14000
2010-04-16,34.18000
2010-04-19,33.84000
2010-04-20,34.21000
2010-04-21,34.76000
2010-04-22,34.63000
2010-04-23,34.55000
2010-04-26,34.63000
2010-04-27,34.73000
2010-04-28,34.55000
2010-04-29,34.62000
2010-04-30,34.82000
2010-05-03,34.61000
2010-05-04,34.07000
2010-05-05,34.29000
2010-05-06,34.26000
2010-05-07,33.90000
2010-05-10,34.55000
2010-05-11,34.24000
2010-05-12,34.29000
2010-05-13,34.50000
2010-05-14,34.13000
2010-05-17,34.25000
2010-05-18,34.59000
2010-05-19,33.93000
2010-05-20,33.87000
2010-05-21,33.55000
2010-05-24,33.51000
2010-05-25,32.95000
2010-05-26,33.29000
2010-05-27,33.43000
2010-05-28,33.75000
2010-05-31,34.01000
2010-06-01,33.78000
2010-06-02,34.06000
2010-06-03,34.35000
2010-06-04,34.44000
2010-06-07,34.45000
2010-06-08,34.36000
2010-06-09,34.60000
2010-06-10,34.89000
2010-06-11,35.16000
2010-06-14,35.37000
2010-06-15,35.70000
2010-06-16,36.02000
2010-06-17,36.18000
2010-06-18,35.93000
2010-06-21,36.31000
2010-06-22,36.20000
2010-06-23,36.40000
2010-06-24,36.34000
2010-06-25,36.29000
2010-06-28,36.47000
2010-06-29,36.54000
2010-06-30,36.82000
2010-07-01,36.73000
2010-07-02,36.73000
2010-07-05,36.85000
2010-07-06,37.07000
2010-07-07,36.94000
2010-07-08,37.24000
2010-07-09,37.27000
2010-07-12,37.21000
2010-07-13,37.31000
2010-07-14,37.18000
2010-07-15,37.10000
2010-07-16,37.08000
2010-07-19,37.10000
2010-07-20,37.03000
2010-07-21,37.22000
2010-07-22,37.56000
2010-07-23,37.50000
2010-07-26,37.14000
2010-07-27,37.09000
2010-07-28,37.02000
2010-07-29,37.11000
2010-07-30,37.10000
2010-08-02,37.40000
2010-08-03,37.50000
2010-08-04,37.67000
2010-08-05,38.00000
2010-08-06,38.05000
2010-08-09,38.12000
2010-08-10,37.83000
2010-08-11,37.67000
2010-08-12,37.79000
2010-08-13,37.96000
2010-08-16,37.73000
2010-08-17,37.87000
2010-08-18,38.02000
2010-08-19,38.22000
2010-08-20,38.29000
2010-08-23,38.26000
2010-08-24,38.16000
2010-08-25,37.67000
2010-08-26,37.82000
2010-08-27,37.77000
2010-08-30,37.67000
2010-08-31,37.68000
2010-09-01,36.46000
2010-09-02,36.45000
2010-09-03,36.77000
2010-09-06,37.10000
2010-09-07,37.22000
2010-09-08,37.49000
2010-09-09,37.47000
2010-09-13,37.63000
2010-09-14,37.54000
2010-09-15,37.70000
2010-09-16,37.54000
2010-09-17,37.77000
2010-09-20,38.37000
2010-09-21,38.25000
2010-09-22,38.25000
2010-09-23,38.28000
2010-09-24,38.59000
2010-09-27,38.64000
2010-09-28,38.83000
2010-09-29,38.88000
2010-09-30,39.04000
2010-10-01,39.45000
2010-10-04,39.62000
2010-10-05,39.66000
2010-10-06,39.75000
2010-10-07,39.49000
2010-10-08,39.29000
2010-10-11,39.49000
2010-10-12,39.32000
2010-10-13,39.82000
2010-10-14,39.51000
2010-10-15,39.27000
2010-10-18,39.08000
2010-10-19,39.19000
2010-10-20,39.15000
2010-10-21,39.43000
2010-10-22,39.34000
2010-10-25,39.51000
2010-10-26,39.50000
2010-10-27,39.19000
2010-10-28,39.25000
2010-10-29,39.30000
2010-11-01,39.65000
2010-11-02,39.64000
2010-11-03,39.95000
2010-11-04,40.02000
2010-11-08,40.34000
2010-11-09,40.66000
2010-11-10,40.33000
2010-11-11,40.15000
2010-11-12,39.63000
2010-11-15,39.44000
2010-11-16,39.18000
2010-11-18,39.13000
2010-11-19,38.43000
2010-11-22,38.68000
2010-11-23,38.53000
2010-11-24,38.45000
2010-11-25,37.88000
2010-11-26,37.31000
2010-11-29,37.58000
2010-11-30,38.06000
2010-12-01,38.49000
2010-12-02,38.60000
2010-12-03,38.16000
2010-12-06,38.16000
2010-12-07,38.02000
2010-12-08,37.71000
2010-12-09,36.83000
2010-12-10,37.25000
2010-12-13,37.46000
2010-12-14,37.69000
2010-12-15,37.36000
2010-12-16,37.36000
2010-12-20,37.42000
2010-12-21,37.67000
2010-12-22,37.75000
2010-12-23,37.68000
2010-12-24,37.93000
2010-12-27,37.96000
2010-12-28,38.05000
2010-12-29,38.44000
2010-12-30,38.66000
2010-12-31,38.99000
2011-01-03,39.46000
2011-01-04,39.37000
2011-01-05,39.24000
2011-01-06,38.90000
2011-01-07,38.40000
2011-01-10,37.70000
2011-01-11,37.58000
2011-01-12,37.85000
2011-01-13,37.74000
2011-01-14,37.47000
2011-01-17,37.14000
2011-01-18,37.37000
2011-01-19,37.21000
2011-01-20,37.23000
2011-01-21,37.00000
2011-01-24,37.08000
2011-01-25,37.06000
2011-01-27,36.73000
2011-01-28,36.22000
2011-01-31,36.41000
2011-02-01,35.95000
2011-02-02,36.01000
2011-02-03,36.38000
2011-02-04,35.96000
2011-02-07,35.83000
2011-02-08,35.57000
2011-02-09,35.03000
2011-02-10,34.89000
2011-02-11,35.32000
2011-02-14,35.90000
2011-02-15,35.89000
2011-02-16,35.80000
2011-02-17,35.96000
2011-02-18,35.93000
2011-02-21,35.89000
2011-02-22,35.75000
2011-02-23,35.60000
2011-02-24,35.02000
2011-02-25,34.76000
2011-02-28,34.89000
2011-03-01,35.49000
2011-03-03,35.74000
2011-03-04,35.68000
2011-03-07,35.40000
2011-03-08,35.50000
2011-03-09,35.45000
2011-03-10,35.53000
2011-03-11,35.37000
2011-03-14,35.45000
2011-03-15,35.19000
2011-03-16,35.22000
2011-03-17,35.13000
2011-03-18,35.03000
2011-03-21,35.08000
2011-03-22,35.33000
2011-03-23,35.61000
2011-03-24,35.90000
2011-03-25,36.17000
2011-03-28,36.55000
2011-03-29,36.68000
2011-03-30,37.15000
2011-03-31,37.53000
2011-04-01,37.58000
2011-04-04,37.98000
2011-04-05,37.93000
2011-04-06,37.74000
2011-04-07,37.81000
2011-04-08,38.02000
2011-04-11,37.72000
2011-04-13,38.30000
2011-04-15,38.06000
2011-04-18,37.81000
2011-04-19,37.82000
2011-04-20,38.28000
2011-04-21,38.55000
2011-04-25,38.91000
2011-04-26,38.88000
2011-04-27,39.29000
2011-04-28,39.15000
2011-04-29,39.25000
2011-05-02,39.03000
2011-05-03,38.61000
2011-05-04,38.36000
2011-05-05,37.96000
2011-05-06,38.18000
2011-05-09,38.40000
2011-05-10,38.47000
2011-05-11,38.77000
2011-05-12,38.59000
2011-05-13,38.82000
2011-05-16,38.72000
2011-05-17,38.59000
2011-05-18,38.57000
2011-05-19,38.53000
2011-05-20,38.74000
2011-05-23,38.50000
2011-05-24,38.55000
2011-05-25,38.44000
2011-05-26,38.61000
2011-05-27,38.80000
2011-05-30,38.90000
2011-05-31,39.18000
2011-06-01,39.51000
2011-06-02,39.58000
2011-06-03,39.66000
2011-06-06,39.72000
2011-06-07,39.76000
2011-06-08,39.69000
2011-06-09,39.63000
2011-06-10,39.78000
2011-06-13,39.97000
2011-06-14,40.31000
2011-06-15,40.30000
2011-06-16,40.11000
2011-06-17,39.81000
2011-06-20,39.16000
2011-06-21,39.25000
2011-06-22,39.03000
2011-06-23,38.93000
2011-06-24,39.47000
2011-06-27,39.76000
2011-06-28,39.77000
2011-06-29,40.11000
2011-06-30,40.37000
2011-07-01,40.57000
2011-07-04,40.83000
2011-07-05,40.69000
2011-07-06,40.63000
2011-07-07,41.06000
2011-07-08,41.01000
2011-07-11,40.92000
2011-07-12,40.90000
2011-07-13,41.15000
2011-07-14,41.27000
2011-07-15,41.24000
2011-07-18,41.23000
2011-07-19,41.40000
2011-07-20,41.03000
2011-07-21,41.02000
2011-07-22,41.58000
2011-07-25,41.80000
2011-07-26,41.48000
2011-07-27,41.64000
2011-07-28,41.41000
2011-07-29,41.36000
2011-08-01,41.46000
2011-08-02,41.29000
2011-08-03,41.10000
2011-08-04,40.81000
2011-08-05,40.02000
2011-08-08,39.54000
2011-08-09,39.32000
2011-08-10,39.81000
2011-08-11,39.69000
2011-08-12,39.78000
2011-08-16,39.44000
2011-08-17,39.36000
2011-08-18,38.97000
2011-08-19,38.46000
2011-08-22,38.79000
2011-08-23,39.10000
2011-08-24,39.10000
2011-08-25,38.77000
2011-08-26,38.30000
2011-08-29,38.71000
2011-08-30,39.12000
2011-09-02,39.35000
2011-09-05,39.29000
2011-09-06,39.36000
2011-09-07,39.86000
2011-09-08,39.92000
2011-09-09,39.62000
2011-09-12,39.10000
2011-09-13,39.33000
2011-09-14,39.36000
2011-09-15,39.54000
2011-09-16,39.49000
2011-09-19,39.66000
2011-09-20,40.12000
2011-09-21,40.19000
2011-09-22,39.43000
2011-09-23,39.35000
2011-09-26,39.00000
2011-09-27,39.38000
2011-09-28,39.33000
2011-09-29,39.49000
2011-09-30,39.52000
2011-10-03,39.23000
2011-10-04,39.12000
2011-10-05,38.89000
2011-10-07,39.12000
2011-10-10,39.22000
2011-10-11,39.07000
2011-10-12,39.36000
2011-10-13,39.20000
2011-10-14,39.47000
2011-10-17,39.51000
2011-10-18,39.34000
2011-10-19,39.44000
2011-10-20,39.32000
2011-10-21,39.25000
2011-10-24,39.09000
2011-10-25,39.33000
2011-10-28,39.73000
2011-10-31,39.91000
2011-11-01,39.96000
2011-11-02,40.05000
2011-11-03,40.04000
2011-11-04,40.35000
2011-11-08,40.51000
2011-11-09,40.13000
2011-11-11,40.17000
2011-11-14,40.04000
2011-11-15,39.30000
2011-11-16,39.00000
2011-11-17,38.75000
2011-11-18,38.44000
2011-11-21,38.02000
2011-11-22,37.82000
2011-11-23,37.30000
2011-11-24,37.55000
2011-11-25,37.54000
2011-11-28,37.75000
2011-11-29,37.73000
2011-11-30,37.79000
2011-12-01,37.73000
2011-12-02,38.02000
2011-12-05,37.98000
2011-12-07,37.95000
2011-12-08,37.54000
2011-12-09,37.23000
2011-12-12,36.82000
2011-12-13,36.87000
2011-12-14,36.65000
2011-12-15,36.54000
2011-12-16,36.12000
2011-12-19,35.88000
2011-12-20,35.73000
2011-12-21,36.13000
2011-12-22,36.52000
2011-12-23,36.56000
2011-12-26,36.80000
2011-12-27,36.82000
2011-12-28,36.61000
2011-12-29,36.37000
2011-12-30,36.65000
2012-01-02,36.49000
2012-01-03,36.96000
2012-01-04,36.73000
2012-01-05,36.70000
2012-01-06,36.64000
2012-01-09,36.68000
2012-01-10,37.20000
2012-01-11,37.35000
2012-01-12,37.43000
2012-01-13,37.53000
2012-01-16,37.60000
2012-01-17,38.30000
2012-01-18,38.12000
2012-01-19,38.34000
2012-01-20,38.44000
2012-01-23,38.59000
2012-01-24,38.76000
2012-01-25,38.98000
2012-01-27,39.27000
2012-01-30,38.88000
2012-01-31,39.10000
2012-02-01,39.49000
2012-02-02,39.70000
2012-02-03,40.15000
2012-02-06,40.27000
2012-02-07,40.14000
2012-02-08,40.40000
2012-02-09,40.65000
2012-02-10,40.73000
2012-02-13,41.04000
2012-02-14,41.43000
2012-02-15,41.67000
2012-02-16,41.80000
2012-02-17,41.65000
2012-02-21,41.71000
2012-02-22,41.18000
2012-02-23,41.22000
2012-02-24,41.72000
2012-02-27,41.17000
2012-02-28,41.67000
2012-02-29,41.69000
2012-03-01,41.75000
2012-03-02,41.72000
2012-03-05,41.74000
2012-03-06,41.77000
2012-03-07,41.43000
2012-03-09,42.02000
2012-03-12,42.10000
2012-03-13,42.45000
2012-03-14,42.57000
2012-03-15,42.57000
2012-03-16,42.21000
2012-03-19,42.31000
2012-03-20,42.43000
2012-03-21,42.74000
2012-03-22,42.27000
2012-03-23,42.42000
2012-03-26,42.19000
2012-03-27,42.53000
2012-03-28,42.37000
2012-03-29,42.46000
2012-03-30,43.58000
2012-04-02,43.78000
2012-04-03,44.16000
2012-04-04,43.96000
2012-04-09,43.53000
2012-04-10,43.89000
2012-04-11,43.87000
2012-04-12,44.29000
2012-04-13,44.32000
2012-04-16,44.46000
2012-04-17,44.71000
2012-04-18,44.98000
2012-04-19,45.27000
2012-04-20,44.98000
2012-04-23,44.27000
2012-04-24,44.17000
2012-04-25,44.12000
2012-04-26,43.80000
2012-04-27,43.74000
2012-04-30,43.92000
2012-05-02,43.83000
2012-05-03,43.57000
2012-05-04,42.97000
2012-05-07,43.08000
2012-05-08,42.78000
2012-05-09,42.67000
2012-05-10,42.92000
2012-05-11,42.65000
2012-05-14,42.41000
2012-05-15,42.39000
2012-05-16,42.22000
2012-05-17,42.42000
2012-05-18,42.30000
2012-05-21,42.31000
2012-05-22,42.11000
2012-05-23,42.01000
2012-05-24,41.99000
2012-05-25,42.04000
2012-05-28,42.29000
2012-05-29,42.35000
2012-05-30,42.25000
2012-05-31,42.31000
2012-06-01,41.66000
2012-06-04,41.33000
2012-06-05,41.28000
2012-06-06,41.74000
2012-06-07,41.91000
2012-06-08,41.97000
2012-06-11,41.86000
2012-06-12,41.89000
2012-06-13,42.05000
2012-06-14,41.81000
2012-06-15,42.04000
2012-06-18,41.81000
2012-06-19,41.98000
2012-06-20,42.21000
2012-06-21,42.33000
2012-06-22,42.30000
2012-06-25,42.34000
2012-06-26,42.27000
2012-06-27,42.37000
2012-06-28,42.53000
2012-06-29,43.06000
2012-07-02,43.10000
2012-07-03,43.07000
2012-07-04,43.13000
2012-07-05,43.16000
2012-07-06,43.08000
2012-07-09,42.64000
2012-07-10,43.00000
2012-07-11,42.85000
2012-07-12,42.75000
2012-07-13,42.75000
2012-07-16,42.79000
2012-07-17,42.65000
2012-07-18,42.61000
2012-07-19,42.53000
2012-07-20,42.55000
2012-07-23,42.10000
2012-07-24,42.50000
2012-07-25,42.44000
2012-07-26,42.20000
2012-07-27,42.19000
2012-07-30,42.45000
2012-07-31,42.66000
2012-08-01,42.78000
2012-08-02,43.00000
2012-08-03,43.09000
2012-08-06,43.44000
2012-08-07,43.47000
2012-08-08,43.48000
2012-08-09,43.44000
2012-08-10,43.47000
2012-08-13,43.55000
2012-08-14,43.64000
2012-08-16,43.70000
2012-08-17,43.71000
2012-08-21,43.91000
2012-08-22,43.82000
2012-08-23,44.02000
2012-08-24,43.82000
2012-08-27,43.71000
2012-08-28,43.65000
2012-08-29,43.60000
2012-08-30,43.68000
2012-08-31,43.67000
2012-09-03,43.62000
2012-09-04,43.57000
2012-09-05,43.49000
2012-09-06,43.63000
2012-09-07,43.90000
2012-09-10,44.09000
2012-09-11,44.33000
2012-09-12,44.41000
2012-09-13,44.47000
2012-09-14,44.73000
2012-09-17,44.49000
2012-09-18,44.30000
2012-09-20,44.03000
2012-09-21,44.37000
2012-09-24,44.40000
2012-09-25,44.29000
2012-09-26,44.55000
2012-09-27,44.72000
2012-09-28,45.26000
2012-10-01,45.49000
2012-10-03,45.66000
2012-10-04,43.59000
2012-10-05,43.57000
2012-10-08,43.33000
2012-10-09,43.55000
2012-10-10,43.40000
2012-10-11,43.53000
2012-10-12,43.44000
2012-10-15,43.36000
2012-10-16,43.44000
2012-10-17,43.47000
2012-10-18,43.60000
2012-10-19,43.67000
2012-10-22,43.70000
2012-10-23,43.66000
2012-10-25,43.58000
2012-10-26,43.33000
2012-10-29,43.17000
2012-10-30,43.14000
2012-10-31,43.32000
2012-11-01,43.34000
2012-11-02,43.45000
2012-11-05,43.39000
2012-11-06,43.52000
2012-11-07,43.62000
2012-11-08,43.57000
2012-11-09,43.47000
2012-11-12,43.36000
2012-11-15,43.31000
2012-11-16,43.04000
2012-11-19,43.15000
2012-11-20,43.06000
2012-11-21,42.75000
2012-11-22,42.77000
2012-11-23,42.86000
2012-11-26,43.61000
2012-11-27,43.98000
2012-11-29,44.50000
2012-11-30,44.54000
2012-12-03,44.81000
2012-12-04,44.67000
2012-12-05,44.64000
2012-12-06,44.69000
2012-12-07,44.57000
2012-12-10,44.61000
2012-12-11,44.61000
2012-12-12,44.54000
2012-12-13,44.43000
2012-12-14,44.46000
2012-12-17,44.78000
2012-12-18,44.77000
2012-12-19,45.06000
2012-12-20,45.17000
2012-12-21,44.91000
2012-12-24,45.01000
2012-12-26,45.16000
2012-12-27,45.08000
2012-12-28,45.47000
2012-12-31,45.82000
2013-01-01,45.88000
2013-01-02,45.90000
2013-01-03,46.07000
2013-01-04,46.17000
2013-01-07,46.23000
2013-01-08,46.21000
2013-01-09,46.05000
2013-01-10,45.93000
2013-01-11,45.48000
2013-01-14,45.47000
2013-01-15,45.51000
2013-01-16,45.19000
2013-01-17,45.15000
2013-01-18,45.05000
2013-01-21,45.09000
2013-01-22,44.84940
2013-01-23,44.34130
2013-01-24,44.01350
2013-01-25,44.25230
2013-01-28,44.17110
2013-01-29,44.11520
2013-01-30,44.09550
2013-01-31,44.41400
2013-02-01,44.25070
2013-02-04,44.26440
2013-02-05,44.13340
2013-02-06,44.14490
2013-02-07,43.96490
2013-02-08,43.58040
2013-02-11,43.29080
2013-02-12,43.40210
2013-02-13,43.25800
2013-02-14,43.01120
2013-02-15,42.90490
2013-02-18,43.10660
2013-02-19,43.50500
2013-02-20,43.66230
2013-02-21,43.34750
2013-02-22,43.09060
2013-02-25,43.03130
2013-02-26,42.70870
2013-02-27,42.72100
2013-02-28,42.16020
2013-03-01,42.36420
2013-03-04,41.96010
2013-03-05,42.35160
2013-03-06,42.30410
2013-03-07,42.31260
2013-03-08,42.43960
2013-03-11,42.54210
2013-03-12,42.56260
2013-03-13,42.34000
2013-03-14,42.50770
2013-03-15,42.59580
2013-03-18,42.64020
2013-03-19,42.33920
2013-03-20,42.08510
2013-03-21,41.95580
2013-03-22,41.71420
2013-03-25,41.50140
2013-03-26,41.66430
2013-03-28,41.85240
2013-04-01,41.93830
2013-04-02,42.24390
2013-04-03,42.15220
2013-04-04,41.84190
2013-04-05,42.00990
2013-04-08,41.98080
2013-04-09,41.84720
2013-04-10,42.02710
2013-04-11,42.18560
2013-04-12,42.16590
2013-04-15,42.00420
2013-04-16,42.32280
2013-04-17,42.61190
2013-04-18,42.83370
2013-04-22,43.15120
2013-04-23,43.05050
2013-04-25,43.30670
2013-04-26,43.39330
2013-04-29,43.71960
2013-04-30,44.66770
2013-05-02,44.93200
2013-05-03,44.82780
2013-05-06,45.06240
2013-05-07,45.38540
2013-05-08,45.23090
2013-05-09,45.14830
2013-05-10,45.48070
2013-05-13,45.30730
2013-05-14,45.55470
2013-05-15,45.81910
2013-05-16,45.86710
2013-05-17,46.11440
2013-05-20,45.91640
2013-05-21,45.93780
2013-05-22,46.06430
2013-05-23,45.69360
2013-05-24,45.85860
2013-05-27,46.26900
2013-05-28,46.37450
2013-05-29,46.46650
2013-05-30,46.60410
2013-05-31,46.87400
2013-06-03,47.15040
2013-06-04,47.12930
2013-06-05,47.06270
2013-06-06,47.09920
2013-06-07,46.80910
2013-06-10,46.58890
2013-06-11,46.33610
2013-06-12,46.04480
2013-06-13,45.52980
2013-06-14,45.84450
2013-06-17,45.99620
2013-06-18,45.98450
2013-06-19,46.17550
2013-06-20,45.80540
2013-06-21,45.55730
2013-06-24,44.78890
2013-06-25,44.36920
2013-06-26,44.28370
2013-06-27,44.34000
2013-06-28,44.91800
2013-07-01,45.67060
2013-07-02,45.71430
2013-07-03,45.75320
2013-07-04,45.87250
2013-07-05,45.91080
2013-07-08,45.81430
2013-07-09,46.01490
2013-07-10,45.91000
2013-07-11,46.01870
2013-07-12,46.20150
2013-07-15,46.49560
2013-07-16,46.60990
2013-07-17,47.03470
2013-07-18,47.35300
2013-07-19,47.16350
2013-07-22,46.77980
2013-07-23,46.76260
2013-07-24,46.34070
2013-07-25,45.74830
2013-07-26,45.55800
2013-07-29,45.10560
2013-07-30,44.57100
2013-07-31,44.45600
2013-08-01,44.18820
2013-08-02,43.83060
2013-08-05,43.67840
2013-08-06,42.91320
2013-08-07,43.01340
2013-08-08,43.51560
2013-08-12,43.64140
2013-08-13,43.96170
2013-08-14,44.02980
2013-08-16,43.18800
2013-08-19,42.50050
2013-08-20,42.25340
2013-08-21,41.92210
2013-08-22,42.39970
2013-08-23,42.62280
2013-08-26,42.88060
2013-08-27,42.09570
2013-08-28,41.75050
2013-08-29,42.25060
2013-08-30,42.63890
2013-09-02,43.18280
2013-09-03,42.43680
2013-09-04,42.74600
2013-09-05,43.14160
2013-09-06,43.15400
2013-09-10,44.31690
2013-09-11,44.71750
2013-09-12,44.45060
2013-09-13,44.44290
2013-09-16,44.13490
2013-09-17,44.14790
2013-09-18,44.34260
2013-09-19,45.12600
2013-09-20,45.09700
2013-09-23,44.53380
2013-09-24,44.64840
2013-09-25,44.54020
2013-09-26,44.79170
2013-09-27,44.96690
2013-09-30,45.17480
2013-10-01,45.15950
2013-10-03,45.43780
2013-10-04,45.49770
2013-10-07,45.69690
2013-10-08,45.65160
2013-10-09,45.77700
2013-10-10,46.03640
2013-10-11,45.99540
2013-10-14,45.98730
2013-10-15,45.82870
2013-10-17,45.93500
2013-10-18,46.32130
2013-10-21,46.60840
2013-10-22,46.76020
2013-10-23,46.94700
2013-10-24,46.77330
2013-10-25,46.53510
2013-10-28,46.26590
2013-10-29,46.89640
2013-10-30,46.88670
2013-10-31,47.05330
2013-11-01,47.31890
2013-11-05,47.14990
2013-11-06,47.05220
2013-11-07,46.92820
2013-11-08,46.76250
2013-11-11,46.45820
2013-11-12,46.48240
2013-11-13,46.39930
2013-11-14,46.57500
2013-11-18,46.74170
2013-11-19,46.83400
2013-11-20,46.88350
2013-11-21,46.44010
2013-11-22,46.48960
2013-11-25,46.93090
2013-11-26,46.80410
2013-11-27,47.00840
2013-11-28,47.28270
2013-11-29,47.83680
2013-12-02,48.31680
2013-12-03,48.35850
2013-12-04,48.10750
2013-12-05,48.02190
2013-12-06,48.01470
2013-12-09,48.19730
2013-12-10,47.97430
2013-12-11,48.11400
2013-12-12,47.98780
2013-12-13,47.71560
2013-12-16,48.20850
2013-12-17,48.29950
2013-12-18,48.92080
2013-12-19,49.07660
2013-12-20,49.76550
2013-12-23,49.74700
2013-12-24,49.96700
2013-12-26,50.30930
2013-12-27,50.47610
2013-12-30,50.50680
2013-12-31,50.68330
2014-01-01,50.70260
2014-01-02,50.22330
2014-01-03,50.33960
2014-01-06,50.28560
2014-01-07,50.22190
2014-01-08,50.20280
2014-01-09,49.81810
2014-01-10,49.52020
2014-01-13,49.56420
2014-01-14,49.41160
2014-01-15,49.50730
2014-01-16,49.31670
2014-01-17,48.98910
2014-01-20,49.25160
2014-01-21,49.32710
2014-01-22,49.38910
2014-01-23,49.41830
2014-01-24,48.79310
2014-01-27,47.98100
2014-01-28,47.63940
2014-01-29,47.78390
2014-01-30,47.26320
2014-01-31,47.54390
2014-02-03,47.38970
2014-02-04,47.43860
2014-02-05,47.56720
2014-02-06,47.62720
2014-02-07,47.71820
2014-02-10,47.62920
2014-02-11,47.60160
2014-02-12,47.46070
2014-02-13,47.50980
2014-02-14,47.47010
2014-02-17,47.47190
2014-02-18,47.92750
2014-02-19,48.00460
2014-02-20,47.80660
2014-02-21,48.00460
2014-02-24,48.15510
2014-02-25,48.25130
2014-02-26,48.35630
2014-02-28,48.37110
2014-03-03,48.19040
2014-03-04,48.78180
2014-03-05,49.07870
2014-03-06,49.24370
2014-03-07,49.43380
2014-03-10,50.00420
2014-03-11,49.50370
2014-03-12,49.45720
2014-03-13,49.42680
2014-03-14,49.42480
2014-03-18,49.93210
2014-03-19,50.45360
2014-03-20,50.40340
2014-03-21,50.62510
2014-03-24,50.97430
2014-03-25,51.44330
2014-03-26,51.71280
2014-03-27,52.14960
2014-03-28,52.72450
2014-03-31,53.46310
2014-04-01,53.16140
2014-04-02,53.16540
2014-04-03,53.29950
2014-04-04,52.99320
2014-04-07,52.93330
2014-04-09,53.28190
2014-04-10,53.65760
2014-04-11,53.45330
2014-04-15,53.35690
2014-04-16,53.14000
2014-04-17,53.45020
2014-04-21,53.62380
2014-04-22,53.66610
2014-04-23,53.91050
2014-04-25,53.59730
2014-04-28,53.45190
2014-04-29,52.99290
2014-04-30,52.96390
2014-05-02,52.78670
2014-05-05,52.88940
2014-05-06,52.74660
2014-05-07,52.65610
2014-05-08,52.68710
2014-05-09,53.37260
2014-05-12,53.65290
2014-05-13,54.34280
2014-05-14,54.38740
2014-05-15,54.13510
2014-05-16,54.54530
2014-05-19,55.13540
2014-05-20,55.84900
2014-05-21,56.60870
2014-05-22,57.58090
2014-05-23,58.51320
2014-05-26,58.24570
2014-05-27,57.92530
2014-05-28,58.51060
2014-05-29,58.20860
2014-05-30,58.64050
2014-06-02,59.29270
2014-06-03,59.83340
2014-06-04,60.09020
2014-06-05,60.51100
2014-06-06,60.93350
2014-06-09,61.12710
2014-06-10,60.94810
2014-06-11,60.86790
2014-06-12,61.40090
2014-06-13,60.93560
2014-06-16,60.82790
2014-06-17,61.42220
2014-06-18,61.47060
2014-06-19,61.05470
2014-06-20,60.97010
2014-06-23,61.20850
2014-06-24,61.86440
2014-06-25,62.11170
2014-06-26,62.46860
2014-06-27,62.64200
2014-06-30,63.92320
2014-07-01,64.48000
2014-07-02,65.55070
2014-07-03,65.99130
2014-07-04,66.22940
2014-07-07,66.15410
2014-07-08,64.62000
2014-07-09,63.63730
2014-07-10,63.85420
2014-07-11,63.23780
2014-07-14,62.91540
2014-07-15,63.67160
2014-07-16,64.26650
2014-07-17,65.15660
2014-07-18,64.84240
2014-07-21,64.84500
2014-07-22,65.07300
2014-07-23,64.99310
2014-07-24,64.94180
2014-07-25,64.65430
2014-07-28,64.57320
2014-07-30,64.70050
2014-07-31,64.63010
2014-08-01,64.26520
2014-08-04,64.82490
2014-08-05,65.68990
2014-08-06,65.44430
2014-08-07,65.45550
2014-08-08,64.52080
2014-08-11,64.90320
2014-08-12,65.54190
2014-08-13,66.04280
2014-08-14,66.56110
2014-08-18,67.22250
2014-08-19,67.62350
2014-08-20,68.04290
2014-08-21,68.45590
2014-08-22,68.79240
2014-08-25,68.68010
2014-08-26,68.72510
2014-08-27,69.04620
2014-08-28,68.95630
2014-09-01,69.81350
2014-09-02,70.05220
2014-09-03,71.04970
2014-09-04,70.73290
2014-09-05,70.80430
2014-09-08,71.54920
2014-09-09,71.87010
2014-09-10,71.70860
2014-09-11,72.28400
2014-09-12,73.12720
2014-09-15,73.65150
2014-09-16,72.38100
2014-09-17,72.38880
2014-09-18,73.24540
2014-09-19,73.38180
2014-09-22,73.48740
2014-09-23,73.00100
2014-09-24,73.03750
2014-09-25,72.10370
2014-09-26,72.42100
2014-09-29,72.89270
2014-09-30,73.43280
2014-10-01,72.86960
2014-10-07,71.98800
2014-10-08,71.78250
2014-10-09,72.74730
2014-10-10,71.71690
2014-10-13,71.65740
2014-10-14,71.51990
2014-10-16,70.46570
2014-10-17,70.61820
2014-10-20,71.51180
2014-10-21,72.24730
2014-10-22,73.22860
2014-10-27,73.89350
2014-10-28,74.10060
2014-10-29,74.37300
2014-10-30,74.46230
2014-10-31,75.56040
2014-11-03,76.20980
2014-11-05,75.88130
2014-11-07,76.42550
2014-11-10,76.93430
2014-11-11,77.16510
2014-11-12,77.81010
2014-11-13,78.07780
2014-11-14,79.41450
2014-11-17,79.85400
2014-11-18,80.12660
2014-11-19,80.48390
2014-11-20,81.05100
2014-11-21,81.23000
2014-11-24,81.36560
2014-11-25,80.25930
2014-11-26,78.05200
2014-11-27,78.27750
2014-11-28,78.91220
2014-12-01,79.23360
2014-12-02,79.67420
2014-12-03,81.21430
2014-12-04,82.08720
2014-12-05,82.02050
2014-12-08,81.22370
2014-12-09,80.04850
2014-12-10,80.01440
2014-12-11,79.47840
2014-12-12,79.10320
2014-12-15,78.74780
2014-12-16,76.71700
2014-12-17,76.24990
2014-12-18,77.78330
2014-12-19,78.00630
2014-12-22,78.48100
2014-12-23,78.68920
2014-12-24,78.63320
2014-12-26,78.71550
2014-12-29,79.52300
2014-12-30,79.81170
2014-12-31,80.02070
2015-01-01,80.37550
2015-01-02,81.06200
2015-01-05,81.35730
2015-01-06,80.05050
2015-01-07,80.65200
2015-01-08,81.53660
2015-01-09,81.59930
2015-01-12,82.37090
2015-01-13,82.60380
2015-01-14,83.06100
2015-01-15,83.72620
2015-01-16,84.17570
2015-01-19,84.35500
2015-01-20,84.28320
2015-01-21,84.64680
2015-01-22,84.88480
2015-01-23,85.08370
2015-01-27,86.14440
2015-01-28,86.20010
2015-01-29,86.12540
2015-01-30,85.51110
2015-02-02,85.89590
2015-02-03,85.71740
2015-02-04,85.19800
2015-02-05,84.71320
2015-02-06,84.19450
2015-02-09,83.00910
2015-02-10,83.78620
2015-02-11,85.25370
2015-02-12,86.90220
2015-02-13,88.08600
2015-02-16,88.08100
2015-02-18,88.88580
2015-02-19,88.61400
2015-02-20,88.73460
2015-02-23,88.24080
2015-02-24,88.31100
2015-02-25,88.19890
2015-02-26,87.32490
2015-02-27,88.53080
2015-03-02,90.39960
2015-03-03,91.08440
2015-03-04,90.93000
2015-03-05,91.37610
2015-03-09,90.57780
2015-03-10,90.20900
2015-03-11,90.15500
2015-03-12,91.34130
2015-03-13,90.16840
2015-03-16,89.58800
2015-03-17,90.27680
2015-03-18,90.38130
2015-03-19,90.63590
2015-03-20,90.00550
2015-03-23,89.18640
2015-03-24,88.84260
2015-03-25,88.69310
2015-03-26,88.00070
2015-03-27,88.10600
2015-03-30,89.52760
2015-03-31,89.84330
2015-04-01,90.30150
2015-04-06,90.81180
2015-04-07,91.26610
2015-04-08,91.76640
2015-04-09,91.86420
2015-04-10,91.98180
2015-04-13,92.16650
2015-04-15,92.02400
2015-04-16,91.78670
2015-04-17,90.53410
2015-04-20,88.58070
2015-04-21,87.33970
2015-04-22,87.22180
2015-04-23,87.36860
2015-04-24,85.78150
2015-04-27,84.84470
2015-04-28,85.98630
2015-04-29,86.22490
2015-04-30,86.53530
2015-05-04,87.53550
2015-05-05,88.30560
2015-05-06,86.27670
2015-05-07,85.22590
2015-05-08,86.34470
2015-05-11,87.37340
2015-05-12,86.52040
2015-05-13,87.80520
2015-05-14,88.20900
2015-05-15,88.30630
2015-05-18,88.90560
2015-05-19,88.78530
2015-05-20,88.98320
2015-05-21,88.95860
2015-05-22,89.20290
2015-05-25,88.92300
2015-05-26,88.41210
2015-05-27,88.40200
2015-05-28,88.41210
2015-05-29,89.70140
2015-06-01,89.60990
2015-06-02,88.29620
2015-06-03,87.05070
2015-06-04,86.94780
2015-06-05,87.00980
2015-06-08,86.11910
2015-06-09,85.93370
2015-06-10,86.63660
2015-06-11,85.76760
2015-06-12,85.71000
2015-06-15,86.01020
2015-06-16,86.11500
2015-06-17,87.29430
2015-06-18,87.80280
2015-06-19,87.89480
2015-06-22,88.71110
2015-06-23,89.06740
2015-06-24,88.86830
2015-06-25,88.88560
2015-06-26,88.95090
2015-06-29,88.30430
2015-06-30,89.60360
2015-07-01,90.32840
2015-07-02,90.95810
2015-07-03,90.98180
2015-07-06,91.31660
2015-07-07,91.77750
2015-07-08,91.18450
2015-07-09,91.09790
2015-07-10,90.97900
2015-07-13,91.91720
2015-07-14,92.08800
2015-07-15,92.61520
2015-07-16,93.05390
2015-07-17,93.37140
2015-07-20,93.71190
2015-07-21,92.83100
2015-07-22,93.53750
2015-07-23,93.64350
2015-07-24,93.34420
2015-07-27,92.43600
2015-07-28,92.37640
2015-07-29,93.56880
2015-07-30,94.05140
2015-07-31,94.88110
2015-08-03,95.46210
2015-08-04,96.32300
2015-08-05,97.27070
2015-08-06,97.69030
2015-08-07,97.51850
2015-08-10,97.46230
2015-08-11,96.98300
2015-08-12,95.28040
2015-08-13,95.10580
2015-08-14,96.29580
2015-08-17,96.06400
2015-08-18,96.45530
2015-08-19,96.68530
2015-08-20,95.61520
2015-08-21,95.05780
2015-08-24,89.56690
2015-08-25,90.54870
2015-08-26,89.56800
2015-08-27,90.96130
2015-08-28,91.55980
2015-08-31,91.56240
2015-09-01,90.30080
2015-09-02,89.95870
2015-09-03,90.69610
2015-09-04,89.44970
2015-09-07,88.01920
2015-09-08,88.01430
2015-09-09,89.48190
2015-09-10,89.60800
2015-09-11,89.79950
2015-09-14,90.45670
2015-09-15,90.01810
2015-09-16,89.91800
2015-09-18,90.53680
2015-09-21,90.72490
2015-09-22,89.94480
2015-09-23,89.72320
2015-09-24,90.03940
2015-09-28,89.43700
2015-09-29,89.34090
2015-09-30,90.31520
2015-10-01,90.42890
2015-10-05,91.48300
2015-10-06,91.92700
2015-10-07,92.25260
2015-10-08,92.09230
2015-10-09,91.67360
2015-10-12,91.17830
2015-10-13,90.93270
2015-10-14,90.87140
2015-10-15,91.12020
2015-10-16,91.38380
2015-10-19,91.81440
2015-10-20,91.97910
2015-10-21,92.54600
2015-10-23,92.15390
2015-10-26,92.00230
2015-10-27,88.51740
2015-10-28,88.45510
2015-10-29,88.64470
2015-10-30,88.17610
2015-11-02,88.31200
2015-11-03,88.75100
2015-11-04,88.58170
2015-11-05,87.73640
2015-11-06,87.10380
2015-11-09,87.36030
2015-11-10,86.52820
2015-11-13,86.10240
2015-11-16,85.92850
2015-11-17,86.33010
2015-11-18,85.91700
2015-11-19,86.72590
2015-11-20,87.19870
2015-11-23,86.74650
2015-11-24,86.39380
2015-11-26,85.99600
2015-11-27,86.24920
2015-11-30,85.92650
2015-12-01,86.28850
2015-12-02,86.15280
2015-12-03,85.65840
2015-12-04,85.42800
2015-12-07,85.77890
2015-12-08,85.12520
2015-12-09,84.00760
2015-12-10,84.51050
2015-12-11,84.14380
2015-12-14,84.90300
2015-12-15,85.80350
2015-12-16,85.59820
2015-12-17,86.26950
2015-12-18,86.03580
2015-12-21,86.32760
2015-12-22,86.00600
2015-12-23,86.29230
2015-12-24,86.42790
2015-12-28,86.49640
2015-12-29,86.48770
2015-12-30,86.40710
2015-12-31,86.71630
2016-01-01,87.15910
2016-01-04,86.39560
2016-01-05,86.25110
2016-01-06,85.78220
2016-01-07,83.86240
2016-01-08,83.93270
2016-01-11,83.36860
2016-01-12,83.47150
2016-01-13,83.28460
2016-01-14,83.00720
2016-01-15,81.74820
2016-01-18,80.25450
2016-01-19,80.62720
2016-01-20,79.49820
2016-01-21,78.76110
2016-01-22,79.83320
2016-01-25,80.07020
2016-01-27,79.63640
2016-01-28,79.64060
2016-01-29,80.46970
2016-02-01,80.61680
2016-02-02,79.98000
2016-02-03,79.17320
2016-02-04,79.56880
2016-02-05,80.27990
2016-02-08,80.18780
2016-02-09,79.45630
2016-02-10,78.83000
2016-02-11,77.02280
2016-02-12,76.69010
2016-02-15,78.37890
2016-02-16,77.38760
2016-02-17,77.56260
2016-02-18,78.06320
2016-02-19,77.90980
2016-02-22,78.77400
2016-02-23,78.25250
2016-02-24,77.71510
2016-02-25,77.02370
2016-02-26,77.18980
2016-02-29,76.61280
2016-03-01,77.91790
2016-03-02,78.55270
2016-03-03,79.15790
2016-03-04,79.21240
2016-03-08,79.08950
2016-03-09,79.49980
2016-03-10,79.23990
2016-03-11,79.44690
2016-03-14,79.66680
2016-03-15,79.36630
2016-03-16,79.34580
2016-03-17,79.77970
2016-03-18,80.48980
2016-03-21,81.56790
2016-03-22,82.08900
2016-03-23,82.59210
2016-03-28,81.82320
2016-03-29,81.78800
2016-03-30,82.34680
2016-03-31,82.52610
2016-04-01,82.39390
2016-04-04,82.46360
2016-04-05,81.45780
2016-04-06,81.76240
2016-04-07,81.24420
2016-04-08,81.45370
2016-04-11,82.00750
2016-04-12,82.75450
2016-04-13,83.81400
2016-04-18,84.11950
2016-04-20,84.34300
2016-04-21,83.91390
2016-04-22,83.78250
2016-04-25,83.42380
2016-04-26,84.16430
2016-04-27,84.34070
2016-04-28,83.30450
2016-04-29,83.36160
2016-05-02,83.35150
2016-05-03,83.13970
2016-05-04,82.49910
2016-05-05,82.65960
2016-05-06,82.80850
2016-05-09,83.24850
2016-05-10,83.42660
2016-05-11,83.66620
2016-05-12,84.11140
2016-05-13,83.56540
2016-05-16,83.82200
2016-05-17,83.84700
2016-05-18,83.34500
2016-05-19,82.65120
2016-05-20,82.23710
2016-05-23,82.03730
2016-05-24,82.06450
2016-05-25,83.21130
2016-05-26,83.50780
2016-05-27,83.86240
2016-05-30,84.19570
2016-05-31,84.38440
2016-06-01,84.47620
2016-06-02,84.80440
2016-06-03,85.07820
2016-06-06,84.96090
2016-06-07,85.44990
2016-06-08,85.56750
2016-06-09,84.92780
2016-06-10,84.59120
2016-06-13,84.33090
2016-06-14,84.20240
2016-06-15,84.79460
2016-06-16,84.49670
2016-06-17,84.67120
2016-06-20,84.80160
2016-06-21,84.79660
2016-06-22,84.80170
2016-06-23,85.06340
2016-06-24,84.29830
2016-06-27,84.89380
2016-06-28,85.45540
2016-06-29,86.61890
2016-06-30,87.32840
2016-07-01,87.79600
2016-07-04,87.92250
2016-07-05,88.10420
2016-07-07,88.42420
2016-07-08,88.26900
2016-07-11,88.98520
2016-07-12,89.10460
2016-07-13,88.98030
2016-07-14,89.21600
2016-07-15,89.02340
2016-07-18,88.99010
2016-07-19,88.92020
2016-07-20,89.47740
2016-07-21,89.52170
2016-07-22,89.77680
2016-07-25,90.36700
2016-07-26,89.83530
2016-07-27,89.93030
2016-07-28,90.84600
2016-07-29,91.16770
2016-08-01,90.82200
2016-08-02,90.27720
2016-08-03,89.28270
2016-08-04,89.44580
2016-08-05,90.61320
2016-08-08,91.97200
2016-08-09,91.53840
2016-08-10,90.17910
2016-08-11,90.58530
2016-08-12,91.05590
2016-08-16,90.64190
2016-08-17,90.75160
2016-08-18,90.98150
2016-08-19,91.06050
2016-08-22,90.67400
2016-08-23,90.51530
2016-08-24,90.92160
2016-08-25,90.73870
2016-08-26,90.79070
2016-08-29,90.69550
2016-08-30,91.80110
2016-08-31,91.98790
2016-09-01,91.92430
2016-09-02,91.98330
2016-09-06,92.93130
2016-09-07,92.80030
2016-09-08,93.31270
2016-09-09,92.61260
2016-09-12,91.19390
2016-09-14,91.07030
2016-09-15,91.16830
2016-09-16,91.42250
2016-09-19,91.25880
2016-09-20,91.14240
2016-09-21,91.44590
2016-09-22,92.01870
2016-09-23,91.97260
2016-09-26,91.20880
2016-09-27,91.42410
2016-09-28,91.66740
2016-09-29,89.96460
2016-09-30,90.81520
2016-10-03,92.46910
2016-10-04,92.88790
2016-10-05,93.02960
2016-10-06,93.04550
2016-10-07,92.56780
2016-10-10,92.61630
2016-10-13,91.48600
2016-10-14,91.32160
2016-10-17,90.35610
2016-10-18,91.06030
2016-10-19,91.04260
2016-10-20,91.26190
2016-10-21,87.87010
2016-10-24,87.85140
2016-10-25,87.50900
2016-10-26,87.37470
2016-10-27,86.78170
2016-10-28,87.09230
2016-11-01,87.55930
2016-11-02,86.71240
2016-11-03,86.16760
2016-11-04,85.54730
2016-11-07,85.48450
2016-11-08,85.64920
2016-11-09,83.92910
2016-11-10,83.83960
2016-11-11,81.88720
2016-11-15,79.42790
2016-11-16,79.48580
2016-11-17,78.86310
2016-11-18,79.25060
2016-11-21,77.43710
2016-11-22,78.30030
2016-11-23,79.00670
2016-11-24,78.66560
2016-11-25,79.21810
2016-11-28,79.62540
2016-11-29,80.36070
2016-11-30,81.47350
2016-12-01,81.08860
2016-12-02,80.23410
2016-12-05,81.06010
2016-12-06,80.74280
2016-12-07,80.63050
2016-12-08,81.77700
2016-12-09,81.72150
2016-12-12,80.83200
2016-12-13,80.80080
2016-12-14,80.34420
2016-12-15,80.30910
2016-12-16,80.50980
2016-12-19,80.03080
2016-12-20,79.52870
2016-12-21,79.27820
2016-12-22,78.53600
2016-12-23,78.75970
2016-12-26,77.93810
2016-12-27,78.92280
2016-12-28,79.26410
2016-12-29,80.25320
2016-12-30,80.89050
2017-01-02,81.69430
2017-01-03,81.67470
2017-01-04,81.24110
2017-01-05,81.88840
2017-01-06,81.72570
2017-01-09,81.65750
2017-01-10,81.79880
2017-01-11,82.48750
2017-01-12,82.37750
2017-01-13,82.06340
2017-01-16,82.11120
2017-01-17,82.37560
2017-01-18,82.91430
2017-01-19,83.15100
2017-01-20,82.85840
2017-01-23,83.34120
2017-01-24,83.99120
2017-01-25,84.74250
2017-01-27,85.08770
2017-01-30,84.97580
2017-01-31,84.29920
2017-02-01,85.87640
2017-02-02,86.19590
2017-02-03,86.06670
2017-02-06,87.03550
2017-02-07,86.66440
2017-02-08,86.86590
2017-02-09,86.89440
2017-02-10,86.79580
2017-02-13,86.63840
2017-02-14,86.58550
2017-02-15,85.74480
2017-02-16,86.38840
2017-02-17,86.70350
2017-02-20,87.07350
2017-02-21,87.43660
2017-02-22,86.81230
2017-02-23,86.53790
2017-02-27,86.24350
2017-02-28,86.15290
2017-03-01,86.13090
2017-03-02,85.85000
2017-03-03,85.57450
2017-03-06,85.62870
2017-03-07,85.50130
2017-03-08,85.58810
2017-03-09,85.75850
2017-03-10,85.90440
2017-03-14,86.91570
2017-03-15,87.57610
2017-03-16,88.24380
2017-03-17,88.35400
2017-03-20,88.21540
2017-03-21,88.41990
2017-03-22,88.20070
2017-03-23,88.44750
2017-03-24,88.63900
2017-03-27,88.56790
2017-03-28,88.99960
2017-03-29,89.41560
2017-03-30,90.01250
2017-03-31,90.32300
2017-04-03,90.63540
2017-04-05,91.11150
2017-04-06,90.79010
2017-04-07,90.37270
2017-04-10,90.57330
2017-04-11,90.94220
2017-04-12,90.96090
2017-04-13,90.68430
2017-04-17,90.33370
2017-04-18,89.76280
2017-04-19,89.84320
2017-04-20,90.06400
2017-04-21,89.90800
2017-04-24,90.79350
2017-04-25,91.34710
2017-04-26,91.63130
2017-04-27,91.68990
2017-04-28,92.16550
2017-05-02,92.46600
2017-05-03,92.85280
2017-05-04,93.16010
2017-05-05,92.44080
2017-05-08,93.20020
2017-05-09,93.46980
2017-05-10,94.71220
2017-05-11,94.62680
2017-05-12,94.28470
2017-05-15,94.83350
2017-05-16,95.12910
2017-05-17,94.71050
2017-05-18,93.44850
2017-05-19,92.84220
2017-05-22,92.47170
2017-05-23,91.95400
2017-05-24,91.18130
2017-05-25,92.02700
2017-05-26,92.83690
2017-05-29,92.67300
2017-05-30,92.68660
2017-05-31,93.65400
2017-06-01,94.10030
2017-06-02,94.45500
2017-06-05,94.82260
2017-06-06,94.34490
2017-06-07,94.92230
2017-06-08,94.98100
2017-06-09,95.48920
2017-06-12,94.78920
2017-06-13,94.75320
2017-06-14,94.83310
2017-06-15,94.67850
2017-06-16,95.03330
2017-06-19,95.18440
2017-06-20,95.04270
2017-06-21,95.28670
2017-06-22,95.09640
2017-06-23,94.32580
2017-06-27,93.60440
2017-06-28,93.86440
2017-06-29,93.94820
2017-06-30,94.62670
2017-07-03,95.52340
2017-07-04,95.79940
2017-07-05,96.46560
2017-07-06,96.51770
2017-07-07,96.34350
2017-07-10,96.69750
2017-07-11,96.32930
2017-07-12,96.89220
2017-07-13,97.01350
2017-07-14,96.87110
2017-07-17,97.09930
2017-07-18,97.00740
2017-07-19,97.65420
2017-07-20,97.17370
2017-07-21,97.56440
2017-07-24,97.78590
2017-07-25,97.61200
2017-07-26,98.05060
2017-07-27,97.88610
2017-07-28,98.01560
2017-07-31,98.35160
2017-08-01,98.45720
2017-08-02,98.32660
2017-08-03,97.77810
2017-08-04,98.13750
2017-08-07,98.59610
2017-08-08,97.90300
2017-08-09,96.87300
2017-08-10,95.76500
2017-08-11,94.97440
2017-08-14,95.94300
2017-08-16,97.18270
2017-08-17,96.95840
2017-08-18,97.08000
2017-08-21,96.43740
2017-08-22,96.21600
2017-08-23,96.33140
2017-08-24,96.63150
2017-08-28,97.10320
2017-08-29,96.44350
2017-08-30,97.44670
2017-08-31,98.08400
2017-09-01,98.59440
2017-09-04,98.35610
2017-09-05,98.64030
2017-09-06,98.54740
2017-09-07,99.09420
2017-09-08,99.23470
2017-09-11,99.65110
2017-09-12,100.18710
2017-09-13,100.09390
2017-09-14,99.98940
2017-09-15,100.48590
2017-09-18,101.07160
2017-09-19,101.16120
2017-09-20,100.65790
2017-09-21,100.29400
2017-09-22,98.71790
2017-09-25,97.72660
2017-09-26,97.88380
2017-09-27,96.77910
2017-09-28,97.17680
2017-09-29,97.95000
2017-10-03,97.85480
2017-10-04,97.96490
2017-10-05,98.01280
2017-10-06,98.59890
2017-10-09,98.45870
2017-10-10,98.55600
2017-10-11,98.31550
2017-10-12,99.43560
2017-10-13,99.71570
2017-10-16,100.02020
2017-10-17,100.08060
2017-10-18,99.79190
2017-10-23,99.83340
2017-10-24,100.26810
2017-10-25,100.86250
2017-10-26,100.97390
2017-10-27,102.07410
2017-10-30,102.63150
2017-10-31,102.54740
2017-11-01,103.22350
2017-11-02,103.34610
2017-11-03,103.54240
2017-11-06,103.61950
2017-11-07,103.12380
2017-11-08,103.07860
2017-11-09,103.67430
2017-11-10,103.99570
2017-11-13,103.38180
2017-11-14,102.84520
2017-11-15,102.49670
2017-11-16,103.10760
2017-11-17,103.98710
2017-11-20,103.99430
2017-11-21,104.28490
2017-11-22,104.59260
2017-11-23,104.52470
2017-11-24,104.61790
2017-11-27,104.55080
2017-11-28,105.04560
2017-11-29,105.55650
2017-11-30,105.29190
2017-12-01,104.48020
2017-12-04,104.88340
2017-12-05,104.62320
2017-12-06,104.33440
2017-12-07,101.98350
2017-12-08,102.82310
2017-12-11,103.41630
2017-12-12,103.21420
2017-12-13,102.94460
2017-12-14,102.47790
2017-12-15,103.16340
2017-12-18,103.91910
2017-12-19,105.43190
2017-12-20,105.48810
2017-12-21,105.84520
2017-12-22,106.03270
2017-12-26,106.49890
2017-12-27,106.42950
2017-12-28,106.67730
2017-12-29,107.26550
2018-01-01,106.86630
2018-01-02,106.04890
2018-01-03,106.24330
2018-01-04,106.69900
2018-01-05,107.34040
2018-01-08,107.64650
2018-01-09,107.14800
2018-01-10,106.91690
2018-01-11,107.29170
2018-01-12,107.59690
2018-01-15,107.61610
2018-01-16,106.93300
2018-01-17,107.12990
2018-01-18,106.61260
2018-01-19,106.85940
2018-01-22,107.35810
2018-01-23,107.50410
2018-01-24,106.74910
2018-01-25,106.29360
2018-01-29,107.14680
2018-01-30,106.44900
2018-01-31,106.07100
2018-02-01,106.24110
2018-02-02,103.60230
2018-02-05,103.22650
2018-02-06,101.58690
2018-02-07,101.09620
2018-02-08,102.65390
2018-02-09,102.76930
2018-02-12,103.58420
2018-02-14,103.76240
2018-02-15,103.82350
2018-02-16,103.50710
2018-02-19,102.88340
2018-02-20,103.03470
2018-02-21,103.00980
2018-02-22,102.46030
2018-02-23,103.09060
2018-02-26,103.62510
2018-02-27,103.29020
2018-02-28,103.10010
2018-03-01,103.02270
2018-03-05,101.83200
2018-03-06,100.72050
2018-03-07,100.35260
2018-03-08,100.37970
2018-03-09,100.35460
2018-03-12,101.48380
2018-03-13,101.50180
2018-03-14,101.48720
2018-03-15,101.61920
2018-03-16,100.48950
2018-03-19,99.66840
2018-03-20,99.70850
2018-03-21,99.84490
2018-03-22,99.26120
2018-03-23,98.73300
2018-03-26,99.44100
2018-03-27,100.44420
2018-03-28,100.59150
2018-04-02,102.18330
2018-04-03,102.83510
2018-04-04,102.65750
2018-04-05,103.72980
2018-04-06,104.52980
2018-04-09,104.43540
2018-04-10,104.34300
2018-04-11,104.69050
2018-04-12,104.68470
2018-04-13,104.41790
2018-04-16,104.93110
2018-04-17,105.19870
2018-04-18,105.03410
2018-04-19,105.63890
2018-04-20,105.77040
2018-04-23,105.87400
2018-04-24,106.22990
2018-04-25,106.08910
2018-04-26,106.12540
2018-04-27,106.49110
2018-04-30,107.44020
2018-05-02,106.19670
2018-05-03,105.10230
2018-05-04,104.66140
2018-05-07,105.40800
2018-05-08,105.03690
2018-05-09,104.93980
2018-05-10,104.25350
2018-05-11,104.51530
2018-05-14,104.04790
2018-05-15,104.56830
2018-05-16,105.09250
2018-05-17,105.20280
2018-05-18,104.92810
2018-05-21,103.40920
2018-05-22,104.16740
2018-05-23,103.98310
2018-05-24,103.96950
2018-05-25,104.84900
2018-05-28,105.05550
2018-05-29,104.77620
2018-05-30,105.06630
2018-05-31,105.39510
2018-06-01,104.82890
2018-06-04,104.10230
2018-06-05,103.69570
2018-06-06,104.77100
2018-06-07,105.59050
2018-06-08,105.81770
2018-06-11,106.09930
2018-06-12,106.48900
2018-06-13,106.31850
2018-06-14,106.08500
2018-06-15,105.90850
2018-06-18,105.56020
2018-06-19,104.93030
2018-06-20,104.93030
2018-06-21,104.93400
2018-06-22,105.30920
2018-06-25,104.95790
2018-06-26,105.37470
2018-06-27,104.93410
2018-06-28,103.83650
2018-06-29,105.18080
2018-07-02,104.85000
2018-07-03,104.84730
2018-07-04,105.61720
2018-07-05,105.70730
2018-07-06,105.87240
2018-07-09,106.63950
2018-07-10,107.08480
2018-07-11,106.99980
2018-07-12,106.85540
2018-07-13,107.13780
2018-07-16,106.19820
2018-07-17,105.82130
2018-07-18,105.05410
2018-07-19,104.79600
2018-07-20,104.95900
2018-07-23,106.26120
2018-07-24,107.82140
2018-07-25,107.62370
2018-07-26,107.43680
2018-07-27,107.79140
2018-07-30,108.13980
2018-07-31,109.27630
2018-08-01,109.44360
2018-08-02,108.92860
2018-08-03,109.96390
2018-08-06,109.72110
2018-08-07,109.65810
2018-08-08,109.65980
2018-08-09,109.64470
2018-08-10,109.66200
2018-08-13,109.42910
2018-08-14,110.15920
2018-08-16,110.04600
2018-08-17,110.67070
2018-08-20,111.12620
2018-08-21,111.50460
2018-08-23,112.47320
2018-08-24,112.19460
2018-08-27,112.86020
2018-08-28,113.07770
2018-08-29,112.58600
2018-08-30,113.37120
2018-08-31,113.82720
2018-09-03,112.80620
2018-09-04,110.82380
2018-09-05,109.79890
2018-09-06,110.12050
2018-09-07,110.42800
2018-09-10,109.41270
2018-09-11,108.42370
2018-09-12,109.24960
2018-09-14,109.66870
2018-09-17,109.06930
2018-09-18,108.49440
2018-09-19,107.63380
2018-09-21,105.71270
2018-09-24,104.12280
2018-09-25,105.00270
2018-09-26,104.54640
2018-09-27,103.61500
2018-09-28,103.25920
2018-10-01,102.95730
2018-10-03,101.92530
2018-10-04,100.42130
2018-10-05,98.64260
2018-10-08,97.77590
2018-10-09,96.98150
2018-10-10,98.81500
2018-10-11,98.03530
2018-10-12,100.07410
2018-10-15,100.34910
2018-10-16,101.07610
2018-10-17,99.97260
2018-10-19,99.38950
2018-10-22,98.74150
2018-10-23,97.43660
2018-10-24,97.26690
2018-10-25,96.71680
2018-10-26,96.36940
2018-10-29,97.06510
2018-10-30,97.67640
2018-10-31,99.49870
2018-11-01,99.76070
2018-11-02,100.79550
2018-11-05,101.00810
2018-11-06,100.56130
2018-11-09,102.35280
2018-11-12,101.97530
2018-11-13,102.11440
2018-11-14,102.65930
2018-11-15,103.12340
2018-11-16,103.17250
2018-11-19,103.24500
2018-11-20,102.27850
2018-11-21,102.34150
2018-11-22,101.90760
2018-11-26,102.54760
2018-11-27,102.61870
2018-11-28,102.76160
2018-11-29,103.38930
2018-11-30,104.81170
2018-12-03,105.55310
2018-12-04,105.37000
2018-12-05,104.71520
2018-12-06,103.26630
2018-12-07,103.55520
2018-12-10,102.21760
2018-12-11,103.08700
2018-12-12,104.90670
2018-12-13,105.97530
2018-12-14,106.05260
2018-12-17,106.42570
2018-12-18,106.81550
2018-12-19,107.61090
2018-12-20,106.93470
2018-12-21,105.38500
2018-12-24,104.94500
2018-12-26,105.14140
2018-12-27,105.50650
2018-12-28,106.67550
2018-12-31,106.96410
2019-01-01,106.50440
2019-01-02,105.61150
2019-01-03,105.01080
2019-01-04,104.67680
2019-01-07,105.11470
2019-01-08,104.98810
2019-01-09,105.17460
2019-01-10,105.22090
2019-01-11,104.90560
2019-01-14,104.77000
2019-01-15,105.51970
2019-01-16,104.99880
2019-01-17,105.24360
2019-01-18,104.85620
2019-01-21,104.60290
2019-01-22,104.28130
2019-01-23,104.44910
2019-01-24,104.49390
2019-01-25,103.22840
2019-01-28,102.60900
2019-01-29,102.94270
2019-01-30,103.42580
2019-01-31,103.84930
2019-02-01,104.70450
2019-02-04,104.40560
2019-02-05,104.09030
2019-02-06,104.43380
2019-02-07,104.87260
2019-02-08,103.55190
2019-02-11,102.42500
2019-02-12,102.32660
2019-02-13,101.58820
2019-02-14,101.15700
2019-02-15,100.18330
2019-02-18,99.26980
2019-02-19,99.17040
2019-02-20,99.99110
2019-02-21,100.52520
2019-02-22,100.98160
2019-02-25,101.39590
2019-02-26,101.56790
2019-02-27,101.66310
2019-02-28,101.85270
2019-03-01,102.48550
2019-03-05,103.20050
2019-03-06,102.50450
2019-03-07,102.33530
2019-03-08,102.15720
2019-03-11,103.54850
2019-03-12,104.16580
2019-03-13,103.81170
2019-03-14,103.46390
2019-03-15,102.84440
2019-03-18,102.47610
2019-03-19,102.58230
2019-03-20,102.03220
2019-03-22,101.72800
2019-03-25,100.82650
2019-03-26,101.40630
2019-03-27,101.59810
2019-03-28,102.03960
2019-03-29,103.18960
2019-04-01,103.09440
2019-04-02,102.92940
2019-04-03,102.80360
2019-04-04,102.70750
2019-04-05,102.61330
2019-04-08,102.47710
2019-04-09,102.93780
2019-04-10,103.20550
2019-04-11,103.29820
2019-04-12,103.57280
2019-04-15,103.88860
2019-04-16,104.33000
2019-04-18,103.91400
2019-04-22,103.26300
2019-04-23,102.85760
2019-04-24,102.79990
2019-04-25,102.27870
2019-04-26,102.19350
2019-04-30,101.63730
2019-05-02,100.61660
2019-05-03,99.94230
2019-05-06,99.34490
2019-05-07,99.17250
2019-05-08,98.30340
2019-05-09,98.18110
2019-05-10,98.07560
2019-05-13,97.65550
2019-05-14,98.09090
2019-05-15,97.58200
2019-05-16,97.73930
2019-05-17,98.95380
2019-05-20,101.29500
2019-05-21,100.82810
2019-05-22,100.76940
2019-05-23,100.30400
2019-05-24,101.21060
2019-05-27,102.25440
2019-05-28,102.59910
2019-05-29,102.04130
2019-05-30,102.27700
2019-05-31,102.55980
2019-06-03,103.38060
2019-06-04,103.01530
2019-06-06,102.20750
2019-06-07,101.83390
2019-06-10,102.76540
2019-06-11,102.78340
2019-06-12,102.45330
2019-06-13,102.10860
2019-06-14,101.29290
2019-06-17,99.99020
2019-06-18,99.62910
2019-06-19,99.38010
2019-06-20,100.11500
2019-06-21,99.18260
2019-06-24,99.40420
2019-06-25,99.88430
2019-06-26,99.97730
2019-06-27,100.57210
2019-06-28,100.96800
2019-07-01,101.02650
2019-07-02,101.38340
2019-07-03,101.01220
2019-07-04,101.33030
2019-07-05,100.35900
2019-07-08,98.85130
2019-07-09,98.36640
2019-07-10,97.52030
2019-07-11,98.25410
2019-07-12,98.40120
2019-07-15,98.30000
2019-07-16,98.61880
2019-07-17,98.77190
2019-07-18,98.16400
2019-07-19,96.85510
2019-07-22,96.54750
2019-07-23,96.57990
2019-07-24,95.94030
2019-07-25,96.46160
2019-07-26,96.65750
2019-07-29,95.57580
2019-07-30,94.78550
2019-07-31,95.31210
2019-08-01,94.40360
2019-08-02,94.49010
2019-08-05,94.27270
2019-08-06,95.04440
2019-08-07,94.95040
2019-08-08,95.32070
2019-08-09,96.45310
2019-08-13,94.93420
2019-08-14,95.47110
2019-08-16,95.75110
2019-08-19,95.49100
2019-08-20,95.29730
2019-08-21,94.95090
2019-08-22,94.67720
2019-08-23,95.48470
2019-08-26,96.08720
2019-08-27,96.97680
2019-08-28,96.27330
2019-08-29,96.24890
2019-08-30,97.44600
2019-09-03,96.42490
2019-09-04,95.80880
2019-09-05,96.09300
2019-09-06,96.63640
2019-09-09,97.93190
2019-09-11,98.03890
2019-09-12,97.21560
2019-09-13,97.88400
2019-09-16,98.00380
2019-09-17,96.58610
2019-09-18,96.50780
2019-09-19,95.54310
2019-09-20,101.33730
2019-09-23,104.74040
2019-09-24,104.49210
2019-09-25,103.11930
2019-09-26,104.09750
2019-09-27,103.71320
2019-09-30,103.30770
2019-10-01,102.50500
2019-10-03,101.79280
2019-10-04,100.41740
2019-10-07,100.51170
2019-10-09,101.34560
2019-10-10,100.75210
2019-10-11,101.43060
2019-10-14,102.29780
2019-10-15,103.24460
2019-10-16,103.71680
2019-10-17,104.76750
2019-10-18,105.73640
2019-10-22,105.76920
2019-10-23,106.36390
2019-10-24,106.00110
2019-10-25,106.46110
2019-10-29,108.04940
2019-10-30,108.08840
2019-10-31,108.74890
2019-11-01,109.05580
2019-11-04,108.36340
2019-11-05,107.66090
2019-11-06,107.36750
2019-11-07,107.27240
2019-11-08,105.70730
2019-11-11,105.30810
2019-11-13,105.25750
2019-11-14,105.17580
2019-11-15,105.07930
2019-11-18,105.08660
2019-11-19,105.12710
2019-11-20,105.30770
2019-11-21,104.93550
2019-11-22,104.23340
2019-11-25,105.47470
2019-11-26,104.72170
2019-11-27,105.58030
2019-11-28,105.66180
2019-11-29,105.05140
2019-12-02,105.02550
2019-12-03,104.20770
2019-12-04,104.79640
2019-12-05,104.58950
2019-12-06,103.44490
2019-12-09,103.51570
2019-12-10,102.73080
2019-12-11,102.43160
2019-12-12,103.23040
2019-12-13,104.01720
2019-12-16,103.21730
2019-12-17,103.63430
2019-12-18,103.50110
2019-12-19,103.95260
2019-12-20,103.99430
2019-12-23,104.19920
2019-12-24,104.29370
2019-12-26,104.51210
2019-12-27,104.88450
2019-12-30,105.36370
2019-12-31,105.13910
2020-01-01,105.16110
2020-01-02,105.39950
2020-01-03,104.82040
2020-01-06,102.99660
2020-01-07,103.27430
2020-01-08,103.27760
2020-01-09,104.60180
2020-01-10,104.95150
2020-01-13,105.46420
2020-01-14,106.09980
2020-01-15,106.51320
2020-01-16,107.24750
2020-01-17,107.77090
2020-01-20,107.12600
2020-01-21,106.65570
2020-01-22,106.36440
2020-01-23,106.75740
2020-01-24,107.56520
2020-01-27,107.12240
2020-01-28,107.23790
2020-01-29,107.77630
2020-01-30,106.57130
2020-01-31,105.99450
2020-02-03,107.17810
2020-02-04,108.91790
2020-02-05,109.29950
2020-02-06,109.86720
2020-02-07,106.56560
2020-02-10,105.78720
2020-02-11,105.85830
2020-02-12,106.39160
2020-02-13,107.08420
2020-02-14,106.25610
2020-02-17,105.74850
2020-02-18,105.25010
2020-02-19,106.26860
2020-02-20,105.93880
2020-02-24,104.21710
2020-02-25,104.06820
2020-02-26,103.07810
2020-02-27,103.20380
2020-02-28,100.85570
2020-03-02,100.49430
2020-03-03,101.75680
2020-03-04,100.94780
2020-03-05,101.62820
2020-03-06,100.60430
2020-03-09,97.40440
2020-03-11,97.08310
2020-03-12,91.14310
2020-03-13,92.63070
2020-03-16,88.23800
2020-03-17,87.99450
2020-03-18,83.93980
2020-03-19,80.07790
2020-03-20,83.90410
2020-03-23,74.39680
2020-03-24,76.77110
2020-03-25,80.32680
2020-03-26,82.61770
2020-03-27,81.67400
2020-03-30,81.02410
2020-03-31,83.95870
2020-04-01,82.14040
2020-04-03,81.09410
2020-04-07,86.54530
2020-04-08,87.45540
2020-04-09,89.41980
2020-04-13,88.89970
2020-04-15,90.20390
2020-04-16,90.97990
2020-04-17,91.98520
2020-04-20,91.28420
2020-04-21,89.39030
2020-04-22,90.56600
2020-04-23,90.45940
2020-04-24,89.17820
2020-04-27,90.88220
2020-04-28,90.85650
2020-04-29,91.43230
2020-04-30,92.60650
2020-05-04,90.14650
2020-05-05,88.85800
2020-05-06,89.01550
2020-05-07,88.50900
2020-05-08,89.00280
2020-05-11,89.46090
2020-05-12,89.39290
2020-05-13,89.56030
2020-05-14,89.66600
2020-05-15,89.87440
2020-05-18,87.35550
2020-05-19,87.38820
2020-05-20,88.09690
2020-05-21,88.72860
2020-05-22,88.80250
2020-05-26,90.00380
2020-05-27,89.97470
2020-05-28,91.36130
2020-05-29,92.90620
2020-06-01,93.95890
2020-06-02,94.17130
2020-06-03,94.69720
2020-06-04,94.84770
2020-06-05,95.74060
2020-06-08,95.88320
2020-06-09,95.04450
2020-06-10,95.08000
2020-06-11,94.04150
2020-06-12,94.40820
2020-06-15,93.77410
2020-06-16,93.68740
2020-06-17,94.13350
2020-06-18,94.58350
2020-06-19,95.34550
2020-06-22,96.33070
2020-06-23,97.42560
2020-06-24,97.06720
2020-06-25,97.40220
2020-06-26,97.58600
2020-06-29,97.41320
2020-06-30,98.06540
2020-07-01,97.65380
2020-07-02,98.46070
2020-07-03,98.67510
2020-07-06,99.94450
2020-07-07,100.30590
2020-07-08,100.09480
2020-07-09,99.82520
2020-07-10,99.70810
2020-07-13,100.24250
2020-07-14,99.08130
2020-07-15,99.44770
2020-07-16,100.57930
2020-07-17,100.73170
2020-07-20,101.57860
2020-07-21,101.53100
2020-07-22,100.79440
2020-07-23,100.91490
2020-07-24,101.03780
2020-07-27,100.64730
2020-07-28,101.29010
2020-07-29,100.64990
2020-07-30,100.49870
2020-07-31,100.54170
2020-08-03,100.68280
2020-08-04,100.92810
2020-08-05,101.37140
2020-08-06,101.78920
2020-08-07,103.21060
2020-08-10,103.74300
2020-08-11,103.68890
2020-08-12,103.08170
2020-08-13,103.79190
2020-08-14,102.93830
2020-08-17,103.67510
2020-08-18,104.49130
2020-08-19,104.67370
2020-08-20,104.73990
2020-08-21,106.27910
2020-08-24,106.77920
2020-08-25,106.87320
2020-08-26,107.16340
2020-08-27,106.70710
2020-08-28,106.25320
2020-08-31,102.78120
2020-09-01,103.15590
2020-09-02,104.54840
2020-09-03,105.19970
2020-09-04,104.28440
2020-09-07,104.42670
2020-09-08,103.72320
2020-09-09,103.25720
2020-09-10,103.85180
2020-09-11,103.99620
2020-09-14,105.28930
2020-09-15,106.27640
2020-09-16,106.43840
2020-09-17,106.04770
2020-09-18,105.30170
2020-09-21,102.39210
2020-09-22,101.41960
2020-09-23,101.83910
2020-09-24,99.54120
2020-09-25,101.18250
2020-09-28,102.87970
2020-09-29,102.70160
2020-09-30,103.74060
2020-10-01,104.03930
2020-10-05,103.98170
2020-10-06,104.09380
2020-10-07,104.31830
2020-10-08,104.75160
2020-10-09,104.28920
2020-10-12,104.11100
2020-10-13,103.76100
2020-10-14,104.03870
2020-10-15,103.01520
2020-10-16,103.14570
2020-10-19,103.44430
2020-10-20,103.02560
2020-10-21,102.34820
2020-10-22,102.89370
2020-10-23,103.40350
2020-10-26,102.83090
2020-10-27,103.48030
2020-10-28,102.79120
2020-10-29,102.18750
2020-10-30,102.16360
2020-11-02,101.75690
2020-11-03,101.81400
2020-11-04,102.52500
2020-11-05,103.86790
2020-11-06,103.46970
2020-11-09,104.20810
2020-11-10,103.71570
2020-11-11,103.85140
2020-11-12,104.27320
2020-11-13,104.02450
2020-11-17,105.32160
2020-11-18,105.51090
2020-11-19,105.58410
2020-11-20,106.24760
2020-11-23,106.73330
2020-11-24,107.80580
2020-11-25,106.81900
2020-11-26,107.28220
2020-11-27,107.84520
2020-12-01,107.80340
2020-12-02,107.93950
2020-12-03,109.03110
2020-12-04,109.27620
2020-12-07,110.12530
2020-12-08,110.34250
2020-12-09,110.49800
2020-12-10,111.08310
2020-12-11,111.42700
2020-12-14,111.99370
2020-12-15,111.52070
2020-12-16,112.17100
2020-12-17,111.59260
2020-12-18,112.02670
2020-12-21,109.54350
2020-12-22,110.10680
2020-12-23,112.57970
2020-12-24,113.87990
2020-12-28,114.54530
2020-12-29,113.96690
2020-12-30,115.18960
2020-12-31,114.92850
2021-01-01,115.18480
2021-01-04,115.87890
2021-01-05,116.70260
2021-01-06,116.65530
2021-01-07,117.09450
2021-01-08,118.61850
2021-01-11,119.33960
2021-01-12,118.85550
2021-01-13,118.50200
2021-01-14,118.94060
2021-01-15,117.55140
2021-01-18,116.42560
2021-01-19,117.63250
2021-01-20,118.02970
2021-01-21,117.71780
2021-01-22,117.48220
2021-01-25,116.72250
2021-01-27,115.68050
2021-01-28,114.25910
2021-01-29,112.71300
2021-02-01,114.67740
2021-02-02,116.20450
2021-02-03,116.67990
2021-02-04,117.60740
2021-02-05,117.09870
2021-02-08,118.56090
2021-02-09,118.26500
2021-02-10,118.36650
2021-02-11,118.79980
2021-02-12,118.21870
2021-02-15,119.01100
2021-02-16,118.89040
2021-02-17,118.42440
2021-02-18,118.01130
2021-02-19,117.27300
2021-02-22,115.97110
2021-02-23,116.20070
2021-02-24,117.11270
2021-02-25,117.37950
2021-02-26,116.06660
2021-03-01,117.53680
2021-03-02,118.91320
2021-03-03,120.32030
2021-03-04,121.33240
2021-03-05,119.81200
2021-03-08,120.16580
2021-03-09,120.11440
2021-03-10,120.65870
2021-03-12,119.84760
2021-03-15,119.23700
2021-03-16,120.13260
2021-03-17,118.36610
2021-03-18,116.72900
2021-03-19,117.63370
2021-03-22,118.84090
2021-03-23,119.76260
2021-03-24,118.59130
2021-03-25,116.34630
2021-03-26,117.63240
2021-03-30,120.31060
2021-03-31,121.32040
2021-04-01,120.83380
2021-04-05,119.17600
2021-04-06,119.21970
2021-04-07,119.95200
2021-04-08,121.20680
2021-04-09,121.05840
2021-04-12,117.87410
2021-04-13,118.45820
2021-04-15,117.82170
2021-04-16,118.68000
2021-04-19,117.86430
2021-04-20,117.61370
2021-04-22,117.03440
2021-04-23,117.03690
2021-04-26,118.00920
2021-04-27,118.32990
2021-04-28,119.07620
2021-04-29,118.61700
2021-04-30,118.10210
2021-05-03,118.86680
2021-05-04,118.58470
2021-05-05,118.87710
2021-05-06,119.33160
2021-05-07,119.68330
2021-05-10,120.15550
2021-05-11,121.14490
2021-05-12,120.63500
2021-05-14,120.38500
2021-05-17,120.56960
2021-05-18,121.38700
2021-05-19,121.79510
2021-05-20,121.42790
2021-05-21,121.97380
2021-05-24,122.20890
2021-05-25,122.54660
2021-05-26,123.02060
2021-05-27,123.34170
2021-05-28,123.08720
2021-05-31,123.51350
2021-06-01,123.00730
2021-06-02,123.86820
2021-06-03,124.48440
2021-06-04,124.55970
2021-06-07,125.23130
2021-06-08,125.78760
2021-06-09,125.10280
2021-06-10,126.11290
2021-06-11,126.42990
2021-06-14,126.50750
2021-06-15,127.69310
2021-06-16,127.40280
2021-06-17,127.29650
2021-06-18,126.62860
2021-06-21,127.05370
2021-06-22,127.71400
2021-06-23,127.61150
2021-06-24,128.31070
2021-06-25,128.50420
2021-06-28,128.55420
2021-06-29,128.50010
2021-06-30,129.51400
2021-07-01,129.59680
2021-07-02,129.69530
2021-07-05,129.69890
2021-07-06,129.84590
2021-07-07,130.21670
2021-07-08,129.83550
2021-07-09,130.06010
2021-07-12,130.37850
2021-07-13,130.35360
2021-07-14,131.43030
2021-07-15,131.65380
2021-07-16,132.00340
2021-07-19,131.53120
2021-07-20,131.12810
2021-07-22,132.36330
2021-07-23,133.40100
2021-07-26,134.25160
2021-07-27,133.57770
2021-07-28,133.54970
2021-07-29,133.37790
2021-07-30,133.33540
2021-08-02,134.22930
2021-08-03,135.79360
2021-08-04,134.92730
2021-08-05,134.80130
2021-08-06,134.46960
2021-08-09,134.49240
2021-08-10,134.42130
2021-08-11,133.40450
2021-08-12,134.38880
2021-08-13,134.88910
2021-08-16,134.16560
2021-08-17,135.55430
2021-08-18,136.61950
2021-08-20,135.79710
2021-08-23,135.69470
2021-08-24,136.12800
2021-08-25,136.12050
2021-08-26,136.50210
2021-08-27,138.05980
2021-08-30,138.98000
2021-08-31,140.13060
2021-09-01,140.60220
2021-09-02,142.19820
2021-09-03,142.73330
2021-09-06,142.98650
2021-09-07,143.03850
2021-09-08,143.05780
2021-09-09,144.33330
2021-09-13,145.03930
2021-09-14,144.65700
2021-09-15,145.43020
2021-09-16,144.90360
2021-09-17,143.95280
2021-09-20,142.88360
2021-09-21,143.34540
2021-09-22,144.28140
2021-09-23,145.67890
2021-09-24,144.68290
2021-09-27,144.28450
2021-09-28,143.70800
2021-09-29,142.82520
2021-09-30,143.27630
2021-10-01,142.88640
2021-10-04,144.18880
2021-10-05,144.65140
2021-10-06,143.72930
2021-10-07,145.37090
2021-10-08,145.49620
2021-10-11,145.62880
2021-10-12,146.65190
2021-10-13,146.52320
2021-10-14,146.82300
2021-10-18,147.62230
2021-10-19,146.12380
2021-10-20,144.24850
2021-10-21,143.27160
2021-10-22,141.57820
2021-10-25,140.30630
2021-10-26,141.85590
2021-10-27,142.33620
2021-10-28,141.91670
2021-10-29,142.89390
2021-11-01,144.28600
2021-11-02,144.75050
2021-11-03,144.21760
2021-11-08,147.85670
2021-11-09,147.82850
2021-11-10,147.33300
2021-11-11,147.12730
2021-11-12,147.63600
2021-11-15,147.85510
2021-11-16,148.11690
2021-11-17,147.94180
2021-11-18,145.66130
2021-11-22,142.66380
2021-11-23,144.00060
2021-11-24,142.91530
2021-11-25,142.80150
2021-11-26,139.02430
2021-11-29,137.52530
2021-11-30,137.95170
2021-12-01,138.77450
2021-12-02,140.38310
2021-12-03,139.77160
2021-12-06,137.95630
2021-12-07,139.70690
2021-12-08,140.75850
2021-12-09,141.05230
2021-12-10,141.70920
2021-12-13,142.04090
2021-12-14,141.91230
2021-12-15,141.53730
2021-12-16,140.78770
2021-12-17,139.04720
2021-12-20,135.75360
2021-12-21,137.41230
2021-12-22,138.67980
2021-12-23,139.44090
2021-12-24,138.64830
2021-12-27,139.11960
2021-12-28,140.69010
2021-12-29,140.79840
2021-12-30,140.91970
2021-12-31,142.67090
2022-01-03,143.51530
2022-01-04,144.10690
2022-01-05,144.22970
2022-01-06,143.52690
2022-01-07,143.99710
2022-01-10,144.77340
2022-01-11,145.06220
2022-01-12,145.60900
2022-01-13,145.85720
2022-01-14,145.82340
2022-01-17,146.64480
2022-01-18,143.83980
2022-01-19,142.75830
2022-01-20,141.78570
2022-01-21,141.02720
2022-01-24,136.99480
2022-01-25,138.91300
2022-01-27,136.89930
2022-01-28,137.66860
2022-01-31,139.43650
2022-02-01,141.38400
2022-02-02,142.11050
2022-02-03,141.07120
2022-02-04,140.08820
2022-02-07,138.27730
2022-02-08,137.65460
2022-02-09,138.85080
2022-02-10,139.00350
2022-02-11,136.89790
2022-02-14,133.64320
2022-02-15,135.88110
2022-02-16,135.65540
2022-02-17,136.22740
2022-02-18,135.16810
2022-02-21,134.76530
2022-02-22,134.54520
2022-02-23,134.70390
2022-02-24,129.77090
2022-02-25,132.66510
2022-02-28,133.31610
2022-03-02,132.15430
2022-03-03,130.55440
2022-03-04,128.08950
2022-03-07,124.72570
2022-03-08,125.65210
2022-03-09,128.07680
2022-03-10,129.96200
2022-03-11,129.87390
2022-03-14,130.22180
2022-03-15,129.64380
2022-03-16,130.92720
2022-03-17,132.68820
2022-03-21,131.76400
2022-03-22,131.38650
2022-03-23,131.05450
2022-03-24,130.94640
2022-03-25,129.74250
2022-03-28,129.57370
2022-03-29,130.87020
2022-03-30,132.58580
2022-03-31,133.06860
2022-04-01,133.89070
2022-04-04,135.19220
2022-04-05,136.35050
2022-04-06,136.16830
2022-04-07,136.08020
2022-04-08,136.90140
2022-04-11,137.54620
2022-04-12,135.95390
2022-04-13,135.58890
2022-04-18,134.42830
2022-04-19,132.10230
2022-04-20,133.52450
2022-04-21,134.91360
2022-04-22,134.20650
2022-04-25,132.49450
2022-04-26,134.07810
2022-04-27,133.84240
2022-04-28,134.96220
2022-04-29,134.27940
2022-05-02,133.39290
2022-05-04,130.61890
2022-05-05,130.44110
2022-05-06,129.23900
2022-05-09,127.99020
2022-05-10,127.59710
2022-05-11,126.76530
2022-05-12,125.12360
2022-05-13,124.77510
2022-05-16,125.16590
2022-05-17,127.45460
2022-05-18,128.36710
2022-05-19,125.93780
2022-05-20,127.70790
2022-05-23,128.25940
2022-05-24,127.82630
2022-05-25,126.33330
2022-05-26,127.27570
2022-05-27,129.03040
2022-05-30,132.04500
2022-05-31,132.36890
2022-06-01,132.25010
2022-06-02,132.98630
2022-06-03,131.11630
2022-06-06,130.43890
2022-06-07,129.36060
2022-06-08,129.29590
2022-06-09,129.89130
2022-06-10,129.23000
2022-06-13,127.55010
2022-06-14,126.63200
2022-06-15,126.82960
2022-06-16,125.56540
2022-06-17,123.62190
2022-06-20,123.61120
2022-06-21,125.51290
2022-06-22,124.71420
2022-06-23,126.51040
2022-06-24,127.57030
2022-06-27,129.23310
2022-06-28,129.73250
2022-06-29,129.52190
2022-06-30,129.82910
2022-07-01,130.60930
2022-07-04,131.98880
2022-07-05,132.27630
2022-07-06,135.50710
2022-07-07,135.87830
2022-07-08,135.89690
2022-07-11,136.05430
2022-07-12,134.60450
2022-07-13,134.68890
2022-07-14,135.27810
2022-07-15,136.86550
2022-07-18,137.40150
2022-07-19,137.38180
2022-07-20,138.52780
2022-07-21,140.02610
2022-07-22,140.58580
2022-07-25,140.25660
2022-07-26,138.37630
2022-07-27,138.64770
2022-07-28,139.86010
2022-07-29,141.58120
2022-08-01,143.10840
2022-08-02,143.74910
2022-08-03,142.74610
2022-08-04,143.68010
2022-08-05,143.48210
2022-08-08,143.88120
2022-08-10,143.72640
2022-08-11,144.37190
2022-08-12,144.10200
2022-08-16,146.15740
2022-08-17,146.54710
2022-08-18,146.63800
2022-08-19,145.04820
2022-08-22,144.05440
2022-08-23,144.55660
2022-08-24,144.62510
2022-08-25,144.83760
2022-08-26,144.64240
2022-08-29,144.09060
2022-08-30,146.18750
2022-09-01,146.35310
2022-09-02,146.04840
2022-09-05,145.97300
2022-09-06,145.44250
2022-09-07,145.84130
2022-09-08,146.51270
2022-09-09,146.83550
2022-09-12,146.66610
2022-09-13,147.10850
2022-09-14,147.11850
2022-09-15,147.15430
2022-09-16,143.55960
2022-09-19,143.99180
2022-09-20,144.79800
2022-09-21,144.57830
2022-09-22,145.04890
2022-09-23,143.13030
2022-09-26,141.01880
2022-09-27,141.25430
2022-09-28,141.12630
2022-09-29,141.25750
2022-09-30,142.88410
2022-10-03,140.99490
2022-10-04,143.09230
2022-10-06,143.87790
2022-10-07,143.37760
2022-10-10,142.54130
2022-10-11,140.35810
2022-10-12,140.94420
2022-10-13,140.10040
2022-10-14,139.91110
2022-10-17,140.25920
2022-10-18,141.45830
2022-10-19,141.46580
2022-10-20,141.10900
2022-10-21,140.37800
2022-10-25,140.31380
2022-10-27,139.95380
2022-10-28,140.45440
2022-10-31,141.67500
2022-11-01,142.57130
2022-11-02,142.09720
2022-11-03,141.51820
2022-11-04,141.65370
2022-11-07,142.49590
2022-11-09,142.19870
2022-11-10,141.61920
2022-11-11,142.21080
2022-11-14,142.23350
2022-11-15,142.35620
2022-11-16,142.33930
2022-11-17,142.27350
2022-11-18,141.66160
2022-11-21,141.99460
2022-11-22,141.88310
2022-11-23,141.66030
2022-11-24,142.56470
2022-11-25,142.91600
2022-11-28,143.02880
2022-11-29,143.39260
2022-11-30,143.77620
2022-12-01,144.99240
2022-12-02,144.82510
2022-12-05,144.26400
2022-12-06,143.95310
2022-12-07,144.26390
2022-12-08,144.91000
2022-12-09,144.87630
2022-12-12,145.09580
2022-12-13,144.86220
2022-12-14,144.68420
2022-12-15,143.76520
2022-12-16,142.59750
2022-12-19,143.48290
2022-12-20,143.12860
2022-12-21,142.23260
2022-12-22,141.95100
2022-12-23,139.37370
2022-12-26,140.07870
2022-12-27,140.57010
2022-12-28,140.69350
2022-12-29,140.68670
2022-12-30,140.62130
2023-01-02,140.28570
2023-01-03,140.41590
2023-01-04,140.27280
2023-01-05,140.97980
2023-01-06,140.60500
2023-01-09,141.35640
2023-01-10,141.05540
2023-01-11,140.93800
2023-01-12,141.00320
2023-01-13,140.90500
2023-01-16,140.67020
2023-01-17,140.92170
2023-01-18,141.11410
2023-01-19,140.86330
2023-01-20,139.11990
2023-01-23,139.42140
2023-01-24,139.57660
2023-01-25,138.45830
2023-01-27,137.54670
2023-01-30,137.52290
2023-01-31,138.78040
2023-02-01,137.82980
2023-02-02,138.43820
2023-02-03,138.72070
2023-02-06,139.07780
2023-02-07,139.18980
2023-02-08,139.56060
2023-02-09,139.66740
2023-02-10,139.58630
2023-02-13,138.92130
2023-02-14,138.47640
2023-02-15,139.02770
2023-02-16,139.89040
2023-02-17,139.51550
2023-02-20,139.00200
2023-02-21,138.90990
2023-02-22,138.17940
2023-02-23,138.01810
2023-02-24,137.82810
2023-02-27,136.73450
2023-02-28,137.06130
2023-03-01,138.12660
2023-03-02,137.06120
2023-03-03,137.28220
2023-03-06,137.91390
2023-03-08,138.33840
2023-03-09,137.42660
2023-03-10,136.89220
2023-03-13,135.11960
2023-03-14,134.54440
2023-03-15,134.20660
2023-03-16,134.61700
2023-03-17,134.65880
2023-03-20,134.39430
2023-03-21,134.29300
2023-03-22,134.50600
2023-03-23,134.46010
2023-03-24,133.77290
2023-03-27,133.33230
2023-03-28,133.18970
2023-03-29,134.19810
2023-03-31,136.15390
2023-04-03,136.82510
2023-04-05,137.36760
2023-04-06,137.53910
2023-04-10,137.43070
2023-04-11,137.71530
2023-04-12,137.81430
2023-04-13,137.90940
2023-04-17,138.16210
2023-04-18,138.02710
2023-04-19,137.70180
2023-04-20,137.34280
2023-04-21,136.83310
2023-04-24,136.97880
2023-04-25,137.15590
2023-04-26,138.10370
2023-04-27,138.43900
2023-04-28,139.60760
2023-05-02,139.82760
2023-05-03,140.49830
2023-05-04,141.15250
2023-05-05,141.22990
2023-05-08,141.88120
2023-05-09,141.58180
2023-05-10,142.08080
2023-05-11,143.25820
2023-05-12,143.63940
2023-05-15,143.84100
2023-05-16,144.22130
2023-05-17,144.08810
2023-05-18,143.62360
2023-05-19,143.19430
2023-05-22,142.90860
2023-05-23,142.74560
2023-05-24,142.80140
2023-05-25,143.44900
2023-05-26,145.18690
2023-05-29,145.27370
2023-05-30,145.92540
2023-05-31,146.49450
2023-06-01,147.12120
2023-06-02,147.93390
2023-06-05,148.45550
2023-06-06,148.55780
2023-06-07,150.69470
2023-06-08,149.40400
2023-06-09,149.09250
2023-06-12,149.37560
2023-06-13,150.32700
2023-06-14,150.90280
2023-06-15,150.85390
2023-06-16,152.13380
2023-06-19,151.90170
2023-06-20,152.49280
2023-06-21,152.38000
2023-06-22,151.15170
2023-06-23,150.70480
2023-06-26,151.76200
2023-06-27,152.11470
2023-06-28,152.79820
2023-06-30,154.29500
2023-07-03,153.72660
2023-07-04,153.77270
2023-07-05,155.23600
2023-07-06,155.78960
2023-07-07,154.48300
2023-07-10,153.45890
2023-07-11,154.94450
2023-07-12,155.47590
2023-07-13,154.99920
2023-07-14,156.45520
2023-07-17,157.46520
2023-07-18,156.92870
2023-07-19,157.03410
2023-07-20,157.69590
2023-07-21,157.70690
2023-07-24,156.49420
2023-07-25,156.02880
2023-07-26,156.52080
2023-07-27,156.43570
2023-07-28,157.67190
2023-07-31,159.14280
2023-08-01,159.28660
2023-08-02,157.80150
2023-08-03,157.18750
2023-08-04,157.08110
2023-08-07,157.51150
2023-08-08,158.04510
2023-08-09,157.84630
2023-08-10,157.47580
2023-08-11,156.60990
2023-08-14,155.75880
2023-08-16,155.99920
2023-08-17,156.15950
2023-08-18,155.66750
2023-08-21,156.48640
2023-08-22,157.39580
2023-08-23,157.65340
2023-08-24,158.40080
2023-08-25,157.16360
2023-08-28,157.35640
2023-08-29,157.64310
2023-08-30,158.61140
2023-08-31,159.17120
2023-09-01,159.62760
2023-09-04,160.27030
2023-09-05,161.04930
2023-09-06,161.84460
2023-09-07,162.39540
2023-09-08,163.12450
2023-09-11,164.45000
2023-09-12,162.06890
2023-09-13,161.41680
2023-09-14,162.42080
2023-09-15,162.54760
2023-09-18,162.20550
2023-09-20,161.28660
2023-09-21,160.27910
2023-09-22,160.74740
2023-09-25,160.88770
2023-09-26,160.66530
2023-09-27,161.68340
2023-09-29,160.83480
2023-10-03,160.22850
2023-10-04,159.87650
2023-10-05,160.42060
2023-10-06,161.16730
2023-10-09,160.25250
2023-10-10,161.34490
2023-10-11,162.03210
2023-10-12,162.77920
2023-10-13,163.01460
2023-10-16,162.46750
2023-10-17,162.58920
2023-10-18,161.82300
2023-10-19,161.99170
2023-10-20,161.27490
2023-10-23,158.89220
2023-10-25,158.45640
2023-10-26,156.71210
2023-10-27,158.57840
2023-10-30,158.04830
2023-10-31,158.50920
2023-11-01,157.95350
2023-11-02,158.92670
2023-11-03,159.86890
2023-11-06,160.65250
2023-11-07,161.23270
2023-11-08,162.02660
2023-11-09,161.06060
2023-11-10,160.61590
2023-11-13,160.53800
2023-11-15,161.48250
2023-11-16,162.42580
2023-11-17,163.14370
2023-11-20,163.43610
2023-11-21,163.59590
2023-11-22,163.77030
2023-11-23,164.13910
2023-11-24,163.40470
2023-11-28,163.79120
2023-11-29,164.29560
2023-11-30,165.35380
2023-12-01,165.91530
2023-12-04,166.30220
2023-12-05,166.78060
2023-12-06,166.94560
2023-12-07,167.33820
2023-12-08,166.40130
2023-12-11,167.45070
2023-12-12,166.51850
2023-12-13,166.83700
2023-12-14,167.08260
2023-12-15,167.47790
2023-12-18,168.19090
2023-12-19,168.37420
2023-12-20,165.76810
2023-12-21,166.71720
2023-12-22,168.44250
2023-12-26,169.02900
2023-12-27,170.05870
2023-12-28,170.52200
2023-12-29,172.45250
2024-01-01,172.91250
2024-01-02,172.71090
2024-01-03,172.16990
2024-01-04,173.23470
2024-01-05,173.80390
2024-01-08,172.19480
2024-01-09,172.30920
2024-01-10,172.66230
2024-01-11,172.98530
2024-01-12,173.48570
2024-01-15,174.18640
2024-01-16,173.85190
2024-01-17,172.94540
2024-01-18,173.50300
2024-01-19,174.71280
2024-01-23,170.64780
2024-01-24,172.81820
2024-01-25,171.78530
2024-01-29,172.34940
2024-01-30,171.95340
2024-01-31,173.84580
2024-02-01,173.90450
2024-02-02,174.81340
2024-02-05,173.56740
2024-02-06,176.20880
2024-02-07,176.80090
2024-02-08,175.44250
2024-02-09,175.88890
2024-02-12,174.51020
2024-02-13,175.70990
2024-02-14,176.92680
2024-02-15,177.10770
2024-02-16,178.29160
2024-02-19,179.42840
2024-02-20,178.68210
2024-02-21,177.68930
2024-02-22,178.56720
2024-02-23,178.40320
2024-02-26,177.92190
2024-02-27,177.96850
2024-02-28,176.27880
2024-02-29,177.27910
2024-03-01,178.06780
2024-03-04,177.72680
2024-03-05,177.02570
2024-03-06,177.22150
2024-03-07,177.46850
2024-03-11,176.85590
2024-03-12,176.39240
2024-03-13,172.68150
2024-03-14,175.60840
2024-03-15,175.35280
2024-03-18,175.99440
2024-03-19,173.38650
2024-03-20,174.13560
2024-03-21,175.80640
2024-03-22,177.14970
2024-03-26,177.40590
2024-03-27,177.94250
2024-03-28,178.99940
2024-03-31,178.97480
2024-04-01,180.87060
2024-04-02,181.74480
2024-04-03,182.13020
2024-04-04,182.07470
2024-04-05,182.63710
2024-04-08,183.14290
2024-04-09,182.35290
2024-04-10,183.18430
2024-04-12,182.27580
2024-04-15,181.12090
2024-04-16,181.09670
2024-04-18,180.62190
2024-04-19,180.37300
2024-04-22,181.77440
2024-04-23,182.71190
2024-04-24,183.54020
2024-04-25,183.62380
2024-04-26,183.66920
2024-04-29,183.60370
2024-04-30,185.09590
2024-05-02,185.41570
2024-05-03,184.22650
2024-05-06,184.28350
2024-05-07,184.54570
2024-05-08,185.88750
2024-05-09,183.13740
2024-05-10,184.71590
2024-05-13,186.21600
2024-05-14,187.37580
2024-05-15,187.95240
2024-05-16,190.27150
2024-05-17,191.22970
2024-05-21,191.46080
2024-05-22,192.28950
2024-05-23,193.23520
2024-05-24,192.57000
2024-05-27,191.94990
2024-05-28,192.18750
2024-05-29,192.02440
2024-05-30,189.50590
2024-05-31,188.46490
2024-06-03,190.96140
2024-06-04,186.43930
2024-06-05,192.60490
2024-06-06,195.41440
2024-06-07,197.64930
2024-06-10,199.22030
2024-06-11,200.40270
2024-06-12,201.22520
2024-06-13,203.11570
2024-06-14,205.41060
2024-06-18,205.71110
2024-06-19,204.08410
2024-06-20,204.08170
2024-06-21,204.18490
2024-06-24,204.43440
2024-06-25,204.47080
2024-06-26,203.98760
2024-06-27,206.01380
2024-06-28,206.27510
2024-07-01,207.84360
2024-07-02,207.85060
2024-07-03,208.33920
2024-07-04,209.36830
2024-07-05,210.25640
2024-07-08,209.64150
2024-07-09,211.46210
2024-07-10,210.74430
2024-07-11,210.21190
2024-07-12,209.68980
2024-07-15,210.84190
2024-07-16,211.61470
2024-07-18,211.05090
2024-07-19,207.54560
2024-07-22,208.68270
2024-07-23,209.43690
2024-07-24,210.19130
2024-07-25,211.24760
2024-07-26,212.72340
2024-07-29,213.60130
2024-07-30,214.01130
2024-07-31,214.92400
2024-08-01,214.46180
2024-08-02,212.29600
2024-08-05,207.00530
2024-08-06,206.83830
2024-08-07,209.38420
2024-08-08,208.46640
2024-08-09,209.22670
2024-08-12,208.58080
2024-08-13,207.42460
2024-08-14,206.19680
2024-08-16,209.07600
2024-08-19,209.88040
2024-08-20,210.61700
2024-08-21,213.04430
2024-08-22,212.99600
2024-08-23,212.22430
2024-08-26,212.33700
2024-08-27,212.94700
2024-08-28,212.45640
2024-08-29,212.52010
2024-08-30,213.72760
2024-09-02,213.87340
2024-09-03,214.25280
2024-09-04,214.07700
2024-09-05,214.33680
2024-09-06,212.73930
2024-09-09,212.91330
2024-09-10,214.82730
2024-09-11,214.70180
2024-09-12,216.28070
2024-09-13,216.71680
2024-09-16,216.13360
2024-09-17,216.36890
2024-09-18,214.94560
2024-09-19,215.04900
2024-09-20,217.10760
2024-09-23,218.59730
2024-09-24,219.45050
2024-09-25,218.84770
2024-09-26,220.10450
2024-09-27,220.90650
2024-09-30,220.45990
2024-10-01,222.03580
2024-10-03,218.55540
2024-10-04,216.27120
2024-10-07,212.58010
2024-10-08,215.34320
2024-10-09,216.94440
2024-10-10,216.23910
2024-10-11,216.47100
2024-10-14,216.40960
2024-10-15,216.42280
2024-10-16,217.25050
2024-10-17,214.00380
2024-10-18,213.27160
2024-10-21,211.64130
2024-10-22,207.55080
2024-10-23,208.28260
2024-10-24,206.05170
2024-10-25,204.20290
2024-10-28,204.25870
2024-10-29,204.55050
2024-10-30,205.89890
2024-10-31,206.40390
2024-11-04,206.01270
2024-11-05,207.67840
2024-11-06,210.37940
2024-11-07,208.30760
2024-11-08,207.67540
2024-11-11,205.63590
2024-11-12,202.34590
2024-11-13,198.80540
2024-11-14,198.43290
2024-11-18,198.23760
2024-11-19,198.64440
2024-11-21,197.12010
2024-11-22,198.79450
2024-11-25,201.63360
2024-11-26,202.37210
2024-11-27,202.89250
2024-11-28,202.31890
2024-11-29,203.47130
2024-12-02,204.22790
2024-12-03,205.52180
2024-12-04,205.45050
2024-12-05,206.60510
2024-12-06,207.20070
2024-12-09,206.60850
2024-12-10,207.65140
2024-12-11,208.40420
2024-12-12,207.55110
2024-12-13,207.40800
2024-12-16,207.58190
2024-12-17,206.18970
2024-12-18,205.24140
2024-12-19,204.79330
2024-12-20,201.32700
2024-12-23,199.91260
2024-12-24,200.80330
2024-12-26,200.94190
2024-12-27,200.61010
2024-12-30,200.14040
2024-12-31,201.23530
2025-01-01,202.12650
2025-01-02,204.83900
2025-01-03,205.01170
2025-01-06,200.94630
2025-01-07,201.40400
2025-01-08,199.99880
2025-01-09,199.12970
2025-01-10,197.31630
2025-01-13,192.09370
2025-01-14,193.43890
2025-01-15,193.83580
2025-01-16,195.28170
2025-01-17,195.62380
2025-01-20,196.08980
2025-01-21,193.85390
2025-01-22,193.10760
2025-01-23,195.18570
2025-01-24,193.24430
2025-01-27,189.09610
2025-01-28,188.23480
2025-01-29,190.55270
2025-01-30,189.84150
2025-01-31,191.80650
2025-02-03,190.76430
2025-02-04,191.11090
2025-02-05,191.47500
2025-02-06,191.29340
2025-02-07,191.23030
2025-02-10,188.51500
2025-02-11,184.98410
2025-02-12,183.83010
2025-02-13,183.24590
2025-02-14,181.34900
2025-02-17,181.03340
2025-02-18,180.65160
2025-02-19,181.17050
2025-02-20,181.77270
2025-02-21,180.71200
2025-02-24,178.95490
2025-02-25,179.34200
2025-02-27,178.16730
2025-02-28,173.54240
2025-03-03,174.33110
2025-03-04,173.67520
2025-03-05,177.35090
2025-03-06,179.35290
2025-03-07,179.46970
2025-03-10,178.02960
2025-03-11,177.63230
2025-03-12,176.79260
2025-03-13,176.08630
2025-03-17,175.84040
2025-03-18,178.60610
2025-03-19,179.63530
2025-03-20,181.70940
2025-03-21,183.12330
2025-03-24,184.57740
2025-03-25,183.33890
2025-03-26,182.73540
2025-03-27,182.32190
2025-03-28,182.33630
2025-03-31,182.31210
2025-04-01,180.95790
2025-04-02,182.31360
2025-04-03,181.90160
2025-04-04,177.38270
2025-04-07,173.50720
2025-04-08,175.84990
2025-04-09,175.73750
2025-04-11,178.04840
2025-04-15,181.87100
2025-04-16,181.96690
2025-04-17,183.09820
2025-04-21,184.78970
2025-04-22,185.53930
2025-04-23,187.54700
2025-04-24,187.12630
2025-04-25,184.70140
2025-04-28,185.47670
2025-04-29,185.92870
2025-04-30,186.31730
2025-05-02,186.44160
2025-05-05,187.18420
2025-05-06,186.33060
2025-05-07,187.21680
2025-05-08,186.24200
2025-05-09,185.30270
2025-05-12,190.45760
2025-05-13,190.05420
2025-05-14,191.60660
2025-05-15,193.45060
2025-05-16,194.35720
2025-05-19,194.74410
2025-05-20,193.22940
2025-05-21,194.80200
2025-05-22,193.82400
2025-05-23,194.61830
2025-05-26,195.15250
2025-05-27,195.47450
2025-05-28,194.82000
2025-05-29,195.67530
2025-05-30,194.98310
2025-06-02,195.26730
2025-06-03,194.77860
2025-06-04,195.38200
2025-06-05,196.08440
2025-06-06,196.91930
2025-06-09,198.94930
2025-06-10,199.67590
2025-06-11,199.57980
2025-06-12,197.61790
2025-06-13,196.93920
2025-06-16,198.35070
2025-06-17,198.14210
2025-06-18,197.79450
2025-06-19,196.03620
2025-06-20,197.16210
2025-06-23,196.60210
2025-06-24,197.33060
2025-06-25,198.99340
2025-06-26,199.64150
2025-06-27,200.33060
2025-06-30,201.26420
2025-07-01,200.48010
2025-07-02,200.63000
2025-07-03,201.39270
2025-07-04,201.42480
2025-07-07,201.81810
2025-07-08,201.61480
2025-07-09,201.89750
2025-07-10,201.55860
2025-07-11,201.16100
2025-07-14,201.37990
2025-07-15,202.80100
2025-07-16,203.26300
2025-07-17,203.47240
2025-07-18,202.89270
2025-07-21,203.15620
2025-07-22,202.99460
2025-07-23,203.73560
2025-07-24,201.40740
2025-07-25,199.11690
2025-07-28,198.56230
2025-07-29,199.92190
2025-07-30,200.73530
2025-07-31,200.22810
2025-08-01,198.94750
2025-08-04,199.93620
2025-08-05,199.38920
2025-08-06,197.04830
2025-08-07,197.36600
2025-08-08,195.61630
2025-08-11,196.15550
2025-08-12,196.53480
2025-08-13,196.99390
2025-08-14,197.34910
2025-08-18,201.31070
2025-08-19,203.48530
2025-08-20,204.88850
2025-08-21,205.16790
2025-08-22,204.65590
2025-08-25,204.74380
2025-08-26,203.90900
2025-08-28,202.65880
2025-08-29,203.20120
2025-09-01,205.13570
2025-09-02,205.92230
2025-09-03,206.18210
2025-09-04,205.51770
2025-09-05,205.49130
2025-09-08,206.18430
2025-09-09,207.59110
2025-09-10,207.77700
2025-09-11,208.17270
2025-09-12,208.61220
2025-09-15,208.43960
2025-09-16,209.94790
2025-09-17,210.34930
2025-09-18,210.58760
2025-09-19,210.36730
2025-09-22,208.49200
2025-09-23,207.67150
2025-09-24,207.10280
2025-09-25,206.22800
2025-09-26,203.39200
2025-09-30,203.68110
2025-10-01,204.60110
2025-10-03,205.13150
2025-10-06,205.77660
2025-10-07,206.10020
2025-10-08,205.50570
2025-10-09,205.56380
2025-10-10,206.61360
2025-10-13,205.51720
2025-10-14,205.24190
2025-10-15,206.76130
2025-10-16,208.26010
2025-10-17,208.71030
2025-10-20,208.97950
2025-10-23,209.49830
2025-10-24,208.93880
2025-10-27,209.65010
2025-10-28,208.76900
2025-10-29,209.44510
2025-10-30,209.50060
2025-10-31,209.27620
2025-11-03,209.69250
2025-11-04,209.21910
2025-11-06,208.14280
2025-11-07,207.37280
2025-11-10,208.26030
2025-11-11,208.33060
2025-11-12,209.83850
2025-11-13,210.12240
2025-11-14,209.20000
2025-11-17,209.98910
2025-11-18,208.68620
2025-11-19,209.18070
2025-11-20,209.02650
2025-11-21,207.98380
2025-11-24,207.53920
2025-11-25,207.24820
2025-11-26,208.94780
2025-11-27,207.97400
2025-11-28,208.13050
2025-12-01,208.56610
2025-12-02,208.81050
2025-12-03,207.81940
2025-12-04,208.26480
2025-12-05,207.64770
2025-12-08,204.67630
2025-12-09,204.85770
2025-12-10,204.39920
2025-12-11,205.79530
2025-12-12,207.03360
2025-12-15,207.47520
2025-12-16,207.32670
2025-12-17,206.43690
2025-12-18,206.18670
2025-12-19,207.34040
2025-12-22,208.66640
2025-12-23,208.38510
2025-12-24,207.60440
2025-12-26,206.74420
2025-12-29,206.53270
2025-12-30,206.71610
2025-12-31,208.01500
2026-01-01,208.18200
2026-01-02,209.00770
2026-01-05,209.75450
2026-01-06,210.00810
2026-01-07,209.83780
2026-01-08,207.16080
2026-01-09,205.53370
2026-01-12,205.07770
2026-01-13,205.59360
2026-01-14,205.16670
2026-01-16,205.59860
2026-01-19,204.87480
2026-01-20,201.42100
2026-01-21,200.57400
2026-01-22,201.94280
2026-01-23,200.13090
2026-01-27,199.52600
2026-01-28,201.07000
2026-01-29,200.65030
2026-01-30,201.44730
2026-02-02,200.32820
2026-02-03,204.76110
2026-02-04,203.87100
2026-02-05,202.34080
2026-02-06,202.49180
2026-02-09,204.26720
2026-02-10,205.63910
2026-02-11,206.19890
2026-02-12,203.98430
2026-02-13,200.48420
2026-02-16,201.22320
2026-02-17,202.11010
2026-02-18,202.73000
2026-02-19,200.40120
2026-02-20,201.03690
2026-02-23,202.32650
2026-02-24,200.66350
2026-02-25,202.34480
2026-02-26,202.38620
2026-02-27,200.21770
2026-03-02,197.49600
2026-03-04,193.50620
2026-03-05,194.79320
2026-03-06,194.52540
2026-03-09,191.05140
2026-03-10,193.55220
2026-03-11,191.92750
2026-03-12,189.91870
2026-03-13,186.31030
2026-03-16,185.86300
2026-03-17,186.37150
2026-03-18,188.07170
2026-03-19,183.27290
2026-03-20,184.45900
2026-03-23,179.93120
2026-03-24,182.40530
2026-03-25,185.30800
2026-03-27,181.92880
2026-03-30,179.13770
2026-03-31,179.12980
2026-04-01,182.29270
2026-04-02,182.34070
2026-04-06,183.61400
2026-04-07,184.50310
2026-04-08,188.78990
2026-04-09,188.95890
2026-04-10,191.16880
2026-04-13,189.18030
2026-04-15,192.70910
2026-04-16,193.63010
2026-04-17,196.72470
2026-04-20,196.24230
2026-04-21,198.55230
2026-04-22,198.98180
2026-04-23,198.02970
2026-04-24,195.40480
2026-04-27,198.31740
2026-04-28,197.08460
2026-04-29,198.30430
2026-04-30,197.03810
2026-05-04,197.76710
2026-05-05,197.56660
2026-05-06,199.62940
2026-05-07,200.11950
2026-05-08,199.99800
2026-05-11,199.15690
2026-05-12,194.92480
2026-05-13,194.82120
2026-05-14,195.32190
2026-05-15,196.12570
2026-05-18,195.79120
2026-05-19,197.22630
2026-05-20,197.32070
2026-05-21,197.98700
2026-05-22,197.83940
2026-05-25,199.02160
2026-05-26,199.26640
2026-05-27,201.28910
2026-05-29,199.23810
2026-06-01,197.44930
2026-06-02,198.40830
2026-06-03,197.29350
2026-06-04,197.68490
2026-06-05,197.78230
2026-06-08,195.88050
2026-06-09,197.25880
2026-06-10,197.25820
2026-06-11,195.80360
2026-06-12,197.50020
2026-06-15,200.19050
2026-06-16,200.98300
2026-06-17,201.75830
2026-06-18,202.14040
2026-06-19,202.27710
2026-06-22,203.25130
2026-06-23,202.33910
2026-06-24,202.30720
2026-06-25,203.29340
2026-06-29,200.84630
2026-06-30,202.51530
2026-07-01,203.51820
2026-07-02,205.43820
2026-07-03,205.53410
2026-07-06,206.05480
2026-07-07,205.77310
2026-07-08,202.13810
2026-07-09,203.54600
2026-07-10,205.59620
2026-07-13,205.45010
2026-07-14,204.25370
2026-07-15,204.59540
2026-07-16,205.96720
2026-07-17,205.15560
2026-07-20,205.10600
2026-07-21,205.29950
2026-07-22,204.38290
2026-07-23,202.65060
2026-07-24,202.55400
2026-07-27,204.88690
2026-07-28,205.10730
2026-07-29,206.97970
2026-07-30,207.06220
2026-07-31,207.83470
2026-08-03,210.87710
2026-08-04,210.34100
2026-08-05,211.24370
2026-08-06,211.38490
2026-08-07,212.23320
2026-08-10,212.02150
2026-08-11,213.22430
2026-08-12,212.90410
2026-08-13,212.85540
2026-08-14,212.50210
2026-08-17,211.49020
2026-08-18,211.09550
2026-08-19,210.18420
2026-08-20,210.72450
2026-08-21,210.04980
2026-08-24,210.22480
2026-08-25,210.30860
2026-08-26,210.44630
2026-08-27,210.23300
2026-08-28,210.50660
2026-08-31,210.56990
2026-09-01,208.97630
2026-09-02,207.03470
2026-09-03,207.17820
2026-09-04,206.96890
2026-09-07,206.56000
2026-09-08,206.68880
2026-09-09,205.61780
