Date,NAV
2006-04-03,18.88000
2006-04-04,18.98000
2006-04-05,19.16000
2006-04-07,18.84000
2006-04-10,18.86000
2006-04-12,18.50000
2006-04-13,18.19000
2006-04-17,18.62000
2006-04-18,18.86000
2006-04-19,18.91000
2006-04-20,19.12000
2006-04-21,19.16000
2006-04-24,19.05000
2006-04-25,18.78000
2006-04-26,19.06000
2006-04-27,18.91000
2006-04-28,18.80000
2006-05-02,19.43000
2006-05-03,19.51000
2006-05-04,19.54000
2006-05-05,19.59000
2006-05-08,19.68000
2006-05-09,19.71000
2006-05-10,19.73000
2006-05-11,19.56000
2006-05-12,19.37000
2006-05-15,18.66000
2006-05-16,18.64000
2006-05-17,19.17000
2006-05-18,17.90000
2006-05-19,17.15000
2006-05-22,16.30000
2006-05-23,16.99000
2006-05-24,16.74000
2006-05-25,16.69000
2006-05-26,16.92000
2006-05-29,17.00000
2006-05-30,16.88000
2006-05-31,16.37000
2006-06-01,15.86000
2006-06-02,16.11000
2006-06-05,15.71000
2006-06-06,15.21000
2006-06-07,14.56000
2006-06-08,13.72000
2006-06-09,14.45000
2006-06-12,14.00000
2006-06-13,13.32000
2006-06-14,13.04000
2006-06-15,13.98000
2006-06-16,14.57000
2006-06-19,14.94000
2006-06-20,14.76000
2006-06-21,15.08000
2006-06-22,15.44000
2006-06-23,15.52000
2006-06-26,14.99000
2006-06-27,14.93000
2006-06-28,14.86000
2006-06-29,14.83000
2006-06-30,15.37000
2006-07-03,15.42000
2006-07-04,15.43000
2006-07-05,15.61000
2006-07-06,15.40000
2006-07-07,15.12000
2006-07-10,15.29000
2006-07-11,15.28000
2006-07-12,15.53000
2006-07-13,15.44000
2006-07-14,15.24000
2006-07-17,14.83000
2006-07-18,14.66000
2006-07-19,14.32000
2006-07-20,14.65000
2006-07-21,14.36000
2006-07-24,14.37000
2006-07-25,14.61000
2006-07-26,14.87000
2006-07-27,15.02000
2006-07-28,15.12000
2006-07-31,15.18000
2006-08-01,15.18000
2006-08-02,15.40000
2006-08-03,15.52000
2006-08-04,15.48000
2006-08-07,15.43000
2006-08-08,15.60000
2006-08-09,15.92000
2006-08-10,15.95000
2006-08-11,16.09000
2006-08-14,16.33000
2006-08-16,16.50000
2006-08-17,16.43000
2006-08-18,16.38000
2006-08-21,16.45000
2006-08-22,16.42000
2006-08-23,16.24000
2006-08-24,16.36000
2006-08-25,16.49000
2006-08-28,16.62000
2006-08-29,16.64000
2006-08-30,16.62000
2006-08-31,16.53000
2006-09-01,16.59000
2006-09-04,16.81000
2006-09-05,16.92000
2006-09-06,17.03000
2006-09-07,16.93000
2006-09-08,17.03000
2006-09-11,16.50000
2006-09-12,16.61000
2006-09-13,16.88000
2006-09-14,16.96000
2006-09-15,17.00000
2006-09-18,17.01000
2006-09-19,16.84000
2006-09-20,16.91000
2006-09-21,17.08000
2006-09-22,17.01000
2006-09-25,16.93000
2006-09-26,17.06000
2006-09-27,17.13000
2006-09-28,17.20000
2006-09-29,17.39000
2006-10-03,17.45000
2006-10-04,17.30000
2006-10-05,17.55000
2006-10-06,17.58000
2006-10-09,17.68000
2006-10-10,17.69000
2006-10-11,17.62000
2006-10-12,17.85000
2006-10-13,17.96000
2006-10-16,18.02000
2006-10-17,17.99000
2006-10-18,18.05000
2006-10-19,17.91000
2006-10-20,17.95000
2006-10-23,17.91000
2006-10-26,17.93000
2006-10-27,18.14000
2006-10-30,18.24000
2006-10-31,18.21000
2006-11-01,18.38000
2006-11-02,18.44000
2006-11-03,18.53000
2006-11-06,18.61000
2006-11-07,18.56000
2006-11-08,18.45000
2006-11-09,18.52000
2006-11-10,18.63000
2006-11-13,18.75000
2006-11-14,18.69000
2006-11-15,18.72000
2006-11-16,18.81000
2006-11-17,18.69000
2006-11-20,18.63000
2006-11-21,18.91000
2006-11-22,19.04000
2006-11-23,18.95000
2006-11-24,18.99000
2006-11-27,19.05000
2006-11-28,18.95000
2006-11-29,19.07000
2006-11-30,19.09000
2006-12-01,19.32000
2006-12-04,19.32000
2006-12-05,19.37000
2006-12-06,19.32000
2006-12-07,19.30000
2006-12-08,19.15000
2006-12-11,18.59000
2006-12-12,17.91000
2006-12-13,18.22000
2006-12-14,18.69000
2006-12-15,18.87000
2006-12-18,18.94000
2006-12-19,18.61000
2006-12-20,18.55000
2006-12-21,18.63000
2006-12-22,18.66000
2006-12-26,18.93000
2006-12-27,19.03000
2006-12-28,18.99000
2006-12-29,19.07000
2007-01-02,19.27000
2007-01-03,19.37000
2007-01-04,19.27000
2007-01-05,19.31000
2007-01-08,19.05000
2007-01-09,18.95000
2007-01-10,18.69000
2007-01-11,19.04000
2007-01-12,19.38000
2007-01-15,19.57000
2007-01-16,19.56000
2007-01-17,17.59000
2007-01-18,17.64000
2007-01-19,17.53000
2007-01-22,17.52000
2007-01-23,17.35000
2007-01-24,17.38000
2007-01-25,17.52000
2007-01-29,17.43000
2007-01-31,17.35000
2007-02-01,17.49000
2007-02-02,17.69000
2007-02-05,17.79000
2007-02-06,17.81000
2007-02-07,17.88000
2007-02-08,17.80000
2007-02-09,17.49000
2007-02-12,16.95000
2007-02-13,16.84000
2007-02-14,16.86000
2007-02-15,17.20000
2007-02-19,17.25000
2007-02-20,17.06000
2007-02-21,16.94000
2007-02-22,16.72000
2007-02-23,16.29000
2007-02-26,16.37000
2007-02-27,16.28000
2007-02-28,15.63000
2007-03-01,15.77000
2007-03-02,15.52000
2007-03-05,14.86000
2007-03-06,15.05000
2007-03-07,14.81000
2007-03-08,15.31000
2007-03-09,15.16000
2007-03-12,15.29000
2007-03-13,15.36000
2007-03-14,14.91000
2007-03-15,15.02000
2007-03-16,14.84000
2007-03-19,15.01000
2007-03-20,15.08000
2007-03-21,15.27000
2007-03-22,15.61000
2007-03-23,15.62000
2007-03-26,15.51000
2007-03-28,15.31000
2007-03-29,15.42000
2007-03-30,15.57000
2007-04-02,14.99000
2007-04-03,15.13000
2007-04-04,15.21000
2007-04-05,15.27000
2007-04-09,15.58000
2007-04-10,15.64000
2007-04-11,15.69000
2007-04-12,15.68000
2007-04-13,15.89000
2007-04-16,16.22000
2007-04-17,16.13000
2007-04-18,16.22000
2007-04-19,16.17000
2007-04-20,16.46000
2007-04-23,16.45000
2007-04-24,16.64000
2007-04-25,16.74000
2007-04-26,16.70000
2007-04-27,16.47000
2007-04-30,16.50000
2007-05-03,16.71000
2007-05-04,16.62000
2007-05-07,16.55000
2007-05-08,16.41000
2007-05-09,16.45000
2007-05-10,16.39000
2007-05-11,16.42000
2007-05-14,16.74000
2007-05-15,16.84000
2007-05-16,17.10000
2007-05-17,17.23000
2007-05-18,17.22000
2007-05-21,17.26000
2007-05-22,17.31000
2007-05-23,17.24000
2007-05-24,17.06000
2007-05-25,17.19000
2007-05-28,17.30000
2007-05-29,17.46000
2007-05-30,17.32000
2007-05-31,17.50000
2007-06-01,17.56000
2007-06-04,17.51000
2007-06-05,17.57000
2007-06-06,17.30000
2007-06-07,17.18000
2007-06-08,17.06000
2007-06-11,17.06000
2007-06-12,16.97000
2007-06-13,16.88000
2007-06-14,17.12000
2007-06-15,17.13000
2007-06-18,17.04000
2007-06-19,17.21000
2007-06-20,17.42000
2007-06-21,17.53000
2007-06-22,17.51000
2007-06-25,17.54000
2007-06-26,17.60000
2007-06-27,17.52000
2007-06-28,17.59000
2007-06-29,17.78000
2007-07-02,17.89000
2007-07-03,18.13000
2007-07-04,18.20000
2007-07-05,18.11000
2007-07-06,18.22000
2007-07-09,18.32000
2007-07-10,18.26000
2007-07-11,18.27000
2007-07-12,18.54000
2007-07-13,18.73000
2007-07-16,18.76000
2007-07-17,18.69000
2007-07-18,18.72000
2007-07-19,18.95000
2007-07-20,18.90000
2007-07-23,19.18000
2007-07-24,19.20000
2007-07-25,19.01000
2007-07-26,19.06000
2007-07-27,18.48000
2007-07-30,18.50000
2007-07-31,18.97000
2007-08-01,18.26000
2007-08-02,18.40000
2007-08-03,18.66000
2007-08-06,18.43000
2007-08-07,18.46000
2007-08-08,18.80000
2007-08-09,18.49000
2007-08-10,18.28000
2007-08-13,18.44000
2007-08-14,18.41000
2007-08-16,17.73000
2007-08-17,17.51000
2007-08-20,17.85000
2007-08-21,17.27000
2007-08-22,17.55000
2007-08-23,17.42000
2007-08-24,17.76000
2007-08-27,18.25000
2007-08-28,18.34000
2007-08-29,18.44000
2007-08-30,18.57000
2007-08-31,18.84000
2007-09-03,18.96000
2007-09-04,19.10000
2007-09-05,19.01000
2007-09-06,19.17000
2007-09-07,19.15000
2007-09-10,19.23000
2007-09-11,19.24000
2007-09-12,19.17000
2007-09-13,19.32000
2007-09-14,19.25000
2007-09-17,19.24000
2007-09-18,19.41000
2007-09-19,19.94000
2007-09-20,20.00000
2007-09-21,20.19000
2007-09-24,20.48000
2007-09-25,20.53000
2007-09-26,20.47000
2007-09-27,20.69000
2007-09-28,20.93000
2007-10-01,21.12000
2007-10-03,21.50000
2007-10-04,21.53000
2007-10-05,21.53000
2007-10-08,21.08000
2007-10-09,21.89000
2007-10-10,22.33000
2007-10-11,22.72000
2007-10-12,22.35000
2007-10-15,23.13000
2007-10-16,23.11000
2007-10-17,22.71000
2007-10-18,22.03000
2007-10-19,21.39000
2007-10-22,21.42000
2007-10-23,22.42000
2007-10-24,22.42000
2007-10-25,22.71000
2007-10-26,23.16000
2007-10-29,23.84000
2007-10-30,23.65000
2007-10-31,23.86000
2007-11-01,23.66000
2007-11-02,23.86000
2007-11-05,23.61000
2007-11-06,23.59000
2007-11-07,23.58000
2007-11-08,23.35000
2007-11-12,23.14000
2007-11-13,23.45000
2007-11-14,24.25000
2007-11-15,24.21000
2007-11-16,24.24000
2007-11-19,24.42000
2007-11-20,23.97000
2007-11-28,23.46000
2007-11-29,23.44000
2007-11-30,23.84000
2007-12-03,24.25000
2007-12-04,24.30000
2007-12-05,24.59000
2007-12-06,24.78000
2007-12-07,24.83000
2007-12-10,24.76000
2007-12-11,25.10000
2007-12-12,25.33000
2007-12-13,25.19000
2007-12-14,25.37000
2007-12-17,24.37000
2007-12-18,24.33000
2007-12-19,24.30000
2007-12-20,24.36000
2007-12-24,24.99000
2007-12-26,25.42000
2007-12-27,25.45000
2007-12-28,25.61000
2007-12-31,25.84000
2008-01-01,26.01000
2008-01-02,26.31000
2008-01-03,26.19000
2008-01-04,26.58000
2008-01-07,26.56000
2008-01-08,26.33000
2008-01-09,26.29000
2008-01-10,25.76000
2008-01-11,25.90000
2008-01-14,26.00000
2008-01-15,25.51000
2008-01-16,24.96000
2008-01-17,25.00000
2008-01-18,24.04000
2008-01-21,21.92000
2008-01-22,20.69000
2008-01-23,22.13000
2008-01-24,21.48000
2008-01-25,22.78000
2008-01-28,22.63000
2008-01-29,22.61000
2008-01-30,22.11000
2008-01-31,21.85000
2008-02-01,22.26000
2008-02-04,22.80000
2008-02-05,19.32000
2008-02-06,18.81000
2008-02-07,18.27000
2008-02-08,18.10000
2008-02-11,17.21000
2008-02-12,17.01000
2008-02-13,17.21000
2008-02-14,18.12000
2008-02-15,18.45000
2008-02-18,18.48000
2008-02-19,18.49000
2008-02-20,18.06000
2008-02-21,18.14000
2008-02-22,17.88000
2008-02-25,18.08000
2008-02-26,18.37000
2008-02-27,18.42000
2008-02-28,18.44000
2008-02-29,18.21000
2008-03-03,17.34000
2008-03-04,17.03000
2008-03-05,17.13000
2008-03-07,16.62000
2008-03-10,16.58000
2008-03-11,16.88000
2008-03-12,16.77000
2008-03-13,15.90000
2008-03-14,16.17000
2008-03-17,15.20000
2008-03-18,15.12000
2008-03-19,15.24000
2008-03-24,15.21000
2008-03-25,16.02000
2008-03-26,16.04000
2008-03-27,15.97000
2008-03-28,16.43000
2008-03-31,16.00000
2008-04-01,15.87000
2008-04-02,15.99000
2008-04-03,15.90000
2008-04-04,15.53000
2008-04-07,15.81000
2008-04-08,15.75000
2008-04-09,15.87000
2008-04-10,15.82000
2008-04-11,15.94000
2008-04-15,16.14000
2008-04-16,16.28000
2008-04-17,16.47000
2008-04-21,16.75000
2008-04-22,16.86000
2008-04-23,16.83000
2008-04-24,16.72000
2008-04-25,16.98000
2008-04-28,17.01000
2008-04-29,17.26000
2008-04-30,17.29000
2008-05-02,17.45000
2008-05-05,17.39000
2008-05-06,17.23000
2008-05-07,17.22000
2008-05-08,17.06000
2008-05-09,16.80000
2008-05-12,16.83000
2008-05-13,16.74000
2008-05-14,16.91000
2008-05-15,17.16000
2008-05-16,17.32000
2008-05-20,17.22000
2008-05-21,17.34000
2008-05-22,17.08000
2008-05-23,16.83000
2008-05-26,16.43000
2008-05-27,16.39000
2008-05-28,16.51000
2008-05-29,16.41000
2008-05-30,16.56000
2008-06-02,16.28000
2008-06-03,16.18000
2008-06-04,15.80000
2008-06-05,15.94000
2008-06-06,15.84000
2008-06-09,15.45000
2008-06-10,15.32000
2008-06-11,15.55000
2008-06-12,15.65000
2008-06-13,15.66000
2008-06-16,15.80000
2008-06-17,16.04000
2008-06-18,15.85000
2008-06-19,15.62000
2008-06-20,15.13000
2008-06-23,14.75000
2008-06-24,14.56000
2008-06-25,14.73000
2008-06-26,14.80000
2008-06-27,14.30000
2008-06-30,13.94000
2008-07-01,13.36000
2008-07-02,13.89000
2008-07-03,13.48000
2008-07-04,13.83000
2008-07-07,13.94000
2008-07-08,13.86000
2008-07-09,14.34000
2008-07-10,14.30000
2008-07-11,13.95000
2008-07-14,13.82000
2008-07-15,13.24000
2008-07-16,13.13000
2008-07-17,13.49000
2008-07-18,13.85000
2008-07-21,13.95000
2008-07-22,14.20000
2008-07-23,14.97000
2008-07-24,14.75000
2008-07-25,14.50000
2008-07-28,14.57000
2008-07-29,14.12000
2008-07-30,14.49000
2008-07-31,14.49000
2008-08-01,14.69000
2008-08-04,14.66000
2008-08-05,14.91000
2008-08-06,15.04000
2008-08-07,15.06000
2008-08-08,15.09000
2008-08-11,15.37000
2008-08-12,15.15000
2008-08-13,15.09000
2008-08-14,14.80000
2008-08-18,14.73000
2008-08-19,14.57000
2008-08-20,14.68000
2008-08-21,14.33000
2008-08-22,14.44000
2008-08-25,14.49000
2008-08-26,14.51000
2008-08-27,14.38000
2008-08-28,14.18000
2008-08-29,14.55000
2008-09-01,14.48000
2008-09-02,14.85000
2008-09-04,14.78000
2008-09-05,14.49000
2008-09-08,14.79000
2008-09-09,14.74000
2008-09-10,14.55000
2008-09-11,14.29000
2008-09-12,14.10000
2008-09-15,13.66000
2008-09-16,13.57000
2008-09-17,13.37000
2008-09-18,13.32000
2008-09-19,13.81000
2008-09-22,13.80000
2008-09-23,13.51000
2008-09-24,13.63000
2008-09-25,13.48000
2008-09-26,13.13000
2008-09-29,12.66000
2008-09-30,12.87000
2008-10-01,13.00000
2008-10-03,12.61000
2008-10-06,11.91000
2008-10-07,11.75000
2008-10-08,11.47000
2008-10-10,10.86000
2008-10-13,11.42000
2008-10-14,11.56000
2008-10-15,10.99000
2008-10-16,10.85000
2008-10-17,10.44000
2008-10-20,10.52000
2008-10-21,10.86000
2008-10-22,10.48000
2008-10-23,10.17000
2008-10-24,9.40000
2008-10-27,9.22000
2008-10-29,9.56000
2008-10-31,10.05000
2008-11-03,10.48000
2008-11-04,10.73000
2008-11-05,10.44000
2008-11-06,10.16000
2008-11-07,10.31000
2008-11-10,10.77000
2008-11-11,10.25000
2008-11-12,10.02000
2008-11-14,9.88000
2008-11-17,9.79000
2008-11-18,9.53000
2008-11-19,9.38000
2008-11-20,9.12000
2008-11-21,9.41000
2008-11-24,9.41000
2008-11-25,9.27000
2008-11-26,9.39000
2008-11-28,9.46000
2008-12-01,9.28000
2008-12-02,9.21000
2008-12-03,9.25000
2008-12-04,9.56000
2008-12-05,9.40000
2008-12-08,9.53000
2008-12-10,9.83000
2008-12-11,9.87000
2008-12-12,9.93000
2008-12-15,10.07000
2008-12-16,10.14000
2008-12-17,9.90000
2008-12-18,10.10000
2008-12-19,10.15000
2008-12-22,10.07000
2008-12-23,9.91000
2008-12-24,9.83000
2008-12-26,9.68000
2008-12-29,9.80000
2008-12-30,9.94000
2008-12-31,9.92000
2009-01-01,10.10000
2009-01-02,10.14000
2009-01-05,10.30000
2009-01-06,10.36000
2009-01-07,9.99000
2009-01-09,9.87000
2009-01-12,9.68000
2009-01-13,9.64000
2009-01-14,9.79000
2009-01-15,9.60000
2009-01-16,9.73000
2009-01-19,9.74000
2009-01-20,9.62000
2009-01-21,9.43000
2009-01-22,9.44000
2009-01-23,9.33000
2009-01-27,9.46000
2009-01-28,9.59000
2009-01-29,9.57000
2009-01-30,9.64000
2009-02-02,9.49000
2009-02-03,9.53000
2009-02-04,9.55000
2009-02-05,9.50000
2009-02-06,9.61000
2009-02-09,9.75000
2009-02-10,9.82000
2009-02-11,9.82000
2009-02-12,9.75000
2009-02-13,9.84000
2009-02-16,9.67000
2009-02-17,9.54000
2009-02-18,9.53000
2009-02-19,9.54000
2009-02-20,9.44000
2009-02-24,9.40000
2009-02-25,9.45000
2009-02-26,9.47000
2009-02-27,9.44000
2009-03-02,9.28000
2009-03-03,9.17000
2009-03-04,9.19000
2009-03-05,9.06000
2009-03-06,9.13000
2009-03-09,9.01000
2009-03-12,9.10000
2009-03-13,9.31000
2009-03-16,9.45000
2009-03-17,9.42000
2009-03-18,9.50000
2009-03-19,9.50000
2009-03-20,9.47000
2009-03-23,9.71000
2009-03-24,9.72000
2009-03-25,9.80000
2009-03-26,10.02000
2009-03-27,10.10000
2009-03-30,9.83000
2009-03-31,9.96000
2009-04-01,10.04000
2009-04-02,10.29000
2009-04-06,10.41000
2009-04-08,10.52000
2009-04-09,10.54000
2009-04-13,10.69000
2009-04-15,10.92000
2009-04-16,10.69000
2009-04-17,10.74000
2009-04-20,10.75000
2009-04-21,10.70000
2009-04-22,10.61000
2009-04-23,10.78000
2009-04-24,10.94000
2009-04-27,10.96000
2009-04-28,10.71000
2009-04-29,10.93000
2009-05-04,11.37000
2009-05-05,11.37000
2009-05-06,11.25000
2009-05-07,11.40000
2009-05-08,11.27000
2009-05-11,11.12000
2009-05-12,11.39000
2009-05-13,11.31000
2009-05-14,11.26000
2009-05-15,11.44000
2009-05-19,13.07000
2009-05-20,13.17000
2009-05-21,13.01000
2009-05-22,13.12000
2009-05-25,13.23000
2009-05-26,12.98000
2009-05-27,13.41000
2009-05-28,13.53000
2009-05-29,13.81000
2009-06-01,14.05000
2009-06-02,14.07000
2009-06-03,14.09000
2009-06-04,14.25000
2009-06-05,14.34000
2009-06-08,13.89000
2009-06-09,14.21000
2009-06-10,14.50000
2009-06-11,14.43000
2009-06-12,14.24000
2009-06-15,13.96000
2009-06-16,14.11000
2009-06-17,13.71000
2009-06-18,13.50000
2009-06-19,13.71000
2009-06-22,13.57000
2009-06-23,13.56000
2009-06-24,13.75000
2009-06-25,13.67000
2009-06-26,13.99000
2009-06-29,14.08000
2009-06-30,13.79000
2009-07-01,13.92000
2009-07-02,13.99000
2009-07-03,14.21000
2009-07-06,13.47000
2009-07-07,13.63000
2009-07-08,13.30000
2009-07-09,13.31000
2009-07-10,13.05000
2009-07-13,12.91000
2009-07-14,13.30000
2009-07-15,13.67000
2009-07-16,13.66000
2009-07-17,14.07000
2009-07-20,14.41000
2009-07-21,14.35000
2009-07-22,14.17000
2009-07-23,14.45000
2009-07-24,14.62000
2009-07-27,14.68000
2009-07-28,14.72000
2009-07-29,14.56000
2009-07-30,14.76000
2009-07-31,14.92000
2009-08-03,15.13000
2009-08-04,15.03000
2009-08-05,15.10000
2009-08-06,14.75000
2009-08-07,14.45000
2009-08-10,14.24000
2009-08-11,14.32000
2009-08-12,14.29000
2009-08-13,14.74000
2009-08-14,14.73000
2009-08-17,14.17000
2009-08-18,14.41000
2009-08-19,14.21000
2009-08-20,14.41000
2009-08-21,14.61000
2009-08-24,14.91000
2009-08-25,14.90000
2009-08-26,15.02000
2009-08-27,15.06000
2009-08-28,15.21000
2009-08-31,15.06000
2009-09-01,14.92000
2009-09-02,14.80000
2009-09-03,14.80000
2009-09-04,15.03000
2009-09-07,15.37000
2009-09-08,15.44000
2009-09-09,15.42000
2009-09-10,15.42000
2009-09-11,15.42000
2009-09-14,15.39000
2009-09-15,15.63000
2009-09-16,15.83000
2009-09-17,15.89000
2009-09-18,15.94000
2009-09-22,16.09000
2009-09-23,15.92000
2009-09-24,15.95000
2009-09-25,15.91000
2009-09-29,16.10000
2009-09-30,16.33000
2009-10-01,16.35000
2009-10-05,16.08000
2009-10-06,16.14000
2009-10-07,16.08000
2009-10-08,16.11000
2009-10-09,15.98000
2009-10-12,16.33000
2009-10-14,16.56000
2009-10-15,16.58000
2009-10-16,16.71000
2009-10-20,16.67000
2009-10-21,16.53000
2009-10-22,16.27000
2009-10-23,16.36000
2009-10-26,16.26000
2009-10-27,15.84000
2009-10-28,15.80000
2009-10-29,15.60000
2009-10-30,15.52000
2009-11-03,15.09000
2009-11-04,15.48000
2009-11-05,15.62000
2009-11-06,15.77000
2009-11-09,16.06000
2009-11-10,16.06000
2009-11-11,16.33000
2009-11-12,16.19000
2009-11-13,16.33000
2009-11-16,16.48000
2009-11-17,16.54000
2009-11-18,16.54000
2009-11-19,16.37000
2009-11-20,16.55000
2009-11-23,16.69000
2009-11-24,16.64000
2009-11-25,16.72000
2009-11-26,16.43000
2009-11-27,16.24000
2009-11-30,16.52000
2009-12-01,16.75000
2009-12-02,16.78000
2009-12-03,16.82000
2009-12-04,16.78000
2009-12-07,16.67000
2009-12-08,16.90000
2009-12-09,16.79000
2009-12-10,16.87000
2009-12-11,16.79000
2009-12-14,16.77000
2009-12-15,16.58000
2009-12-16,16.62000
2009-12-17,16.69000
2009-12-18,16.56000
2009-12-21,16.49000
2009-12-22,16.57000
2009-12-23,16.99000
2009-12-24,17.06000
2009-12-29,17.07000
2009-12-30,15.54000
2009-12-31,15.61000
2010-01-04,15.79000
2010-01-05,15.94000
2010-01-06,16.01000
2010-01-07,15.92000
2010-01-08,15.83000
2010-01-11,15.89000
2010-01-12,15.79000
2010-01-13,15.93000
2010-01-14,16.01000
2010-01-15,15.98000
2010-01-18,16.02000
2010-01-19,15.89000
2010-01-20,15.84000
2010-01-21,15.47000
2010-01-22,15.30000
2010-01-25,15.18000
2010-01-27,14.74000
2010-01-28,14.83000
2010-01-29,14.93000
2010-02-01,15.05000
2010-02-02,14.89000
2010-02-03,15.16000
2010-02-04,14.92000
2010-02-05,14.55000
2010-02-08,14.67000
2010-02-09,14.77000
2010-02-10,14.69000
2010-02-11,14.83000
2010-02-15,14.78000
2010-02-16,14.96000
2010-02-17,15.07000
2010-02-18,14.99000
2010-02-19,14.84000
2010-02-22,14.88000
2010-02-23,14.89000
2010-02-24,14.88000
2010-02-25,14.87000
2010-02-26,14.96000
2010-03-02,15.25000
2010-03-03,15.44000
2010-03-04,15.45000
2010-03-05,15.53000
2010-03-08,15.60000
2010-03-09,15.55000
2010-03-10,15.57000
2010-03-11,15.63000
2010-03-12,15.64000
2010-03-15,15.61000
2010-03-16,15.79000
2010-03-17,15.86000
2010-03-18,15.90000
2010-03-19,15.93000
2010-03-22,15.79000
2010-03-23,15.85000
2010-03-25,15.90000
2010-03-26,16.00000
2010-03-29,16.02000
2010-03-30,15.98000
2010-03-31,15.94000
2010-04-01,16.09000
2010-04-05,16.26000
2010-04-06,16.25000
2010-04-07,16.27000
2010-04-08,16.12000
2010-04-09,16.27000
2010-04-12,16.22000
2010-04-13,16.22000
2010-04-15,16.07000
2010-04-16,16.01000
2010-04-19,15.84000
2010-04-20,15.94000
2010-04-21,16.01000
2010-04-22,16.05000
2010-04-23,16.15000
2010-04-26,16.21000
2010-04-27,16.19000
2010-04-28,15.92000
2010-04-29,15.98000
2010-04-30,16.04000
2010-05-03,15.90000
2010-05-04,15.68000
2010-05-05,15.63000
2010-05-06,15.55000
2010-05-07,15.30000
2010-05-10,15.70000
2010-05-11,15.55000
2010-05-12,15.61000
2010-05-13,15.72000
2010-05-14,15.52000
2010-05-17,15.42000
2010-05-18,15.46000
2010-05-19,15.07000
2010-05-20,15.14000
2010-05-21,15.04000
2010-05-24,15.05000
2010-05-25,14.65000
2010-05-26,14.95000
2010-05-27,15.16000
2010-05-28,15.36000
2010-05-31,15.42000
2010-06-01,15.17000
2010-06-02,15.31000
2010-06-03,15.53000
2010-06-04,15.56000
2010-06-07,15.26000
2010-06-08,15.16000
2010-06-09,15.19000
2010-06-10,15.40000
2010-06-11,15.49000
2010-06-14,15.70000
2010-06-15,15.76000
2010-06-16,15.84000
2010-06-17,15.94000
2010-06-18,15.87000
2010-06-21,16.12000
2010-06-22,16.05000
2010-06-23,16.09000
2010-06-24,16.09000
2010-06-25,15.98000
2010-06-28,16.18000
2010-06-29,15.99000
2010-06-30,16.12000
2010-07-01,15.94000
2010-07-02,15.92000
2010-07-05,15.92000
2010-07-06,16.07000
2010-07-07,15.96000
2010-07-08,16.15000
2010-07-09,16.27000
2010-07-12,16.36000
2010-07-13,16.42000
2010-07-14,16.40000
2010-07-15,16.34000
2010-07-16,16.45000
2010-07-19,16.42000
2010-07-20,16.36000
2010-07-21,16.48000
2010-07-22,16.59000
2010-07-23,16.62000
2010-07-26,16.53000
2010-07-27,16.53000
2010-07-28,16.50000
2010-07-29,16.54000
2010-07-30,16.47000
2010-08-02,16.62000
2010-08-03,16.62000
2010-08-04,16.71000
2010-08-05,16.67000
2010-08-06,16.69000
2010-08-09,16.86000
2010-08-10,16.80000
2010-08-11,16.70000
2010-08-12,16.72000
2010-08-13,16.84000
2010-08-16,16.78000
2010-08-17,16.80000
2010-08-18,17.00000
2010-08-19,17.17000
2010-08-20,17.10000
2010-08-23,17.16000
2010-08-24,17.04000
2010-08-25,16.88000
2010-08-26,16.96000
2010-08-27,16.79000
2010-08-30,16.77000
2010-08-31,16.70000
2010-09-01,16.93000
2010-09-02,17.00000
2010-09-03,17.04000
2010-09-06,17.32000
2010-09-07,17.42000
2010-09-08,17.42000
2010-09-09,17.56000
2010-09-13,17.91000
2010-09-14,17.91000
2010-09-15,18.01000
2010-09-16,17.87000
2010-09-17,18.05000
2010-09-20,18.25000
2010-09-21,18.31000
2010-09-22,18.24000
2010-09-23,18.17000
2010-09-24,18.31000
2010-09-27,18.39000
2010-09-28,18.34000
2010-09-29,18.28000
2010-09-30,18.32000
2010-10-01,18.63000
2010-10-04,18.71000
2010-10-05,18.71000
2010-10-06,18.87000
2010-10-07,18.72000
2010-10-08,18.64000
2010-10-11,18.72000
2010-10-12,18.63000
2010-10-13,18.96000
2010-10-14,18.86000
2010-10-15,18.51000
2010-10-18,18.53000
2010-10-19,18.47000
2010-10-20,18.40000
2010-10-21,18.71000
2010-10-22,18.71000
2010-10-25,18.78000
2010-10-26,18.70000
2010-10-27,18.51000
2010-10-28,18.44000
2010-10-29,18.45000
2010-11-01,18.70000
2010-11-02,18.75000
2010-11-03,18.88000
2010-11-04,19.15000
2010-11-08,19.19000
2010-11-09,19.23000
2010-11-10,19.20000
2010-11-11,18.98000
2010-11-12,18.63000
2010-11-15,18.69000
2010-11-16,18.33000
2010-11-18,18.33000
2010-11-19,18.01000
2010-11-22,18.28000
2010-11-23,18.05000
2010-11-24,17.83000
2010-11-25,17.57000
2010-11-26,17.39000
2010-11-29,17.57000
2010-11-30,17.64000
2010-12-01,18.01000
2010-12-02,18.19000
2010-12-03,17.99000
2010-12-06,17.97000
2010-12-07,17.89000
2010-12-08,17.63000
2010-12-09,17.22000
2010-12-10,17.50000
2010-12-13,17.71000
2010-12-14,17.88000
2010-12-15,17.72000
2010-12-16,17.90000
2010-12-20,17.96000
2010-12-21,18.05000
2010-12-22,18.02000
2010-12-23,18.02000
2010-12-24,18.05000
2010-12-27,18.02000
2010-12-28,17.97000
2010-12-29,18.11000
2010-12-30,18.22000
2010-12-31,18.36000
2011-01-03,18.41000
2011-01-04,18.37000
2011-01-05,18.20000
2011-01-06,18.07000
2011-01-07,17.71000
2011-01-10,17.34000
2011-01-11,17.28000
2011-01-12,17.54000
2011-01-13,17.29000
2011-01-14,17.05000
2011-01-17,16.97000
2011-01-18,17.08000
2011-01-19,17.03000
2011-01-20,17.08000
2011-01-21,17.09000
2011-01-24,17.19000
2011-01-25,17.10000
2011-01-27,16.86000
2011-01-28,16.55000
2011-01-31,16.53000
2011-02-01,16.26000
2011-02-02,16.32000
2011-02-03,16.51000
2011-02-04,16.23000
2011-02-07,16.16000
2011-02-08,15.90000
2011-02-09,15.65000
2011-02-10,15.60000
2011-02-11,15.86000
2011-02-14,16.30000
2011-02-15,16.35000
2011-02-16,16.35000
2011-02-17,16.52000
2011-02-18,16.29000
2011-02-21,16.37000
2011-02-22,15.24000
2011-02-23,15.14000
2011-02-24,14.70000
2011-02-25,14.75000
2011-02-28,14.81000
2011-03-01,15.24000
2011-03-03,15.31000
2011-03-04,15.34000
2011-03-07,15.13000
2011-03-08,15.26000
2011-03-09,15.30000
2011-03-10,15.24000
2011-03-11,15.16000
2011-03-14,15.34000
2011-03-15,15.14000
2011-03-16,15.30000
2011-03-17,15.18000
2011-03-18,15.04000
2011-03-21,15.03000
2011-03-22,15.13000
2011-03-23,15.27000
2011-03-24,15.38000
2011-03-25,15.65000
2011-03-28,15.70000
2011-03-29,15.81000
2011-03-30,15.96000
2011-03-31,16.05000
2011-04-01,16.11000
2011-04-04,16.31000
2011-04-05,16.36000
2011-04-06,16.33000
2011-04-07,16.35000
2011-04-08,16.25000
2011-04-11,16.18000
2011-04-13,16.43000
2011-04-15,16.27000
2011-04-18,16.04000
2011-04-19,16.07000
2011-04-20,16.27000
2011-04-21,16.27000
2011-04-25,16.29000
2011-04-26,16.24000
2011-04-27,16.21000
2011-04-28,16.14000
2011-04-29,16.05000
2011-05-02,15.91000
2011-05-03,15.60000
2011-05-04,15.56000
2011-05-05,15.39000
2011-05-06,15.63000
2011-05-09,15.63000
2011-05-10,15.58000
2011-05-11,15.63000
2011-05-12,15.49000
2011-05-13,15.61000
2011-05-16,15.52000
2011-05-17,15.35000
2011-05-18,15.30000
2011-05-19,15.29000
2011-05-20,15.41000
2011-05-23,15.16000
2011-05-24,15.17000
2011-05-25,15.06000
2011-05-26,15.17000
2011-05-27,15.32000
2011-05-30,15.38000
2011-05-31,15.62000
2011-06-01,15.71000
2011-06-02,15.64000
2011-06-03,15.54000
2011-06-06,15.56000
2011-06-07,15.64000
2011-06-08,15.58000
2011-06-09,15.56000
2011-06-10,15.53000
2011-06-13,15.58000
2011-06-14,15.64000
2011-06-15,15.53000
2011-06-16,15.42000
2011-06-17,15.28000
2011-06-20,14.97000
2011-06-21,15.02000
2011-06-22,15.01000
2011-06-23,15.07000
2011-06-24,15.39000
2011-06-27,15.55000
2011-06-28,15.60000
2011-06-29,15.72000
2011-06-30,15.82000
2011-07-01,15.85000
2011-07-04,15.90000
2011-07-05,15.86000
2011-07-06,15.85000
2011-07-07,16.07000
2011-07-08,15.94000
2011-07-11,15.88000
2011-07-12,15.69000
2011-07-13,15.83000
2011-07-14,15.84000
2011-07-15,15.82000
2011-07-18,15.81000
2011-07-19,15.89000
2011-07-20,15.77000
2011-07-21,15.71000
2011-07-22,15.97000
2011-07-25,16.08000
2011-07-26,15.87000
2011-07-27,15.86000
2011-07-28,15.74000
2011-07-29,15.71000
2011-08-01,15.75000
2011-08-02,15.59000
2011-08-03,15.49000
2011-08-04,15.35000
2011-08-05,15.08000
2011-08-08,14.87000
2011-08-09,14.80000
2011-08-10,14.97000
2011-08-11,14.95000
2011-08-12,14.80000
2011-08-16,14.73000
2011-08-17,14.77000
2011-08-18,14.51000
2011-08-19,14.28000
2011-08-22,14.43000
2011-08-23,14.61000
2011-08-24,14.49000
2011-08-25,14.35000
2011-08-26,14.14000
2011-08-29,14.52000
2011-08-30,14.67000
2011-09-02,14.76000
2011-09-05,14.71000
2011-09-06,14.79000
2011-09-07,14.92000
2011-09-08,14.98000
2011-09-09,14.75000
2011-09-12,14.52000
2011-09-13,14.51000
2011-09-14,14.64000
2011-09-15,14.81000
2011-09-16,14.79000
2011-09-19,14.67000
2011-09-20,14.88000
2011-09-21,14.89000
2011-09-22,14.45000
2011-09-23,14.32000
2011-09-26,14.19000
2011-09-27,14.47000
2011-09-28,14.47000
2011-09-29,14.58000
2011-09-30,14.47000
2011-10-03,14.28000
2011-10-04,14.10000
2011-10-05,14.04000
2011-10-07,14.29000
2011-10-10,14.43000
2011-10-11,14.42000
2011-10-12,14.71000
2011-10-13,14.67000
2011-10-14,14.79000
2011-10-17,14.72000
2011-10-18,14.54000
2011-10-19,14.77000
2011-10-20,14.69000
2011-10-21,14.60000
2011-10-24,14.63000
2011-10-25,14.77000
2011-10-28,15.13000
2011-10-31,15.07000
2011-11-01,14.94000
2011-11-02,14.95000
2011-11-03,14.98000
2011-11-04,15.08000
2011-11-08,15.04000
2011-11-09,14.86000
2011-11-11,14.73000
2011-11-14,14.72000
2011-11-15,14.51000
2011-11-16,14.38000
2011-11-17,14.18000
2011-11-18,14.12000
2011-11-21,13.85000
2011-11-22,13.90000
2011-11-23,13.64000
2011-11-24,13.74000
2011-11-25,13.66000
2011-11-28,13.96000
2011-11-29,13.87000
2011-11-30,13.91000
2011-12-01,14.06000
2011-12-02,14.30000
2011-12-05,14.27000
2011-12-07,14.32000
2011-12-08,14.06000
2011-12-09,13.91000
2011-12-12,13.68000
2011-12-13,13.72000
2011-12-14,13.65000
2011-12-15,13.57000
2011-12-16,13.35000
2011-12-19,13.20000
2011-12-20,13.04000
2011-12-21,13.31000
2011-12-22,13.43000
2011-12-23,13.39000
2011-12-26,13.52000
2011-12-27,13.46000
2011-12-28,13.35000
2011-12-29,13.23000
2011-12-30,13.20000
2012-01-02,13.20000
2012-01-03,13.46000
2012-01-04,13.44000
2012-01-05,13.43000
2012-01-06,13.41000
2012-01-09,13.44000
2012-01-10,13.65000
2012-01-11,13.68000
2012-01-12,13.63000
2012-01-13,13.70000
2012-01-16,13.71000
2012-01-17,13.88000
2012-01-18,13.90000
2012-01-19,13.98000
2012-01-20,14.05000
2012-01-23,14.05000
2012-01-24,14.19000
2012-01-25,14.28000
2012-01-27,14.40000
2012-01-30,14.13000
2012-01-31,14.39000
2012-02-01,14.44000
2012-02-02,14.54000
2012-02-03,14.72000
2012-02-06,14.87000
2012-02-07,14.81000
2012-02-08,14.91000
2012-02-09,14.98000
2012-02-10,14.94000
2012-02-13,14.94000
2012-02-14,15.01000
2012-02-15,15.24000
2012-02-16,15.25000
2012-02-17,15.34000
2012-02-21,15.44000
2012-02-22,15.18000
2012-02-23,15.12000
2012-02-24,14.98000
2012-02-27,14.68000
2012-02-28,14.93000
2012-02-29,15.01000
2012-03-01,14.92000
2012-03-02,14.98000
2012-03-05,14.78000
2012-03-06,14.68000
2012-03-07,14.67000
2012-03-09,14.96000
2012-03-12,15.05000
2012-03-13,15.25000
2012-03-14,15.34000
2012-03-15,15.14000
2012-03-16,14.96000
2012-03-19,14.80000
2012-03-20,14.90000
2012-03-21,15.12000
2012-03-22,14.81000
2012-03-23,14.98000
2012-03-26,14.76000
2012-03-27,14.87000
2012-03-28,14.73000
2012-03-29,14.71000
2012-03-30,15.00000
2012-04-02,15.06000
2012-04-03,15.17000
2012-04-04,15.10000
2012-04-09,14.87000
2012-04-10,14.87000
2012-04-11,14.82000
2012-04-12,14.94000
2012-04-13,14.81000
2012-04-16,14.84000
2012-04-17,15.02000
2012-04-18,15.04000
2012-04-19,15.10000
2012-04-20,14.98000
2012-04-23,14.80000
2012-04-24,14.82000
2012-04-25,14.75000
2012-04-26,14.72000
2012-04-27,14.71000
2012-04-30,14.83000
2012-05-02,14.82000
2012-05-03,14.68000
2012-05-04,14.40000
2012-05-07,14.51000
2012-05-08,14.24000
2012-05-09,14.20000
2012-05-10,14.19000
2012-05-11,14.08000
2012-05-14,14.02000
2012-05-15,14.13000
2012-05-16,13.96000
2012-05-17,14.00000
2012-05-18,14.05000
2012-05-21,14.08000
2012-05-22,13.94000
2012-05-23,13.88000
2012-05-24,14.06000
2012-05-25,14.09000
2012-05-28,14.23000
2012-05-29,14.19000
2012-05-30,14.13000
2012-05-31,14.11000
2012-06-01,13.97000
2012-06-04,13.95000
2012-06-05,13.99000
2012-06-06,14.30000
2012-06-07,14.42000
2012-06-08,14.47000
2012-06-11,14.47000
2012-06-12,14.62000
2012-06-13,14.63000
2012-06-14,14.51000
2012-06-15,14.69000
2012-06-18,14.50000
2012-06-19,14.61000
2012-06-20,14.66000
2012-06-21,14.80000
2012-06-22,14.77000
2012-06-25,14.69000
2012-06-26,14.72000
2012-06-27,14.78000
2012-06-28,14.81000
2012-06-29,15.14000
2012-07-02,15.17000
2012-07-03,15.21000
2012-07-04,15.25000
2012-07-05,15.31000
2012-07-06,15.25000
2012-07-09,15.13000
2012-07-10,15.28000
2012-07-11,15.21000
2012-07-12,15.07000
2012-07-13,15.09000
2012-07-16,15.02000
2012-07-17,15.00000
2012-07-18,15.06000
2012-07-19,15.11000
2012-07-20,15.05000
2012-07-23,14.84000
2012-07-24,14.86000
2012-07-25,14.83000
2012-07-26,14.66000
2012-07-27,14.73000
2012-07-30,14.94000
2012-07-31,15.01000
2012-08-01,15.05000
2012-08-02,15.06000
2012-08-03,15.06000
2012-08-06,15.18000
2012-08-07,15.27000
2012-08-08,15.24000
2012-08-09,15.19000
2012-08-10,15.19000
2012-08-13,15.27000
2012-08-14,15.34000
2012-08-16,15.27000
2012-08-17,15.29000
2012-08-21,15.38000
2012-08-22,15.37000
2012-08-23,15.38000
2012-08-24,15.33000
2012-08-27,15.25000
2012-08-28,15.24000
2012-08-29,15.16000
2012-08-30,15.20000
2012-08-31,15.12000
2012-09-03,15.11000
2012-09-04,15.15000
2012-09-05,15.05000
2012-09-06,15.08000
2012-09-07,15.29000
2012-09-10,15.36000
2012-09-11,15.44000
2012-09-12,15.50000
2012-09-13,15.49000
2012-09-14,15.75000
2012-09-17,15.79000
2012-09-18,15.82000
2012-09-20,15.74000
2012-09-21,16.05000
2012-09-24,16.00000
2012-09-25,16.02000
2012-09-26,16.03000
2012-09-27,16.02000
2012-09-28,16.19000
2012-10-01,16.27000
2012-10-03,16.28000
2012-10-04,16.40000
2012-10-05,16.26000
2012-10-08,16.17000
2012-10-09,16.26000
2012-10-10,16.16000
2012-10-11,16.29000
2012-10-12,16.23000
2012-10-15,16.26000
2012-10-16,16.21000
2012-10-17,16.22000
2012-10-18,16.39000
2012-10-19,16.31000
2012-10-22,16.36000
2012-10-23,16.29000
2012-10-25,16.34000
2012-10-26,16.22000
2012-10-29,16.20000
2012-10-30,16.01000
2012-10-31,16.07000
2012-11-01,16.09000
2012-11-02,16.20000
2012-11-05,16.24000
2012-11-06,16.30000
2012-11-07,16.38000
2012-11-08,16.32000
2012-11-09,16.17000
2012-11-12,16.17000
2012-11-15,16.00000
2012-11-16,15.87000
2012-11-19,15.83000
2012-11-20,15.79000
2012-11-21,15.93000
2012-11-22,15.98000
2012-11-23,15.99000
2012-11-26,15.99000
2012-11-27,16.21000
2012-11-29,16.49000
2012-11-30,16.62000
2012-12-03,16.65000
2012-12-04,16.66000
2012-12-05,16.71000
2012-12-06,16.80000
2012-12-07,16.71000
2012-12-10,16.72000
2012-12-11,16.68000
2012-12-12,16.68000
2012-12-13,16.54000
2012-12-14,16.61000
2012-12-17,16.56000
2012-12-18,16.65000
2012-12-19,16.77000
2012-12-20,16.72000
2012-12-21,16.53000
2012-12-24,16.54000
2012-12-26,16.68000
2012-12-27,16.61000
2012-12-28,16.72000
2012-12-31,16.75000
2013-01-01,16.84000
2013-01-02,16.96000
2013-01-03,16.98000
2013-01-04,17.03000
2013-01-07,16.98000
2013-01-08,17.02000
2013-01-09,16.92000
2013-01-10,16.87000
2013-01-11,16.80000
2013-01-14,16.97000
2013-01-15,17.04000
2013-01-16,16.89000
2013-01-17,16.98000
2013-01-18,17.03000
2013-01-21,17.05000
2013-01-22,16.99370
2013-01-23,16.97230
2013-01-24,16.84740
2013-01-25,16.96900
2013-01-28,16.95610
2013-01-29,16.88450
2013-01-30,16.93590
2013-01-31,16.93300
2013-02-01,16.86630
2013-02-04,16.81480
2013-02-05,16.77740
2013-02-06,16.77950
2013-02-07,16.70490
2013-02-08,16.60540
2013-02-11,16.59790
2013-02-12,16.64510
2013-02-13,16.64760
2013-02-14,16.55100
2013-02-15,16.54760
2013-02-18,16.56210
2013-02-19,16.68600
2013-02-20,16.71480
2013-02-21,16.50460
2013-02-22,16.47750
2013-02-25,16.45560
2013-02-26,16.22180
2013-02-27,16.27720
2013-02-28,15.99460
2013-03-01,16.07520
2013-03-04,15.97150
2013-03-05,16.17990
2013-03-06,16.26080
2013-03-07,16.40540
2013-03-08,16.58370
2013-03-11,16.61220
2013-03-12,16.54460
2013-03-13,16.39150
2013-03-14,16.53410
2013-03-15,16.45640
2013-03-18,16.39600
2013-03-19,16.23350
2013-03-20,16.08050
2013-03-21,16.00480
2013-03-22,15.94650
2013-03-25,15.89860
2013-03-26,15.91220
2013-03-28,16.02920
2013-04-01,16.10040
2013-04-02,16.23410
2013-04-03,16.14750
2013-04-04,15.82510
2013-04-05,15.81850
2013-04-08,15.80040
2013-04-09,15.66560
2013-04-10,15.81020
2013-04-11,15.89450
2013-04-12,15.71990
2013-04-15,15.83220
2013-04-16,16.09640
2013-04-17,16.11170
2013-04-18,16.30380
2013-04-22,16.41180
2013-04-23,16.41690
2013-04-25,16.55890
2013-04-26,16.44130
2013-04-29,16.51860
2013-04-30,16.50620
2013-05-02,16.69890
2013-05-03,16.57850
2013-05-06,16.70680
2013-05-07,16.89070
2013-05-08,16.93040
2013-05-09,16.84650
2013-05-10,16.94550
2013-05-13,16.71910
2013-05-14,16.76840
2013-05-15,17.08150
2013-05-16,17.14800
2013-05-17,17.19450
2013-05-20,17.12430
2013-05-21,17.04280
2013-05-22,17.00140
2013-05-23,16.66130
2013-05-24,16.68260
2013-05-27,16.93550
2013-05-28,16.99410
2013-05-29,16.98780
2013-05-30,17.00500
2013-05-31,16.72760
2013-06-03,16.67490
2013-06-04,16.64470
2013-06-05,16.65260
2013-06-06,16.68170
2013-06-07,16.56150
2013-06-10,16.51180
2013-06-11,16.29420
2013-06-12,16.17790
2013-06-13,16.00500
2013-06-14,16.24470
2013-06-17,16.35820
2013-06-18,16.29210
2013-06-19,16.34940
2013-06-20,15.99050
2013-06-21,15.95220
2013-06-24,15.70030
2013-06-25,15.68260
2013-06-26,15.67430
2013-06-27,15.89140
2013-06-28,16.29240
2013-07-01,16.46740
2013-07-02,16.36080
2013-07-03,16.16180
2013-07-04,16.30550
2013-07-05,16.39810
2013-07-08,16.28490
2013-07-09,16.43550
2013-07-10,16.36940
2013-07-11,16.60970
2013-07-12,16.76840
2013-07-15,16.83080
2013-07-16,16.65580
2013-07-17,16.68230
2013-07-18,16.88780
2013-07-19,16.83860
2013-07-22,16.79870
2013-07-23,16.84690
2013-07-24,16.67000
2013-07-25,16.47390
2013-07-26,16.44040
2013-07-29,16.35750
2013-07-30,16.20380
2013-07-31,16.12500
2013-08-01,16.08270
2013-08-02,15.98490
2013-08-05,15.93060
2013-08-06,15.54960
2013-08-07,15.51960
2013-08-08,15.61900
2013-08-12,15.69320
2013-08-13,15.94360
2013-08-14,15.99430
2013-08-16,15.41220
2013-08-19,15.18090
2013-08-20,15.15680
2013-08-21,14.95980
2013-08-22,15.19280
2013-08-23,15.34050
2013-08-26,15.42910
2013-08-27,14.99610
2013-08-28,14.91500
2013-08-29,15.19350
2013-08-30,15.38460
2013-09-02,15.57060
2013-09-03,15.06800
2013-09-04,15.29220
2013-09-05,15.59390
2013-09-06,15.83000
2013-09-10,16.31080
2013-09-11,16.39080
2013-09-12,16.22030
2013-09-13,16.18300
2013-09-16,16.15000
2013-09-17,16.19980
2013-09-18,16.31410
2013-09-19,16.79240
2013-09-20,16.61370
2013-09-23,16.38270
2013-09-24,16.37190
2013-09-25,16.33830
2013-09-26,16.38900
2013-09-27,16.32210
2013-09-30,16.12870
2013-10-01,16.20870
2013-10-03,16.53120
2013-10-04,16.54850
2013-10-07,16.54940
2013-10-08,16.58140
2013-10-09,16.77400
2013-10-10,16.81540
2013-10-11,16.97910
2013-10-14,17.05380
2013-10-15,17.01420
2013-10-17,16.93110
2013-10-18,17.26140
2013-10-21,17.31880
2013-10-22,17.35080
2013-10-23,17.26040
2013-10-24,17.18750
2013-10-25,17.15800
2013-10-28,17.04110
2013-10-29,17.34780
2013-10-30,17.37240
2013-10-31,17.47060
2013-11-01,17.49300
2013-11-05,17.40390
2013-11-06,17.38790
2013-11-07,17.30600
2013-11-08,17.22770
2013-11-11,17.09490
2013-11-12,16.96750
2013-11-13,16.81950
2013-11-14,16.96690
2013-11-18,17.26250
2013-11-19,17.30800
2013-11-20,17.10760
2013-11-21,16.80720
2013-11-22,16.79640
2013-11-25,17.05160
2013-11-26,16.89370
2013-11-27,16.87160
2013-11-28,16.97670
2013-11-29,17.20040
2013-12-02,17.31740
2013-12-03,17.30030
2013-12-04,17.21580
2013-12-05,17.40340
2013-12-06,17.42850
2013-12-09,17.67130
2013-12-10,17.62500
2013-12-11,17.57860
2013-12-12,17.44260
2013-12-13,17.27100
2013-12-16,17.31830
2013-12-17,17.30810
2013-12-18,17.47210
2013-12-19,15.43430
2013-12-20,15.66220
2013-12-23,15.70750
2013-12-24,15.72190
2013-12-26,15.80340
2013-12-27,15.87020
2013-12-30,15.81140
2013-12-31,15.88970
2014-01-01,15.88720
2014-01-02,15.67830
2014-01-03,15.72000
2014-01-06,15.68960
2014-01-07,15.62280
2014-01-08,15.64650
2014-01-09,15.62480
2014-01-10,15.66240
2014-01-13,15.82000
2014-01-14,15.76570
2014-01-15,15.90630
2014-01-16,15.86760
2014-01-17,15.67330
2014-01-20,15.79920
2014-01-21,15.79240
2014-01-22,15.84200
2014-01-23,15.86190
2014-01-24,15.69860
2014-01-27,15.39100
2014-01-28,15.30750
2014-01-29,15.34480
2014-01-30,15.19380
2014-01-31,15.27190
2014-02-03,15.12330
2014-02-04,15.08570
2014-02-05,15.14190
2014-02-06,15.14010
2014-02-07,15.19690
2014-02-10,15.17760
2014-02-11,15.18050
2014-02-12,15.21860
2014-02-13,15.05860
2014-02-14,15.14350
2014-02-17,15.16660
2014-02-18,15.26750
2014-02-19,15.36670
2014-02-20,15.26840
2014-02-21,15.41880
2014-02-24,15.51430
2014-02-25,15.56100
2014-02-26,15.61510
2014-02-28,15.68270
2014-03-03,15.56530
2014-03-04,15.70080
2014-03-05,15.78700
2014-03-06,15.95750
2014-03-07,16.18360
2014-03-10,16.26190
2014-03-11,16.17320
2014-03-12,16.20880
2014-03-13,16.09690
2014-03-14,16.08830
2014-03-18,16.14910
2014-03-19,16.19850
2014-03-20,16.19050
2014-03-21,16.23000
2014-03-24,16.40980
2014-03-25,16.41230
2014-03-26,16.44690
2014-03-27,16.54130
2014-03-28,16.71010
2014-03-31,16.77380
2014-04-01,16.75800
2014-04-02,16.79360
2014-04-03,16.74860
2014-04-04,16.66940
2014-04-07,16.68980
2014-04-09,16.86490
2014-04-10,16.87420
2014-04-11,16.89490
2014-04-15,16.88460
2014-04-16,16.72630
2014-04-17,16.90810
2014-04-21,16.99000
2014-04-22,16.98870
2014-04-23,17.03500
2014-04-25,16.88550
2014-04-28,16.86140
2014-04-29,16.81810
2014-04-30,16.69250
2014-05-02,16.71580
2014-05-05,16.75790
2014-05-06,16.76580
2014-05-07,16.64210
2014-05-08,16.64090
2014-05-09,17.04080
2014-05-12,17.36570
2014-05-13,17.61120
2014-05-14,17.62260
2014-05-15,17.58850
2014-05-16,17.81380
2014-05-19,18.00130
2014-05-20,18.11810
2014-05-21,18.11390
2014-05-22,18.27360
2014-05-23,18.50860
2014-05-26,18.49760
2014-05-27,18.43020
2014-05-28,18.58000
2014-05-29,18.39510
2014-05-30,18.40380
2014-06-02,18.71300
2014-06-03,18.86300
2014-06-04,18.85070
2014-06-05,19.06180
2014-06-06,19.22180
2014-06-09,19.42670
2014-06-10,19.41780
2014-06-11,19.38700
2014-06-12,19.43550
2014-06-13,19.20200
2014-06-16,19.21920
2014-06-17,19.47770
2014-06-18,19.35050
2014-06-19,19.31430
2014-06-20,19.25270
2014-06-23,19.17850
2014-06-24,19.36950
2014-06-25,19.37890
2014-06-26,19.33620
2014-06-27,19.42220
2014-06-30,19.69330
2014-07-01,19.68400
2014-07-02,19.90130
2014-07-03,19.93010
2014-07-04,20.04730
2014-07-07,20.15640
2014-07-08,19.70710
2014-07-09,19.53050
2014-07-10,19.44030
2014-07-11,19.19250
2014-07-14,19.13060
2014-07-15,19.29750
2014-07-16,19.53450
2014-07-17,19.59140
2014-07-18,19.66760
2014-07-21,19.74570
2014-07-22,19.90770
2014-07-23,19.94860
2014-07-24,20.00790
2014-07-25,19.93860
2014-07-28,19.82950
2014-07-30,19.90400
2014-07-31,19.77520
2014-08-01,19.52800
2014-08-04,19.69000
2014-08-05,19.86360
2014-08-06,19.72310
2014-08-07,19.67090
2014-08-08,19.48430
2014-08-11,19.56980
2014-08-12,19.77250
2014-08-13,19.76220
2014-08-14,19.93280
2014-08-18,20.12940
2014-08-19,20.19260
2014-08-20,20.23370
2014-08-21,20.29210
2014-08-22,20.36630
2014-08-25,20.34400
2014-08-26,20.32270
2014-08-27,20.47560
2014-08-28,20.51240
2014-09-01,20.73440
2014-09-02,20.91730
2014-09-03,21.08220
2014-09-04,21.02950
2014-09-05,21.09080
2014-09-08,21.37170
2014-09-09,21.34150
2014-09-10,21.23160
2014-09-11,21.26250
2014-09-12,21.32760
2014-09-15,21.27630
2014-09-16,20.92480
2014-09-17,20.99530
2014-09-18,21.30270
2014-09-19,21.39440
2014-09-22,21.34550
2014-09-23,21.09500
2014-09-24,21.04760
2014-09-25,20.78020
2014-09-26,20.91380
2014-09-29,21.03310
2014-09-30,21.06250
2014-10-01,21.06520
2014-10-07,20.80770
2014-10-08,20.69890
2014-10-09,20.98020
2014-10-10,20.79000
2014-10-13,20.82920
2014-10-14,20.78620
2014-10-16,20.47700
2014-10-17,20.49990
2014-10-20,20.70330
2014-10-21,20.77600
2014-10-22,20.94470
2014-10-27,20.96110
2014-10-28,21.04860
2014-10-29,21.23020
2014-10-30,21.40340
2014-10-31,21.74690
2014-11-03,21.84580
2014-11-05,21.89020
2014-11-07,21.93860
2014-11-10,21.96420
2014-11-11,22.03310
2014-11-12,22.06760
2014-11-13,22.04640
2014-11-14,22.20490
2014-11-17,22.32390
2014-11-18,22.37940
2014-11-19,22.30700
2014-11-20,22.33780
2014-11-21,22.43650
2014-11-24,22.54570
2014-11-25,22.32640
2014-11-26,22.35640
2014-11-27,22.39950
2014-11-28,22.60740
2014-12-01,22.54010
2014-12-02,22.55430
2014-12-03,22.72860
2014-12-04,22.93990
2014-12-05,22.85860
2014-12-08,22.56260
2014-12-09,22.35600
2014-12-10,22.37190
2014-12-11,22.25310
2014-12-12,22.10480
2014-12-15,21.93830
2014-12-16,21.56660
2014-12-17,21.47540
2014-12-18,21.87890
2014-12-19,22.03770
2014-12-22,22.19210
2014-12-23,22.05950
2014-12-24,21.94870
2014-12-26,22.02030
2014-12-29,22.19610
2014-12-30,22.25520
2014-12-31,22.36160
2015-01-01,22.40490
2015-01-02,22.62430
2015-01-05,22.57560
2015-01-06,21.97630
2015-01-07,22.05360
2015-01-08,22.34290
2015-01-09,22.44430
2015-01-12,22.55040
2015-01-13,22.53370
2015-01-14,22.50660
2015-01-15,22.91710
2015-01-16,22.96220
2015-01-19,23.07370
2015-01-20,21.12440
2015-01-21,21.18250
2015-01-22,21.29570
2015-01-23,21.40390
2015-01-27,21.68100
2015-01-28,21.73480
2015-01-29,21.77100
2015-01-30,21.51550
2015-02-02,21.56140
2015-02-03,21.55940
2015-02-04,21.43570
2015-02-05,21.39820
2015-02-06,21.22350
2015-02-09,20.88610
2015-02-10,20.92150
2015-02-11,21.19540
2015-02-12,21.49380
2015-02-13,21.66100
2015-02-16,21.62920
2015-02-18,21.77030
2015-02-19,21.81520
2015-02-20,21.74790
2015-02-23,21.55340
2015-02-24,21.55130
2015-02-25,21.52610
2015-02-26,21.33900
2015-02-27,21.68350
2015-03-02,22.07510
2015-03-03,22.28550
2015-03-04,22.06570
2015-03-05,22.12170
2015-03-09,21.71660
2015-03-10,21.63910
2015-03-11,21.55270
2015-03-12,21.76290
2015-03-13,21.46590
2015-03-16,21.41290
2015-03-17,21.61190
2015-03-18,21.58900
2015-03-19,21.48640
2015-03-20,21.26680
2015-03-23,21.16440
2015-03-24,21.13090
2015-03-25,21.08940
2015-03-26,20.74020
2015-03-27,20.74530
2015-03-30,21.19260
2015-03-31,21.27450
2015-04-01,21.49510
2015-04-06,21.61350
2015-04-07,21.67870
2015-04-08,21.82890
2015-04-09,21.87990
2015-04-10,21.89390
2015-04-13,21.95550
2015-04-15,21.75410
2015-04-16,21.61320
2015-04-17,21.27400
2015-04-20,20.86470
2015-04-21,20.75530
2015-04-22,20.79520
2015-04-23,20.70400
2015-04-24,20.36300
2015-04-27,20.06270
2015-04-28,20.28320
2015-04-29,20.27230
2015-04-30,20.23110
2015-05-04,20.55380
2015-05-05,20.59910
2015-05-06,20.05950
2015-05-07,19.83250
2015-05-08,20.17070
2015-05-11,20.50780
2015-05-12,20.09680
2015-05-13,20.41070
2015-05-14,20.46410
2015-05-15,20.53320
2015-05-18,20.66790
2015-05-19,20.67170
2015-05-20,20.80790
2015-05-21,20.79310
2015-05-22,20.85160
2015-05-25,20.68750
2015-05-26,20.62160
2015-05-27,20.59520
2015-05-28,20.55010
2015-05-29,20.89260
2015-06-01,20.86990
2015-06-02,20.43570
2015-06-03,20.17090
2015-06-04,20.23830
2015-06-05,20.23400
2015-06-08,20.00190
2015-06-09,19.93660
2015-06-10,20.21080
2015-06-11,19.87240
2015-06-12,19.88240
2015-06-15,19.92220
2015-06-16,19.97650
2015-06-17,20.12810
2015-06-18,20.35330
2015-06-19,20.48480
2015-06-22,20.78420
2015-06-23,20.86250
2015-06-24,20.76550
2015-06-25,20.85240
2015-06-26,20.85360
2015-06-29,20.64760
2015-06-30,20.80550
2015-07-01,21.04360
2015-07-02,21.04710
2015-07-03,21.12520
2015-07-06,21.25940
2015-07-07,21.29640
2015-07-08,21.00310
2015-07-09,20.95170
2015-07-10,21.03200
2015-07-13,21.22510
2015-07-14,21.23400
2015-07-15,21.42300
2015-07-16,21.63820
2015-07-17,21.64210
2015-07-20,21.73670
2015-07-21,21.47360
2015-07-22,21.70390
2015-07-23,21.66340
2015-07-24,21.49320
2015-07-27,21.16170
2015-07-28,21.13880
2015-07-29,21.32170
2015-07-30,21.46050
2015-07-31,21.72800
2015-08-03,21.79390
2015-08-04,21.84170
2015-08-05,22.04440
2015-08-06,22.04570
2015-08-07,21.97260
2015-08-10,21.89690
2015-08-11,21.72510
2015-08-12,21.39380
2015-08-13,21.38200
2015-08-14,21.79290
2015-08-17,21.74810
2015-08-18,21.80860
2015-08-19,21.87810
2015-08-20,21.53450
2015-08-21,21.37360
2015-08-24,19.96810
2015-08-25,20.18430
2015-08-26,20.01310
2015-08-27,20.45390
2015-08-28,20.54550
2015-08-31,20.43030
2015-09-01,20.01170
2015-09-02,19.91740
2015-09-03,20.13490
2015-09-04,19.75020
2015-09-07,19.47190
2015-09-08,19.71750
2015-09-09,20.00310
2015-09-10,19.95000
2015-09-11,20.00270
2015-09-14,20.19230
2015-09-15,20.06430
2015-09-16,20.13810
2015-09-18,20.42430
2015-09-21,20.44140
2015-09-22,20.12530
2015-09-23,20.21750
2015-09-24,20.26880
2015-09-28,20.12560
2015-09-29,20.15610
2015-09-30,20.38620
2015-10-01,20.44050
2015-10-05,20.83640
2015-10-06,20.88010
2015-10-07,20.91050
2015-10-08,20.80940
2015-10-09,20.90350
2015-10-12,20.82950
2015-10-13,20.82870
2015-10-14,20.80210
2015-10-15,20.90020
2015-10-16,21.04810
2015-10-19,21.16470
2015-10-20,21.19980
2015-10-21,21.19560
2015-10-23,21.18430
2015-10-26,21.07420
2015-10-27,21.05150
2015-10-28,20.96750
2015-10-29,20.85430
2015-10-30,20.72930
2015-11-02,20.69300
2015-11-03,20.71310
2015-11-04,20.62860
2015-11-05,20.39050
2015-11-06,20.40770
2015-11-09,20.41650
2015-11-10,20.12330
2015-11-13,20.12700
2015-11-16,20.16720
2015-11-17,20.20540
2015-11-18,19.98500
2015-11-19,20.25870
2015-11-20,20.33600
2015-11-23,20.33780
2015-11-24,20.33090
2015-11-26,20.43200
2015-11-27,20.55190
2015-11-30,20.53750
2015-12-01,20.56810
2015-12-02,20.52140
2015-12-03,20.36930
2015-12-04,20.22490
2015-12-07,20.20360
2015-12-08,20.00060
2015-12-09,19.70310
2015-12-10,19.89180
2015-12-11,19.73640
2015-12-14,19.81870
2015-12-15,19.93940
2015-12-16,20.03740
2015-12-17,20.29690
2015-12-18,20.15340
2015-12-21,20.30780
2015-12-22,20.23560
2015-12-23,20.50980
2015-12-24,20.61600
2015-12-28,20.71810
2015-12-29,20.74700
2015-12-30,20.67340
2015-12-31,20.78360
2016-01-01,20.86500
2016-01-04,20.53590
2016-01-05,20.60140
2016-01-06,20.52030
2016-01-07,20.02830
2016-01-08,20.19940
2016-01-11,20.07900
2016-01-12,19.93060
2016-01-13,19.90450
2016-01-14,19.77870
2016-01-15,19.46520
2016-01-18,19.01700
2016-01-19,19.28980
2016-01-20,18.96900
2016-01-21,18.97330
2016-01-22,19.30370
2016-01-25,19.33240
2016-01-27,16.82230
2016-01-28,16.78740
2016-01-29,17.03230
2016-02-01,17.02880
2016-02-02,16.80300
2016-02-03,16.52720
2016-02-04,16.52590
2016-02-05,16.68400
2016-02-08,16.57620
2016-02-09,16.41040
2016-02-10,16.23350
2016-02-11,15.68050
2016-02-12,15.68710
2016-02-15,16.17590
2016-02-16,15.88370
2016-02-17,15.97690
2016-02-18,16.12110
2016-02-19,16.16740
2016-02-22,16.21060
2016-02-23,15.96670
2016-02-24,15.79100
2016-02-25,15.63880
2016-02-26,15.67050
2016-02-29,15.55560
2016-03-01,16.06520
2016-03-02,16.35670
2016-03-03,16.58680
2016-03-04,16.61400
2016-03-08,16.67390
2016-03-09,16.74830
2016-03-10,16.66180
2016-03-11,16.67580
2016-03-14,16.75580
2016-03-15,16.63150
2016-03-16,16.68490
2016-03-17,16.74220
2016-03-18,16.91950
2016-03-21,17.14910
2016-03-22,17.22100
2016-03-23,17.25300
2016-03-28,17.01090
2016-03-29,16.99430
2016-03-30,17.27240
2016-03-31,17.28570
2016-04-01,17.26100
2016-04-04,17.32600
2016-04-05,17.04500
2016-04-06,17.12590
2016-04-07,17.00540
2016-04-08,17.04290
2016-04-11,17.22180
2016-04-12,17.33940
2016-04-13,17.57520
2016-04-18,17.69910
2016-04-20,17.72730
2016-04-21,17.65830
2016-04-22,17.64880
2016-04-25,17.56290
2016-04-26,17.76050
2016-04-27,17.79760
2016-04-28,17.54190
2016-04-29,17.55350
2016-05-02,17.56730
2016-05-03,17.44100
2016-05-04,17.33770
2016-05-05,17.39400
2016-05-06,17.36970
2016-05-09,17.61790
2016-05-10,17.63600
2016-05-11,17.61250
2016-05-12,17.71470
2016-05-13,17.56850
2016-05-16,17.61730
2016-05-17,17.64700
2016-05-18,17.66900
2016-05-19,17.47110
2016-05-20,17.38830
2016-05-23,17.35350
2016-05-24,17.33380
2016-05-25,17.62730
2016-05-26,17.87320
2016-05-27,18.04090
2016-05-30,18.11890
2016-05-31,18.06730
2016-06-01,18.08500
2016-06-02,18.16820
2016-06-03,18.12660
2016-06-06,18.14820
2016-06-07,18.30730
2016-06-08,18.37960
2016-06-09,18.26700
2016-06-10,18.22270
2016-06-13,18.11130
2016-06-14,18.09380
2016-06-15,18.28790
2016-06-16,18.19820
2016-06-17,18.21820
2016-06-20,18.32070
2016-06-21,18.31750
2016-06-22,18.27270
2016-06-23,18.33700
2016-06-24,18.03290
2016-06-27,18.19360
2016-06-28,18.25000
2016-06-29,18.48760
2016-06-30,18.65670
2016-07-01,18.79650
2016-07-04,18.89350
2016-07-05,18.84620
2016-07-07,18.88610
2016-07-08,18.81030
2016-07-11,19.05840
2016-07-12,19.13630
2016-07-13,19.09450
2016-07-14,19.20280
2016-07-15,19.13870
2016-07-18,19.05310
2016-07-19,19.10710
2016-07-20,19.25800
2016-07-21,19.15000
2016-07-22,19.28260
2016-07-25,19.45810
2016-07-26,19.34570
2016-07-27,19.40030
2016-07-28,19.53000
2016-07-29,19.48140
2016-08-01,19.47190
2016-08-02,19.40640
2016-08-03,19.22350
2016-08-04,19.23590
2016-08-05,19.53540
2016-08-08,19.66070
2016-08-09,19.60540
2016-08-10,19.33960
2016-08-11,19.31220
2016-08-12,19.40950
2016-08-16,19.37650
2016-08-17,19.39990
2016-08-18,19.52460
2016-08-19,19.56360
2016-08-22,19.50040
2016-08-23,19.50120
2016-08-24,19.57200
2016-08-25,19.47490
2016-08-26,19.46020
2016-08-29,19.50880
2016-08-30,19.73980
2016-08-31,19.81760
2016-09-01,19.75700
2016-09-02,19.81970
2016-09-06,20.01040
2016-09-07,19.99890
2016-09-08,20.08130
2016-09-09,19.92450
2016-09-12,19.56700
2016-09-14,19.66840
2016-09-15,19.69430
2016-09-16,19.79870
2016-09-19,19.86110
2016-09-20,19.80200
2016-09-21,19.79730
2016-09-22,20.00140
2016-09-23,19.97790
2016-09-26,19.84430
2016-09-27,19.78750
2016-09-28,19.88250
2016-09-29,19.40960
2016-09-30,19.50200
2016-10-03,19.83990
2016-10-04,19.91370
2016-10-05,19.92720
2016-10-06,19.90240
2016-10-07,19.86740
2016-10-10,19.87500
2016-10-13,19.58980
2016-10-14,19.67570
2016-10-17,19.56360
2016-10-18,19.84020
2016-10-19,19.81650
2016-10-20,19.90070
2016-10-21,19.92150
2016-10-24,19.91750
2016-10-25,19.89110
2016-10-26,19.73120
2016-10-27,19.69290
2016-10-28,19.78610
2016-11-01,19.84590
2016-11-02,19.54090
2016-11-03,19.41060
2016-11-04,19.23780
2016-11-07,19.36760
2016-11-08,19.44740
2016-11-09,19.18280
2016-11-10,19.42990
2016-11-11,18.99060
2016-11-15,18.54800
2016-11-16,18.53640
2016-11-17,18.45560
2016-11-18,18.44170
2016-11-21,18.08800
2016-11-22,18.26400
2016-11-23,18.38790
2016-11-24,18.33610
2016-11-25,18.58240
2016-11-28,18.60770
2016-11-29,18.67030
2016-11-30,18.85420
2016-12-01,18.74490
2016-12-02,18.53460
2016-12-05,18.59590
2016-12-06,18.66340
2016-12-07,18.56230
2016-12-08,18.83120
2016-12-09,18.94320
2016-12-12,18.76810
2016-12-13,18.80130
2016-12-14,18.71510
2016-12-15,18.74340
2016-12-16,18.69010
2016-12-19,18.62610
2016-12-20,18.53210
2016-12-21,18.52080
2016-12-22,18.32520
2016-12-23,18.34480
2016-12-26,18.08200
2016-12-27,18.35460
2016-12-28,18.35360
2016-12-29,18.53270
2016-12-30,18.69320
2017-01-02,18.75610
2017-01-03,18.85960
2017-01-04,18.83940
2017-01-05,19.02930
2017-01-06,18.97170
2017-01-09,19.03260
2017-01-10,19.14110
2017-01-11,19.31200
2017-01-12,19.34510
2017-01-13,19.32830
2017-01-16,19.33590
2017-01-17,19.28760
2017-01-18,17.97610
2017-01-19,18.02530
2017-01-20,17.82090
2017-01-23,17.87580
2017-01-24,18.07070
2017-01-25,18.27870
2017-01-27,18.40530
2017-01-30,18.39210
2017-01-31,18.20920
2017-02-01,18.53010
2017-02-02,18.65270
2017-02-03,18.73140
2017-02-06,18.87160
2017-02-07,18.82780
2017-02-08,18.85560
2017-02-09,18.86890
2017-02-10,18.85970
2017-02-13,18.79520
2017-02-14,18.78060
2017-02-15,18.63180
2017-02-16,18.81980
2017-02-17,18.91270
2017-02-20,19.01630
2017-02-21,19.08540
2017-02-22,19.11710
2017-02-23,19.11630
2017-02-27,19.09900
2017-02-28,19.10730
2017-03-01,19.19820
2017-03-02,19.08790
2017-03-03,19.10140
2017-03-06,19.21840
2017-03-07,19.18250
2017-03-08,19.05970
2017-03-09,19.08960
2017-03-10,19.06640
2017-03-14,19.31930
2017-03-15,19.37200
2017-03-16,19.51650
2017-03-17,19.52780
2017-03-20,19.44880
2017-03-21,19.40940
2017-03-22,19.20280
2017-03-23,19.29270
2017-03-24,19.38470
2017-03-27,19.28300
2017-03-28,19.37420
2017-03-29,19.46450
2017-03-30,19.56150
2017-03-31,19.65480
2017-04-03,19.83890
2017-04-05,19.99460
2017-04-06,19.97290
2017-04-07,19.85080
2017-04-10,19.88270
2017-04-11,20.09100
2017-04-12,20.02560
2017-04-13,19.97160
2017-04-17,19.99140
2017-04-18,19.91020
2017-04-19,19.97040
2017-04-20,20.04500
2017-04-21,20.08100
2017-04-24,20.25180
2017-04-25,20.43090
2017-04-26,20.35870
2017-04-27,20.33220
2017-04-28,20.33820
2017-05-02,20.35850
2017-05-03,20.31130
2017-05-04,20.48790
2017-05-05,20.26970
2017-05-08,20.33750
2017-05-09,20.35590
2017-05-10,20.53800
2017-05-11,20.51600
2017-05-12,20.42940
2017-05-15,20.54690
2017-05-16,20.69000
2017-05-17,20.70600
2017-05-18,20.41740
2017-05-19,20.35510
2017-05-22,20.31720
2017-05-23,20.13480
2017-05-24,19.86500
2017-05-25,20.18940
2017-05-26,20.41890
2017-05-29,20.23230
2017-05-30,20.28700
2017-05-31,20.37960
2017-06-01,20.35830
2017-06-02,20.41470
2017-06-05,20.44600
2017-06-06,20.30850
2017-06-07,20.45840
2017-06-08,20.39990
2017-06-09,20.48500
2017-06-12,20.34890
2017-06-13,20.35560
2017-06-14,20.42310
2017-06-15,20.41590
2017-06-16,20.47180
2017-06-19,20.56120
2017-06-20,20.58520
2017-06-21,20.59590
2017-06-22,20.53220
2017-06-23,20.36680
2017-06-27,20.17860
2017-06-28,20.17370
2017-06-29,20.26140
2017-06-30,20.34290
2017-07-03,20.54530
2017-07-04,20.59180
2017-07-05,20.68520
2017-07-06,20.75400
2017-07-07,20.74560
2017-07-10,20.90820
2017-07-11,20.83430
2017-07-12,20.95350
2017-07-13,21.09660
2017-07-14,21.07110
2017-07-17,21.09710
2017-07-18,20.88680
2017-07-19,21.00110
2017-07-20,20.97930
2017-07-21,21.02530
2017-07-24,21.11750
2017-07-25,21.12170
2017-07-26,21.20710
2017-07-27,21.07800
2017-07-28,21.04200
2017-07-31,21.24150
2017-08-01,21.24240
2017-08-02,21.27840
2017-08-03,21.17410
2017-08-04,21.16740
2017-08-07,21.23240
2017-08-08,21.03580
2017-08-09,20.82680
2017-08-10,20.53020
2017-08-11,20.40740
2017-08-14,20.68080
2017-08-16,20.85870
2017-08-17,20.90090
2017-08-18,20.80280
2017-08-21,20.59310
2017-08-22,20.56420
2017-08-23,20.73010
2017-08-24,20.79600
2017-08-28,20.95920
2017-08-29,20.72720
2017-08-30,20.91230
2017-08-31,20.96020
2017-09-01,21.09710
2017-09-04,20.97660
2017-09-05,21.08080
2017-09-06,21.07090
2017-09-07,21.08380
2017-09-08,21.07160
2017-09-11,21.12900
2017-09-12,21.28800
2017-09-13,21.17620
2017-09-14,21.22960
2017-09-15,21.23900
2017-09-18,21.28970
2017-09-19,21.31970
2017-09-20,21.27690
2017-09-21,21.21230
2017-09-22,20.79270
2017-09-25,20.54140
2017-09-26,20.59990
2017-09-27,20.27730
2017-09-28,20.40210
2017-09-29,20.57130
2017-10-03,20.72050
2017-10-04,20.74870
2017-10-05,20.73290
2017-10-06,20.97810
2017-10-09,20.94750
2017-10-10,21.07590
2017-10-11,20.98010
2017-10-12,21.22630
2017-10-13,21.31380
2017-10-16,21.45990
2017-10-17,21.49220
2017-10-18,21.40940
2017-10-23,21.46310
2017-10-24,21.57800
2017-10-25,21.91410
2017-10-26,22.01260
2017-10-27,22.03940
2017-10-30,22.19280
2017-10-31,22.16930
2017-11-01,22.39290
2017-11-02,22.32740
2017-11-03,22.37800
2017-11-06,22.37820
2017-11-07,22.11910
2017-11-08,22.04350
2017-11-09,22.10340
2017-11-10,22.13600
2017-11-13,21.98600
2017-11-14,21.86390
2017-11-15,21.75250
2017-11-16,21.98610
2017-11-17,22.11740
2017-11-20,22.18330
2017-11-21,22.26590
2017-11-22,22.27030
2017-11-23,22.29800
2017-11-24,22.40280
2017-11-27,22.45950
2017-11-28,22.46300
2017-11-29,22.47740
2017-11-30,22.30020
2017-12-01,22.05760
2017-12-04,22.07970
2017-12-05,22.04910
2017-12-06,21.92670
2017-12-07,22.22980
2017-12-08,22.43030
2017-12-11,22.54310
2017-12-12,22.36400
2017-12-13,22.21600
2017-12-14,22.26000
2017-12-15,22.43410
2017-12-18,22.59390
2017-12-19,22.86920
2017-12-20,22.91510
2017-12-21,23.01920
2017-12-22,23.08900
2017-12-26,23.16250
2017-12-27,23.07850
2017-12-28,23.06180
2017-12-29,23.14270
2018-01-01,22.99610
2018-01-02,22.91210
2018-01-03,22.94780
2018-01-04,23.05410
2018-01-05,23.16940
2018-01-08,23.33880
2018-01-09,23.34740
2018-01-10,23.26020
2018-01-11,23.26980
2018-01-12,23.33870
2018-01-15,23.38450
2018-01-16,23.08500
2018-01-17,23.24960
2018-01-18,23.14240
2018-01-19,23.34560
2018-01-22,23.46030
2018-01-23,23.70090
2018-01-24,23.58340
2018-01-25,23.47900
2018-01-29,23.45630
2018-01-30,23.29810
2018-01-31,23.24350
2018-02-01,23.17850
2018-02-02,22.46800
2018-02-05,22.42160
2018-02-06,22.12580
2018-02-07,22.18340
2018-02-08,22.47470
2018-02-09,22.31870
2018-02-12,22.47920
2018-02-14,22.52790
2018-02-15,22.52050
2018-02-16,22.29890
2018-02-19,22.07740
2018-02-20,22.02340
2018-02-21,22.04310
2018-02-22,19.28020
2018-02-23,19.58230
2018-02-26,19.75160
2018-02-27,19.69150
2018-02-28,19.61620
2018-03-01,19.50450
2018-03-05,19.34160
2018-03-06,19.12540
2018-03-07,18.91820
2018-03-08,19.04400
2018-03-09,18.92960
2018-03-12,19.21170
2018-03-13,19.34120
2018-03-14,19.37550
2018-03-15,19.37430
2018-03-16,19.07410
2018-03-19,18.82120
2018-03-20,18.86150
2018-03-21,18.95790
2018-03-22,18.88000
2018-03-23,18.64850
2018-03-26,18.85720
2018-03-27,18.99380
2018-03-28,18.90740
2018-04-02,19.04390
2018-04-03,19.21450
2018-04-04,19.04870
2018-04-05,19.37840
2018-04-06,19.51320
2018-04-09,19.55180
2018-04-10,19.59190
2018-04-11,19.60300
2018-04-12,19.63730
2018-04-13,19.65390
2018-04-16,19.70030
2018-04-17,19.75940
2018-04-18,19.69360
2018-04-19,19.83670
2018-04-20,19.79180
2018-04-23,19.83080
2018-04-24,19.78800
2018-04-25,19.65380
2018-04-26,19.75960
2018-04-27,19.95100
2018-04-30,20.07530
2018-05-02,19.89720
2018-05-03,19.84970
2018-05-04,19.76600
2018-05-07,19.90630
2018-05-08,19.94410
2018-05-09,19.89750
2018-05-10,19.71870
2018-05-11,19.81960
2018-05-14,19.79510
2018-05-15,19.70880
2018-05-16,19.60830
2018-05-17,19.61990
2018-05-18,19.36060
2018-05-21,19.13580
2018-05-22,19.24050
2018-05-23,19.12320
2018-05-24,19.18600
2018-05-25,19.45310
2018-05-28,19.63070
2018-05-29,19.51700
2018-05-30,19.47900
2018-05-31,19.64150
2018-06-01,19.49390
2018-06-04,19.23390
2018-06-05,19.06060
2018-06-06,19.24640
2018-06-07,19.42670
2018-06-08,19.50690
2018-06-11,19.55300
2018-06-12,19.61150
2018-06-13,19.53210
2018-06-14,19.43440
2018-06-15,19.33970
2018-06-18,19.30400
2018-06-19,19.12620
2018-06-20,19.18830
2018-06-21,19.14950
2018-06-22,19.24010
2018-06-25,19.07010
2018-06-26,19.07620
2018-06-27,18.89500
2018-06-28,18.63560
2018-06-29,18.92220
2018-07-02,18.87150
2018-07-03,18.98120
2018-07-04,19.00590
2018-07-05,18.91120
2018-07-06,18.95730
2018-07-09,19.16880
2018-07-10,19.31910
2018-07-11,19.23020
2018-07-12,19.20280
2018-07-13,19.10060
2018-07-16,18.88400
2018-07-17,19.11440
2018-07-18,18.94690
2018-07-19,18.92930
2018-07-20,19.05040
2018-07-23,19.25100
2018-07-24,19.46070
2018-07-25,19.46520
2018-07-26,19.57950
2018-07-27,19.80920
2018-07-30,19.89100
2018-07-31,19.98190
2018-08-01,19.96440
2018-08-02,19.90110
2018-08-03,20.06210
2018-08-06,20.10460
2018-08-07,20.06820
2018-08-08,20.07530
2018-08-09,20.18810
2018-08-10,20.06320
2018-08-13,19.97150
2018-08-14,20.15020
2018-08-16,20.15830
2018-08-17,20.24950
2018-08-20,20.20470
2018-08-21,20.29910
2018-08-23,20.29710
2018-08-24,20.24480
2018-08-27,20.45200
2018-08-28,20.45300
2018-08-29,20.43420
2018-08-30,20.50370
2018-08-31,20.59450
2018-09-03,20.44850
2018-09-04,20.16050
2018-09-05,20.05140
2018-09-06,20.12510
2018-09-07,20.27390
2018-09-10,20.05090
2018-09-11,19.77840
2018-09-12,19.79980
2018-09-14,20.04320
2018-09-17,19.88100
2018-09-18,19.63820
2018-09-19,19.52800
2018-09-21,19.28000
2018-09-24,18.97550
2018-09-25,19.10810
2018-09-26,19.12210
2018-09-27,18.86240
2018-09-28,18.79530
2018-10-01,18.88970
2018-10-03,18.66610
2018-10-04,18.35680
2018-10-05,17.94030
2018-10-08,17.77580
2018-10-09,17.63230
2018-10-10,18.06790
2018-10-11,17.70480
2018-10-12,18.05270
2018-10-15,18.19940
2018-10-16,18.43400
2018-10-17,18.18100
2018-10-19,18.02160
2018-10-22,17.96060
2018-10-23,17.80800
2018-10-24,17.94680
2018-10-25,17.71740
2018-10-26,17.57530
2018-10-29,17.96030
2018-10-30,17.92360
2018-10-31,18.26900
2018-11-01,18.35000
2018-11-02,18.56080
2018-11-05,18.45340
2018-11-06,18.34410
2018-11-09,18.53770
2018-11-12,18.38330
2018-11-13,18.49630
2018-11-14,18.46270
2018-11-15,18.56570
2018-11-16,18.56060
2018-11-19,18.59180
2018-11-20,18.36940
2018-11-21,18.40460
2018-11-22,18.26710
2018-11-26,18.36340
2018-11-27,18.42400
2018-11-28,18.44130
2018-11-29,18.59450
2018-11-30,18.67250
2018-12-03,18.72900
2018-12-04,18.73410
2018-12-05,18.46180
2018-12-06,18.19090
2018-12-07,18.25660
2018-12-10,17.96780
2018-12-11,18.13530
2018-12-12,18.56450
2018-12-13,18.70040
2018-12-14,18.76080
2018-12-17,18.89230
2018-12-18,18.94470
2018-12-19,19.12040
2018-12-20,19.08760
2018-12-21,18.75230
2018-12-24,18.68990
2018-12-26,18.73560
2018-12-27,18.76170
2018-12-28,18.94140
2018-12-31,18.98710
2019-01-01,19.06010
2019-01-02,18.88530
2019-01-03,18.71600
2019-01-04,18.81360
2019-01-07,18.92730
2019-01-08,19.01670
2019-01-09,19.09030
2019-01-10,19.10410
2019-01-11,19.08560
2019-01-14,18.96270
2019-01-15,19.13650
2019-01-16,19.08740
2019-01-17,19.11780
2019-01-18,18.96570
2019-01-21,18.91200
2019-01-22,18.87370
2019-01-23,18.73870
2019-01-24,18.73770
2019-01-25,18.55420
2019-01-28,18.33700
2019-01-29,18.37090
2019-01-30,17.02570
2019-01-31,17.20860
2019-02-01,17.24540
2019-02-04,17.15850
2019-02-05,17.13450
2019-02-06,17.24200
2019-02-07,17.36900
2019-02-08,17.13310
2019-02-11,17.02510
2019-02-12,16.96210
2019-02-13,16.87470
2019-02-14,16.90980
2019-02-15,16.82780
2019-02-18,16.73330
2019-02-19,16.75420
2019-02-20,16.91090
2019-02-21,17.00450
2019-02-22,17.05020
2019-02-25,17.18650
2019-02-26,17.10280
2019-02-27,17.11420
2019-02-28,17.16510
2019-03-01,17.29510
2019-03-05,17.62890
2019-03-06,17.64510
2019-03-07,17.61620
2019-03-08,17.59390
2019-03-11,17.83310
2019-03-12,17.98610
2019-03-13,17.94800
2019-03-14,17.99370
2019-03-15,18.07900
2019-03-18,18.09150
2019-03-19,18.19710
2019-03-20,18.14940
2019-03-22,18.05160
2019-03-25,17.89430
2019-03-26,18.01910
2019-03-27,18.09130
2019-03-28,18.26250
2019-03-29,18.33730
2019-04-01,18.40690
2019-04-02,18.43280
2019-04-03,18.29940
2019-04-04,18.26240
2019-04-05,18.36700
2019-04-08,18.25130
2019-04-09,18.31720
2019-04-10,18.23820
2019-04-11,18.27520
2019-04-12,18.41100
2019-04-15,18.44230
2019-04-16,18.53590
2019-04-18,18.41320
2019-04-22,18.16400
2019-04-23,18.09750
2019-04-24,18.19150
2019-04-25,18.06120
2019-04-26,18.18210
2019-04-30,18.14740
2019-05-02,18.02200
2019-05-03,18.02590
2019-05-06,17.91460
2019-05-07,17.73860
2019-05-08,17.54090
2019-05-09,17.50220
2019-05-10,17.49060
2019-05-13,17.19540
2019-05-14,17.33870
2019-05-15,17.21000
2019-05-16,17.32380
2019-05-17,17.48070
2019-05-20,18.11710
2019-05-21,17.87940
2019-05-22,17.94360
2019-05-23,17.87270
2019-05-24,18.23700
2019-05-27,18.46760
2019-05-28,18.49110
2019-05-29,18.38750
2019-05-30,18.54860
2019-05-31,18.47020
2019-06-03,18.63680
2019-06-04,18.58260
2019-06-06,18.26120
2019-06-07,18.28350
2019-06-10,18.37150
2019-06-11,18.43980
2019-06-12,18.33120
2019-06-13,18.28880
2019-06-14,18.11240
2019-06-17,17.85900
2019-06-18,17.91110
2019-06-19,17.82790
2019-06-20,18.07720
2019-06-21,17.98790
2019-06-24,17.87520
2019-06-25,18.07970
2019-06-26,18.19710
2019-06-27,18.23980
2019-06-28,18.21430
2019-07-01,18.28980
2019-07-02,18.28760
2019-07-03,18.29870
2019-07-04,18.30020
2019-07-05,18.09130
2019-07-08,17.70400
2019-07-09,17.75400
2019-07-10,17.62940
2019-07-11,17.74160
2019-07-12,17.79050
2019-07-15,17.80560
2019-07-16,17.92860
2019-07-17,17.93200
2019-07-18,17.74780
2019-07-19,17.48520
2019-07-22,17.43950
2019-07-23,17.44610
2019-07-24,17.24910
2019-07-25,17.29490
2019-07-26,17.29830
2019-07-29,17.19210
2019-07-30,16.99310
2019-07-31,17.07370
2019-08-01,16.88520
2019-08-02,16.88260
2019-08-05,16.70720
2019-08-06,16.92480
2019-08-07,16.81680
2019-08-08,17.01240
2019-08-09,17.10420
2019-08-13,16.69340
2019-08-14,16.89220
2019-08-16,16.95880
2019-08-19,16.99690
2019-08-20,16.91450
2019-08-21,16.78160
2019-08-22,16.52030
2019-08-23,16.62930
2019-08-26,16.94860
2019-08-27,17.09940
2019-08-28,17.02310
2019-08-29,16.96240
2019-08-30,17.11430
2019-09-03,16.79380
2019-09-04,16.80170
2019-09-05,16.87950
2019-09-06,17.05210
2019-09-09,17.13110
2019-09-11,17.24760
2019-09-12,17.18810
2019-09-13,17.31860
2019-09-16,17.26220
2019-09-17,16.96790
2019-09-18,17.00400
2019-09-19,16.76720
2019-09-20,17.62250
2019-09-23,18.12480
2019-09-24,18.13640
2019-09-25,17.90250
2019-09-26,18.07990
2019-09-27,17.96730
2019-09-30,17.84290
2019-10-01,17.63550
2019-10-03,17.54050
2019-10-04,17.35430
2019-10-07,17.31280
2019-10-09,17.59220
2019-10-10,17.37380
2019-10-11,17.47620
2019-10-14,17.55440
2019-10-15,17.63730
2019-10-16,17.66520
2019-10-17,17.90080
2019-10-18,18.07330
2019-10-22,17.95780
2019-10-23,18.01760
2019-10-24,17.96260
2019-10-25,17.98430
2019-10-29,18.35160
2019-10-30,18.43020
2019-10-31,18.46030
2019-11-01,18.57360
2019-11-04,18.62830
2019-11-05,18.51680
2019-11-06,18.56780
2019-11-07,18.60920
2019-11-08,18.53720
2019-11-11,18.64840
2019-11-13,18.46160
2019-11-14,18.56600
2019-11-15,18.59220
2019-11-18,18.64600
2019-11-19,18.72750
2019-11-20,18.77150
2019-11-21,18.64470
2019-11-22,18.58400
2019-11-25,18.79900
2019-11-26,18.79560
2019-11-27,18.83710
2019-11-28,18.94970
2019-11-29,18.96620
2019-12-02,18.91400
2019-12-03,18.76200
2019-12-04,18.89340
2019-12-05,18.85520
2019-12-06,18.73100
2019-12-09,18.76290
2019-12-10,18.62330
2019-12-11,18.67150
2019-12-12,18.75690
2019-12-13,18.95600
2019-12-16,18.88770
2019-12-17,19.01420
2019-12-18,19.06130
2019-12-19,19.10550
2019-12-20,19.14920
2019-12-23,19.14750
2019-12-24,19.11830
2019-12-26,19.06550
2019-12-27,19.25470
2019-12-30,19.30830
2019-12-31,19.25600
2020-01-01,19.29280
2020-01-02,19.43820
2020-01-03,19.37250
2020-01-06,19.03290
2020-01-07,19.11830
2020-01-08,19.11800
2020-01-09,19.39590
2020-01-10,19.46500
2020-01-13,19.60450
2020-01-14,19.68840
2020-01-15,19.72560
2020-01-16,19.76600
2020-01-17,19.81280
2020-01-20,19.73250
2020-01-21,19.64910
2020-01-22,19.62930
2020-01-23,19.79490
2020-01-24,19.90340
2020-01-27,19.80740
2020-01-28,19.66370
2020-01-29,19.73830
2020-01-30,19.67850
2020-01-31,19.62260
2020-02-03,19.27320
2020-02-04,19.65950
2020-02-05,19.84330
2020-02-06,19.92680
2020-02-07,19.93750
2020-02-10,19.79360
2020-02-11,19.84640
2020-02-12,19.97700
2020-02-13,19.95650
2020-02-14,19.82890
2020-02-17,19.77750
2020-02-18,19.68940
2020-02-19,19.92560
2020-02-20,19.95730
2020-02-24,19.64130
2020-02-25,19.63520
2020-02-26,19.45260
2020-02-27,19.39330
2020-02-28,18.77300
2020-03-02,18.67830
2020-03-03,18.95960
2020-03-04,18.77920
2020-03-05,18.79480
2020-03-06,18.42520
2020-03-09,17.77420
2020-03-11,17.65540
2020-03-12,16.35530
2020-03-13,16.90660
2020-03-16,15.75860
2020-03-17,15.33960
2020-03-18,14.52810
2020-03-19,14.22050
2020-03-20,14.86370
2020-03-23,12.95890
2020-03-24,13.14520
2020-03-25,13.72860
2020-03-26,14.19140
2020-03-27,14.24060
2020-03-30,13.73800
2020-03-31,14.23280
2020-04-01,13.78290
2020-04-03,13.54760
2020-04-07,14.43900
2020-04-08,14.51680
2020-04-09,15.10790
2020-04-13,14.87450
2020-04-15,14.90760
2020-04-16,15.10310
2020-04-17,15.55720
2020-04-20,15.58760
2020-04-21,15.09330
2020-04-22,15.24600
2020-04-23,15.44210
2020-04-24,15.08740
2020-04-27,15.25300
2020-04-28,15.40380
2020-04-29,15.66540
2020-04-30,16.07670
2020-05-04,15.26250
2020-05-05,15.12580
2020-05-06,15.27480
2020-05-07,15.18030
2020-05-08,15.13770
2020-05-11,15.18360
2020-05-12,15.19690
2020-05-13,15.44620
2020-05-14,15.14720
2020-05-15,15.13590
2020-05-18,14.54830
2020-05-19,14.72350
2020-05-20,15.03830
2020-05-21,15.14380
2020-05-22,15.02940
2020-05-26,15.08790
2020-05-27,15.36530
2020-05-28,15.61250
2020-05-29,15.82170
2020-06-01,16.15560
2020-06-02,16.37930
2020-06-03,16.49140
2020-06-04,16.42320
2020-06-05,16.68900
2020-06-08,16.73250
2020-06-09,16.56910
2020-06-10,16.66480
2020-06-11,16.37470
2020-06-12,16.48500
2020-06-15,16.21470
2020-06-16,16.33350
2020-06-17,16.39820
2020-06-18,16.66380
2020-06-19,16.81590
2020-06-22,16.91210
2020-06-23,17.14430
2020-06-24,16.89750
2020-06-25,16.94380
2020-06-26,17.05430
2020-06-29,16.89330
2020-06-30,16.94220
2020-07-01,17.09300
2020-07-02,17.19180
2020-07-03,17.28510
2020-07-06,17.45890
2020-07-07,17.53340
2020-07-08,17.36990
2020-07-09,17.51020
2020-07-10,17.38100
2020-07-13,17.41860
2020-07-14,17.17290
2020-07-15,17.20740
2020-07-16,17.39520
2020-07-17,17.59450
2020-07-20,17.79520
2020-07-21,17.93270
2020-07-22,17.96950
2020-07-23,18.06700
2020-07-24,17.91490
2020-07-27,17.75420
2020-07-28,17.88910
2020-07-29,17.87010
2020-07-30,17.78780
2020-07-31,17.88140
2020-08-03,17.77680
2020-08-04,17.97270
2020-08-05,18.08720
2020-08-06,18.22240
2020-08-07,18.22490
2020-08-10,18.36590
2020-08-11,18.42980
2020-08-12,18.42550
2020-08-13,18.47490
2020-08-14,18.30500
2020-08-17,18.39900
2020-08-18,18.60840
2020-08-19,18.70710
2020-08-20,18.67940
2020-08-21,18.85500
2020-08-24,19.00650
2020-08-25,19.03610
2020-08-26,19.05970
2020-08-27,19.10100
2020-08-28,19.25070
2020-08-31,18.72330
2020-09-01,18.80540
2020-09-02,18.95790
2020-09-03,18.94550
2020-09-04,18.62870
2020-09-07,18.56080
2020-09-08,18.41460
2020-09-09,18.27820
2020-09-10,18.41360
2020-09-11,18.43760
2020-09-14,18.66870
2020-09-15,18.83880
2020-09-16,18.96520
2020-09-17,18.88280
2020-09-18,18.87170
2020-09-21,18.33890
2020-09-22,18.18650
2020-09-23,18.06890
2020-09-24,17.57530
2020-09-25,17.95040
2020-09-28,18.34350
2020-09-29,18.33360
2020-09-30,18.40030
2020-10-01,18.64070
2020-10-05,18.68060
2020-10-06,18.85650
2020-10-07,18.82200
2020-10-08,18.96460
2020-10-09,19.04540
2020-10-12,19.04830
2020-10-13,18.99120
2020-10-14,19.06580
2020-10-15,18.70470
2020-10-16,18.86040
2020-10-19,19.00430
2020-10-20,19.09550
2020-10-21,19.25500
2020-10-22,19.28190
2020-10-23,19.45180
2020-10-26,19.17370
2020-10-27,19.31260
2020-10-28,19.08930
2020-10-29,19.02470
2020-10-30,19.00020
2020-11-02,19.23780
2020-11-03,19.51280
2020-11-04,19.59360
2020-11-05,19.87860
2020-11-06,19.99770
2020-11-09,20.34280
2020-11-10,20.41970
2020-11-11,20.69800
2020-11-12,20.70120
2020-11-13,20.83140
2020-11-17,21.13270
2020-11-18,21.26420
2020-11-19,21.00420
2020-11-20,21.24740
2020-11-23,21.31390
2020-11-24,21.54190
2020-11-25,21.18870
2020-11-26,21.37230
2020-11-27,21.52620
2020-12-01,21.77840
2020-12-02,21.84400
2020-12-03,21.85900
2020-12-04,22.02960
2020-12-07,22.18260
2020-12-08,22.15890
2020-12-09,22.31430
2020-12-10,22.21890
2020-12-11,22.27980
2020-12-14,22.33020
2020-12-15,22.40670
2020-12-16,22.58440
2020-12-17,22.65170
2020-12-18,22.68890
2020-12-21,21.94630
2020-12-22,22.17290
2020-12-23,22.50600
2020-12-24,22.71230
2020-12-28,22.90840
2020-12-29,23.01330
2020-12-30,23.09160
2020-12-31,23.14250
2021-01-01,23.22300
2021-01-04,23.46090
2021-01-05,23.68330
2021-01-06,23.63910
2021-01-07,23.75120
2021-01-08,24.05840
2021-01-11,24.28910
2021-01-12,24.45650
2021-01-13,24.45030
2021-01-14,24.40980
2021-01-15,24.16220
2021-01-18,23.71170
2021-01-19,24.12080
2021-01-20,24.29370
2021-01-21,24.12990
2021-01-22,23.82440
2021-01-25,23.67330
2021-01-27,23.33280
2021-01-28,23.18750
2021-01-29,22.93510
2021-02-01,23.80210
2021-02-02,24.31020
2021-02-03,24.55270
2021-02-04,24.74960
2021-02-05,24.62940
2021-02-08,25.00430
2021-02-09,25.01320
2021-02-10,24.94460
2021-02-11,24.99340
2021-02-12,25.00560
2021-02-15,25.35040
2021-02-16,25.33150
2021-02-17,25.18690
2021-02-18,25.17150
2021-02-19,24.92710
2021-02-22,24.54520
2021-02-23,24.58250
2021-02-24,24.93720
2021-02-25,25.04690
2021-02-26,24.41770
2021-03-01,24.72340
2021-03-02,25.02940
2021-03-03,25.43880
2021-03-04,25.29030
2021-03-05,24.98370
2021-03-08,24.98630
2021-03-09,25.15090
2021-03-10,25.33250
2021-03-12,25.15650
2021-03-15,25.05390
2021-03-16,25.05140
2021-03-17,24.67250
2021-03-18,24.42420
2021-03-19,24.64800
2021-03-22,24.64910
2021-03-23,24.75730
2021-03-24,24.31070
2021-03-25,24.00450
2021-03-26,24.37320
2021-03-30,24.84420
2021-03-31,24.72520
2021-04-01,24.95720
2021-04-05,24.51160
2021-04-06,24.51270
2021-04-07,24.82920
2021-04-08,24.99180
2021-04-09,24.95240
2021-04-12,24.04390
2021-04-13,24.30230
2021-04-15,24.32260
2021-04-16,24.40270
2021-04-19,24.00920
2021-04-20,23.97810
2021-04-22,24.12130
2021-04-23,24.08750
2021-04-26,24.35980
2021-04-27,24.58960
2021-04-28,24.92420
2021-04-29,24.94270
2021-04-30,24.67400
2021-05-03,24.79060
2021-05-04,24.59460
2021-05-05,24.80980
2021-05-06,24.97480
2021-05-07,25.07100
2021-05-10,25.18120
2021-05-11,25.10420
2021-05-12,24.91390
2021-05-14,24.71370
2021-05-17,25.09370
2021-05-18,25.39790
2021-05-19,25.35500
2021-05-20,25.14850
2021-05-21,25.52970
2021-05-24,25.60650
2021-05-25,25.63070
2021-05-26,25.76180
2021-05-27,25.78280
2021-05-28,25.77750
2021-05-31,26.04570
2021-06-01,25.94940
2021-06-02,26.02350
2021-06-03,26.29990
2021-06-04,26.34330
2021-06-07,26.52490
2021-06-08,26.59760
2021-06-09,26.39890
2021-06-10,26.67810
2021-06-11,26.70530
2021-06-14,26.68970
2021-06-15,26.89660
2021-06-16,26.73610
2021-06-17,26.63150
2021-06-18,26.56410
2021-06-21,26.64750
2021-06-22,26.73900
2021-06-23,26.60510
2021-06-24,26.73200
2021-06-25,26.98980
2021-06-28,27.09540
2021-06-29,27.02020
2021-06-30,27.07620
2021-07-01,27.07390
2021-07-02,27.19090
2021-07-05,27.40440
2021-07-06,27.37900
2021-07-07,27.52840
2021-07-08,27.40590
2021-07-09,27.40680
2021-07-12,27.40070
2021-07-13,27.64450
2021-07-14,27.72350
2021-07-15,27.88670
2021-07-16,27.92990
2021-07-19,27.69100
2021-07-20,27.39530
2021-07-22,27.89250
2021-07-23,28.06570
2021-07-26,28.09900
2021-07-27,27.95710
2021-07-28,27.96910
2021-07-29,28.12100
2021-07-30,28.16850
2021-08-02,28.40600
2021-08-03,28.70890
2021-08-04,28.81270
2021-08-05,28.82400
2021-08-06,28.76270
2021-08-09,28.67180
2021-08-10,28.62690
2021-08-11,28.50830
2021-08-12,28.69310
2021-08-13,28.87400
2021-08-16,28.81080
2021-08-17,28.88020
2021-08-18,28.87210
2021-08-20,28.47760
2021-08-23,28.39510
2021-08-24,28.64250
2021-08-25,28.72810
2021-08-26,28.75730
2021-08-27,28.90420
2021-08-30,29.34240
2021-08-31,29.76140
2021-09-01,29.76410
2021-09-02,29.97320
2021-09-03,30.04530
2021-09-06,30.08860
2021-09-07,30.04340
2021-09-08,30.05190
2021-09-09,30.11880
2021-09-13,30.14450
2021-09-14,30.22590
2021-09-15,30.43430
2021-09-16,30.52510
2021-09-17,30.43420
2021-09-20,30.01890
2021-09-21,30.18000
2021-09-22,30.19900
2021-09-23,30.61110
2021-09-24,30.63970
2021-09-27,30.61510
2021-09-28,30.28590
2021-09-29,30.33750
2021-09-30,30.30730
2021-10-01,30.14320
2021-10-04,30.39820
2021-10-05,30.52910
2021-10-06,30.22260
2021-10-07,30.60960
2021-10-08,30.69450
2021-10-11,31.01190
2021-10-12,31.15380
2021-10-13,31.40120
2021-10-14,31.56090
2021-10-18,31.83190
2021-10-19,31.58030
2021-10-20,31.22790
2021-10-21,31.13440
2021-10-22,30.92400
2021-10-25,30.92080
2021-10-26,31.25720
2021-10-27,31.29550
2021-10-28,30.73840
2021-10-29,30.71260
2021-11-01,31.15500
2021-11-02,31.32650
2021-11-03,31.21180
2021-11-08,31.78700
2021-11-09,31.87520
2021-11-10,31.90050
2021-11-11,31.69090
2021-11-12,31.99140
2021-11-15,31.97250
2021-11-16,31.85880
2021-11-17,31.80040
2021-11-18,31.48850
2021-11-22,30.76530
2021-11-23,30.99910
2021-11-24,31.01650
2021-11-25,31.13070
2021-11-26,30.23260
2021-11-29,30.04630
2021-11-30,30.16160
2021-12-01,30.35860
2021-12-02,30.65810
2021-12-03,30.44270
2021-12-06,29.92880
2021-12-07,30.41530
2021-12-08,30.89600
2021-12-09,30.97550
2021-12-10,30.97210
2021-12-13,30.86890
2021-12-14,30.83280
2021-12-15,30.65410
2021-12-16,30.50100
2021-12-17,30.07540
2021-12-20,29.32440
2021-12-21,29.62180
2021-12-22,30.03150
2021-12-23,30.27540
2021-12-24,30.12800
2021-12-27,30.22540
2021-12-28,30.50170
2021-12-29,30.52860
2021-12-30,30.44570
2021-12-31,30.80250
2022-01-03,31.20960
2022-01-04,31.39030
2022-01-05,31.49450
2022-01-06,31.37770
2022-01-07,31.47030
2022-01-10,31.73410
2022-01-11,31.74300
2022-01-12,32.04730
2022-01-13,32.14390
2022-01-14,32.16670
2022-01-17,32.28850
2022-01-18,31.90610
2022-01-19,31.68870
2022-01-20,31.53470
2022-01-21,31.06450
2022-01-24,30.07490
2022-01-25,30.40280
2022-01-27,29.99740
2022-01-28,30.06200
2022-01-31,30.53130
2022-02-01,30.86990
2022-02-02,31.18830
2022-02-03,30.90600
2022-02-04,30.88170
2022-02-07,30.33010
2022-02-08,30.26940
2022-02-09,30.59800
2022-02-10,30.66130
2022-02-11,30.11860
2022-02-14,29.07680
2022-02-15,29.82840
2022-02-16,29.82310
2022-02-17,29.64540
2022-02-18,29.48300
2022-02-21,29.34050
2022-02-22,29.10790
2022-02-23,26.72750
2022-02-24,25.52710
2022-02-25,26.23300
2022-02-28,26.31830
2022-03-02,26.02130
2022-03-03,25.84350
2022-03-04,25.45930
2022-03-07,24.90260
2022-03-08,25.18370
2022-03-09,25.62530
2022-03-10,25.92930
2022-03-11,25.98200
2022-03-14,26.19750
2022-03-15,25.96970
2022-03-16,26.41450
2022-03-17,26.73000
2022-03-21,26.51640
2022-03-22,26.64800
2022-03-23,26.61110
2022-03-24,26.59740
2022-03-25,26.41940
2022-03-28,26.45300
2022-03-29,26.62840
2022-03-30,26.86730
2022-03-31,26.88820
2022-04-01,27.13870
2022-04-04,27.60420
2022-04-05,27.70810
2022-04-06,27.56040
2022-04-07,27.45090
2022-04-08,27.63520
2022-04-11,27.62690
2022-04-12,27.33630
2022-04-13,27.30280
2022-04-18,26.91330
2022-04-19,26.50820
2022-04-20,26.63820
2022-04-21,26.89960
2022-04-22,26.62400
2022-04-25,26.27100
2022-04-26,26.57540
2022-04-27,26.29490
2022-04-28,26.56920
2022-04-29,26.27710
2022-05-02,26.20190
2022-05-04,25.61120
2022-05-05,25.65210
2022-05-06,25.08590
2022-05-09,24.83030
2022-05-10,24.62530
2022-05-11,24.50800
2022-05-12,24.06750
2022-05-13,24.07720
2022-05-16,24.24300
2022-05-17,24.75410
2022-05-18,24.73740
2022-05-19,24.12140
2022-05-20,24.58410
2022-05-23,24.55990
2022-05-24,24.37000
2022-05-25,24.05860
2022-05-26,24.36810
2022-05-27,24.68120
2022-05-30,25.19050
2022-05-31,25.24220
2022-06-01,25.17420
2022-06-02,25.21440
2022-06-03,24.97450
2022-06-06,24.87300
2022-06-07,24.59650
2022-06-08,24.47110
2022-06-09,24.62190
2022-06-10,24.37090
2022-06-13,23.74660
2022-06-14,23.72890
2022-06-15,23.76910
2022-06-16,23.31480
2022-06-17,23.15040
2022-06-20,23.16200
2022-06-21,23.60650
2022-06-22,23.36910
2022-06-23,23.72200
2022-06-24,23.96750
2022-06-27,24.22750
2022-06-28,24.26820
2022-06-29,24.11340
2022-06-30,24.05110
2022-07-01,24.23750
2022-07-04,24.44550
2022-07-05,24.42720
2022-07-06,24.83110
2022-07-07,25.08270
2022-07-08,25.17390
2022-07-11,25.26020
2022-07-12,24.98720
2022-07-13,24.98110
2022-07-14,24.87690
2022-07-15,25.01370
2022-07-18,25.36120
2022-07-19,25.56160
2022-07-20,25.68150
2022-07-21,25.92630
2022-07-22,26.03720
2022-07-25,25.93320
2022-07-26,25.62800
2022-07-27,25.83900
2022-07-28,26.18550
2022-07-29,26.40600
2022-08-01,26.76240
2022-08-02,26.82570
2022-08-03,26.82930
2022-08-04,26.82480
2022-08-05,26.87630
2022-08-08,27.00330
2022-08-10,26.98960
2022-08-11,27.24370
2022-08-12,27.34230
2022-08-16,27.52820
2022-08-17,27.73720
2022-08-18,27.73650
2022-08-19,27.47500
2022-08-22,27.01510
2022-08-23,27.11220
2022-08-24,27.24730
2022-08-25,27.24650
2022-08-26,27.31270
2022-08-29,27.02160
2022-08-30,27.63870
2022-09-01,27.54560
2022-09-02,27.52450
2022-09-05,27.63710
2022-09-06,27.63630
2022-09-07,27.69720
2022-09-08,27.91330
2022-09-09,28.05270
2022-09-12,28.30520
2022-09-13,28.44340
2022-09-14,28.31240
2022-09-15,28.18430
2022-09-16,27.52020
2022-09-19,27.50680
2022-09-20,27.90400
2022-09-21,27.75380
2022-09-22,27.74170
2022-09-23,27.26100
2022-09-26,26.69430
2022-09-27,26.67800
2022-09-28,26.60810
2022-09-29,26.67060
2022-09-30,27.11140
2022-10-03,26.76130
2022-10-04,27.24310
2022-10-06,27.39940
2022-10-07,27.31320
2022-10-10,27.20980
2022-10-11,26.78620
2022-10-12,26.92560
2022-10-13,26.74630
2022-10-14,26.91010
2022-10-17,27.01620
2022-10-18,27.31610
2022-10-19,27.27360
2022-10-20,27.29850
2022-10-21,27.33860
2022-10-25,27.57900
2022-10-27,27.64510
2022-10-28,27.48460
2022-10-31,27.83110
2022-11-01,28.01700
2022-11-02,27.91120
2022-11-03,27.88450
2022-11-04,27.82430
2022-11-07,27.89130
2022-11-09,27.67330
2022-11-10,27.43690
2022-11-11,27.78760
2022-11-14,27.79060
2022-11-15,27.87280
2022-11-16,27.78890
2022-11-17,27.63040
2022-11-18,27.55130
2022-11-21,27.40490
2022-11-22,27.40940
2022-11-23,27.49950
2022-11-24,27.73260
2022-11-25,27.77480
2022-11-28,27.83740
2022-11-29,27.89210
2022-11-30,28.08630
2022-12-01,28.19910
2022-12-02,28.21080
2022-12-05,28.20480
2022-12-06,28.00800
2022-12-07,27.92400
2022-12-08,28.05510
2022-12-09,27.94130
2022-12-12,27.89520
2022-12-13,27.98390
2022-12-14,28.12870
2022-12-15,27.78100
2022-12-16,27.55570
2022-12-19,27.74000
2022-12-20,27.68250
2022-12-21,27.34520
2022-12-22,27.19340
2022-12-23,26.60790
2022-12-26,27.00810
2022-12-27,27.20490
2022-12-28,27.14960
2022-12-29,27.26280
2022-12-30,27.18570
2023-01-02,27.30660
2023-01-03,27.38330
2023-01-04,27.12530
2023-01-05,27.05300
2023-01-06,26.78430
2023-01-09,27.00690
2023-01-10,26.76600
2023-01-11,26.73160
2023-01-12,26.73060
2023-01-13,26.83380
2023-01-16,26.67310
2023-01-17,26.71610
2023-01-18,26.83520
2023-01-19,26.74880
2023-01-20,26.62350
2023-01-23,26.72890
2023-01-24,26.78640
2023-01-25,26.44380
2023-01-27,26.09410
2023-01-30,26.19600
2023-01-31,26.33370
2023-02-01,26.32660
2023-02-02,26.41800
2023-02-03,26.52270
2023-02-06,26.51830
2023-02-07,26.49390
2023-02-08,26.68130
2023-02-09,26.70890
2023-02-10,26.75200
2023-02-13,26.54350
2023-02-14,26.57380
2023-02-15,26.71050
2023-02-16,26.79670
2023-02-17,26.61460
2023-02-20,26.56460
2023-02-21,26.50980
2023-02-22,26.22310
2023-02-23,26.16930
2023-02-24,26.14710
2023-02-27,26.00970
2023-02-28,25.99250
2023-03-01,26.17730
2023-03-02,26.00590
2023-03-03,26.19590
2023-03-06,26.35110
2023-03-08,26.33520
2023-03-09,26.18390
2023-03-10,25.97920
2023-03-13,25.59380
2023-03-14,25.45640
2023-03-15,25.30340
2023-03-16,25.30110
2023-03-17,25.48890
2023-03-20,25.32890
2023-03-21,25.48950
2023-03-22,25.54170
2023-03-23,25.45810
2023-03-24,25.27400
2023-03-27,25.17380
2023-03-28,25.05920
2023-03-29,25.27210
2023-03-31,25.65210
2023-04-03,25.79990
2023-04-05,25.94610
2023-04-06,26.03420
2023-04-10,26.04330
2023-04-11,26.06720
2023-04-12,26.20560
2023-04-13,26.21910
2023-04-17,26.06720
2023-04-18,26.11810
2023-04-19,26.05230
2023-04-20,26.07370
2023-04-21,25.97770
2023-04-24,26.07840
2023-04-25,26.09020
2023-04-26,26.17030
2023-04-27,26.32290
2023-04-28,26.50960
2023-05-02,26.68920
2023-05-03,26.65120
2023-05-04,26.84300
2023-05-05,26.62370
2023-05-08,26.92930
2023-05-09,26.98420
2023-05-10,27.07970
2023-05-11,27.16720
2023-05-12,27.21080
2023-05-15,27.29130
2023-05-16,27.28620
2023-05-17,27.21800
2023-05-18,27.14040
2023-05-19,27.19700
2023-05-22,27.23990
2023-05-23,27.27530
2023-05-24,27.25240
2023-05-25,27.36470
2023-05-26,27.61710
2023-05-29,27.75990
2023-05-30,27.81000
2023-05-31,27.80640
2023-06-01,27.83670
2023-06-02,27.92550
2023-06-05,28.01790
2023-06-06,28.08600
2023-06-07,28.37370
2023-06-08,28.17400
2023-06-09,28.08260
2023-06-12,28.21040
2023-06-13,28.41020
2023-06-14,28.42440
2023-06-15,28.43480
2023-06-16,28.67330
2023-06-19,28.57900
2023-06-20,28.71220
2023-06-21,28.74070
2023-06-22,28.54130
2023-06-23,28.31680
2023-06-26,28.46160
2023-06-27,28.68010
2023-06-28,28.85050
2023-06-30,29.11250
2023-07-03,29.18710
2023-07-04,29.17840
2023-07-05,29.20440
2023-07-06,29.27640
2023-07-07,29.10670
2023-07-10,29.01890
2023-07-11,29.14250
2023-07-12,29.11390
2023-07-13,29.20090
2023-07-14,29.52010
2023-07-17,29.63530
2023-07-18,29.53950
2023-07-19,29.60990
2023-07-20,29.73040
2023-07-21,29.52500
2023-07-24,29.50960
2023-07-25,29.53400
2023-07-26,29.55480
2023-07-27,29.53230
2023-07-28,29.55880
2023-07-31,29.77720
2023-08-01,29.82730
2023-08-02,29.51420
2023-08-03,29.37670
2023-08-04,29.71580
2023-08-07,29.80560
2023-08-08,29.82760
2023-08-09,29.88620
2023-08-10,29.77110
2023-08-11,29.55310
2023-08-14,29.52560
2023-08-16,29.47920
2023-08-17,29.38430
2023-08-18,29.31450
2023-08-21,29.48980
2023-08-22,29.54540
2023-08-23,29.71530
2023-08-24,29.77570
2023-08-25,29.60820
2023-08-28,29.72930
2023-08-29,29.79770
2023-08-30,29.94220
2023-08-31,29.92980
2023-09-01,30.29350
2023-09-04,30.40260
2023-09-05,30.47940
2023-09-06,30.53960
2023-09-07,30.70280
2023-09-08,30.90150
2023-09-11,31.13170
2023-09-12,30.78560
2023-09-13,30.84670
2023-09-14,31.03690
2023-09-15,31.20380
2023-09-18,31.05610
2023-09-20,30.78950
2023-09-21,30.51630
2023-09-22,30.40350
2023-09-25,30.35140
2023-09-26,30.38460
2023-09-27,30.48750
2023-09-29,30.44910
2023-10-03,30.44950
2023-10-04,30.24580
2023-10-05,30.32050
2023-10-06,30.44630
2023-10-09,30.22910
2023-10-10,30.51660
2023-10-11,30.65150
2023-10-12,30.64770
2023-10-13,30.64970
2023-10-16,30.58550
2023-10-17,30.73490
2023-10-18,30.56320
2023-10-19,30.51850
2023-10-20,30.41110
2023-10-23,29.94550
2023-10-25,29.69740
2023-10-26,29.31230
2023-10-27,29.69690
2023-10-30,29.68230
2023-10-31,29.62830
2023-11-01,29.56630
2023-11-02,29.87500
2023-11-03,30.10840
2023-11-06,30.42550
2023-11-07,30.46990
2023-11-08,30.52630
2023-11-09,30.40730
2023-11-10,30.43880
2023-11-13,30.45320
2023-11-15,30.84740
2023-11-16,30.99540
2023-11-17,31.05910
2023-11-20,31.08210
2023-11-21,31.19920
2023-11-22,31.26900
2023-11-23,31.20520
2023-11-24,31.26110
2023-11-28,31.33010
2023-11-29,31.60400
2023-11-30,31.80080
2023-12-01,31.94370
2023-12-04,32.46610
2023-12-05,32.57720
2023-12-06,32.58780
2023-12-07,32.57400
2023-12-08,32.59770
2023-12-11,32.70360
2023-12-12,32.56540
2023-12-13,32.59510
2023-12-14,33.00920
2023-12-15,33.18330
2023-12-18,33.14920
2023-12-19,33.16330
2023-12-20,32.60470
2023-12-21,32.82120
2023-12-22,33.06940
2023-12-26,33.20030
2023-12-27,33.44380
2023-12-28,33.62300
2023-12-29,33.78190
2024-01-01,33.79820
2024-01-02,33.65080
2024-01-03,33.48460
2024-01-04,33.87630
2024-01-05,34.01450
2024-01-08,33.66590
2024-01-09,33.73200
2024-01-10,33.74220
2024-01-11,33.82990
2024-01-12,34.05010
2024-01-15,34.26830
2024-01-16,34.15310
2024-01-17,33.63710
2024-01-18,33.43510
2024-01-19,33.70950
2024-01-23,33.03010
2024-01-24,33.39130
2024-01-25,33.16030
2024-01-29,33.41570
2024-01-30,33.18370
2024-01-31,33.61280
2024-02-01,33.59400
2024-02-02,33.71130
2024-02-05,33.59830
2024-02-06,33.89730
2024-02-07,33.90970
2024-02-08,33.58750
2024-02-09,33.50210
2024-02-12,33.04070
2024-02-13,33.06450
2024-02-14,33.07880
2024-02-15,33.25730
2024-02-16,33.45670
2024-02-19,33.62250
2024-02-20,33.66620
2024-02-21,33.48600
2024-02-22,33.68460
2024-02-23,33.73260
2024-02-26,33.56200
2024-02-27,33.64010
2024-02-28,33.30470
2024-02-29,33.41630
2024-03-01,33.74300
2024-03-04,33.75690
2024-03-05,33.64790
2024-03-06,33.62580
2024-03-07,33.78170
2024-03-11,33.60070
2024-03-12,33.53100
2024-03-13,32.89660
2024-03-14,33.25030
2024-03-15,33.17290
2024-03-18,33.12850
2024-03-19,32.81280
2024-03-20,32.82370
2024-03-21,33.24820
2024-03-22,33.35790
2024-03-26,33.39610
2024-03-27,33.55140
2024-03-28,33.83320
2024-03-31,33.82850
2024-04-01,34.07230
2024-04-02,34.16790
2024-04-03,34.24800
2024-04-04,34.35660
2024-04-05,34.42700
2024-04-08,34.70680
2024-04-09,34.73780
2024-04-10,34.85330
2024-04-12,34.63890
2024-04-15,34.24120
2024-04-16,34.02950
2024-04-18,33.89210
2024-04-19,34.04910
2024-04-22,34.36290
2024-04-23,34.58970
2024-04-24,34.78390
2024-04-25,34.92500
2024-04-26,34.86520
2024-04-29,35.13050
2024-04-30,35.24460
2024-05-02,35.33770
2024-05-03,35.10350
2024-05-06,35.13000
2024-05-07,34.87170
2024-05-08,34.92620
2024-05-09,34.43180
2024-05-10,34.70940
2024-05-13,34.83880
2024-05-14,34.88240
2024-05-15,34.90700
2024-05-16,35.29900
2024-05-17,35.62950
2024-05-21,35.63940
2024-05-22,35.77010
2024-05-23,36.19380
2024-05-24,36.27990
2024-05-27,36.28490
2024-05-28,36.13690
2024-05-29,35.89130
2024-05-30,35.47890
2024-05-31,35.53490
2024-06-03,36.45400
2024-06-04,34.83630
2024-06-05,36.20020
2024-06-06,36.53840
2024-06-07,37.18950
2024-06-10,37.32830
2024-06-11,37.40660
2024-06-12,37.57230
2024-06-13,37.79140
2024-06-14,38.01650
2024-06-18,38.41520
2024-06-19,38.26520
2024-06-20,38.29880
2024-06-21,38.15810
2024-06-24,38.34060
2024-06-25,38.47840
2024-06-26,38.67170
2024-06-27,38.86750
2024-06-28,38.72090
2024-07-01,39.00550
2024-07-02,38.84650
2024-07-03,39.14430
2024-07-04,39.19070
2024-07-05,39.22050
2024-07-08,39.32210
2024-07-09,39.52340
2024-07-10,39.50700
2024-07-11,39.42110
2024-07-12,39.57980
2024-07-15,39.61970
2024-07-16,39.69830
2024-07-18,39.80380
2024-07-19,39.26620
2024-07-22,39.44600
2024-07-23,39.37210
2024-07-24,39.37940
2024-07-25,39.32570
2024-07-26,39.82300
2024-07-29,39.96950
2024-07-30,40.12070
2024-07-31,40.30090
2024-08-01,40.32130
2024-08-02,39.87450
2024-08-05,38.86220
2024-08-06,38.75680
2024-08-07,39.29570
2024-08-08,39.06830
2024-08-09,39.33680
2024-08-12,39.44470
2024-08-13,39.11470
2024-08-14,39.00850
2024-08-16,39.72830
2024-08-19,39.71560
2024-08-20,39.91860
2024-08-21,40.12500
2024-08-22,40.34440
2024-08-23,40.20610
2024-08-26,40.48800
2024-08-27,40.63850
2024-08-28,40.83290
2024-08-29,40.87560
2024-08-30,41.05680
2024-09-02,41.18220
2024-09-03,41.17700
2024-09-04,41.17560
2024-09-05,41.24410
2024-09-06,40.86800
2024-09-09,40.92140
2024-09-10,41.19580
2024-09-11,41.03920
2024-09-12,41.51050
2024-09-13,41.51960
2024-09-16,41.48780
2024-09-17,41.54830
2024-09-18,41.44780
2024-09-19,41.64010
2024-09-20,42.10490
2024-09-23,42.27210
2024-09-24,42.33950
2024-09-25,42.28980
2024-09-26,42.41350
2024-09-27,42.34930
2024-09-30,41.96910
2024-10-01,41.99190
2024-10-03,41.23240
2024-10-04,40.82240
2024-10-07,40.33260
2024-10-08,40.76600
2024-10-09,41.07350
2024-10-10,40.96580
2024-10-11,40.93300
2024-10-14,40.99400
2024-10-15,41.08210
2024-10-16,40.97530
2024-10-17,40.47890
2024-10-18,40.50090
2024-10-21,40.14750
2024-10-22,39.63560
2024-10-23,39.77150
2024-10-24,39.68450
2024-10-25,39.22060
2024-10-28,39.21300
2024-10-29,39.33200
2024-10-30,39.20640
2024-10-31,39.00290
2024-11-04,38.69860
2024-11-05,39.02820
2024-11-06,39.53620
2024-11-07,39.18360
2024-11-08,38.95790
2024-11-11,38.87740
2024-11-12,38.45230
2024-11-13,37.88450
2024-11-14,37.84610
2024-11-18,37.66080
2024-11-19,37.83110
2024-11-21,37.64220
2024-11-22,38.34180
2024-11-25,38.76120
2024-11-26,38.92510
2024-11-27,39.15710
2024-11-28,38.81890
2024-11-29,39.05080
2024-12-02,39.29820
2024-12-03,39.56530
2024-12-04,39.73150
2024-12-05,40.01000
2024-12-06,40.01830
2024-12-09,39.91440
2024-12-10,40.02550
2024-12-11,40.09370
2024-12-12,39.93630
2024-12-13,40.10130
2024-12-16,40.15190
2024-12-17,39.68900
2024-12-18,39.44930
2024-12-19,39.16000
2024-12-20,38.51740
2024-12-23,38.60430
2024-12-24,38.58230
2024-12-26,38.61840
2024-12-27,38.72860
2024-12-30,38.51490
2024-12-31,38.48280
2025-01-01,38.61880
2025-01-02,39.24010
2025-01-03,39.08200
2025-01-06,38.49120
2025-01-07,38.56220
2025-01-08,38.39070
2025-01-09,38.13670
2025-01-10,37.75110
2025-01-13,36.70720
2025-01-14,37.02450
2025-01-15,37.15730
2025-01-16,37.38920
2025-01-17,37.20960
2025-01-20,37.26900
2025-01-21,36.62830
2025-01-22,36.54000
2025-01-23,36.96130
2025-01-24,36.60450
2025-01-27,35.90340
2025-01-28,36.09540
2025-01-29,36.59610
2025-01-30,36.62310
2025-01-31,36.95190
2025-02-03,37.20200
2025-02-04,37.48390
2025-02-05,37.51950
2025-02-06,37.24610
2025-02-07,37.25170
2025-02-10,36.79850
2025-02-11,36.18720
2025-02-12,36.07850
2025-02-13,36.13160
2025-02-14,35.80000
2025-02-17,35.74970
2025-02-18,35.79420
2025-02-19,35.92960
2025-02-20,35.99020
2025-02-21,35.76430
2025-02-24,35.33890
2025-02-25,35.35890
2025-02-27,35.17870
2025-02-28,34.38420
2025-03-03,34.51900
2025-03-04,34.44660
2025-03-05,34.92780
2025-03-06,35.18380
2025-03-07,35.13040
2025-03-10,34.95330
2025-03-11,34.97880
2025-03-12,34.86160
2025-03-13,34.72810
2025-03-17,34.95680
2025-03-18,35.50610
2025-03-19,35.71240
2025-03-20,35.99210
2025-03-21,36.27450
2025-03-24,36.64960
2025-03-25,36.65520
2025-03-26,36.38440
2025-03-27,36.58040
2025-03-28,36.50330
2025-03-31,36.49830
2025-04-01,36.02140
2025-04-02,36.40470
2025-04-03,36.28280
2025-04-04,35.71200
2025-04-07,34.65200
2025-04-08,35.25230
2025-04-09,35.09980
2025-04-11,35.65890
2025-04-15,36.51120
2025-04-16,36.73920
2025-04-17,37.16310
2025-04-21,37.58760
2025-04-22,37.68520
2025-04-23,37.89350
2025-04-24,37.72250
2025-04-25,37.25430
2025-04-28,37.58890
2025-04-29,37.66300
2025-04-30,37.63270
2025-05-02,37.49410
2025-05-05,37.82210
2025-05-06,37.55000
2025-05-07,37.77840
2025-05-08,37.45240
2025-05-09,37.08920
2025-05-12,38.41890
2025-05-13,38.18620
2025-05-14,38.42100
2025-05-15,38.84880
2025-05-16,38.98770
2025-05-19,39.01260
2025-05-20,38.50800
2025-05-21,38.84510
2025-05-22,38.62870
2025-05-23,38.93060
2025-05-26,39.11420
2025-05-27,38.95630
2025-05-28,38.88040
2025-05-29,38.96580
2025-05-30,38.79780
2025-06-02,38.78550
2025-06-03,38.55900
2025-06-04,38.80760
2025-06-05,38.96790
2025-06-06,39.41450
2025-06-09,39.58790
2025-06-10,39.54940
2025-06-11,39.58840
2025-06-12,39.15800
2025-06-13,38.98790
2025-06-16,39.36710
2025-06-17,39.16410
2025-06-18,39.16330
2025-06-19,38.92400
2025-06-20,39.41110
2025-06-23,39.35440
2025-06-24,39.45060
2025-06-25,39.84480
2025-06-26,40.22280
2025-06-27,40.31210
2025-06-30,40.19800
2025-07-01,40.17180
2025-07-02,40.04530
2025-07-03,40.06010
2025-07-04,40.16990
2025-07-07,40.09750
2025-07-08,40.14910
2025-07-09,40.09930
2025-07-10,39.88530
2025-07-11,39.58150
2025-07-14,39.52560
2025-07-15,39.73390
2025-07-16,39.76470
2025-07-17,39.69550
2025-07-18,39.46650
2025-07-21,39.66120
2025-07-22,39.61430
2025-07-23,39.74440
2025-07-24,39.44880
2025-07-25,39.05650
2025-07-28,38.77600
2025-07-29,38.99200
2025-07-30,39.08710
2025-07-31,38.90230
2025-08-01,38.46280
2025-08-04,38.71080
2025-08-05,38.56110
2025-08-06,38.32550
2025-08-07,38.44990
2025-08-08,38.03010
2025-08-11,38.27810
2025-08-12,38.20860
2025-08-13,38.42210
2025-08-14,38.43300
2025-08-18,38.96190
2025-08-19,39.22310
2025-08-20,39.41000
2025-08-21,39.42690
2025-08-22,39.16840
2025-08-25,39.30670
2025-08-26,38.83770
2025-08-28,38.44680
2025-08-29,38.31440
2025-09-01,38.74280
2025-09-02,38.71900
2025-09-03,38.85300
2025-09-04,38.90700
2025-09-05,38.93800
2025-09-08,39.03920
2025-09-09,39.21530
2025-09-10,39.40910
2025-09-11,39.38950
2025-09-12,39.52820
2025-09-15,39.51400
2025-09-16,39.83660
2025-09-17,39.93970
2025-09-18,40.06730
2025-09-19,39.97040
2025-09-22,39.77430
2025-09-23,39.67250
2025-09-24,39.45540
2025-09-25,39.18450
2025-09-26,38.64800
2025-09-30,38.62950
2025-10-01,38.86740
2025-10-03,39.01320
2025-10-06,39.31970
2025-10-07,39.38630
2025-10-08,39.24920
2025-10-09,39.40240
2025-10-10,39.53450
2025-10-13,39.44390
2025-10-14,39.26210
2025-10-15,39.58040
2025-10-16,39.96550
2025-10-17,40.00880
2025-10-20,40.12710
2025-10-23,40.31580
2025-10-24,40.17570
2025-10-27,40.37830
2025-10-28,40.30080
2025-10-29,40.47320
2025-10-30,40.22260
2025-10-31,39.89770
2025-11-03,40.07610
2025-11-04,39.94620
2025-11-06,39.67990
2025-11-07,39.64600
2025-11-10,39.82030
2025-11-11,39.92360
2025-11-12,40.12620
2025-11-13,40.03370
2025-11-14,40.04030
2025-11-17,40.16530
2025-11-18,39.95500
2025-11-19,40.14170
2025-11-20,40.29960
2025-11-21,39.97240
2025-11-24,39.88000
2025-11-25,39.86620
2025-11-26,40.30300
2025-11-27,40.28090
2025-11-28,40.23670
2025-12-01,40.24270
2025-12-02,40.12490
2025-12-03,40.03970
2025-12-04,40.16010
2025-12-05,40.34350
2025-12-08,39.93030
2025-12-09,39.84100
2025-12-10,39.75410
2025-12-11,39.95290
2025-12-12,40.20320
2025-12-15,40.17630
2025-12-16,39.90320
2025-12-17,39.83270
2025-12-18,39.80390
2025-12-19,40.03210
2025-12-22,40.29250
2025-12-23,40.30410
2025-12-24,40.23640
2025-12-26,40.08200
2025-12-29,39.96600
2025-12-30,39.94930
2025-12-31,40.23220
2026-01-01,40.34990
2026-01-02,40.65100
2026-01-05,40.54030
2026-01-06,40.54600
2026-01-07,40.49970
2026-01-08,40.09030
2026-01-09,39.73630
2026-01-12,39.77270
2026-01-13,39.74300
2026-01-14,39.58860
2026-01-16,39.73810
2026-01-19,39.65850
2026-01-20,39.03650
2026-01-21,38.86460
2026-01-22,39.06020
2026-01-23,38.56580
2026-01-27,38.66160
2026-01-28,38.91610
2026-01-29,38.94950
2026-01-30,38.84870
2026-02-02,38.56010
2026-02-03,39.46500
2026-02-04,39.46870
2026-02-05,39.31580
2026-02-06,39.38610
2026-02-09,39.79450
2026-02-10,39.91490
2026-02-11,39.99170
2026-02-12,39.68750
2026-02-13,39.28650
2026-02-16,39.52180
2026-02-17,39.60570
2026-02-18,39.74320
2026-02-19,39.20560
2026-02-20,39.29840
2026-02-23,39.51850
2026-02-24,39.09890
2026-02-25,39.29220
2026-02-26,39.35550
2026-02-27,38.90080
2026-03-02,38.43260
2026-03-04,37.82320
2026-03-05,38.16270
2026-03-06,37.75310
2026-03-09,37.06840
2026-03-10,37.43070
2026-03-11,36.87540
2026-03-12,36.57020
2026-03-13,35.86090
2026-03-16,36.03380
2026-03-17,36.32880
2026-03-18,36.76430
2026-03-19,35.59690
2026-03-20,35.63490
2026-03-23,34.64820
2026-03-24,35.27510
2026-03-25,35.93490
2026-03-27,35.22810
2026-03-30,34.40880
2026-03-31,34.40710
2026-04-01,35.01100
2026-04-02,35.10840
2026-04-06,35.52350
2026-04-07,35.69640
2026-04-08,37.04740
2026-04-09,36.81760
2026-04-10,37.30370
2026-04-13,37.06410
2026-04-15,37.70970
2026-04-16,37.74020
2026-04-17,38.03110
2026-04-20,37.98300
2026-04-21,38.29950
2026-04-22,38.16560
2026-04-23,37.73940
2026-04-24,37.30350
2026-04-27,37.62800
2026-04-28,37.47670
2026-04-29,37.65000
2026-04-30,37.38660
2026-05-04,37.55920
2026-05-05,37.41380
2026-05-06,38.06970
2026-05-07,38.21680
2026-05-08,38.07300
2026-05-11,37.64920
2026-05-12,36.88910
2026-05-13,36.82020
2026-05-14,37.17360
2026-05-15,37.11790
2026-05-18,37.03970
2026-05-19,37.15970
2026-05-20,37.16720
2026-05-21,37.09980
2026-05-22,37.25940
2026-05-25,37.70270
2026-05-26,37.61070
2026-05-27,37.65180
2026-05-29,37.12610
2026-06-01,36.88500
2026-06-02,37.03830
2026-06-03,36.90940
2026-06-04,36.94570
2026-06-05,36.92470
2026-06-08,36.58020
2026-06-09,36.91040
2026-06-10,36.83050
2026-06-11,36.68360
2026-06-12,37.37500
2026-06-15,37.84450
2026-06-16,38.12340
2026-06-17,38.33700
2026-06-18,38.41640
2026-06-19,38.32970
2026-06-22,38.54610
2026-06-23,38.18740
2026-06-24,38.46870
2026-06-25,38.35610
2026-06-29,38.12870
2026-06-30,38.09780
2026-07-01,38.20810
2026-07-02,38.47790
2026-07-03,38.55940
2026-07-06,38.83070
2026-07-07,38.93210
2026-07-08,38.13650
2026-07-09,38.42580
2026-07-10,38.85440
2026-07-13,38.85980
2026-07-14,38.62670
2026-07-15,38.74860
2026-07-16,38.66940
2026-07-17,38.89230
2026-07-20,38.73100
2026-07-21,38.70880
2026-07-22,38.33270
2026-07-23,38.07690
2026-07-24,37.95630
2026-07-27,38.42800
2026-07-28,38.39050
2026-07-29,38.71210
2026-07-30,38.73540
2026-07-31,38.93610
2026-08-03,39.52600
2026-08-04,39.29560
2026-08-05,39.39510
2026-08-06,39.37800
2026-08-07,39.22650
2026-08-10,39.40270
2026-08-11,39.31630
2026-08-12,39.18200
2026-08-13,39.14540
2026-08-14,39.14280
2026-08-17,39.09670
2026-08-18,38.98560
2026-08-19,38.86470
2026-08-20,39.12280
2026-08-21,39.12760
2026-08-24,39.04060
2026-08-25,39.14170
2026-08-26,38.95980
2026-08-27,38.83630
2026-08-28,38.88220
2026-08-31,38.74510
2026-09-01,38.60020
2026-09-02,38.35700
2026-09-03,38.45430
2026-09-04,38.41080
2026-09-07,38.20040
2026-09-08,38.06310
2026-09-09,37.73220
2026-09-10,37.74310
