Date,NAV
2006-05-01,10.28120
2006-06-04,10.30000
2006-06-18,10.30820
2006-06-19,10.30820
2006-06-20,10.30340
2006-06-21,10.30510
2006-06-22,10.30690
2006-06-23,10.30860
2006-06-25,10.31220
2006-06-26,10.31390
2006-06-27,10.30410
2006-06-28,10.30580
2006-06-29,10.30760
2006-06-30,10.30950
2006-07-02,10.31310
2006-07-03,10.31480
2006-07-04,10.30570
2006-07-05,10.30740
2006-07-06,10.30920
2006-07-07,10.31100
2006-07-09,10.31460
2006-07-10,10.31640
2006-07-11,10.30680
2006-07-12,10.30860
2006-07-13,10.31030
2006-07-14,10.31210
2006-07-16,10.31570
2006-07-17,10.31750
2006-07-18,10.30710
2006-07-19,10.30900
2006-07-20,10.31080
2006-07-21,10.31260
2006-07-23,10.31620
2006-07-24,10.31800
2006-07-25,10.30830
2006-07-26,10.31010
2006-07-27,10.31190
2006-07-28,10.31370
2006-07-30,10.31730
2006-07-31,10.31910
2006-08-01,10.30980
2006-08-02,10.31190
2006-08-03,10.31370
2006-08-04,10.31560
2006-08-06,10.31930
2006-08-07,10.32110
2006-08-08,10.31100
2006-08-09,10.31290
2006-08-10,10.31480
2006-08-11,10.31660
2006-08-13,10.32020
2006-08-14,10.32200
2006-08-15,10.31140
2006-08-16,10.31320
2006-08-17,10.31520
2006-08-18,10.31710
2006-08-20,10.32080
2006-08-21,10.32260
2006-08-22,10.31210
2006-08-23,10.31400
2006-08-24,10.31580
2006-08-25,10.31770
2006-08-27,10.32130
2006-08-28,10.32310
2006-08-29,10.31220
2006-08-30,10.31410
2006-08-31,10.31590
2006-09-01,10.31770
2006-09-03,10.32140
2006-09-04,10.32320
2006-09-05,10.31220
2006-09-06,10.31410
2006-09-07,10.31600
2006-09-08,10.31780
2006-09-10,10.32150
2006-09-11,10.32330
2006-09-12,10.31200
2006-09-13,10.31390
2006-09-14,10.31570
2006-09-15,10.31770
2006-09-17,10.32140
2006-09-18,10.32320
2006-09-19,10.31220
2006-09-20,10.31410
2006-09-21,10.31610
2006-09-22,10.31790
2006-09-24,10.32170
2006-09-25,10.32370
2006-09-26,10.31210
2006-09-27,10.31410
2006-09-28,10.31600
2006-09-29,10.31820
2006-10-02,10.32390
2006-10-03,10.32590
2006-10-04,10.31220
2006-10-05,10.31410
2006-10-06,10.31610
2006-10-08,10.31990
2006-10-09,10.32190
2006-10-10,10.31220
2006-10-11,10.31420
2006-10-12,10.31620
2006-10-13,10.31810
2006-10-15,10.32200
2006-10-16,10.32400
2006-10-17,10.31230
2006-10-18,10.31420
2006-10-19,10.31620
2006-10-20,10.31820
2006-10-21,10.32210
2006-10-22,10.32210
2006-10-23,10.32410
2006-10-25,10.31430
2006-10-26,10.31630
2006-10-27,10.31830
2006-10-29,10.32220
2006-10-30,10.32410
2006-10-31,10.31230
2006-11-01,10.31430
2006-11-02,10.31630
2006-11-03,10.31820
2006-11-05,10.32220
2006-11-06,10.32420
2006-11-07,10.31230
2006-11-08,10.31430
2006-11-09,10.31630
2006-11-10,10.31830
2006-11-12,10.32230
2006-11-13,10.32430
2006-11-14,10.31230
2006-11-15,10.31420
2006-11-16,10.31620
2006-11-17,10.31820
2006-11-19,10.32220
2006-11-20,10.32420
2006-11-21,10.31220
2006-11-22,10.31420
2006-11-23,10.31620
2006-11-24,10.31810
2006-11-26,10.32200
2006-11-27,10.32390
2006-11-28,10.31220
2006-11-29,10.31420
2006-11-30,10.31630
2006-12-01,10.31820
2006-12-03,10.32220
2006-12-04,10.32410
2006-12-05,10.31220
2006-12-06,10.31420
2006-12-07,10.31630
2006-12-08,10.31830
2006-12-10,10.32230
2006-12-11,10.32430
2006-12-12,10.31220
2006-12-13,10.31430
2006-12-14,10.31630
2006-12-15,10.31840
2006-12-17,10.32260
2006-12-18,10.32450
2006-12-19,10.31230
2006-12-20,10.31430
2006-12-21,10.31630
2006-12-22,10.31830
2006-12-25,10.32480
2006-12-26,10.32690
2006-12-27,10.31230
2006-12-28,10.31430
2006-12-29,10.31650
2007-01-01,10.32330
2007-01-02,10.32560
2007-01-03,10.31250
2007-01-04,10.31460
2007-01-05,10.31680
2007-01-07,10.32110
2007-01-08,10.32330
2007-01-09,10.31250
2007-01-10,10.31470
2007-01-11,10.31690
2007-01-12,10.31910
2007-01-14,10.32360
2007-01-15,10.32590
2007-01-16,10.31240
2007-01-17,10.31460
2007-01-18,10.31690
2007-01-19,10.31910
2007-01-20,10.32360
2007-01-21,10.32360
2007-01-22,10.32570
2007-01-23,10.31250
2007-01-24,10.31470
2007-01-25,10.31690
2007-01-26,10.31910
2007-01-28,10.32360
2007-01-29,10.32570
2007-01-30,10.31260
2007-01-31,10.31480
2007-02-01,10.31710
2007-02-02,10.31930
2007-02-04,10.32380
2007-02-05,10.32590
2007-02-06,10.31240
2007-02-07,10.31460
2007-02-08,10.31680
2007-02-09,10.31900
2007-02-11,10.32340
2007-02-12,10.32560
2007-02-13,10.31250
2007-02-14,10.31470
2007-02-15,10.31690
2007-02-16,10.31950
2007-02-18,10.32420
2007-02-19,10.32640
2007-02-20,10.31240
2007-02-21,10.31460
2007-02-22,10.31670
2007-02-23,10.31890
2007-02-25,10.32340
2007-02-26,10.32550
2007-02-27,10.31250
2007-02-28,10.31470
2007-03-01,10.31680
2007-03-02,10.31900
2007-03-04,10.32350
2007-03-05,10.32560
2007-03-06,10.31250
2007-03-07,10.31470
2007-03-08,10.31680
2007-03-09,10.31890
2007-03-11,10.32320
2007-03-12,10.32550
2007-03-13,10.31260
2007-03-14,10.31490
2007-03-15,10.31710
2007-03-16,10.31970
2007-03-19,10.32710
2007-03-20,10.31320
2007-03-21,10.31610
2007-03-22,10.31920
2007-03-23,10.32190
2007-03-25,10.32710
2007-03-26,10.32990
2007-03-27,10.31300
2007-03-28,10.31590
2007-03-29,10.31850
2007-03-30,10.32200
2007-04-02,10.33280
2007-04-03,10.31410
2007-04-04,10.31690
2007-04-05,10.31970
2007-04-06,10.32220
2007-04-08,10.32720
2007-04-09,10.32980
2007-04-10,10.31280
2007-04-11,10.31510
2007-04-12,10.31730
2007-04-13,10.31940
2007-04-15,10.32410
2007-04-16,10.32650
2007-04-17,10.31290
2007-04-18,10.31560
2007-04-19,10.31810
2007-04-20,10.32070
2007-04-22,10.32600
2007-04-23,10.32850
2007-04-24,10.31300
2007-04-25,10.31570
2007-04-26,10.31830
2007-04-27,10.32080
2007-04-29,10.32610
2007-04-30,10.32870
2007-05-02,10.31570
2007-05-03,10.31830
2007-05-04,10.32090
2007-05-06,10.32610
2007-05-07,10.32860
2007-05-08,10.31250
2007-05-09,10.31460
2007-05-10,10.31660
2007-05-11,10.31880
2007-05-13,10.32350
2007-05-14,10.32610
2007-05-15,10.31290
2007-05-16,10.31540
2007-05-17,10.31800
2007-05-18,10.32050
2007-05-20,10.32560
2007-05-21,10.32810
2007-05-22,10.31270
2007-05-23,10.31520
2007-05-24,10.31760
2007-05-25,10.32010
2007-05-27,10.32500
2007-05-28,10.32720
2007-05-29,10.31250
2007-05-30,10.31420
2007-05-31,10.31580
2007-06-01,10.31730
2007-06-03,10.32050
2007-06-04,10.32180
2007-06-05,10.31150
2007-06-06,10.31280
2007-06-07,10.31400
2007-06-08,10.31520
2007-06-10,10.31810
2007-06-11,10.31960
2007-06-12,10.31190
2007-06-13,10.31350
2007-06-14,10.31510
2007-06-15,10.31670
2007-06-17,10.31990
2007-06-18,10.32160
2007-06-19,10.31200
2007-06-20,10.31360
2007-06-21,10.31510
2007-06-22,10.31670
2007-06-24,10.32030
2007-06-25,10.32210
2007-06-26,10.31240
2007-06-27,10.31450
2007-06-28,10.31660
2007-06-29,10.32000
2007-07-02,10.32740
2007-07-03,10.31240
2007-07-04,10.31470
2007-07-05,10.31650
2007-07-06,10.31820
2007-07-08,10.32190
2007-07-09,10.32390
2007-07-10,10.31200
2007-07-11,10.31380
2007-07-12,10.31570
2007-07-13,10.31740
2007-07-15,10.32110
2007-07-16,10.32300
2007-07-17,10.31200
2007-07-18,10.31390
2007-07-19,10.31560
2007-07-20,10.31740
2007-07-22,10.32060
2007-07-23,10.32240
2007-07-24,10.31210
2007-07-25,10.31380
2007-07-26,10.31540
2007-07-27,10.31710
2007-07-29,10.32050
2007-07-30,10.32240
2007-07-31,10.31200
2007-08-01,10.31380
2007-08-02,10.31560
2007-08-03,10.31740
2007-08-05,10.32080
2007-08-06,10.32290
2007-08-07,10.31230
2007-08-08,10.31430
2007-08-09,10.31630
2007-08-10,10.31840
2007-08-12,10.32300
2007-08-13,10.32510
2007-08-14,10.31280
2007-08-15,10.31510
2007-08-16,10.31710
2007-08-17,10.31920
2007-08-20,10.32590
2007-08-21,10.31240
2007-08-22,10.31450
2007-08-23,10.31670
2007-08-24,10.31890
2007-08-26,10.32310
2007-08-27,10.32530
2007-08-28,10.31240
2007-08-29,10.31460
2007-08-30,10.31680
2007-08-31,10.31890
2007-09-02,10.32310
2007-09-03,10.32510
2007-09-04,10.31270
2007-09-05,10.31480
2007-09-06,10.31680
2007-09-07,10.31900
2007-09-09,10.32320
2007-09-10,10.32530
2007-09-11,10.31240
2007-09-12,10.31460
2007-09-13,10.31670
2007-09-14,10.31890
2007-09-16,10.32330
2007-09-17,10.32540
2007-09-18,10.31240
2007-09-19,10.31460
2007-09-20,10.31680
2007-09-21,10.31900
2007-09-23,10.32350
2007-09-24,10.32570
2007-09-25,10.31250
2007-09-26,10.31490
2007-09-27,10.31700
2007-09-28,10.31930
2007-09-30,10.32400
2007-10-01,10.32620
2007-10-02,10.32840
2007-10-03,10.31470
2007-10-04,10.31680
2007-10-05,10.31900
2007-10-07,10.32340
2007-10-08,10.32560
2007-10-09,10.31240
2007-10-10,10.31450
2007-10-11,10.31670
2007-10-12,10.31880
2007-10-14,10.32300
2007-10-15,10.32500
2007-10-16,10.31240
2007-10-17,10.31470
2007-10-18,10.31680
2007-10-19,10.31900
2007-10-21,10.32310
2007-10-22,10.32520
2007-10-23,10.31240
2007-10-24,10.31460
2007-10-25,10.31700
2007-10-26,10.31900
2007-10-28,10.32320
2007-10-29,10.32540
2007-10-30,10.31240
2007-10-31,10.31450
2007-11-01,10.31670
2007-11-02,10.31880
2007-11-04,10.32300
2007-11-05,10.32520
2007-11-06,10.31240
2007-11-07,10.31450
2007-11-08,10.31670
2007-11-11,10.32330
2007-11-12,10.32540
2007-11-13,10.31250
2007-11-14,10.31490
2007-11-15,10.31710
2007-11-16,10.31950
2007-11-18,10.32400
2007-11-19,10.32630
2007-11-20,10.31240
2007-11-21,10.31470
2007-11-22,10.31700
2007-11-23,10.31950
2007-11-25,10.32390
2007-11-26,10.32620
2007-11-27,10.31250
2007-11-28,10.31510
2007-11-29,10.31740
2007-11-30,10.31970
2007-12-02,10.32420
2007-12-03,10.32660
2007-12-04,10.31260
2007-12-05,10.31500
2007-12-06,10.31720
2007-12-07,10.31940
2007-12-09,10.32360
2007-12-10,10.32580
2007-12-11,10.31250
2007-12-12,10.31480
2007-12-13,10.31710
2007-12-14,10.31940
2007-12-16,10.32380
2007-12-17,10.32620
2007-12-18,10.31260
2007-12-19,10.31500
2007-12-20,10.31740
2007-12-21,10.31980
2007-12-23,10.32440
2007-12-24,10.32680
2007-12-25,10.31250
2007-12-26,10.31490
2007-12-27,10.31720
2007-12-28,10.31960
2007-12-30,10.32430
2007-12-31,10.32670
2008-01-01,10.31270
2008-01-02,10.31480
2008-01-03,10.31710
2008-01-04,10.31940
2008-01-06,10.32370
2008-01-07,10.32590
2008-01-08,10.31240
2008-01-09,10.31470
2008-01-10,10.31690
2008-01-11,10.31900
2008-01-13,10.32330
2008-01-14,10.32540
2008-01-15,10.31260
2008-01-16,10.31470
2008-01-17,10.31680
2008-01-18,10.31890
2008-01-19,10.32350
2008-01-20,10.32350
2008-01-21,10.32570
2008-01-22,10.31250
2008-01-23,10.31470
2008-01-24,10.31710
2008-01-25,10.31930
2008-01-27,10.32420
2008-01-28,10.32660
2008-01-29,10.31270
2008-01-30,10.31490
2008-01-31,10.31750
2008-02-01,10.31990
2008-02-03,10.32490
2008-02-04,10.32720
2008-02-05,10.31230
2008-02-06,10.31430
2008-02-07,10.31650
2008-02-08,10.31870
2008-02-10,10.32330
2008-02-11,10.32550
2008-02-12,10.31260
2008-02-13,10.31480
2008-02-14,10.31700
2008-02-15,10.31930
2008-02-17,10.32400
2008-02-18,10.32630
2008-02-19,10.31250
2008-02-20,10.31480
2008-02-21,10.31710
2008-02-22,10.31950
2008-02-24,10.32430
2008-02-25,10.32660
2008-02-26,10.31250
2008-02-27,10.31480
2008-02-28,10.31710
2008-02-29,10.31950
2008-03-02,10.32400
2008-03-03,10.32630
2008-03-04,10.31250
2008-03-05,10.31480
2008-03-06,10.31690
2008-03-07,10.31910
2008-03-09,10.32340
2008-03-10,10.32560
2008-03-11,10.31240
2008-03-12,10.31460
2008-03-13,10.31680
2008-03-14,10.31900
2008-03-16,10.32380
2008-03-17,10.32610
2008-03-18,10.31280
2008-03-19,10.31510
2008-03-23,10.32540
2008-03-24,10.32780
2008-03-25,10.31270
2008-03-26,10.31520
2008-03-27,10.31780
2008-03-28,10.32020
2008-03-30,10.32550
2008-03-31,10.32800
2008-04-01,10.31290
2008-04-02,10.31540
2008-04-03,10.31790
2008-04-04,10.32030
2008-04-06,10.32500
2008-04-07,10.32700
2008-04-08,10.31250
2008-04-09,10.31450
2008-04-10,10.31670
2008-04-11,10.31900
2008-04-13,10.32590
2008-04-14,10.32590
2008-04-15,10.32810
2008-04-16,10.31260
2008-04-17,10.31490
2008-04-20,10.32180
2008-04-21,10.32410
2008-04-22,10.31250
2008-04-23,10.31470
2008-04-24,10.31690
2008-04-25,10.31920
2008-04-27,10.32410
2008-04-28,10.32630
2008-04-29,10.31260
2008-04-30,10.31490
2008-05-01,10.31730
2008-05-02,10.31960
2008-05-04,10.32440
2008-05-05,10.32650
2008-05-06,10.31260
2008-05-07,10.31480
2008-05-08,10.31700
2008-05-09,10.31920
2008-05-11,10.32370
2008-05-12,10.32590
2008-05-13,10.31250
2008-05-14,10.31490
2008-05-15,10.31730
2008-05-16,10.31960
2008-05-19,10.32670
2008-05-20,10.32910
2008-05-21,10.31250
2008-05-22,10.31470
2008-05-23,10.31710
2008-05-25,10.32180
2008-05-26,10.32420
2008-05-27,10.31260
2008-05-28,10.31490
2008-05-29,10.31730
2008-05-30,10.31980
2008-06-01,10.32470
2008-06-02,10.32710
2008-06-03,10.31250
2008-06-04,10.31480
2008-06-05,10.31710
2008-06-06,10.31940
2008-06-08,10.32400
2008-06-09,10.32640
2008-06-10,10.31270
2008-06-11,10.31500
2008-06-12,10.31750
2008-06-13,10.31980
2008-06-15,10.32470
2008-06-16,10.32700
2008-06-17,10.31260
2008-06-18,10.31510
2008-06-19,10.31750
2008-06-20,10.31980
2008-06-22,10.32470
2008-06-23,10.32710
2008-06-24,10.31260
2008-06-25,10.31490
2008-06-26,10.31750
2008-06-27,10.32000
2008-06-29,10.32530
2008-06-30,10.32760
2008-07-01,10.31270
2008-07-02,10.31520
2008-07-03,10.31740
2008-07-04,10.31950
2008-07-06,10.32460
2008-07-07,10.32690
2008-07-08,10.31270
2008-07-09,10.31530
2008-07-10,10.31780
2008-07-11,10.32020
2008-07-13,10.32530
2008-07-14,10.32770
2008-07-15,10.31280
2008-07-16,10.31520
2008-07-17,10.31780
2008-07-18,10.32020
2008-07-20,10.32550
2008-07-21,10.32790
2008-07-22,10.31280
2008-07-23,10.31540
2008-07-24,10.31790
2008-07-25,10.32040
2008-07-27,10.32570
2008-07-28,10.32810
2008-07-29,10.31270
2008-07-30,10.31530
2008-07-31,10.31770
2008-08-01,10.31990
2008-08-03,10.32500
2008-08-04,10.32760
2008-08-05,10.31280
2008-08-06,10.31540
2008-08-07,10.31800
2008-08-08,10.32060
2008-08-10,10.32590
2008-08-11,10.32850
2008-08-12,10.31290
2008-08-13,10.31550
2008-08-14,10.31810
2008-08-17,10.32600
2008-08-18,10.32840
2008-08-19,10.31290
2008-08-20,10.31540
2008-08-21,10.31800
2008-08-22,10.32060
2008-08-24,10.32570
2008-08-25,10.32820
2008-08-26,10.31300
2008-08-27,10.31550
2008-08-28,10.31780
2008-08-29,10.32030
2008-08-31,10.32560
2008-09-01,10.32800
2008-09-02,10.31290
2008-09-03,10.31540
2008-09-04,10.31800
2008-09-05,10.32050
2008-09-07,10.32550
2008-09-08,10.32800
2008-09-09,10.31300
2008-09-10,10.31550
2008-09-11,10.31810
2008-09-12,10.32040
2008-09-14,10.32560
2008-09-15,10.32820
2008-09-16,10.31300
2008-09-17,10.31560
2008-09-18,10.31820
2008-09-19,10.32080
2008-09-21,10.32610
2008-09-22,10.32890
2008-09-23,10.31290
2008-09-24,10.31550
2008-09-25,10.31810
2008-09-26,10.32080
2008-09-28,10.32620
2008-09-29,10.32890
2008-09-30,10.31310
2008-10-01,10.31590
2008-10-02,10.31870
2008-10-03,10.32150
2008-10-05,10.32680
2008-10-06,10.32940
2008-10-07,10.31290
2008-10-08,10.31550
2008-10-09,10.31830
2008-10-10,10.32110
2008-10-12,10.32640
2008-10-13,10.32900
2008-10-14,10.31280
2008-10-15,10.31560
2008-10-16,10.31810
2008-10-17,10.32060
2008-10-19,10.32620
2008-10-20,10.32870
2008-10-21,10.31290
2008-10-22,10.31540
2008-10-23,10.31760
2008-10-24,10.31980
2008-10-26,10.32430
2008-10-27,10.32680
2008-10-28,10.31270
2008-10-29,10.31530
2008-10-30,10.31790
2008-10-31,10.32050
2008-11-02,10.32590
2008-11-03,10.32840
2008-11-04,10.31270
2008-11-05,10.31500
2008-11-06,10.31760
2008-11-07,10.31990
2008-11-09,10.32450
2008-11-10,10.32680
2008-11-11,10.31290
2008-11-12,10.31540
2008-11-13,10.31780
2008-11-14,10.32030
2008-11-16,10.32500
2008-11-17,10.32750
2008-11-18,10.31260
2008-11-19,10.31510
2008-11-20,10.31740
2008-11-21,10.31990
2008-11-23,10.32450
2008-11-24,10.32670
2008-11-25,10.31260
2008-11-26,10.31480
2008-11-27,10.31700
2008-11-28,10.31930
2008-11-30,10.32400
2008-12-01,10.32620
2008-12-02,10.31260
2008-12-03,10.31490
2008-12-04,10.31720
2008-12-05,10.31950
2008-12-07,10.32390
2008-12-08,10.32600
2008-12-09,10.31240
2008-12-10,10.31460
2008-12-11,10.31660
2008-12-12,10.31890
2008-12-14,10.32340
2008-12-15,10.32570
2008-12-16,10.31260
2008-12-17,10.31490
2008-12-18,10.31720
2008-12-19,10.31950
2008-12-21,10.32390
2008-12-22,10.32620
2008-12-23,10.31270
2008-12-24,10.31490
2008-12-25,10.31720
2008-12-26,10.31950
2008-12-28,10.32400
2008-12-29,10.32630
2008-12-30,10.31250
2008-12-31,10.31480
2009-01-01,10.31700
2009-01-02,10.31940
2009-01-04,10.32400
2009-01-05,10.32630
2009-01-06,10.31250
2009-01-07,10.31460
2009-01-08,10.31670
2009-01-09,10.31870
2009-01-11,10.32300
2009-01-12,10.32510
2009-01-13,10.31230
2009-01-14,10.31440
2009-01-15,10.31650
2009-01-16,10.31850
2009-01-18,10.32300
2009-01-19,10.32500
2009-01-20,10.31240
2009-01-21,10.31450
2009-01-22,10.31660
2009-01-23,10.31850
2009-01-26,10.32530
2009-01-27,10.32730
2009-01-28,10.31220
2009-01-29,10.31430
2009-01-30,10.31620
2009-02-01,10.32050
2009-02-02,10.32240
2009-02-03,10.31230
2009-02-04,10.31450
2009-02-05,10.31640
2009-02-06,10.31840
2009-02-08,10.32250
2009-02-09,10.32440
2009-02-10,10.31230
2009-02-11,10.31430
2009-02-12,10.31630
2009-02-13,10.31830
2009-02-15,10.32200
2009-02-16,10.32400
2009-02-17,10.31230
2009-02-18,10.31420
2009-02-19,10.31620
2009-02-20,10.31820
2009-02-23,10.32410
2009-02-24,10.32610
2009-02-25,10.31220
2009-02-26,10.31420
2009-02-27,10.31610
2009-03-01,10.32020
2009-03-02,10.32210
2009-03-03,10.31230
2009-03-04,10.31420
2009-03-05,10.31600
2009-03-06,10.31770
2009-03-08,10.32130
2009-03-09,10.32310
2009-03-11,10.31380
2009-03-12,10.31570
2009-03-13,10.31740
2009-03-15,10.32060
2009-03-16,10.32240
2009-03-17,10.31210
2009-03-18,10.31390
2009-03-19,10.31570
2009-03-20,10.31750
2009-03-22,10.32120
2009-03-23,10.32300
2009-03-24,10.31210
2009-03-25,10.31370
2009-03-26,10.31550
2009-03-27,10.31730
2009-03-29,10.32080
2009-03-30,10.32280
2009-03-31,10.31250
2009-04-01,10.31470
2009-04-02,10.31640
2009-04-03,10.31820
2009-04-05,10.32190
2009-04-06,10.32350
2009-04-07,10.31210
2009-04-08,10.31360
2009-04-09,10.31490
2009-04-10,10.31640
2009-04-12,10.31930
2009-04-13,10.32080
2009-04-14,10.31180
2009-04-15,10.31320
2009-04-16,10.31470
2009-04-17,10.31620
2009-04-19,10.31950
2009-04-20,10.32100
2009-04-21,10.31190
2009-04-22,10.31340
2009-04-23,10.31500
2009-04-24,10.31650
2009-04-26,10.31970
2009-04-27,10.32120
2009-04-28,10.31170
2009-04-29,10.31320
2009-05-01,10.31640
2009-05-03,10.31960
2009-05-04,10.32100
2009-05-05,10.31180
2009-05-06,10.31320
2009-05-07,10.31470
2009-05-08,10.31610
2009-05-10,10.31860
2009-05-11,10.32000
2009-05-12,10.31150
2009-05-13,10.31290
2009-05-14,10.31430
2009-05-15,10.31560
2009-05-17,10.31800
2009-05-18,10.31940
2009-05-19,10.31150
2009-05-20,10.31280
2009-05-21,10.31420
2009-05-22,10.31560
2009-05-24,10.31830
2009-05-25,10.31970
2009-05-26,10.31170
2009-05-27,10.31310
2009-05-28,10.31440
2009-05-29,10.31580
2009-05-31,10.31840
2009-06-01,10.31980
2009-06-02,10.31170
2009-06-03,10.31300
2009-06-04,10.31440
2009-06-05,10.31580
2009-06-07,10.31820
2009-06-08,10.31960
2009-06-09,10.31170
2009-06-10,10.31300
2009-06-11,10.31440
2009-06-12,10.31580
2009-06-14,10.31820
2009-06-15,10.31960
2009-06-16,10.31170
2009-06-17,10.31310
2009-06-18,10.31440
2009-06-19,10.31570
2009-06-21,10.31830
2009-06-22,10.31970
2009-06-23,10.31170
2009-06-24,10.31310
2009-06-25,10.31460
2009-06-26,10.31600
2009-06-28,10.31920
2009-06-29,10.32080
2009-06-30,10.31170
2009-07-01,10.31350
2009-07-02,10.31470
2009-07-03,10.31600
2009-07-05,10.31840
2009-07-06,10.31980
2009-07-07,10.31170
2009-07-08,10.31290
2009-07-09,10.31420
2009-07-10,10.31560
2009-07-12,10.31820
2009-07-13,10.31950
2009-07-14,10.31150
2009-07-15,10.31290
2009-07-16,10.31430
2009-07-17,10.31560
2009-07-19,10.31840
2009-07-20,10.31980
2009-07-21,10.31160
2009-07-22,10.31340
2009-07-23,10.31470
2009-07-24,10.31590
2009-07-26,10.31850
2009-07-27,10.31980
2009-07-28,10.31170
2009-07-29,10.31310
2009-07-30,10.31450
2009-07-31,10.31570
2009-08-02,10.31820
2009-08-03,10.31950
2009-08-04,10.31140
2009-08-05,10.31260
2009-08-06,10.31380
2009-08-07,10.31510
2009-08-09,10.31760
2009-08-10,10.31880
2009-08-11,10.31160
2009-08-12,10.31290
2009-08-13,10.31410
2009-08-14,10.31510
2009-08-16,10.31730
2009-08-17,10.31870
2009-08-18,10.31170
2009-08-19,10.31310
2009-08-20,10.31430
2009-08-21,10.31550
2009-08-23,10.31800
2009-08-24,10.31910
2009-08-25,10.31140
2009-08-26,10.31290
2009-08-27,10.31410
2009-08-28,10.31570
2009-08-30,10.31790
2009-08-31,10.31910
2009-09-01,10.31140
2009-09-02,10.31250
2009-09-03,10.31360
2009-09-04,10.31470
2009-09-06,10.31700
2009-09-07,10.31810
2009-09-08,10.31150
2009-09-09,10.31270
2009-09-10,10.31380
2009-09-11,10.31480
2009-09-13,10.31690
2009-09-14,10.31810
2009-09-15,10.31140
2009-09-16,10.31250
2009-09-17,10.31360
2009-09-18,10.31480
2009-09-21,10.31840
2009-09-22,10.31960
2009-09-23,10.31160
2009-09-24,10.31280
2009-09-25,10.31420
2009-09-28,10.31750
2009-09-29,10.31860
2009-09-30,10.31160
2009-10-01,10.31270
2009-10-02,10.31400
2009-10-04,10.31660
2009-10-05,10.31790
2009-10-06,10.31140
2009-10-07,10.31260
2009-10-08,10.31370
2009-10-09,10.31510
2009-10-11,10.31760
2009-10-12,10.31880
2009-10-13,10.31160
2009-10-14,10.31310
2009-10-15,10.31420
2009-10-16,10.31540
2009-10-19,10.31900
2009-10-20,10.32010
2009-10-21,10.31150
2009-10-22,10.31270
2009-10-23,10.31390
2009-10-25,10.31640
2009-10-26,10.31750
2009-10-27,10.31150
2009-10-28,10.31260
2009-10-29,10.31380
2009-10-30,10.31490
2009-11-02,10.31890
2009-11-03,10.32030
2009-11-04,10.31150
2009-11-05,10.31260
2009-11-06,10.31360
2009-11-08,10.31570
2009-11-09,10.31700
2009-11-10,10.31140
2009-11-11,10.31260
2009-11-12,10.31370
2009-11-13,10.31490
2009-11-15,10.31720
2009-11-16,10.31880
2009-11-17,10.31140
2009-11-18,10.31250
2009-11-19,10.31360
2009-11-20,10.31460
2009-11-22,10.31670
2009-11-23,10.31780
2009-11-24,10.31140
2009-11-25,10.31250
2009-11-26,10.31360
2009-11-27,10.31470
2009-11-29,10.31680
2009-11-30,10.31790
2009-12-01,10.31150
2009-12-02,10.31260
2009-12-03,10.31360
2009-12-04,10.31450
2009-12-06,10.31660
2009-12-07,10.31770
2009-12-08,10.31130
2009-12-09,10.31320
2009-12-10,10.31430
2009-12-11,10.31540
2009-12-13,10.31760
2009-12-14,10.31860
2009-12-15,10.31130
2009-12-16,10.31230
2009-12-17,10.31320
2009-12-18,10.31430
2009-12-20,10.31650
2009-12-21,10.31760
2009-12-22,10.31130
2009-12-23,10.31240
2009-12-24,10.31350
2009-12-25,10.31470
2009-12-28,10.31820
2009-12-29,10.32010
2009-12-30,10.31190
2009-12-31,10.31300
2010-01-01,10.31390
2010-01-03,10.31600
2010-01-04,10.31730
2010-01-05,10.31120
2010-01-06,10.31230
2010-01-07,10.31330
2010-01-08,10.31430
2010-01-10,10.31630
2010-01-11,10.31730
2010-01-12,10.31130
2010-01-13,10.31220
2010-01-14,10.31320
2010-01-15,10.31420
2010-01-17,10.31620
2010-01-18,10.31720
2010-01-19,10.31120
2010-01-20,10.31220
2010-01-21,10.31320
2010-01-22,10.31420
2010-01-24,10.31620
2010-01-25,10.31720
2010-01-26,10.31130
2010-01-27,10.31230
2010-01-28,10.31330
2010-01-29,10.31410
2010-01-31,10.31620
2010-02-01,10.31720
2010-02-02,10.31130
2010-02-03,10.31230
2010-02-04,10.31340
2010-02-05,10.31440
2010-02-07,10.31640
2010-02-08,10.31740
2010-02-09,10.31140
2010-02-10,10.31240
2010-02-11,10.31340
2010-02-12,10.31440
2010-02-13,10.31440
2010-02-14,10.31640
2010-02-15,10.31740
2010-02-16,10.31130
2010-02-17,10.31240
2010-02-18,10.31330
2010-02-19,10.31440
2010-02-21,10.31640
2010-02-22,10.31740
2010-02-23,10.31130
2010-02-24,10.31240
2010-02-25,10.31330
2010-02-26,10.31430
2010-03-01,10.31730
2010-03-02,10.31820
2010-03-03,10.31130
2010-03-04,10.31240
2010-03-05,10.31340
2010-03-07,10.31550
2010-03-08,10.31650
2010-03-09,10.31130
2010-03-10,10.31240
2010-03-11,10.31340
2010-03-12,10.31450
2010-03-14,10.31660
2010-03-15,10.31780
2010-03-16,10.31150
2010-03-17,10.31250
2010-03-18,10.31350
2010-03-19,10.31450
2010-03-21,10.31700
2010-03-22,10.31810
2010-03-23,10.31150
2010-03-24,10.31270
2010-03-25,10.31400
2010-03-26,10.31510
2010-03-28,10.31740
2010-03-29,10.31880
2010-03-30,10.31160
2010-03-31,10.31330
2010-04-02,10.31600
2010-04-04,10.31910
2010-04-05,10.31990
2010-04-06,10.31140
2010-04-07,10.31260
2010-04-08,10.31380
2010-04-09,10.31480
2010-04-11,10.31710
2010-04-12,10.31820
2010-04-13,10.31140
2010-04-14,10.31260
2010-04-15,10.31380
2010-04-16,10.31500
2010-04-18,10.31740
2010-04-19,10.31860
2010-04-20,10.31150
2010-04-21,10.31270
2010-04-22,10.31390
2010-04-23,10.31510
2010-04-25,10.31750
2010-04-26,10.31870
2010-04-27,10.31150
2010-04-28,10.31280
2010-04-29,10.31410
2010-04-30,10.31530
2010-05-02,10.31760
2010-05-03,10.31880
2010-05-04,10.31150
2010-05-05,10.31280
2010-05-06,10.31400
2010-05-07,10.31530
2010-05-09,10.31780
2010-05-10,10.31900
2010-05-11,10.31170
2010-05-12,10.31300
2010-05-13,10.31430
2010-05-14,10.31560
2010-05-16,10.31830
2010-05-17,10.31950
2010-05-18,10.31170
2010-05-19,10.31290
2010-05-20,10.31420
2010-05-21,10.31540
2010-05-23,10.31770
2010-05-24,10.31900
2010-05-25,10.31170
2010-05-26,10.31280
2010-05-27,10.31400
2010-05-28,10.31530
2010-05-30,10.31790
2010-05-31,10.31920
2010-06-01,10.31150
2010-06-02,10.31290
2010-06-03,10.31420
2010-06-04,10.31550
2010-06-06,10.31810
2010-06-07,10.31950
2010-06-08,10.31160
2010-06-09,10.31290
2010-06-10,10.31430
2010-06-11,10.31550
2010-06-13,10.31820
2010-06-14,10.31950
2010-06-15,10.31160
2010-06-16,10.31290
2010-06-17,10.31420
2010-06-18,10.31560
2010-06-20,10.31820
2010-06-21,10.31950
2010-06-22,10.31170
2010-06-23,10.31300
2010-06-24,10.31440
2010-06-25,10.31570
2010-06-27,10.31850
2010-06-28,10.31980
2010-06-29,10.31180
2010-06-30,10.31330
2010-07-01,10.31480
2010-07-02,10.31620
2010-07-04,10.31910
2010-07-05,10.32060
2010-07-06,10.31170
2010-07-07,10.31320
2010-07-08,10.31470
2010-07-09,10.31620
2010-07-11,10.31910
2010-07-12,10.32060
2010-07-13,10.31170
2010-07-14,10.31320
2010-07-15,10.31470
2010-07-16,10.31610
2010-07-18,10.31900
2010-07-19,10.32050
2010-07-20,10.31170
2010-07-21,10.31320
2010-07-22,10.31470
2010-07-23,10.31620
2010-07-25,10.31920
2010-07-26,10.32070
2010-07-27,10.31180
2010-07-28,10.31320
2010-07-29,10.31450
2010-07-30,10.31590
2010-08-01,10.31880
2010-08-02,10.32030
2010-08-03,10.31190
2010-08-04,10.31330
2010-08-05,10.31470
2010-08-06,10.31610
2010-08-08,10.31900
2010-08-09,10.32040
2010-08-10,10.31190
2010-08-11,10.31340
2010-08-12,10.31490
2010-08-13,10.31630
2010-08-15,10.31940
2010-08-16,10.32090
2010-08-17,10.31180
2010-08-18,10.31340
2010-08-19,10.31490
2010-08-20,10.31650
2010-08-22,10.31950
2010-08-23,10.32110
2010-08-24,10.31170
2010-08-25,10.31310
2010-08-26,10.31450
2010-08-27,10.31600
2010-08-29,10.31880
2010-08-30,10.32030
2010-08-31,10.31180
2010-09-01,10.31320
2010-09-02,10.31460
2010-09-03,10.31600
2010-09-05,10.31880
2010-09-06,10.32020
2010-09-07,10.31170
2010-09-08,10.31310
2010-09-09,10.31460
2010-09-12,10.31930
2010-09-13,10.32090
2010-09-14,10.31190
2010-09-15,10.31340
2010-09-16,10.31500
2010-09-17,10.31660
2010-09-19,10.31980
2010-09-20,10.32120
2010-09-21,10.31200
2010-09-22,10.31360
2010-09-23,10.31530
2010-09-24,10.31700
2010-09-26,10.32030
2010-09-27,10.32190
2010-09-28,10.31210
2010-09-29,10.31380
2010-09-30,10.31550
2010-10-01,10.31730
2010-10-03,10.32080
2010-10-04,10.32250
2010-10-05,10.31200
2010-10-06,10.31370
2010-10-07,10.31550
2010-10-08,10.31720
2010-10-10,10.32070
2010-10-11,10.32250
2010-10-12,10.31210
2010-10-13,10.31390
2010-10-14,10.31570
2010-10-15,10.31740
2010-10-17,10.32080
2010-10-18,10.32260
2010-10-19,10.31210
2010-10-20,10.31390
2010-10-21,10.31560
2010-10-22,10.31740
2010-10-24,10.32100
2010-10-25,10.32280
2010-10-26,10.31210
2010-10-27,10.31380
2010-10-28,10.31560
2010-10-29,10.31750
2010-10-31,10.32130
2010-11-01,10.32310
2010-11-02,10.31220
2010-11-03,10.31400
2010-11-04,10.31590
2010-11-05,10.31770
2010-11-07,10.32150
2010-11-08,10.32340
2010-11-09,10.31210
2010-11-10,10.31390
2010-11-11,10.31570
2010-11-12,10.31750
2010-11-14,10.32130
2010-11-15,10.32300
2010-11-16,10.31210
2010-11-17,10.31390
2010-11-18,10.31570
2010-11-19,10.31750
2010-11-21,10.32110
2010-11-22,10.32300
2010-11-23,10.31210
2010-11-24,10.31390
2010-11-25,10.31570
2010-11-26,10.31760
2010-11-28,10.32130
2010-11-29,10.32320
2010-11-30,10.31210
2010-12-01,10.31390
2010-12-02,10.31570
2010-12-03,10.31740
2010-12-05,10.32100
2010-12-06,10.32280
2010-12-07,10.31210
2010-12-08,10.31390
2010-12-09,10.31570
2010-12-10,10.31750
2010-12-12,10.32120
2010-12-13,10.32300
2010-12-14,10.31230
2010-12-15,10.31420
2010-12-16,10.31610
2010-12-19,10.32190
2010-12-20,10.32390
2010-12-21,10.31230
2010-12-22,10.31430
2010-12-23,10.31620
2010-12-24,10.31830
2010-12-26,10.32240
2010-12-27,10.32440
2010-12-28,10.31240
2010-12-29,10.31460
2010-12-30,10.31670
2010-12-31,10.31890
2011-01-02,10.32320
2011-01-03,10.32540
2011-01-04,10.31240
2011-01-05,10.31450
2011-01-06,10.31660
2011-01-07,10.31860
2011-01-09,10.32270
2011-01-10,10.32470
2011-01-11,10.31240
2011-01-12,10.31460
2011-01-13,10.31680
2011-01-14,10.31900
2011-01-16,10.32330
2011-01-17,10.32550
2011-01-18,10.31250
2011-01-19,10.31470
2011-01-20,10.31690
2011-01-21,10.31900
2011-01-23,10.32330
2011-01-24,10.32550
2011-01-25,10.31250
2011-01-26,10.31470
2011-01-27,10.31690
2011-01-28,10.31910
2011-01-30,10.32350
2011-01-31,10.32570
2011-02-01,10.31250
2011-02-02,10.31470
2011-02-03,10.31690
2011-02-04,10.31900
2011-02-06,10.32340
2011-02-07,10.32560
2011-02-08,10.31250
2011-02-09,10.31470
2011-02-10,10.31700
2011-02-11,10.31920
2011-02-13,10.32360
2011-02-14,10.32590
2011-02-15,10.31260
2011-02-16,10.31480
2011-02-17,10.31700
2011-02-18,10.31930
2011-02-20,10.32370
2011-02-21,10.32590
2011-02-22,10.31260
2011-02-23,10.31490
2011-02-24,10.31720
2011-02-25,10.31940
2011-02-27,10.32400
2011-02-28,10.32630
2011-03-01,10.31250
2011-03-02,10.31470
2011-03-03,10.31700
2011-03-04,10.31930
2011-03-06,10.32400
2011-03-07,10.32630
2011-03-08,10.31250
2011-03-09,10.31480
2011-03-10,10.31710
2011-03-11,10.31930
2011-03-13,10.32380
2011-03-14,10.32620
2011-03-15,10.31260
2011-03-16,10.31500
2011-03-17,10.31740
2011-03-18,10.31970
2011-03-20,10.32450
2011-03-21,10.32680
2011-03-22,10.31270
2011-03-23,10.31500
2011-03-24,10.31740
2011-03-25,10.31990
2011-03-27,10.32500
2011-03-28,10.32740
2011-03-29,10.31280
2011-03-30,10.31550
2011-03-31,10.31850
2011-04-04,10.32990
2011-04-05,10.33200
2011-04-06,10.31230
2011-04-07,10.31420
2011-04-08,10.31630
2011-04-10,10.32040
2011-04-11,10.32260
2011-04-12,10.31250
2011-04-13,10.31470
2011-04-14,10.31700
2011-04-15,10.31920
2011-04-17,10.32370
2011-04-18,10.32590
2011-04-19,10.31250
2011-04-20,10.31480
2011-04-21,10.31720
2011-04-24,10.32420
2011-04-25,10.32660
2011-04-26,10.31260
2011-04-27,10.31490
2011-04-28,10.31710
2011-04-29,10.31950
2011-05-01,10.32410
2011-05-02,10.32650
2011-05-03,10.31260
2011-05-04,10.31480
2011-05-05,10.31710
2011-05-06,10.31940
2011-05-08,10.32410
2011-05-09,10.32640
2011-05-10,10.31260
2011-05-11,10.31490
2011-05-12,10.31730
2011-05-13,10.31970
2011-05-15,10.32450
2011-05-16,10.32690
2011-05-17,10.31270
2011-05-18,10.31510
2011-05-19,10.31750
2011-05-20,10.31980
2011-05-22,10.32460
2011-05-23,10.32700
2011-05-24,10.31270
2011-05-25,10.31520
2011-05-26,10.31760
2011-05-27,10.32000
2011-05-29,10.32480
2011-05-30,10.32720
2011-05-31,10.31260
2011-06-01,10.31500
2011-06-02,10.31740
2011-06-03,10.31980
2011-06-05,10.32450
2011-06-06,10.32690
2011-06-07,10.31270
2011-06-08,10.31510
2011-06-09,10.31750
2011-06-10,10.31990
2011-06-12,10.32460
2011-06-13,10.32690
2011-06-14,10.31270
2011-06-15,10.31510
2011-06-16,10.31750
2011-06-17,10.31990
2011-06-19,10.32470
2011-06-20,10.32710
2011-06-21,10.31250
2011-06-22,10.31500
2011-06-23,10.31740
2011-06-24,10.31980
2011-06-26,10.32450
2011-06-27,10.32690
2011-06-28,10.31270
2011-06-29,10.31510
2011-06-30,10.31770
2011-07-01,10.32020
2011-07-03,10.32520
2011-07-04,10.32760
2011-07-05,10.31280
2011-07-06,10.31520
2011-07-07,10.31750
2011-07-08,10.32000
2011-07-10,10.32470
2011-07-11,10.32710
2011-07-12,10.31270
2011-07-13,10.31510
2011-07-14,10.31770
2011-07-15,10.32010
2011-07-17,10.32510
2011-07-18,10.32760
2011-07-19,10.31270
2011-07-20,10.31520
2011-07-21,10.31760
2011-07-22,10.32010
2011-07-24,10.32500
2011-07-25,10.32740
2011-07-26,10.31270
2011-07-27,10.31510
2011-07-28,10.31760
2011-07-29,10.32020
2011-07-31,10.32500
2011-08-01,10.32740
2011-08-02,10.31270
2011-08-03,10.31520
2011-08-04,10.31760
2011-08-05,10.32000
2011-08-07,10.32490
2011-08-08,10.32730
2011-08-09,10.31270
2011-08-10,10.31520
2011-08-11,10.31760
2011-08-12,10.32010
2011-08-15,10.32750
2011-08-16,10.32990
2011-08-17,10.31270
2011-08-18,10.31520
2011-08-19,10.31760
2011-08-21,10.32250
2011-08-22,10.32500
2011-08-23,10.31270
2011-08-24,10.31510
2011-08-25,10.31750
2011-08-26,10.32000
2011-08-28,10.32500
2011-08-29,10.32750
2011-08-30,10.31270
2011-09-01,10.31760
2011-09-02,10.32000
2011-09-04,10.32480
2011-09-05,10.32720
2011-09-06,10.31270
2011-09-07,10.31510
2011-09-08,10.31750
2011-09-09,10.32000
2011-09-11,10.32470
2011-09-12,10.32720
2011-09-13,10.31270
2011-09-14,10.31510
2011-09-15,10.31760
2011-09-16,10.32000
2011-09-18,10.32500
2011-09-19,10.32750
2011-09-20,10.31270
2011-09-21,10.31520
2011-09-22,10.31760
2011-09-23,10.32010
2011-09-25,10.32510
2011-09-26,10.32760
2011-09-27,10.31280
2011-09-28,10.31530
2011-09-29,10.31780
2011-10-02,10.32550
2011-10-03,10.32790
2011-10-04,10.31280
2011-10-05,10.31520
2011-10-06,10.31770
2011-10-07,10.32020
2011-10-09,10.32510
2011-10-10,10.32760
2011-10-11,10.31280
2011-10-12,10.31530
2011-10-13,10.31780
2011-10-14,10.32030
2011-10-16,10.32520
2011-10-17,10.32770
2011-10-18,10.31280
2011-10-19,10.31530
2011-10-20,10.31780
2011-10-21,10.32030
2011-10-23,10.32530
2011-10-24,10.32780
2011-10-25,10.31270
2011-10-27,10.31770
2011-10-28,10.32010
2011-10-30,10.32520
2011-10-31,10.32760
2011-11-01,10.31280
2011-11-02,10.31530
2011-11-03,10.31780
2011-11-04,10.32030
2011-11-07,10.32770
2011-11-08,10.33020
2011-11-09,10.31270
2011-11-10,10.31520
2011-11-11,10.31770
2011-11-13,10.32270
2011-11-14,10.32510
2011-11-15,10.31280
2011-11-16,10.31520
2011-11-17,10.31770
2011-11-18,10.32010
2011-11-20,10.32510
2011-11-21,10.32760
2011-11-22,10.31270
2011-11-23,10.31520
2011-11-24,10.31770
2011-11-25,10.32020
2011-11-27,10.32520
2011-11-28,10.32770
2011-11-29,10.31280
2011-11-30,10.31530
2011-12-01,10.31780
2011-12-02,10.32030
2011-12-04,10.32530
2011-12-05,10.32780
2011-12-06,10.32780
2011-12-07,10.31530
2011-12-08,10.31790
2011-12-09,10.32040
2011-12-11,10.32550
2011-12-12,10.32800
2011-12-13,10.31290
2011-12-14,10.31540
2011-12-15,10.31790
2011-12-16,10.32050
2011-12-18,10.32560
2011-12-19,10.32820
2011-12-20,10.31280
2011-12-21,10.31540
2011-12-22,10.31800
2011-12-23,10.32050
2011-12-25,10.32570
2011-12-26,10.32830
2011-12-27,10.31280
2011-12-28,10.31540
2011-12-29,10.31800
2011-12-30,10.32060
2012-01-01,10.32580
2012-01-02,10.32850
2012-01-03,10.31290
2012-01-04,10.31550
2012-01-05,10.31820
2012-01-06,10.32090
2012-01-08,10.32610
2012-01-09,10.32880
2012-01-10,10.31290
2012-01-11,10.31550
2012-01-12,10.31810
2012-01-13,10.32070
2012-01-15,10.32600
2012-01-16,10.32860
2012-01-17,10.31290
2012-01-18,10.31560
2012-01-19,10.31820
2012-01-20,10.32080
2012-01-22,10.32600
2012-01-23,10.32860
2012-01-24,10.31290
2012-01-25,10.31550
2012-01-26,10.31810
2012-01-27,10.32070
2012-01-29,10.32600
2012-01-30,10.32870
2012-01-31,10.31290
2012-02-01,10.31550
2012-02-02,10.31810
2012-02-03,10.32070
2012-02-05,10.32600
2012-02-06,10.32860
2012-02-07,10.31290
2012-02-08,10.31560
2012-02-09,10.31820
2012-02-10,10.32070
2012-02-12,10.32600
2012-02-13,10.32860
2012-02-14,10.31290
2012-02-15,10.31560
2012-02-16,10.31830
2012-02-17,10.32090
2012-02-20,10.32870
2012-02-21,10.33130
2012-02-22,10.31290
2012-02-23,10.31500
2012-02-24,10.31760
2012-02-26,10.32270
2012-02-27,10.32530
2012-02-28,10.31270
2012-02-29,10.31530
2012-03-01,10.31780
2012-03-02,10.32060
2012-03-04,10.32590
2012-03-05,10.32850
2012-03-06,10.31290
2012-03-07,10.31560
2012-03-08,10.31820
2012-03-09,10.32140
2012-03-11,10.32670
2012-03-12,10.32920
2012-03-13,10.31290
2012-03-14,10.31560
2012-03-15,10.31820
2012-03-16,10.32070
2012-03-18,10.32600
2012-03-19,10.32860
2012-03-20,10.31290
2012-03-21,10.31580
2012-03-22,10.31880
2012-03-25,10.32730
2012-03-26,10.33070
2012-03-27,10.31370
2012-03-28,10.31810
2012-03-29,10.31950
2012-03-30,10.32520
2012-04-02,10.33360
2012-04-03,10.34210
2012-04-04,10.31560
2012-04-08,10.32590
2012-04-09,10.32960
2012-04-10,10.31380
2012-04-11,10.31660
2012-04-12,10.31930
2012-04-13,10.32210
2012-04-15,10.32720
2012-04-16,10.32990
2012-04-17,10.31320
2012-04-18,10.31610
2012-04-19,10.31860
2012-04-20,10.32110
2012-04-22,10.32620
2012-04-23,10.32790
2012-04-24,10.31280
2012-04-25,10.31540
2012-04-26,10.31820
2012-04-27,10.32070
2012-04-29,10.32590
2012-04-30,10.32820
2012-05-01,10.31300
2012-05-02,10.31510
2012-05-03,10.31830
2012-05-04,10.32100
2012-05-06,10.32630
2012-05-07,10.32900
2012-05-08,10.31290
2012-05-09,10.31550
2012-05-10,10.31840
2012-05-11,10.32130
2012-05-13,10.32660
2012-05-14,10.32950
2012-05-15,10.31320
2012-05-16,10.31610
2012-05-17,10.31880
2012-05-18,10.32080
2012-05-20,10.32600
2012-05-21,10.32860
2012-05-22,10.31300
2012-05-23,10.31580
2012-05-24,10.31870
2012-05-25,10.32150
2012-05-27,10.32660
2012-05-28,10.32930
2012-05-29,10.31280
2012-05-30,10.31520
2012-05-31,10.31810
2012-06-01,10.32100
2012-06-03,10.32630
2012-06-04,10.32890
2012-06-05,10.31290
2012-06-06,10.31550
2012-06-07,10.31810
2012-06-08,10.32060
2012-06-10,10.32570
2012-06-11,10.32830
2012-06-12,10.31290
2012-06-13,10.31580
2012-06-14,10.31820
2012-06-15,10.32080
2012-06-17,10.32560
2012-06-18,10.32660
2012-06-19,10.31270
2012-06-20,10.31550
2012-06-21,10.31860
2012-06-22,10.32100
2012-06-24,10.32590
2012-06-25,10.32870
2012-06-26,10.31300
2012-06-27,10.31570
2012-06-28,10.31870
2012-06-29,10.32170
2012-07-02,10.32910
2012-07-03,10.33160
2012-07-04,10.31290
2012-07-05,10.31540
2012-07-06,10.31790
2012-07-08,10.32300
2012-07-09,10.32550
2012-07-10,10.31280
2012-07-11,10.31520
2012-07-12,10.31780
2012-07-13,10.32030
2012-07-15,10.32550
2012-07-16,10.32800
2012-07-17,10.31280
2012-07-18,10.31540
2012-07-19,10.31790
2012-07-20,10.32050
2012-07-22,10.32550
2012-07-23,10.32810
2012-07-24,10.31280
2012-07-25,10.31530
2012-07-26,10.31780
2012-07-27,10.32030
2012-07-29,10.32540
2012-07-30,10.32800
2012-07-31,10.31280
2012-08-01,10.31540
2012-08-02,10.31790
2012-08-03,10.32040
2012-08-05,10.32540
2012-08-06,10.32790
2012-08-07,10.31280
2012-08-08,10.31530
2012-08-09,10.31770
2012-08-10,10.32020
2012-08-12,10.32520
2012-08-13,10.32760
2012-08-14,10.31280
2012-08-15,10.31520
2012-08-16,10.31770
2012-08-17,10.32010
2012-08-20,10.32750
2012-08-21,10.33000
2012-08-22,10.31290
2012-08-23,10.31530
2012-08-24,10.31790
2012-08-26,10.32290
2012-08-27,10.32540
2012-08-28,10.31280
2012-08-29,10.31530
2012-08-30,10.31770
2012-08-31,10.32010
2012-09-02,10.32500
2012-09-03,10.32740
2012-09-04,10.31270
2012-09-05,10.31510
2012-09-06,10.31750
2012-09-07,10.32000
2012-09-09,10.32490
2012-09-10,10.32740
2012-09-11,10.31270
2012-09-12,10.31510
2012-09-13,10.31750
2012-09-14,10.31990
2012-09-16,10.32480
2012-09-17,10.32720
2012-09-18,10.31270
2012-09-19,10.31510
2012-09-20,10.31760
2012-09-21,10.31990
2012-09-23,10.32470
2012-09-24,10.32720
2012-09-25,10.31260
2012-09-26,10.31500
2012-09-27,10.31730
2012-09-28,10.31970
2012-09-30,10.32440
2012-10-01,10.32690
2012-10-02,10.31270
2012-10-03,10.31500
2012-10-04,10.31740
2012-10-05,10.31980
2012-10-07,10.32450
2012-10-08,10.32690
2012-10-09,10.31270
2012-10-10,10.31500
2012-10-11,10.31750
2012-10-12,10.31980
2012-10-14,10.32460
2012-10-15,10.32690
2012-10-16,10.31270
2012-10-17,10.31510
2012-10-18,10.31750
2012-10-19,10.31990
2012-10-21,10.32460
2012-10-22,10.32700
2012-10-23,10.31270
2012-10-24,10.31500
2012-10-25,10.31740
2012-10-28,10.32450
2012-10-29,10.32680
2012-10-30,10.31270
2012-10-31,10.31500
2012-11-01,10.31740
2012-11-02,10.31980
2012-11-04,10.32440
2012-11-05,10.32680
2012-11-06,10.31260
2012-11-07,10.31500
2012-11-08,10.31730
2012-11-09,10.31970
2012-11-11,10.32440
2012-11-12,10.32670
2012-11-14,10.31500
2012-11-15,10.31740
2012-11-16,10.31970
2012-11-18,10.32440
2012-11-19,10.32670
2012-11-20,10.31260
2012-11-21,10.31500
2012-11-22,10.31730
2012-11-23,10.31970
2012-11-25,10.32440
2012-11-26,10.32670
2012-11-27,10.31270
2012-11-28,10.31500
2012-11-29,10.31740
2012-11-30,10.31970
2012-12-02,10.32440
2012-12-03,10.32670
2012-12-04,10.31270
2012-12-05,10.31500
2012-12-06,10.31730
2012-12-07,10.31970
2012-12-09,10.32440
2012-12-10,10.32680
2012-12-11,10.31260
2012-12-12,10.31500
2012-12-13,10.31730
2012-12-14,10.31970
2012-12-16,10.32450
2012-12-17,10.32690
2012-12-18,10.31260
2012-12-19,10.31500
2012-12-20,10.31740
2012-12-21,10.31980
2012-12-23,10.32460
2012-12-24,10.32700
2012-12-25,10.31270
2012-12-26,10.31510
2012-12-27,10.31750
2012-12-28,10.31980
2012-12-30,10.32460
2012-12-31,10.32750
2013-01-01,10.31270
2013-01-02,10.31510
2013-01-03,10.31740
2013-01-04,10.31980
2013-01-06,10.32450
2013-01-07,10.32680
2013-01-08,10.31270
2013-01-09,10.31500
2013-01-10,10.31730
2013-01-11,10.31970
2013-01-13,10.32430
2013-01-14,10.32670
2013-01-15,10.31260
2013-01-16,10.31490
2013-01-17,10.31720
2013-01-18,10.31960
2013-01-20,10.32420
2013-01-21,10.32660
2013-01-22,10.31260
2013-01-23,10.31500
2013-01-24,10.31730
2013-01-27,10.32420
2013-01-28,10.32650
2013-01-29,10.31260
2013-01-30,10.31490
2013-01-31,10.31720
2013-02-01,10.31950
2013-02-03,10.32410
2013-02-04,10.32640
2013-02-05,10.31250
2013-02-06,10.31490
2013-02-07,10.31720
2013-02-08,10.31950
2013-02-10,10.32400
2013-02-11,10.32640
2013-02-12,10.31250
2013-02-13,10.31480
2013-02-14,10.31710
2013-02-15,10.31940
2013-02-17,10.32400
2013-02-18,10.32630
2013-02-19,10.31260
2013-02-20,10.31490
2013-02-21,10.31720
2013-02-22,10.31950
2013-02-24,10.32410
2013-02-25,10.32640
2013-02-26,10.31260
2013-02-27,10.31490
2013-02-28,10.31720
2013-03-01,10.31950
2013-03-03,10.32410
2013-03-04,10.32650
2013-03-05,10.31260
2013-03-06,10.31500
2013-03-07,10.31730
2013-03-08,10.31970
2013-03-10,10.32440
2013-03-11,10.32670
2013-03-12,10.31260
2013-03-13,10.31500
2013-03-14,10.31740
2013-03-15,10.31980
2013-03-17,10.32480
2013-03-18,10.32720
2013-03-19,10.31270
2013-03-20,10.31510
2013-03-21,10.31750
2013-03-22,10.31990
2013-03-24,10.32470
2013-03-25,10.32730
2013-03-26,10.31340
2013-03-27,10.31660
2013-03-28,10.32000
2013-04-01,10.33460
2013-04-02,10.33930
2013-04-03,10.31320
2013-04-04,10.31560
2013-04-05,10.31810
2013-04-07,10.32290
2013-04-08,10.32530
2013-04-09,10.31270
2013-04-10,10.31510
2013-04-11,10.31750
2013-04-12,10.31990
2013-04-14,10.32470
2013-04-15,10.32720
2013-04-16,10.31270
2013-04-17,10.31520
2013-04-18,10.31760
2013-04-21,10.32500
2013-04-22,10.32740
2013-04-23,10.31270
2013-04-24,10.31510
2013-04-25,10.31750
2013-04-26,10.31980
2013-04-28,10.32470
2013-04-29,10.32710
2013-04-30,10.31270
2013-05-01,10.31520
2013-05-02,10.31750
2013-05-03,10.31990
2013-05-05,10.32470
2013-05-06,10.32710
2013-05-07,10.31280
2013-05-08,10.31510
2013-05-09,10.31760
2013-05-10,10.32000
2013-05-12,10.32460
2013-05-13,10.32700
2013-05-14,10.31270
2013-05-15,10.31510
2013-05-16,10.31740
2013-05-17,10.31990
2013-05-19,10.32450
2013-05-20,10.32680
2013-05-21,10.31270
2013-05-22,10.31500
2013-05-23,10.31730
2013-05-24,10.31960
2013-05-26,10.32430
2013-05-27,10.32660
2013-05-28,10.31250
2013-05-29,10.31490
2013-05-30,10.31720
2013-05-31,10.31950
2013-06-02,10.32420
2013-06-03,10.32640
2013-06-04,10.31260
2013-06-05,10.31490
2013-06-06,10.31720
2013-06-07,10.31950
2013-06-09,10.32410
2013-06-10,10.32640
2013-06-11,10.31260
2013-06-12,10.31490
2013-06-13,10.31710
2013-06-14,10.31930
2013-06-16,10.32390
2013-06-17,10.32610
2013-06-18,10.31260
2013-06-19,10.31480
2013-06-20,10.31720
2013-06-21,10.31950
2013-06-23,10.32410
2013-06-24,10.32640
2013-06-25,10.31250
2013-06-26,10.31480
2013-06-27,10.31710
2013-06-28,10.31960
2013-07-01,10.32660
2013-07-02,10.32920
2013-07-03,10.31260
2013-07-04,10.31500
2013-07-05,10.31750
2013-07-07,10.32190
2013-07-08,10.32420
2013-07-09,10.31260
2013-07-10,10.31490
2013-07-11,10.31710
2013-07-12,10.31950
2013-07-14,10.32400
2013-07-15,10.32620
2013-07-16,10.29360
2013-07-17,10.29680
2013-07-18,10.30000
2013-07-19,10.30380
2013-07-21,10.30950
2013-07-22,10.31230
2013-07-23,10.31260
2013-07-24,10.30670
2013-07-25,10.30970
2013-07-26,10.31290
2013-07-28,10.31890
2013-07-29,10.32190
2013-07-30,10.31330
2013-07-31,10.31630
2013-08-01,10.31940
2013-08-02,10.32220
2013-08-04,10.32770
2013-08-05,10.33070
2013-08-06,10.31320
2013-08-07,10.31610
2013-08-08,10.31930
2013-08-11,10.32830
2013-08-12,10.33080
2013-08-13,10.31320
2013-08-14,10.31610
2013-08-15,10.31900
2013-08-16,10.32170
2013-08-18,10.32750
2013-08-19,10.33000
2013-08-20,10.31320
2013-08-21,10.31630
2013-08-22,10.31920
2013-08-23,10.32220
2013-08-25,10.32810
2013-08-26,10.33090
2013-08-27,10.31310
2013-08-28,10.31600
2013-08-29,10.31900
2013-08-30,10.32210
2013-09-01,10.32790
2013-09-02,10.33080
2013-09-03,10.31330
2013-09-04,10.31670
2013-09-05,10.32060
2013-09-06,10.32350
2013-09-09,10.33200
2013-09-10,10.33500
2013-09-11,10.31330
2013-09-12,10.31630
2013-09-13,10.31930
2013-09-15,10.32520
2013-09-16,10.32820
2013-09-17,10.31330
2013-09-18,10.31640
2013-09-19,10.31950
2013-09-20,10.32270
2013-09-22,10.32860
2013-09-23,10.33150
2013-09-24,10.31320
2013-09-25,10.31620
2013-09-26,10.31920
2013-09-27,10.32220
2013-09-29,10.32800
2013-09-30,10.33090
2013-10-01,10.31340
2013-10-02,10.31630
2013-10-03,10.31930
2013-10-04,10.32230
2013-10-06,10.32810
2013-10-07,10.33110
2013-10-08,10.31360
2013-10-09,10.31640
2013-10-10,10.31930
2013-10-11,10.32220
2013-10-13,10.32780
2013-10-14,10.33060
2013-10-15,10.31310
2013-10-16,10.31590
2013-10-17,10.31880
2013-10-18,10.32170
2013-10-20,10.32710
2013-10-21,10.32990
2013-10-22,10.31310
2013-10-23,10.31590
2013-10-24,10.31870
2013-10-25,10.32150
2013-10-27,10.32700
2013-10-28,10.32970
2013-10-29,10.31310
2013-10-30,10.31580
2013-10-31,10.31860
2013-11-01,10.32130
2013-11-04,10.32940
2013-11-05,10.33210
2013-11-06,10.31290
2013-11-07,10.31560
2013-11-08,10.31830
2013-11-10,10.32370
2013-11-11,10.32630
2013-11-12,10.31300
2013-11-13,10.31570
2013-11-14,10.31830
2013-11-17,10.32600
2013-11-18,10.32860
2013-11-19,10.31290
2013-11-20,10.31540
2013-11-21,10.31800
2013-11-22,10.32060
2013-11-24,10.32560
2013-11-25,10.32820
2013-11-26,10.31290
2013-11-27,10.31540
2013-11-28,10.31800
2013-11-29,10.32060
2013-12-01,10.32560
2013-12-02,10.32820
2013-12-03,10.31300
2013-12-04,10.31560
2013-12-05,10.31810
2013-12-06,10.32050
2013-12-08,10.32560
2013-12-09,10.32820
2013-12-10,10.31280
2013-12-11,10.31530
2013-12-12,10.31790
2013-12-13,10.32040
2013-12-15,10.32530
2013-12-16,10.32780
2013-12-17,10.31280
2013-12-18,10.31540
2013-12-19,10.31790
2013-12-20,10.32040
2013-12-22,10.32540
2013-12-23,10.32790
2013-12-24,10.31280
2013-12-25,10.31540
2013-12-26,10.31790
2013-12-27,10.32040
2013-12-29,10.32540
2013-12-30,10.32790
2013-12-31,10.31330
2014-01-01,10.31590
2014-01-02,10.31840
2014-01-03,10.32090
2014-01-05,10.32580
2014-01-06,10.32830
2014-01-07,10.31280
2014-01-08,10.31530
2014-01-09,10.31780
2014-01-10,10.32020
2014-01-12,10.32520
2014-01-13,10.32770
2014-01-14,10.31280
2014-01-15,10.31520
2014-01-16,10.31770
2014-01-17,10.32020
2014-01-19,10.32520
2014-01-20,10.32760
2014-01-21,10.31280
2014-01-22,10.31530
2014-01-23,10.31770
2014-01-24,10.32020
2014-01-26,10.32510
2014-01-27,10.32760
2014-01-28,10.31270
2014-01-29,10.31510
2014-01-30,10.31750
2014-01-31,10.31990
2014-02-02,10.32470
2014-02-03,10.32710
2014-02-04,10.31270
2014-02-05,10.31510
2014-02-06,10.31750
2014-02-07,10.31990
2014-02-09,10.32470
2014-02-10,10.32700
2014-02-11,10.31280
2014-02-12,10.31520
2014-02-13,10.31760
2014-02-14,10.32010
2014-02-16,10.32500
2014-02-17,10.32740
2014-02-18,10.31270
2014-02-19,10.31510
2014-02-20,10.31750
2014-02-21,10.32000
2014-02-23,10.32480
2014-02-24,10.32720
2014-02-25,10.31280
2014-02-26,10.31520
2014-02-27,10.31770
2014-02-28,10.32010
2014-03-02,10.32490
2014-03-03,10.32740
2014-03-04,10.31280
2014-03-05,10.31530
2014-03-06,10.31780
2014-03-07,10.32030
2014-03-09,10.32530
2014-03-10,10.32780
2014-03-11,10.31280
2014-03-12,10.31540
2014-03-13,10.31800
2014-03-14,10.32060
2014-03-17,10.32840
2014-03-18,10.33100
2014-03-19,10.31300
2014-03-20,10.31560
2014-03-21,10.31830
2014-03-23,10.32360
2014-03-24,10.32630
2014-03-25,10.31300
2014-03-26,10.31580
2014-03-27,10.31840
2014-03-28,10.32260
2014-03-31,10.33450
2014-04-01,10.33810
2014-04-02,10.34080
2014-04-03,10.31290
2014-04-04,10.31550
2014-04-06,10.32070
2014-04-07,10.32340
2014-04-08,10.31280
2014-04-09,10.31550
2014-04-10,10.31800
2014-04-11,10.32060
2014-04-14,10.32830
2014-04-15,10.33080
2014-04-16,10.31280
2014-04-17,10.31540
2014-04-20,10.32300
2014-04-21,10.32550
2014-04-22,10.31290
2014-04-23,10.31550
2014-04-24,10.31800
2014-04-25,10.32050
2014-04-27,10.32560
2014-04-28,10.32810
2014-04-29,10.31280
2014-04-30,10.31530
2014-05-01,10.31780
2014-05-02,10.32030
2014-05-04,10.32530
2014-05-05,10.32780
2014-05-06,10.31280
2014-05-07,10.31530
2014-05-08,10.31770
2014-05-09,10.32030
2014-05-11,10.32520
2014-05-12,10.32770
2014-05-13,10.31270
2014-05-14,10.31520
2014-05-15,10.31770
2014-05-16,10.32020
2014-05-18,10.32510
2014-05-19,10.32760
2014-05-20,10.31280
2014-05-21,10.31530
2014-05-22,10.31770
2014-05-23,10.32020
2014-05-25,10.32510
2014-05-26,10.32760
2014-05-27,10.31270
2014-05-28,10.31520
2014-05-29,10.31760
2014-05-30,10.32020
2014-06-01,10.32500
2014-06-02,10.32740
2014-06-03,10.31280
2014-06-04,10.31530
2014-06-05,10.31770
2014-06-06,10.32020
2014-06-08,10.32500
2014-06-09,10.32750
2014-06-10,10.31270
2014-06-11,10.31510
2014-06-12,10.31750
2014-06-13,10.31980
2014-06-15,10.32470
2014-06-16,10.32700
2014-06-17,10.31280
2014-06-18,10.31510
2014-06-19,10.31760
2014-06-20,10.31990
2014-06-22,10.32470
2014-06-23,10.32710
2014-06-24,10.31270
2014-06-25,10.31510
2014-06-26,10.31750
2014-06-27,10.31990
2014-06-29,10.32480
2014-06-30,10.32750
2014-07-01,10.31310
2014-07-02,10.31550
2014-07-03,10.31790
2014-07-04,10.32030
2014-07-06,10.32510
2014-07-07,10.32740
2014-07-08,10.31270
2014-07-09,10.31510
2014-07-10,10.31740
2014-07-11,10.31970
2014-07-13,10.32450
2014-07-14,10.32680
2014-07-15,10.31270
2014-07-16,10.31510
2014-07-17,10.31750
2014-07-18,10.31990
2014-07-20,10.32460
2014-07-21,10.32700
2014-07-22,10.31270
2014-07-23,10.31500
2014-07-24,10.31730
2014-07-25,10.31960
2014-07-27,10.32440
2014-07-28,10.32670
2014-07-29,10.31270
2014-07-30,10.31520
2014-07-31,10.31750
2014-08-01,10.31980
2014-08-03,10.32460
2014-08-04,10.32700
2014-08-05,10.31270
2014-08-06,10.31500
2014-08-07,10.31740
2014-08-08,10.31980
2014-08-10,10.32460
2014-08-11,10.32700
2014-08-12,10.31260
2014-08-13,10.31500
2014-08-14,10.31740
2014-08-18,10.32700
2014-08-19,10.32940
2014-08-20,10.31270
2014-08-21,10.31500
2014-08-22,10.31750
2014-08-24,10.32230
2014-08-25,10.32460
2014-08-26,10.31270
2014-08-27,10.31510
2014-08-28,10.31760
2014-08-31,10.32480
2014-09-01,10.32720
2014-09-02,10.31270
2014-09-03,10.31520
2014-09-04,10.31760
2014-09-05,10.32000
2014-09-07,10.32480
2014-09-08,10.32730
2014-09-09,10.31270
2014-09-10,10.31510
2014-09-11,10.31750
2014-09-12,10.31990
2014-09-14,10.32470
2014-09-15,10.32720
2014-09-16,10.31270
2014-09-17,10.31510
2014-09-18,10.31760
2014-09-19,10.32000
2014-09-21,10.32490
2014-09-22,10.32730
2014-09-23,10.31280
2014-09-24,10.31520
2014-09-25,10.31760
2014-09-26,10.32010
2014-09-28,10.32500
2014-09-29,10.32750
2014-09-30,10.31300
2014-10-01,10.31530
2014-10-06,10.32790
2014-10-07,10.33030
2014-10-08,10.31280
2014-10-09,10.31520
2014-10-10,10.31760
2014-10-12,10.32250
2014-10-13,10.32490
2014-10-14,10.31280
2014-10-15,10.31520
2014-10-16,10.31760
2014-10-17,10.32000
2014-10-19,10.32480
2014-10-20,10.32730
2014-10-21,10.31270
2014-10-22,10.31490
2014-10-26,10.32480
2014-10-27,10.32720
2014-10-28,10.31270
2014-10-29,10.31510
2014-10-30,10.31750
2014-10-31,10.32000
2014-11-02,10.32480
2014-11-03,10.32730
2014-11-04,10.31270
2014-11-05,10.31520
2014-11-06,10.31760
2014-11-07,10.32010
2014-11-09,10.32490
2014-11-10,10.32720
2014-11-11,10.31260
2014-11-12,10.31500
2014-11-13,10.31740
2014-11-14,10.31970
2014-11-16,10.32450
2014-11-17,10.32690
2014-11-18,10.31270
2014-11-19,10.31510
2014-11-20,10.31750
2014-11-21,10.31990
2014-11-23,10.32470
2014-11-24,10.32700
2014-11-25,10.31280
2014-11-26,10.31520
2014-11-27,10.31750
2014-11-28,10.31990
2014-11-30,10.32470
2014-12-01,10.32710
2014-12-02,10.31270
2014-12-03,10.31510
2014-12-04,10.31740
2014-12-05,10.31970
2014-12-07,10.32450
2014-12-08,10.32680
2014-12-09,10.31270
2014-12-10,10.31500
2014-12-11,10.31740
2014-12-12,10.31980
2014-12-14,10.32450
2014-12-15,10.32680
2014-12-16,10.31260
2014-12-17,10.31480
2014-12-18,10.31720
2014-12-19,10.31960
2014-12-21,10.32430
2014-12-22,10.32660
2014-12-23,10.31260
2014-12-24,10.31500
2014-12-25,10.31730
2014-12-26,10.31970
2014-12-28,10.32440
2014-12-29,10.32680
2014-12-30,10.31270
2014-12-31,10.31530
2015-01-01,10.31780
2015-01-02,10.32020
2015-01-04,10.32490
2015-01-05,10.32730
2015-01-06,10.31270
2015-01-07,10.31500
2015-01-08,10.31740
2015-01-09,10.31970
2015-01-11,10.32450
2015-01-12,10.32680
2015-01-13,10.31270
2015-01-14,10.31510
2015-01-15,10.31750
2015-01-16,10.31980
2015-01-18,10.32450
2015-01-19,10.32690
2015-01-20,10.31260
2015-01-21,10.31500
2015-01-22,10.31730
2015-01-23,10.31970
2015-01-26,10.32660
2015-01-27,10.32900
2015-01-28,10.31260
2015-01-29,10.31500
2015-01-30,10.31740
2015-02-01,10.32210
2015-02-02,10.32450
2015-02-03,10.31260
2015-02-04,10.31490
2015-02-05,10.31730
2015-02-06,10.31970
2015-02-08,10.32430
2015-02-09,10.32670
2015-02-10,10.31270
2015-02-11,10.31500
2015-02-12,10.31740
2015-02-13,10.31970
2015-02-15,10.32450
2015-02-16,10.32680
2015-02-17,10.31260
2015-02-18,10.31500
2015-02-19,10.31730
2015-02-20,10.31970
2015-02-22,10.32440
2015-02-23,10.32680
2015-02-24,10.31260
2015-02-25,10.31500
2015-02-26,10.31740
2015-02-27,10.31980
2015-03-01,10.32460
2015-03-02,10.32700
2015-03-03,10.31280
2015-03-04,10.31520
2015-03-05,10.31770
2015-03-08,10.32490
2015-03-09,10.32720
2015-03-10,10.31260
2015-03-11,10.31500
2015-03-12,10.31730
2015-03-13,10.31960
2015-03-15,10.32460
2015-03-16,10.32700
2015-03-17,10.31270
2015-03-18,10.31500
2015-03-19,10.31740
2015-03-20,10.31980
2015-03-22,10.32480
2015-03-23,10.32700
2015-03-24,10.31270
2015-03-25,10.31500
2015-03-26,10.31740
2015-03-27,10.31980
2015-03-29,10.32480
2015-03-30,10.32720
2015-03-31,10.31510
2015-04-05,10.32950
2015-04-06,10.33200
2015-04-07,10.31270
2015-04-08,10.31500
2015-04-09,10.31740
2015-04-10,10.31970
2015-04-12,10.32440
2015-04-13,10.32670
2015-04-14,10.31270
2015-04-15,10.31510
2015-04-16,10.31740
2015-04-17,10.31980
2015-04-19,10.32460
2015-04-20,10.32690
2015-04-21,10.31270
2015-04-22,10.31500
2015-04-23,10.31740
2015-04-24,10.31980
2015-04-26,10.32450
2015-04-27,10.32680
2015-04-28,10.31270
2015-04-29,10.31520
2015-04-30,10.31750
2015-05-04,10.32720
2015-05-05,10.32950
2015-05-06,10.31260
2015-05-07,10.31500
2015-05-08,10.31730
2015-05-10,10.32200
2015-05-11,10.32440
2015-05-12,10.31260
2015-05-13,10.31500
2015-05-14,10.31740
2015-05-15,10.31970
2015-05-17,10.32440
2015-05-18,10.32680
2015-05-19,10.31270
2015-05-20,10.31500
2015-05-21,10.31740
2015-05-22,10.31980
2015-05-24,10.32440
2015-05-25,10.32680
2015-05-26,10.31280
2015-05-27,10.31510
2015-05-28,10.31740
2015-05-29,10.31980
2015-05-31,10.32430
2015-06-01,10.32670
2015-06-02,10.31270
2015-06-03,10.31500
2015-06-04,10.31740
2015-06-05,10.31960
2015-06-07,10.32420
2015-06-08,10.32640
2015-06-09,10.31260
2015-06-10,10.31490
2015-06-11,10.31710
2015-06-12,10.31940
2015-06-14,10.32410
2015-06-15,10.32630
2015-06-16,10.31250
2015-06-17,10.31480
2015-06-18,10.31700
2015-06-19,10.31930
2015-06-21,10.32390
2015-06-22,10.32610
2015-06-23,10.31260
2015-06-24,10.31480
2015-06-25,10.31700
2015-06-26,10.31930
2015-06-28,10.32380
2015-06-29,10.32600
2015-06-30,10.31300
2015-07-01,10.31520
2015-07-02,10.31750
2015-07-03,10.31980
2015-07-05,10.32430
2015-07-06,10.32660
2015-07-07,10.31250
2015-07-08,10.31480
2015-07-09,10.31700
2015-07-10,10.31930
2015-07-12,10.32380
2015-07-13,10.32600
2015-07-14,10.31260
2015-07-15,10.31490
2015-07-16,10.31710
2015-07-17,10.31940
2015-07-19,10.32390
2015-07-20,10.32610
2015-07-21,10.31250
2015-07-22,10.31480
2015-07-23,10.31700
2015-07-24,10.31930
2015-07-26,10.32370
2015-07-27,10.32590
2015-07-28,10.31250
2015-07-29,10.31470
2015-07-30,10.31700
2015-07-31,10.31920
2015-08-02,10.32370
2015-08-03,10.32590
2015-08-04,10.31250
2015-08-05,10.31470
2015-08-06,10.31690
2015-08-07,10.31920
2015-08-09,10.32370
2015-08-10,10.32580
2015-08-11,10.31250
2015-08-12,10.31470
2015-08-13,10.31680
2015-08-14,10.31900
2015-08-16,10.32350
2015-08-17,10.32560
2015-08-18,10.31240
2015-08-19,10.31450
2015-08-20,10.31670
2015-08-21,10.31890
2015-08-23,10.32320
2015-08-24,10.32540
2015-08-25,10.31240
2015-08-26,10.31450
2015-08-27,10.31660
2015-08-28,10.31880
2015-08-30,1032.32000
2015-08-31,1032.52880
2015-09-01,1031.24340
2015-09-02,1031.45390
2015-09-03,1031.66600
2015-09-04,1031.88000
2015-09-06,1032.32240
2015-09-07,1032.53330
2015-09-08,1031.24160
2015-09-09,1031.45110
2015-09-10,1031.65470
2015-09-11,1031.86020
2015-09-13,1032.29540
2015-09-14,1032.50490
2015-09-15,1031.24120
2015-09-16,1031.45100
2015-09-17,1031.66080
2015-09-18,1031.87960
2015-09-20,1032.31420
2015-09-21,1032.52750
2015-09-22,1031.24180
2015-09-23,1031.45460
2015-09-24,1031.66460
2015-09-27,1032.32480
2015-09-28,1032.53840
2015-09-29,1031.28890
2015-09-30,1031.55720
2015-10-01,1031.79070
2015-10-04,1032.45600
2015-10-05,1032.67100
2015-10-06,1031.24150
2015-10-07,1031.45300
2015-10-08,1031.66410
2015-10-09,1031.87790
2015-10-11,1032.31080
2015-10-12,1032.52010
2015-10-13,1031.23910
2015-10-14,1031.45000
2015-10-15,1031.65780
2015-10-16,1031.87450
2015-10-18,1032.30790
2015-10-19,1032.51680
2015-10-20,1031.23970
2015-10-21,1031.45500
2015-10-22,1031.67060
2015-10-23,1031.87460
2015-10-25,1032.28910
2015-10-26,1032.50430
2015-10-27,1031.23720
2015-10-28,1031.45290
2015-10-29,1031.66160
2015-10-30,1031.87900
2015-11-01,1032.31140
2015-11-02,1032.51740
2015-11-03,1031.24170
2015-11-04,1031.44390
2015-11-05,1031.65350
2015-11-06,1031.86930
2015-11-08,1032.29840
2015-11-09,1032.50450
2015-11-10,1031.22000
2015-11-12,1031.65310
2015-11-13,1031.86440
2015-11-15,1032.29490
2015-11-16,1032.50090
2015-11-17,1031.24100
2015-11-18,1031.44510
2015-11-19,1031.65130
2015-11-20,1031.86280
2015-11-22,1032.28180
2015-11-23,1032.48710
2015-11-24,1031.21410
2015-11-25,1031.43530
2015-11-26,1031.64280
2015-11-27,1031.86470
2015-11-29,1032.28260
2015-11-30,1032.48800
2015-12-01,1031.23080
2015-12-02,1031.43160
2015-12-03,1031.63490
2015-12-04,1031.84290
2015-12-06,1032.25380
2015-12-07,1032.45410
2015-12-08,1031.23010
2015-12-09,1031.43050
2015-12-10,1031.63280
2015-12-11,1031.83910
2015-12-13,1032.25710
2015-12-14,1032.45930
2015-12-15,1031.24860
2015-12-16,1031.45930
2015-12-17,1031.66820
2015-12-18,1031.88110
2015-12-20,1032.31900
2015-12-21,1032.53230
2015-12-22,1031.25230
2015-12-23,1031.46740
2015-12-27,1032.30280
2015-12-28,1032.51370
2015-12-29,1031.24260
2015-12-30,1031.46160
2015-12-31,1031.72090
2016-01-01,1031.93040
2016-01-03,1032.34520
2016-01-04,1032.57250
2016-01-05,1031.24220
2016-01-06,1031.45610
2016-01-07,1031.66360
2016-01-08,1031.87430
2016-01-10,1032.29460
2016-01-11,1032.50170
2016-01-12,1031.23650
2016-01-13,1031.44600
2016-01-14,1031.65390
2016-01-15,1031.85960
2016-01-17,1032.28740
2016-01-18,1032.49550
2016-01-19,1031.23220
2016-01-20,1031.44290
2016-01-21,1031.64820
2016-01-22,1031.85060
2016-01-24,1032.27530
2016-01-25,1032.48260
2016-01-26,1031.23820
2016-01-27,1031.44450
2016-01-28,1031.65310
2016-01-29,1031.84980
2016-01-31,1032.29420
2016-02-01,1032.50530
2016-02-02,1031.23860
2016-02-03,1031.44660
2016-02-04,1031.65430
2016-02-05,1031.86170
2016-02-07,1032.29320
2016-02-08,1032.50560
2016-02-09,1031.24890
2016-02-10,1031.46740
2016-02-11,1031.68340
2016-02-12,1031.89750
2016-02-14,1032.33660
2016-02-15,1032.55040
2016-02-16,1031.24590
2016-02-17,1031.45920
2016-02-18,1031.66960
2016-02-21,1032.32480
2016-02-22,1032.53680
2016-02-23,1031.24160
2016-02-24,1031.44530
2016-02-25,1031.64410
2016-02-26,1031.84480
2016-02-28,1032.27070
2016-02-29,1032.50090
2016-03-01,1031.25690
2016-03-02,1031.48610
2016-03-03,1031.70780
2016-03-04,1031.92740
2016-03-07,1032.59110
2016-03-08,1032.80360
2016-03-09,1031.24450
2016-03-10,1031.45590
2016-03-11,1031.68210
2016-03-13,1032.14650
2016-03-14,1032.39050
2016-03-15,1031.27480
2016-03-16,1031.50510
2016-03-17,1031.73330
2016-03-18,1031.97690
2016-03-20,1032.44160
2016-03-21,1032.67310
2016-03-22,1031.26400
2016-03-23,1031.41210
2016-03-27,1032.34350
2016-03-28,1032.53820
2016-03-29,1031.27070
2016-03-30,1031.58910
2016-03-31,1032.46250
2016-04-03,1033.33900
2016-04-04,1033.58810
2016-04-05,1031.29100
2016-04-06,1031.51300
2016-04-07,1031.74030
2016-04-10,1032.42450
2016-04-11,1032.66090
2016-04-12,1031.24860
2016-04-13,1031.47090
2016-04-17,1032.38090
2016-04-18,1032.60360
2016-04-19,1031.25000
2016-04-20,1031.47210
2016-04-21,1031.68160
2016-04-22,1031.90760
2016-04-24,1032.35050
2016-04-25,1032.56700
2016-04-26,1031.24770
2016-04-27,1031.46870
2016-04-28,1031.69530
2016-04-29,1031.91400
2016-05-01,1032.35580
2016-05-02,1032.57930
2016-05-03,1031.25380
2016-05-04,1031.47550
2016-05-05,1031.69460
2016-05-06,1031.91140
2016-05-08,1032.34250
2016-05-09,1032.55910
2016-05-10,1031.25470
2016-05-11,1031.47490
2016-05-12,1031.69310
2016-05-13,1031.91260
2016-05-15,1032.34900
2016-05-16,1032.56780
2016-05-17,1031.24890
2016-05-18,1031.47280
2016-05-19,1031.69520
2016-05-20,1031.91410
2016-05-22,1032.35330
2016-05-23,1032.57030
2016-05-24,1031.24530
2016-05-25,1031.46110
2016-05-26,1031.67100
2016-05-27,1031.88240
2016-05-29,1032.30710
2016-05-30,1032.51680
2016-05-31,1031.25930
2016-06-01,1031.46770
2016-06-02,1031.67440
2016-06-03,1031.88820
2016-06-05,1032.32230
2016-06-06,1032.53340
2016-06-07,1031.25300
2016-06-08,1031.46380
2016-06-09,1031.67060
2016-06-10,1031.88580
2016-06-12,1032.31210
2016-06-13,1032.52850
2016-06-14,1031.24820
2016-06-15,1031.46450
2016-06-16,1031.67000
2016-06-17,1031.86980
2016-06-19,1032.29730
2016-06-20,1032.49340
2016-06-21,1031.23730
2016-06-22,1031.44230
2016-06-23,1031.65000
2016-06-24,1031.84960
2016-06-26,1032.28620
2016-06-27,1032.49360
2016-06-28,1031.24260
2016-06-29,1031.45120
2016-06-30,1031.71120
2016-07-01,1031.95250
2016-07-03,1032.34930
2016-07-04,1032.55920
2016-07-05,1031.23380
2016-07-06,1031.44470
2016-07-07,1031.66100
2016-07-08,1031.87470
2016-07-10,1032.27180
2016-07-11,1032.47800
2016-07-12,1031.23310
2016-07-13,1031.43860
2016-07-14,1031.65590
2016-07-15,1031.85760
2016-07-17,1032.26180
2016-07-18,1032.46170
2016-07-19,1031.23070
2016-07-20,1031.43180
2016-07-21,1031.63310
2016-07-22,1031.82990
2016-07-24,1032.21790
2016-07-25,1032.41070
2016-07-26,1031.23220
2016-07-27,1031.42850
2016-07-28,1031.63020
2016-07-29,1031.82970
2016-07-31,1032.22680
2016-08-01,1032.42700
2016-08-02,1031.22940
2016-08-03,1031.42510
2016-08-04,1031.61770
2016-08-05,1031.80990
2016-08-07,1032.21310
2016-08-08,1032.41360
2016-08-09,1031.22820
2016-08-10,1031.42370
2016-08-11,1031.61950
2016-08-12,1031.81560
2016-08-15,1032.40490
2016-08-16,1032.57950
2016-08-17,1031.24350
2016-08-18,1031.43420
2016-08-19,1031.63210
2016-08-21,1032.01930
2016-08-22,1032.21170
2016-08-23,1031.22640
2016-08-24,1031.41950
2016-08-25,1031.60980
2016-08-26,1031.80320
2016-08-28,1032.18750
2016-08-29,1032.37900
2016-08-30,1031.22270
2016-08-31,1031.41600
2016-09-01,1031.60560
2016-09-02,1031.80150
2016-09-05,1032.37570
2016-09-06,1032.56270
2016-09-07,1031.22160
2016-09-08,1031.41010
2016-09-09,1031.60420
2016-09-11,1031.97830
2016-09-12,1032.16550
2016-09-13,1031.21510
2016-09-14,1031.40970
2016-09-15,1031.59700
2016-09-16,1031.79230
2016-09-18,1032.16950
2016-09-19,1032.35440
2016-09-20,1031.22040
2016-09-21,1031.40300
2016-09-22,1031.58910
2016-09-23,1031.78170
2016-09-25,1032.16190
2016-09-26,1032.34540
2016-09-27,1031.21940
2016-09-28,1031.40950
2016-09-29,1031.59780
2016-09-30,1031.84140
2016-10-02,1032.29000
2016-10-03,1032.47890
2016-10-04,1031.22120
2016-10-05,1031.41640
2016-10-06,1031.60850
2016-10-07,1031.79970
2016-10-09,1032.17890
2016-10-10,1032.37120
2016-10-12,1031.40290
2016-10-13,1031.58950
2016-10-14,1031.77270
2016-10-16,1032.15210
2016-10-17,1032.33900
2016-10-18,1031.21730
2016-10-19,1031.40380
2016-10-20,1031.59060
2016-10-21,1031.77440
2016-10-23,1032.14900
2016-10-24,1032.33760
2016-10-25,1031.21800
2016-10-26,1031.40570
2016-10-27,1031.59280
2016-10-28,1031.78390
2016-10-31,1032.34740
2016-11-01,1032.53860
2016-11-02,1031.21880
2016-11-03,1031.40800
2016-11-04,1031.59560
2016-11-06,1031.97230
2016-11-07,1032.16050
2016-11-08,1031.21860
2016-11-09,1031.40670
2016-11-10,1031.59510
2016-11-11,1031.78510
2016-11-14,1032.35450
2016-11-15,1032.55820
2016-11-16,1031.22830
2016-11-17,1031.41660
2016-11-18,1031.61420
2016-11-20,1031.98550
2016-11-21,1032.17880
2016-11-22,1031.22800
2016-11-23,1031.43370
2016-11-24,1031.71490
2016-11-25,1031.86670
2016-11-27,1032.23460
2016-11-28,1032.36610
2016-11-29,1031.21110
2016-11-30,1031.40230
2016-12-01,1031.56850
2016-12-02,1031.68180
2016-12-04,1032.09710
2016-12-05,1032.28210
2016-12-06,1031.20470
2016-12-07,1031.23330
2016-12-08,1031.40800
2016-12-09,1031.60070
2016-12-12,1032.13490
2016-12-13,1032.32170
2016-12-14,1031.22350
2016-12-15,1031.40370
2016-12-16,1031.55170
2016-12-18,1031.93520
2016-12-19,1032.11150
2016-12-20,1031.20310
2016-12-21,1031.38510
2016-12-22,1031.55620
2016-12-23,1031.71540
2016-12-25,1032.11200
2016-12-26,1032.29000
2016-12-27,1031.20920
2016-12-28,1031.39210
2016-12-29,1031.57580
2016-12-30,1031.77590
2017-01-01,1032.16520
2017-01-02,1032.35380
2017-01-03,1031.21930
2017-01-04,1031.39760
2017-01-05,1031.57470
2017-01-06,1031.75410
2017-01-08,1032.11160
2017-01-09,1032.28880
2017-01-10,1031.20800
2017-01-11,1031.38240
2017-01-12,1031.55900
2017-01-13,1031.73500
2017-01-15,1032.09980
2017-01-16,1032.27930
2017-01-17,1031.20720
2017-01-18,1031.38600
2017-01-19,1031.56670
2017-01-20,1031.74380
2017-01-22,1032.11580
2017-01-23,1032.29280
2017-01-24,1031.21190
2017-01-25,1031.38270
2017-01-26,1031.56750
2017-01-27,1031.75010
2017-01-29,1032.11330
2017-01-30,1032.29450
2017-01-31,1031.21840
2017-02-01,1031.40580
2017-02-02,1031.58750
2017-02-03,1031.77900
2017-02-05,1032.15150
2017-02-06,1032.33270
2017-02-07,1031.20970
2017-02-08,1031.33750
2017-02-09,1031.51820
2017-02-10,1031.70410
2017-02-12,1032.07780
2017-02-13,1032.26320
2017-02-14,1031.21450
2017-02-15,1031.39980
2017-02-16,1031.58090
2017-02-17,1031.77280
2017-02-19,1032.14130
2017-02-20,1032.32950
2017-02-21,1031.20410
2017-02-22,1031.38850
2017-02-23,1031.57370
2017-02-26,1032.11400
2017-02-27,1032.29890
2017-02-28,1031.21540
2017-03-01,1031.40230
2017-03-02,1031.58030
2017-03-03,1031.75880
2017-03-05,1032.12950
2017-03-06,1032.30500
2017-03-07,1031.20530
2017-03-08,1031.38410
2017-03-09,1031.56050
2017-03-10,1031.74660
2017-03-13,1032.28990
2017-03-14,1032.47190
2017-03-15,1031.22160
2017-03-16,1031.40370
2017-03-17,1031.58170
2017-03-19,1031.97910
2017-03-20,1032.16860
2017-03-21,1031.22840
2017-03-22,1031.44450
2017-03-23,1031.62630
2017-03-24,1031.80280
2017-03-26,1032.16140
2017-03-27,1032.33420
2017-03-28,1031.20440
2017-03-29,1031.38820
2017-03-30,1031.56640
2017-03-31,1031.88130
2017-04-02,1032.30490
2017-04-03,1032.48700
2017-04-04,1031.21020
2017-04-05,1031.38770
2017-04-06,1031.55560
2017-04-07,1031.72910
2017-04-09,1032.07560
2017-04-10,1032.26240
2017-04-11,1031.22180
2017-04-12,1031.39910
2017-04-13,1031.56760
2017-04-16,1032.13150
2017-04-17,1032.30700
2017-04-18,1031.20880
2017-04-19,1031.38460
2017-04-20,1031.56070
2017-04-21,1031.73540
2017-04-23,1032.09420
2017-04-24,1032.27120
2017-04-25,1031.20820
2017-04-26,1031.38520
2017-04-27,1031.56180
2017-04-28,1031.74320
2017-05-01,1032.28340
2017-05-02,1032.46250
2017-05-03,1031.21100
2017-05-04,1031.39060
2017-05-05,1031.57100
2017-05-07,1031.92780
2017-05-08,1032.10740
2017-05-09,1031.21000
2017-05-10,1031.38950
2017-05-11,1031.57040
2017-05-12,1031.74460
2017-05-14,1032.10460
2017-05-15,1032.28350
2017-05-16,1031.21050
2017-05-17,1031.39020
2017-05-18,1031.56760
2017-05-19,1031.74310
2017-05-21,1032.09450
2017-05-22,1032.27350
2017-05-23,1031.21990
2017-05-24,1031.40480
2017-05-25,1031.58340
2017-05-26,1031.76420
2017-05-28,1032.12250
2017-05-29,1032.29420
2017-05-30,1031.21000
2017-05-31,1031.38490
2017-06-01,1031.56410
2017-06-02,1031.75110
2017-06-04,1032.10270
2017-06-05,1032.28090
2017-06-06,1031.20550
2017-06-07,1031.39170
2017-06-08,1031.56870
2017-06-09,1031.74910
2017-06-11,1032.10790
2017-06-12,1032.28330
2017-06-13,1031.21430
2017-06-14,1031.39010
2017-06-15,1031.57760
2017-06-16,1031.74970
2017-06-18,1032.10020
2017-06-19,1032.27490
2017-06-20,1031.20520
2017-06-21,1031.38650
2017-06-22,1031.55940
2017-06-23,1031.73800
2017-06-26,1032.27780
2017-06-27,1032.46080
2017-06-28,1031.20200
2017-06-29,1031.36990
2017-06-30,1031.58290
2017-07-02,1031.97290
2017-07-03,1032.15200
2017-07-04,1031.21720
2017-07-05,1031.39980
2017-07-06,1031.58440
2017-07-07,1031.77640
2017-07-09,1032.13340
2017-07-10,1032.32280
2017-07-11,1031.21210
2017-07-12,1031.39460
2017-07-13,1031.58740
2017-07-14,1031.76660
2017-07-16,1032.11340
2017-07-17,1032.29060
2017-07-18,1031.20570
2017-07-19,1031.38910
2017-07-20,1031.57540
2017-07-21,1031.75650
2017-07-23,1032.11110
2017-07-24,1032.29280
2017-07-25,1031.20270
2017-07-26,1031.37910
2017-07-27,1031.55110
2017-07-28,1031.72310
2017-07-30,1032.06940
2017-07-31,1032.23920
2017-08-01,1031.20230
2017-08-02,1031.37700
2017-08-03,1031.55900
2017-08-04,1031.73700
2017-08-06,1032.08860
2017-08-07,1032.26470
2017-08-08,1031.20660
2017-08-09,1031.38650
2017-08-10,1031.55980
2017-08-11,1031.73180
2017-08-13,1032.08300
2017-08-14,1032.25540
2017-08-15,1031.20390
2017-08-16,1031.36990
2017-08-17,1031.55660
2017-08-18,1031.73640
2017-08-20,1032.08800
2017-08-21,1032.26270
2017-08-22,1031.20720
2017-08-23,1031.37960
2017-08-24,1031.54700
2017-08-27,1032.06290
2017-08-28,1032.23630
2017-08-29,1031.20730
2017-08-30,1031.38460
2017-08-31,1031.56750
2017-09-01,1031.74710
2017-09-03,1032.09260
2017-09-04,1032.27110
2017-09-05,1031.20750
2017-09-06,1031.37780
2017-09-07,1031.54930
2017-09-08,1031.71770
2017-09-10,1032.05710
2017-09-11,1032.23580
2017-09-12,1031.21240
2017-09-13,1031.38310
2017-09-14,1031.55150
2017-09-15,1031.72890
2017-09-17,1032.08120
2017-09-18,1032.25190
2017-09-19,1031.20320
2017-09-20,1031.38160
2017-09-21,1031.54950
2017-09-22,1031.71450
2017-09-24,1032.06120
2017-09-25,1032.24270
2017-09-26,1031.20710
2017-09-27,1031.37760
2017-09-28,1031.55060
2017-09-29,1031.72930
2017-10-02,1032.24490
2017-10-03,1032.43030
2017-10-04,1031.19790
2017-10-05,1031.37300
2017-10-06,1031.53790
2017-10-08,1031.88120
2017-10-09,1032.05660
2017-10-10,1031.19740
2017-10-11,1031.37380
2017-10-12,1031.54820
2017-10-13,1031.71980
2017-10-15,1032.08230
2017-10-16,1032.25880
2017-10-17,1031.20060
2017-10-18,1031.37160
2017-10-22,1032.05550
2017-10-23,1032.22760
2017-10-24,1031.20160
2017-10-25,1031.38240
2017-10-26,1031.55060
2017-10-27,1031.72670
2017-10-29,1032.07880
2017-10-30,1032.24850
2017-10-31,1031.20110
2017-11-01,1031.37690
2017-11-02,1031.55170
2017-11-03,1031.72020
2017-11-05,1032.06220
2017-11-06,1032.23740
2017-11-07,1031.20840
2017-11-08,1031.37840
2017-11-09,1031.55200
2017-11-10,1031.72430
2017-11-12,1032.06950
2017-11-13,1032.24130
2017-11-14,1031.20010
2017-11-15,1031.37730
2017-11-16,1031.55380
2017-11-17,1031.72550
2017-11-19,1032.06730
2017-11-20,1032.24040
2017-11-21,1031.20480
2017-11-22,1031.37620
2017-11-23,1031.55120
2017-11-24,1031.72670
2017-11-26,1032.07750
2017-11-27,1032.25270
2017-11-28,1031.20490
2017-11-29,1031.37820
2017-11-30,1031.55250
2017-12-03,1032.07620
2017-12-04,1032.24930
2017-12-05,1031.20440
2017-12-06,1031.37860
2017-12-07,1031.54970
2017-12-08,1031.72430
2017-12-10,1032.07600
2017-12-11,1032.24930
2017-12-12,1031.20440
2017-12-13,1031.37420
2017-12-14,1031.54740
2017-12-15,1031.71830
2017-12-17,1032.06650
2017-12-18,1032.23810
2017-12-19,1031.20620
2017-12-20,1031.37110
2017-12-21,1031.53000
2017-12-22,1031.71130
2017-12-25,1032.23360
2017-12-26,1032.40960
2017-12-27,1031.21480
2017-12-28,1031.40790
2017-12-29,1031.61960
2017-12-31,1031.96720
2018-01-01,1032.15400
2018-01-02,1031.20540
2018-01-03,1031.38240
2018-01-04,1031.54980
2018-01-05,1031.72120
2018-01-07,1032.07510
2018-01-08,1032.25460
2018-01-09,1031.20760
2018-01-10,1031.37910
2018-01-11,1031.55490
2018-01-12,1031.72970
2018-01-14,1032.08880
2018-01-15,1032.27850
2018-01-16,1031.20820
2018-01-17,1031.38020
2018-01-18,1031.56180
2018-01-19,1031.74270
2018-01-21,1032.10130
2018-01-22,1032.27890
2018-01-23,1031.20960
2018-01-24,1031.38950
2018-01-25,1031.56920
2018-01-28,1032.10900
2018-01-29,1032.28950
2018-01-30,1031.21390
2018-01-31,1031.39850
2018-02-01,1031.57910
2018-02-02,1031.76500
2018-02-04,1032.13070
2018-02-05,1032.31140
2018-02-06,1031.21260
2018-02-07,1031.39190
2018-02-08,1031.57090
2018-02-09,1031.75450
2018-02-11,1032.12060
2018-02-12,1032.30860
2018-02-13,1031.21190
2018-02-14,1031.39640
2018-02-15,1031.57990
2018-02-16,1031.76260
2018-02-19,1032.30870
2018-02-20,1032.48670
2018-02-21,1031.21700
2018-02-22,1031.38830
2018-02-23,1031.57280
2018-02-25,1031.93930
2018-02-26,1032.12790
2018-02-27,1031.21250
2018-02-28,1031.39620
2018-03-01,1031.58470
2018-03-04,1032.16120
2018-03-05,1032.35100
2018-03-06,1031.24000
2018-03-07,1031.49440
2018-03-08,1031.68160
2018-03-09,1031.86710
2018-03-11,1032.24650
2018-03-12,1032.44740
2018-03-13,1031.22400
2018-03-14,1031.41860
2018-03-15,1031.67630
2018-03-16,1032.02550
2018-03-18,1032.40530
2018-03-19,1032.59200
2018-03-20,1031.22420
2018-03-21,1031.37450
2018-03-22,1031.53640
2018-03-23,1031.67970
2018-03-25,1032.05720
2018-03-26,1032.18310
2018-03-27,1031.22990
2018-03-28,1032.04030
2018-03-31,1032.61550
2018-04-02,1033.00250
2018-04-03,1033.25830
2018-04-04,1031.24370
2018-04-05,1031.43300
2018-04-06,1031.63390
2018-04-08,1032.01250
2018-04-09,1032.21110
2018-04-10,1031.21870
2018-04-11,1031.39950
2018-04-12,1031.57820
2018-04-13,1031.76200
2018-04-15,1032.14290
2018-04-16,1032.32800
2018-04-17,1031.21470
2018-04-18,1031.40990
2018-04-19,1031.59540
2018-04-20,1031.72430
2018-04-22,1032.10460
2018-04-23,1032.27680
2018-04-24,1031.21520
2018-04-25,1031.39780
2018-04-26,1031.58710
2018-04-27,1031.77910
2018-05-01,1032.54350
2018-05-02,1032.73040
2018-05-03,1031.21620
2018-05-04,1031.38550
2018-05-06,1031.76510
2018-05-07,1031.93970
2018-05-08,1031.21420
2018-05-09,1031.38520
2018-05-10,1031.55300
2018-05-11,1031.73660
2018-05-13,1032.11780
2018-05-14,1032.29850
2018-05-15,1031.20070
2018-05-16,1031.35400
2018-05-17,1031.52840
2018-05-18,1031.71110
2018-05-20,1032.09920
2018-05-21,1032.26510
2018-05-22,1031.22490
2018-05-23,1031.41110
2018-05-24,1031.60020
2018-05-25,1031.78960
2018-05-27,1032.17540
2018-05-28,1032.38850
2018-05-29,1031.24670
2018-05-30,1031.46400
2018-05-31,1031.64570
2018-06-01,1031.81770
2018-06-03,1032.22020
2018-06-04,1032.41460
2018-06-05,1031.23490
2018-06-06,1031.49460
2018-06-07,1031.70060
2018-06-08,1031.89760
2018-06-10,1032.29600
2018-06-11,1032.50280
2018-06-12,1031.23610
2018-06-13,1031.44790
2018-06-14,1031.67000
2018-06-15,1031.89130
2018-06-17,1032.29200
2018-06-18,1032.51900
2018-06-19,1031.25930
2018-06-20,1031.45900
2018-06-21,1031.66400
2018-06-22,1031.86070
2018-06-24,1032.26010
2018-06-25,1032.46070
2018-06-26,1031.23830
2018-06-27,1031.43960
2018-06-28,1031.64860
2018-06-29,1031.89560
2018-07-01,1032.30220
2018-07-02,1032.53970
2018-07-03,1031.25850
2018-07-04,1031.49160
2018-07-05,1031.71850
2018-07-06,1031.90920
2018-07-08,1032.30720
2018-07-09,1032.51040
2018-07-10,1031.21900
2018-07-11,1031.39570
2018-07-12,1031.59190
2018-07-13,1031.78860
2018-07-15,1032.18270
2018-07-16,1032.37810
2018-07-17,1031.23420
2018-07-18,1031.43300
2018-07-19,1031.62830
2018-07-20,1031.81840
2018-07-22,1032.21020
2018-07-23,1032.39560
2018-07-24,1031.21290
2018-07-25,1031.39180
2018-07-26,1031.57920
2018-07-27,1031.77430
2018-07-29,1032.15630
2018-07-30,1032.35240
2018-07-31,1031.23040
2018-08-01,1031.41960
2018-08-02,1031.61000
2018-08-03,1031.81080
2018-08-05,1032.19470
2018-08-06,1032.38860
2018-08-07,1031.23600
2018-08-08,1031.42990
2018-08-09,1031.64570
2018-08-10,1031.83820
2018-08-12,1032.22160
2018-08-13,1032.41610
2018-08-14,1031.22400
2018-08-15,1031.41580
2018-08-16,1031.60840
2018-08-19,1032.18410
2018-08-20,1032.37280
2018-08-21,1031.22350
2018-08-22,1031.41480
2018-08-23,1031.60130
2018-08-24,1031.79780
2018-08-26,1032.18320
2018-08-27,1032.38250
2018-08-28,1031.24040
2018-08-29,1031.43620
2018-08-30,1031.63750
2018-08-31,1031.83680
2018-09-02,1032.22550
2018-09-03,1032.42640
2018-09-04,1031.24030
2018-09-05,1031.43980
2018-09-06,1031.63810
2018-09-07,1031.83230
2018-09-09,1032.22550
2018-09-10,1032.40380
2018-09-11,1031.16920
2018-09-12,1031.33900
2018-09-13,1031.53570
2018-09-14,1031.73480
2018-09-16,1032.13660
2018-09-17,1032.32020
2018-09-18,1031.22650
2018-09-19,1031.42840
2018-09-20,1031.63030
2018-09-21,1031.83410
2018-09-23,1032.23620
2018-09-24,1032.40650
2018-09-25,1031.07570
2018-09-26,1031.25740
2018-09-27,1031.54180
2018-09-28,1031.77450
2018-09-30,1032.18180
2018-10-01,1032.38410
2018-10-02,1031.22880
2018-10-03,1031.43290
2018-10-04,1031.62620
2018-10-05,1031.86880
2018-10-07,1032.28860
2018-10-08,1032.49280
2018-10-09,1031.23290
2018-10-10,1031.44480
2018-10-11,1031.65330
2018-10-12,1031.85020
2018-10-14,1032.25460
2018-10-15,1032.44840
2018-10-16,1031.23450
2018-10-17,1031.43520
2018-10-18,1031.63860
2018-10-19,1031.84000
2018-10-21,1032.24820
2018-10-22,1032.45300
2018-10-23,1031.23260
2018-10-24,1031.43210
2018-10-25,1031.63690
2018-10-26,1031.83590
2018-10-28,1032.23810
2018-10-29,1032.43960
2018-10-30,1031.23200
2018-10-31,1031.43190
2018-11-01,1031.63950
2018-11-02,1031.86490
2018-11-04,1032.27620
2018-11-05,1032.50840
2018-11-06,1031.25050
2018-11-08,1031.65940
2018-11-09,1031.86890
2018-11-11,1032.27630
2018-11-12,1032.51450
2018-11-13,1031.24130
2018-11-14,1031.49010
2018-11-15,1031.75840
2018-11-16,1031.96570
2018-11-18,1032.37310
2018-11-19,1032.58260
2018-11-20,1031.23510
2018-11-21,1031.45070
2018-11-22,1031.66820
2018-11-25,1032.27620
2018-11-26,1032.51410
2018-11-27,1031.25790
2018-11-28,1031.46830
2018-11-29,1031.68220
2018-11-30,1031.89030
2018-12-02,1032.29060
2018-12-03,1032.50640
2018-12-04,1031.26890
2018-12-05,1031.51320
2018-12-06,1031.74410
2018-12-07,1031.94550
2018-12-09,1032.34250
2018-12-10,1032.53470
2018-12-11,1031.19740
2018-12-12,1031.42460
2018-12-13,1031.64410
2018-12-14,1031.86420
2018-12-16,1032.26380
2018-12-17,1032.46640
2018-12-18,1031.24520
2018-12-19,1031.45940
2018-12-20,1031.64370
2018-12-21,1031.80940
2018-12-23,1032.20790
2018-12-24,1032.40840
2018-12-25,1031.23150
2018-12-26,1031.42400
2018-12-27,1031.62880
2018-12-28,1031.83810
2018-12-30,1032.24230
2018-12-31,1032.47500
2019-01-01,1031.24900
2019-01-02,1031.48060
2019-01-03,1031.66050
2019-01-04,1031.86360
2019-01-06,1032.26080
2019-01-07,1032.46070
2019-01-08,1031.23720
2019-01-09,1031.44410
2019-01-10,1031.65120
2019-01-11,1031.85600
2019-01-13,1032.25260
2019-01-14,1032.45000
2019-01-15,1031.22870
2019-01-16,1031.42570
2019-01-17,1031.62810
2019-01-18,1031.82770
2019-01-20,1032.22260
2019-01-21,1032.42660
2019-01-22,1031.22810
2019-01-23,1031.42670
2019-01-24,1031.62850
2019-01-25,1031.82610
2019-01-27,1032.21870
2019-01-28,1032.41770
2019-01-29,1031.22630
2019-01-30,1031.41990
2019-01-31,1031.61710
2019-02-01,1031.80810
2019-02-03,1032.19790
2019-02-04,1032.37870
2019-02-05,1031.22340
2019-02-06,1031.41660
2019-02-07,1031.63970
2019-02-08,1031.85070
2019-02-10,1032.23810
2019-02-11,1032.43630
2019-02-12,1031.22370
2019-02-13,1031.42020
2019-02-14,1031.60290
2019-02-15,1031.77300
2019-02-17,1032.15750
2019-02-18,1032.32170
2019-02-19,1031.22320
2019-02-20,1031.39880
2019-02-21,1031.59070
2019-02-22,1031.80450
2019-02-24,1032.17820
2019-02-25,1032.37440
2019-02-26,1031.22090
2019-02-27,1031.39990
2019-02-28,1031.57880
2019-03-01,1031.78440
2019-03-04,1032.38000
2019-03-05,1032.58080
2019-03-06,1031.23110
2019-03-07,1031.42820
2019-03-08,1031.62050
2019-03-10,1032.01230
2019-03-11,1032.21270
2019-03-12,1031.24180
2019-03-13,1031.47050
2019-03-14,1031.73290
2019-03-15,1031.91220
2019-03-17,1032.30490
2019-03-18,1032.49830
2019-03-19,1031.22720
2019-03-20,1031.40010
2019-03-21,1031.60010
2019-03-22,1031.77010
2019-03-24,1032.17060
2019-03-25,1032.37230
2019-03-26,1031.23560
2019-03-27,1031.42420
2019-03-28,1031.63480
2019-03-29,1032.26520
2019-03-31,1032.66750
2019-04-01,1032.86870
2019-04-02,1033.18070
2019-04-03,1031.21550
2019-04-04,1031.43520
2019-04-05,1031.61750
2019-04-07,1032.02160
2019-04-08,1032.18880
2019-04-09,1031.20280
2019-04-10,1031.38030
2019-04-11,1031.55530
2019-04-12,1031.71500
2019-04-14,1032.11450
2019-04-15,1032.32370
2019-04-16,1031.25710
2019-04-17,1031.45600
2019-04-18,1031.64990
2019-04-21,1032.24950
2019-04-22,1032.43400
2019-04-23,1031.20870
2019-04-24,1031.39390
2019-04-25,1031.59050
2019-04-26,1031.78120
2019-04-29,1032.38080
2019-04-30,1032.56130
2019-05-01,1031.23030
2019-05-02,1031.41000
2019-05-03,1031.60260
2019-05-05,1032.00090
2019-05-06,1032.20220
2019-05-07,1031.24530
2019-05-08,1031.45590
2019-05-09,1031.65960
2019-05-10,1031.85580
2019-05-12,1032.25150
2019-05-13,1032.45940
2019-05-14,1031.25210
2019-05-15,1031.47250
2019-05-16,1031.71230
2019-05-17,1031.92060
2019-05-19,1032.31350
2019-05-20,1032.52170
2019-05-21,1031.23890
2019-05-22,1031.45730
2019-05-23,1031.70380
2019-05-24,1031.91730
2019-05-26,1032.30170
2019-05-27,1032.49330
2019-05-28,1031.24370
2019-05-29,1031.44670
2019-05-30,1031.64180
2019-05-31,1031.88840
2019-06-02,1032.26560
2019-06-03,1032.47930
2019-06-04,1031.22820
2019-06-05,1031.42620
2019-06-06,1031.66730
2019-06-07,1031.85680
2019-06-09,1032.22530
2019-06-10,1032.40990
2019-06-11,1031.20780
2019-06-12,1031.39290
2019-06-13,1031.57640
2019-06-14,1031.75770
2019-06-16,1032.12580
2019-06-17,1032.30970
2019-06-18,1031.21010
2019-06-19,1031.39150
2019-06-20,1031.65190
2019-06-21,1031.80140
2019-06-23,1032.15390
2019-06-24,1032.32220
2019-06-25,1031.20190
2019-06-26,1031.37260
2019-06-27,1031.56110
2019-06-28,1031.74120
2019-06-30,1032.09520
2019-07-01,1032.29530
2019-07-02,1031.22980
2019-07-03,1031.45130
2019-07-04,1031.65810
2019-07-05,1031.86680
2019-07-07,1032.21110
2019-07-08,1032.39240
2019-07-09,1031.21480
2019-07-10,1031.41260
2019-07-11,1031.60640
2019-07-12,1031.78910
2019-07-14,1032.12750
2019-07-15,1032.31410
2019-07-16,1031.26180
2019-07-17,1031.48570
2019-07-18,1031.65010
2019-07-19,1031.82840
2019-07-21,1032.15650
2019-07-22,1032.31290
2019-07-23,1031.18990
2019-07-24,1031.36540
2019-07-25,1031.53070
2019-07-26,1031.70570
2019-07-28,1032.03300
2019-07-29,1032.24530
2019-07-30,1031.20390
2019-07-31,1031.41530
2019-08-01,1031.62220
2019-08-02,1031.80400
2019-08-04,1032.12310
2019-08-05,1032.29290
2019-08-06,1031.21830
2019-08-07,1031.47990
2019-08-08,1031.68450
2019-08-09,1031.89880
2019-08-12,1032.36400
2019-08-13,1032.48000
2019-08-14,1031.13800
2019-08-15,1031.29410
2019-08-16,1031.46760
2019-08-18,1031.77890
2019-08-19,1031.95070
2019-08-20,1031.21300
2019-08-21,1031.40140
2019-08-22,1031.56280
2019-08-23,1031.71980
2019-08-25,1032.02770
2019-08-26,1032.18990
2019-08-27,1031.19920
2019-08-28,1031.36770
2019-08-29,1031.52620
2019-08-30,1031.68070
2019-09-02,1032.13970
2019-09-03,1032.29780
2019-09-04,1031.20590
2019-09-05,1031.39220
2019-09-06,1031.56930
2019-09-08,1031.87010
2019-09-09,1032.03380
2019-09-10,1031.17990
2019-09-11,1031.35740
2019-09-12,1031.53080
2019-09-13,1031.68010
2019-09-15,1031.97760
2019-09-16,1032.13370
2019-09-17,1031.16430
2019-09-18,1031.31230
2019-09-19,1031.46930
2019-09-20,1031.54490
2019-09-22,1031.82490
2019-09-23,1031.89150
2019-09-24,1031.14470
2019-09-25,1031.29130
2019-09-26,1031.46820
2019-09-27,1031.65100
2019-09-29,1031.95910
2019-09-30,1032.19770
2019-10-01,1031.25150
2019-10-02,1031.40090
2019-10-03,1031.56390
2019-10-04,1031.76500
2019-10-06,1032.06580
2019-10-07,1032.24310
2019-10-08,1031.18000
2019-10-09,1031.33550
2019-10-10,1031.49200
2019-10-11,1031.68140
2019-10-13,1031.97610
2019-10-14,1032.15500
2019-10-15,1031.21110
2019-10-16,1031.36870
2019-10-17,1031.51700
2019-10-18,1031.66010
2019-10-21,1032.09480
2019-10-22,1032.20380
2019-10-23,1031.17190
2019-10-24,1031.32870
2019-10-25,1031.47840
2019-10-28,1031.90950
2019-10-29,1032.05980
2019-10-30,1031.20760
2019-10-31,1031.40360
2019-11-01,1031.55040
2019-11-03,1031.83010
2019-11-04,1031.95890
2019-11-05,1031.14790
2019-11-06,1031.23370
2019-11-07,1031.35200
2019-11-08,1031.47400
2019-11-10,1031.75980
2019-11-11,1031.92310
2019-11-12,1031.17240
2019-11-13,1031.35980
2019-11-14,1031.52430
2019-11-15,1031.65690
2019-11-17,1031.94460
2019-11-18,1032.08990
2019-11-19,1031.18990
2019-11-20,1031.37330
2019-11-21,1031.50790
2019-11-22,1031.64930
2019-11-24,1031.92910
2019-11-25,1032.06960
2019-11-26,1031.17370
2019-11-27,1031.33940
2019-11-28,1031.51170
2019-11-29,1031.72320
2019-12-01,1031.99200
2019-12-02,1032.12900
2019-12-03,1031.16890
2019-12-04,1031.31600
2019-12-05,1031.27620
2019-12-06,1031.44340
2019-12-08,1031.72330
2019-12-09,1031.89070
2019-12-10,1031.18540
2019-12-11,1031.33550
2019-12-12,1031.47860
2019-12-13,1031.59820
2019-12-15,1031.87600
2019-12-16,1032.01760
2019-12-17,1031.17120
2019-12-18,1031.31570
2019-12-19,1031.46390
2019-12-20,1031.58510
2019-12-22,1031.86220
2019-12-23,1032.00270
2019-12-24,1031.16380
2019-12-25,1031.30390
2019-12-26,1031.44290
2019-12-27,1031.60910
2019-12-29,1031.88660
2019-12-30,1032.01780
2019-12-31,1031.16470
2020-01-01,1031.31970
2020-01-02,1031.52220
2020-01-03,1031.67480
2020-01-05,1031.94510
2020-01-06,1032.06290
2020-01-07,1031.16420
2020-01-08,1031.29530
2020-01-09,1031.43180
2020-01-10,1031.53700
2020-01-12,1031.81180
2020-01-13,1031.89950
2020-01-14,1031.14730
2020-01-15,1031.28330
2020-01-16,1031.42640
2020-01-17,1031.56380
2020-01-19,1031.84340
2020-01-20,1031.97340
2020-01-21,1031.17580
2020-01-22,1031.31410
2020-01-23,1031.44900
2020-01-24,1031.58680
2020-01-26,1031.86620
2020-01-27,1032.00310
2020-01-28,1031.17350
2020-01-29,1031.31220
2020-01-30,1031.46350
2020-01-31,1031.59930
2020-02-02,1031.88230
2020-02-03,1032.01840
2020-02-04,1031.18110
2020-02-05,1031.32090
2020-02-06,1031.47610
2020-02-07,1031.62970
2020-02-09,1031.91270
2020-02-10,1032.05660
2020-02-11,1031.21740
2020-02-12,1031.37510
2020-02-13,1031.53370
2020-02-14,1031.66960
2020-02-16,1031.95110
2020-02-17,1032.09990
2020-02-18,1031.17070
2020-02-19,1031.31150
2020-02-20,1031.44000
2020-02-23,1031.86350
2020-02-24,1032.00240
2020-02-25,1031.16290
2020-02-26,1031.30220
2020-02-27,1031.38510
2020-02-28,1031.52490
2020-03-01,1031.81120
2020-03-02,1031.94220
2020-03-03,1031.20560
2020-03-04,1031.50740
2020-03-05,1031.70010
2020-03-06,1031.88280
2020-03-08,1032.21190
2020-03-09,1032.40110
2020-03-10,1031.20110
2020-03-11,1031.36210
2020-03-12,1031.44790
2020-03-13,1031.49470
2020-03-15,1031.78020
2020-03-16,1031.89290
2020-03-17,1031.14480
2020-03-18,1031.05620
2020-03-19,1030.27650
2020-03-20,1030.30770
2020-03-22,1030.64980
2020-03-23,1029.78230
2020-03-24,1029.24390
2020-03-25,1029.44580
2020-03-26,1030.08080
2020-03-27,1033.01650
2020-03-29,1033.24620
2020-03-30,1033.56030
2020-03-31,1034.29330
2020-04-01,1034.42280
2020-04-02,1034.54910
2020-04-03,1034.91000
2020-04-06,1035.28770
2020-04-07,1035.27230
2020-04-08,1031.14310
2020-04-09,1031.27050
2020-04-12,1031.64370
2020-04-13,1031.86860
2020-04-14,1031.15580
2020-04-15,1031.24280
2020-04-16,1031.46820
2020-04-17,1031.92150
2020-04-19,1032.15140
2020-04-20,1032.37150
2020-04-21,1031.20990
2020-04-22,1031.48760
2020-04-23,1031.66980
2020-04-24,1031.73790
2020-04-26,1031.95800
2020-04-27,1032.01070
2020-04-28,1030.98700
2020-04-29,1031.06260
2020-04-30,1031.15110
2020-05-03,1031.50580
2020-05-04,1031.61110
2020-05-05,1031.20530
2020-05-06,1031.40960
2020-05-07,1031.52220
2020-05-08,1031.69970
2020-05-10,1031.92250
2020-05-11,1032.12990
2020-05-12,1031.28940
2020-05-13,1031.50280
2020-05-14,1031.70110
2020-05-15,1031.89480
2020-05-17,1032.09520
2020-05-18,1032.25380
2020-05-19,1031.14860
2020-05-20,1031.32160
2020-05-21,1031.48600
2020-05-22,1031.79860
2020-05-25,1032.06680
2020-05-26,1032.17210
2020-05-27,1031.06510
2020-05-28,1031.07470
2020-05-29,1031.11080
2020-05-31,1031.29800
2020-06-01,1031.39800
2020-06-02,1031.06030
2020-06-03,1031.12130
2020-06-04,1031.19470
2020-06-05,1031.25200
2020-06-07,1031.44500
2020-06-08,1031.54090
2020-06-09,1031.12600
2020-06-10,1031.22760
2020-06-11,1031.37030
2020-06-12,1031.52190
2020-06-14,1031.70750
2020-06-15,1031.84340
2020-06-16,1031.13320
2020-06-17,1031.24460
2020-06-18,1031.36570
2020-06-19,1031.50180
2020-06-21,1031.68380
2020-06-22,1031.79090
2020-06-23,1031.14030
2020-06-24,1031.27940
2020-06-25,1031.39900
2020-06-26,1031.48490
2020-06-28,1031.66080
2020-06-29,1031.73590
2020-06-30,1031.16670
2020-07-01,1031.31470
2020-07-02,1031.40140
2020-07-03,1031.45790
2020-07-05,1031.63380
2020-07-06,1031.68800
2020-07-07,1031.11160
2020-07-08,1031.21550
2020-07-09,1031.33050
2020-07-10,1031.41750
2020-07-12,1031.59290
2020-07-13,1031.67800
2020-07-14,1031.11250
2020-07-15,1031.23070
2020-07-16,1031.27540
2020-07-17,1031.36330
2020-07-19,1031.54170
2020-07-20,1031.60480
2020-07-21,1031.12170
2020-07-22,1031.22650
2020-07-23,1031.31830
2020-07-24,1031.39950
2020-07-26,1031.57940
2020-07-27,1031.65560
2020-07-28,1031.08420
2020-07-29,1031.16270
2020-07-30,1031.26000
2020-07-31,1031.36160
2020-08-02,1031.53640
2020-08-03,1031.62810
2020-08-04,1031.12970
2020-08-05,1031.26910
2020-08-06,1031.36080
2020-08-07,1031.43050
2020-08-09,1031.61100
2020-08-10,1031.70910
2020-08-11,1031.13270
2020-08-12,1031.23320
2020-08-13,1031.33510
2020-08-14,1031.43560
2020-08-16,1031.61450
2020-08-17,1031.72230
2020-08-18,1031.12270
2020-08-19,1031.24530
2020-08-20,1031.35890
2020-08-21,1031.41010
2020-08-23,1031.57860
2020-08-24,1031.63660
2020-08-25,1031.03360
2020-08-26,1031.14110
2020-08-27,1031.22090
2020-08-28,1031.29210
2020-08-30,1031.46350
2020-08-31,1031.56440
2020-09-01,1031.15940
2020-09-02,1031.25850
2020-09-03,1031.34270
2020-09-04,1031.42260
2020-09-06,1031.59280
2020-09-07,1031.67980
2020-09-08,1031.07380
2020-09-09,1031.12750
2020-09-10,1031.19950
2020-09-11,1031.23080
2020-09-13,1031.40370
2020-09-14,1031.51630
2020-09-15,1031.11080
2020-09-16,1031.19310
2020-09-17,1031.29310
2020-09-18,1031.37210
2020-09-20,1031.54340
2020-09-21,1031.61450
2020-09-22,1031.09980
2020-09-23,1031.19050
2020-09-24,1031.26700
2020-09-25,1031.36080
2020-09-27,1031.54180
2020-09-28,1031.64520
2020-09-29,1031.12750
2020-09-30,1031.31020
2020-10-01,1031.39830
2020-10-04,1031.66270
2020-10-05,1031.75140
2020-10-06,1031.13500
2020-10-07,1031.22970
2020-10-08,1031.31900
2020-10-09,1031.41960
2020-10-11,1031.59160
2020-10-12,1031.69090
2020-10-13,1031.14450
2020-10-14,1031.26000
2020-10-15,1031.36050
2020-10-16,1031.46080
2020-10-18,1031.62740
2020-10-19,1031.72560
2020-10-20,1031.13620
2020-10-21,1031.23730
2020-10-22,1031.31590
2020-10-23,1031.40260
2020-10-25,1031.56660
2020-10-26,1031.64230
2020-10-27,1031.09500
2020-10-28,1031.19070
2020-10-29,1031.26840
2020-10-30,1031.35070
2020-11-01,1031.51650
2020-11-02,1031.58970
2020-11-03,1031.12640
2020-11-04,1031.23040
2020-11-05,1031.31770
2020-11-06,1031.41780
2020-11-08,1031.58020
2020-11-09,1031.66070
2020-11-10,1031.11000
2020-11-11,1031.20320
2020-11-12,1031.32240
2020-11-13,1031.41000
2020-11-16,1031.64320
2020-11-17,1031.73180
2020-11-18,1031.17870
2020-11-19,1031.31440
2020-11-20,1031.37480
2020-11-22,1031.52580
2020-11-23,1031.58590
2020-11-24,1031.09510
2020-11-25,1031.21910
2020-11-26,1031.34240
2020-11-27,1031.42800
2020-11-30,1031.65160
2020-12-01,1031.64340
2020-12-02,1030.95780
2020-12-03,1031.02860
2020-12-04,1031.14750
2020-12-06,1031.30660
2020-12-07,1031.41030
2020-12-08,1031.02040
2020-12-09,1031.09420
2020-12-10,1031.20760
2020-12-11,1031.28500
2020-12-13,1031.44580
2020-12-14,1031.52200
2020-12-15,1031.08430
2020-12-16,1031.15940
2020-12-17,1031.21970
2020-12-18,1031.30980
2020-12-20,1031.47550
2020-12-21,1031.55140
2020-12-22,1031.11320
2020-12-23,1031.20510
2020-12-24,1031.29430
2020-12-27,1031.53900
2020-12-28,1031.63100
2020-12-29,1031.13420
2020-12-30,1031.24610
2020-12-31,1031.36240
2021-01-01,1031.44280
2021-01-03,1031.60270
2021-01-04,1031.68110
2021-01-05,1031.10300
2021-01-06,1031.13140
2021-01-07,1031.16670
2021-01-08,1031.24650
2021-01-10,1031.40680
2021-01-11,1031.33170
2021-01-12,1031.12570
2021-01-13,1031.23850
2021-01-14,1031.32380
2021-01-15,1031.35020
2021-01-17,1031.52030
2021-01-18,1031.60760
2021-01-19,1031.10430
2021-01-20,1031.19350
2021-01-21,1031.28330
2021-01-22,1031.36300
2021-01-24,1031.52840
2021-01-25,1031.61290
2021-01-26,1031.12410
2021-01-27,1031.22850
2021-01-28,1031.32010
2021-01-29,1031.41920
2021-01-31,1031.60290
2021-02-01,1031.70490
2021-02-02,1031.11590
2021-02-03,1031.19840
2021-02-04,1031.28460
2021-02-05,1031.38520
2021-02-07,1031.55400
2021-02-08,1031.64460
2021-02-09,1031.10380
2021-02-10,1031.19280
2021-02-11,1031.28800
2021-02-12,1031.36950
2021-02-14,1031.55720
2021-02-15,1031.65480
2021-02-16,1031.13910
2021-02-17,1031.28950
2021-02-18,1031.40670
2021-02-21,1031.64080
2021-02-22,1031.70660
2021-02-23,1031.11420
2021-02-24,1031.24860
2021-02-25,1031.36380
2021-02-26,1031.37670
2021-02-28,1031.54330
2021-03-01,1031.59140
2021-03-02,1031.10040
2021-03-03,1031.16650
2021-03-04,1031.22330
2021-03-05,1031.24290
2021-03-07,1031.41990
2021-03-08,1031.49460
2021-03-09,1031.10600
2021-03-10,1031.23180
2021-03-11,1031.32140
2021-03-12,1031.36450
2021-03-14,1031.54690
2021-03-15,1031.61280
2021-03-16,1031.11230
2021-03-17,1031.21280
2021-03-18,1031.31730
2021-03-19,1031.43880
2021-03-21,1031.62330
2021-03-22,1031.71610
2021-03-23,1031.16310
2021-03-24,1031.26810
2021-03-25,1031.36970
2021-03-26,1031.49020
2021-03-29,1031.75370
2021-03-30,1031.86600
2021-03-31,1031.15950
2021-04-04,1031.49020
2021-04-05,1031.60370
2021-04-06,1031.13230
2021-04-07,1031.20130
2021-04-08,1031.27970
2021-04-09,1031.33680
2021-04-11,1031.50260
2021-04-12,1031.58170
2021-04-14,1031.20650
2021-04-15,1031.28970
2021-04-16,1031.36510
2021-04-18,1031.53440
2021-04-19,1031.62660
2021-04-20,1031.10430
2021-04-21,1031.19930
2021-04-22,1031.30770
2021-04-23,1031.39550
2021-04-25,1031.56350
2021-04-26,1031.66800
2021-04-27,1031.10620
2021-04-28,1031.19010
2021-04-29,1031.26930
2021-04-30,1031.34750
2021-05-02,1031.51670
2021-05-03,1031.59690
2021-05-04,1031.11430
2021-05-05,1031.20090
2021-05-06,1031.27130
2021-05-07,1031.34390
2021-05-09,1031.51290
2021-05-10,1031.58160
2021-05-11,1031.11330
2021-05-12,1031.19830
2021-05-13,1031.28580
2021-05-14,1031.38270
2021-05-16,1031.55680
2021-05-17,1031.64630
2021-05-18,1031.11510
2021-05-19,1031.19480
2021-05-20,1031.29480
2021-05-21,1031.37490
2021-05-23,1031.55410
2021-05-24,1031.64060
2021-05-25,1031.09810
2021-05-26,1031.18810
2021-05-27,1031.30790
2021-05-28,1031.41090
2021-05-30,1031.58980
2021-05-31,1031.67030
2021-06-01,1031.11560
2021-06-02,1031.20790
2021-06-03,1031.30390
2021-06-04,1031.40250
2021-06-06,1031.57930
2021-06-07,1031.67370
2021-06-08,1031.11950
2021-06-09,1031.22670
2021-06-10,1031.31250
2021-06-11,1031.40000
2021-06-13,1031.57730
2021-06-14,1031.66980
2021-06-15,1031.11610
2021-06-16,1031.16560
2021-06-17,1031.21140
2021-06-18,1031.32020
2021-06-20,1031.50740
2021-06-21,1031.63680
2021-06-22,1031.13790
2021-06-23,1031.23290
2021-06-24,1031.32400
2021-06-25,1031.42380
2021-06-27,1031.60390
2021-06-28,1031.70910
2021-06-29,1031.13220
2021-06-30,1031.22920
2021-07-01,1031.35430
2021-07-02,1031.40530
2021-07-04,1031.58420
2021-07-05,1031.66230
2021-07-06,1031.10140
2021-07-07,1031.20750
2021-07-08,1031.30800
2021-07-09,1031.37930
2021-07-11,1031.56900
2021-07-12,1031.66720
2021-07-13,1031.13310
2021-07-14,1031.23490
2021-07-15,1031.33030
2021-07-16,1031.41830
2021-07-18,1031.59730
2021-07-19,1031.68750
2021-07-20,1031.11990
2021-07-21,1031.22190
2021-07-22,1031.32960
2021-07-23,1031.43220
2021-07-25,1031.61730
2021-07-26,1031.72330
2021-07-27,1031.12360
2021-07-28,1031.22170
2021-07-29,1031.30460
2021-07-30,1031.38960
2021-08-01,1031.56920
2021-08-02,1031.67220
2021-08-03,1031.09520
2021-08-04,1031.18930
2021-08-05,1031.28530
2021-08-06,1031.36600
2021-08-08,1031.55540
2021-08-09,1031.65740
2021-08-10,1031.14100
2021-08-11,1031.24770
2021-08-12,1031.37850
2021-08-13,1031.48620
2021-08-16,1031.74540
2021-08-17,1031.85490
2021-08-18,1031.14800
2021-08-19,1031.23860
2021-08-20,1031.33880
2021-08-22,1031.50880
2021-08-23,1031.60520
2021-08-24,1031.12320
2021-08-25,1031.22110
2021-08-26,1031.31830
2021-08-27,1031.40790
2021-08-29,1031.57690
2021-08-30,1031.66930
2021-08-31,1031.12900
2021-09-01,1031.21950
2021-09-02,1031.31280
2021-09-03,1031.39160
2021-09-05,1031.56060
2021-09-06,1031.64830
2021-09-07,1031.10130
2021-09-08,1031.18480
2021-09-09,1031.25790
2021-09-12,1031.51300
2021-09-13,1031.59940
2021-09-14,1031.11400
2021-09-15,1031.20520
2021-09-16,1031.28450
2021-09-17,1031.36780
2021-09-19,1031.54010
2021-09-20,1031.61870
2021-09-21,1031.09870
2021-09-22,1031.17610
2021-09-23,1031.25520
2021-09-24,1031.32510
2021-09-26,1031.49970
2021-09-27,1031.57920
2021-09-28,1031.07090
2021-09-29,1031.12560
2021-09-30,1031.22980
2021-10-01,1031.34770
2021-10-03,1031.52410
2021-10-04,1031.62020
2021-10-05,1031.11400
2021-10-06,1031.20260
2021-10-07,1031.29460
2021-10-08,1031.40260
2021-10-10,1031.59090
2021-10-11,1031.72320
2021-10-12,1031.12710
2021-10-13,1031.24610
2021-10-14,1031.30000
2021-10-17,1031.55950
2021-10-18,1031.56930
2021-10-19,1031.11830
2021-10-20,1031.18540
2021-10-21,1031.27170
2021-10-22,1031.35250
2021-10-24,1031.53370
2021-10-25,1031.52790
2021-10-26,1031.09160
2021-10-27,1031.17510
2021-10-28,1031.25680
2021-10-29,1031.34480
2021-10-31,1031.52910
2021-11-01,1031.61660
2021-11-02,1031.13910
2021-11-03,1031.26870
2021-11-07,1031.69890
2021-11-08,1031.87960
2021-11-09,1031.16690
2021-11-10,1031.25760
2021-11-11,1031.37990
2021-11-12,1031.49550
2021-11-14,1031.67790
2021-11-15,1031.77360
2021-11-16,1031.10840
2021-11-17,1031.21340
2021-11-18,1031.30560
2021-11-21,1031.59630
2021-11-22,1031.66180
2021-11-23,1031.13320
2021-11-24,1031.25850
2021-11-25,1031.35660
2021-11-26,1031.44860
2021-11-28,1031.63340
2021-11-29,1031.72940
2021-11-30,1031.13940
2021-12-01,1031.23370
2021-12-02,1031.32520
2021-12-03,1031.42710
2021-12-05,1031.61570
2021-12-06,1031.70200
2021-12-07,1031.10460
2021-12-08,1031.25030
2021-12-09,1031.35140
2021-12-10,1031.44500
2021-12-12,1031.63000
2021-12-13,1031.71920
2021-12-14,1031.08270
2021-12-15,1031.17770
2021-12-16,1031.21630
2021-12-17,1031.33110
2021-12-19,1031.53970
2021-12-20,1031.64900
2021-12-21,1031.05930
2021-12-22,1031.16220
2021-12-23,1031.26780
2021-12-24,1031.42450
2021-12-26,1031.61580
2021-12-27,1031.73220
2021-12-28,1031.12700
2021-12-29,1031.24070
2021-12-30,1031.34220
2021-12-31,1031.46010
2022-01-02,1031.63830
2022-01-03,1031.75460
2022-01-04,1031.13140
2022-01-05,1031.24250
2022-01-06,1031.33610
2022-01-07,1031.43600
2022-01-09,1031.61480
2022-01-10,1031.69020
2022-01-11,1031.12190
2022-01-12,1031.23830
2022-01-13,1031.34370
2022-01-14,1031.43190
2022-01-16,1031.61420
2022-01-17,1031.69730
2022-01-18,1031.09620
2022-01-19,1031.08220
2022-01-20,1031.17060
2022-01-21,1031.26880
2022-01-23,1031.46940
2022-01-24,1031.56220
2022-01-25,1031.12890
2022-01-26,1031.22570
2022-01-27,1031.25440
2022-01-28,1031.36970
2022-01-30,1031.56600
2022-01-31,1031.67720
2022-02-01,1031.09730
2022-02-02,1031.13180
2022-02-03,1031.23920
2022-02-04,1031.33210
2022-02-06,1031.53700
2022-02-07,1031.63930
2022-02-08,1031.73540
2022-02-09,1031.13600
2022-02-10,1031.34940
2022-02-11,1031.47320
2022-02-13,1031.66870
2022-02-14,1031.79050
2022-02-15,1031.14010
2022-02-16,1031.25970
2022-02-17,1031.35630
2022-02-18,1031.45330
2022-02-20,1031.64450
2022-02-21,1031.73100
2022-02-22,1031.10590
2022-02-23,1031.22450
2022-02-24,1031.31010
2022-02-25,1031.41590
2022-02-27,1031.60380
2022-02-28,1031.69670
2022-03-01,1031.12670
2022-03-02,1031.21460
2022-03-03,1031.29020
2022-03-04,1031.38630
2022-03-06,1031.57980
2022-03-07,1031.67180
2022-03-08,1031.10800
2022-03-09,1031.20940
2022-03-10,1031.31030
2022-03-11,1031.42200
2022-03-13,1031.61900
2022-03-14,1031.74760
2022-03-15,1031.16350
2022-03-16,1031.26860
2022-03-17,1031.38710
2022-03-20,1031.68630
2022-03-21,1031.79510
2022-03-22,1031.11050
2022-03-23,1031.19390
2022-03-24,1031.30520
2022-03-25,1031.40690
2022-03-27,1031.60970
2022-03-28,1031.71480
2022-03-29,1031.13460
2022-03-30,1031.20810
2022-03-31,1031.46830
2022-04-03,1031.77810
2022-04-04,1031.98300
2022-04-05,1031.13650
2022-04-06,1031.25490
2022-04-07,1031.34220
2022-04-08,1031.29170
2022-04-10,1031.49370
2022-04-11,1031.60960
2022-04-12,1031.14270
2022-04-13,1031.21870
2022-04-17,1031.62150
2022-04-18,1031.72880
2022-04-19,1031.17930
2022-04-20,1031.32110
2022-04-21,1031.43720
2022-04-22,1031.48690
2022-04-24,1031.69000
2022-04-25,1031.77610
2022-04-26,1031.08060
2022-04-27,1031.17870
2022-04-28,1031.25540
2022-04-29,1031.32120
2022-05-01,1031.53150
2022-05-02,1031.66030
2022-05-03,1031.13490
2022-05-04,1030.83520
2022-05-05,1030.70470
2022-05-06,1030.81990
2022-05-08,1031.05960
2022-05-09,1031.13140
2022-05-10,1031.14030
2022-05-11,1031.24570
2022-05-12,1031.39280
2022-05-13,1031.47240
2022-05-16,1031.84220
2022-05-17,1032.01250
2022-05-18,1031.15490
2022-05-19,1031.28700
2022-05-20,1031.41600
2022-05-22,1031.66120
2022-05-23,1031.78870
2022-05-24,1031.16630
2022-05-25,1031.29250
2022-05-26,1031.41070
2022-05-27,1031.53940
2022-05-29,1031.78990
2022-05-30,1031.93290
2022-05-31,1031.16480
2022-06-01,1031.27090
2022-06-02,1031.38810
2022-06-03,1031.52370
2022-06-05,1031.77180
2022-06-06,1031.87090
2022-06-07,1031.04390
2022-06-08,1031.35940
2022-06-09,1031.50910
2022-06-10,1031.64310
2022-06-12,1031.90250
2022-06-13,1031.98530
2022-06-14,1031.17920
2022-06-15,1031.28150
2022-06-16,1031.41050
2022-06-17,1031.43840
2022-06-19,1031.70790
2022-06-20,1031.86710
2022-06-21,1031.17400
2022-06-22,1031.32230
2022-06-23,1031.48170
2022-06-24,1031.61920
2022-06-26,1031.88740
2022-06-27,1031.98730
2022-06-28,1031.15170
2022-06-29,1031.30030
2022-06-30,1031.49910
2022-07-01,1031.67180
2022-07-03,1031.93990
2022-07-04,1032.09720
2022-07-05,1031.17980
2022-07-06,1031.35460
2022-07-07,1031.50200
2022-07-08,1031.60880
2022-07-10,1031.87500
2022-07-11,1031.99850
2022-07-12,1031.16200
2022-07-13,1031.27610
2022-07-14,1031.43230
2022-07-15,1031.54100
2022-07-17,1031.81000
2022-07-18,1031.94210
2022-07-19,1031.12450
2022-07-20,1031.16870
2022-07-21,1031.23500
2022-07-22,1031.33280
2022-07-24,1031.61930
2022-07-25,1031.76750
2022-07-26,1031.04290
2022-07-27,1031.06360
2022-07-28,1031.21000
2022-07-29,1031.36080
2022-07-31,1031.66400
2022-08-01,1031.91170
2022-08-02,1031.23850
2022-08-03,1031.39860
2022-08-04,1031.53420
2022-08-05,1031.64300
2022-08-07,1031.93860
2022-08-08,1032.07740
2022-08-09,1031.17770
2022-08-10,1031.34360
2022-08-11,1031.50240
2022-08-12,1031.62050
2022-08-16,1032.21480
2022-08-17,1032.38800
2022-08-18,1031.21060
2022-08-19,1031.37720
2022-08-21,1031.67040
2022-08-22,1031.82400
2022-08-23,1031.15970
2022-08-24,1031.30030
2022-08-25,1031.43820
2022-08-26,1031.58350
2022-08-28,1031.88300
2022-08-29,1032.04320
2022-08-30,1031.14940
2022-08-31,1031.30000
2022-09-01,1031.45980
2022-09-02,1031.64270
2022-09-04,1031.93960
2022-09-05,1032.12740
2022-09-06,1031.19870
2022-09-07,1031.34560
2022-09-08,1031.48280
2022-09-09,1031.61910
2022-09-11,1031.92190
2022-09-12,1032.02750
2022-09-13,1031.15180
2022-09-14,1031.25570
2022-09-15,1031.36240
2022-09-16,1031.45280
2022-09-18,1031.77130
2022-09-19,1031.87300
2022-09-20,1031.11830
2022-09-21,1031.23940
2022-09-22,1031.40240
2022-09-23,1031.53040
2022-09-25,1031.85830
2022-09-26,1031.94140
2022-09-27,1031.02910
2022-09-28,1031.11840
2022-09-29,1031.42380
2022-09-30,1031.77410
2022-10-02,1032.10630
2022-10-03,1032.50830
2022-10-04,1031.18570
2022-10-05,1031.35600
2022-10-06,1031.51500
2022-10-07,1031.58190
2022-10-09,1031.90830
2022-10-10,1032.01270
2022-10-11,1031.06480
2022-10-12,1031.17050
2022-10-13,1031.32220
2022-10-14,1031.46900
2022-10-16,1031.81340
2022-10-17,1031.98970
2022-10-18,1031.21930
2022-10-19,1031.37010
2022-10-20,1031.52610
2022-10-21,1031.61280
2022-10-24,1032.14170
2022-10-25,1032.32000
2022-10-26,1031.20690
2022-10-27,1031.38240
2022-10-28,1031.54620
2022-10-30,1031.89890
2022-10-31,1032.08100
2022-11-01,1031.24350
2022-11-02,1031.47510
2022-11-03,1031.65600
2022-11-04,1031.81440
2022-11-06,1032.15670
2022-11-07,1032.35620
2022-11-08,1031.20070
2022-11-09,1031.35730
2022-11-10,1031.54490
2022-11-11,1031.72720
2022-11-13,1032.07140
2022-11-14,1032.25530
2022-11-15,1031.20280
2022-11-16,1031.39910
2022-11-17,1031.59100
2022-11-18,1031.76560
2022-11-20,1032.11470
2022-11-21,1032.28440
2022-11-22,1031.19190
2022-11-23,1031.37450
2022-11-24,1031.55110
2022-11-25,1031.74360
2022-11-27,1032.09810
2022-11-28,1032.31370
2022-11-29,1031.23130
2022-11-30,1031.43180
2022-12-01,1031.61540
2022-12-02,1031.79100
2022-12-04,1032.14070
2022-12-05,1032.31570
2022-12-06,1031.21890
2022-12-07,1031.37150
2022-12-08,1031.56200
2022-12-09,1031.75000
2022-12-11,1032.10400
2022-12-12,1032.29440
2022-12-13,1031.19040
2022-12-14,1031.37000
2022-12-15,1031.50810
2022-12-16,1031.66980
2022-12-18,1032.03340
2022-12-19,1032.21840
2022-12-20,1031.21340
2022-12-21,1031.43730
2022-12-22,1031.63410
2022-12-23,1031.82210
2022-12-25,1032.18490
2022-12-26,1032.35380
2022-12-27,1031.22180
2022-12-28,1031.43930
2022-12-29,1031.69130
2022-12-30,1031.97410
2023-01-01,1032.32810
2023-01-02,1032.60660
2023-01-03,1031.23320
2023-01-04,1031.43100
2023-01-05,1031.61400
2023-01-06,1031.79450
2023-01-08,1032.13870
2023-01-09,1032.31140
2023-01-10,1031.17980
2023-01-11,1031.33040
2023-01-12,1031.50510
2023-01-13,1031.61670
2023-01-15,1031.96860
2023-01-16,1032.12650
2023-01-17,1031.21500
2023-01-18,1031.37650
2023-01-19,1031.56080
2023-01-20,1031.72080
2023-01-22,1032.07620
2023-01-23,1032.22420
2023-01-24,1031.18210
2023-01-25,1031.33920
2023-01-26,1031.52020
2023-01-27,1031.71370
2023-01-29,1032.07750
2023-01-30,1032.24030
2023-01-31,1031.20300
2023-02-01,1031.42780
2023-02-02,1031.62360
2023-02-03,1031.81250
2023-02-05,1032.17250
2023-02-06,1032.35990
2023-02-07,1031.19260
2023-02-08,1031.35580
2023-02-09,1031.51210
2023-02-10,1031.70650
2023-02-12,1032.07980
2023-02-13,1032.27010
2023-02-14,1031.20060
2023-02-15,1031.36370
2023-02-16,1031.55440
2023-02-17,1031.73490
2023-02-19,1032.10480
2023-02-20,1032.24380
2023-02-21,1031.21290
2023-02-22,1031.36270
2023-02-23,1031.52750
2023-02-24,1031.67980
2023-02-26,1032.06910
2023-02-27,1032.20630
2023-02-28,1031.17550
2023-03-01,1031.36690
2023-03-02,1031.53910
2023-03-03,1031.72170
2023-03-05,1032.10690
2023-03-06,1032.28280
2023-03-07,1031.22400
2023-03-08,1031.40670
2023-03-09,1031.61190
2023-03-10,1031.94970
2023-03-12,1032.33890
2023-03-13,1032.59800
2023-03-14,1031.24890
2023-03-15,1031.36380
2023-03-16,1031.54580
2023-03-17,1031.72960
2023-03-19,1032.12090
2023-03-20,1032.34530
2023-03-21,1031.34040
2023-03-22,1031.53600
2023-03-23,1031.76010
2023-03-24,1031.88000
2023-03-26,1032.27360
2023-03-27,1032.22780
2023-03-28,1030.81660
2023-03-29,1031.58050
2023-03-30,1031.78050
2023-03-31,1032.47080
2023-04-02,1032.85480
2023-04-03,1033.16250
2023-04-04,1031.21770
2023-04-05,1031.37300
2023-04-06,1031.79860
2023-04-09,1032.35540
2023-04-10,1032.58720
2023-04-11,1031.22250
2023-04-12,1031.47830
2023-04-13,1031.66140
2023-04-16,1032.20820
2023-04-17,1032.39380
2023-04-18,1031.19510
2023-04-19,1031.35990
2023-04-20,1031.53390
2023-04-21,1031.66030
2023-04-23,1032.03140
2023-04-24,1032.20660
2023-04-25,1031.16680
2023-04-26,1031.34100
2023-04-27,1031.51230
2023-04-28,1031.65210
2023-05-01,1032.21930
2023-05-02,1032.40860
2023-05-03,1031.23010
2023-05-04,1031.40820
2023-05-07,1031.97880
2023-05-08,1032.18920
2023-05-09,1031.21740
2023-05-10,1031.39450
2023-05-11,1031.57980
2023-05-12,1031.75050
2023-05-14,1032.12860
2023-05-15,1032.32010
2023-05-16,1031.26430
2023-05-17,1031.54170
2023-05-18,1031.76970
2023-05-19,1031.98910
2023-05-21,1032.35800
2023-05-22,1032.64930
2023-05-23,1031.19710
2023-05-24,1031.36530
2023-05-25,1031.54730
2023-05-26,1031.73170
2023-05-28,1032.09500
2023-05-29,1032.22690
2023-05-30,1031.22870
2023-05-31,1031.42870
2023-06-01,1031.63750
2023-06-02,1031.83920
2023-06-04,1032.20350
2023-06-05,1032.41390
2023-06-06,1031.21310
2023-06-07,1031.38840
2023-06-08,1031.54600
2023-06-09,1031.69510
2023-06-11,1032.06130
2023-06-12,1032.24580
2023-06-13,1031.18660
2023-06-14,1031.38240
2023-06-15,1031.59540
2023-06-16,1031.78080
2023-06-18,1032.14740
2023-06-19,1032.32380
2023-06-20,1031.22960
2023-06-21,1031.45630
2023-06-22,1031.63170
2023-06-23,1031.80250
2023-06-25,1032.16910
2023-06-26,1032.28670
2023-06-27,1031.17420
2023-06-28,1031.40600
2023-06-29,1031.58680
2023-06-30,1031.81380
2023-07-02,1032.16960
2023-07-03,1032.46060
2023-07-04,1031.25930
2023-07-05,1031.42540
2023-07-06,1031.62590
2023-07-07,1031.79630
2023-07-09,1032.15940
2023-07-10,1032.33000
2023-07-11,1031.21600
2023-07-12,1031.41800
2023-07-13,1031.62920
2023-07-14,1031.80730
2023-07-16,1032.16890
2023-07-17,1032.35130
2023-07-18,1031.21930
2023-07-19,1031.41210
2023-07-20,1031.59090
2023-07-21,1031.76900
2023-07-23,1032.13690
2023-07-24,1032.32280
2023-07-25,1031.20740
2023-07-26,1031.40450
2023-07-27,1031.58010
2023-07-28,1031.73640
2023-07-30,1032.10820
2023-07-31,1032.29370
2023-08-01,1031.23370
2023-08-02,1031.43470
2023-08-03,1031.64070
2023-08-04,1031.80830
2023-08-06,1032.17690
2023-08-07,1032.32950
2023-08-08,1031.19690
2023-08-09,1031.38010
2023-08-10,1031.51630
2023-08-11,1031.70010
2023-08-13,1032.07810
2023-08-14,1032.24580
2023-08-16,1031.41020
2023-08-17,1031.59600
2023-08-18,1031.77820
2023-08-20,1032.15630
2023-08-21,1032.32900
2023-08-22,1031.21800
2023-08-23,1031.40790
2023-08-24,1031.60310
2023-08-25,1031.78810
2023-08-27,1032.16990
2023-08-28,1032.36780
2023-08-29,1031.20860
2023-08-30,1031.39520
2023-08-31,1031.59550
2023-09-01,1031.80570
2023-09-03,1032.18510
2023-09-04,1032.35680
2023-09-05,1031.21750
2023-09-06,1031.39850
2023-09-07,1031.58450
2023-09-08,1031.78630
2023-09-10,1032.16920
2023-09-11,1032.34480
2023-09-12,1031.19580
2023-09-13,1031.37790
2023-09-14,1031.60120
2023-09-15,1031.79060
2023-09-17,1032.17460
2023-09-18,1032.36280
2023-09-19,1031.21630
2023-09-20,1031.36910
2023-09-21,1031.58870
2023-09-22,1031.76890
2023-09-24,1032.14880
2023-09-25,1032.33120
2023-09-26,1031.15590
2023-09-27,1031.36040
2023-09-28,1031.55320
2023-09-29,1031.88210
2023-10-02,1032.44690
2023-10-03,1032.65910
2023-10-04,1031.22120
2023-10-05,1031.41680
2023-10-06,1031.55410
2023-10-08,1031.93120
2023-10-09,1032.11830
2023-10-10,1031.20700
2023-10-11,1031.38560
2023-10-12,1031.58280
2023-10-13,1031.76190
2023-10-15,1032.14020
2023-10-16,1032.32850
2023-10-17,1031.22680
2023-10-18,1031.44920
2023-10-19,1031.58550
2023-10-20,1031.73800
2023-10-22,1032.11570
2023-10-23,1032.30460
2023-10-24,1031.21900
2023-10-25,1031.39480
2023-10-26,1031.57790
2023-10-27,1031.76850
2023-10-29,1032.15300
2023-10-30,1032.34870
2023-10-31,1031.21670
2023-11-01,1031.42130
2023-11-02,1031.64470
2023-11-03,1031.82550
2023-11-05,1032.21110
2023-11-06,1032.41140
2023-11-07,1031.20960
2023-11-08,1031.39290
2023-11-09,1031.55850
2023-11-10,1031.74270
2023-11-12,1032.13010
2023-11-13,1032.33850
2023-11-14,1031.22330
2023-11-15,1031.42650
2023-11-16,1031.62100
2023-11-17,1031.79650
2023-11-19,1032.18300
2023-11-20,1032.37980
2023-11-21,1031.22610
2023-11-22,1031.40770
2023-11-23,1031.60040
2023-11-24,1031.79590
2023-11-27,1032.37910
2023-11-28,1032.57020
2023-11-29,1031.21750
2023-11-30,1031.39520
2023-12-01,1031.56700
2023-12-03,1031.95720
2023-12-04,1032.14030
2023-12-05,1031.23210
2023-12-06,1031.43780
2023-12-07,1031.64640
2023-12-08,1031.83510
2023-12-10,1032.22700
2023-12-11,1032.38350
2023-12-12,1031.18360
2023-12-13,1031.38500
2023-12-14,1031.55440
2023-12-15,1031.73550
2023-12-17,1032.12730
2023-12-18,1032.31250
2023-12-19,1031.25190
2023-12-20,1031.46120
2023-12-21,1031.67170
2023-12-22,1031.86380
2023-12-25,1032.46390
2023-12-26,1032.65710
2023-12-27,1031.20150
2023-12-28,1031.43790
2023-12-29,1031.83650
2023-12-31,1032.23090
2024-01-01,1032.51010
2024-01-02,1031.29390
2024-01-03,1031.50540
2024-01-04,1031.73420
2024-01-05,1031.93460
2024-01-07,1032.32100
2024-01-08,1032.53180
2024-01-09,1031.25560
2024-01-10,1031.47260
2024-01-11,1031.66390
2024-01-12,1031.86680
2024-01-14,1032.25070
2024-01-15,1032.43200
2024-01-16,1031.20440
2024-01-17,1031.37370
2024-01-18,1031.56020
2024-01-19,1031.72200
2024-01-20,1031.91640
2024-01-22,1032.30360
2024-01-23,1032.46320
2024-01-24,1031.19340
2024-01-25,1031.36100
2024-01-28,1031.96150
2024-01-29,1032.17630
2024-01-30,1031.22020
2024-01-31,1031.41920
2024-02-01,1031.62120
2024-02-02,1031.85140
2024-02-04,1032.24760
2024-02-05,1032.45100
2024-02-06,1031.21850
2024-02-07,1031.43170
2024-02-08,1031.62590
2024-02-09,1031.81850
2024-02-11,1032.23960
2024-02-12,1032.41780
2024-02-13,1031.24180
2024-02-14,1031.44500
2024-02-15,1031.69000
2024-02-16,1031.92420
2024-02-19,1032.54310
2024-02-20,1032.75220
2024-02-21,1031.26880
2024-02-22,1031.53920
2024-02-23,1031.73320
2024-02-25,1032.14650
2024-02-26,1032.34270
2024-02-27,1031.25200
2024-02-28,1031.46160
2024-02-29,1031.67610
2024-03-01,1031.88800
2024-03-03,1032.30020
2024-03-04,1032.50980
2024-03-05,1031.24890
2024-03-06,1031.45010
2024-03-07,1031.66710
2024-03-10,1032.28630
2024-03-11,1032.49620
2024-03-12,1031.24660
2024-03-13,1031.47800
2024-03-14,1031.65490
2024-03-15,1031.83200
2024-03-17,1032.25630
2024-03-18,1032.46150
2024-03-19,1031.23490
2024-03-20,1031.42640
2024-03-21,1031.58750
2024-03-22,1031.71470
2024-03-25,1032.35300
2024-03-26,1032.46340
2024-03-27,1031.20670
2024-03-28,1031.96500
2024-03-31,1032.59120
2024-04-01,1032.79470
2024-04-02,1033.44140
2024-04-03,1031.24180
2024-04-04,1031.47120
2024-04-05,1031.72030
2024-04-07,1032.10390
2024-04-08,1032.41390
2024-04-09,1031.22140
2024-04-10,1031.54290
2024-04-11,1031.73580
2024-04-12,1031.92500
2024-04-14,1032.29890
2024-04-15,1032.52860
2024-04-16,1031.24280
2024-04-17,1031.42900
2024-04-18,1031.61120
2024-04-19,1031.76050
2024-04-21,1032.13620
2024-04-22,1032.31950
2024-04-23,1031.23190
2024-04-24,1031.39460
2024-04-25,1031.49600
2024-04-26,1031.63820
2024-04-28,1032.02140
2024-04-29,1032.18760
2024-04-30,1031.19340
2024-05-01,1031.38690
2024-05-02,1031.62400
2024-05-03,1031.83130
2024-05-05,1032.21500
2024-05-06,1032.41290
2024-05-07,1031.17930
2024-05-08,1031.31000
2024-05-09,1031.47510
2024-05-10,1031.62910
2024-05-12,1032.02350
2024-05-13,1032.22980
2024-05-14,1031.25670
2024-05-15,1031.47910
2024-05-16,1031.69200
2024-05-17,1031.88770
2024-05-20,1032.47040
2024-05-21,1032.75550
2024-05-22,1031.24310
2024-05-23,1031.43460
2024-05-24,1031.63800
2024-05-26,1032.02220
2024-05-27,1032.21360
2024-05-28,1031.22080
2024-05-29,1031.41900
2024-05-30,1031.61090
2024-05-31,1031.80390
2024-06-02,1032.18810
2024-06-03,1032.39530
2024-06-04,1031.21470
2024-06-05,1031.41370
2024-06-06,1031.62770
2024-06-07,1031.82090
2024-06-09,1032.20310
2024-06-10,1032.39810
2024-06-11,1031.23100
2024-06-12,1031.42650
2024-06-13,1031.61370
2024-06-14,1031.80840
2024-06-17,1032.38510
2024-06-18,1032.56920
2024-06-19,1031.22660
2024-06-20,1031.42170
2024-06-21,1031.61030
2024-06-23,1031.99950
2024-06-24,1032.18000
2024-06-25,1031.17600
2024-06-26,1031.34350
2024-06-27,1031.52680
2024-06-28,1031.79400
2024-06-30,1032.18210
2024-07-01,1032.50710
2024-07-02,1031.33460
2024-07-03,1031.55460
2024-07-04,1031.73390
2024-07-05,1031.88860
2024-07-07,1032.26700
2024-07-08,1032.43140
2024-07-09,1031.22370
2024-07-10,1031.42760
2024-07-11,1031.63970
2024-07-12,1031.84490
2024-07-14,1032.22190
2024-07-15,1032.43190
2024-07-16,1031.21120
2024-07-17,1031.39820
2024-07-18,1031.58510
2024-07-19,1031.80790
2024-07-21,1032.18260
2024-07-22,1032.37660
2024-07-23,1031.20830
2024-07-24,1031.41160
2024-07-25,1031.62360
2024-07-26,1031.79830
2024-07-28,1032.17450
2024-07-29,1032.36100
2024-07-30,1031.23720
2024-07-31,1031.42840
2024-08-01,1031.61890
2024-08-02,1031.80840
2024-08-04,1032.18640
2024-08-05,1032.38800
2024-08-06,1031.20650
2024-08-07,1031.40560
2024-08-08,1031.59870
2024-08-09,1031.79990
2024-08-11,1032.17860
2024-08-12,1032.35930
2024-08-13,1031.21090
2024-08-14,1031.40950
2024-08-15,1031.59940
2024-08-16,1031.80370
2024-08-18,1032.18210
2024-08-19,1032.37060
2024-08-20,1031.23130
2024-08-21,1031.42110
2024-08-22,1031.61610
2024-08-23,1031.80800
2024-08-25,1032.18700
2024-08-26,1032.37090
2024-08-27,1031.21990
2024-08-28,1031.40540
2024-08-29,1031.58810
2024-08-30,1031.77180
2024-09-01,1032.15660
2024-09-02,1032.37180
2024-09-03,1031.22020
2024-09-04,1031.41110
2024-09-05,1031.59670
2024-09-06,1031.78520
2024-09-08,1032.16640
2024-09-09,1032.35250
2024-09-10,1031.21090
2024-09-11,1031.39690
2024-09-12,1031.58230
2024-09-13,1031.78030
2024-09-15,1032.16810
2024-09-16,1032.36660
2024-09-17,1031.22060
2024-09-18,1031.41330
2024-09-19,1031.63440
2024-09-20,1031.83770
2024-09-22,1032.22250
2024-09-23,1032.42360
2024-09-24,1031.24420
2024-09-25,1031.42120
2024-09-26,1031.62980
2024-09-27,1031.82820
2024-09-29,1032.21150
2024-09-30,1032.54870
2024-10-01,1031.27330
2024-10-02,1031.47170
2024-10-03,1031.73840
2024-10-04,1031.96770
2024-10-06,1032.34250
2024-10-07,1032.52980
2024-10-08,1031.22480
2024-10-09,1031.44450
2024-10-10,1031.63440
2024-10-11,1031.82850
2024-10-13,1032.20220
2024-10-14,1032.37340
2024-10-15,1031.19540
2024-10-16,1031.38910
2024-10-17,1031.55480
2024-10-18,1031.73850
2024-10-20,1032.11420
2024-10-21,1032.29990
2024-10-22,1031.18260
2024-10-23,1031.37860
2024-10-24,1031.55900
2024-10-25,1031.75510
2024-10-27,1032.13440
2024-10-28,1032.30790
2024-10-29,1031.22540
2024-10-30,1031.42220
2024-10-31,1031.62430
2024-11-03,1032.19410
2024-11-04,1032.40500
2024-11-05,1031.27160
2024-11-06,1031.48040
2024-11-07,1031.67400
2024-11-08,1031.85920
2024-11-10,1032.23340
2024-11-11,1032.41530
2024-11-12,1031.22380
2024-11-13,1031.41920
2024-11-14,1031.62320
2024-11-17,1032.18510
2024-11-18,1032.37130
2024-11-19,1031.23730
2024-11-20,1031.42350
2024-11-21,1031.58870
2024-11-22,1031.76310
2024-11-24,1032.14100
2024-11-25,1032.33390
2024-11-26,1031.20280
2024-11-27,1031.39480
2024-11-28,1031.55600
2024-11-29,1031.76440
2024-12-01,1032.14230
2024-12-02,1032.34840
2024-12-03,1031.20250
2024-12-04,1031.39650
2024-12-05,1031.59530
2024-12-06,1031.82010
2024-12-08,1032.18520
2024-12-09,1032.37530
2024-12-10,1031.21440
2024-12-11,1031.38980
2024-12-12,1031.55360
2024-12-13,1031.68400
2024-12-15,1032.06790
2024-12-16,1032.31020
2024-12-17,1031.21910
2024-12-18,1031.39370
2024-12-19,1031.56010
2024-12-20,1031.73510
2024-12-22,1032.12090
2024-12-23,1032.22010
2024-12-24,1031.08720
2024-12-25,1031.28020
2024-12-26,1031.46120
2024-12-27,1031.66040
2024-12-29,1032.05730
2024-12-30,1032.26720
2024-12-31,1031.52660
2025-01-01,1031.78900
2025-01-02,1032.06800
2025-01-03,1032.22250
2025-01-05,1032.60370
2025-01-06,1032.80750
2025-01-07,1031.21740
2025-01-08,1031.30860
2025-01-09,1031.43140
2025-01-10,1031.62730
2025-01-12,1032.01630
2025-01-13,1032.21900
2025-01-14,1031.24450
2025-01-15,1031.45980
2025-01-16,1031.70010
2025-01-17,1031.88400
2025-01-19,1032.26660
2025-01-20,1032.45620
2025-01-21,1031.22450
2025-01-22,1031.38120
2025-01-23,1031.57630
2025-01-24,1031.74720
2025-01-26,1032.13600
2025-01-27,1032.34780
2025-01-28,1031.24230
2025-01-29,1031.44800
2025-01-30,1031.64810
2025-01-31,1031.81950
2025-02-02,1032.20850
2025-02-03,1032.41520
2025-02-04,1031.26820
2025-02-05,1031.53600
2025-02-06,1031.76520
2025-02-07,1031.96130
2025-02-09,1032.34180
2025-02-10,1032.52420
2025-02-11,1031.24810
2025-02-12,1031.50110
2025-02-13,1031.68580
2025-02-14,1031.87980
2025-02-16,1032.25330
2025-02-17,1032.42140
2025-02-18,1031.22140
2025-02-19,1031.40800
2025-02-20,1031.58750
2025-02-21,1031.78660
2025-02-23,1032.16550
2025-02-24,1032.39320
2025-02-25,1031.20070
2025-02-26,1031.38900
2025-02-27,1031.53820
2025-02-28,1031.71790
2025-03-02,1032.10360
2025-03-03,1032.27760
2025-03-04,1031.22300
2025-03-05,1031.41390
2025-03-06,1031.59070
2025-03-07,1031.71160
2025-03-09,1032.09170
2025-03-10,1032.27810
2025-03-11,1031.17880
2025-03-12,1031.34880
2025-03-13,1031.54510
2025-03-16,1032.14060
2025-03-17,1032.30280
2025-03-18,1031.19750
2025-03-19,1031.38210
2025-03-20,1031.59500
2025-03-21,1031.84560
2025-03-23,1032.23350
2025-03-24,1032.58620
2025-03-25,1031.31340
2025-03-26,1031.57260
2025-03-27,1031.51280
2025-03-28,1032.82400
2025-03-31,1033.38080
2025-04-01,1033.56700
2025-04-02,1034.25650
2025-04-03,1031.58750
2025-04-04,1031.78660
2025-04-06,1032.13130
2025-04-07,1032.24420
2025-04-08,1031.26810
2025-04-09,1031.52420
2025-04-10,1031.69270
2025-04-11,1031.89990
2025-04-14,1032.40720
2025-04-15,1032.64690
2025-04-16,1031.17400
2025-04-17,1031.33190
2025-04-20,1031.84130
2025-04-21,1032.02370
2025-04-22,1031.20070
2025-04-23,1031.37550
2025-04-24,1031.53130
2025-04-25,1031.68400
2025-04-27,1032.02610
2025-04-28,1032.15630
2025-04-29,1031.12550
2025-04-30,1031.31390
2025-05-01,1031.48790
2025-05-02,1031.66760
2025-05-04,1032.01460
2025-05-05,1032.21030
2025-05-06,1031.19880
2025-05-07,1031.34000
2025-05-08,1031.48160
2025-05-09,1031.59050
2025-05-12,1032.11880
2025-05-13,1032.38380
2025-05-14,1031.22470
2025-05-15,1031.38980
2025-05-16,1031.58250
2025-05-18,1031.92840
2025-05-19,1032.13100
2025-05-20,1031.21820
2025-05-21,1031.45420
2025-05-22,1031.66150
2025-05-23,1031.90650
2025-05-25,1032.24830
2025-05-26,1032.45030
2025-05-27,1031.19030
2025-05-28,1031.37960
2025-05-29,1031.54510
2025-05-30,1031.73990
2025-06-01,1032.07640
2025-06-02,1032.26370
2025-06-03,1031.23210
2025-06-04,1031.38770
2025-06-05,1031.57520
2025-06-06,1032.04630
2025-06-08,1032.35680
2025-06-09,1032.54450
2025-06-10,1031.20910
2025-06-11,1031.32350
2025-06-12,1031.44220
2025-06-13,1031.60120
2025-06-15,1031.90090
2025-06-16,1032.03130
2025-06-17,1031.20520
2025-06-18,1031.36230
2025-06-19,1031.54740
2025-06-20,1031.71430
2025-06-22,1032.02880
2025-06-23,1032.21000
2025-06-24,1031.19870
2025-06-25,1031.30790
2025-06-26,1031.45640
2025-06-27,1031.56250
2025-06-29,1031.88470
2025-06-30,1032.16400
2025-07-01,1031.30020
2025-07-02,1031.55440
2025-07-03,1031.78580
2025-07-04,1031.95590
2025-07-06,1032.25810
2025-07-07,1032.44760
2025-07-08,1031.17370
2025-07-09,1031.28390
2025-07-10,1031.43520
2025-07-11,1031.55270
2025-07-13,1031.85980
2025-07-14,1032.06300
2025-07-15,1031.16370
2025-07-16,1031.33220
2025-07-17,1031.48920
2025-07-18,1031.62970
2025-07-20,1031.93290
2025-07-21,1032.07100
2025-07-22,1031.18250
2025-07-23,1031.33520
2025-07-24,1031.47790
2025-07-25,1031.62670
2025-07-27,1031.93490
2025-07-28,1032.07730
2025-07-29,1031.17250
2025-07-30,1031.28530
2025-07-31,1031.45390
2025-08-01,1031.61760
2025-08-03,1031.92800
2025-08-04,1032.08050
2025-08-05,1031.18710
2025-08-06,1031.32240
2025-08-07,1031.48200
2025-08-08,1031.62200
2025-08-10,1031.93260
2025-08-11,1032.06670
2025-08-12,1031.19140
2025-08-13,1031.37470
2025-08-14,1031.54550
2025-08-17,1032.00880
2025-08-18,1032.17520
2025-08-19,1031.18340
2025-08-20,1031.35050
2025-08-21,1031.50630
2025-08-22,1031.65320
2025-08-24,1031.96090
2025-08-25,1032.12260
2025-08-26,1031.16570
2025-08-27,1031.31870
2025-08-28,1031.43200
2025-08-29,1031.58940
2025-08-31,1031.89930
2025-09-01,1032.05780
2025-09-02,1031.16550
2025-09-03,1031.32330
2025-09-04,1031.49100
2025-09-05,1031.64700
2025-09-08,1032.11230
2025-09-09,1032.24250
2025-09-10,1031.16580
2025-09-11,1031.31010
2025-09-12,1031.45250
2025-09-14,1031.76820
2025-09-15,1031.93540
2025-09-16,1031.22520
2025-09-17,1031.40150
2025-09-18,1031.57240
2025-09-19,1031.73710
2025-09-21,1032.05070
2025-09-22,1032.19250
2025-09-23,1031.16780
2025-09-24,1031.30660
2025-09-25,1031.36220
2025-09-26,1031.50460
2025-09-28,1031.82870
2025-09-30,1031.47130
2025-10-01,1031.67060
2025-10-02,1031.83340
2025-10-03,1032.04180
2025-10-05,1032.35750
2025-10-06,1032.54030
2025-10-07,1031.17990
2025-10-08,1031.31550
2025-10-09,1031.43430
2025-10-10,1031.57790
2025-10-12,1031.89420
2025-10-13,1032.05360
2025-10-14,1031.17880
2025-10-15,1031.34190
2025-10-16,1031.48590
2025-10-17,1031.61600
2025-10-19,1031.93520
2025-10-20,1032.10360
2025-10-22,1031.34750
2025-10-23,1031.51750
2025-10-24,1031.66710
2025-10-26,1031.98640
2025-10-27,1032.13980
2025-10-28,1031.17980
2025-10-29,1031.32230
2025-10-30,1031.46490
2025-10-31,1031.62950
2025-11-02,1031.95130
2025-11-03,1032.16430
2025-11-04,1031.19040
2025-11-05,1031.34990
2025-11-06,1031.51100
2025-11-07,1031.68260
2025-11-09,1032.00770
2025-11-10,1032.16940
2025-11-11,1031.19660
2025-11-12,1031.36750
2025-11-13,1031.54190
2025-11-14,1031.70270
2025-11-16,1032.02090
2025-11-17,1032.17590
2025-11-18,1031.20380
2025-11-19,1031.36980
2025-11-20,1031.52890
2025-11-21,1031.69040
2025-11-23,1032.00810
2025-11-24,1032.16120
2025-11-25,1031.20600
2025-11-26,1031.37700
2025-11-27,1031.53470
2025-11-28,1031.68480
2025-11-30,1032.00650
2025-12-01,1032.12630
2025-12-02,1031.18600
2025-12-03,1031.32580
2025-12-04,1031.47030
2025-12-05,1031.76840
2025-12-07,1032.08530
2025-12-08,1032.22930
2025-12-09,1031.14800
2025-12-10,1031.25680
2025-12-11,1031.41000
2025-12-12,1031.56080
2025-12-14,1031.87910
2025-12-15,1032.00790
2025-12-16,1031.16460
2025-12-17,1031.34530
2025-12-18,1031.51210
2025-12-19,1031.68230
2025-12-21,1032.00290
2025-12-22,1032.17460
2025-12-23,1031.18580
2025-12-24,1031.39250
2025-12-25,1031.55650
2025-12-26,1031.70320
2025-12-28,1032.02610
2025-12-29,1032.16970
2025-12-30,1031.06440
2025-12-31,1031.57430
2026-01-01,1031.77390
2026-01-02,1031.90940
2026-01-04,1032.22830
2026-01-05,1032.40630
2026-01-06,1031.19150
2026-01-07,1031.27970
2026-01-08,1031.32830
2026-01-09,1031.45380
2026-01-11,1031.78720
2026-01-12,1031.93050
2026-01-13,1031.15200
2026-01-14,1031.30030
2026-01-15,1031.46640
2026-01-16,1031.59370
2026-01-18,1031.92570
2026-01-19,1031.98010
2026-01-20,1031.12310
2026-01-21,1031.25260
2026-01-22,1031.47360
2026-01-23,1031.61170
2026-01-26,1032.12950
2026-01-27,1032.32700
2026-01-28,1031.17550
2026-01-29,1031.30210
2026-01-30,1031.45590
2026-02-01,1031.80910
2026-02-02,1032.07870
2026-02-03,1031.34230
2026-02-04,1031.67310
2026-02-05,1031.86290
2026-02-06,1032.03020
2026-02-08,1032.35530
2026-02-09,1032.51090
2026-02-10,1031.24000
2026-02-11,1031.42910
2026-02-12,1031.66120
2026-02-13,1031.90270
2026-02-15,1032.22930
2026-02-16,1032.36170
2026-02-17,1031.20510
2026-02-18,1031.33340
2026-02-19,1031.49860
2026-02-20,1031.67150
2026-02-22,1032.00540
2026-02-23,1032.17190
2026-02-24,1031.17440
2026-02-25,1031.31890
2026-02-26,1031.46360
2026-02-27,1031.64390
2026-03-01,1031.98770
2026-03-02,1032.10090
2026-03-03,1031.20120
2026-03-04,1031.34460
2026-03-05,1031.44770
2026-03-06,1031.59480
2026-03-08,1031.94080
2026-03-09,1032.04400
2026-03-10,1031.19710
2026-03-11,1031.33610
2026-03-12,1031.43480
2026-03-13,1031.47280
2026-03-15,1031.84260
2026-03-16,1031.86690
2026-03-17,1031.29700
2026-03-18,1031.49750
2026-03-19,1031.68960
2026-03-20,1031.80610
2026-03-22,1032.18700
2026-03-23,1032.20200
2026-03-24,1031.05200
2026-03-25,1031.23440
2026-03-26,1031.44190
2026-03-27,1031.67930
2026-03-29,1032.09970
2026-03-30,1032.61830
2026-03-31,1031.23490
2026-04-01,1031.43860
2026-04-02,1033.07450
2026-04-05,1033.59340
2026-04-06,1033.93200
2026-04-07,1031.24670
2026-04-08,1031.60050
2026-04-09,1032.00760
2026-04-10,1032.27760
2026-04-12,1032.59130
2026-04-13,1032.87950
2026-04-14,1031.18230
2026-04-15,1031.41360
2026-04-16,1031.64660
2026-04-17,1031.76700
2026-04-19,1032.06950
2026-04-20,1032.23680
2026-04-21,1031.15120
2026-04-22,1031.24080
2026-04-23,1031.33590
2026-04-24,1031.45800
2026-04-26,1031.76950
2026-04-27,1031.79550
2026-04-28,1031.12330
2026-04-29,1031.24800
2026-04-30,1031.32890
2026-05-03,1031.82800
2026-05-04,1032.00030
2026-05-05,1031.15930
2026-05-06,1031.32310
2026-05-07,1031.49370
2026-05-08,1031.67420
2026-05-10,1032.00820
2026-05-11,1032.12730
2026-05-12,1031.17080
2026-05-13,1031.29990
2026-05-14,1031.40500
2026-05-15,1031.56420
2026-05-17,1031.90130
2026-05-18,1032.05060
2026-05-19,1031.19250
2026-05-20,1031.34090
2026-05-21,1031.45270
2026-05-22,1031.60730
2026-05-24,1031.95060
2026-05-25,1032.10680
2026-05-26,1031.16740
2026-05-27,1031.34980
2026-05-28,1031.52570
2026-05-29,1031.79920
2026-05-31,1032.14770
2026-06-01,1032.36110
2026-06-02,1031.17320
2026-06-03,1031.32410
2026-06-04,1031.55630
2026-06-05,1031.86850
2026-06-07,1032.21920
2026-06-08,1032.45580
2026-06-09,1031.41760
2026-06-10,1031.63400
2026-06-11,1031.84790
2026-06-12,1032.09540
2026-06-14,1032.43630
2026-06-15,1032.79660
2026-06-16,1031.38490
2026-06-17,1031.51340
2026-06-18,1031.71750
2026-06-19,1031.88580
2026-06-21,1032.22140
2026-06-22,1032.37120
2026-06-23,1031.17030
2026-06-24,1031.35240
2026-06-25,1031.59040
2026-06-28,1032.09570
2026-06-29,1032.20950
2026-06-30,1031.67640
2026-07-01,1032.08840
2026-07-02,1032.29930
2026-07-03,1032.47200
2026-07-05,1032.79370
2026-07-06,1032.69170
2026-07-07,1031.01270
2026-07-08,1031.11770
2026-07-09,1031.37850
2026-07-10,1031.70680
2026-07-12,1032.03700
2026-07-13,1032.19080
2026-07-14,1031.02630
2026-07-15,1031.15000
2026-07-16,1031.35310
2026-07-17,1031.64270
2026-07-19,1031.97400
2026-07-20,1032.10500
2026-07-21,1031.17800
2026-07-22,1031.25240
2026-07-23,1031.46170
2026-07-24,1031.71750
2026-07-26,1032.05160
2026-07-27,1032.18840
2026-07-28,1031.14510
2026-07-29,1031.32040
2026-07-30,1031.50180
2026-07-31,1031.76120
2026-08-02,1032.10640
2026-08-03,1032.35420
2026-08-04,1031.23700
2026-08-05,1031.46050
2026-08-06,1031.66800
2026-08-07,1031.85520
2026-08-09,1032.18690
2026-08-10,1032.39370
2026-08-11,1031.20620
2026-08-12,1031.32610
2026-08-13,1031.54030
2026-08-14,1031.72020
2026-08-16,1032.04700
2026-08-17,1032.19740
2026-08-18,1031.16440
2026-08-19,1031.34130
2026-08-20,1031.44360
2026-08-21,1031.57650
2026-08-23,1031.90980
2026-08-24,1032.09880
2026-08-25,1031.22570
2026-08-26,1031.39300
2026-08-27,1031.60120
2026-08-28,1031.78990
2026-08-30,1032.12350
2026-08-31,1032.32010
2026-09-01,1031.29690
2026-09-02,1031.64900
2026-09-03,1032.03130
2026-09-04,1032.24350
2026-09-06,1032.53770
2026-09-07,1032.65140
2026-09-08,1031.19460
2026-09-09,1031.35960
2026-09-10,1031.52450
2026-09-11,1031.60930
