Date,NAV
2006-04-03,25.62480
2006-04-04,25.80450
2006-04-05,26.20510
2006-04-07,25.84050
2006-04-10,26.04630
2006-04-12,25.43040
2006-04-13,24.87800
2006-04-17,25.35720
2006-04-18,25.79260
2006-04-19,26.04190
2006-04-20,26.25400
2006-04-21,26.30520
2006-04-24,26.33270
2006-04-25,25.89770
2006-04-26,26.60960
2006-04-27,26.63510
2006-04-28,26.66760
2006-05-02,27.61140
2006-05-03,27.62030
2006-05-04,27.30750
2006-05-05,27.37960
2006-05-08,27.58350
2006-05-09,27.64550
2006-05-10,27.81270
2006-05-11,27.54900
2006-05-12,27.28870
2006-05-15,25.93490
2006-05-16,25.90700
2006-05-17,26.74410
2006-05-18,24.64180
2006-05-19,23.35690
2006-05-22,22.07710
2006-05-23,23.06830
2006-05-24,22.62260
2006-05-25,22.55190
2006-05-26,23.07680
2006-05-29,23.19090
2006-05-30,22.97840
2006-05-31,22.31500
2006-06-01,21.37840
2006-06-02,21.12360
2006-06-05,21.12360
2006-06-06,20.39540
2006-06-07,19.50080
2006-06-08,18.57700
2006-06-09,19.84530
2006-06-12,19.29340
2006-06-13,18.21100
2006-06-14,17.82090
2006-06-15,19.11060
2006-06-16,19.78080
2006-06-19,20.19400
2006-06-20,19.95970
2006-06-21,20.46830
2006-06-22,21.05550
2006-06-23,21.22290
2006-06-26,20.40550
2006-06-27,20.49260
2006-06-28,20.49730
2006-06-29,20.62740
2006-06-30,21.58610
2006-07-03,21.62280
2006-07-04,21.48650
2006-07-05,21.68650
2006-07-06,21.68650
2006-07-07,21.10350
2006-07-10,21.33840
2006-07-12,21.78400
2006-07-13,21.69270
2006-07-14,21.35550
2006-07-17,20.69890
2006-07-18,20.48450
2006-07-19,19.81010
2006-07-20,20.45880
2006-07-21,19.90900
2006-07-24,19.85360
2006-07-25,20.19530
2006-07-26,20.46920
2006-07-27,20.75520
2006-07-28,20.79180
2006-07-31,20.89360
2006-08-01,20.93510
2006-08-02,21.24390
2006-08-03,21.31790
2006-08-04,21.28060
2006-08-07,21.18230
2006-08-08,21.53410
2006-08-09,21.91380
2006-08-10,22.06630
2006-08-11,22.30190
2006-08-14,22.49720
2006-08-16,22.70500
2006-08-17,22.62140
2006-08-18,22.56990
2006-08-21,22.68010
2006-08-22,22.67100
2006-08-23,22.44080
2006-08-24,22.66600
2006-08-25,22.82000
2006-08-28,22.93930
2006-08-29,22.97100
2006-08-30,22.91870
2006-08-31,22.61820
2006-09-01,22.85060
2006-09-04,23.18780
2006-09-05,23.28750
2006-09-06,23.48960
2006-09-07,23.42080
2006-09-08,23.58250
2006-09-11,22.75490
2006-09-12,22.90700
2006-09-13,23.25890
2006-09-14,23.34940
2006-09-15,23.41940
2006-09-18,23.50700
2006-09-19,23.17560
2006-09-20,23.31620
2006-09-21,23.59790
2006-09-22,23.54960
2006-09-25,23.40640
2006-09-26,23.60920
2006-09-27,23.68640
2006-09-28,23.66070
2006-09-29,23.88040
2006-10-03,23.90010
2006-10-04,23.65540
2006-10-05,23.94000
2006-10-06,23.99280
2006-10-09,24.09400
2006-10-10,24.04150
2006-10-11,23.94850
2006-10-12,24.18690
2006-10-13,24.33320
2006-10-16,24.52890
2006-10-17,24.60160
2006-10-18,24.63190
2006-10-19,24.37020
2006-10-20,24.35940
2006-10-23,24.37120
2006-10-26,24.46460
2006-10-27,24.70960
2006-10-30,25.07020
2006-10-31,25.03100
2006-11-01,25.16970
2006-11-02,25.24850
2006-11-03,25.34430
2006-11-06,25.56660
2006-11-07,25.49950
2006-11-08,25.30510
2006-11-09,25.42510
2006-11-10,25.59600
2006-11-13,25.71520
2006-11-14,25.63220
2006-11-15,25.68670
2006-11-16,25.50630
2006-11-17,25.21430
2006-11-20,25.22580
2006-11-21,25.72720
2006-11-22,25.88380
2006-11-23,25.87420
2006-11-24,25.92840
2006-11-27,25.97150
2006-11-28,25.76180
2006-11-29,25.95030
2006-11-30,25.97110
2006-12-01,26.25590
2006-12-04,26.42300
2006-12-05,26.67760
2006-12-06,26.54010
2006-12-07,26.61040
2006-12-08,26.24160
2006-12-11,25.46260
2006-12-12,24.21240
2006-12-13,24.78810
2006-12-14,25.42240
2006-12-15,25.62460
2006-12-18,25.78420
2006-12-19,25.18830
2006-12-20,25.12920
2006-12-21,25.61610
2006-12-22,25.98140
2006-12-26,26.30600
2006-12-27,26.40690
2006-12-28,26.42090
2006-12-29,26.51160
2007-01-02,26.83410
2007-01-03,26.97300
2007-01-04,26.77990
2007-01-05,26.62480
2007-01-08,26.31980
2007-01-09,26.08620
2007-01-10,25.80330
2007-01-11,26.43510
2007-01-12,26.92980
2007-01-15,27.17960
2007-01-16,27.21530
2007-01-17,27.40230
2007-01-18,27.33240
2007-01-19,27.12820
2007-01-22,27.18180
2007-01-23,26.86860
2007-01-24,26.94700
2007-01-25,27.29960
2007-01-29,27.29360
2007-01-31,26.91810
2007-02-02,27.48170
2007-02-05,27.65520
2007-02-06,27.63270
2007-02-07,27.79750
2007-02-08,27.67740
2007-02-09,27.26100
2007-02-12,26.21250
2007-02-13,26.17120
2007-02-14,26.17120
2007-02-15,26.85340
2007-02-19,26.82680
2007-02-20,26.57820
2007-02-21,26.57730
2007-02-22,26.33330
2007-02-23,25.57880
2007-02-26,25.67650
2007-02-27,25.49470
2007-02-28,24.52610
2007-03-01,24.88970
2007-03-02,24.37230
2007-03-05,23.22830
2007-03-06,23.57300
2007-03-07,23.27720
2007-03-08,24.11220
2007-03-09,23.79550
2007-03-12,23.95570
2007-03-13,24.29170
2007-03-14,23.59490
2007-03-15,23.66130
2007-03-16,23.33490
2007-03-20,23.76350
2007-03-21,24.05330
2007-03-22,24.57240
2007-03-23,24.50810
2007-03-26,24.33370
2007-03-28,24.04020
2007-03-29,24.10710
2007-03-30,24.26530
2007-04-02,23.34470
2007-04-03,23.49550
2007-04-04,23.69490
2007-04-05,23.79450
2007-04-09,24.34070
2007-04-10,24.37890
2007-04-11,24.45560
2007-04-12,24.45400
2007-04-13,24.96310
2007-04-16,25.53770
2007-04-17,25.34110
2007-04-18,25.40510
2007-04-19,25.26080
2007-04-20,25.61190
2007-04-23,25.57450
2007-04-24,25.99670
2007-04-25,26.10890
2007-04-26,26.14080
2007-04-27,25.69620
2007-04-30,25.90210
2007-05-03,26.22740
2007-05-04,26.14530
2007-05-07,26.05220
2007-05-08,25.79860
2007-05-09,25.84730
2007-05-10,25.80270
2007-05-11,25.91460
2007-05-14,26.08040
2007-05-15,26.00450
2007-05-16,26.24850
2007-05-17,26.33650
2007-05-18,26.35530
2007-05-21,26.46740
2007-05-22,26.48140
2007-05-23,26.37640
2007-05-24,26.26030
2007-05-25,26.53050
2007-05-28,26.58530
2007-05-29,26.67730
2007-05-30,26.41730
2007-05-31,26.57050
2007-06-01,26.67040
2007-06-04,26.51460
2007-06-05,26.66030
2007-06-06,26.18950
2007-06-07,26.14950
2007-06-08,25.98040
2007-06-11,25.98510
2007-06-12,25.99120
2007-06-13,25.81260
2007-06-14,26.13220
2007-06-15,26.16430
2007-06-18,26.04920
2007-06-19,26.29490
2007-06-20,26.48130
2007-06-21,26.67830
2007-06-22,26.55230
2007-06-25,26.51670
2007-06-26,26.64730
2007-06-27,26.58670
2007-06-28,26.74610
2007-06-29,26.96580
2007-07-02,27.10840
2007-07-03,27.39930
2007-07-04,27.55020
2007-07-05,27.45770
2007-07-06,27.82220
2007-07-09,28.03150
2007-07-10,27.96840
2007-07-11,27.89920
2007-07-12,28.19270
2007-07-13,28.39400
2007-07-16,28.35720
2007-07-17,28.28160
2007-07-18,28.27790
2007-07-19,28.55530
2007-07-20,28.41670
2007-07-23,28.82370
2007-07-24,28.93980
2007-07-25,28.64100
2007-07-26,28.77790
2007-07-27,27.86050
2007-07-30,27.78490
2007-07-31,28.32490
2007-08-01,27.35130
2007-08-02,27.44440
2007-08-03,27.68940
2007-08-06,27.32920
2007-08-07,27.33720
2007-08-08,27.86960
2007-08-09,27.55200
2007-08-10,27.24820
2007-08-13,27.42070
2007-08-14,27.40050
2007-08-16,26.43740
2007-08-17,26.07150
2007-08-21,25.84890
2007-08-22,26.19240
2007-08-23,26.11220
2007-08-24,26.47220
2007-08-27,27.03920
2007-08-28,27.18200
2007-08-29,27.38180
2007-08-30,27.43730
2007-08-31,27.91100
2007-09-03,28.02460
2007-09-04,28.06560
2007-09-05,28.00230
2007-09-06,28.27210
2007-09-07,28.22300
2007-09-10,28.18520
2007-09-11,28.11580
2007-09-12,28.10050
2007-09-13,28.28040
2007-09-14,28.18910
2007-09-17,28.12670
2007-09-18,28.36240
2007-09-19,29.15530
2007-09-20,29.19820
2007-09-21,29.40540
2007-09-24,29.76810
2007-09-25,29.78220
2007-09-26,29.69610
2007-09-27,30.02130
2007-09-28,30.33370
2007-10-01,31.03380
2007-10-03,31.54200
2007-10-04,31.51140
2007-10-05,31.16130
2007-10-08,30.63320
2007-10-09,31.96310
2007-10-10,32.76130
2007-10-11,33.23230
2007-10-12,32.82750
2007-10-15,33.73920
2007-10-16,33.75240
2007-10-17,32.95110
2007-10-18,31.97450
2007-10-19,31.26950
2007-10-22,31.21350
2007-10-23,32.78400
2007-10-24,32.99430
2007-10-25,33.40050
2007-10-26,35.32160
2007-10-29,35.32160
2007-10-30,35.08010
2007-10-31,35.23070
2007-11-01,34.72480
2007-11-02,35.13160
2007-11-05,34.75180
2007-11-07,34.55820
2007-11-08,34.09370
2007-11-12,33.63520
2007-11-14,35.36420
2007-11-15,35.55480
2007-11-16,35.52580
2007-11-19,35.94420
2007-11-20,35.51630
2007-11-21,34.14720
2007-11-22,33.94800
2007-11-23,34.55180
2007-11-26,35.25100
2007-11-27,35.19740
2007-11-28,34.89250
2007-11-29,34.90710
2007-11-30,35.73280
2007-12-03,36.47970
2007-12-04,36.93630
2007-12-05,37.41100
2007-12-06,37.37840
2007-12-07,37.50150
2007-12-10,37.58430
2007-12-11,38.16420
2007-12-12,38.94890
2007-12-13,38.88010
2007-12-14,38.76910
2007-12-17,37.10950
2007-12-18,36.77110
2007-12-19,36.81810
2007-12-20,36.73360
2007-12-24,37.82820
2007-12-26,38.37150
2007-12-27,38.59400
2007-12-28,39.14600
2007-12-31,39.43800
2008-01-01,39.87020
2008-01-02,40.25720
2008-01-03,40.06100
2008-01-04,40.60940
2008-01-07,40.74400
2008-01-08,40.14690
2008-01-09,40.01890
2008-01-10,38.96460
2008-01-11,39.11560
2008-01-14,39.11030
2008-01-15,38.51910
2008-01-16,37.58870
2008-01-17,37.50100
2008-01-18,35.93440
2008-01-21,32.02830
2008-01-22,29.87910
2008-01-23,32.07720
2008-01-24,30.94270
2008-01-25,33.35030
2008-01-28,32.77440
2008-01-29,32.88860
2008-01-30,32.03120
2008-01-31,31.81770
2008-02-01,32.59430
2008-02-04,33.46700
2008-02-05,33.77480
2008-02-06,32.98070
2008-02-08,31.18840
2008-02-12,28.78490
2008-02-13,29.15880
2008-02-14,30.82560
2008-02-15,31.52740
2008-02-19,31.52960
2008-02-20,30.57710
2008-02-21,30.78890
2008-02-22,30.27650
2008-02-25,30.62000
2008-02-26,31.04920
2008-02-27,31.28330
2008-02-28,31.41990
2008-02-29,31.39060
2008-03-03,29.56220
2008-03-05,28.98200
2008-03-07,27.84100
2008-03-11,28.63310
2008-03-12,28.49370
2008-03-13,26.61150
2008-03-14,27.14940
2008-03-18,25.29500
2008-03-19,25.51190
2008-03-24,25.28430
2008-03-25,26.86500
2008-03-26,26.92420
2008-03-28,27.65130
2008-03-31,26.69970
2008-04-01,26.49760
2008-04-02,26.63870
2008-04-03,26.63810
2008-04-04,26.03690
2008-04-07,26.43480
2008-04-08,26.44140
2008-04-09,26.44140
2008-04-10,26.46310
2008-04-11,26.63430
2008-04-15,26.97860
2008-04-16,27.26060
2008-04-17,27.71860
2008-04-21,28.29550
2008-04-22,28.67450
2008-04-23,28.50440
2008-04-24,28.35970
2008-04-25,28.95970
2008-04-28,28.83890
2008-04-29,29.32200
2008-04-30,29.34500
2008-05-02,29.63490
2008-05-05,29.57170
2008-05-06,29.24610
2008-05-07,29.12890
2008-05-08,28.80790
2008-05-09,28.20330
2008-05-12,28.17030
2008-05-14,28.46400
2008-05-15,28.93540
2008-05-16,29.33540
2008-05-20,29.21190
2008-05-21,29.41460
2008-05-22,28.70330
2008-05-23,28.17800
2008-05-26,27.43530
2008-05-27,27.21680
2008-05-28,27.45310
2008-05-29,27.24720
2008-05-30,27.28460
2008-06-02,26.56240
2008-06-03,26.47130
2008-06-04,25.68310
2008-06-05,26.01100
2008-06-06,25.73520
2008-06-09,25.07800
2008-06-10,24.88750
2008-06-11,25.28050
2008-06-12,25.36730
2008-06-13,25.33060
2008-06-16,25.58580
2008-06-17,26.06400
2008-06-18,25.73770
2008-06-19,25.23520
2008-06-20,24.38850
2008-06-23,23.74500
2008-06-24,23.48490
2008-06-25,23.63150
2008-06-26,23.70730
2008-06-27,22.82360
2008-06-30,22.24440
2008-07-02,22.24440
2008-07-03,21.21040
2008-07-04,21.82940
2008-07-08,21.81330
2008-07-09,22.69500
2008-07-10,22.78910
2008-07-11,22.12040
2008-07-14,22.08210
2008-07-15,21.05640
2008-07-16,20.76840
2008-07-17,21.38130
2008-07-18,22.22540
2008-07-21,22.45840
2008-07-22,23.01450
2008-07-23,24.57630
2008-07-24,24.31530
2008-07-25,23.63920
2008-07-28,23.90450
2008-07-29,22.97640
2008-07-30,23.68580
2008-07-31,23.80460
2008-08-01,24.17970
2008-08-04,24.19040
2008-08-05,24.65170
2008-08-06,24.57200
2008-08-07,24.66130
2008-08-08,24.74740
2008-08-11,25.27940
2008-08-12,24.91780
2008-08-13,24.85860
2008-08-14,24.15040
2008-08-18,23.97540
2008-08-20,24.17260
2008-08-21,23.49650
2008-08-22,23.80500
2008-08-25,23.95510
2008-08-26,23.94400
2008-08-27,23.63550
2008-08-28,23.27680
2008-08-29,24.10230
2008-09-01,23.98070
2008-09-02,24.75920
2008-09-04,24.50950
2008-09-05,24.00130
2008-09-08,24.64950
2008-09-09,24.58830
2008-09-10,24.19640
2008-09-11,23.75330
2008-09-12,23.46910
2008-09-15,22.74180
2008-09-16,22.75490
2008-09-17,22.41590
2008-09-18,22.42420
2008-09-19,23.37970
2008-09-22,23.24540
2008-09-23,22.75200
2008-09-24,22.93080
2008-09-25,22.77210
2008-09-26,22.07740
2008-09-29,21.42990
2008-09-30,21.73880
2008-10-01,21.91570
2008-10-03,21.14860
2008-10-06,20.39380
2008-10-07,20.05520
2008-10-08,19.54710
2008-10-10,18.15310
2008-10-13,19.40250
2008-10-14,19.40350
2008-10-15,18.41380
2008-10-16,18.30550
2008-10-17,17.46280
2008-10-20,17.68230
2008-10-21,18.27780
2008-10-22,17.51240
2008-10-23,16.86470
2008-10-24,15.23890
2008-10-27,14.87260
2008-10-29,15.65070
2008-10-31,16.51720
2008-11-03,17.48060
2008-11-04,18.26670
2008-11-05,17.43430
2008-11-06,16.94880
2008-11-07,17.34540
2008-11-10,18.16930
2008-11-11,17.10680
2008-11-12,16.60740
2008-11-14,16.31970
2008-11-17,16.06940
2008-11-18,15.59720
2008-11-19,15.30440
2008-11-20,14.90200
2008-11-21,15.59580
2008-11-24,15.54290
2008-11-25,15.28120
2008-11-26,15.66510
2008-11-28,15.32460
2008-12-01,15.32460
2008-12-02,15.21290
2008-12-03,15.35120
2008-12-04,16.07810
2008-12-05,15.75460
2008-12-08,16.09520
2008-12-10,16.86640
2008-12-11,16.91250
2008-12-12,17.05040
2008-12-15,17.34270
2008-12-16,17.47190
2008-12-17,16.87650
2008-12-18,17.40630
2008-12-19,17.44440
2008-12-22,17.27620
2008-12-23,16.93590
2008-12-24,16.75870
2008-12-26,16.41120
2008-12-29,16.83520
2008-12-30,17.09890
2008-12-31,17.01080
2009-01-01,17.41360
2009-01-02,17.57180
2009-01-05,18.09710
2009-01-06,18.12060
2009-01-07,17.05250
2009-01-09,16.63770
2009-01-12,16.22530
2009-01-13,16.07210
2009-01-14,16.45280
2009-01-15,16.02510
2009-01-16,16.40560
2009-01-19,16.46830
2009-01-20,16.15330
2009-01-21,15.71280
2009-01-22,16.05770
2009-01-23,15.44360
2009-01-27,15.75620
2009-01-28,16.15340
2009-01-29,16.08070
2009-01-30,16.41240
2009-02-02,15.85950
2009-02-03,15.90390
2009-02-04,16.00520
2009-02-05,15.92040
2009-02-06,16.16960
2009-02-09,16.58070
2009-02-10,16.64030
2009-02-11,16.63940
2009-02-12,16.52550
2009-02-13,16.75700
2009-02-16,16.32630
2009-02-17,16.02300
2009-02-18,15.91920
2009-02-19,15.90440
2009-02-24,15.59210
2009-02-25,15.64980
2009-02-26,15.68470
2009-02-27,15.64170
2009-03-02,15.23320
2009-03-03,15.01070
2009-03-04,15.06960
2009-03-05,14.82310
2009-03-06,14.98760
2009-03-09,14.74090
2009-03-12,14.96000
2009-03-13,15.44370
2009-03-16,15.72570
2009-03-17,15.58930
2009-03-18,15.76790
2009-03-19,15.76480
2009-03-20,15.74070
2009-03-23,16.36870
2009-03-24,16.25210
2009-03-25,16.50250
2009-03-26,16.89320
2009-03-30,16.42770
2009-03-31,16.68570
2009-04-01,16.88300
2009-04-02,17.58440
2009-04-06,17.88330
2009-04-08,18.16020
2009-04-09,18.30010
2009-04-13,18.58690
2009-04-15,19.11640
2009-04-16,18.53750
2009-04-17,18.64840
2009-04-20,18.69270
2009-04-21,18.53590
2009-04-22,18.35810
2009-04-23,18.81930
2009-04-24,19.12870
2009-04-27,19.06480
2009-04-28,18.50890
2009-04-29,18.92260
2009-05-04,19.86350
2009-05-05,19.99380
2009-05-06,19.72900
2009-05-07,20.09130
2009-05-08,19.84060
2009-05-11,19.47870
2009-05-12,19.96120
2009-05-13,19.78810
2009-05-14,19.66960
2009-05-15,20.04010
2009-05-18,0.00000
2009-05-19,23.76750
2009-05-20,23.84370
2009-05-21,23.37940
2009-05-22,23.61660
2009-05-25,23.68670
2009-05-26,23.04740
2009-05-27,23.90260
2009-05-28,24.24190
2009-05-29,24.79950
2009-06-01,25.10700
2009-06-02,25.19770
2009-06-03,25.28940
2009-06-04,25.50490
2009-06-05,25.48110
2009-06-08,24.35700
2009-06-09,25.11640
2009-06-10,25.66750
2009-06-11,25.53100
2009-06-12,25.14020
2009-06-15,24.61160
2009-06-16,25.03670
2009-06-17,24.22120
2009-06-18,23.73450
2009-06-19,24.17000
2009-06-22,23.84410
2009-06-23,23.90610
2009-06-24,24.13860
2009-06-25,24.02470
2009-06-26,24.57490
2009-06-29,24.75290
2009-06-30,24.10890
2009-07-02,24.54310
2009-07-03,25.03080
2009-07-06,23.49570
2009-07-07,23.65660
2009-07-08,22.90380
2009-07-09,23.06750
2009-07-10,22.48420
2009-07-13,22.01410
2009-07-14,22.97450
2009-07-15,23.78580
2009-07-16,23.71820
2009-07-17,24.51720
2009-07-20,24.92080
2009-07-21,24.87720
2009-07-22,24.47000
2009-07-23,25.15160
2009-07-24,25.30880
2009-07-27,25.31890
2009-07-28,25.40770
2009-07-29,24.94750
2009-07-30,25.33290
2009-07-31,25.71480
2009-08-03,26.09950
2009-08-04,25.87440
2009-08-05,25.91290
2009-08-06,25.37310
2009-08-07,24.82850
2009-08-10,24.54490
2009-08-11,24.68210
2009-08-12,24.64010
2009-08-13,25.49930
2009-08-14,25.44150
2009-08-17,24.37620
2009-08-18,24.81530
2009-08-20,24.71770
2009-08-21,25.01350
2009-08-24,25.56590
2009-08-25,25.56340
2009-08-26,25.63200
2009-08-27,25.63200
2009-08-28,25.91220
2009-08-31,25.56810
2009-09-01,25.32580
2009-09-02,25.29630
2009-09-03,25.28190
2009-09-04,25.71850
2009-09-07,26.26220
2009-09-08,26.46280
2009-09-09,26.48770
2009-09-10,26.50570
2009-09-11,26.53500
2009-09-14,26.47760
2009-09-15,26.85240
2009-09-16,27.32100
2009-09-17,27.31970
2009-09-18,27.39550
2009-09-22,27.57510
2009-09-23,27.31050
2009-09-24,27.43060
2009-09-25,27.38440
2009-09-29,27.48590
2009-09-30,27.80960
2009-10-01,27.80930
2009-10-05,27.26250
2009-10-06,27.21850
2009-10-07,27.17850
2009-10-08,27.34690
2009-10-09,27.13420
2009-10-12,27.67410
2009-10-14,27.88070
2009-10-15,27.90200
2009-10-16,28.16060
2009-10-20,28.12770
2009-10-21,27.72300
2009-10-22,27.17690
2009-10-23,27.10680
2009-10-26,26.92960
2009-10-27,26.12030
2009-10-28,25.89980
2009-10-29,25.48900
2009-10-30,25.10360
2009-11-03,24.17200
2009-11-04,24.85750
2009-11-05,25.28610
2009-11-06,25.50130
2009-11-09,25.97530
2009-11-10,25.84070
2009-11-11,26.39370
2009-11-12,26.16060
2009-11-13,26.37800
2009-11-16,26.74220
2009-11-17,26.71520
2009-11-18,26.72440
2009-11-19,26.32170
2009-11-20,26.66220
2009-11-23,26.83390
2009-11-24,26.73580
2009-11-25,26.79200
2009-11-26,26.38290
2009-11-27,26.14420
2009-11-30,26.68980
2009-12-01,27.20240
2009-12-02,27.25150
2009-12-03,27.34210
2009-12-04,27.26110
2009-12-07,27.02180
2009-12-08,27.43020
2009-12-09,27.22960
2009-12-10,27.40600
2009-12-11,27.26740
2009-12-14,27.20400
2009-12-15,26.80060
2009-12-16,26.84350
2009-12-17,26.83070
2009-12-18,26.59810
2009-12-21,26.42840
2009-12-22,26.63690
2009-12-23,27.32150
2009-12-24,27.49300
2009-12-29,27.56220
2009-12-30,27.50280
2009-12-31,27.58630
2010-01-01,0.00000
2010-01-04,27.82070
2010-01-05,28.08480
2010-01-06,28.14010
2010-01-07,28.12040
2010-01-08,28.08370
2010-01-11,28.17000
2010-01-12,27.79870
2010-01-13,27.91610
2010-01-14,28.06320
2010-01-15,28.08490
2010-01-18,28.19480
2010-01-19,27.94640
2010-01-20,27.88970
2010-01-21,27.26600
2010-01-22,27.03620
2010-01-25,26.94050
2010-01-27,26.20310
2010-01-28,26.20390
2010-01-29,26.31600
2010-02-01,26.44240
2010-02-02,26.08140
2010-02-03,26.53280
2010-02-04,26.12070
2010-02-05,25.49010
2010-02-08,25.76220
2010-02-09,25.84940
2010-02-10,25.66250
2010-02-11,25.97540
2010-02-15,25.72780
2010-02-16,25.99080
2010-02-17,26.25300
2010-02-18,26.07820
2010-02-19,25.80140
2010-02-22,25.74370
2010-02-23,25.76950
2010-02-24,25.70080
2010-02-25,25.67260
2010-02-26,25.98410
2010-03-02,26.37750
2010-03-03,26.69100
2010-03-04,26.76230
2010-03-05,26.89850
2010-03-08,27.02720
2010-03-09,26.84020
2010-03-10,26.88940
2010-03-11,26.88990
2010-03-12,26.84990
2010-03-15,26.74240
2010-03-17,27.18940
2010-03-18,27.25830
2010-03-19,27.37230
2010-03-22,27.14960
2010-03-23,27.13200
2010-03-25,27.23090
2010-03-26,27.36530
2010-03-29,27.49570
2010-03-30,27.42710
2010-03-31,27.37310
2010-04-01,27.52090
2010-04-05,27.91120
2010-04-06,28.03600
2010-04-07,28.17200
2010-04-08,30.37510
2010-04-09,28.05770
2010-04-12,27.95250
2010-04-13,27.86850
2010-04-15,27.58830
2010-04-16,27.45240
2010-04-19,27.12730
2010-04-20,27.37380
2010-04-21,27.46880
2010-04-22,27.61580
2010-04-23,27.77550
2010-04-26,27.83500
2010-04-27,27.79790
2010-04-28,27.31830
2010-04-29,27.46460
2010-04-30,27.56400
2010-05-03,27.36910
2010-05-04,26.99590
2010-05-05,26.89420
2010-05-06,26.76800
2010-05-07,26.34810
2010-05-10,27.13870
2010-05-11,26.74800
2010-05-12,26.77160
2010-05-13,26.90370
2010-05-14,26.57550
2010-05-17,26.49690
2010-05-18,26.58790
2010-05-19,25.86200
2010-05-20,26.10490
2010-05-21,26.05310
2010-05-24,25.98550
2010-05-25,25.32110
2010-05-26,25.74230
2010-05-28,26.40460
2010-05-31,26.62720
2010-06-01,26.16320
2010-06-02,26.49110
2010-06-03,26.83740
2010-06-04,26.97310
2010-06-07,26.45950
2010-06-08,26.20170
2010-06-09,26.38380
2010-06-10,26.79050
2010-06-11,26.91580
2010-06-14,27.22880
2010-06-15,27.31060
2010-06-16,27.36740
2010-06-17,27.56840
2010-06-18,27.45250
2010-06-21,27.88140
2010-06-22,27.78410
2010-06-23,27.82340
2010-06-24,27.75490
2010-06-25,27.72820
2010-06-28,28.08700
2010-06-29,27.72770
2010-06-30,28.06600
2010-07-02,27.77970
2010-07-05,27.78260
2010-07-06,27.99610
2010-07-07,27.77120
2010-07-08,28.07880
2010-07-09,28.40060
2010-07-12,28.54130
2010-07-13,28.66220
2010-07-14,28.55110
2010-07-15,28.46040
2010-07-16,28.53720
2010-07-19,28.51660
2010-07-20,28.43010
2010-07-21,28.57470
2010-07-22,28.76640
2010-07-23,28.73460
2010-07-26,28.54280
2010-07-27,28.63140
2010-07-28,28.54420
2010-07-29,28.59450
2010-07-30,28.46910
2010-08-02,28.79720
2010-08-03,28.88750
2010-08-04,29.00670
2010-08-05,28.90390
2010-08-06,28.85140
2010-08-09,29.07890
2010-08-10,28.95530
2010-08-11,28.73920
2010-08-12,28.83910
2010-08-13,29.03780
2010-08-16,28.84080
2010-08-17,28.96500
2010-08-18,29.25950
2010-08-20,29.44620
2010-08-23,29.56520
2010-08-24,29.36160
2010-08-25,29.08020
2010-08-26,29.12480
2010-08-27,28.84720
2010-08-30,28.93380
2010-08-31,28.82460
2010-09-01,29.22560
2010-09-02,29.31370
2010-09-03,29.34330
2010-09-06,29.85420
2010-09-07,29.94610
2010-09-08,29.98640
2010-09-09,30.23090
2010-09-13,30.82350
2010-09-14,30.96200
2010-09-15,31.16630
2010-09-16,30.98970
2010-09-17,31.26530
2010-09-20,31.62480
2010-09-21,31.69520
2010-09-22,31.62690
2010-09-23,31.53180
2010-09-24,31.70260
2010-09-27,31.83650
2010-09-28,31.82570
2010-09-29,31.59120
2010-09-30,31.66160
2010-10-01,32.28920
2010-10-04,32.41150
2010-10-05,32.39870
2010-10-06,32.60770
2010-10-07,32.31350
2010-10-08,32.17530
2010-10-11,32.41690
2010-10-12,32.19390
2010-10-13,32.81710
2010-10-14,32.59410
2010-10-15,32.10700
2010-10-18,32.11400
2010-10-19,31.90810
2010-10-20,31.71530
2010-10-21,32.25230
2010-10-22,32.17960
2010-10-25,32.37380
2010-10-26,32.26640
2010-10-27,32.06350
2010-10-28,31.87000
2010-10-29,31.84840
2010-11-01,32.19850
2010-11-02,32.20950
2010-11-03,32.40860
2010-11-04,32.98030
2010-11-08,32.94810
2010-11-09,33.01720
2010-11-10,32.95630
2010-11-11,32.61000
2010-11-12,31.98790
2010-11-15,32.22880
2010-11-16,31.64150
2010-11-18,31.76560
2010-11-19,31.22070
2010-11-22,31.69700
2010-11-23,31.26440
2010-11-24,30.91970
2010-11-25,30.51070
2010-11-26,30.24110
2010-11-29,30.59490
2010-11-30,30.81130
2010-12-01,31.42790
2010-12-02,31.66630
2010-12-03,31.52060
2010-12-06,31.49920
2010-12-07,31.38620
2010-12-08,30.96660
2010-12-09,30.22560
2010-12-10,30.69220
2010-12-13,30.99180
2010-12-14,31.19490
2010-12-15,30.87450
2010-12-16,31.16530
2010-12-20,31.11270
2010-12-21,31.43380
2010-12-22,31.40470
2010-12-23,31.28140
2010-12-24,31.38940
2010-12-27,31.28160
2010-12-28,31.26650
2010-12-29,31.57020
2010-12-30,31.71710
2010-12-31,31.92450
2011-01-03,32.15710
2011-01-04,32.03310
2011-01-05,31.73580
2011-01-06,31.57480
2011-01-07,30.87920
2011-01-10,30.16690
2011-01-11,30.18440
2011-01-12,30.67450
2011-01-13,30.14050
2011-01-14,29.60770
2011-01-17,29.61110
2011-01-18,29.96410
2011-01-19,29.89920
2011-01-20,29.99550
2011-01-21,29.98960
2011-01-24,30.24700
2011-01-25,30.00470
2011-01-27,29.58410
2011-01-28,29.12000
2011-01-31,29.07420
2011-02-01,28.65610
2011-02-02,28.73160
2011-02-03,29.18290
2011-02-04,28.57190
2011-02-07,28.55480
2011-02-08,28.14600
2011-02-09,27.75230
2011-02-10,27.55560
2011-02-11,27.92340
2011-02-14,28.68240
2011-02-15,28.73880
2011-02-17,29.07100
2011-02-18,28.66290
2011-02-21,28.93730
2011-02-22,28.65750
2011-02-23,28.45590
2011-02-24,27.68100
2011-02-25,27.81340
2011-02-28,27.90620
2011-03-01,28.78580
2011-03-03,28.85550
2011-03-04,28.81220
2011-03-07,28.39750
2011-03-08,28.69550
2011-03-09,28.75470
2011-03-10,28.56230
2011-03-11,28.25170
2011-03-14,28.66020
2011-03-15,28.25460
2011-03-16,28.58610
2011-03-17,28.36420
2011-03-18,28.03120
2011-03-21,27.97670
2011-03-22,28.19890
2011-03-23,28.52250
2011-03-24,28.77770
2011-03-25,29.34060
2011-03-28,29.46750
2011-03-29,29.72370
2011-03-30,30.03310
2011-03-31,30.15640
2011-04-01,30.15980
2011-04-05,30.67800
2011-04-06,30.58520
2011-04-07,30.58620
2011-04-08,30.37510
2011-04-11,30.08530
2011-04-13,30.66550
2011-04-15,30.30230
2011-04-18,29.83570
2011-04-19,29.88640
2011-04-20,30.38910
2011-04-21,30.51050
2011-04-25,30.51170
2011-04-26,30.46830
2011-04-27,30.35750
2011-04-28,30.05920
2011-04-29,29.77500
2011-05-02,29.56850
2011-05-03,28.94880
2011-05-04,28.88660
2011-05-05,28.56830
2011-05-06,28.98660
2011-05-09,28.99490
2011-05-10,28.92350
2011-05-11,29.07160
2011-05-12,28.69680
2011-05-13,28.99270
2011-05-16,28.70580
2011-05-18,28.27890
2011-05-19,28.27990
2011-05-20,28.53520
2011-05-23,28.08260
2011-05-24,28.05360
2011-05-25,27.84960
2011-05-26,28.08560
2011-05-27,28.42680
2011-05-30,28.41260
2011-05-31,28.82520
2011-06-01,28.97070
2011-06-02,28.80640
2011-06-03,28.60850
2011-06-06,28.65990
2011-06-07,28.80580
2011-06-08,28.69000
2011-06-09,28.66980
2011-06-10,28.54600
2011-06-13,28.51490
2011-06-14,28.62220
2011-06-15,28.36260
2011-06-16,28.15610
2011-06-17,28.01160
2011-06-20,27.47460
2011-06-21,27.52820
2011-06-22,27.50530
2011-06-23,27.68510
2011-06-24,28.44040
2011-06-27,28.76040
2011-06-28,28.83130
2011-06-29,29.09580
2011-06-30,29.26260
2011-07-01,29.18710
2011-07-04,29.34350
2011-07-05,29.29690
2011-07-06,29.26440
2011-07-07,29.77420
2011-07-08,29.46930
2011-07-11,29.24690
2011-07-12,28.82950
2011-07-13,29.12960
2011-07-14,29.20380
2011-07-15,29.13820
2011-07-18,29.07320
2011-07-19,29.30120
2011-07-20,29.06080
2011-07-21,28.89000
2011-07-22,29.33920
2011-07-25,29.54350
2011-07-26,29.03490
2011-07-27,28.90600
2011-07-28,28.62150
2011-07-29,28.57630
2011-08-01,28.69320
2011-08-02,28.37540
2011-08-03,28.17700
2011-08-04,27.84110
2011-08-05,27.28800
2011-08-08,26.82480
2011-08-09,26.61020
2011-08-10,27.00500
2011-08-11,26.86790
2011-08-12,26.55370
2011-08-16,26.36150
2011-08-17,26.48400
2011-08-18,25.90530
2011-08-22,25.61980
2011-08-23,25.85430
2011-08-24,25.55870
2011-08-25,25.32290
2011-08-26,24.85730
2011-08-29,25.69260
2011-08-30,26.06680
2011-09-02,26.24950
2011-09-05,26.15430
2011-09-06,26.38630
2011-09-07,26.66780
2011-09-08,26.76340
2011-09-09,26.29620
2011-09-12,25.70690
2011-09-13,25.68030
2011-09-14,25.99750
2011-09-15,26.29980
2011-09-16,26.35550
2011-09-19,26.11740
2011-09-20,26.58120
2011-09-21,26.55370
2011-09-22,25.58000
2011-09-23,25.33580
2011-09-26,25.21880
2011-09-27,25.83490
2011-09-28,25.71490
2011-09-29,26.06930
2011-09-30,25.70310
2011-10-03,25.25920
2011-10-04,24.87190
2011-10-05,24.73610
2011-10-07,25.33860
2011-10-10,25.75920
2011-10-11,25.76120
2011-10-12,26.40930
2011-10-13,26.31500
2011-10-14,26.58510
2011-10-17,26.46480
2011-10-18,26.04700
2011-10-19,26.50940
2011-10-20,26.36800
2011-10-21,26.13900
2011-10-24,26.33320
2011-10-25,26.68990
2011-10-28,27.43590
2011-10-31,27.26840
2011-11-01,26.96310
2011-11-02,26.94460
2011-11-03,27.02580
2011-11-04,27.13250
2011-11-08,27.15190
2011-11-09,26.76420
2011-11-11,26.45400
2011-11-14,26.29870
2011-11-15,25.91810
2011-11-16,25.77370
2011-11-17,25.29690
2011-11-18,25.11120
2011-11-21,24.48240
2011-11-22,24.64160
2011-11-23,24.08300
2011-11-24,24.32310
2011-11-25,24.20250
2011-11-28,24.88830
2011-11-29,24.65200
2011-11-30,24.76460
2011-12-01,25.21170
2011-12-02,25.78290
2011-12-05,25.74680
2011-12-07,25.82520
2011-12-08,25.26050
2011-12-09,24.90640
2011-12-12,24.40830
2011-12-13,24.57920
2011-12-14,24.40300
2011-12-15,24.25520
2011-12-16,23.78550
2011-12-19,23.53230
2011-12-20,23.22440
2011-12-21,23.91820
2011-12-22,24.09470
2011-12-23,23.99210
2011-12-26,24.28700
2011-12-27,24.12290
2011-12-28,23.87990
2011-12-29,23.64080
2011-12-30,23.55920
2012-01-02,23.64630
2012-01-03,24.29970
2012-01-04,24.25090
2012-01-05,24.21960
2012-01-06,24.25650
2012-01-09,24.23450
2012-01-10,24.76630
2012-01-11,24.78870
2012-01-12,24.63540
2012-01-13,24.82860
2012-01-16,24.92650
2012-01-17,25.30160
2012-01-18,25.18060
2012-01-19,25.39820
2012-01-20,25.56040
2012-01-23,25.59300
2012-01-24,26.01160
2012-01-25,26.19390
2012-01-27,26.41900
2012-01-30,25.85860
2012-01-31,26.40950
2012-02-01,26.58790
2012-02-02,26.75760
2012-02-03,26.98640
2012-02-06,27.21570
2012-02-07,27.05390
2012-02-08,27.12140
2012-02-09,27.34730
2012-02-10,27.29570
2012-02-13,27.33540
2012-02-14,27.44180
2012-02-15,28.05580
2012-02-17,28.27940
2012-02-21,28.53000
2012-02-22,27.99910
2012-02-23,27.92600
2012-02-24,27.67640
2012-02-27,26.97120
2012-02-28,27.45270
2012-02-29,27.48480
2012-03-01,27.23110
2012-03-02,27.31580
2012-03-05,26.94290
2012-03-06,26.67090
2012-03-07,26.61330
2012-03-09,27.14940
2012-03-12,27.30490
2012-03-13,27.62240
2012-03-14,27.75920
2012-03-15,27.35820
2012-03-16,27.07380
2012-03-19,26.74490
2012-03-20,26.83300
2012-03-21,27.32250
2012-03-22,26.64640
2012-03-26,26.43130
2012-03-27,26.71280
2012-03-28,26.52210
2012-03-29,26.43640
2012-03-30,27.01130
2012-04-02,27.16300
2012-04-03,27.33920
2012-04-04,27.23580
2012-04-09,26.84080
2012-04-10,26.84120
2012-04-11,26.77340
2012-04-12,26.98040
2012-04-13,26.61000
2012-04-16,26.75010
2012-04-17,27.04900
2012-04-18,27.08520
2012-04-19,27.24070
2012-04-20,27.07740
2012-04-23,26.62210
2012-04-24,26.78780
2012-04-25,26.69910
2012-04-26,26.68950
2012-04-27,26.66310
2012-04-30,26.92300
2012-05-02,26.91300
2012-05-03,26.68910
2012-05-04,26.15210
2012-05-07,26.31400
2012-05-08,25.69830
2012-05-09,25.60210
2012-05-10,25.57270
2012-05-11,25.38340
2012-05-14,25.25090
2012-05-15,25.41260
2012-05-16,25.00720
2012-05-17,25.04520
2012-05-18,25.17590
2012-05-21,25.23790
2012-05-22,25.02760
2012-05-23,24.91080
2012-05-24,25.34690
2012-05-25,25.37330
2012-05-28,25.68330
2012-05-29,25.69830
2012-05-30,25.46590
2012-05-31,25.39860
2012-06-01,25.00350
2012-06-04,25.04090
2012-06-05,25.06160
2012-06-06,25.70110
2012-06-07,25.96680
2012-06-08,26.05730
2012-06-11,26.00630
2012-06-12,26.31720
2012-06-13,26.32640
2012-06-14,26.01970
2012-06-15,26.41800
2012-06-18,26.02810
2012-06-19,26.22970
2012-06-20,26.29980
2012-06-21,26.52520
2012-06-22,26.45950
2012-06-25,26.28790
2012-06-26,26.32280
2012-06-27,26.41370
2012-06-28,26.44940
2012-06-29,27.10110
2012-07-02,27.07270
2012-07-03,27.12310
2012-07-04,27.20170
2012-07-05,27.34690
2012-07-06,27.31320
2012-07-09,27.10440
2012-07-10,27.45290
2012-07-11,27.29020
2012-07-12,26.89810
2012-07-13,26.86390
2012-07-16,26.70980
2012-07-17,26.66760
2012-07-18,26.76730
2012-07-19,26.86670
2012-07-20,26.68170
2012-07-23,26.24830
2012-07-24,26.28840
2012-07-25,26.18830
2012-07-26,25.83620
2012-07-27,26.06250
2012-07-30,26.53810
2012-07-31,26.63460
2012-08-01,26.70320
2012-08-02,26.65620
2012-08-03,26.59660
2012-08-06,26.89100
2012-08-07,27.17580
2012-08-08,27.17000
2012-08-09,27.07760
2012-08-10,27.04260
2012-08-13,27.13670
2012-08-14,27.33860
2012-08-16,27.22530
2012-08-17,27.27180
2012-08-21,27.48850
2012-08-22,27.46070
2012-08-23,27.48880
2012-08-24,27.32850
2012-08-27,27.12660
2012-08-28,27.05460
2012-08-29,26.85540
2012-08-30,26.98060
2012-08-31,26.72520
2012-09-03,26.67600
2012-09-04,26.79640
2012-09-05,26.56450
2012-09-06,26.61170
2012-09-07,27.11460
2012-09-10,27.23380
2012-09-11,27.36770
2012-09-12,27.59370
2012-09-13,27.59810
2012-09-14,28.23830
2012-09-17,28.31160
2012-09-18,28.29040
2012-09-20,28.08010
2012-09-21,28.70540
2012-09-24,28.63730
2012-09-25,28.68080
2012-09-26,28.61810
2012-09-27,28.52850
2012-09-28,28.78710
2012-10-01,28.84710
2012-10-03,28.93460
2012-10-04,29.23680
2012-10-05,29.07300
2012-10-08,28.73750
2012-10-09,28.89190
2012-10-10,28.63940
2012-10-11,28.91730
2012-10-12,28.72570
2012-10-15,28.76210
2012-10-16,28.56320
2012-10-17,28.59430
2012-10-18,28.90470
2012-10-19,28.76260
2012-10-22,28.93330
2012-10-23,28.79040
2012-10-25,28.84610
2012-10-29,28.64640
2012-10-30,28.32010
2012-10-31,28.42720
2012-11-01,28.56590
2012-11-02,28.83560
2012-11-05,28.86820
2012-11-06,28.94020
2012-11-07,29.09420
2012-11-08,29.01380
2012-11-09,28.72770
2012-11-12,28.74150
2012-11-15,28.45140
2012-11-16,28.20000
2012-11-19,28.18840
2012-11-20,28.19070
2012-11-21,28.43000
2012-11-22,28.49950
2012-11-23,28.47440
2012-11-26,28.51160
2012-11-27,28.96590
2012-11-29,29.43690
2012-11-30,29.68740
2012-12-03,29.63650
2012-12-04,29.70630
2012-12-05,29.77850
2012-12-06,29.90440
2012-12-07,29.78710
2012-12-10,29.76290
2012-12-11,29.68820
2012-12-12,29.66450
2012-12-13,29.47460
2012-12-14,29.62710
2012-12-17,29.49210
2012-12-18,29.68500
2012-12-19,29.84380
2012-12-20,29.79730
2012-12-21,29.49640
2012-12-24,29.55240
2012-12-26,29.78870
2012-12-27,29.62420
2012-12-28,29.79920
2012-12-31,29.76140
2013-01-01,29.99900
2013-01-02,30.18340
2013-01-03,30.29710
2013-01-04,30.34270
2013-01-07,30.22980
2013-01-08,30.30040
2013-01-09,30.23360
2013-01-10,30.24760
2013-01-11,30.26020
2013-01-14,30.63620
2013-01-15,30.78230
2013-01-16,30.46810
2013-01-17,30.66060
2013-01-18,30.75440
2013-01-21,30.82840
2013-01-22,30.58110
2013-01-23,30.60520
2013-01-24,30.42500
2013-01-28,30.74140
2013-01-29,30.60510
2013-01-30,30.57920
2013-01-31,30.49270
2013-02-01,30.28380
2013-02-04,30.18880
2013-02-05,30.04230
2013-02-06,30.06160
2013-02-07,29.96270
2013-02-08,29.79500
2013-02-11,29.78260
2013-02-12,29.91950
2013-02-13,29.95710
2013-02-14,29.71950
2013-02-15,29.71250
2013-02-18,29.77130
2013-02-20,29.88820
2013-02-21,29.41200
2013-02-22,29.42940
2013-02-25,29.44570
2013-02-26,29.01820
2013-02-27,29.18430
2013-02-28,28.65760
2013-03-01,28.72880
2013-03-04,28.67780
2013-03-05,29.10710
2013-03-06,29.30740
2013-03-07,29.51160
2013-03-08,29.86050
2013-03-11,29.80210
2013-03-12,29.66550
2013-03-13,29.33730
2013-03-14,29.65410
2013-03-15,29.42220
2013-03-18,29.25110
2013-03-19,28.80650
2013-03-20,28.51380
2013-03-21,28.35890
2013-03-22,28.27160
2013-03-25,28.13110
2013-03-26,28.15360
2013-03-28,28.39660
2013-04-01,28.56700
2013-04-02,28.83700
2013-04-03,28.44220
2013-04-04,28.01640
2013-04-05,27.93420
2013-04-08,27.86020
2013-04-09,27.59560
2013-04-10,27.88940
2013-04-12,27.62590
2013-04-15,27.80530
2013-04-16,28.31910
2013-04-17,28.32690
2013-04-18,28.79010
2013-04-22,29.02210
2013-04-23,29.01040
2013-04-25,29.35120
2013-04-26,29.12400
2013-04-29,29.26840
2013-04-30,29.43150
2013-05-02,29.74540
2013-05-03,29.42900
2013-05-06,29.54970
2013-05-07,29.87830
2013-05-08,29.95210
2013-05-09,29.91190
2013-05-10,30.16120
2013-05-13,29.56860
2013-05-14,29.62980
2013-05-15,30.32860
2013-05-16,30.42350
2013-05-17,30.51960
2013-05-20,30.37120
2013-05-21,30.17430
2013-05-22,30.08930
2013-05-23,29.41600
2013-05-24,29.48880
2013-05-27,29.89970
2013-05-28,30.09800
2013-05-29,30.06530
2013-05-30,30.18100
2013-05-31,29.63110
2013-06-03,29.52010
2013-06-04,29.45130
2013-06-05,29.45710
2013-06-06,29.46260
2013-06-07,29.25540
2013-06-10,29.22140
2013-06-11,28.82050
2013-06-12,28.64830
2013-06-13,28.36730
2013-06-14,28.83550
2013-06-17,28.99310
2013-06-18,28.82530
2013-06-19,28.89790
2013-06-20,28.13350
2013-06-21,28.16890
2013-06-24,27.71500
2013-06-25,27.81010
2013-06-26,27.69620
2013-06-27,28.16570
2013-06-28,28.80680
2013-07-01,29.02480
2013-07-02,28.83350
2013-07-03,28.40420
2013-07-04,28.74350
2013-07-05,28.86200
2013-07-08,28.64030
2013-07-09,28.85700
2013-07-10,28.64960
2013-07-11,29.18440
2013-07-12,29.62370
2013-07-15,29.82350
2013-07-16,29.46920
2013-07-17,29.44420
2013-07-18,29.74340
2013-07-19,29.75400
2013-07-22,29.75020
2013-07-23,29.93680
2013-07-24,29.62720
2013-07-25,29.29920
2013-07-26,29.26840
2013-07-29,29.00660
2013-07-30,28.65570
2013-07-31,28.72240
2013-08-01,28.59150
2013-08-02,28.41170
2013-08-05,28.43390
2013-08-06,27.81320
2013-08-07,27.67940
2013-08-08,27.86620
2013-08-12,28.03820
2013-08-13,28.43490
2013-08-14,28.61440
2013-08-16,27.60650
2013-08-19,27.15130
2013-08-20,27.13600
2013-08-21,26.59860
2013-08-22,27.05070
2013-08-23,27.26420
2013-08-26,27.33640
2013-08-27,26.60440
2013-08-28,26.63190
2013-08-29,27.15500
2013-08-30,27.54200
2013-09-02,27.78150
2013-09-03,26.84230
2013-09-04,27.35200
2013-09-05,27.88820
2013-09-06,28.29890
2013-09-10,29.11780
2013-09-11,29.14290
2013-09-12,28.90340
2013-09-13,28.80680
2013-09-16,28.78300
2013-09-17,28.83330
2013-09-18,29.05050
2013-09-19,29.89120
2013-09-20,29.41840
2013-09-23,28.99510
2013-09-24,29.04400
2013-09-25,28.98200
2013-09-26,29.04050
2013-09-27,28.86300
2013-09-30,28.37240
2013-10-01,28.71240
2013-10-03,29.30060
2013-10-04,29.29940
2013-10-07,29.32200
2013-10-08,29.50980
2013-10-09,29.88060
2013-10-10,29.92000
2013-10-11,30.30130
2013-10-14,30.41120
2013-10-15,30.34040
2013-10-17,30.09690
2013-10-18,30.74210
2013-10-21,30.76710
2013-10-22,30.73410
2013-10-23,30.62570
2013-10-24,30.53680
2013-10-25,30.52370
2013-10-28,30.35650
2013-10-29,30.85990
2013-10-30,31.07350
2013-10-31,31.31620
2013-11-01,31.33840
2013-11-05,31.04900
2013-11-06,30.95600
2013-11-07,30.89040
2013-11-08,30.77010
2013-11-11,30.70890
2013-11-12,30.48820
2013-11-13,30.37400
2013-11-14,30.73350
2013-11-18,31.28190
2013-11-19,31.31720
2013-11-20,30.96510
2013-11-21,30.45690
2013-11-22,30.44740
2013-11-25,30.92310
2013-11-26,30.67170
2013-11-27,30.68590
2013-11-28,30.83440
2013-11-29,31.19900
2013-12-02,31.45480
2013-12-03,31.37270
2013-12-04,31.18080
2013-12-05,31.47340
2013-12-06,31.53120
2013-12-09,31.89430
2013-12-10,31.86200
2013-12-11,31.82130
2013-12-12,31.56760
2013-12-13,31.28800
2013-12-16,31.25420
2013-12-17,31.27010
2013-12-18,31.56260
2013-12-19,31.44740
2013-12-20,31.95060
2013-12-23,31.92770
2013-12-24,31.92880
2013-12-26,31.98230
2013-12-27,32.24860
2013-12-30,32.11090
2013-12-31,32.19570
2014-01-01,32.19580
2014-01-02,31.75920
2014-01-03,31.90090
2014-01-06,31.83200
2014-01-07,31.76480
2014-01-08,31.87240
2014-01-09,31.72620
2014-01-10,31.74720
2014-01-13,32.25890
2014-01-15,32.41110
2014-01-16,32.22880
2014-01-17,31.78160
2014-01-20,32.17210
2014-01-21,32.27620
2014-01-22,32.38340
2014-01-23,32.45000
2014-01-24,32.07660
2014-01-27,31.39550
2014-01-28,31.32290
2014-01-29,31.28560
2014-01-30,30.99320
2014-01-31,31.16880
2014-02-03,30.80960
2014-02-04,30.87730
2014-02-05,30.97080
2014-02-06,31.05290
2014-02-07,31.11270
2014-02-10,31.02730
2014-02-11,31.18010
2014-02-12,31.32770
2014-02-13,30.93470
2014-02-14,31.13590
2014-02-17,31.19260
2014-02-18,31.47100
2014-02-20,31.39470
2014-02-21,31.69240
2014-02-24,31.89430
2014-02-25,32.02840
2014-02-26,32.15410
2014-02-28,32.42600
2014-03-03,32.23350
2014-03-04,32.59580
2014-03-05,32.72540
2014-03-06,32.98390
2014-03-07,33.28020
2014-03-10,33.19460
2014-03-11,33.12830
2014-03-12,33.22020
2014-03-13,32.99510
2014-03-14,32.90640
2014-03-18,32.90320
2014-03-19,32.97900
2014-03-20,32.89470
2014-03-21,33.09720
2014-03-24,33.40870
2014-03-25,33.43490
2014-03-26,33.38330
2014-03-27,33.46470
2014-03-28,33.66350
2014-04-01,33.73400
2014-04-02,33.92620
2014-04-03,33.88680
2014-04-04,33.69370
2014-04-07,33.67250
2014-04-09,34.20460
2014-04-10,34.17120
2014-04-11,34.13730
2014-04-15,33.90500
2014-04-16,33.60140
2014-04-17,34.11600
2014-04-21,34.28180
2014-04-22,34.34520
2014-04-23,34.49320
2014-04-25,34.25530
2014-04-28,34.19900
2014-04-29,33.94350
2014-04-30,33.78330
2014-05-02,33.75310
2014-05-05,33.64610
2014-05-06,33.81270
2014-05-07,33.64050
2014-05-08,33.77110
2014-05-09,34.52740
2014-05-12,35.06140
2014-05-13,35.39500
2014-05-15,35.42230
2014-05-16,35.64460
2014-05-19,35.73650
2014-05-20,36.16040
2014-05-21,36.20840
2014-05-22,36.45100
2014-05-23,36.68980
2014-05-26,36.73350
2014-05-27,36.71180
2014-05-28,36.89490
2014-05-29,36.48640
2014-05-30,36.49620
2014-06-02,37.21760
2014-06-03,37.24880
2014-06-04,37.21750
2014-06-05,37.53330
2014-06-06,38.01890
2014-06-09,38.36080
2014-06-10,38.37000
2014-06-11,38.35320
2014-06-12,38.55470
2014-06-13,38.06590
2014-06-16,38.07290
2014-06-17,38.61040
2014-06-18,38.38590
2014-06-19,38.49230
2014-06-20,38.47360
2014-06-23,38.39890
2014-06-24,38.85500
2014-06-25,38.60050
2014-06-26,38.55760
2014-06-27,38.85370
2014-06-30,39.34100
2014-07-01,39.54240
2014-07-02,39.93930
2014-07-03,40.15050
2014-07-04,40.37670
2014-07-07,40.54150
2014-07-08,39.65810
2014-07-09,39.30020
2014-07-10,39.24440
2014-07-11,38.79390
2014-07-14,38.76250
2014-07-15,39.39000
2014-07-16,40.04200
2014-07-17,40.34170
2014-07-18,40.50900
2014-07-21,40.57080
2014-07-22,40.75190
2014-07-23,40.85000
2014-07-24,40.92620
2014-07-25,40.74580
2014-07-28,40.56460
2014-07-30,40.75250
2014-07-31,40.50800
2014-08-01,40.14480
2014-08-04,40.56270
2014-08-05,40.65780
2014-08-06,40.37070
2014-08-07,40.14340
2014-08-08,39.74780
2014-08-11,40.01650
2014-08-12,40.45430
2014-08-13,40.53660
2014-08-14,40.90810
2014-08-19,41.83540
2014-08-20,41.69840
2014-08-21,42.00690
2014-08-22,42.29890
2014-08-25,42.46130
2014-08-26,42.45220
2014-08-27,42.63220
2014-08-28,42.73340
2014-09-01,43.09730
2014-09-02,43.27410
2014-09-03,43.60100
2014-09-04,43.45830
2014-09-05,43.48180
2014-09-08,43.87700
2014-09-09,44.15960
2014-09-10,44.13440
2014-09-11,44.48870
2014-09-12,44.69890
2014-09-15,44.50810
2014-09-16,43.31110
2014-09-17,43.43860
2014-09-18,44.31370
2014-09-19,44.55900
2014-09-22,44.65430
2014-09-23,43.80960
2014-09-24,43.45100
2014-09-25,42.79570
2014-09-26,43.25210
2014-09-29,43.53820
2014-09-30,43.43460
2014-10-01,43.54470
2014-10-07,43.11410
2014-10-08,42.89910
2014-10-09,43.39750
2014-10-10,42.75160
2014-10-13,42.74030
2014-10-14,42.71250
2014-10-16,41.84650
2014-10-17,41.99150
2014-10-20,42.46920
2014-10-21,42.80930
2014-10-22,43.30330
2014-10-27,43.43380
2014-10-28,43.68000
2014-10-29,43.98190
2014-10-30,44.36640
2014-10-31,45.14790
2014-11-03,45.33660
2014-11-05,45.17240
2014-11-07,45.60410
2014-11-10,45.57450
2014-11-11,45.90210
2014-11-12,46.35080
2014-11-13,46.19560
2014-11-14,46.40100
2014-11-17,46.65280
2014-11-18,46.64820
2014-11-19,46.44770
2014-11-20,46.61280
2014-11-21,46.83520
2014-11-24,47.27260
2014-11-25,46.70480
2014-11-26,46.82670
2014-11-27,46.96130
2014-11-28,47.63680
2014-12-01,47.62650
2014-12-02,47.77270
2014-12-03,48.37620
2014-12-04,48.43990
2014-12-05,48.37440
2014-12-08,47.61550
2014-12-09,47.12070
2014-12-10,47.33860
2014-12-11,46.95160
2014-12-12,46.57220
2014-12-15,46.46090
2014-12-16,45.63920
2014-12-17,45.38100
2014-12-18,46.56540
2014-12-19,46.98340
2014-12-22,47.27920
2014-12-23,47.31330
2014-12-24,47.06140
2014-12-26,47.19290
2014-12-29,47.50260
2014-12-30,47.64420
2014-12-31,47.98920
2015-01-01,48.38730
2015-01-02,48.96370
2015-01-05,48.79570
2015-01-06,47.44910
2015-01-07,47.29430
2015-01-08,47.95250
2015-01-09,48.02100
2015-01-12,48.35360
2015-01-13,48.33250
2015-01-14,48.14340
2015-01-15,49.01480
2015-01-16,49.32070
2015-01-19,49.78410
2015-01-20,50.33160
2015-01-21,50.32840
2015-01-22,50.62370
2015-01-23,50.71060
2015-01-27,51.35790
2015-01-28,51.21530
2015-01-29,51.37240
2015-01-30,50.99310
2015-02-02,51.05560
2015-02-03,50.56420
2015-02-04,50.11910
2015-02-05,50.14220
2015-02-06,49.56570
2015-02-09,48.96700
2015-02-10,49.36010
2015-02-11,50.04910
2015-02-12,50.69650
2015-02-13,51.17900
2015-02-16,50.90560
2015-02-18,51.61000
2015-02-20,51.53010
2015-02-23,51.03220
2015-02-24,50.91540
2015-02-25,50.89190
2015-02-26,50.31270
2015-02-27,51.18840
2015-03-02,52.94240
2015-03-03,53.15110
2015-03-04,52.63570
2015-03-05,53.00260
2015-03-09,52.05170
2015-03-10,51.83200
2015-03-11,51.71500
2015-03-12,52.17490
2015-03-13,51.45870
2015-03-16,51.52910
2015-03-17,52.14840
2015-03-18,52.11490
2015-03-19,51.90470
2015-03-20,51.16090
2015-03-23,50.71520
2015-03-24,50.62840
2015-03-25,50.50000
2015-03-26,49.60730
2015-03-27,49.84390
2015-03-30,50.66400
2015-03-31,50.59870
2015-04-06,51.81300
2015-04-07,51.94920
2015-04-08,52.34070
2015-04-09,52.74010
2015-04-10,52.64210
2015-04-13,52.69200
2015-04-15,52.25520
2015-04-16,52.07400
2015-04-17,51.26060
2015-04-20,50.23070
2015-04-21,49.91570
2015-04-22,50.08580
2015-04-23,49.93120
2015-04-24,48.87040
2015-04-27,48.08000
2015-04-28,48.83480
2015-04-29,49.32780
2015-04-30,49.36120
2015-05-04,50.08120
2015-05-05,49.97740
2015-05-06,48.58190
2015-05-07,47.98520
2015-05-08,48.90770
2015-05-11,49.65940
2015-05-12,48.86550
2015-05-13,49.80240
2015-05-14,50.05390
2015-05-15,50.35870
2015-05-18,50.64330
2015-05-19,50.77720
2015-05-20,50.75190
2015-05-21,50.69650
2015-05-22,50.92320
2015-05-25,50.76730
2015-05-26,50.41050
2015-05-27,50.23390
2015-05-28,50.20780
2015-05-29,51.01450
2015-06-01,50.82590
2015-06-02,49.73120
2015-06-03,49.07250
2015-06-04,49.13890
2015-06-05,49.06960
2015-06-08,48.63960
2015-06-09,48.32880
2015-06-10,48.90810
2015-06-11,48.04950
2015-06-12,47.98730
2015-06-15,48.16890
2015-06-16,48.52370
2015-06-17,49.10420
2015-06-18,49.37310
2015-06-19,49.57230
2015-06-22,50.31330
2015-06-23,50.39760
2015-06-24,50.05830
2015-06-25,50.02790
2015-06-26,50.02510
2015-06-29,49.50960
2015-06-30,49.91540
2015-07-01,50.46210
2015-07-02,50.67790
2015-07-03,50.50950
2015-07-06,50.76770
2015-07-07,50.85030
2015-07-08,50.08980
2015-07-09,50.13790
2015-07-10,50.33270
2015-07-13,50.96760
2015-07-14,50.89500
2015-07-15,51.04770
2015-07-16,51.57400
2015-07-17,51.58240
2015-07-20,51.63930
2015-07-21,51.22160
2015-07-22,51.45240
2015-07-23,51.32040
2015-07-24,50.83530
2015-07-27,50.07170
2015-07-28,50.05630
2015-07-29,50.43210
2015-07-30,50.58700
2015-07-31,51.17070
2015-08-03,51.26530
2015-08-04,51.52510
2015-08-05,51.92610
2015-08-06,52.08780
2015-08-07,52.10420
2015-08-10,52.23620
2015-08-11,51.79430
2015-08-12,50.73860
2015-08-13,50.71600
2015-08-14,51.58260
2015-08-17,51.35890
2015-08-18,51.57660
2015-08-19,51.79210
2015-08-20,50.93490
2015-08-21,50.55190
2015-08-24,46.98780
2015-08-25,47.54230
2015-08-26,47.18500
2015-08-27,48.27650
2015-08-28,48.63760
2015-08-31,48.52720
2015-09-01,47.52970
2015-09-02,47.33140
2015-09-03,47.88220
2015-09-04,46.97330
2015-09-07,46.10800
2015-09-08,46.60160
2015-09-09,47.29770
2015-09-10,47.33180
2015-09-11,47.54100
2015-09-14,47.98060
2015-09-15,47.49210
2015-09-16,47.47320
2015-09-18,47.92390
2015-09-21,48.13740
2015-09-22,47.55580
2015-09-23,47.66410
2015-09-24,47.79950
2015-09-28,47.55720
2015-09-29,47.56350
2015-09-30,48.12640
2015-10-01,47.98880
2015-10-05,48.76070
2015-10-06,48.77860
2015-10-07,48.67130
2015-10-08,48.49140
2015-10-09,48.69360
2015-10-12,48.58930
2015-10-13,48.56500
2015-10-14,48.17490
2015-10-15,48.05640
2015-10-16,48.30390
2015-10-19,48.45070
2015-10-20,48.56800
2015-10-21,48.49480
2015-10-23,48.48190
2015-10-26,48.38700
2015-10-27,48.50460
2015-10-28,48.00330
2015-10-29,47.67680
2015-10-30,47.67890
2015-11-02,47.74180
2015-11-03,47.75810
2015-11-04,47.54160
2015-11-05,46.88890
2015-11-06,46.56990
2015-11-09,46.61350
2015-11-10,46.17110
2015-11-13,46.07390
2015-11-16,46.00810
2015-11-17,46.15270
2015-11-18,45.68010
2015-11-19,46.19200
2015-11-20,46.55370
2015-11-23,46.58550
2015-11-24,46.44340
2015-11-26,46.40900
2015-11-27,46.68340
2015-11-30,46.78000
2015-12-01,46.67890
2015-12-02,46.51660
2015-12-03,46.30890
2015-12-04,45.88550
2015-12-07,45.92630
2015-12-08,45.54240
2015-12-09,44.89000
2015-12-10,45.18650
2015-12-11,44.76900
2015-12-14,44.82340
2015-12-15,45.05610
2015-12-16,45.15990
2015-12-17,45.65110
2015-12-18,45.39940
2015-12-21,45.89950
2015-12-22,45.79240
2015-12-23,46.14520
2015-12-24,46.22910
2015-12-28,46.54350
2015-12-29,46.56390
2015-12-30,46.41300
2015-12-31,46.54540
2016-01-01,46.82580
2016-01-04,46.14290
2016-01-05,46.13940
2016-01-06,46.05630
2016-01-07,44.94160
2016-01-08,45.17170
2016-01-11,44.83930
2016-01-12,44.51050
2016-01-13,44.39280
2016-01-14,44.00970
2016-01-15,43.15430
2016-01-18,42.25660
2016-01-19,42.84670
2016-01-20,42.23840
2016-01-21,42.22010
2016-01-22,42.98800
2016-01-25,43.09720
2016-01-27,43.11480
2016-01-28,42.96330
2016-01-29,43.54830
2016-02-01,43.55660
2016-02-02,42.99030
2016-02-03,42.37040
2016-02-04,42.35540
2016-02-05,43.02870
2016-02-08,42.85730
2016-02-09,42.25920
2016-02-10,41.76680
2016-02-11,40.61700
2016-02-12,40.32980
2016-02-15,41.47780
2016-02-16,40.64650
2016-02-17,40.91020
2016-02-18,41.12440
2016-02-19,41.16430
2016-02-22,41.35790
2016-02-23,40.84670
2016-02-24,40.26200
2016-02-25,39.79990
2016-02-26,39.95610
2016-02-29,40.03370
2016-03-01,41.25540
2016-03-02,42.03390
2016-03-03,42.56330
2016-03-04,42.74270
2016-03-08,42.52740
2016-03-09,42.81330
2016-03-10,42.65850
2016-03-11,42.69430
2016-03-14,42.91520
2016-03-15,42.68700
2016-03-16,42.89320
2016-03-17,43.06740
2016-03-18,43.42080
2016-03-21,44.00790
2016-03-22,44.12350
2016-03-23,44.21360
2016-03-28,43.66260
2016-03-29,43.71510
2016-03-30,44.45880
2016-03-31,44.50410
2016-04-01,44.41390
2016-04-04,44.63520
2016-04-05,43.88310
2016-04-06,43.80330
2016-04-07,43.63840
2016-04-08,43.79450
2016-04-11,44.14690
2016-04-12,44.58720
2016-04-13,45.30420
2016-04-18,45.70740
2016-04-20,45.73600
2016-04-21,45.83130
2016-04-22,45.93250
2016-04-25,45.77400
2016-04-26,46.20260
2016-04-27,46.08260
2016-04-28,45.57840
2016-04-29,45.67730
2016-05-02,45.74410
2016-05-03,45.52610
2016-05-04,45.21400
2016-05-05,45.18240
2016-05-06,45.16970
2016-05-09,45.79310
2016-05-10,45.92160
2016-05-11,45.87320
2016-05-12,46.06770
2016-05-13,45.72160
2016-05-16,45.67890
2016-05-17,45.83520
2016-05-18,45.81550
2016-05-19,45.52150
2016-05-20,45.32990
2016-05-23,45.13050
2016-05-24,45.14300
2016-05-25,45.99700
2016-05-26,46.36210
2016-05-27,46.73080
2016-05-30,46.88040
2016-05-31,46.86890
2016-06-01,46.91590
2016-06-02,47.03470
2016-06-03,47.17260
2016-06-06,47.10740
2016-06-07,47.34090
2016-06-08,47.60330
2016-06-09,47.43130
2016-06-10,47.26000
2016-06-13,46.99320
2016-06-14,46.95920
2016-06-15,47.26860
2016-06-16,46.94270
2016-06-17,47.25810
2016-06-20,47.53330
2016-06-21,47.46420
2016-06-22,47.31680
2016-06-23,47.59650
2016-06-24,46.89810
2016-06-27,47.31420
2016-06-28,47.52750
2016-06-29,48.00490
2016-06-30,48.49360
2016-07-01,48.73080
2016-07-04,49.03070
2016-07-05,48.87900
2016-07-07,48.70130
2016-07-08,48.63650
2016-07-11,49.18000
2016-07-12,49.37380
2016-07-13,49.16800
2016-07-14,49.43060
2016-07-15,49.15740
2016-07-18,48.96620
2016-07-19,49.03260
2016-07-20,49.47170
2016-07-21,49.19490
2016-07-22,49.47880
2016-07-25,49.86660
2016-07-26,49.66430
2016-07-27,49.99400
2016-07-28,50.11860
2016-07-29,50.28860
2016-08-01,50.17190
2016-08-02,49.89280
2016-08-03,49.42360
2016-08-04,49.62200
2016-08-05,50.37390
2016-08-08,50.56500
2016-08-09,50.35120
2016-08-10,49.85180
2016-08-11,50.09270
2016-08-12,50.35340
2016-08-16,50.26450
2016-08-17,50.51620
2016-08-18,50.80900
2016-08-19,50.83660
2016-08-22,50.69130
2016-08-23,50.85370
2016-08-24,51.27220
2016-08-25,51.10240
2016-08-26,51.12890
2016-08-29,51.15190
2016-08-30,51.80520
2016-08-31,52.01300
2016-09-01,51.81850
2016-09-02,51.93430
2016-09-06,52.73690
2016-09-07,52.80990
2016-09-08,53.22570
2016-09-09,52.86330
2016-09-12,51.96090
2016-09-14,52.29810
2016-09-15,52.26050
2016-09-16,52.42470
2016-09-19,52.42320
2016-09-20,52.28940
2016-09-21,52.37270
2016-09-22,52.82750
2016-09-23,52.65840
2016-09-26,52.11860
2016-09-27,52.07510
2016-09-28,52.48230
2016-09-29,51.30530
2016-09-30,51.86580
2016-10-03,52.75760
2016-10-04,53.00920
2016-10-05,53.25480
2016-10-06,52.88740
2016-10-07,52.75620
2016-10-10,52.79140
2016-10-13,52.04090
2016-10-14,52.32130
2016-10-17,51.91290
2016-10-18,52.57920
2016-10-19,52.65310
2016-10-20,52.87320
2016-10-21,52.96440
2016-10-24,52.98930
2016-10-25,52.89220
2016-10-26,52.34880
2016-10-27,52.02280
2016-10-28,52.24720
2016-11-01,52.42060
2016-11-02,51.69550
2016-11-03,51.35510
2016-11-04,50.74040
2016-11-07,51.14700
2016-11-08,51.49960
2016-11-09,50.86130
2016-11-10,51.65720
2016-11-11,50.11920
2016-11-15,48.11630
2016-11-16,48.08990
2016-11-17,47.98210
2016-11-18,47.95810
2016-11-21,46.87910
2016-11-22,47.54390
2016-11-23,47.83010
2016-11-24,47.33510
2016-11-25,48.07190
2016-11-28,48.23200
2016-11-29,48.43110
2016-11-30,49.00800
2016-12-01,48.77960
2016-12-02,48.21290
2016-12-05,48.49070
2016-12-06,48.58820
2016-12-07,48.51190
2016-12-08,49.04110
2016-12-09,49.09910
2016-12-12,48.63590
2016-12-13,48.76940
2016-12-14,48.42580
2016-12-15,48.33540
2016-12-16,48.41400
2016-12-19,48.19530
2016-12-20,47.85890
2016-12-21,47.78170
2016-12-22,47.38960
2016-12-23,47.19600
2016-12-26,46.52630
2016-12-27,47.15070
2016-12-28,47.26860
2016-12-29,47.58450
2016-12-30,48.06330
2017-01-02,48.34080
2017-01-03,48.58880
2017-01-04,48.53330
2017-01-05,49.08740
2017-01-06,48.98790
2017-01-09,49.02480
2017-01-10,49.25620
2017-01-11,49.75310
2017-01-12,49.78260
2017-01-13,49.82950
2017-01-16,49.91120
2017-01-17,50.05920
2017-01-18,50.25150
2017-01-19,50.42050
2017-01-20,49.88030
2017-01-23,50.02800
2017-01-24,50.54330
2017-01-25,51.05010
2017-01-27,51.57770
2017-01-30,51.43740
2017-01-31,51.02810
2017-02-01,51.81010
2017-02-02,52.20820
2017-02-03,52.38880
2017-02-06,52.86680
2017-02-07,52.61840
2017-02-08,52.49220
2017-02-09,52.51440
2017-02-10,52.55050
2017-02-13,52.52490
2017-02-14,52.33260
2017-02-15,51.69940
2017-02-16,52.16960
2017-02-17,52.45120
2017-02-20,52.77880
2017-02-21,53.05740
2017-02-22,52.82670
2017-02-23,52.70020
2017-02-27,52.50850
2017-02-28,52.46680
2017-03-01,52.47920
2017-03-02,52.17720
2017-03-03,52.06700
2017-03-06,52.25940
2017-03-07,52.37560
2017-03-08,52.21840
2017-03-09,52.20230
2017-03-10,52.36550
2017-03-14,52.95730
2017-03-15,53.24880
2017-03-16,53.65110
2017-03-17,53.76220
2017-03-20,53.75890
2017-03-21,53.62360
2017-03-22,52.98990
2017-03-23,53.35140
2017-03-24,53.42500
2017-03-27,53.25930
2017-03-28,53.54720
2017-03-29,53.71380
2017-03-30,54.03170
2017-03-31,54.35320
2017-04-03,54.74450
2017-04-05,54.93370
2017-04-06,54.74170
2017-04-07,54.42470
2017-04-10,54.61840
2017-04-11,54.90080
2017-04-12,54.73270
2017-04-13,54.52350
2017-04-17,54.70640
2017-04-18,54.41660
2017-04-19,54.87830
2017-04-20,55.15340
2017-04-21,55.03620
2017-04-24,55.55560
2017-04-25,55.68040
2017-04-26,55.84680
2017-04-27,55.89200
2017-04-28,55.97940
2017-05-02,56.06500
2017-05-03,55.98150
2017-05-04,56.20660
2017-05-05,55.90170
2017-05-08,56.02960
2017-05-09,56.26470
2017-05-10,56.82540
2017-05-11,56.94590
2017-05-12,56.81510
2017-05-15,57.34620
2017-05-16,57.67000
2017-05-17,57.57880
2017-05-18,56.71580
2017-05-19,56.32170
2017-05-22,55.78480
2017-05-23,55.51640
2017-05-24,55.17600
2017-05-25,56.12150
2017-05-26,56.81330
2017-05-29,56.41860
2017-05-30,56.82190
2017-05-31,57.44790
2017-06-01,57.60360
2017-06-02,57.64000
2017-06-05,57.81560
2017-06-06,57.54860
2017-06-07,57.76780
2017-06-08,57.89830
2017-06-09,58.15740
2017-06-12,57.96430
2017-06-13,57.92030
2017-06-14,58.10170
2017-06-15,57.80420
2017-06-16,58.04780
2017-06-19,58.18550
2017-06-20,58.20900
2017-06-21,58.20160
2017-06-22,57.84090
2017-06-23,57.40170
2017-06-27,56.96480
2017-06-28,57.03240
2017-06-29,57.18960
2017-06-30,57.18040
2017-07-03,57.71310
2017-07-04,57.65140
2017-07-05,57.89260
2017-07-06,58.12440
2017-07-07,58.16050
2017-07-10,58.49130
2017-07-11,58.35450
2017-07-12,58.57540
2017-07-13,58.88180
2017-07-14,58.84620
2017-07-17,58.99460
2017-07-18,58.73210
2017-07-19,59.10730
2017-07-20,58.94870
2017-07-21,59.08310
2017-07-24,59.23940
2017-07-25,59.36910
2017-07-26,59.60010
2017-07-27,59.44920
2017-07-28,59.50640
2017-07-31,59.99230
2017-08-01,60.18760
2017-08-02,60.05820
2017-08-03,59.67100
2017-08-04,59.82780
2017-08-07,60.37850
2017-08-08,59.85130
2017-08-09,58.73620
2017-08-10,57.62150
2017-08-11,57.39760
2017-08-14,58.35570
2017-08-16,59.18520
2017-08-17,59.17740
2017-08-18,58.82620
2017-08-21,58.23820
2017-08-22,58.07540
2017-08-23,58.55640
2017-08-24,58.79660
2017-08-28,59.10490
2017-08-29,58.63150
2017-08-30,59.18130
2017-08-31,59.35710
2017-09-01,59.84130
2017-09-04,59.36340
2017-09-05,59.57850
2017-09-06,59.64650
2017-09-07,59.91030
2017-09-08,59.95800
2017-09-11,60.27230
2017-09-12,60.72560
2017-09-13,60.46570
2017-09-14,60.62470
2017-09-15,60.64600
2017-09-18,61.01060
2017-09-19,60.93000
2017-09-20,60.58380
2017-09-21,60.41670
2017-09-22,59.02790
2017-09-25,58.24980
2017-09-26,58.53570
2017-09-27,57.65440
2017-09-28,57.91960
2017-09-29,58.62310
2017-10-03,58.95030
2017-10-04,58.95570
2017-10-05,59.02330
2017-10-06,59.57220
2017-10-09,59.77690
2017-10-10,60.10710
2017-10-11,60.00510
2017-10-12,60.69500
2017-10-13,60.73000
2017-10-16,60.96250
2017-10-17,61.31700
2017-10-18,61.13100
2017-10-23,61.04700
2017-10-24,61.11810
2017-10-25,60.91740
2017-10-26,61.23460
2017-10-27,61.41220
2017-10-30,62.01180
2017-10-31,62.04950
2017-11-01,62.40970
2017-11-02,62.50650
2017-11-03,62.48460
2017-11-06,62.37060
2017-11-07,61.76080
2017-11-08,61.41250
2017-11-09,61.81890
2017-11-10,61.67590
2017-11-13,61.44140
2017-11-14,61.15480
2017-11-15,60.71080
2017-11-16,61.20030
2017-11-17,61.62480
2017-11-20,61.63340
2017-11-21,61.80640
2017-11-22,61.94120
2017-11-23,62.35510
2017-11-24,62.61880
2017-11-27,62.96590
2017-11-28,62.96730
2017-11-29,62.86190
2017-11-30,62.62510
2017-12-01,62.38690
2017-12-04,62.33760
2017-12-05,62.25890
2017-12-06,61.90840
2017-12-07,62.89740
2017-12-08,63.49270
2017-12-11,63.74250
2017-12-12,63.05590
2017-12-13,62.74630
2017-12-14,62.87400
2017-12-15,63.39140
2017-12-18,63.75360
2017-12-19,64.65630
2017-12-20,64.86640
2017-12-21,65.18830
2017-12-22,65.43170
2017-12-26,65.74970
2017-12-27,65.56800
2017-12-28,65.56360
2017-12-29,65.98020
2018-01-01,65.72210
2018-01-02,65.54330
2018-01-03,65.83910
2018-01-04,66.26840
2018-01-05,66.53430
2018-01-08,66.87650
2018-01-09,66.85120
2018-01-10,66.80470
2018-01-11,66.86980
2018-01-12,67.03180
2018-01-15,67.22980
2018-01-16,66.46340
2018-01-17,67.01150
2018-01-18,66.53580
2018-01-19,66.64300
2018-01-22,66.67720
2018-01-23,67.25840
2018-01-24,67.17710
2018-01-25,66.65650
2018-01-29,66.63320
2018-01-30,65.98580
2018-01-31,65.66690
2018-02-01,65.64650
2018-02-02,63.76440
2018-02-05,63.52870
2018-02-06,62.83430
2018-02-07,63.65000
2018-02-08,64.36130
2018-02-09,64.13830
2018-02-12,64.75020
2018-02-14,64.76900
2018-02-15,64.62640
2018-02-16,64.19400
2018-02-19,63.60020
2018-02-20,63.61140
2018-02-21,63.65880
2018-02-22,63.46800
2018-02-23,64.01890
2018-02-26,65.01100
2018-02-27,64.74810
2018-02-28,64.75430
2018-03-01,64.39040
2018-03-05,63.77520
2018-03-06,63.21210
2018-03-07,62.66350
2018-03-08,63.01990
2018-03-09,62.84970
2018-03-12,63.16820
2018-03-13,63.75920
2018-03-14,63.48480
2018-03-15,63.51280
2018-03-16,62.87840
2018-03-19,62.06280
2018-03-20,62.22450
2018-03-21,62.42750
2018-03-22,62.00900
2018-03-23,61.45080
2018-03-26,62.05920
2018-03-27,62.63660
2018-03-28,62.28740
2018-04-02,63.35170
2018-04-03,63.86750
2018-04-04,63.32770
2018-04-05,64.45560
2018-04-06,64.61560
2018-04-09,64.79980
2018-04-10,64.80740
2018-04-11,64.96370
2018-04-12,65.07870
2018-04-13,65.08380
2018-04-16,65.59990
2018-04-17,65.81560
2018-04-18,65.70870
2018-04-19,66.21480
2018-04-20,66.50530
2018-04-23,66.84290
2018-04-24,66.74830
2018-04-25,66.46680
2018-04-26,66.61740
2018-04-27,66.72290
2018-04-30,67.38630
2018-05-02,67.09460
2018-05-03,66.54670
2018-05-04,66.35800
2018-05-07,66.56350
2018-05-08,66.67810
2018-05-09,66.24590
2018-05-10,65.72400
2018-05-11,66.14450
2018-05-14,65.83470
2018-05-15,65.71610
2018-05-16,65.73620
2018-05-17,65.78510
2018-05-18,65.06470
2018-05-21,64.02460
2018-05-22,64.60470
2018-05-23,64.29300
2018-05-24,64.33300
2018-05-25,65.11270
2018-05-28,65.43550
2018-05-29,65.23450
2018-05-30,65.12180
2018-05-31,65.48750
2018-06-01,64.72760
2018-06-04,63.97460
2018-06-05,63.28690
2018-06-06,63.89820
2018-06-07,64.65660
2018-06-08,64.61420
2018-06-11,64.82220
2018-06-12,65.31210
2018-06-13,65.06850
2018-06-14,65.08670
2018-06-15,64.95020
2018-06-18,64.50500
2018-06-19,63.94980
2018-06-20,63.96670
2018-06-21,63.69610
2018-06-22,63.85960
2018-06-25,63.59340
2018-06-26,63.40840
2018-06-27,62.95830
2018-06-28,62.58120
2018-06-29,63.12460
2018-07-02,62.79480
2018-07-03,63.17390
2018-07-04,63.35620
2018-07-05,63.41950
2018-07-06,63.85330
2018-07-09,64.45110
2018-07-10,64.96600
2018-07-11,64.78450
2018-07-12,64.80150
2018-07-13,64.76610
2018-07-16,64.09010
2018-07-17,64.68340
2018-07-18,63.94870
2018-07-19,63.41100
2018-07-20,63.99740
2018-07-23,64.51600
2018-07-24,65.01090
2018-07-25,64.89920
2018-07-26,64.79810
2018-07-27,65.06920
2018-07-30,65.22580
2018-07-31,65.58980
2018-08-01,65.57640
2018-08-02,65.14410
2018-08-03,65.50390
2018-08-06,65.90000
2018-08-07,66.01430
2018-08-08,66.47100
2018-08-09,66.60750
2018-08-10,66.56330
2018-08-13,66.42520
2018-08-14,66.99670
2018-08-16,66.74790
2018-08-17,67.10120
2018-08-20,67.37960
2018-08-21,67.71200
2018-08-23,67.80840
2018-08-24,67.75290
2018-08-27,68.56330
2018-08-28,69.12960
2018-08-29,69.07040
2018-08-30,68.82480
2018-08-31,68.63950
2018-09-03,68.18430
2018-09-04,67.28420
2018-09-05,66.98000
2018-09-06,66.90490
2018-09-07,67.43590
2018-09-10,66.56410
2018-09-11,65.77630
2018-09-12,65.82430
2018-09-14,66.56910
2018-09-17,65.93740
2018-09-18,65.45080
2018-09-19,65.04360
2018-09-21,64.28150
2018-09-24,63.20590
2018-09-25,63.46980
2018-09-26,63.43610
2018-09-27,62.64450
2018-09-28,61.98490
2018-10-01,62.20610
2018-10-03,61.38640
2018-10-04,60.32440
2018-10-05,59.14400
2018-10-08,59.03350
2018-10-09,58.95200
2018-10-10,60.41650
2018-10-11,59.22180
2018-10-12,60.61250
2018-10-15,60.70500
2018-10-16,61.26910
2018-10-17,60.26580
2018-10-19,59.79580
2018-10-22,59.31140
2018-10-23,58.73620
2018-10-24,59.27570
2018-10-25,59.18500
2018-10-26,59.06670
2018-10-29,60.24780
2018-10-30,60.21360
2018-10-31,61.02310
2018-11-01,61.33800
2018-11-02,61.83970
2018-11-05,61.67450
2018-11-06,61.61750
2018-11-09,62.15790
2018-11-12,61.60920
2018-11-13,61.78940
2018-11-14,61.83740
2018-11-15,62.23470
2018-11-16,62.39450
2018-11-19,62.66060
2018-11-20,62.13240
2018-11-21,62.29230
2018-11-22,61.93690
2018-11-26,62.27880
2018-11-27,62.73440
2018-11-28,62.80940
2018-11-29,63.63900
2018-11-30,64.06080
2018-12-03,64.00300
2018-12-04,63.92780
2018-12-05,63.44130
2018-12-06,62.48640
2018-12-07,63.01080
2018-12-10,61.76970
2018-12-11,62.46290
2018-12-12,63.50450
2018-12-13,64.06350
2018-12-14,64.24780
2018-12-17,64.52570
2018-12-18,64.84300
2018-12-19,65.30260
2018-12-20,65.20410
2018-12-21,64.54040
2018-12-24,63.97630
2018-12-26,64.32740
2018-12-27,64.52410
2018-12-28,65.08470
2018-12-31,65.25800
2019-01-01,65.20360
2019-01-02,64.39760
2019-01-03,64.05750
2019-01-04,64.13400
2019-01-07,64.02200
2019-01-08,63.96270
2019-01-09,64.01780
2019-01-10,63.91940
2019-01-11,63.70850
2019-01-14,63.27890
2019-01-15,63.87950
2019-01-16,63.75900
2019-01-17,63.78660
2019-01-18,63.82310
2019-01-21,63.94650
2019-01-22,63.87160
2019-01-23,63.71560
2019-01-24,63.67170
2019-01-25,62.85840
2019-01-28,61.95420
2019-01-29,62.05550
2019-01-30,62.36050
2019-01-31,62.70540
2019-02-01,63.10790
2019-02-04,63.08670
2019-02-05,62.99280
2019-02-06,63.37660
2019-02-07,63.49990
2019-02-08,63.07240
2019-02-11,62.56450
2019-02-12,62.19280
2019-02-13,62.14110
2019-02-14,61.95590
2019-02-15,61.71600
2019-02-18,61.13950
2019-02-19,61.02780
2019-02-20,61.58700
2019-02-21,61.91840
2019-02-22,61.92580
2019-02-25,62.48070
2019-02-26,62.24580
2019-02-27,61.97210
2019-02-28,61.89490
2019-03-01,62.33600
2019-03-05,63.02970
2019-03-06,63.42900
2019-03-07,63.46960
2019-03-08,63.46610
2019-03-11,64.21810
2019-03-12,64.81810
2019-03-13,64.92600
2019-03-14,64.79920
2019-03-15,65.16670
2019-03-18,65.32580
2019-03-19,65.44040
2019-03-20,65.38580
2019-03-22,65.18230
2019-03-25,64.54440
2019-03-26,65.23040
2019-03-27,65.29370
2019-03-28,65.62300
2019-03-29,66.10060
2019-04-01,66.24090
2019-04-02,66.36200
2019-04-03,66.15280
2019-04-04,65.92700
2019-04-05,66.34310
2019-04-08,66.08690
2019-04-09,66.28320
2019-04-10,66.05440
2019-04-11,66.01630
2019-04-12,66.15930
2019-04-15,66.37330
2019-04-16,66.76310
2019-04-18,66.41870
2019-04-22,65.64480
2019-04-23,65.70300
2019-04-24,66.27650
2019-04-25,65.86950
2019-04-26,66.08440
2019-04-30,65.99010
2019-05-02,65.71000
2019-05-03,65.54190
2019-05-06,65.02380
2019-05-07,64.65630
2019-05-08,63.96190
2019-05-09,63.99190
2019-05-10,63.85300
2019-05-13,63.28270
2019-05-14,63.19580
2019-05-15,63.15650
2019-05-16,63.78740
2019-05-17,64.69730
2019-05-20,66.45070
2019-05-21,66.06530
2019-05-22,66.24910
2019-05-23,65.78000
2019-05-24,66.93430
2019-05-27,67.27310
2019-05-28,67.33500
2019-05-29,67.13940
2019-05-30,67.61230
2019-05-31,67.65710
2019-06-03,68.47150
2019-06-04,68.17450
2019-06-06,67.40290
2019-06-07,67.57060
2019-06-10,67.86900
2019-06-11,68.12640
2019-06-12,67.83130
2019-06-13,67.84400
2019-06-14,67.47200
2019-06-17,66.84590
2019-06-18,66.84720
2019-06-19,66.72580
2019-06-20,67.43500
2019-06-21,66.98840
2019-06-24,66.86990
2019-06-25,67.36920
2019-06-26,67.82840
2019-06-27,67.93540
2019-06-28,67.82420
2019-07-01,68.09570
2019-07-02,68.35360
2019-07-03,68.44020
2019-07-04,68.49540
2019-07-05,67.62010
2019-07-08,65.98710
2019-07-09,66.17830
2019-07-10,65.62730
2019-07-11,65.94910
2019-07-12,65.96930
2019-07-15,66.37790
2019-07-16,66.81450
2019-07-17,67.06560
2019-07-18,66.56170
2019-07-19,65.32740
2019-07-22,64.75810
2019-07-23,64.63190
2019-07-24,64.14910
2019-07-25,64.10190
2019-07-26,64.47470
2019-07-29,64.39710
2019-07-30,64.08750
2019-07-31,64.29470
2019-08-01,63.69630
2019-08-02,63.84390
2019-08-05,63.32120
2019-08-06,64.04810
2019-08-07,63.97910
2019-08-08,64.73590
2019-08-09,65.40160
2019-08-13,64.22950
2019-08-14,64.77980
2019-08-16,64.95430
2019-08-19,65.01900
2019-08-20,64.94330
2019-08-21,64.62770
2019-08-22,63.62670
2019-08-23,63.97860
2019-08-26,65.16300
2019-08-27,65.49180
2019-08-28,65.28910
2019-08-29,64.89170
2019-08-30,65.47970
2019-09-03,64.54280
2019-09-04,64.66000
2019-09-05,64.68150
2019-09-06,65.08720
2019-09-09,65.48590
2019-09-11,65.60270
2019-09-12,65.48990
2019-09-13,65.81740
2019-09-16,65.67220
2019-09-17,64.93190
2019-09-18,65.19130
2019-09-19,64.42250
2019-09-20,67.84800
2019-09-23,70.06930
2019-09-24,70.02020
2019-09-25,69.39060
2019-09-26,70.02670
2019-09-27,69.93950
2019-09-30,69.66090
2019-10-01,69.04370
2019-10-03,68.63320
2019-10-04,68.11890
2019-10-07,67.86830
2019-10-09,68.90730
2019-10-10,68.12180
2019-10-11,68.45380
2019-10-14,68.27610
2019-10-15,68.34540
2019-10-16,68.50920
2019-10-17,69.40640
2019-10-18,69.97400
2019-10-22,69.29560
2019-10-23,69.38230
2019-10-24,69.27950
2019-10-25,69.17730
2019-10-29,70.48550
2019-10-30,70.69440
2019-10-31,70.98550
2019-11-01,70.99990
2019-11-04,71.31350
2019-11-05,71.14820
2019-11-06,71.24890
2019-11-07,71.59440
2019-11-08,71.24600
2019-11-11,71.36760
2019-11-13,71.14290
2019-11-14,71.45740
2019-11-15,71.82210
2019-11-18,71.71200
2019-11-19,71.75620
2019-11-20,71.56470
2019-11-21,71.28730
2019-11-22,70.92350
2019-11-25,71.66200
2019-11-26,71.28550
2019-11-27,71.73000
2019-11-28,72.07640
2019-11-29,71.94450
2019-12-02,71.70880
2019-12-03,71.48030
2019-12-04,71.88220
2019-12-05,71.85360
2019-12-06,71.53010
2019-12-09,71.46200
2019-12-10,71.23750
2019-12-11,71.62350
2019-12-12,71.85710
2019-12-13,72.41470
2019-12-16,72.29080
2019-12-17,72.93630
2019-12-18,73.04970
2019-12-19,73.11410
2019-12-20,73.05400
2019-12-23,73.15960
2019-12-24,72.95120
2019-12-26,72.74090
2019-12-27,73.32260
2019-12-30,73.21140
2019-12-31,72.99740
2020-01-01,72.96670
2020-01-02,73.41520
2020-01-03,73.03580
2020-01-06,71.58160
2020-01-07,71.97610
2020-01-08,72.14910
2020-01-09,73.18120
2020-01-10,73.42440
2020-01-13,73.90030
2020-01-14,74.23260
2020-01-15,74.50130
2020-01-16,74.74540
2020-01-17,75.04410
2020-01-20,74.19380
2020-01-21,73.82990
2020-01-22,73.71850
2020-01-23,74.18910
2020-01-24,74.66270
2020-01-27,74.29360
2020-01-28,74.15440
2020-01-29,74.56210
2020-01-30,74.18280
2020-01-31,74.01250
2020-02-03,73.08050
2020-02-04,74.29450
2020-02-05,75.02300
2020-02-06,75.52380
2020-02-07,75.58570
2020-02-10,75.47710
2020-02-11,75.57880
2020-02-12,76.05900
2020-02-13,75.98940
2020-02-14,75.42570
2020-02-17,75.08370
2020-02-18,74.86830
2020-02-19,75.82920
2020-02-20,75.90290
2020-02-24,74.66680
2020-02-25,74.43530
2020-02-26,73.85950
2020-02-27,73.56860
2020-02-28,71.34220
2020-03-02,70.84310
2020-03-03,71.80590
2020-03-04,70.97900
2020-03-05,71.15700
2020-03-06,69.97260
2020-03-09,67.19830
2020-03-11,66.93140
2020-03-12,62.70550
2020-03-13,64.35530
2020-03-16,60.55680
2020-03-17,58.82380
2020-03-18,55.69130
2020-03-19,53.63660
2020-03-20,55.99540
2020-03-23,48.84230
2020-03-24,49.95240
2020-03-25,52.12180
2020-03-26,54.13710
2020-03-27,54.00100
2020-03-30,52.22550
2020-03-31,53.18930
2020-04-01,51.65760
2020-04-03,50.47500
2020-04-07,53.29850
2020-04-08,53.68630
2020-04-09,55.45310
2020-04-13,54.25150
2020-04-15,54.04950
2020-04-16,54.10960
2020-04-17,55.25720
2020-04-20,55.24800
2020-04-21,53.97960
2020-04-22,54.46040
2020-04-23,55.28840
2020-04-24,54.42990
2020-04-27,55.23270
2020-04-28,55.66820
2020-04-29,56.35860
2020-04-30,57.42060
2020-05-04,54.95170
2020-05-05,54.16990
2020-05-06,54.58070
2020-05-07,54.05850
2020-05-08,54.32730
2020-05-11,54.22100
2020-05-12,54.10760
2020-05-13,54.80580
2020-05-14,54.18510
2020-05-15,54.05690
2020-05-18,52.67040
2020-05-19,52.95320
2020-05-20,54.00310
2020-05-21,54.23920
2020-05-22,53.81200
2020-05-26,53.50230
2020-05-27,54.25120
2020-05-28,54.92060
2020-05-29,55.25900
2020-06-01,56.79310
2020-06-02,57.79980
2020-06-03,58.04430
2020-06-04,57.78990
2020-06-05,58.53910
2020-06-08,58.75670
2020-06-09,58.09160
2020-06-10,58.30150
2020-06-11,57.33820
2020-06-12,57.67270
2020-06-15,56.85350
2020-06-16,57.15630
2020-06-17,57.14160
2020-06-18,57.73630
2020-06-19,58.55010
2020-06-22,59.23260
2020-06-23,60.26230
2020-06-24,59.33880
2020-06-25,59.41860
2020-06-26,59.65860
2020-06-29,59.25800
2020-06-30,59.19770
2020-07-01,59.41200
2020-07-02,59.77270
2020-07-03,60.01250
2020-07-06,60.87520
2020-07-07,61.57910
2020-07-08,60.90730
2020-07-09,61.27370
2020-07-10,61.07880
2020-07-13,60.71610
2020-07-14,60.08670
2020-07-15,60.04800
2020-07-16,60.65580
2020-07-17,61.35630
2020-07-20,62.09700
2020-07-21,62.15690
2020-07-22,61.94060
2020-07-23,62.41320
2020-07-24,62.05750
2020-07-27,61.48860
2020-07-28,62.00070
2020-07-29,61.93160
2020-07-30,61.68770
2020-07-31,61.98260
2020-08-03,61.44540
2020-08-04,62.33010
2020-08-05,62.49730
2020-08-06,63.08670
2020-08-07,63.30810
2020-08-10,63.89040
2020-08-11,63.74240
2020-08-12,63.60280
2020-08-13,63.96020
2020-08-14,63.41280
2020-08-17,63.62550
2020-08-18,64.43940
2020-08-19,64.74270
2020-08-20,64.69080
2020-08-21,64.99120
2020-08-24,65.69690
2020-08-25,66.21260
2020-08-26,66.36420
2020-08-27,66.45920
2020-08-28,66.66690
2020-08-31,64.70710
2020-09-01,65.40760
2020-09-02,66.04200
2020-09-03,66.15450
2020-09-04,65.29950
2020-09-07,65.10580
2020-09-08,64.74680
2020-09-09,64.43670
2020-09-10,65.04860
2020-09-11,65.14070
2020-09-14,65.70750
2020-09-15,66.41100
2020-09-16,66.92130
2020-09-17,66.52910
2020-09-18,66.34120
2020-09-21,64.62570
2020-09-22,64.18890
2020-09-23,64.08000
2020-09-24,62.45580
2020-09-25,63.83560
2020-09-28,64.98330
2020-09-29,65.01400
2020-09-30,65.17880
2020-10-01,66.09340
2020-10-05,66.18360
2020-10-06,66.77900
2020-10-07,66.79030
2020-10-08,67.15300
2020-10-09,67.27510
2020-10-12,67.28090
2020-10-13,67.20880
2020-10-14,67.43700
2020-10-15,66.11880
2020-10-16,66.74960
2020-10-19,67.18790
2020-10-20,67.48740
2020-10-21,67.58090
2020-10-22,67.57730
2020-10-23,67.97510
2020-10-26,67.21360
2020-10-27,68.26490
2020-10-28,67.68760
2020-10-29,67.39700
2020-10-30,67.01110
2020-11-02,67.23750
2020-11-03,67.86220
2020-11-04,68.46350
2020-11-05,69.50950
2020-11-06,69.96460
2020-11-09,71.03360
2020-11-10,71.27130
2020-11-11,71.61720
2020-11-12,71.56210
2020-11-13,72.06850
2020-11-17,73.02120
2020-11-18,73.24390
2020-11-19,72.60160
2020-11-20,73.31750
2020-11-23,73.60210
2020-11-24,74.21370
2020-11-25,72.89170
2020-11-26,73.59290
2020-11-27,73.94790
2020-12-01,74.63270
2020-12-02,74.76870
2020-12-03,74.80170
2020-12-04,75.59920
2020-12-07,76.12000
2020-12-08,76.38690
2020-12-09,76.95660
2020-12-10,76.74830
2020-12-11,76.87200
2020-12-14,77.27110
2020-12-15,77.24330
2020-12-16,77.84680
2020-12-17,77.87530
2020-12-18,78.11350
2020-12-21,75.98150
2020-12-22,76.78020
2020-12-23,77.78960
2020-12-24,78.30100
2020-12-28,78.82070
2020-12-29,79.04920
2020-12-30,79.28340
2020-12-31,79.51180
2021-01-01,79.64940
2021-01-04,80.35200
2021-01-05,80.86880
2021-01-06,80.74410
2021-01-07,80.51770
2021-01-08,81.73150
2021-01-11,82.45630
2021-01-12,82.59650
2021-01-13,82.44020
2021-01-14,82.48930
2021-01-15,81.38640
2021-01-18,80.33960
2021-01-19,81.41870
2021-01-20,81.88710
2021-01-21,81.58540
2021-01-22,80.64960
2021-01-25,80.03690
2021-01-27,78.52060
2021-01-28,77.58410
2021-01-29,76.51690
2021-02-01,79.31500
2021-02-02,80.90780
2021-02-03,81.57520
2021-02-04,82.05630
2021-02-05,81.87870
2021-02-08,82.89220
2021-02-09,82.95900
2021-02-10,83.18930
2021-02-11,83.54910
2021-02-12,83.65270
2021-02-15,84.47030
2021-02-16,84.29480
2021-02-17,83.65090
2021-02-18,83.15580
2021-02-19,82.44070
2021-02-22,81.15250
2021-02-23,81.42880
2021-02-24,82.62710
2021-02-25,82.89180
2021-02-26,80.73710
2021-03-01,81.62740
2021-03-02,82.82080
2021-03-03,84.41130
2021-03-04,83.94570
2021-03-05,83.20650
2021-03-08,83.14880
2021-03-09,83.82990
2021-03-10,84.21660
2021-03-12,83.69520
2021-03-15,82.98150
2021-03-16,82.86480
2021-03-17,81.80560
2021-03-18,80.52380
2021-03-19,81.19780
2021-03-22,81.31770
2021-03-23,81.93530
2021-03-24,80.62400
2021-03-25,79.51370
2021-03-26,80.54670
2021-03-30,81.82920
2021-03-31,81.38420
2021-04-01,82.05180
2021-04-05,80.97830
2021-04-06,81.43990
2021-04-07,82.59320
2021-04-08,82.85130
2021-04-09,82.76740
2021-04-12,80.18410
2021-04-13,80.82890
2021-04-15,81.06970
2021-04-16,81.22650
2021-04-19,80.16170
2021-04-20,79.99520
2021-04-22,80.44930
2021-04-23,80.18400
2021-04-26,81.15860
2021-04-27,82.09950
2021-04-28,83.13340
2021-04-29,83.02200
2021-04-30,81.86110
2021-05-03,82.14500
2021-05-04,81.31150
2021-05-05,82.10190
2021-05-06,82.53020
2021-05-07,82.47490
2021-05-10,82.80030
2021-05-11,82.76310
2021-05-12,82.11660
2021-05-14,81.74820
2021-05-17,82.91380
2021-05-18,84.19630
2021-05-19,84.11290
2021-05-20,83.76520
2021-05-21,84.99620
2021-05-24,85.11690
2021-05-25,85.32810
2021-05-26,85.78020
2021-05-27,85.77840
2021-05-28,85.77890
2021-05-31,86.41940
2021-06-01,86.18220
2021-06-02,86.30150
2021-06-03,87.17730
2021-06-04,87.17710
2021-06-07,87.60530
2021-06-08,87.80720
2021-06-09,87.30870
2021-06-10,88.10810
2021-06-11,88.28150
2021-06-14,88.50800
2021-06-15,89.07800
2021-06-16,88.67390
2021-06-17,88.50940
2021-06-18,88.42800
2021-06-21,88.63760
2021-06-22,89.06580
2021-06-23,88.72910
2021-06-24,89.49350
2021-06-25,89.95860
2021-06-28,89.92140
2021-06-29,89.45370
2021-06-30,89.46820
2021-07-01,89.42680
2021-07-02,90.24700
2021-07-05,90.83360
2021-07-06,90.75800
2021-07-07,91.02640
2021-07-08,90.40740
2021-07-09,90.22450
2021-07-12,90.33360
2021-07-13,90.81250
2021-07-14,91.01420
2021-07-15,91.26640
2021-07-16,91.24950
2021-07-19,90.57830
2021-07-20,89.77760
2021-07-22,90.92180
2021-07-23,91.10230
2021-07-26,91.12300
2021-07-27,90.90490
2021-07-28,90.82200
2021-07-29,91.08070
2021-07-30,91.06470
2021-08-02,91.71300
2021-08-03,92.71800
2021-08-04,92.98480
2021-08-05,93.07590
2021-08-06,93.17930
2021-08-09,93.40170
2021-08-10,93.53020
2021-08-11,93.38650
2021-08-12,94.07450
2021-08-13,94.73960
2021-08-16,94.56650
2021-08-17,95.31100
2021-08-18,95.18180
2021-08-20,94.49480
2021-08-23,94.46890
2021-08-24,95.01590
2021-08-25,95.02560
2021-08-26,95.12970
2021-08-27,95.47370
2021-08-30,96.77880
2021-08-31,97.97860
2021-09-01,98.05980
2021-09-02,98.89920
2021-09-03,99.10760
2021-09-06,99.25820
2021-09-07,99.02260
2021-09-08,99.36950
2021-09-09,99.45240
2021-09-13,99.51760
2021-09-14,99.89870
2021-09-15,100.76940
2021-09-16,101.07760
2021-09-17,100.56830
2021-09-20,99.68280
2021-09-21,100.46360
2021-09-22,100.67010
2021-09-23,101.96140
2021-09-24,102.09740
2021-09-27,102.01240
2021-09-28,100.99210
2021-09-29,100.74730
2021-09-30,100.61460
2021-10-01,100.18420
2021-10-04,101.14360
2021-10-05,101.81870
2021-10-06,101.08440
2021-10-07,102.83780
2021-10-08,103.15880
2021-10-11,103.61430
2021-10-12,103.80810
2021-10-13,105.06300
2021-10-14,105.80080
2021-10-18,105.79570
2021-10-19,104.88370
2021-10-20,103.70300
2021-10-21,102.86490
2021-10-22,102.37170
2021-10-25,102.20580
2021-10-26,103.41090
2021-10-27,103.53870
2021-10-28,101.49860
2021-10-29,101.06260
2021-11-01,102.34420
2021-11-02,102.57890
2021-11-03,102.15260
2021-11-08,103.19980
2021-11-09,103.41870
2021-11-10,103.29900
2021-11-11,102.75130
2021-11-12,103.85670
2021-11-15,103.95670
2021-11-16,103.66430
2021-11-17,103.25020
2021-11-18,102.41080
2021-11-22,100.02330
2021-11-23,100.69040
2021-11-24,100.29830
2021-11-25,100.75290
2021-11-26,97.92920
2021-11-29,97.94150
2021-11-30,98.33570
2021-12-01,98.87150
2021-12-02,99.77400
2021-12-03,99.15930
2021-12-06,97.30350
2021-12-07,98.77980
2021-12-08,100.54300
2021-12-09,100.47980
2021-12-10,100.49670
2021-12-13,99.72010
2021-12-14,99.83380
2021-12-15,99.09850
2021-12-16,99.06040
2021-12-17,97.73020
2021-12-20,95.69910
2021-12-21,96.56990
2021-12-22,97.87780
2021-12-23,98.58070
2021-12-24,98.12580
2021-12-27,98.57720
2021-12-28,99.44650
2021-12-29,99.36990
2021-12-30,99.48620
2021-12-31,100.36970
2022-01-03,101.60650
2022-01-04,102.38920
2022-01-05,102.81570
2022-01-06,102.24540
2022-01-07,102.75070
2022-01-10,103.52600
2022-01-11,103.69800
2022-01-12,104.41700
2022-01-13,104.70340
2022-01-14,104.98980
2022-01-17,105.11550
2022-01-18,104.10820
2022-01-19,103.11810
2022-01-20,102.44560
2022-01-21,101.27890
2022-01-24,98.30690
2022-01-25,99.00410
2022-01-27,97.53940
2022-01-28,97.92840
2022-01-31,99.22260
2022-02-01,100.45290
2022-02-02,101.66090
2022-02-03,100.75720
2022-02-04,100.26330
2022-02-07,98.56490
2022-02-08,98.62330
2022-02-09,99.73330
2022-02-10,100.32770
2022-02-11,98.67750
2022-02-14,95.89300
2022-02-15,98.51030
2022-02-16,98.27020
2022-02-17,98.00400
2022-02-18,97.68220
2022-02-21,97.21900
2022-02-22,96.75280
2022-02-23,97.12380
2022-02-24,92.66360
2022-02-25,95.49230
2022-02-28,96.09020
2022-03-02,95.04250
2022-03-03,94.38570
2022-03-04,92.61500
2022-03-07,90.62750
2022-03-08,91.90810
2022-03-09,93.40650
2022-03-10,94.38840
2022-03-11,94.81320
2022-03-14,95.92650
2022-03-15,95.33890
2022-03-16,96.76730
2022-03-17,98.27160
2022-03-21,97.39220
2022-03-22,97.94850
2022-03-23,97.64930
2022-03-24,97.32160
2022-03-25,96.89960
2022-03-28,97.18560
2022-03-29,98.07860
2022-03-30,99.06090
2022-03-31,98.99860
2022-04-01,99.72930
2022-04-04,101.18380
2022-04-05,100.98890
2022-04-06,100.40370
2022-04-07,99.91130
2022-04-08,100.45820
2022-04-11,100.16730
2022-04-12,99.34490
2022-04-13,99.10850
2022-04-18,97.59530
2022-04-19,96.53270
2022-04-20,97.16370
2022-04-21,98.35130
2022-04-22,97.35170
2022-04-25,96.13280
2022-04-26,97.17440
2022-04-27,96.00980
2022-04-28,97.07710
2022-04-29,96.39470
2022-05-02,96.01550
2022-05-04,93.90350
2022-05-05,94.01120
2022-05-06,92.11060
2022-05-09,91.24020
2022-05-10,90.46210
2022-05-11,90.06040
2022-05-12,88.24760
2022-05-13,88.12920
2022-05-16,89.14100
2022-05-17,91.27350
2022-05-18,91.21230
2022-05-19,88.66960
2022-05-20,90.69060
2022-05-23,90.62050
2022-05-24,90.09790
2022-05-25,89.13210
2022-05-26,89.93680
2022-05-27,91.06840
2022-05-30,93.13800
2022-05-31,93.21750
2022-06-01,92.71880
2022-06-02,92.94460
2022-06-03,92.57080
2022-06-06,92.35690
2022-06-07,91.33840
2022-06-08,91.12270
2022-06-09,91.79630
2022-06-10,90.59480
2022-06-13,88.25110
2022-06-14,88.18530
2022-06-15,88.27200
2022-06-16,86.58970
2022-06-17,85.95270
2022-06-20,86.09090
2022-06-21,87.52060
2022-06-22,86.40490
2022-06-23,87.38910
2022-06-24,88.21980
2022-06-27,88.80100
2022-06-28,88.77590
2022-06-29,88.38490
2022-06-30,88.06770
2022-07-01,88.47510
2022-07-04,89.21890
2022-07-05,89.07860
2022-07-06,90.56520
2022-07-07,91.53700
2022-07-08,92.03650
2022-07-11,91.97040
2022-07-12,90.98030
2022-07-13,90.82090
2022-07-14,90.58980
2022-07-15,91.38190
2022-07-18,92.72300
2022-07-19,93.16160
2022-07-20,93.64970
2022-07-21,94.39220
2022-07-22,94.64480
2022-07-25,94.61580
2022-07-26,93.52760
2022-07-27,94.42140
2022-07-28,95.93170
2022-07-29,96.96260
2022-08-01,98.07770
2022-08-02,98.21750
2022-08-03,98.40070
2022-08-04,98.57660
2022-08-05,98.79130
2022-08-08,99.23910
2022-08-10,99.39420
2022-08-11,100.29150
2022-08-12,100.47110
2022-08-16,101.04870
2022-08-17,101.46480
2022-08-18,101.40310
2022-08-19,100.27940
2022-08-22,98.73680
2022-08-23,99.62670
2022-08-24,99.90900
2022-08-25,99.68490
2022-08-26,100.00100
2022-08-29,98.83350
2022-08-30,101.04370
2022-09-01,100.91930
2022-09-02,100.89330
2022-09-05,101.48400
2022-09-06,101.42790
2022-09-07,101.31190
2022-09-08,102.15330
2022-09-09,102.30930
2022-09-12,103.15850
2022-09-13,103.82020
2022-09-14,103.43900
2022-09-15,103.13380
2022-09-16,100.78190
2022-09-19,101.08420
2022-09-20,102.50100
2022-09-21,101.95160
2022-09-22,102.44660
2022-09-23,100.47180
2022-09-26,98.35160
2022-09-27,98.50040
2022-09-28,98.25770
2022-09-29,98.34740
2022-09-30,99.95450
2022-10-03,98.85700
2022-10-04,100.73750
2022-10-06,101.11270
2022-10-07,101.18970
2022-10-10,100.77250
2022-10-11,99.34700
2022-10-12,99.87570
2022-10-13,98.90890
2022-10-14,99.36340
2022-10-17,99.81520
2022-10-18,100.67530
2022-10-19,100.55340
2022-10-20,100.57670
2022-10-21,100.69260
2022-10-25,101.25740
2022-10-27,101.42880
2022-10-28,100.81550
2022-10-31,101.99050
2022-11-01,102.36850
2022-11-02,101.87020
2022-11-03,101.74020
2022-11-04,101.14570
2022-11-07,101.25000
2022-11-09,100.87910
2022-11-10,99.93420
2022-11-11,100.33280
2022-11-14,99.91830
2022-11-15,100.39600
2022-11-16,100.16080
2022-11-17,100.17110
2022-11-18,99.49360
2022-11-21,99.41240
2022-11-22,99.70910
2022-11-23,100.14990
2022-11-24,100.77180
2022-11-25,100.74140
2022-11-28,100.92910
2022-11-29,100.89030
2022-11-30,101.54580
2022-12-01,101.98660
2022-12-02,101.63590
2022-12-05,101.67610
2022-12-06,101.19590
2022-12-07,101.00560
2022-12-08,101.72020
2022-12-09,101.31180
2022-12-12,101.06030
2022-12-13,101.40480
2022-12-14,101.75370
2022-12-15,100.80200
2022-12-16,99.64810
2022-12-19,100.34360
2022-12-20,100.23090
2022-12-21,98.92330
2022-12-22,98.25950
2022-12-23,96.34720
2022-12-26,98.04730
2022-12-27,98.48750
2022-12-28,98.59620
2022-12-29,98.83590
2022-12-30,98.75250
2023-01-02,99.08770
2023-01-03,99.29660
2023-01-04,98.40560
2023-01-05,97.60150
2023-01-06,96.90600
2023-01-09,97.54100
2023-01-10,96.88960
2023-01-11,96.48970
2023-01-12,96.50530
2023-01-13,96.65540
2023-01-16,96.25390
2023-01-17,96.44640
2023-01-18,96.75710
2023-01-19,96.53560
2023-01-20,96.02940
2023-01-23,96.18100
2023-01-24,96.10640
2023-01-25,95.03750
2023-01-27,93.88350
2023-01-30,94.09030
2023-01-31,94.79990
2023-02-01,95.36870
2023-02-02,95.72460
2023-02-03,96.85410
2023-02-06,96.87460
2023-02-07,96.96310
2023-02-08,97.46760
2023-02-09,98.01080
2023-02-10,98.32610
2023-02-13,97.36990
2023-02-14,97.63550
2023-02-15,98.43330
2023-02-16,99.15350
2023-02-17,98.63170
2023-02-20,98.36380
2023-02-21,98.23600
2023-02-22,97.23350
2023-02-23,96.99050
2023-02-24,96.54690
2023-02-27,96.12060
2023-02-28,95.84950
2023-03-01,96.78530
2023-03-02,95.92420
2023-03-03,96.63090
2023-03-06,97.14470
2023-03-08,97.32170
2023-03-09,96.78560
2023-03-10,96.13980
2023-03-13,94.43930
2023-03-14,94.07770
2023-03-15,94.06160
2023-03-16,93.92880
2023-03-17,94.50590
2023-03-20,94.03110
2023-03-21,94.58570
2023-03-22,94.76900
2023-03-23,94.79270
2023-03-24,94.16680
2023-03-27,93.74420
2023-03-28,93.83690
2023-03-29,94.86590
2023-03-31,96.18880
2023-04-03,96.28570
2023-04-05,96.98500
2023-04-06,97.05950
2023-04-10,97.01320
2023-04-11,97.65580
2023-04-12,98.01880
2023-04-13,98.32300
2023-04-17,97.94610
2023-04-18,97.73920
2023-04-19,97.59040
2023-04-20,97.62750
2023-04-21,97.48770
2023-04-24,98.14810
2023-04-25,98.15280
2023-04-26,98.65250
2023-04-27,99.23430
2023-04-28,99.57830
2023-05-02,100.11610
2023-05-03,100.18420
2023-05-04,101.04660
2023-05-05,100.58500
2023-05-08,101.46940
2023-05-09,101.63620
2023-05-10,102.13430
2023-05-11,102.26660
2023-05-12,102.78040
2023-05-15,103.06000
2023-05-16,103.22590
2023-05-17,102.92650
2023-05-18,102.93840
2023-05-19,103.22580
2023-05-22,103.39680
2023-05-23,103.36430
2023-05-24,103.52200
2023-05-25,104.19710
2023-05-26,105.03130
2023-05-29,105.49700
2023-05-30,105.92120
2023-05-31,106.12700
2023-06-01,106.10130
2023-06-02,106.71920
2023-06-05,107.19520
2023-06-06,107.60540
2023-06-07,108.35500
2023-06-08,107.40540
2023-06-09,107.25410
2023-06-12,107.41880
2023-06-13,108.37290
2023-06-14,108.37270
2023-06-15,108.30910
2023-06-16,109.39720
2023-06-19,109.11270
2023-06-20,109.32860
2023-06-21,109.52890
2023-06-22,108.90390
2023-06-23,108.04900
2023-06-26,108.47030
2023-06-27,108.87760
2023-06-28,109.67020
2023-06-30,110.24220
2023-07-03,110.39160
2023-07-04,110.52780
2023-07-05,110.64980
2023-07-06,111.17450
2023-07-07,110.42410
2023-07-10,109.61290
2023-07-11,110.08040
2023-07-12,110.17920
2023-07-13,110.49170
2023-07-14,111.11160
2023-07-17,111.51190
2023-07-18,111.59400
2023-07-19,112.25240
2023-07-20,112.46180
2023-07-21,111.47840
2023-07-24,111.68230
2023-07-25,111.68300
2023-07-26,111.90890
2023-07-27,111.21450
2023-07-28,110.96880
2023-07-31,111.73430
2023-08-01,111.85250
2023-08-02,110.86980
2023-08-03,110.14600
2023-08-04,110.73720
2023-08-07,111.06700
2023-08-08,111.28910
2023-08-09,111.71190
2023-08-10,111.38080
2023-08-11,111.39280
2023-08-14,111.30880
2023-08-16,111.50730
2023-08-17,111.32480
2023-08-18,111.00640
2023-08-21,111.46020
2023-08-22,111.73330
2023-08-23,112.48440
2023-08-24,112.55950
2023-08-25,111.91930
2023-08-28,112.27510
2023-08-29,112.85290
2023-08-30,113.09320
2023-08-31,113.16960
2023-09-01,113.81840
2023-09-04,113.86330
2023-09-05,114.28060
2023-09-06,114.49420
2023-09-07,115.13530
2023-09-08,115.77040
2023-09-11,116.50490
2023-09-12,115.32470
2023-09-13,115.40950
2023-09-14,115.92100
2023-09-15,116.24330
2023-09-18,115.63500
2023-09-20,115.11660
2023-09-21,113.96660
2023-09-22,113.70010
2023-09-25,113.84560
2023-09-26,113.93750
2023-09-27,114.30530
2023-09-29,114.03280
2023-10-03,114.21730
2023-10-04,113.14770
2023-10-05,113.65160
2023-10-06,114.21840
2023-10-09,113.45150
2023-10-10,114.49020
2023-10-11,115.07410
2023-10-12,115.13330
2023-10-13,114.82970
2023-10-16,114.97530
2023-10-17,115.54660
2023-10-18,114.80700
2023-10-19,114.72850
2023-10-20,113.92070
2023-10-23,111.97110
2023-10-25,110.86410
2023-10-26,109.71370
2023-10-27,111.23190
2023-10-30,111.53980
2023-10-31,111.37930
2023-11-01,111.32070
2023-11-02,112.13520
2023-11-03,112.91890
2023-11-06,113.97060
2023-11-07,114.27100
2023-11-08,114.79700
2023-11-09,114.52490
2023-11-10,114.81800
2023-11-13,115.03460
2023-11-15,115.93600
2023-11-16,116.44180
2023-11-17,116.14990
2023-11-20,116.12130
2023-11-21,116.09080
2023-11-22,115.89190
2023-11-23,116.09820
2023-11-24,116.20850
2023-11-28,116.13190
2023-11-29,116.98560
2023-11-30,118.03630
2023-12-01,118.85140
2023-12-04,120.79100
2023-12-05,121.21640
2023-12-06,121.32660
2023-12-07,121.31720
2023-12-08,121.69680
2023-12-11,122.10870
2023-12-12,121.72250
2023-12-13,121.94210
2023-12-14,123.28430
2023-12-15,124.13870
2023-12-18,124.20810
2023-12-19,124.31530
2023-12-20,122.41070
2023-12-21,123.13740
2023-12-22,123.64860
2023-12-26,123.80680
2023-12-27,124.56690
2023-12-28,124.52620
2023-12-29,124.69650
2024-01-01,124.45500
2024-01-02,123.97390
2024-01-03,123.58990
2024-01-04,124.34600
2024-01-05,124.72410
2024-01-08,123.43930
2024-01-09,123.48770
2024-01-10,123.67780
2024-01-11,123.81080
2024-01-12,124.72240
2024-01-15,125.26570
2024-01-16,125.09350
2024-01-17,122.97160
2024-01-18,122.24110
2024-01-19,123.30240
2024-01-23,120.92110
2024-01-24,121.91180
2024-01-25,121.40210
2024-01-29,122.66610
2024-01-30,121.44370
2024-01-31,122.60770
2024-02-01,122.33550
2024-02-02,122.59700
2024-02-05,121.49930
2024-02-06,122.32410
2024-02-07,123.45470
2024-02-08,122.78580
2024-02-09,123.20540
2024-02-12,122.26950
2024-02-13,122.64620
2024-02-14,123.48600
2024-02-15,124.01450
2024-02-16,125.26920
2024-02-19,125.69450
2024-02-20,125.90510
2024-02-21,125.40120
2024-02-22,126.52070
2024-02-23,126.74090
2024-02-26,126.37120
2024-02-27,126.44170
2024-02-28,124.86680
2024-02-29,125.35880
2024-03-01,126.95330
2024-03-04,126.71860
2024-03-05,125.85850
2024-03-06,125.81640
2024-03-07,126.15640
2024-03-11,125.36560
2024-03-12,124.63130
2024-03-13,122.54370
2024-03-14,123.74840
2024-03-15,123.64150
2024-03-18,123.44370
2024-03-19,122.29840
2024-03-20,122.72750
2024-03-21,124.26830
2024-03-22,125.20430
2024-03-26,125.36730
2024-03-27,126.04660
2024-03-28,127.16250
2024-03-31,127.14270
2024-04-01,128.14070
2024-04-02,128.42880
2024-04-03,128.89870
2024-04-04,129.57510
2024-04-05,129.79780
2024-04-08,130.15430
2024-04-09,129.89440
2024-04-10,130.46260
2024-04-12,129.35600
2024-04-15,127.54930
2024-04-16,127.14950
2024-04-18,126.62180
2024-04-19,127.57270
2024-04-22,128.86140
2024-04-23,129.41600
2024-04-24,129.55720
2024-04-25,130.58590
2024-04-26,130.32350
2024-04-29,131.68870
2024-04-30,132.23640
2024-05-02,133.14230
2024-05-03,132.68920
2024-05-06,132.52590
2024-05-07,131.35520
2024-05-08,131.58260
2024-05-09,129.45210
2024-05-10,130.43300
2024-05-13,131.29640
2024-05-14,132.45200
2024-05-15,133.05100
2024-05-16,134.26080
2024-05-17,135.68890
2024-05-21,136.28630
2024-05-22,135.79130
2024-05-23,137.23150
2024-05-24,137.57660
2024-05-27,137.93020
2024-05-28,137.12050
2024-05-29,135.86280
2024-05-30,135.04160
2024-05-31,135.11470
2024-06-03,139.02840
2024-06-04,131.78840
2024-06-05,135.58350
2024-06-06,137.36680
2024-06-07,139.39010
2024-06-10,139.65550
2024-06-11,140.15470
2024-06-12,140.80000
2024-06-13,141.73420
2024-06-14,143.61540
2024-06-18,144.62320
2024-06-19,144.85060
2024-06-20,145.73350
2024-06-21,145.17010
2024-06-24,145.98130
2024-06-25,146.23800
2024-06-26,146.55530
2024-06-27,147.04140
2024-06-28,147.32300
2024-07-01,148.58630
2024-07-02,148.54320
2024-07-03,150.08790
2024-07-04,150.69600
2024-07-05,151.14280
2024-07-08,150.46650
2024-07-09,151.22440
2024-07-10,150.67540
2024-07-11,150.80220
2024-07-12,150.75400
2024-07-15,151.31480
2024-07-16,151.38320
2024-07-18,151.03170
2024-07-19,148.65570
2024-07-22,149.46120
2024-07-23,149.42170
2024-07-24,150.06450
2024-07-25,149.28970
2024-07-26,151.45040
2024-07-29,152.23150
2024-07-30,152.06940
2024-07-31,153.00190
2024-08-01,152.72140
2024-08-02,151.46170
2024-08-05,147.59800
2024-08-06,146.26460
2024-08-07,148.90580
2024-08-08,148.09460
2024-08-09,149.98790
2024-08-12,150.53280
2024-08-13,148.72570
2024-08-14,148.89350
2024-08-16,151.04290
2024-08-19,150.94030
2024-08-20,151.75000
2024-08-21,152.60140
2024-08-22,153.61540
2024-08-23,153.29610
2024-08-26,154.06330
2024-08-27,154.67920
2024-08-28,154.86300
2024-08-29,154.19210
2024-08-30,155.10640
2024-09-02,155.02610
2024-09-03,155.23790
2024-09-04,155.52540
2024-09-05,155.87480
2024-09-06,154.61720
2024-09-09,154.84410
2024-09-10,155.82110
2024-09-11,155.22030
2024-09-12,157.28200
2024-09-13,157.64240
2024-09-16,157.48690
2024-09-17,158.00600
2024-09-18,157.52200
2024-09-19,156.96850
2024-09-20,159.13160
2024-09-23,159.76130
2024-09-24,159.55710
2024-09-25,159.58900
2024-09-26,160.51570
2024-09-27,160.13940
2024-09-30,158.79900
2024-10-01,159.85930
2024-10-03,157.27000
2024-10-04,155.71900
2024-10-07,152.97850
2024-10-08,155.79960
2024-10-09,157.33110
2024-10-10,157.62080
2024-10-11,158.11530
2024-10-14,158.25650
2024-10-15,158.31390
2024-10-16,157.18190
2024-10-17,155.27760
2024-10-18,155.72040
2024-10-21,154.03000
2024-10-22,151.08220
2024-10-23,151.46770
2024-10-24,150.70490
2024-10-25,149.17710
2024-10-28,149.66640
2024-10-29,151.10600
2024-10-30,150.69460
2024-10-31,150.71810
2024-11-04,149.78630
2024-11-05,150.57630
2024-11-06,152.99550
2024-11-07,151.99450
2024-11-08,150.71670
2024-11-11,151.43230
2024-11-12,149.42450
2024-11-13,146.82160
2024-11-14,147.57610
2024-11-18,147.42090
2024-11-19,148.54360
2024-11-21,147.42200
2024-11-22,149.77480
2024-11-25,152.12250
2024-11-26,152.63200
2024-11-27,153.23750
2024-11-28,151.74780
2024-11-29,152.08260
2024-12-02,153.13590
2024-12-03,154.29310
2024-12-04,155.02710
2024-12-05,156.10140
2024-12-06,156.25010
2024-12-09,156.09190
2024-12-10,156.56320
2024-12-11,157.30950
2024-12-12,156.84250
2024-12-13,157.70810
2024-12-16,158.08170
2024-12-17,156.57400
2024-12-18,155.58420
2024-12-19,154.20280
2024-12-20,151.32040
2024-12-23,152.42700
2024-12-24,152.66750
2024-12-26,153.39810
2024-12-27,153.97090
2024-12-30,152.51610
2024-12-31,152.91790
2025-01-01,153.95080
2025-01-02,157.15640
2025-01-03,157.05900
2025-01-06,154.34910
2025-01-07,155.14810
2025-01-08,154.84410
2025-01-09,153.55240
2025-01-10,151.94340
2025-01-13,147.95820
2025-01-14,148.26490
2025-01-15,148.16120
2025-01-16,148.75380
2025-01-17,147.42810
2025-01-20,148.24530
2025-01-21,146.45020
2025-01-22,146.72560
2025-01-23,147.44000
2025-01-24,145.85540
2025-01-27,143.11980
2025-01-28,143.02400
2025-01-29,144.76300
2025-01-30,144.27410
2025-01-31,145.96720
2025-02-03,146.50500
2025-02-04,148.45890
2025-02-05,148.51950
2025-02-06,147.25670
2025-02-07,146.85210
2025-02-10,145.11330
2025-02-11,141.78820
2025-02-12,141.55040
2025-02-13,141.58650
2025-02-14,139.55760
2025-02-17,139.17650
2025-02-18,138.48460
2025-02-19,139.65510
2025-02-20,140.23980
2025-02-21,139.69320
2025-02-24,138.21190
2025-02-25,138.02860
2025-02-27,137.23070
2025-02-28,134.89400
2025-03-03,135.35320
2025-03-04,136.05350
2025-03-05,138.12860
2025-03-06,139.53720
2025-03-07,139.81590
2025-03-10,138.82390
2025-03-11,138.61690
2025-03-12,138.64840
2025-03-13,138.68840
2025-03-17,139.55920
2025-03-18,142.54590
2025-03-19,143.61440
2025-03-20,144.58870
2025-03-21,146.01310
2025-03-24,146.78270
2025-03-25,146.35050
2025-03-26,145.26620
2025-03-27,146.65030
2025-03-28,145.87530
2025-03-31,145.85240
2025-04-01,144.11200
2025-04-02,145.37410
2025-04-03,145.25790
2025-04-04,142.66090
2025-04-07,137.74380
2025-04-08,139.81740
2025-04-09,138.56930
2025-04-11,141.59580
2025-04-15,145.04950
2025-04-16,145.68740
2025-04-17,147.34820
2025-04-21,149.30710
2025-04-22,149.49910
2025-04-23,149.50150
2025-04-24,148.98370
2025-04-25,146.70690
2025-04-28,147.65110
2025-04-29,147.51950
2025-04-30,146.31170
2025-05-02,146.25880
2025-05-05,147.48060
2025-05-06,146.39570
2025-05-07,147.80480
2025-05-08,146.15810
2025-05-09,145.31830
2025-05-12,149.68650
2025-05-13,148.57470
2025-05-14,149.34860
2025-05-15,150.98410
2025-05-16,151.74830
2025-05-19,151.86990
2025-05-20,150.29770
2025-05-21,150.83910
2025-05-22,149.82380
2025-05-23,150.76220
2025-05-26,151.59900
2025-05-27,150.93250
2025-05-28,150.38230
2025-05-29,150.74440
2025-05-30,150.46280
2025-06-02,150.59340
2025-06-03,150.13840
2025-06-04,150.48720
2025-06-05,151.19980
2025-06-06,153.04840
2025-06-09,154.69780
2025-06-10,154.27940
2025-06-11,154.19430
2025-06-12,153.09010
2025-06-13,152.14040
2025-06-16,153.21680
2025-06-17,152.87970
2025-06-18,152.57240
2025-06-19,151.22200
2025-06-20,152.58300
2025-06-23,152.27240
2025-06-24,153.02310
2025-06-25,153.82210
2025-06-26,154.68070
2025-06-27,155.38780
2025-06-30,155.32750
2025-07-01,154.76890
2025-07-02,154.41750
2025-07-03,154.45430
2025-07-04,154.29920
2025-07-07,154.22000
2025-07-08,154.29620
2025-07-09,154.74840
2025-07-10,154.38920
2025-07-11,153.45160
2025-07-14,153.47270
2025-07-15,154.73440
2025-07-16,154.75650
2025-07-17,154.74870
2025-07-18,153.63540
2025-07-21,154.36670
2025-07-22,153.98180
2025-07-23,154.52370
2025-07-24,154.01960
2025-07-25,152.45640
2025-07-28,151.49920
2025-07-29,152.90310
2025-07-30,153.67100
2025-07-31,152.95020
2025-08-01,151.80360
2025-08-04,151.69520
2025-08-05,151.38390
2025-08-06,150.14350
2025-08-07,150.98780
2025-08-08,149.20360
2025-08-11,150.35390
2025-08-12,149.85390
2025-08-13,150.88140
2025-08-14,150.91590
2025-08-18,152.77850
2025-08-19,153.26580
2025-08-20,153.50290
2025-08-21,153.56340
2025-08-22,152.68020
2025-08-25,152.74980
2025-08-26,150.95720
2025-08-28,149.39780
2025-08-29,149.03560
2025-09-01,150.70540
2025-09-02,150.74520
2025-09-03,151.61690
2025-09-04,151.85440
2025-09-05,151.54090
2025-09-08,151.61160
2025-09-09,152.04700
2025-09-10,152.61260
2025-09-11,152.68270
2025-09-12,153.45280
2025-09-15,153.75830
2025-09-16,155.09450
2025-09-17,155.68740
2025-09-18,155.96530
2025-09-19,155.72820
2025-09-22,154.97450
2025-09-23,154.39960
2025-09-24,153.58560
2025-09-25,152.29880
2025-09-26,150.38380
2025-09-30,150.46470
2025-10-01,151.60830
2025-10-03,151.78170
2025-10-06,152.45040
2025-10-07,152.41900
2025-10-08,151.71570
2025-10-09,152.20950
2025-10-10,153.11320
2025-10-13,152.65940
2025-10-14,152.01000
2025-10-15,153.17300
2025-10-16,154.61330
2025-10-17,154.87120
2025-10-20,155.18280
2025-10-23,155.49350
2025-10-24,155.05390
2025-10-27,155.91270
2025-10-28,155.53810
2025-10-29,156.35210
2025-10-30,155.68730
2025-10-31,154.88510
2025-11-03,155.57820
2025-11-04,154.72540
2025-11-06,153.47580
2025-11-07,153.40700
2025-11-10,153.17090
2025-11-11,153.62360
2025-11-12,154.39090
2025-11-13,153.95200
2025-11-14,153.90120
2025-11-17,154.55500
2025-11-18,153.83830
2025-11-19,154.22770
2025-11-20,154.78510
2025-11-21,153.66790
2025-11-24,152.86930
2025-11-25,152.68120
2025-11-26,154.40860
2025-11-27,154.28460
2025-11-28,154.73980
2025-12-01,154.33890
2025-12-02,153.19810
2025-12-03,152.65080
2025-12-04,152.77540
2025-12-05,153.11400
2025-12-08,151.32450
2025-12-09,151.46090
2025-12-10,150.98670
2025-12-11,152.47410
2025-12-12,153.87650
2025-12-15,154.57210
2025-12-16,153.97200
2025-12-17,152.67780
2025-12-18,152.85300
2025-12-19,153.49100
2025-12-22,154.26760
2025-12-23,154.89580
2025-12-24,154.73590
2025-12-26,154.17210
2025-12-29,153.32550
2025-12-30,152.97390
2025-12-31,154.20850
2026-01-01,154.65350
2026-01-02,155.80310
2026-01-05,155.78530
2026-01-06,155.43730
2026-01-07,155.63110
2026-01-08,153.69770
2026-01-09,152.20890
2026-01-12,152.83320
2026-01-13,152.98190
2026-01-14,152.54030
2026-01-16,152.60220
2026-01-19,151.41520
2026-01-20,148.64100
2026-01-21,147.36360
2026-01-22,148.46850
2026-01-23,146.73220
2026-01-27,147.07290
2026-01-28,148.24760
2026-01-29,148.09710
2026-01-30,148.66330
2026-02-02,147.31120
2026-02-03,151.18100
2026-02-04,151.70420
2026-02-05,150.86190
2026-02-06,150.90970
2026-02-09,152.84690
2026-02-10,153.46940
2026-02-11,153.65620
2026-02-12,153.04890
2026-02-13,151.67200
2026-02-16,151.68180
2026-02-17,152.09780
2026-02-18,152.26790
2026-02-19,150.01770
2026-02-20,150.15540
2026-02-23,150.92830
2026-02-24,149.49590
2026-02-25,149.95670
2026-02-26,150.00650
2026-02-27,148.18120
2026-03-02,146.24140
2026-03-04,143.70750
2026-03-05,145.35430
2026-03-06,143.91190
2026-03-09,140.87440
2026-03-10,142.68600
2026-03-11,141.03450
2026-03-12,139.63840
2026-03-13,136.09280
2026-03-16,136.99470
2026-03-17,137.88890
2026-03-18,139.67480
2026-03-19,135.08530
2026-03-20,135.25760
2026-03-23,130.97640
2026-03-24,133.77490
2026-03-25,136.55680
2026-03-27,133.55850
2026-03-30,130.31450
2026-03-31,130.30710
2026-04-01,133.09400
2026-04-02,132.98330
2026-04-06,134.88490
2026-04-07,135.41920
2026-04-08,140.66130
2026-04-09,139.67080
2026-04-10,141.74830
2026-04-13,140.64240
2026-04-15,143.24720
2026-04-16,143.52780
2026-04-17,144.64920
2026-04-20,144.86400
2026-04-21,146.30970
2026-04-22,145.45710
2026-04-23,143.87190
2026-04-24,142.67050
2026-04-27,144.12050
2026-04-28,143.08360
2026-04-29,143.42660
2026-04-30,142.09910
2026-05-04,143.26800
2026-05-05,143.11780
2026-05-06,145.54570
2026-05-07,145.95660
2026-05-08,144.62260
2026-05-11,143.41510
2026-05-12,140.20760
2026-05-13,140.17420
2026-05-14,140.82900
2026-05-15,140.68980
2026-05-18,139.79980
2026-05-19,140.02610
2026-05-20,139.83370
2026-05-21,140.20500
2026-05-22,140.71840
2026-05-25,142.87930
2026-05-26,142.39000
2026-05-27,142.31800
2026-05-29,140.50830
2026-06-01,139.16800
2026-06-02,139.30490
2026-06-03,139.13210
2026-06-04,139.55350
2026-06-05,139.57650
2026-06-08,138.01850
2026-06-09,139.42790
2026-06-10,139.59490
2026-06-11,138.86500
2026-06-12,141.76060
2026-06-15,143.65480
2026-06-16,144.09470
2026-06-17,144.81260
2026-06-18,145.23830
2026-06-19,145.06230
2026-06-22,146.28230
2026-06-23,145.71890
2026-06-24,146.94260
2026-06-25,147.09770
2026-06-29,146.09540
2026-06-30,146.11720
2026-07-01,146.43580
2026-07-02,147.42820
2026-07-03,147.48300
2026-07-06,148.65720
2026-07-07,148.07620
2026-07-08,145.52010
2026-07-09,146.96260
2026-07-10,148.25030
2026-07-13,148.22240
2026-07-14,147.13100
2026-07-15,147.89380
2026-07-16,147.78170
2026-07-17,148.26060
2026-07-20,148.03720
2026-07-21,148.29730
2026-07-22,146.75160
2026-07-23,145.45410
2026-07-24,145.09950
2026-07-27,146.61200
2026-07-28,146.13860
2026-07-29,148.09750
2026-07-30,148.74290
2026-07-31,149.60020
2026-08-03,151.51360
2026-08-04,151.26670
2026-08-05,151.75880
2026-08-06,152.04050
2026-08-07,151.37270
2026-08-10,150.92310
2026-08-11,150.67050
2026-08-12,150.50150
2026-08-13,150.10710
2026-08-14,149.80820
2026-08-17,149.85760
2026-08-18,149.59680
2026-08-19,148.90650
2026-08-20,149.86130
2026-08-21,149.73470
2026-08-24,149.08100
2026-08-25,149.39200
2026-08-26,149.39610
2026-08-27,149.31540
2026-08-28,149.27090
2026-08-31,149.31230
2026-09-01,148.59690
2026-09-02,147.46860
2026-09-03,148.26180
2026-09-04,148.20060
2026-09-07,148.12650
2026-09-08,147.70690
2026-09-09,146.92250
2026-09-10,147.33470
