Date,NAV
2006-04-03,11.06660
2006-04-04,11.07190
2006-04-05,11.07800
2006-04-07,11.08190
2006-04-10,11.08660
2006-04-12,11.09090
2006-04-13,11.09240
2006-04-17,11.09890
2006-04-18,11.10860
2006-04-19,11.11750
2006-04-20,11.12630
2006-04-21,11.12780
2006-04-24,11.13240
2006-04-25,11.13390
2006-04-26,11.13550
2006-04-27,11.13660
2006-04-28,11.13860
2006-05-02,11.14540
2006-05-03,11.14700
2006-05-04,11.14900
2006-05-05,11.15060
2006-05-08,11.15480
2006-05-09,11.15640
2006-05-10,11.15780
2006-05-11,11.15950
2006-05-12,11.16150
2006-05-15,11.16630
2006-05-16,11.16270
2006-05-17,11.16430
2006-05-18,11.16590
2006-05-19,11.16750
2006-05-22,11.17210
2006-05-23,11.17380
2006-05-24,11.17540
2006-05-25,11.17700
2006-05-26,11.17840
2006-05-29,11.18320
2006-05-30,11.18360
2006-05-31,11.18540
2006-06-01,11.18700
2006-06-02,11.18860
2006-06-05,11.19340
2006-06-06,11.19500
2006-06-07,11.19650
2006-06-08,11.19810
2006-06-09,11.19980
2006-06-12,11.20450
2006-06-13,11.20590
2006-06-14,11.20740
2006-06-15,11.20710
2006-06-16,11.20900
2006-06-19,11.21350
2006-06-20,11.21400
2006-06-21,11.21550
2006-06-22,11.21700
2006-06-23,11.21890
2006-06-26,11.22360
2006-06-27,11.22510
2006-06-28,11.22670
2006-06-29,11.22770
2006-06-30,11.22940
2006-07-03,11.23430
2006-07-04,11.23590
2006-07-05,11.23750
2006-07-06,11.23910
2006-07-07,11.24080
2006-07-10,11.24560
2006-07-11,11.24720
2006-07-12,11.24880
2006-07-13,11.25060
2006-07-14,11.25290
2006-07-17,11.25870
2006-07-18,11.26030
2006-07-19,11.26190
2006-07-20,11.26300
2006-07-21,11.26460
2006-07-24,11.26970
2006-07-25,11.27110
2006-07-26,11.27270
2006-07-27,11.27510
2006-07-28,11.27650
2006-07-31,11.28180
2006-08-01,11.28120
2006-08-02,11.28310
2006-08-03,11.28880
2006-08-04,11.29170
2006-08-07,11.29710
2006-08-08,11.29990
2006-08-09,11.30280
2006-08-10,11.30630
2006-08-11,11.30720
2006-08-14,11.31310
2006-08-16,11.31770
2006-08-17,11.32130
2006-08-18,11.31730
2006-08-21,11.32360
2006-08-22,11.32520
2006-08-23,11.32700
2006-08-24,11.32990
2006-08-25,11.32980
2006-08-28,11.33580
2006-08-29,11.33770
2006-08-30,11.33950
2006-08-31,11.34020
2006-09-01,11.34270
2006-09-04,11.34790
2006-09-05,11.34960
2006-09-06,11.35140
2006-09-07,11.35310
2006-09-08,11.35490
2006-09-11,11.36020
2006-09-12,11.36200
2006-09-13,11.36370
2006-09-14,11.36510
2006-09-15,11.36680
2006-09-18,11.37180
2006-09-19,11.37360
2006-09-20,11.37530
2006-09-21,11.37710
2006-09-22,11.37850
2006-09-25,11.38230
2006-09-26,11.38400
2006-09-27,11.38560
2006-09-28,11.38730
2006-09-29,11.38910
2006-10-03,11.39640
2006-10-04,11.39750
2006-10-05,11.39940
2006-10-06,11.40170
2006-10-09,11.40310
2006-10-10,11.40490
2006-10-11,11.40560
2006-10-12,11.40740
2006-10-13,11.40920
2006-10-16,11.41460
2006-10-17,11.41610
2006-10-18,11.41790
2006-10-19,11.41950
2006-10-20,11.42140
2006-10-23,11.42750
2006-10-26,11.43290
2006-10-27,11.43470
2006-10-30,11.43940
2006-10-31,11.44160
2006-11-01,11.44340
2006-11-02,11.44520
2006-11-03,11.44710
2006-11-06,11.45260
2006-11-07,11.45450
2006-11-08,11.45740
2006-11-09,11.45830
2006-11-10,11.46160
2006-11-13,11.46730
2006-11-14,11.46910
2006-11-15,11.47090
2006-11-16,11.47310
2006-11-17,11.47370
2006-11-20,11.47950
2006-11-21,11.48130
2006-11-22,11.48340
2006-11-23,11.48500
2006-11-24,11.48690
2006-11-27,11.49280
2006-11-28,11.49470
2006-11-29,11.49650
2006-11-30,11.49790
2006-12-01,11.49940
2006-12-04,11.50510
2006-12-05,11.50790
2006-12-06,11.51040
2006-12-07,11.51210
2006-12-08,11.51410
2006-12-11,11.51860
2006-12-12,11.51880
2006-12-13,11.52060
2006-12-14,11.52210
2006-12-15,11.52490
2006-12-18,11.53110
2006-12-19,11.53360
2006-12-20,11.53510
2006-12-21,11.53690
2006-12-22,11.53860
2006-12-26,11.54530
2006-12-27,11.54780
2006-12-28,11.54830
2006-12-29,11.55070
2007-01-02,11.56070
2007-01-03,11.56240
2007-01-04,11.56490
2007-01-05,11.56710
2007-01-08,11.57410
2007-01-09,11.57490
2007-01-10,11.57760
2007-01-11,11.57990
2007-01-12,11.57820
2007-01-15,11.58030
2007-01-16,11.58300
2007-01-17,11.58500
2007-01-18,11.58670
2007-01-19,11.58920
2007-01-22,11.59280
2007-01-23,11.59570
2007-01-24,11.59850
2007-01-25,11.60110
2007-01-29,11.60910
2007-01-31,11.61400
2007-02-01,11.61610
2007-02-02,11.61830
2007-02-05,11.62360
2007-02-06,11.62530
2007-02-07,11.62700
2007-02-08,11.62850
2007-02-09,11.63030
2007-02-12,11.63650
2007-02-13,11.63820
2007-02-14,11.63780
2007-02-15,11.63980
2007-02-19,11.64800
2007-02-20,11.65040
2007-02-21,11.65270
2007-02-22,11.65490
2007-02-23,11.65700
2007-02-26,11.66350
2007-02-27,11.66520
2007-02-28,11.66440
2007-03-01,11.66750
2007-03-02,11.66860
2007-03-05,11.67400
2007-03-06,11.67590
2007-03-07,11.67870
2007-03-08,11.67990
2007-03-09,11.68270
2007-03-12,11.69210
2007-03-13,11.69260
2007-03-14,11.69350
2007-03-15,11.69420
2007-03-16,11.69620
2007-03-19,11.70370
2007-03-20,11.70260
2007-03-21,11.70640
2007-03-22,11.71400
2007-03-23,11.71650
2007-03-26,11.72160
2007-03-28,11.72740
2007-03-29,11.73240
2007-03-30,11.73340
2007-04-02,11.74040
2007-04-03,11.73300
2007-04-04,11.73530
2007-04-05,11.73890
2007-04-09,11.74930
2007-04-10,11.75100
2007-04-11,11.75200
2007-04-12,11.75400
2007-04-13,11.75670
2007-04-16,11.76330
2007-04-17,11.76390
2007-04-18,11.76690
2007-04-19,11.76970
2007-04-20,11.76510
2007-04-23,11.77170
2007-04-24,11.78210
2007-04-25,11.78290
2007-04-26,11.77750
2007-04-27,11.77240
2007-04-30,11.77750
2007-05-03,11.78620
2007-05-04,11.78870
2007-05-07,11.79620
2007-05-08,11.79970
2007-05-09,11.80440
2007-05-10,11.80380
2007-05-11,11.80360
2007-05-14,11.80810
2007-05-15,11.81180
2007-05-16,11.81460
2007-05-17,11.81660
2007-05-18,11.81900
2007-05-21,11.82610
2007-05-22,11.82740
2007-05-23,11.82890
2007-05-24,11.83140
2007-05-25,11.83460
2007-05-28,11.84320
2007-05-29,11.84680
2007-05-30,11.84880
2007-05-31,11.85390
2007-06-01,11.85680
2007-06-04,11.86410
2007-06-05,11.86380
2007-06-06,11.86300
2007-06-07,11.86540
2007-06-08,11.86590
2007-06-11,11.86880
2007-06-12,11.86940
2007-06-13,11.87050
2007-06-14,11.87310
2007-06-15,11.87530
2007-06-18,11.88420
2007-06-19,11.88650
2007-06-20,11.88910
2007-06-21,11.89210
2007-06-22,11.89500
2007-06-25,11.90200
2007-06-26,11.90480
2007-06-27,11.90610
2007-06-28,11.90840
2007-06-29,11.91060
2007-07-02,11.91950
2007-07-03,11.92190
2007-07-04,11.92450
2007-07-05,11.92690
2007-07-06,11.93470
2007-07-09,11.94380
2007-07-10,11.94310
2007-07-11,11.95100
2007-07-12,11.95360
2007-07-13,11.97240
2007-07-16,11.97570
2007-07-17,11.98280
2007-07-18,11.99220
2007-07-19,12.01030
2007-07-20,12.01070
2007-07-23,12.02290
2007-07-24,12.03310
2007-07-25,12.03060
2007-07-26,12.03360
2007-07-27,12.02400
2007-07-30,12.03340
2007-07-31,12.01880
2007-08-01,12.01600
2007-08-02,12.00900
2007-08-03,12.00270
2007-08-06,12.00990
2007-08-07,12.01490
2007-08-08,12.00780
2007-08-09,12.00390
2007-08-10,12.00600
2007-08-13,11.99440
2007-08-14,11.99650
2007-08-16,11.99980
2007-08-17,12.00370
2007-08-20,12.00980
2007-08-21,12.00380
2007-08-22,12.00330
2007-08-23,12.01020
2007-08-24,12.01280
2007-08-27,12.01950
2007-08-28,12.02230
2007-08-29,12.02410
2007-08-30,12.02570
2007-08-31,12.02910
2007-09-03,12.03870
2007-09-04,12.04000
2007-09-05,12.04540
2007-09-06,12.04710
2007-09-07,12.04930
2007-09-10,12.05390
2007-09-11,12.05350
2007-09-12,12.05530
2007-09-13,12.06020
2007-09-14,12.06490
2007-09-17,12.06910
2007-09-18,12.07290
2007-09-19,12.07520
2007-09-20,12.07850
2007-09-21,12.08220
2007-09-24,12.08780
2007-09-25,12.08600
2007-09-26,12.08830
2007-09-27,12.08890
2007-09-28,12.08880
2007-10-01,12.09300
2007-10-03,12.09890
2007-10-04,12.09970
2007-10-05,12.09960
2007-10-08,12.10480
2007-10-09,12.10700
2007-10-10,12.11120
2007-10-11,12.11400
2007-10-12,12.11550
2007-10-15,12.11900
2007-10-16,12.11970
2007-10-17,12.12130
2007-10-18,12.12380
2007-10-19,12.12720
2007-10-22,12.13440
2007-10-23,12.13720
2007-10-24,12.13830
2007-10-25,12.14150
2007-10-26,12.14370
2007-10-29,12.14840
2007-10-30,12.14630
2007-10-31,12.14790
2007-11-01,12.14860
2007-11-02,12.14950
2007-11-05,12.15220
2007-11-06,12.15260
2007-11-07,12.15500
2007-11-08,12.15390
2007-11-12,12.16360
2007-11-13,12.16810
2007-11-14,12.17240
2007-11-15,12.17280
2007-11-16,12.17550
2007-11-19,12.18440
2007-11-20,12.18580
2007-11-21,12.18760
2007-11-22,12.18920
2007-11-23,12.19020
2007-11-26,12.19890
2007-11-27,12.19860
2007-11-28,12.19610
2007-11-29,12.19580
2007-11-30,12.19810
2007-12-03,12.20900
2007-12-04,12.21210
2007-12-05,12.21500
2007-12-06,12.21660
2007-12-07,12.21990
2007-12-10,12.22610
2007-12-11,12.22410
2007-12-12,12.22670
2007-12-13,12.22810
2007-12-14,12.23060
2007-12-17,12.23810
2007-12-18,12.24180
2007-12-19,12.24370
2007-12-20,12.25030
2007-12-24,12.26010
2007-12-26,12.25900
2007-12-27,12.26330
2007-12-28,12.27280
2007-12-31,12.28080
2008-01-01,12.28490
2008-01-02,12.30480
2008-01-03,12.30030
2008-01-04,12.31280
2008-01-07,12.32310
2008-01-08,12.31990
2008-01-09,12.31570
2008-01-10,12.32580
2008-01-11,12.33050
2008-01-14,12.33720
2008-01-15,12.33980
2008-01-16,12.33770
2008-01-17,12.34090
2008-01-18,12.34210
2008-01-21,12.35010
2008-01-22,12.36010
2008-01-23,12.37280
2008-01-24,12.37770
2008-01-25,12.37890
2008-01-28,12.37910
2008-01-29,12.37340
2008-01-30,12.37330
2008-01-31,12.37330
2008-02-01,12.38200
2008-02-04,12.38630
2008-02-05,12.39240
2008-02-06,12.39620
2008-02-07,12.40040
2008-02-08,12.40320
2008-02-11,12.40850
2008-02-12,12.41200
2008-02-13,12.41370
2008-02-14,12.41310
2008-02-15,12.41460
2008-02-18,12.40820
2008-02-19,12.40820
2008-02-20,12.40220
2008-02-21,12.41140
2008-02-22,12.40190
2008-02-25,12.41580
2008-02-26,12.41830
2008-02-27,12.42330
2008-02-28,12.42090
2008-02-29,12.42720
2008-03-03,12.43800
2008-03-04,12.41830
2008-03-05,12.42980
2008-03-07,12.42450
2008-03-10,12.42510
2008-03-11,12.42920
2008-03-12,12.44200
2008-03-13,12.44150
2008-03-14,12.44150
2008-03-17,12.44670
2008-03-18,12.45050
2008-03-19,12.45210
2008-03-24,12.46110
2008-03-25,12.46170
2008-03-26,12.46270
2008-03-27,12.47300
2008-03-28,12.47140
2008-03-31,12.46890
2008-04-01,12.47070
2008-04-02,12.47470
2008-04-03,12.48170
2008-04-04,12.47960
2008-04-07,12.47620
2008-04-08,12.47990
2008-04-09,12.48300
2008-04-10,12.48100
2008-04-11,12.47850
2008-04-15,12.48610
2008-04-16,12.48710
2008-04-17,12.48930
2008-04-21,12.49490
2008-04-22,12.49610
2008-04-23,12.49780
2008-04-24,12.49900
2008-04-25,12.50230
2008-04-28,12.50850
2008-04-29,12.51440
2008-04-30,12.51780
2008-05-02,12.52080
2008-05-05,12.53350
2008-05-06,12.53550
2008-05-07,12.53260
2008-05-08,12.53230
2008-05-09,12.53440
2008-05-12,12.55010
2008-05-13,12.54900
2008-05-14,12.54670
2008-05-15,12.54460
2008-05-16,12.53990
2008-05-20,12.54700
2008-05-21,12.54450
2008-05-22,12.54360
2008-05-23,12.54190
2008-05-26,12.54840
2008-05-27,12.54740
2008-05-28,12.55130
2008-05-29,12.54970
2008-05-30,12.55090
2008-06-02,12.56010
2008-06-03,12.56320
2008-06-04,12.55850
2008-06-05,12.55700
2008-06-06,12.55710
2008-06-09,12.56370
2008-06-10,12.56390
2008-06-11,12.56770
2008-06-12,12.56580
2008-06-13,12.56170
2008-06-16,12.56960
2008-06-17,12.57360
2008-06-18,12.57150
2008-06-19,12.56020
2008-06-20,12.54280
2008-06-23,12.54540
2008-06-24,12.54870
2008-06-25,12.53740
2008-06-26,12.52390
2008-06-27,12.52750
2008-06-30,12.53140
2008-07-01,12.52630
2008-07-02,12.53150
2008-07-03,12.53650
2008-07-04,12.54010
2008-07-07,12.55120
2008-07-08,12.55020
2008-07-09,12.55400
2008-07-10,12.55640
2008-07-11,12.55550
2008-07-14,12.56470
2008-07-15,12.55400
2008-07-16,12.55440
2008-07-17,12.56570
2008-07-18,12.57690
2008-07-21,12.58790
2008-07-22,12.58660
2008-07-23,12.59650
2008-07-24,12.59550
2008-07-25,12.59950
2008-07-28,12.61230
2008-07-29,12.58970
2008-07-30,12.59620
2008-07-31,12.59840
2008-08-01,12.60740
2008-08-04,12.61580
2008-08-05,12.62360
2008-08-06,12.62610
2008-08-07,12.63080
2008-08-08,12.63040
2008-08-11,12.64300
2008-08-12,12.64150
2008-08-13,12.64160
2008-08-14,12.64230
2008-08-18,12.65130
2008-08-19,12.65370
2008-08-20,12.65460
2008-08-21,12.65840
2008-08-22,12.66440
2008-08-25,12.67260
2008-08-26,12.67440
2008-08-27,12.67960
2008-08-28,12.69370
2008-08-29,12.69700
2008-09-01,12.70670
2008-09-02,12.72060
2008-09-04,12.72620
2008-09-05,12.73030
2008-09-08,12.74740
2008-09-09,12.74840
2008-09-10,12.75130
2008-09-11,12.75450
2008-09-12,12.75860
2008-09-15,12.77540
2008-09-16,12.78770
2008-09-17,12.77830
2008-09-18,12.77820
2008-09-19,12.77870
2008-09-22,12.78800
2008-09-23,12.79320
2008-09-24,12.76840
2008-09-25,12.77200
2008-09-26,12.76890
2008-09-29,12.76400
2008-09-30,12.76640
2008-10-01,12.77800
2008-10-03,12.78130
2008-10-06,12.83320
2008-10-07,12.83330
2008-10-08,12.88070
2008-10-10,12.91160
2008-10-13,12.93820
2008-10-14,12.92920
2008-10-15,12.93480
2008-10-16,12.98470
2008-10-17,12.98160
2008-10-20,13.02480
2008-10-21,13.02700
2008-10-22,13.02190
2008-10-23,13.03230
2008-10-24,13.01510
2008-10-27,13.04670
2008-10-29,13.06200
2008-10-31,13.06950
2008-11-03,13.08670
2008-11-04,13.09740
2008-11-05,13.08560
2008-11-06,13.10690
2008-11-07,13.11230
2008-11-10,13.10350
2008-11-11,13.11790
2008-11-12,13.12470
2008-11-14,13.15050
2008-11-17,13.14770
2008-11-18,13.16450
2008-11-19,13.16980
2008-11-20,13.19130
2008-11-21,13.20510
2008-11-24,13.21520
2008-11-25,13.20480
2008-11-26,13.21260
2008-11-28,13.22720
2008-12-01,13.24930
2008-12-02,13.23970
2008-12-03,13.27640
2008-12-04,13.27710
2008-12-05,13.30480
2008-12-08,13.33160
2008-12-10,13.34840
2008-12-11,13.38070
2008-12-12,13.41920
2008-12-15,13.41820
2008-12-16,13.44630
2008-12-17,13.51110
2008-12-18,13.56090
2008-12-19,13.55330
2008-12-22,13.51280
2008-12-23,13.51250
2008-12-24,13.55280
2008-12-26,13.54530
2008-12-29,13.58890
2008-12-30,13.67690
2008-12-31,13.68310
2009-01-01,13.69180
2009-01-02,13.75330
2009-01-05,13.73420
2009-01-06,13.75400
2009-01-07,13.53910
2009-01-09,13.45930
2009-01-12,13.54460
2009-01-13,13.56620
2009-01-14,13.59680
2009-01-15,13.62880
2009-01-16,13.62390
2009-01-19,13.62080
2009-01-20,13.59410
2009-01-21,13.55720
2009-01-22,13.55830
2009-01-23,13.57790
2009-01-27,13.57030
2009-01-28,13.57700
2009-01-29,13.58000
2009-01-30,13.57710
2009-02-02,13.58130
2009-02-03,13.58050
2009-02-04,13.57970
2009-02-05,13.58620
2009-02-06,13.59660
2009-02-09,13.54240
2009-02-10,13.49120
2009-02-11,13.55570
2009-02-12,13.63730
2009-02-13,13.60630
2009-02-16,13.51990
2009-02-17,13.49870
2009-02-18,13.52050
2009-02-19,13.51250
2009-02-24,13.50590
2009-02-25,13.49670
2009-02-26,13.51730
2009-02-27,13.54000
2009-03-02,13.54940
2009-03-03,13.53670
2009-03-04,13.52690
2009-03-05,13.47220
2009-03-06,13.43860
2009-03-09,13.43130
2009-03-12,13.37800
2009-03-13,13.42420
2009-03-16,13.47430
2009-03-17,13.47030
2009-03-18,13.47250
2009-03-19,13.47910
2009-03-20,13.48040
2009-03-23,13.48380
2009-03-24,13.48550
2009-03-25,13.48510
2009-03-26,13.48700
2009-03-30,13.49430
2009-03-31,13.49650
2009-04-02,13.49900
2009-04-06,13.50360
2009-04-08,13.50420
2009-04-09,13.50430
2009-04-13,13.50500
2009-04-15,13.50590
2009-04-16,13.50660
2009-04-17,13.50770
2009-04-20,13.50970
2009-04-21,13.51040
2009-04-22,13.51110
2009-04-23,13.51190
2009-04-24,13.51220
2009-04-27,13.51400
2009-04-28,13.51460
2009-04-29,13.51540
2009-05-04,13.51920
2009-05-05,13.51940
2009-05-06,13.51960
2009-05-07,13.51980
2009-05-08,13.51970
2009-05-11,13.52000
2009-05-12,13.52060
2009-05-13,13.52120
2009-05-14,13.52180
2009-05-15,13.52250
2009-05-18,13.52430
2009-05-19,13.52510
2009-05-20,13.52710
2009-05-21,13.52430
2009-05-22,13.52100
2009-05-25,13.50750
2009-05-26,13.50880
2009-05-27,13.50090
2009-05-28,13.47170
2009-05-29,13.49960
2009-06-01,13.49180
2009-06-02,13.48590
2009-06-03,13.50650
2009-06-04,13.50910
2009-06-05,13.49730
2009-06-08,13.49180
2009-06-09,13.48960
2009-06-10,13.47640
2009-06-11,13.45020
2009-06-12,13.45470
2009-06-15,13.46220
2009-06-16,13.46060
2009-06-17,13.45890
2009-06-18,13.46030
2009-06-19,13.45530
2009-06-22,13.45170
2009-06-23,13.45260
2009-06-24,13.47180
2009-06-25,13.47300
2009-06-26,13.47660
2009-06-29,13.48260
2009-06-30,13.48420
2009-07-02,13.53570
2009-07-03,13.55790
2009-07-06,13.51590
2009-07-07,13.51430
2009-07-08,13.53080
2009-07-09,13.52400
2009-07-10,13.52440
2009-07-13,13.53050
2009-07-14,13.52890
2009-07-15,13.52790
2009-07-16,13.54340
2009-07-17,13.53640
2009-07-20,13.52480
2009-07-21,13.51330
2009-07-22,13.52740
2009-07-23,13.51510
2009-07-24,13.50710
2009-07-27,13.51250
2009-07-28,13.51670
2009-07-29,13.52150
2009-07-30,13.51190
2009-07-31,13.49350
2009-08-03,13.47800
2009-08-04,13.49610
2009-08-05,13.47450
2009-08-06,13.45620
2009-08-07,13.49030
2009-08-10,13.46870
2009-08-11,13.47210
2009-08-12,13.48140
2009-08-13,13.47570
2009-08-14,13.46790
2009-08-17,13.47060
2009-08-18,13.46060
2009-08-20,13.46040
2009-08-21,13.42660
2009-08-24,13.44070
2009-08-25,13.43070
2009-08-26,13.47210
2009-08-27,13.44790
2009-08-28,13.43320
2009-08-31,13.41650
2009-09-01,13.42450
2009-09-02,13.46820
2009-09-03,13.44360
2009-09-04,13.43180
2009-09-07,13.42620
2009-09-08,13.42780
2009-09-09,13.41640
2009-09-10,13.42430
2009-09-11,13.43670
2009-09-14,13.46050
2009-09-15,13.44880
2009-09-16,13.45920
2009-09-17,13.45160
2009-09-18,13.46740
2009-09-22,13.46860
2009-09-23,13.47550
2009-09-24,13.47600
2009-09-25,13.47160
2009-09-29,13.47260
2009-09-30,13.47370
2009-10-01,13.47750
2009-10-05,13.48060
2009-10-06,13.47420
2009-10-07,13.47510
2009-10-08,13.47260
2009-10-09,13.46970
2009-10-12,13.46960
2009-10-14,13.47680
2009-10-15,13.48210
2009-10-16,13.48400
2009-10-20,13.48680
2009-10-21,13.48680
2009-10-22,13.48980
2009-10-23,13.48910
2009-10-26,13.49660
2009-10-27,13.51030
2009-10-28,13.51280
2009-10-29,13.50870
2009-10-30,13.50890
2009-11-03,13.52010
2009-11-04,13.51590
2009-11-05,13.52140
2009-11-06,13.52580
2009-11-09,13.53440
2009-11-10,13.53800
2009-11-11,13.53910
2009-11-12,13.54000
2009-11-13,13.54250
2009-11-16,13.54330
2009-11-17,13.55530
2009-11-18,13.55570
2009-11-19,13.55900
2009-11-20,13.57600
2009-11-23,13.56710
2009-11-24,13.57180
2009-11-25,13.58560
2009-11-26,13.59680
2009-11-27,13.59750
2009-11-30,13.59360
2009-12-01,13.59080
2009-12-02,13.59190
2009-12-03,13.58750
2009-12-04,13.58210
2009-12-07,13.59210
2009-12-08,13.59400
2009-12-09,13.59020
2009-12-10,13.58450
2009-12-11,13.58660
2009-12-14,13.58790
2009-12-15,13.58010
2009-12-16,13.57550
2009-12-17,13.58320
2009-12-18,13.57950
2009-12-21,13.58320
2009-12-22,13.58830
2009-12-23,13.59710
2009-12-24,13.59810
2009-12-29,13.59960
2009-12-30,13.60580
2009-12-31,13.61090
2010-01-01,13.61390
2010-01-04,13.62260
2010-01-05,13.62940
2010-01-06,13.63630
2010-01-07,13.63440
2010-01-08,13.63840
2010-01-11,13.63800
2010-01-12,13.63840
2010-01-13,13.64020
2010-01-14,13.65150
2010-01-15,13.64800
2010-01-18,13.65410
2010-01-19,13.65530
2010-01-20,13.65690
2010-01-21,13.66450
2010-01-22,13.68250
2010-01-25,13.68320
2010-01-27,13.68460
2010-01-28,13.68390
2010-01-29,13.68200
2010-02-01,13.67680
2010-02-02,13.67380
2010-02-03,13.67570
2010-02-04,13.67700
2010-02-05,13.68040
2010-02-08,13.68230
2010-02-09,13.68470
2010-02-10,13.67880
2010-02-11,13.67850
2010-02-15,13.68620
2010-02-16,13.68830
2010-02-17,13.68910
2010-02-18,13.69070
2010-02-19,13.69000
2010-02-22,13.69810
2010-02-23,13.69950
2010-02-24,13.70080
2010-02-25,13.70010
2010-02-26,13.70020
2010-03-02,13.70720
2010-03-03,13.71300
2010-03-04,13.70950
2010-03-05,13.70870
2010-03-08,13.71470
2010-03-09,13.71720
2010-03-10,13.71850
2010-03-11,13.72000
2010-03-12,13.72270
2010-03-15,13.72720
2010-03-17,13.73550
2010-03-18,13.73890
2010-03-19,13.74310
2010-03-22,13.74590
2010-03-23,13.74770
2010-03-25,13.74970
2010-03-26,13.75090
2010-03-29,13.75970
2010-03-30,13.75540
2010-03-31,13.76430
2010-04-05,13.76540
2010-04-06,13.77420
2010-04-07,13.77890
2010-04-08,13.77960
2010-04-09,13.78000
2010-04-12,13.78410
2010-04-13,13.78500
2010-04-15,13.78980
2010-04-16,13.78890
2010-04-19,13.79240
2010-04-20,13.79810
2010-04-21,13.80030
2010-04-22,13.80630
2010-04-23,13.80180
2010-04-26,13.80630
2010-04-27,13.83780
2010-04-28,13.83920
2010-04-29,13.84300
2010-04-30,13.85760
2010-05-03,13.86610
2010-05-04,13.86030
2010-05-05,13.87130
2010-05-06,13.87240
2010-05-07,13.87110
2010-05-10,13.87420
2010-05-11,13.88230
2010-05-12,13.88650
2010-05-13,13.88650
2010-05-14,13.88760
2010-05-17,13.89090
2010-05-18,13.89210
2010-05-19,13.89320
2010-05-20,13.89390
2010-05-21,13.89460
2010-05-24,13.89600
2010-05-25,13.89800
2010-05-26,13.88330
2010-05-28,13.88890
2010-05-31,13.89010
2010-06-01,13.89970
2010-06-02,13.90160
2010-06-03,13.90300
2010-06-04,13.90510
2010-06-07,13.91150
2010-06-08,13.91090
2010-06-09,13.91260
2010-06-10,13.91420
2010-06-11,13.91670
2010-06-14,13.92150
2010-06-15,13.92320
2010-06-16,13.92480
2010-06-17,13.92650
2010-06-18,13.92390
2010-06-21,13.92840
2010-06-22,13.93140
2010-06-23,13.93330
2010-06-24,13.93480
2010-06-25,13.93610
2010-06-28,13.94080
2010-06-29,13.94200
2010-06-30,13.94380
2010-07-02,13.94850
2010-07-05,13.95040
2010-07-06,13.94760
2010-07-07,13.95070
2010-07-08,13.95030
2010-07-09,13.94040
2010-07-12,13.95210
2010-07-13,13.95350
2010-07-14,13.95290
2010-07-15,13.95250
2010-07-16,13.94750
2010-07-19,13.95530
2010-07-20,13.94860
2010-07-21,13.95240
2010-07-22,13.95360
2010-07-23,13.95590
2010-07-26,13.95540
2010-07-27,13.93920
2010-07-28,13.92720
2010-07-29,13.92000
2010-07-30,13.89260
2010-08-02,13.87810
2010-08-03,13.89050
2010-08-04,13.88870
2010-08-05,13.86720
2010-08-06,13.88950
2010-08-09,13.89490
2010-08-10,13.89690
2010-08-11,13.90730
2010-08-12,13.89130
2010-08-13,13.89890
2010-08-16,13.90060
2010-08-17,13.88330
2010-08-18,13.86400
2010-08-20,13.85530
2010-08-23,13.87080
2010-08-24,13.88550
2010-08-25,13.88720
2010-08-26,13.89090
2010-08-27,13.90280
2010-08-30,13.91770
2010-08-31,13.91600
2010-09-01,13.90960
2010-09-02,13.91400
2010-09-03,13.91620
2010-09-06,13.91730
2010-09-07,13.92010
2010-09-08,13.92090
2010-09-09,13.92410
2010-09-13,13.92520
2010-09-14,13.92560
2010-09-15,13.92200
2010-09-16,13.91170
2010-09-17,13.90650
2010-09-20,13.90470
2010-09-21,13.91400
2010-09-22,13.92580
2010-09-23,13.93440
2010-09-24,13.93060
2010-09-27,13.93580
2010-09-28,13.94200
2010-09-29,13.95290
2010-10-01,13.95160
2010-10-04,13.95230
2010-10-05,13.95490
2010-10-06,13.94910
2010-10-07,13.95430
2010-10-08,13.95460
2010-10-11,13.96090
2010-10-12,13.96320
2010-10-13,13.95560
2010-10-14,13.96270
2010-10-15,13.96000
2010-10-18,13.96140
2010-10-19,13.96430
2010-10-20,13.95900
2010-10-21,13.96930
2010-10-22,13.97460
2010-10-25,13.98290
2010-10-26,13.97390
2010-10-27,13.97300
2010-10-28,13.97780
2010-10-29,13.98510
2010-11-01,13.99600
2010-11-02,14.01550
2010-11-03,14.02160
2010-11-04,14.01020
2010-11-08,14.01200
2010-11-09,14.00940
2010-11-10,13.99690
2010-11-11,14.00070
2010-11-12,14.00270
2010-11-15,14.01080
2010-11-16,14.01380
2010-11-18,14.02570
2010-11-19,14.02950
2010-11-22,14.03320
2010-11-23,14.03630
2010-11-24,14.02860
2010-11-25,14.03280
2010-11-26,14.03290
2010-11-29,14.03300
2010-11-30,14.02760
2010-12-01,14.02880
2010-12-02,14.03830
2010-12-03,14.03920
2010-12-06,14.03240
2010-12-07,14.04540
2010-12-08,14.04440
2010-12-09,14.05600
2010-12-10,14.05860
2010-12-13,14.05660
2010-12-14,14.06300
2010-12-15,14.06340
2010-12-16,14.09410
2010-12-20,14.09410
2010-12-21,14.09300
2010-12-22,14.08940
2010-12-23,14.09640
2010-12-24,14.10690
2010-12-27,14.10770
2010-12-28,14.10520
2010-12-29,14.10710
2010-12-30,14.10680
2010-12-31,14.11060
2011-01-03,14.09840
2011-01-04,14.11020
2011-01-05,14.12590
2011-01-06,14.12220
2011-01-07,14.12230
2011-01-10,14.13170
2011-01-11,14.13630
2011-01-12,14.13990
2011-01-13,14.14510
2011-01-14,14.14070
2011-01-17,14.13830
2011-01-18,14.13830
2011-01-19,14.12970
2011-01-20,14.14550
2011-01-21,14.14150
2011-01-24,14.14870
2011-01-25,14.15990
2011-01-27,14.16680
2011-01-28,14.17020
2011-01-31,14.16950
2011-02-01,14.17070
2011-02-02,14.17630
2011-02-03,14.18260
2011-02-04,14.18430
2011-02-07,14.18610
2011-02-08,14.18880
2011-02-09,14.18480
2011-02-10,14.19580
2011-02-11,14.20170
2011-02-14,14.20890
2011-02-15,14.21260
2011-02-17,14.21910
2011-02-18,14.22350
2011-02-21,14.22830
2011-02-22,14.23150
2011-02-23,14.23470
2011-02-24,14.23560
2011-02-25,14.24090
2011-02-28,14.25160
2011-03-01,14.24960
2011-03-03,14.26630
2011-03-04,14.27170
2011-03-07,14.27210
2011-03-08,14.27750
2011-03-09,14.27640
2011-03-10,14.28460
2011-03-11,14.28850
2011-03-14,14.29660
2011-03-15,14.29880
2011-03-16,14.30040
2011-03-17,14.30010
2011-03-18,14.30190
2011-03-21,14.30300
2011-03-22,14.30580
2011-03-23,14.31030
2011-03-24,14.31300
2011-03-25,14.32440
2011-03-28,14.33430
2011-03-29,14.33680
2011-03-30,14.33580
2011-03-31,14.34670
2011-04-05,14.35680
2011-04-06,14.36030
2011-04-07,14.35900
2011-04-08,14.36570
2011-04-11,14.36660
2011-04-13,14.37260
2011-04-15,14.37570
2011-04-18,14.37050
2011-04-19,14.37050
2011-04-20,14.36870
2011-04-21,14.37440
2011-04-25,14.37340
2011-04-26,14.37420
2011-04-27,14.37250
2011-04-28,14.37250
2011-04-29,14.37550
2011-05-02,14.38160
2011-05-03,14.37410
2011-05-04,14.37040
2011-05-05,14.37230
2011-05-06,14.37810
2011-05-09,14.38090
2011-05-10,14.37920
2011-05-11,14.37790
2011-05-12,14.38130
2011-05-13,14.38570
2011-05-16,14.39130
2011-05-18,14.39430
2011-05-19,14.39880
2011-05-20,14.40530
2011-05-23,14.41050
2011-05-24,14.41150
2011-05-25,14.41410
2011-05-26,14.41660
2011-05-27,14.42130
2011-05-30,14.42690
2011-05-31,14.42970
2011-06-01,14.43220
2011-06-02,14.43500
2011-06-03,14.44100
2011-06-06,14.44670
2011-06-07,14.44910
2011-06-08,14.45060
2011-06-09,14.45480
2011-06-10,14.46000
2011-06-13,14.46580
2011-06-14,14.46800
2011-06-15,14.46820
2011-06-16,14.47220
2011-06-17,14.47810
2011-06-20,14.48430
2011-06-21,14.48640
2011-06-22,14.48840
2011-06-23,14.49180
2011-06-24,14.49470
2011-06-27,14.50210
2011-06-28,14.50470
2011-06-29,14.50720
2011-06-30,14.50930
2011-07-04,14.51980
2011-07-05,14.52250
2011-07-06,14.52520
2011-07-07,14.52240
2011-07-08,14.52550
2011-07-11,14.53380
2011-07-12,14.53670
2011-07-13,14.53970
2011-07-14,14.54260
2011-07-15,14.54570
2011-07-18,14.55370
2011-07-19,14.55660
2011-07-20,14.55920
2011-07-21,14.56220
2011-07-22,14.56530
2011-07-25,14.57340
2011-07-26,14.57550
2011-07-27,14.57810
2011-07-28,14.58130
2011-07-29,14.58550
2011-08-01,14.59290
2011-08-02,14.59600
2011-08-03,14.59890
2011-08-04,14.60230
2011-08-05,14.60970
2011-08-08,14.61970
2011-08-09,14.62170
2011-08-10,14.62720
2011-08-11,14.62900
2011-08-12,14.63390
2011-08-16,14.64220
2011-08-17,14.64270
2011-08-18,14.64730
2011-08-22,14.65620
2011-08-23,14.65940
2011-08-24,14.66280
2011-08-25,14.66640
2011-08-26,14.67060
2011-08-29,14.67680
2011-08-30,14.68060
2011-09-02,14.68910
2011-09-05,14.69660
2011-09-06,14.69890
2011-09-07,14.70250
2011-09-08,14.70700
2011-09-09,14.70870
2011-09-12,14.71910
2011-09-13,14.71690
2011-09-14,14.71850
2011-09-15,14.72650
2011-09-16,14.72920
2011-09-19,14.73660
2011-09-20,14.73980
2011-09-21,14.74130
2011-09-22,14.74520
2011-09-23,14.74940
2011-09-26,14.75470
2011-09-27,14.75850
2011-09-28,14.75750
2011-09-29,14.76460
2011-10-03,14.77700
2011-10-04,14.78450
2011-10-05,14.78280
2011-10-07,14.77850
2011-10-10,14.77180
2011-10-11,14.79050
2011-10-12,14.79250
2011-10-13,14.79560
2011-10-14,14.80200
2011-10-17,14.81470
2011-10-18,14.82010
2011-10-19,14.81220
2011-10-20,14.82180
2011-10-21,14.82800
2011-10-24,14.83540
2011-10-25,14.83780
2011-10-28,14.84710
2011-10-31,14.85400
2011-11-01,14.86020
2011-11-02,14.87530
2011-11-03,14.88000
2011-11-04,14.85780
2011-11-08,14.84900
2011-11-09,14.84760
2011-11-11,14.83740
2011-11-14,14.83580
2011-11-15,14.85180
2011-11-16,14.86490
2011-11-17,14.91940
2011-11-18,14.92240
2011-11-21,14.93150
2011-11-22,14.94100
2011-11-23,14.94440
2011-11-24,14.95800
2011-11-25,14.95530
2011-11-28,14.96470
2011-11-29,14.96500
2011-11-30,15.00300
2011-12-01,15.01830
2011-12-02,15.03050
2011-12-05,15.05280
2011-12-07,15.05890
2011-12-08,15.06200
2011-12-09,15.06510
2011-12-12,15.08610
2011-12-13,15.10080
2011-12-14,15.09350
2011-12-15,15.09660
2011-12-16,15.09960
2011-12-19,15.11400
2011-12-20,15.11720
2011-12-21,15.12040
2011-12-22,15.12360
2011-12-23,15.12690
2011-12-26,15.13590
2011-12-27,15.13910
2011-12-28,15.14220
2011-12-29,15.14490
2011-12-30,15.14740
2012-01-02,15.16060
2012-01-03,15.16370
2012-01-04,15.16680
2012-01-05,15.16980
2012-01-06,15.19770
2012-01-09,15.23940
2012-01-10,15.23530
2012-01-11,15.23870
2012-01-12,15.23480
2012-01-13,15.26100
2012-01-16,15.28030
2012-01-17,15.28340
2012-01-18,15.28660
2012-01-19,15.28970
2012-01-20,15.28010
2012-01-23,15.29480
2012-01-24,15.26050
2012-01-25,15.26360
2012-01-27,15.27000
2012-01-30,15.27970
2012-01-31,15.28280
2012-02-01,15.28580
2012-02-02,15.28890
2012-02-03,15.29200
2012-02-06,15.30130
2012-02-07,15.30450
2012-02-08,15.30760
2012-02-09,15.31080
2012-02-10,15.31380
2012-02-13,15.32290
2012-02-14,15.32590
2012-02-15,15.32900
2012-02-17,15.33450
2012-02-21,15.34770
2012-02-22,15.35070
2012-02-23,15.35370
2012-02-24,15.35600
2012-02-27,15.36370
2012-02-28,15.36640
2012-02-29,15.36950
2012-03-01,15.37260
2012-03-02,15.37540
2012-03-05,15.38370
2012-03-06,15.38680
2012-03-07,15.39010
2012-03-09,15.39640
2012-03-12,15.40570
2012-03-13,15.40890
2012-03-14,15.41220
2012-03-15,15.41540
2012-03-16,15.44320
2012-03-19,15.45320
2012-03-20,15.45640
2012-03-21,15.45980
2012-03-22,15.46310
2012-03-26,15.47620
2012-03-27,15.47890
2012-03-28,15.48230
2012-03-29,15.48560
2012-03-30,15.48900
2012-04-03,15.50610
2012-04-04,15.50910
2012-04-09,15.52470
2012-04-10,15.52780
2012-04-11,15.53110
2012-04-12,15.53430
2012-04-13,15.53750
2012-04-16,15.54940
2012-04-17,15.55260
2012-04-18,15.55850
2012-04-19,15.56160
2012-04-20,15.56470
2012-04-23,15.57370
2012-04-24,15.57830
2012-04-25,15.58150
2012-04-26,15.58460
2012-04-27,15.58780
2012-04-30,15.59730
2012-05-02,15.60350
2012-05-03,15.61100
2012-05-04,15.61400
2012-05-07,15.62320
2012-05-08,15.62590
2012-05-09,15.62900
2012-05-10,15.63210
2012-05-11,15.63520
2012-05-14,15.64410
2012-05-15,15.64720
2012-05-16,15.65010
2012-05-17,15.65320
2012-05-18,15.65620
2012-05-21,15.66560
2012-05-22,15.66880
2012-05-23,15.67190
2012-05-24,15.67500
2012-05-25,15.67800
2012-05-28,15.68690
2012-05-29,15.68990
2012-05-30,15.69300
2012-05-31,15.69620
2012-06-01,15.69910
2012-06-04,15.70790
2012-06-05,15.71100
2012-06-06,15.71410
2012-06-07,15.71720
2012-06-08,15.72030
2012-06-11,15.72950
2012-06-12,15.76790
2012-06-13,15.77090
2012-06-14,15.77400
2012-06-15,15.77680
2012-06-18,15.78550
2012-06-19,15.78840
2012-06-20,15.79140
2012-06-21,15.79440
2012-06-22,15.79740
2012-06-25,15.80660
2012-06-26,15.80940
2012-06-27,15.81250
2012-06-28,15.81560
2012-06-29,15.81860
2012-07-03,15.83220
2012-07-04,15.83610
2012-07-05,15.83910
2012-07-06,15.84570
2012-07-09,15.85180
2012-07-10,15.85500
2012-07-11,15.85800
2012-07-12,15.86150
2012-07-13,15.86770
2012-07-16,15.87310
2012-07-17,15.87620
2012-07-18,15.87940
2012-07-19,15.88270
2012-07-20,15.88930
2012-07-23,15.89510
2012-07-24,15.89800
2012-07-25,15.90100
2012-07-26,15.90420
2012-07-27,15.91110
2012-07-30,15.91680
2012-07-31,15.91920
2012-08-01,15.92240
2012-08-02,15.92590
2012-08-03,15.93230
2012-08-06,15.93800
2012-08-07,15.95500
2012-08-08,15.95790
2012-08-09,15.96120
2012-08-10,15.96820
2012-08-13,15.97330
2012-08-14,15.97830
2012-08-16,15.98250
2012-08-17,15.98830
2012-08-21,15.99750
2012-08-22,16.00060
2012-08-23,16.00370
2012-08-24,16.00840
2012-08-27,16.01550
2012-08-28,16.01850
2012-08-29,16.02150
2012-08-30,16.02460
2012-08-31,16.02940
2012-09-03,16.03670
2012-09-04,16.03940
2012-09-05,16.04240
2012-09-06,16.04520
2012-09-07,16.05000
2012-09-10,16.05630
2012-09-11,16.05930
2012-09-12,16.06230
2012-09-13,16.06540
2012-09-14,16.07020
2012-09-17,16.07760
2012-09-18,16.08150
2012-09-20,16.08650
2012-09-21,16.08900
2012-09-24,16.09670
2012-09-25,16.09980
2012-09-26,16.10260
2012-09-27,16.10560
2012-09-28,16.11340
2012-10-01,16.12180
2012-10-03,16.12670
2012-10-04,16.12980
2012-10-05,16.13600
2012-10-08,16.14110
2012-10-09,16.14430
2012-10-10,16.14710
2012-10-11,16.15040
2012-10-12,16.15720
2012-10-15,16.16310
2012-10-16,16.16600
2012-10-17,16.16910
2012-10-18,16.17240
2012-10-19,16.17900
2012-10-22,16.18460
2012-10-23,16.18920
2012-10-25,16.19930
2012-10-29,16.20610
2012-10-30,16.20890
2012-10-31,16.21210
2012-11-01,16.21490
2012-11-02,16.22290
2012-11-05,16.22700
2012-11-06,16.23040
2012-11-07,16.23360
2012-11-08,16.23690
2012-11-09,16.24490
2012-11-12,16.25460
2012-11-15,16.25960
2012-11-16,16.26820
2012-11-19,16.27280
2012-11-20,16.27590
2012-11-21,16.27910
2012-11-22,16.28240
2012-11-23,16.28830
2012-11-26,16.29510
2012-11-27,16.29950
2012-11-29,16.30450
2012-11-30,16.31030
2012-12-03,16.31720
2012-12-04,16.32040
2012-12-05,16.32340
2012-12-06,16.32690
2012-12-07,16.33230
2012-12-10,16.33880
2012-12-11,16.33830
2012-12-12,16.34000
2012-12-13,16.34580
2012-12-14,16.35770
2012-12-17,16.36540
2012-12-18,16.36290
2012-12-19,16.36560
2012-12-20,16.36940
2012-12-21,16.37140
2012-12-24,16.38410
2012-12-26,16.39260
2012-12-27,16.39900
2012-12-28,16.40880
2012-12-31,16.42930
2013-01-01,16.46100
2013-01-02,16.46610
2013-01-03,16.49150
2013-01-04,16.50140
2013-01-07,16.51380
2013-01-08,16.51370
2013-01-09,16.52230
2013-01-10,16.53120
2013-01-11,16.53740
2013-01-14,16.60570
2013-01-15,16.59790
2013-01-16,16.58160
2013-01-17,16.58690
2013-01-18,16.59000
2013-01-21,16.58820
2013-01-22,16.59170
2013-01-23,16.58910
2013-01-24,16.59970
2013-01-28,16.61480
2013-01-29,16.62760
2013-01-30,16.62330
2013-01-31,16.62650
2013-02-01,16.63170
2013-02-04,16.63800
2013-02-05,16.64120
2013-02-06,16.64390
2013-02-07,16.64690
2013-02-08,16.65240
2013-02-11,16.65900
2013-02-12,16.66210
2013-02-13,16.66520
2013-02-14,16.66820
2013-02-15,16.67420
2013-02-18,16.68200
2013-02-20,16.68660
2013-02-21,16.68940
2013-02-22,16.69470
2013-02-25,16.70140
2013-02-26,16.70440
2013-02-27,16.70770
2013-02-28,16.71060
2013-03-01,16.71650
2013-03-04,16.72260
2013-03-05,16.72630
2013-03-06,16.72940
2013-03-07,16.73270
2013-03-08,16.73800
2013-03-11,16.74450
2013-03-12,16.74760
2013-03-13,16.75060
2013-03-14,16.75370
2013-03-15,16.75930
2013-03-18,16.76610
2013-03-19,16.76920
2013-03-20,16.77220
2013-03-21,16.77540
2013-03-22,16.78090
2013-03-25,16.78710
2013-03-26,16.79180
2013-03-28,16.79560
2013-04-02,16.81560
2013-04-03,16.81790
2013-04-04,16.82070
2013-04-05,16.82340
2013-04-08,16.83160
2013-04-09,16.83440
2013-04-10,16.83730
2013-04-12,16.84320
2013-04-15,16.85210
2013-04-16,16.85500
2013-04-17,16.85800
2013-04-18,16.86170
2013-04-22,16.88020
2013-04-23,16.88620
2013-04-25,16.89600
2013-04-26,16.90000
2013-04-29,16.90820
2013-04-30,16.91960
2013-05-02,16.93090
2013-05-03,16.93340
2013-05-06,16.93890
2013-05-07,16.94310
2013-05-08,16.95030
2013-05-09,16.97340
2013-05-10,16.97350
2013-05-13,16.97690
2013-05-14,17.01190
2013-05-15,17.00590
2013-05-16,17.03520
2013-05-17,17.03260
2013-05-20,17.06820
2013-05-21,17.06580
2013-05-22,17.06270
2013-05-23,17.05950
2013-05-24,17.07810
2013-05-27,17.08910
2013-05-28,17.08380
2013-05-29,17.07360
2013-05-30,17.05510
2013-05-31,17.05660
2013-06-03,17.05970
2013-06-04,17.08980
2013-06-05,17.08590
2013-06-06,17.08740
2013-06-07,17.08070
2013-06-10,17.06610
2013-06-11,17.05400
2013-06-12,17.06700
2013-06-13,17.05220
2013-06-14,17.06120
2013-06-17,17.10030
2013-06-18,17.09280
2013-06-19,17.09930
2013-06-20,17.03870
2013-06-21,17.04860
2013-06-24,17.04100
2013-06-25,17.04350
2013-06-26,17.04620
2013-06-27,17.04880
2013-06-28,17.05150
2013-07-02,17.06220
2013-07-03,17.06450
2013-07-04,17.06690
2013-07-05,17.06940
2013-07-08,17.07710
2013-07-09,17.07990
2013-07-10,17.08270
2013-07-11,17.08560
2013-07-12,17.08780
2013-07-15,17.09510
2013-07-16,17.09630
2013-07-17,17.09910
2013-07-18,17.10040
2013-07-19,17.10290
2013-07-22,17.11050
2013-07-23,17.11290
2013-07-24,17.11570
2013-07-25,17.11830
2013-07-26,17.12150
2013-07-29,17.13170
2013-07-30,17.13570
2013-07-31,17.13960
2013-08-01,17.14320
2013-08-02,17.14580
2013-08-05,17.15370
2013-08-06,17.15690
2013-08-07,17.16070
2013-08-08,17.16420
2013-08-12,17.17880
2013-08-13,17.18290
2013-08-14,17.19390
2013-08-16,17.20810
2013-08-19,17.20780
2013-08-20,17.21120
2013-08-21,17.22640
2013-08-22,17.23500
2013-08-23,17.24900
2013-08-26,17.25290
2013-08-27,17.25000
2013-08-28,17.24580
2013-08-29,17.25670
2013-08-30,17.32630
2013-09-02,17.33340
2013-09-03,17.33900
2013-09-04,17.34430
2013-09-05,17.36730
2013-09-06,17.38660
2013-09-10,17.39270
2013-09-11,17.39850
2013-09-12,17.40160
2013-09-13,17.41350
2013-09-16,17.42030
2013-09-17,17.42990
2013-09-18,17.43630
2013-09-19,17.45590
2013-09-20,17.47100
2013-09-23,17.47670
2013-09-24,17.47990
2013-09-25,17.48740
2013-09-26,17.49060
2013-09-27,17.50310
2013-09-30,17.51260
2013-10-01,17.51720
2013-10-03,17.52580
2013-10-04,17.53010
2013-10-07,17.54290
2013-10-08,17.54710
2013-10-09,17.55140
2013-10-10,17.55570
2013-10-11,17.56000
2013-10-14,17.57280
2013-10-15,17.57710
2013-10-17,17.58560
2013-10-18,17.58980
2013-10-21,17.60260
2013-10-22,17.60680
2013-10-23,17.61110
2013-10-24,17.61540
2013-10-25,17.61960
2013-10-28,17.63250
2013-10-29,17.63670
2013-10-30,17.64100
2013-10-31,17.64530
2013-11-01,17.64950
2013-11-05,17.66650
2013-11-06,17.67080
2013-11-07,17.68110
2013-11-08,17.68510
2013-11-11,17.69700
2013-11-12,17.70100
2013-11-13,17.70500
2013-11-14,17.70990
2013-11-18,17.72510
2013-11-19,17.72890
2013-11-20,17.73270
2013-11-21,17.73650
2013-11-22,17.74030
2013-11-25,17.75170
2013-11-26,17.75550
2013-11-27,17.75930
2013-11-28,17.77110
2013-11-29,17.77450
2013-12-02,17.78460
2013-12-03,17.78780
2013-12-04,17.79100
2013-12-05,17.79410
2013-12-06,17.79750
2013-12-09,17.80790
2013-12-10,17.81140
2013-12-11,17.81470
2013-12-12,17.81810
2013-12-13,17.82160
2013-12-16,17.83200
2013-12-17,17.83580
2013-12-18,17.83960
2013-12-19,17.84350
2013-12-20,17.84730
2013-12-23,17.85890
2013-12-24,17.86270
2013-12-26,17.87030
2013-12-27,17.87390
2013-12-30,17.88450
2013-12-31,17.88880
2014-01-01,17.88820
2014-01-02,17.89080
2014-01-03,17.89260
2014-01-06,17.90620
2014-01-07,17.90730
2014-01-08,17.91020
2014-01-09,17.91290
2014-01-10,17.92580
2014-01-13,17.93870
2014-01-15,17.94250
2014-01-16,17.94520
2014-01-17,17.94820
2014-01-20,17.96420
2014-01-21,17.97070
2014-01-22,17.97090
2014-01-23,17.97470
2014-01-24,17.98090
2014-01-27,17.99240
2014-01-28,17.99600
2014-01-29,17.99780
2014-01-30,18.00170
2014-01-31,18.00560
2014-02-03,18.01720
2014-02-04,18.02110
2014-02-05,18.02490
2014-02-06,18.02880
2014-02-07,18.03390
2014-02-10,18.04540
2014-02-11,18.04930
2014-02-12,18.05320
2014-02-13,18.05700
2014-02-14,18.06090
2014-02-17,18.07250
2014-02-18,18.07630
2014-02-20,18.08410
2014-02-21,18.08790
2014-02-24,18.09950
2014-02-25,18.10340
2014-02-26,18.10720
2014-02-28,18.11490
2014-03-03,18.12650
2014-03-04,18.13040
2014-03-05,18.13420
2014-03-06,18.13810
2014-03-07,18.14190
2014-03-10,18.15350
2014-03-11,18.15730
2014-03-12,18.15840
2014-03-13,18.16210
2014-03-14,18.16600
2014-03-18,18.18180
2014-03-19,18.18580
2014-03-20,18.18990
2014-03-21,18.19390
2014-03-24,18.20560
2014-03-25,18.20960
2014-03-26,18.21360
2014-03-27,18.21230
2014-03-28,18.22890
2014-04-02,18.24060
2014-04-03,18.24960
2014-04-04,18.25250
2014-04-07,18.26420
2014-04-09,18.27400
2014-04-10,18.27740
2014-04-11,18.27920
2014-04-15,18.29670
2014-04-16,18.30320
2014-04-17,18.30880
2014-04-21,18.32290
2014-04-22,18.32490
2014-04-23,18.32740
2014-04-25,18.33360
2014-04-28,18.34590
2014-04-29,18.35000
2014-04-30,18.35410
2014-05-02,18.36240
2014-05-05,18.37480
2014-05-06,18.37880
2014-05-07,18.38290
2014-05-08,18.38700
2014-05-09,18.39110
2014-05-12,18.40340
2014-05-13,18.40750
2014-05-15,18.41580
2014-05-16,18.41990
2014-05-19,18.43210
2014-05-20,18.43620
2014-05-21,18.44030
2014-05-22,18.44440
2014-05-23,18.44850
2014-05-26,18.46100
2014-05-27,18.46510
2014-05-28,18.46920
2014-05-29,18.47330
2014-05-30,18.47740
2014-06-02,18.48970
2014-06-03,18.49380
2014-06-04,18.49790
2014-06-05,18.50200
2014-06-06,18.50610
2014-06-09,18.51850
2014-06-10,18.52260
2014-06-11,18.52670
2014-06-12,18.53080
2014-06-13,18.53480
2014-06-16,18.54720
2014-06-17,18.55130
2014-06-18,18.55540
2014-06-19,18.55950
2014-06-20,18.56360
2014-06-23,18.57600
2014-06-24,18.58010
2014-06-25,18.58420
2014-06-26,18.58760
2014-06-27,18.59120
2014-06-30,18.60250
2014-07-02,18.61340
2014-07-03,18.61660
2014-07-04,18.62010
2014-07-07,18.63080
2014-07-08,18.63450
2014-07-09,18.63840
2014-07-10,18.64240
2014-07-11,18.64570
2014-07-14,18.65610
2014-07-15,18.66150
2014-07-16,18.66530
2014-07-17,18.66870
2014-07-18,18.67220
2014-07-21,18.68400
2014-07-22,18.68740
2014-07-23,18.69100
2014-07-24,18.69510
2014-07-25,18.69940
2014-07-28,18.71110
2014-07-30,18.71900
2014-07-31,18.72280
2014-08-01,18.72680
2014-08-04,18.73790
2014-08-05,18.74190
2014-08-06,18.74470
2014-08-07,18.74830
2014-08-08,18.75220
2014-08-11,18.76380
2014-08-12,18.76760
2014-08-13,18.77150
2014-08-14,18.77520
2014-08-19,18.79710
2014-08-20,18.80110
2014-08-21,18.80530
2014-08-22,18.80940
2014-08-25,18.82200
2014-08-26,18.82610
2014-08-27,18.82970
2014-08-28,18.83390
2014-09-01,18.84930
2014-09-02,18.85340
2014-09-03,18.85750
2014-09-04,18.86100
2014-09-05,18.86550
2014-09-08,18.88510
2014-09-09,18.89170
2014-09-10,18.89320
2014-09-11,18.90770
2014-09-12,18.91140
2014-09-15,18.91360
2014-09-16,18.91780
2014-09-17,18.92190
2014-09-18,18.92590
2014-09-19,18.93000
2014-09-22,18.94360
2014-09-23,18.94780
2014-09-24,18.95440
2014-09-25,18.96150
2014-09-26,18.96570
2014-09-29,18.97850
2014-09-30,18.99760
2014-10-01,19.00190
2014-10-07,19.02630
2014-10-08,19.04080
2014-10-09,19.04440
2014-10-10,19.04810
2014-10-13,19.05900
2014-10-14,19.06260
2014-10-16,19.06980
2014-10-17,19.05040
2014-10-20,19.08620
2014-10-21,19.09050
2014-10-22,19.09490
2014-10-27,19.11680
2014-10-28,19.12110
2014-10-29,19.12370
2014-10-30,19.12450
2014-10-31,19.13340
2014-11-03,19.16970
2014-11-05,19.17830
2014-11-07,19.18790
2014-11-10,19.20560
2014-11-11,19.20970
2014-11-12,19.21390
2014-11-13,19.21820
2014-11-14,19.21810
2014-11-17,19.20910
2014-11-18,19.22800
2014-11-19,19.22190
2014-11-20,19.23100
2014-11-21,19.23510
2014-11-24,19.24760
2014-11-25,19.23530
2014-11-26,19.23460
2014-11-27,19.23030
2014-11-28,19.23440
2014-12-01,19.24660
2014-12-02,19.25010
2014-12-03,19.25410
2014-12-04,19.25810
2014-12-05,19.26210
2014-12-08,19.27410
2014-12-09,19.28100
2014-12-10,19.28520
2014-12-11,19.28920
2014-12-12,19.29340
2014-12-15,19.30570
2014-12-16,19.31000
2014-12-17,19.31430
2014-12-18,19.31860
2014-12-19,19.32280
2014-12-22,19.33560
2014-12-23,19.33990
2014-12-24,19.34420
2014-12-26,19.35270
2014-12-29,19.36550
2014-12-30,19.36760
2014-12-31,19.39800
2015-01-01,19.40260
2015-01-02,19.40710
2015-01-05,19.42060
2015-01-06,19.42510
2015-01-07,19.42970
2015-01-08,19.44190
2015-01-09,19.44630
2015-01-12,19.45970
2015-01-13,19.46430
2015-01-14,19.48060
2015-01-15,19.49990
2015-01-16,19.50430
2015-01-19,19.52080
2015-01-20,19.52530
2015-01-21,19.52560
2015-01-22,19.53920
2015-01-23,19.54370
2015-01-27,19.56610
2015-01-28,19.57410
2015-01-29,19.57860
2015-01-30,19.57700
2015-02-02,19.59110
2015-02-03,19.59500
2015-02-04,19.59950
2015-02-05,19.60400
2015-02-06,19.60840
2015-02-09,19.62200
2015-02-10,19.62650
2015-02-11,19.63100
2015-02-12,19.63540
2015-02-13,19.63990
2015-02-16,19.65810
2015-02-18,19.66860
2015-02-20,19.67750
2015-02-23,19.69100
2015-02-24,19.69510
2015-02-25,19.68840
2015-02-26,19.69290
2015-02-27,19.69560
2015-03-02,19.71400
2015-03-03,19.70380
2015-03-04,19.67980
2015-03-05,19.67190
2015-03-09,19.68240
2015-03-10,19.72410
2015-03-11,19.71150
2015-03-12,19.72330
2015-03-13,19.72780
2015-03-16,19.74120
2015-03-17,19.74560
2015-03-18,19.75020
2015-03-19,19.75470
2015-03-20,19.75920
2015-03-23,19.77240
2015-03-24,19.77730
2015-03-25,19.78180
2015-03-26,19.75470
2015-03-27,19.75920
2015-03-30,19.76730
2015-03-31,19.85540
2015-04-06,19.84670
2015-04-07,19.90280
2015-04-08,19.89000
2015-04-09,19.89420
2015-04-10,19.89880
2015-04-13,19.90710
2015-04-15,19.91910
2015-04-16,19.92210
2015-04-17,19.92660
2015-04-20,19.93710
2015-04-21,19.91930
2015-04-22,19.92510
2015-04-23,19.92960
2015-04-24,19.93420
2015-04-27,19.94720
2015-04-28,19.95160
2015-04-29,19.95600
2015-04-30,19.96080
2015-05-05,19.98250
2015-05-06,19.98690
2015-05-07,19.99130
2015-05-08,19.99590
2015-05-11,20.00880
2015-05-12,20.01250
2015-05-13,20.01680
2015-05-14,20.02110
2015-05-15,20.02570
2015-05-18,20.03860
2015-05-19,20.04300
2015-05-20,20.04740
2015-05-21,20.05180
2015-05-22,20.05640
2015-05-25,20.06940
2015-05-26,20.06640
2015-05-27,20.06220
2015-05-28,20.06570
2015-05-29,20.07040
2015-06-01,20.07230
2015-06-02,20.07810
2015-06-03,20.08400
2015-06-04,20.08710
2015-06-05,20.09450
2015-06-08,20.10990
2015-06-09,20.11220
2015-06-10,20.11480
2015-06-11,20.11800
2015-06-12,20.12100
2015-06-15,20.13280
2015-06-16,20.13680
2015-06-17,20.13950
2015-06-18,20.14370
2015-06-19,20.14790
2015-06-22,20.16190
2015-06-23,20.16610
2015-06-24,20.17030
2015-06-25,20.17460
2015-06-26,20.17880
2015-06-29,20.19090
2015-06-30,20.19550
2015-07-01,20.19940
2015-07-02,20.20350
2015-07-03,20.20780
2015-07-06,20.22010
2015-07-07,20.22090
2015-07-08,20.22510
2015-07-09,20.22930
2015-07-10,20.23390
2015-07-13,20.24620
2015-07-14,20.24690
2015-07-15,20.24880
2015-07-16,20.25310
2015-07-17,20.25740
2015-07-20,20.26970
2015-07-21,20.27390
2015-07-22,20.27510
2015-07-23,20.27910
2015-07-24,20.28390
2015-07-27,20.29570
2015-07-28,20.30310
2015-07-29,20.30510
2015-07-30,20.30670
2015-07-31,20.31100
2015-08-03,20.32330
2015-08-04,20.32970
2015-08-05,20.33380
2015-08-06,20.33800
2015-08-07,20.34220
2015-08-10,20.35460
2015-08-11,20.35890
2015-08-12,20.36310
2015-08-13,20.38950
2015-08-14,20.39610
2015-08-17,20.40720
2015-08-19,20.42730
2015-08-20,20.42890
2015-08-21,20.41830
2015-08-24,20.38050
2015-08-25,20.41150
2015-08-26,20.42990
2015-08-27,20.44020
2015-08-28,20.44250
2015-08-31,20.44800
2015-09-01,20.46500
2015-09-02,20.47030
2015-09-03,20.47620
2015-09-04,20.47870
2015-09-07,20.48090
2015-09-08,20.49210
2015-09-09,20.49680
2015-09-10,20.50010
2015-09-11,20.50570
2015-09-14,20.52330
2015-09-15,20.52500
2015-09-16,20.52740
2015-09-18,20.56230
2015-09-21,20.56990
2015-09-22,20.56850
2015-09-23,20.57140
2015-09-24,20.57710
2015-09-28,20.59430
2015-09-29,20.63060
2015-09-30,20.65400
2015-10-01,20.65600
2015-10-05,20.68040
2015-10-06,20.68690
2015-10-07,20.68450
2015-10-08,20.69240
2015-10-09,20.70080
2015-10-12,20.70570
2015-10-13,20.70970
2015-10-14,20.71460
2015-10-15,20.71360
2015-10-16,20.71590
2015-10-19,20.72230
2015-10-20,20.73630
2015-10-21,20.73410
2015-10-23,20.74640
2015-10-26,20.75210
2015-10-27,20.75660
2015-10-28,20.75920
2015-10-29,20.75620
2015-10-30,20.75500
2015-11-02,20.76820
2015-11-03,20.77250
2015-11-04,20.77680
2015-11-05,20.78110
2015-11-06,20.78560
2015-11-09,20.79830
2015-11-10,20.80280
2015-11-13,20.81590
2015-11-16,20.82880
2015-11-17,20.83310
2015-11-18,20.83750
2015-11-19,20.84180
2015-11-20,20.84620
2015-11-23,20.85890
2015-11-24,20.86340
2015-11-26,20.87190
2015-11-27,20.87640
2015-11-30,20.88920
2015-12-01,20.89350
2015-12-02,20.89770
2015-12-03,20.90190
2015-12-04,20.90640
2015-12-07,20.91900
2015-12-08,20.92330
2015-12-09,20.92760
2015-12-10,20.93190
2015-12-11,20.93640
2015-12-14,20.90700
2015-12-15,20.85920
2015-12-16,20.90860
2015-12-17,20.91300
2015-12-18,20.91740
2015-12-21,20.92970
2015-12-22,20.93380
2015-12-23,20.93820
2015-12-28,20.95810
2015-12-29,20.96220
2015-12-30,20.96280
2015-12-31,20.96690
2016-01-01,20.97210
2016-01-04,20.98400
2016-01-05,20.99030
2016-01-06,20.99430
2016-01-07,20.99610
2016-01-08,21.00420
2016-01-11,21.01620
2016-01-12,21.02030
2016-01-13,21.02440
2016-01-14,21.02840
2016-01-15,21.03270
2016-01-18,21.04470
2016-01-19,21.04880
2016-01-20,21.04980
2016-01-21,21.05390
2016-01-22,21.05820
2016-01-25,21.07030
2016-01-27,21.07840
2016-01-28,21.08250
2016-01-29,21.08680
2016-02-01,21.09550
2016-02-02,21.09950
2016-02-03,21.10350
2016-02-04,21.10760
2016-02-05,21.11180
2016-02-08,21.12380
2016-02-09,21.12790
2016-02-10,21.13190
2016-02-11,21.13600
2016-02-12,21.14030
2016-02-15,21.15230
2016-02-16,21.15630
2016-02-17,21.16030
2016-02-18,21.16470
2016-02-22,21.18050
2016-02-23,21.16700
2016-02-24,21.13610
2016-02-25,21.14010
2016-02-26,21.14450
2016-02-29,21.16000
2016-03-01,21.16410
2016-03-02,21.16820
2016-03-03,21.17230
2016-03-04,21.17660
2016-03-08,21.19240
2016-03-09,21.19330
2016-03-10,21.19710
2016-03-11,21.20530
2016-03-14,21.21740
2016-03-15,21.22150
2016-03-16,21.22560
2016-03-17,21.22970
2016-03-18,21.23390
2016-03-21,21.24590
2016-03-22,21.25010
2016-03-23,21.25470
2016-03-28,21.26720
2016-03-29,21.27110
2016-03-30,21.27240
2016-03-31,21.27050
2016-04-04,21.29800
2016-04-05,21.30180
2016-04-06,21.30400
2016-04-07,21.30810
2016-04-11,21.32390
2016-04-12,21.32770
2016-04-13,21.33160
2016-04-18,21.35000
2016-04-20,21.35770
2016-04-21,21.36160
2016-04-22,21.36560
2016-04-25,21.37700
2016-04-26,21.38080
2016-04-27,21.38460
2016-04-28,21.38850
2016-04-29,21.39220
2016-05-02,21.40070
2016-05-03,21.39810
2016-05-04,21.40580
2016-05-05,21.41040
2016-05-06,21.41760
2016-05-09,21.43350
2016-05-10,21.43990
2016-05-11,21.45350
2016-05-12,21.46760
2016-05-13,21.46340
2016-05-16,21.47440
2016-05-17,21.47500
2016-05-18,21.46850
2016-05-19,21.47530
2016-05-20,21.47110
2016-05-23,21.49330
2016-05-24,21.49530
2016-05-25,21.49860
2016-05-26,21.50270
2016-05-27,21.50830
2016-05-30,21.51970
2016-05-31,21.51950
2016-06-01,21.51350
2016-06-02,21.52680
2016-06-03,21.53140
2016-06-06,21.55300
2016-06-07,21.55840
2016-06-08,21.56120
2016-06-09,21.57600
2016-06-10,21.58280
2016-06-13,21.57670
2016-06-14,21.58830
2016-06-15,21.59090
2016-06-16,21.60070
2016-06-17,21.60530
2016-06-20,21.61380
2016-06-21,21.62060
2016-06-22,21.62750
2016-06-23,21.63390
2016-06-24,21.63850
2016-06-27,21.65760
2016-06-28,21.66360
2016-06-29,21.67800
2016-06-30,21.68230
2016-07-01,21.70590
2016-07-04,21.73200
2016-07-05,21.76030
2016-07-07,21.77690
2016-07-08,21.78740
2016-07-11,21.79740
2016-07-12,21.82380
2016-07-13,21.87660
2016-07-14,21.87380
2016-07-15,21.87380
2016-07-18,21.87640
2016-07-19,21.88460
2016-07-20,21.89770
2016-07-21,21.90460
2016-07-22,21.91070
2016-07-25,21.92210
2016-07-26,21.92500
2016-07-27,21.92930
2016-07-28,21.95780
2016-07-29,21.96300
2016-08-01,21.97830
2016-08-02,21.96670
2016-08-03,21.96040
2016-08-04,21.97520
2016-08-05,21.98400
2016-08-08,22.00110
2016-08-09,22.00850
2016-08-10,22.01850
2016-08-11,22.02890
2016-08-12,22.02650
2016-08-16,22.04410
2016-08-18,22.05910
2016-08-19,22.07300
2016-08-22,22.05460
2016-08-23,22.06390
2016-08-24,22.07390
2016-08-25,22.09140
2016-08-26,22.09650
2016-08-29,22.11140
2016-08-30,22.11220
2016-08-31,22.11810
2016-09-01,22.12190
2016-09-02,22.12750
2016-09-06,22.15470
2016-09-07,22.17880
2016-09-08,22.19020
2016-09-09,22.20460
2016-09-12,22.20410
2016-09-14,22.20930
2016-09-15,22.21410
2016-09-16,22.22480
2016-09-19,22.23740
2016-09-20,22.23740
2016-09-21,22.24870
2016-09-22,22.28420
2016-09-23,22.30600
2016-09-26,22.33080
2016-09-27,22.34370
2016-09-28,22.35150
2016-09-29,22.30560
2016-09-30,22.32010
2016-10-03,22.38080
2016-10-04,22.44090
2016-10-05,22.44170
2016-10-06,22.43130
2016-10-07,22.41770
2016-10-10,22.44650
2016-10-13,22.44790
2016-10-14,22.44740
2016-10-17,22.46390
2016-10-18,22.48320
2016-10-19,22.49250
2016-10-20,22.49170
2016-10-21,22.49030
2016-10-24,22.52020
2016-10-25,22.51730
2016-10-26,22.51410
2016-10-27,22.50690
2016-10-28,22.51050
2016-11-01,22.51860
2016-11-02,22.52350
2016-11-03,22.52720
2016-11-04,22.52670
2016-11-07,22.54120
2016-11-08,22.55430
2016-11-09,22.62160
2016-11-10,22.65290
2016-11-11,22.61800
2016-11-15,22.71470
2016-11-16,22.72940
2016-11-17,22.74210
2016-11-18,22.74590
2016-11-21,22.80830
2016-11-22,22.81370
2016-11-23,22.82260
2016-11-24,22.89360
2016-11-25,22.86580
2016-11-28,22.84230
2016-11-29,22.84780
2016-11-30,22.87470
2016-12-01,22.89180
2016-12-02,22.88060
2016-12-05,22.90200
2016-12-06,22.91090
2016-12-07,22.82660
2016-12-08,22.81770
2016-12-09,22.80930
2016-12-13,22.82450
2016-12-14,22.83210
2016-12-15,22.77930
2016-12-16,22.78120
2016-12-19,22.77610
2016-12-20,22.79790
2016-12-21,22.80890
2016-12-22,22.80290
2016-12-23,22.79770
2016-12-26,22.79090
2016-12-27,22.78290
2016-12-28,22.79820
2016-12-29,22.83700
2016-12-30,22.83470
2017-01-02,22.89140
2017-01-03,22.87640
2017-01-04,22.90050
2017-01-05,22.90390
2017-01-06,22.90390
2017-01-09,22.92090
2017-01-10,22.92150
2017-01-11,22.92410
2017-01-12,22.93640
2017-01-13,22.92400
2017-01-16,22.92700
2017-01-17,22.93490
2017-01-18,22.92430
2017-01-19,22.91710
2017-01-20,22.92910
2017-01-23,22.94270
2017-01-24,22.96960
2017-01-25,22.98480
2017-01-27,22.99360
2017-01-30,23.00270
2017-01-31,23.00030
2017-02-01,23.01160
2017-02-02,23.02730
2017-02-03,23.03200
2017-02-06,23.03330
2017-02-07,23.03480
2017-02-08,22.90790
2017-02-09,22.84620
2017-02-10,22.87650
2017-02-13,22.89420
2017-02-14,22.89280
2017-02-15,22.90310
2017-02-16,22.92070
2017-02-17,22.91970
2017-02-20,22.90830
2017-02-22,22.89690
2017-02-23,22.91920
2017-02-27,22.95680
2017-02-28,22.96930
2017-03-01,22.93560
2017-03-02,22.94940
2017-03-03,22.95610
2017-03-06,22.93540
2017-03-07,22.91430
2017-03-08,22.91090
2017-03-09,22.92610
2017-03-10,22.91500
2017-03-14,22.93170
2017-03-15,22.94400
2017-03-16,22.96810
2017-03-17,22.98140
2017-03-20,22.98840
2017-03-21,22.99470
2017-03-22,23.03420
2017-03-23,23.04450
2017-03-24,23.05830
2017-03-27,23.09850
2017-03-29,23.08970
2017-03-30,23.09460
2017-03-31,23.08800
2017-04-03,23.09530
2017-04-05,23.10020
2017-04-06,23.04980
2017-04-07,23.04280
2017-04-10,23.05470
2017-04-11,23.08180
2017-04-12,23.09570
2017-04-13,23.09830
2017-04-17,23.09600
2017-04-18,23.10770
2017-04-19,23.11710
2017-04-20,23.12060
2017-04-21,23.10050
2017-04-24,23.10330
2017-04-25,23.10560
2017-04-26,23.09600
2017-04-27,23.10320
2017-04-28,23.09900
2017-05-02,23.11100
2017-05-03,23.11680
2017-05-04,23.12780
2017-05-05,23.14880
2017-05-08,23.16990
2017-05-09,23.16370
2017-05-11,23.16340
2017-05-12,23.17750
2017-05-15,23.21310
2017-05-16,23.20430
2017-05-17,23.21110
2017-05-18,23.21490
2017-05-19,23.22350
2017-05-22,23.24330
2017-05-23,23.24680
2017-05-24,23.25030
2017-05-25,23.25970
2017-05-26,23.26770
2017-05-29,23.26700
2017-05-30,23.27890
2017-05-31,23.29130
2017-06-01,23.31610
2017-06-02,23.31990
2017-06-05,23.32070
2017-06-06,23.32880
2017-06-07,23.37220
2017-06-08,23.39330
2017-06-09,23.40130
2017-06-12,23.40930
2017-06-13,23.41950
2017-06-14,23.42030
2017-06-15,23.42110
2017-06-16,23.42360
2017-06-19,23.43740
2017-06-20,23.44200
2017-06-21,23.45110
2017-06-22,23.45480
2017-06-23,23.45430
2017-06-27,23.47000
2017-06-28,23.45960
2017-06-29,23.46410
2017-06-30,23.45630
2017-07-03,23.45130
2017-07-04,23.44840
2017-07-05,23.45570
2017-07-06,23.46110
2017-07-07,23.46620
2017-07-10,23.49390
2017-07-11,23.49850
2017-07-12,23.50300
2017-07-13,23.51500
2017-07-14,23.52300
2017-07-17,23.54240
2017-07-18,23.54510
2017-07-19,23.55610
2017-07-20,23.56720
2017-07-21,23.57610
2017-07-24,23.58150
2017-07-25,23.58470
2017-07-26,23.58410
2017-07-27,23.58910
2017-07-28,23.60050
2017-07-31,23.60160
2017-08-01,23.60610
2017-08-02,23.62820
2017-08-03,23.65560
2017-08-04,23.65990
2017-08-07,23.66620
2017-08-08,23.67580
2017-08-09,23.67660
2017-08-10,23.67830
2017-08-11,23.68080
2017-08-14,23.68740
2017-08-16,23.68860
2017-08-18,23.68960
2017-08-21,23.70510
2017-08-22,23.70190
2017-08-23,23.70650
2017-08-24,23.71110
2017-08-28,23.71950
2017-08-29,23.72800
2017-08-30,23.72410
2017-08-31,23.73070
2017-09-01,23.74620
2017-09-04,23.75160
2017-09-05,23.75870
2017-09-06,23.76180
2017-09-07,23.76640
2017-09-08,23.76480
2017-09-11,23.77770
2017-09-12,23.78620
2017-09-13,23.78100
2017-09-14,23.78600
2017-09-15,23.78500
2017-09-18,23.79320
2017-09-19,23.79870
2017-09-20,23.80230
2017-09-21,23.78140
2017-09-22,23.79000
2017-09-25,23.80340
2017-09-26,23.79870
2017-09-27,23.80180
2017-09-28,23.81510
2017-09-29,23.82340
2017-10-03,23.84130
2017-10-04,23.82400
2017-10-05,23.82940
2017-10-06,23.83450
2017-10-09,23.84350
2017-10-10,23.84730
2017-10-11,23.85190
2017-10-12,23.85260
2017-10-13,23.85860
2017-10-16,23.87630
2017-10-17,23.87540
2017-10-18,23.88780
2017-10-23,23.89510
2017-10-24,23.90370
2017-10-25,23.90230
2017-10-26,23.91220
2017-10-27,23.91070
2017-10-30,23.90040
2017-10-31,23.90630
2017-11-01,23.90900
2017-11-02,23.91350
2017-11-03,23.91750
2017-11-06,23.92020
2017-11-07,23.91490
2017-11-08,23.91620
2017-11-09,23.92260
2017-11-10,23.91530
2017-11-13,23.91140
2017-11-14,23.88500
2017-11-15,23.89700
2017-11-16,23.87720
2017-11-17,23.88430
2017-11-20,23.93090
2017-11-21,23.92580
2017-11-22,23.90790
2017-11-23,23.91420
2017-11-24,23.92740
2017-11-27,23.93390
2017-11-28,23.94960
2017-11-29,23.95780
2017-11-30,23.95490
2017-12-04,23.96730
2017-12-05,23.97930
2017-12-06,23.99870
2017-12-07,23.99570
2017-12-08,23.99800
2017-12-11,23.99490
2017-12-12,23.99030
2017-12-13,23.99130
2017-12-14,23.99980
2017-12-15,23.99670
2017-12-18,24.00570
2017-12-19,24.00590
2017-12-20,23.99090
2017-12-21,23.98060
2017-12-22,23.98370
2017-12-26,23.99700
2017-12-27,24.00930
2017-12-28,23.98190
2017-12-29,23.99690
2018-01-01,24.00260
2018-01-02,24.00100
2018-01-03,24.00370
2018-01-04,24.00460
2018-01-05,24.02170
2018-01-08,24.03300
2018-01-09,24.01770
2018-01-10,24.01480
2018-01-11,24.01610
2018-01-12,24.02060
2018-01-15,24.02480
2018-01-16,24.01070
2018-01-17,24.03880
2018-01-18,24.03130
2018-01-19,24.04080
2018-01-22,24.05220
2018-01-23,24.07300
2018-01-24,24.07390
2018-01-25,24.07960
2018-01-29,24.07630
2018-01-30,24.07470
2018-01-31,24.07940
2018-02-01,24.05580
2018-02-02,24.05530
2018-02-05,24.06820
2018-02-06,24.07010
2018-02-07,24.09620
2018-02-08,24.13070
2018-02-09,24.12730
2018-02-12,24.14250
2018-02-14,24.16050
2018-02-15,24.15580
2018-02-16,24.16590
2018-02-20,24.15990
2018-02-21,24.15620
2018-02-22,24.15340
2018-02-23,24.16660
2018-02-26,24.17550
2018-02-27,24.18290
2018-02-28,24.17760
2018-03-01,24.17740
2018-03-05,24.18730
2018-03-06,24.18640
2018-03-07,24.20380
2018-03-08,24.20850
2018-03-09,24.20870
2018-03-12,24.22820
2018-03-13,24.22780
2018-03-14,24.23330
2018-03-15,24.25440
2018-03-16,24.27350
2018-03-19,24.28280
2018-03-20,24.28200
2018-03-21,24.28850
2018-03-22,24.28960
2018-03-23,24.29700
2018-03-26,24.30000
2018-03-27,24.32280
2018-03-28,24.33350
2018-04-03,24.36740
2018-04-04,24.37600
2018-04-05,24.39620
2018-04-06,24.40270
2018-04-09,24.40030
2018-04-10,24.38600
2018-04-11,24.38250
2018-04-12,24.38420
2018-04-13,24.38790
2018-04-16,24.39670
2018-04-17,24.39440
2018-04-18,24.39340
2018-04-19,24.39030
2018-04-20,24.37770
2018-04-23,24.36700
2018-04-24,24.36980
2018-04-25,24.37140
2018-04-26,24.37200
2018-04-27,24.36510
2018-05-02,24.38610
2018-05-03,2438.98970
2018-05-04,2439.37850
2018-05-05,2439.76730
2018-05-06,2440.15610
2018-05-07,2440.53990
2018-05-08,2440.93190
2018-05-09,2441.32130
2018-05-10,2441.71170
2018-05-11,2442.10040
2018-05-12,2442.49730
2018-05-13,2442.89420
2018-05-14,2443.28720
2018-05-15,2443.67550
2018-05-16,2444.06680
2018-05-17,2444.45740
2018-05-18,2444.85110
2018-05-19,2445.24400
2018-05-20,2445.63690
2018-05-21,2446.02730
2018-05-22,2446.41960
2018-05-23,2446.81150
2018-05-24,2447.20070
2018-05-25,2447.59070
2018-05-26,2447.98900
2018-05-27,2448.38730
2018-05-28,2448.76970
2018-05-29,2449.14010
2018-05-30,2449.51750
2018-05-31,2449.90130
2018-06-01,2450.29590
2018-06-02,2450.69020
2018-06-03,2451.08450
2018-06-04,2451.46100
2018-06-05,2451.83000
2018-06-06,2452.20200
2018-06-07,2452.58700
2018-06-08,2452.91450
2018-06-09,2453.24200
2018-06-10,2453.56950
2018-06-11,2453.96980
2018-06-12,2454.36880
2018-06-13,2454.77040
2018-06-14,2455.17130
2018-06-15,2455.57180
2018-06-16,2455.97220
2018-06-17,2456.37260
2018-06-18,2456.77680
2018-06-19,2457.18910
2018-06-20,2457.71820
2018-06-21,2458.13670
2018-06-22,2458.50250
2018-06-23,2458.86840
2018-06-24,2459.23440
2018-06-25,2459.64150
2018-06-26,2460.05020
2018-06-27,2460.45230
2018-06-28,2460.84560
2018-06-29,2461.25240
2018-06-30,2461.65880
2018-07-01,2462.06280
2018-07-02,2462.49150
2018-07-03,2462.89190
2018-07-04,2463.28150
2018-07-05,2463.67010
2018-07-06,2464.00840
2018-07-07,2464.34810
2018-07-08,2464.68770
2018-07-09,2465.10010
2018-07-10,2465.51440
2018-07-11,2465.93340
2018-07-12,2466.33760
2018-07-13,2466.74960
2018-07-14,2467.15940
2018-07-15,2467.56910
2018-07-16,2467.98800
2018-07-17,2468.41750
2018-07-18,2468.84190
2018-07-19,2469.25650
2018-07-20,2469.70420
2018-07-21,2470.15190
2018-07-22,2470.59960
2018-07-23,2471.02560
2018-07-24,2471.45410
2018-07-25,2471.88140
2018-07-26,2472.30090
2018-07-27,2472.71350
2018-07-28,2473.13440
2018-07-29,2473.55540
2018-07-30,2473.98360
2018-07-31,2474.40490
2018-08-01,2474.82330
2018-08-02,2475.24920
2018-08-03,2475.66230
2018-08-04,2476.08230
2018-08-05,2476.50240
2018-08-06,2476.92630
2018-08-07,2477.34990
2018-08-08,2477.78120
2018-08-09,2478.22950
2018-08-10,2478.66490
2018-08-11,2479.10710
2018-08-12,2479.54940
2018-08-13,2479.98760
2018-08-14,2480.42610
2018-08-15,2480.86320
2018-08-16,2481.27260
2018-08-17,2481.67740
2018-08-18,2482.08110
2018-08-19,2482.48470
2018-08-20,2482.92150
2018-08-21,2483.35830
2018-08-22,2483.79530
2018-08-23,2484.23290
2018-08-24,2484.67350
2018-08-25,2485.12150
2018-08-26,2485.56950
2018-08-27,2486.00820
2018-08-28,2486.44110
2018-08-29,2486.86490
2018-08-30,2487.29060
2018-08-31,2487.66330
2018-09-01,2488.03530
2018-09-02,2488.40730
2018-09-03,2488.82820
2018-09-04,2489.25330
2018-09-05,2489.67620
2018-09-06,2490.09420
2018-09-07,2490.52230
2018-09-08,2490.95060
2018-09-09,2491.37880
2018-09-10,2491.82890
2018-09-11,2492.27510
2018-09-12,2492.71060
2018-09-13,2493.15200
2018-09-16,2494.43390
2018-09-17,2494.88130
2018-09-18,2495.31340
2018-09-20,2496.20060
2018-09-23,2497.53780
2018-09-24,2497.97380
2018-09-25,2498.40160
2018-09-26,2498.82770
2018-09-27,2499.22500
2018-09-30,2500.41670
2018-10-01,2500.87180
2018-10-02,2501.28930
2018-10-03,2501.67080
2018-10-04,2502.05730
2018-10-05,2502.47390
2018-10-07,2503.30780
2018-10-08,2503.72680
2018-10-09,2504.15580
2018-10-10,2504.58640
2018-10-11,2505.02070
2018-10-14,2506.29160
2018-10-15,2506.71850
2018-10-16,2507.16070
2018-10-18,2508.04390
2018-10-21,2509.36970
2018-10-22,2509.80560
2018-10-23,2510.24300
2018-10-24,2510.67800
2018-10-25,2511.11290
2018-10-28,2512.42030
2018-10-29,2512.85620
2018-10-30,2513.29200
2018-10-31,2513.72580
2018-11-01,2514.16180
2018-11-04,2515.46070
2018-11-05,2515.88850
2018-11-08,2517.23650
2018-11-11,2518.57180
2018-11-12,2519.01110
2018-11-13,2519.44670
2018-11-14,2519.87590
2018-11-15,2520.30240
2018-11-18,2521.57130
2018-11-19,2521.99260
2018-11-20,2522.42400
2018-11-21,2522.85630
2018-11-25,2524.59690
2018-11-26,2525.02720
2018-11-27,2525.45390
2018-11-28,2525.87730
2018-11-29,2526.30190
2018-12-02,2527.56000
2018-12-03,2527.97750
2018-12-04,2528.39750
2018-12-05,2528.82190
2018-12-06,2529.25030
2018-12-09,2530.54460
2018-12-10,2530.97710
2018-12-11,2531.41500
2018-12-12,2531.85450
2018-12-13,2532.28760
2018-12-14,2532.71770
2018-12-15,2533.15450
2018-12-17,2534.02020
2018-12-18,2534.43080
2018-12-19,2534.85970
2018-12-20,2535.29380
2018-12-21,2535.72940
2018-12-23,2536.60630
2018-12-25,2537.48370
2018-12-26,2537.92240
2018-12-27,2538.36270
2018-12-28,2538.80180
2018-12-30,2539.68020
2018-12-31,2540.12090
2019-01-01,2540.54480
2019-01-02,2540.96860
2019-01-03,2541.38510
2019-01-05,2542.22430
2019-01-06,2542.64500
2019-01-07,2543.07050
2019-01-08,2543.49870
2019-01-09,2543.93240
2019-01-10,2544.36550
2019-01-11,2544.80290
2019-01-12,2545.23410
2019-01-14,2546.09360
2019-01-15,2546.52320
2019-01-16,2546.95550
2019-01-17,2547.39190
2019-01-19,2548.26800
2019-01-20,2548.70720
2019-01-21,2549.14700
2019-01-22,2549.58590
2019-01-23,2550.02480
2019-01-24,2550.45900
2019-01-26,2551.32150
2019-01-27,2551.75270
2019-01-28,2552.17860
2019-01-29,2552.61220
2019-01-30,2553.04600
2019-01-31,2553.47800
2019-02-03,2554.78010
2019-02-04,2555.20860
2019-02-05,2555.62850
2019-02-06,2556.06090
2019-02-07,2556.50190
2019-02-08,2556.93500
2019-02-10,2557.80750
2019-02-11,2558.23850
2019-02-12,2558.66940
2019-02-13,2559.09170
2019-02-14,2559.51570
2019-02-15,2559.94390
2019-02-17,2560.80590
2019-02-18,2561.23400
2019-02-19,2561.66540
2019-02-20,2562.09940
2019-02-21,2562.52520
2019-02-23,2563.38830
2019-02-24,2563.81980
2019-02-25,2564.24860
2019-02-26,2564.67870
2019-02-27,2565.10660
2019-02-28,2565.53160
2019-03-01,2565.95710
2019-03-04,2567.24150
2019-03-05,2567.65700
2019-03-06,2568.07480
2019-03-07,2568.49830
2019-03-08,2568.92560
2019-03-10,2569.78130
2019-03-11,2570.20580
2019-03-12,2570.62570
2019-03-13,2571.04550
2019-03-14,2571.46520
2019-03-17,2572.74460
2019-03-18,2573.16960
2019-03-19,2573.59470
2019-03-21,2574.44740
2019-03-22,2574.86600
2019-03-24,2575.71790
2019-03-25,2576.14050
2019-03-26,2576.55740
2019-03-27,2576.98220
2019-03-28,2577.40620
2019-03-29,2577.92150
2019-03-30,2578.44500
2019-03-31,2578.96850
2019-04-01,2579.48980
2019-04-02,2579.92300
2019-04-03,2580.34670
2019-04-04,2580.75930
2019-04-05,2581.15900
2019-04-07,2581.95800
2019-04-08,2582.35830
2019-04-09,2582.76650
2019-04-10,2583.17550
2019-04-11,2583.58820
2019-04-12,2584.00380
2019-04-14,2584.83510
2019-04-15,2585.24430
2019-04-16,2585.65430
2019-04-17,2586.06880
2019-04-18,2586.47920
2019-04-21,2587.73090
2019-04-22,2588.15690
2019-04-23,2588.57880
2019-04-24,2589.00230
2019-04-25,2589.41840
2019-04-26,2589.83600
2019-04-27,2590.23840
2019-04-29,2591.08730
2019-05-01,2591.92770
2019-05-02,2592.35220
2019-05-05,2593.58840
2019-05-06,2593.99200
2019-05-07,2594.39500
2019-05-08,2594.80370
2019-05-09,2595.21790
2019-05-10,2595.63740
2019-05-12,2596.48210
2019-05-13,2596.89180
2019-05-14,2597.29630
2019-05-15,2597.70380
2019-05-16,2598.12530
2019-05-19,2599.35460
2019-05-20,2599.77280
2019-05-21,2600.18280
2019-05-22,2600.59650
2019-05-23,2601.01100
2019-05-24,2601.42050
2019-05-26,2602.24650
2019-05-27,2602.65790
2019-05-28,2603.06710
2019-05-29,2603.47560
2019-05-30,2603.88800
2019-05-31,2604.30070
2019-06-02,2605.13020
2019-06-03,2605.53840
2019-06-05,2606.35640
2019-06-06,2606.75530
2019-06-07,2607.14900
2019-06-09,2607.95310
2019-06-10,2608.34810
2019-06-11,2608.74080
2019-06-12,2609.13430
2019-06-13,2609.52860
2019-06-15,2610.33710
2019-06-16,2610.74200
2019-06-17,2611.13390
2019-06-18,2611.52560
2019-06-19,2611.91630
2019-06-20,2612.30740
2019-06-21,2612.70460
2019-06-23,2613.50820
2019-06-24,2613.89210
2019-06-25,2614.27570
2019-06-26,2614.65660
2019-06-27,2615.03660
2019-06-30,2616.28950
2019-07-01,2616.65730
2019-07-02,2617.05230
2019-07-03,2617.43120
2019-07-04,2617.80890
2019-07-05,2618.19870
2019-07-07,2618.99420
2019-07-08,2619.39040
2019-07-09,2619.78660
2019-07-10,2620.18330
2019-07-11,2620.58090
2019-07-12,2620.97090
2019-07-14,2621.75110
2019-07-15,2622.13880
2019-07-16,2622.52300
2019-07-17,2622.90590
2019-07-18,2623.29400
2019-07-19,2623.68570
2019-07-21,2624.47910
2019-07-22,2624.87430
2019-07-23,2625.26810
2019-07-24,2625.66030
2019-07-25,2626.05370
2019-07-27,2626.84000
2019-07-28,2627.23320
2019-07-29,2627.62310
2019-07-30,2628.00970
2019-07-31,2628.39940
2019-08-01,2628.79040
2019-08-02,2629.17880
2019-08-04,2629.96610
2019-08-05,2630.35310
2019-08-06,2630.74290
2019-08-07,2631.13520
2019-08-08,2631.50370
2019-08-10,2632.25510
2019-08-12,2633.00660
2019-08-13,2633.37770
2019-08-15,2634.12790
2019-08-17,2634.87400
2019-08-18,2635.25060
2019-08-19,2635.61630
2019-08-20,2635.98020
2019-08-21,2636.34560
2019-08-22,2636.70910
2019-08-24,2637.44220
2019-08-25,2637.80990
2019-08-26,2638.17610
2019-08-27,2638.54500
2019-08-28,2638.91230
2019-08-29,2639.28080
2019-09-02,2640.78150
2019-09-03,2641.13370
2019-09-04,2641.49990
2019-09-05,2641.86340
2019-09-06,2642.23100
2019-09-08,2642.98080
2019-09-09,2643.34670
2019-09-10,2643.72030
2019-09-11,2644.08370
2019-09-12,2644.44680
2019-09-15,2645.55920
2019-09-16,2645.93580
2019-09-17,2646.30970
2019-09-18,2646.68440
2019-09-19,2647.05610
2019-09-20,2647.43260
2019-09-22,2648.19870
2019-09-23,2648.57240
2019-09-24,2648.94370
2019-09-25,2649.31320
2019-09-26,2649.68100
2019-09-29,2650.78080
2019-09-30,2651.15550
2019-10-01,2651.51790
2019-10-02,2651.88600
2019-10-03,2652.24090
2019-10-06,2653.26450
2019-10-08,2653.94770
2019-10-09,2654.29400
2019-10-10,2654.63810
2019-10-13,2655.66000
2019-10-14,2655.99040
2019-10-15,2656.31460
2019-10-16,2656.64390
2019-10-17,2656.98570
2019-10-21,2658.39950
2019-10-22,2658.75450
2019-10-23,2659.10650
2019-10-24,2659.45310
2019-10-25,2659.80100
2019-10-28,2660.85590
2019-10-29,2661.19980
2019-10-30,2661.54250
2019-10-31,2661.88450
2019-11-01,2662.22830
2019-11-03,2662.91920
2019-11-04,2663.26310
2019-11-05,2663.60810
2019-11-06,2663.95810
2019-11-07,2664.31170
2019-11-08,2664.66840
2019-11-10,2665.39330
2019-11-11,2665.75010
2019-11-12,2666.10820
2019-11-13,2666.45930
2019-11-14,2666.81130
2019-11-15,2667.15970
2019-11-17,2667.86820
2019-11-18,2668.21890
2019-11-19,2668.56920
2019-11-20,2668.92080
2019-11-21,2669.27230
2019-11-22,2669.62920
2019-11-24,2670.35160
2019-11-25,2670.70500
2019-11-26,2671.06120
2019-11-27,2671.41170
2019-11-28,2671.76730
2019-11-29,2672.11720
2019-12-01,2672.83140
2019-12-02,2673.17780
2019-12-03,2673.51420
2019-12-04,2673.84990
2019-12-05,2674.18940
2019-12-07,2674.88500
2019-12-08,2675.23480
2019-12-09,2675.58530
2019-12-10,2675.93420
2019-12-11,2676.25950
2019-12-12,2676.58690
2019-12-13,2676.93030
2019-12-15,2677.61730
2019-12-16,2677.96650
2019-12-17,2678.31500
2019-12-18,2678.66140
2019-12-19,2679.01050
2019-12-20,2679.35660
2019-12-22,2680.06000
2019-12-23,2680.40760
2019-12-25,2681.10230
2019-12-26,2681.41550
2019-12-27,2681.77620
2019-12-29,2682.43790
2019-12-30,2682.76820
2019-12-31,2683.11780
2020-01-01,2683.45060
2020-01-02,2683.75610
2020-01-03,2684.00160
2020-01-05,2684.49800
2020-01-06,2684.76850
2020-01-07,2685.10040
2020-01-08,2685.45190
2020-01-09,2685.80390
2020-01-10,2686.15580
2020-01-12,2686.86640
2020-01-13,2687.21590
2020-01-14,2687.56760
2020-01-15,2687.92400
2020-01-16,2688.27330
2020-01-19,2689.34800
2020-01-20,2689.69840
2020-01-21,2690.05040
2020-01-22,2690.40540
2020-01-23,2690.76210
2020-01-24,2691.11780
2020-01-26,2691.84340
2020-01-27,2692.19940
2020-01-28,2692.55510
2020-01-29,2692.90920
2020-01-30,2693.26140
2020-01-31,2693.61360
2020-02-02,2694.32920
2020-02-03,2694.67830
2020-02-04,2695.02860
2020-02-05,2695.38230
2020-02-06,2695.73730
2020-02-08,2696.45220
2020-02-09,2696.81310
2020-02-10,2697.16640
2020-02-11,2697.52040
2020-02-12,2697.87220
2020-02-13,2698.22370
2020-02-16,2699.30210
2020-02-17,2699.65620
2020-02-18,2700.00930
2020-02-19,2700.36600
2020-02-23,2701.82800
2020-02-24,2702.18830
2020-02-25,2702.54620
2020-02-26,2702.89590
2020-02-27,2703.24240
2020-03-01,2704.29700
2020-03-02,2704.63990
2020-03-03,2704.97210
2020-03-04,2705.31790
2020-03-05,2705.66620
2020-03-08,2706.73310
2020-03-10,2707.44260
2020-03-11,2707.79500
2020-03-12,2708.13440
2020-03-15,2709.18550
2020-03-16,2709.53670
2020-03-17,2709.87830
2020-03-18,2710.21070
2020-03-19,2710.53740
2020-03-22,2711.53460
2020-03-23,2711.80900
2020-03-24,2711.91910
2020-03-25,2712.03130
2020-03-26,2712.12250
2020-03-27,2712.20150
2020-03-29,2712.36470
2020-03-30,2712.41610
2020-03-31,2712.47640
2020-04-01,2712.53370
2020-04-02,2712.59100
2020-04-03,2712.75330
2020-04-06,2713.27860
2020-04-07,2713.48760
2020-04-08,2713.62940
2020-04-09,2713.85890
2020-04-12,2714.56610
2020-04-13,2714.81940
2020-04-14,2715.07480
2020-04-15,2715.36720
2020-04-16,2715.63210
2020-04-17,2715.85400
2020-04-19,2716.30550
2020-04-20,2716.52950
2020-04-21,2716.77360
2020-04-22,2717.01290
2020-04-23,2717.25490
2020-04-24,2717.47870
2020-04-26,2717.93020
2020-04-27,2718.09420
2020-04-28,2718.30520
2020-04-29,2718.55040
2020-04-30,2718.80600
2020-05-02,2719.32820
2020-05-03,2719.58920
2020-05-04,2719.83320
2020-05-05,2720.07950
2020-05-06,2720.31970
2020-05-07,2720.56020
2020-05-08,2720.80500
2020-05-10,2721.29980
2020-05-11,2721.53800
2020-05-12,2721.74540
2020-05-13,2721.90610
2020-05-14,2722.06540
2020-05-15,2722.28920
2020-05-17,2722.74160
2020-05-18,2722.97130
2020-05-19,2723.20800
2020-05-20,2723.44220
2020-05-21,2723.64720
2020-05-22,2723.83010
2020-05-25,2724.37930
2020-05-26,2724.58180
2020-05-27,2724.79610
2020-05-28,2725.01910
2020-05-29,2725.24660
2020-05-31,2725.70520
2020-06-01,2725.93040
2020-06-02,2726.15660
2020-06-03,2726.38180
2020-06-04,2726.60090
2020-06-05,2726.82760
2020-06-07,2727.28690
2020-06-08,2727.51370
2020-06-09,2727.73780
2020-06-10,2727.95870
2020-06-11,2728.17430
2020-06-12,2728.39020
2020-06-14,2728.82770
2020-06-15,2729.03750
2020-06-16,2729.24980
2020-06-17,2729.46080
2020-06-18,2729.66800
2020-06-19,2729.88290
2020-06-21,2730.31730
2020-06-22,2730.53540
2020-06-23,2730.75440
2020-06-24,2730.92430
2020-06-25,2731.07320
2020-06-26,2731.28420
2020-06-28,2731.70930
2020-06-29,2731.92350
2020-06-30,2732.14390
2020-07-01,2732.34450
2020-07-02,2732.55880
2020-07-03,2732.78200
2020-07-05,2733.23350
2020-07-06,2733.45940
2020-07-07,2733.68680
2020-07-08,2733.91420
2020-07-09,2734.14060
2020-07-10,2734.36630
2020-07-12,2734.82440
2020-07-13,2735.04670
2020-07-14,2735.27060
2020-07-15,2735.49470
2020-07-16,2735.72070
2020-07-17,2735.94870
2020-07-19,2736.41250
2020-07-20,2736.64080
2020-07-21,2736.87010
2020-07-22,2737.09950
2020-07-23,2737.32800
2020-07-25,2737.78940
2020-07-26,2738.02170
2020-07-27,2738.24860
2020-07-28,2738.47350
2020-07-29,2738.70080
2020-07-30,2738.93010
2020-07-31,2739.15880
2020-08-02,2739.62500
2020-08-03,2739.85390
2020-08-04,2740.08420
2020-08-05,2740.31340
2020-08-06,2740.53740
2020-08-09,2741.23340
2020-08-10,2741.46350
2020-08-11,2741.69410
2020-08-12,2741.92460
2020-08-13,2742.15340
2020-08-16,2742.84970
2020-08-17,2743.07970
2020-08-18,2743.31030
2020-08-19,2743.54120
2020-08-20,2743.75460
2020-08-23,2744.41920
2020-08-24,2744.64410
2020-08-25,2744.86930
2020-08-26,2745.08750
2020-08-27,2745.30540
2020-08-30,2745.97140
2020-08-31,2746.18830
2020-09-01,2746.40410
2020-09-02,2746.61850
2020-09-03,2746.83490
2020-09-06,2747.49530
2020-09-07,2747.72050
2020-09-08,2747.94830
2020-09-09,2748.17740
2020-09-10,2748.40900
2020-09-13,2749.11210
2020-09-14,2749.34380
2020-09-15,2749.57780
2020-09-16,2749.81120
2020-09-17,2750.04400
2020-09-20,2750.74830
2020-09-21,2750.98090
2020-09-22,2751.21310
2020-09-23,2751.44570
2020-09-24,2751.67860
2020-09-27,2752.38650
2020-09-28,2752.62230
2020-09-29,2752.85750
2020-09-30,2753.09060
2020-10-01,2753.32420
2020-10-02,2753.56090
2020-10-04,2754.03430
2020-10-05,2754.26550
2020-10-06,2754.49770
2020-10-07,2754.73070
2020-10-08,2754.96380
2020-10-11,2755.66920
2020-10-12,2755.89800
2020-10-13,2756.12880
2020-10-14,2756.35990
2020-10-15,2756.58750
2020-10-16,2756.80970
2020-10-18,2757.25820
2020-10-19,2757.47880
2020-10-20,2757.69870
2020-10-21,2757.91850
2020-10-22,2758.14020
2020-10-25,2758.81540
2020-10-26,2759.03630
2020-10-27,2759.25480
2020-10-28,2759.47490
2020-10-29,2759.69570
2020-10-30,2759.92140
2020-11-01,2760.37310
2020-11-02,2760.59280
2020-11-03,2760.81250
2020-11-04,2761.02750
2020-11-05,2761.24080
2020-11-08,2761.89160
2020-11-09,2762.10780
2020-11-10,2762.32500
2020-11-11,2762.53210
2020-11-12,2762.71930
2020-11-16,2763.46790
2020-11-17,2763.66590
2020-11-18,2763.85630
2020-11-19,2764.04170
2020-11-20,2764.24110
2020-11-22,2764.64320
2020-11-23,2764.85010
2020-11-24,2765.05510
2020-11-25,2765.24520
2020-11-26,2765.43730
2020-11-30,2766.26270
2020-12-01,2766.47310
2020-12-02,2766.68630
2020-12-03,2766.90050
2020-12-04,2767.11650
2020-12-06,2767.55150
2020-12-07,2767.77150
2020-12-08,2767.99610
2020-12-09,2768.22640
2020-12-10,2768.45470
2020-12-13,2769.11780
2020-12-14,2769.33750
2020-12-15,2769.56050
2020-12-16,2769.78930
2020-12-17,2770.02100
2020-12-18,2770.25380
2020-12-20,2770.72360
2020-12-21,2770.95670
2020-12-22,2771.18920
2020-12-23,2771.42190
2020-12-27,2772.34310
2020-12-28,2772.57070
2020-12-29,2772.78670
2020-12-30,2773.00100
2020-12-31,2773.19220
2021-01-01,2773.37750
2021-01-03,2773.77450
2021-01-04,2773.98300
2021-01-05,2774.19670
2021-01-06,2774.42100
2021-01-07,2774.65350
2021-01-10,2775.35840
2021-01-11,2775.59240
2021-01-12,2775.81970
2021-01-13,2776.03680
2021-01-14,2776.25320
2021-01-15,2776.48460
2021-01-17,2776.95470
2021-01-18,2777.18810
2021-01-19,2777.42070
2021-01-20,2777.65520
2021-01-21,2777.88810
2021-01-24,2778.59650
2021-01-26,2779.06830
2021-01-27,2779.30150
2021-01-28,2779.53490
2021-01-29,2779.76900
2021-01-31,2780.24370
2021-02-01,2780.47550
2021-02-02,2780.70640
2021-02-03,2780.93610
2021-02-04,2781.16610
2021-02-05,2781.39750
2021-02-07,2781.86950
2021-02-08,2782.10240
2021-02-09,2782.33590
2021-02-10,2782.56890
2021-02-11,2782.80120
2021-02-14,2783.48360
2021-02-15,2783.70060
2021-02-16,2783.88840
2021-02-17,2784.04710
2021-02-18,2784.23100
2021-02-19,2784.41770
2021-02-21,2784.79180
2021-02-22,2785.00190
2021-02-23,2785.21330
2021-02-24,2785.42180
2021-02-25,2785.64540
2021-02-28,2786.34810
2021-03-01,2786.58030
2021-03-02,2786.81310
2021-03-03,2787.03810
2021-03-04,2787.26050
2021-03-05,2787.49740
2021-03-07,2787.97270
2021-03-08,2788.20930
2021-03-09,2788.44620
2021-03-11,2788.91970
2021-03-14,2789.63380
2021-03-15,2789.87260
2021-03-16,2790.11010
2021-03-17,2790.34910
2021-03-18,2790.58530
2021-03-19,2790.82350
2021-03-21,2791.30370
2021-03-22,2791.54170
2021-03-23,2791.77890
2021-03-24,2792.01620
2021-03-25,2792.25370
2021-03-26,2792.49130
2021-03-29,2793.20740
2021-03-30,2793.44700
2021-03-31,2793.69090
2021-04-02,2794.16990
2021-04-04,2794.61540
2021-04-05,2794.83820
2021-04-06,2795.05140
2021-04-07,2795.27850
2021-04-08,2795.48020
2021-04-11,2796.15070
2021-04-12,2796.38830
2021-04-14,2796.85880
2021-04-15,2797.09440
2021-04-16,2797.33180
2021-04-18,2797.80790
2021-04-19,2798.04150
2021-04-21,2798.51780
2021-04-22,2798.75180
2021-04-25,2799.45840
2021-04-26,2799.69620
2021-04-27,2799.93140
2021-04-28,2800.16890
2021-04-29,2800.40750
2021-04-30,2800.64770
2021-05-02,2801.12850
2021-05-03,2801.36200
2021-05-04,2801.59560
2021-05-05,2801.82900
2021-05-06,2802.06560
2021-05-07,2802.30920
2021-05-09,2802.79770
2021-05-10,2803.03720
2021-05-11,2803.27650
2021-05-13,2803.75680
2021-05-14,2803.99870
2021-05-16,2804.48360
2021-05-17,2804.72570
2021-05-18,2804.96720
2021-05-19,2805.20620
2021-05-20,2805.44830
2021-05-23,2806.18880
2021-05-24,2806.43420
2021-05-25,2806.67750
2021-05-26,2806.92120
2021-05-27,2807.16140
2021-05-28,2807.40260
2021-05-30,2807.88510
2021-05-31,2808.12430
2021-06-01,2808.36270
2021-06-02,2808.60200
2021-06-03,2808.84160
2021-06-04,2809.08200
2021-06-06,2809.56270
2021-06-07,2809.80240
2021-06-08,2810.03450
2021-06-09,2810.27100
2021-06-10,2810.50950
2021-06-13,2811.23280
2021-06-14,2811.47230
2021-06-15,2811.71040
2021-06-16,2811.95090
2021-06-17,2812.19130
2021-06-18,2812.43420
2021-06-20,2812.92160
2021-06-21,2813.16400
2021-06-22,2813.40470
2021-06-23,2813.64390
2021-06-24,2813.88380
2021-06-27,2814.60150
2021-06-28,2814.84030
2021-06-29,2815.07700
2021-06-30,2815.31440
2021-07-01,2815.55570
2021-07-02,2815.79270
2021-07-04,2816.27050
2021-07-05,2816.50830
2021-07-06,2816.74650
2021-07-07,2816.98470
2021-07-08,2817.19780
2021-07-11,2817.90430
2021-07-12,2818.14080
2021-07-13,2818.37880
2021-07-14,2818.61720
2021-07-15,2818.85570
2021-07-16,2819.09540
2021-07-17,2819.33520
2021-07-18,2819.57510
2021-07-19,2819.81210
2021-07-21,2820.29330
2021-07-22,2820.53290
2021-07-24,2821.01560
2021-07-25,2821.25700
2021-07-26,2821.49510
2021-07-27,2821.73280
2021-07-28,2821.96930
2021-07-29,2822.20470
2021-07-30,2822.44080
2021-08-01,2822.91410
2021-08-02,2823.15020
2021-08-03,2823.38470
2021-08-04,2823.61570
2021-08-05,2823.83670
2021-08-06,2824.06020
2021-08-08,2824.50840
2021-08-09,2824.73020
2021-08-10,2824.95600
2021-08-11,2825.17990
2021-08-12,2825.40440
2021-08-15,2826.10290
2021-08-16,2826.33570
2021-08-17,2826.56600
2021-08-19,2827.02730
2021-08-20,2827.25730
2021-08-22,2827.71770
2021-08-23,2827.94800
2021-08-24,2828.18600
2021-08-25,2828.41650
2021-08-26,2828.64750
2021-08-29,2829.34440
2021-08-30,2829.57380
2021-08-31,2829.80200
2021-09-01,2830.02640
2021-09-02,2830.25060
2021-09-03,2830.47370
2021-09-05,2830.92010
2021-09-06,2831.14040
2021-09-07,2831.36490
2021-09-08,2831.59120
2021-09-10,2832.06390
2021-09-12,2832.53680
2021-09-13,2832.76670
2021-09-14,2833.00080
2021-09-15,2833.24130
2021-09-16,2833.48250
2021-09-17,2833.72520
2021-09-19,2834.21120
2021-09-20,2834.45310
2021-09-21,2834.69570
2021-09-22,2834.93890
2021-09-23,2835.18230
2021-09-24,2835.42390
2021-09-26,2835.90740
2021-09-27,2836.14820
2021-09-28,2836.39030
2021-09-29,2836.63530
2021-09-30,2836.88230
2021-10-01,2837.19630
2021-10-03,2837.68680
2021-10-04,2837.92050
2021-10-05,2838.15350
2021-10-06,2838.38290
2021-10-07,2838.61420
2021-10-10,2839.31060
2021-10-11,2839.53920
2021-10-12,2839.76440
2021-10-13,2839.99080
2021-10-15,2840.47870
2021-10-17,2840.96720
2021-10-18,2841.21220
2021-10-19,2841.45770
2021-10-20,2841.70520
2021-10-21,2841.95270
2021-10-22,2842.20360
2021-10-23,2842.45470
2021-10-24,2842.70570
2021-10-25,2842.96280
2021-10-26,2843.21490
2021-10-27,2843.46060
2021-10-28,2843.70340
2021-10-30,2844.19570
2021-10-31,2844.44190
2021-11-01,2844.68770
2021-11-02,2844.93910
2021-11-04,2845.46680
2021-11-07,2846.25850
2021-11-08,2846.50150
2021-11-09,2846.74900
2021-11-10,2846.99270
2021-11-11,2847.22870
2021-11-14,2847.96410
2021-11-15,2848.20830
2021-11-16,2848.45200
2021-11-17,2848.69520
2021-11-19,2849.24160
2021-11-21,2849.78820
2021-11-22,2850.05750
2021-11-23,2850.31930
2021-11-24,2850.56770
2021-11-25,2850.81080
2021-11-26,2851.05510
2021-11-28,2851.54490
2021-11-29,2851.79160
2021-11-30,2852.04340
2021-12-01,2852.28690
2021-12-02,2852.52910
2021-12-03,2852.78550
2021-12-05,2853.29950
2021-12-06,2853.54180
2021-12-07,2853.78970
2021-12-08,2854.03440
2021-12-09,2854.28020
2021-12-10,2854.52510
2021-12-12,2855.01620
2021-12-13,2855.26530
2021-12-14,2855.51260
2021-12-15,2855.76540
2021-12-16,2856.06270
2021-12-17,2856.32180
2021-12-19,2856.84250
2021-12-20,2857.11850
2021-12-21,2857.38770
2021-12-22,2857.64320
2021-12-23,2857.91050
2021-12-24,2858.16980
2021-12-26,2858.68940
2021-12-27,2858.95360
2021-12-28,2859.21630
2021-12-29,2859.46680
2021-12-30,2859.72070
2021-12-31,2859.97720
2022-01-02,2860.49200
2022-01-03,2860.81880
2022-01-04,2861.05210
2022-01-05,2861.28790
2022-01-06,2861.52950
2022-01-07,2861.77930
2022-01-09,2862.28070
2022-01-10,2862.53540
2022-01-11,2862.79740
2022-01-12,2863.04970
2022-01-13,2863.29490
2022-01-14,2863.55450
2022-01-16,2864.07450
2022-01-17,2864.34000
2022-01-18,2864.62260
2022-01-19,2864.92690
2022-01-20,2865.24830
2022-01-21,2865.56650
2022-01-23,2866.20400
2022-01-24,2866.52160
2022-01-26,2867.10920
2022-01-27,2867.42070
2022-01-28,2867.68110
2022-01-30,2868.20280
2022-01-31,2868.43950
2022-02-01,2868.69260
2022-02-02,2868.95350
2022-02-03,2869.20150
2022-02-05,2869.70310
2022-02-06,2869.95430
2022-02-07,2870.20700
2022-02-08,2870.46360
2022-02-09,2870.72410
2022-02-10,2870.98580
2022-02-11,2871.23250
2022-02-13,2871.72700
2022-02-14,2871.97880
2022-02-15,2872.22920
2022-02-16,2872.47380
2022-02-17,2872.71620
2022-02-18,2872.97030
2022-02-20,2873.48020
2022-02-21,2873.74690
2022-02-22,2874.00900
2022-02-23,2874.26080
2022-02-24,2874.51130
2022-02-25,2874.75470
2022-02-27,2875.24310
2022-02-28,2875.49060
2022-03-01,2875.74150
2022-03-02,2875.98620
2022-03-03,2876.23000
2022-03-04,2876.48510
2022-03-06,2876.99680
2022-03-07,2877.25440
2022-03-08,2877.51900
2022-03-09,2877.78490
2022-03-10,2878.07720
2022-03-11,2878.32140
2022-03-13,2878.81140
2022-03-14,2879.05320
2022-03-15,2879.30190
2022-03-16,2879.54720
2022-03-18,2880.09490
2022-03-20,2880.64310
2022-03-21,2880.89630
2022-03-22,2881.17440
2022-03-23,2881.44180
2022-03-24,2881.70260
2022-03-25,2881.95020
2022-03-27,2882.44770
2022-03-28,2882.69290
2022-03-29,2882.94740
2022-03-30,2883.20160
2022-03-31,2883.46900
2022-04-01,2883.73790
2022-04-02,2884.00670
2022-04-03,2884.27560
2022-04-04,2884.62770
2022-04-05,2884.88360
2022-04-06,2885.13500
2022-04-07,2885.38820
2022-04-08,2885.64090
2022-04-10,2886.14820
2022-04-11,2886.41520
2022-04-12,2886.68360
2022-04-13,2886.96330
2022-04-14,2887.24370
2022-04-15,2887.52420
2022-04-16,2887.80460
2022-04-17,2888.08500
2022-04-18,2888.35360
2022-04-19,2888.61900
2022-04-20,2888.89230
2022-04-21,2889.17310
2022-04-23,2889.74700
2022-04-24,2890.03420
2022-04-25,2890.31830
2022-04-26,2890.60620
2022-04-27,2890.89370
2022-04-28,2891.18630
2022-04-30,2891.78770
2022-05-01,2892.08890
2022-05-02,2892.37530
2022-05-03,2892.66260
2022-05-04,2892.94710
2022-05-05,2893.26200
2022-05-07,2893.88610
2022-05-08,2894.19890
2022-05-09,2894.50930
2022-05-10,2894.81710
2022-05-11,2895.12460
2022-05-12,2895.43350
2022-05-14,2896.05590
2022-05-15,2896.36770
2022-05-16,2896.67950
2022-05-17,2896.98750
2022-05-18,2897.29350
2022-05-19,2897.60250
2022-05-20,2897.92470
2022-05-21,2898.24780
2022-05-22,2898.57090
2022-05-23,2898.88750
2022-05-24,2899.20170
2022-05-25,2899.51640
2022-05-26,2899.83440
2022-05-27,2900.15640
2022-05-29,2900.80170
2022-05-30,2901.12180
2022-05-31,2901.43910
2022-06-01,2901.75270
2022-06-02,2902.06370
2022-06-03,2902.37380
2022-06-05,2902.99730
2022-06-06,2903.30730
2022-06-07,2903.61750
2022-06-08,2903.96630
2022-06-09,2904.31450
2022-06-10,2904.66340
2022-06-12,2905.36350
2022-06-13,2905.71140
2022-06-14,2906.05960
2022-06-15,2906.40830
2022-06-16,2906.75840
2022-06-17,2907.11830
2022-06-19,2907.84080
2022-06-20,2908.20320
2022-06-21,2908.56380
2022-06-22,2908.92660
2022-06-23,2909.29110
2022-06-25,2910.02860
2022-06-26,2910.39750
2022-06-27,2910.76690
2022-06-28,2911.13280
2022-06-29,2911.49150
2022-06-30,2911.85190
2022-07-01,2912.36740
2022-07-03,2913.10120
2022-07-04,2913.45980
2022-07-05,2913.81660
2022-07-06,2914.17140
2022-07-07,2914.53340
2022-07-10,2915.64400
2022-07-11,2916.01360
2022-07-12,2916.38260
2022-07-13,2916.74360
2022-07-14,2917.10280
2022-07-15,2917.48070
2022-07-17,2918.23820
2022-07-18,2918.60920
2022-07-19,2918.98030
2022-07-20,2919.35470
2022-07-21,2919.74960
2022-07-23,2920.55180
2022-07-24,2920.95310
2022-07-25,2921.35470
2022-07-26,2921.75270
2022-07-27,2922.15340
2022-07-28,2922.55310
2022-07-30,2923.33260
2022-07-31,2923.72830
2022-08-01,2924.08570
2022-08-02,2924.44250
2022-08-03,2924.79740
2022-08-04,2925.14920
2022-08-07,2926.33840
2022-08-09,2927.13860
2022-08-10,2927.53990
2022-08-11,2927.93960
2022-08-13,2928.76640
2022-08-15,2929.59640
2022-08-16,2930.01140
2022-08-17,2930.41370
2022-08-18,2930.81780
2022-08-19,2931.22480
2022-08-21,2932.03730
2022-08-22,2932.44310
2022-08-23,2932.84960
2022-08-24,2933.25420
2022-08-25,2933.65780
2022-08-26,2934.07140
2022-08-28,2934.89990
2022-08-29,2935.30900
2022-08-31,2936.15330
2022-09-01,2936.58610
2022-09-03,2937.39230
2022-09-04,2937.79520
2022-09-05,2938.19330
2022-09-06,2938.59440
2022-09-07,2938.99610
2022-09-08,2939.39840
2022-09-10,2940.21830
2022-09-11,2940.62830
2022-09-12,2941.03690
2022-09-13,2941.44100
2022-09-14,2941.84440
2022-09-15,2942.25610
2022-09-17,2943.12620
2022-09-18,2943.56210
2022-09-19,2944.00460
2022-09-20,2944.44840
2022-09-21,2944.89250
2022-09-22,2945.33280
2022-09-23,2945.76380
2022-09-25,2946.62620
2022-09-26,2947.06670
2022-09-27,2947.51100
2022-09-28,2947.95650
2022-09-29,2948.40240
2022-09-30,2948.85730
2022-10-02,2949.76530
2022-10-03,2950.28750
2022-10-05,2951.17790
2022-10-06,2951.62320
2022-10-08,2952.56450
2022-10-09,2953.03690
2022-10-10,2953.52090
2022-10-11,2954.00660
2022-10-12,2954.49290
2022-10-13,2954.97930
2022-10-14,2955.46830
2022-10-16,2956.44640
2022-10-17,2956.93180
2022-10-18,2957.41300
2022-10-19,2957.88990
2022-10-20,2958.37750
2022-10-22,2959.35320
2022-10-24,2960.32900
2022-10-26,2961.30860
2022-10-27,2961.79760
2022-10-29,2962.77670
2022-10-30,2963.26610
2022-10-31,2963.75310
2022-11-01,2964.21610
2022-11-02,2964.66520
2022-11-03,2965.10940
2022-11-05,2966.02310
2022-11-06,2966.48100
2022-11-08,2967.39810
2022-11-09,2967.87130
2022-11-10,2968.32550
2022-11-12,2969.23010
2022-11-13,2969.68210
2022-11-14,2970.13400
2022-11-15,2970.58550
2022-11-16,2971.03440
2022-11-17,2971.48300
2022-11-18,2971.94680
2022-11-20,2972.87280
2022-11-21,2973.35840
2022-11-22,2973.84830
2022-11-23,2974.33820
2022-11-24,2974.82780
2022-11-25,2975.31660
2022-11-27,2976.29430
2022-11-28,2976.76620
2022-11-29,2977.22090
2022-11-30,2977.66930
2022-12-01,2978.11670
2022-12-03,2979.01190
2022-12-04,2979.45980
2022-12-05,2979.90510
2022-12-06,2980.35490
2022-12-07,2980.83470
2022-12-08,2981.31130
2022-12-10,2982.26640
2022-12-11,2982.74430
2022-12-12,2983.22030
2022-12-13,2983.69640
2022-12-14,2984.17220
2022-12-15,2984.66760
2022-12-17,2985.70150
2022-12-18,2986.21850
2022-12-19,2986.73550
2022-12-20,2987.23370
2022-12-21,2987.75090
2022-12-22,2988.26910
2022-12-24,2989.29720
2022-12-25,2989.81120
2022-12-26,2990.31840
2022-12-27,2990.81930
2022-12-28,2991.32360
2022-12-29,2991.84200
2022-12-30,2992.36460
2023-01-01,2993.40770
2023-01-02,2993.92340
2023-01-03,2994.40180
2023-01-04,2994.90620
2023-01-05,2995.38500
2023-01-07,2996.34610
2023-01-08,2996.82670
2023-01-09,2997.30690
2023-01-10,2997.78650
2023-01-11,2998.26620
2023-01-12,2998.74370
2023-01-14,2999.72810
2023-01-15,3000.22110
2023-01-16,3000.70500
2023-01-17,3001.20270
2023-01-18,3001.68500
2023-01-19,3002.16820
2023-01-21,3003.17220
2023-01-22,3003.67430
2023-01-23,3004.19380
2023-01-24,3004.71740
2023-01-26,3005.75750
2023-01-28,3006.80170
2023-01-29,3007.32330
2023-01-30,3007.84570
2023-01-31,3008.36690
2023-02-01,3008.86400
2023-02-02,3009.36380
2023-02-03,3009.84830
2023-02-05,3010.81560
2023-02-06,3011.29920
2023-02-07,3011.78150
2023-02-08,3012.30290
2023-02-09,3012.84570
2023-02-11,3013.90510
2023-02-12,3014.43470
2023-02-13,3014.94570
2023-02-14,3015.45200
2023-02-15,3015.95870
2023-02-16,3016.46220
2023-02-18,3017.49170
2023-02-19,3018.00560
2023-02-20,3018.53680
2023-02-21,3019.06840
2023-02-22,3019.59720
2023-02-23,3020.10660
2023-02-25,3021.18790
2023-02-26,3021.72820
2023-02-27,3022.26130
2023-02-28,3022.80700
2023-03-01,3023.31670
2023-03-02,3023.82070
2023-03-04,3024.83470
2023-03-05,3025.34130
2023-03-07,3026.35940
2023-03-08,3026.87380
2023-03-09,3027.38300
2023-03-10,3027.89050
2023-03-12,3028.90470
2023-03-13,3029.40700
2023-03-14,3029.90820
2023-03-15,3030.41770
2023-03-16,3030.95480
2023-03-17,3031.50070
2023-03-19,3032.59220
2023-03-20,3033.13200
2023-03-21,3033.67440
2023-03-22,3034.21470
2023-03-23,3034.73990
2023-03-24,3035.25770
2023-03-26,3036.34270
2023-03-27,3036.88590
2023-03-28,3037.41610
2023-03-29,3037.97010
2023-03-30,3038.53160
2023-03-31,3039.12070
2023-04-02,3040.24270
2023-04-03,3040.79620
2023-04-04,3041.30260
2023-04-05,3041.80820
2023-04-06,3042.33740
2023-04-08,3043.37840
2023-04-09,3043.89880
2023-04-10,3044.41350
2023-04-11,3044.92170
2023-04-12,3045.43580
2023-04-13,3045.95610
2023-04-15,3046.99580
2023-04-16,3047.51570
2023-04-17,3048.04530
2023-04-18,3048.58150
2023-04-19,3049.10870
2023-04-20,3049.64760
2023-04-21,3050.19480
2023-04-23,3051.29690
2023-04-24,3051.84790
2023-04-25,3052.39800
2023-04-26,3052.95400
2023-04-27,3053.50820
2023-04-29,3054.61530
2023-05-01,3055.74280
2023-05-02,3056.28770
2023-05-03,3056.84180
2023-05-04,3057.39410
2023-05-05,3057.95110
2023-05-07,3059.06460
2023-05-08,3059.62410
2023-05-09,3060.17810
2023-05-10,3060.73630
2023-05-11,3061.29290
2023-05-12,3061.84850
2023-05-14,3062.96990
2023-05-15,3063.52470
2023-05-16,3064.08460
2023-05-17,3064.61850
2023-05-18,3065.14290
2023-05-19,3065.66730
2023-05-21,3066.71410
2023-05-22,3067.23420
2023-05-23,3067.75640
2023-05-24,3068.27420
2023-05-25,3068.79280
2023-05-26,3069.30760
2023-05-28,3070.34590
2023-05-29,3070.86110
2023-05-30,3071.37490
2023-05-31,3071.89000
2023-06-01,3072.40110
2023-06-03,3073.43600
2023-06-04,3073.95430
2023-06-05,3074.47330
2023-06-06,3074.99080
2023-06-07,3075.52350
2023-06-08,3076.07000
2023-06-10,3077.14530
2023-06-11,3077.68470
2023-06-12,3078.21010
2023-06-13,3078.73490
2023-06-14,3079.26380
2023-06-15,3079.80680
2023-06-16,3080.34870
2023-06-18,3081.44030
2023-06-19,3081.98840
2023-06-20,3082.52090
2023-06-21,3083.05070
2023-06-22,3083.57130
2023-06-24,3084.66820
2023-06-25,3085.21770
2023-06-26,3085.77370
2023-06-27,3086.33530
2023-06-28,3086.89690
2023-06-29,3087.45850
2023-06-30,3088.01990
2023-07-02,3089.13840
2023-07-03,3089.69850
2023-07-04,3090.22160
2023-07-05,3090.75090
2023-07-06,3091.28390
2023-07-08,3092.35120
2023-07-09,3092.88690
2023-07-10,3093.42520
2023-07-11,3093.96380
2023-07-12,3094.48730
2023-07-13,3095.00640
2023-07-15,3096.05900
2023-07-16,3096.58660
2023-07-17,3097.11290
2023-07-18,3097.63740
2023-07-19,3098.16390
2023-07-20,3098.69890
2023-07-21,3099.24130
2023-07-23,3100.32970
2023-07-24,3100.87490
2023-07-25,3101.41850
2023-07-26,3101.95000
2023-07-27,3102.47450
2023-07-29,3103.56960
2023-07-30,3104.12020
2023-07-31,3104.65270
2023-08-01,3105.18000
2023-08-02,3105.70290
2023-08-03,3106.22830
2023-08-05,3107.27280
2023-08-06,3107.79640
2023-08-07,3108.31290
2023-08-08,3108.83960
2023-08-09,3109.36800
2023-08-10,3109.89540
2023-08-11,3110.42320
2023-08-13,3111.48980
2023-08-14,3112.04530
2023-08-15,3112.60590
2023-08-16,3113.16660
2023-08-17,3113.72680
2023-08-19,3114.83490
2023-08-20,3115.39730
2023-08-21,3115.96150
2023-08-22,3116.52630
2023-08-23,3117.09150
2023-08-24,3117.65740
2023-08-27,3119.35630
2023-08-28,3119.92530
2023-08-29,3120.49060
2023-08-30,3121.05420
2023-08-31,3121.61480
2023-09-02,3122.71570
2023-09-03,3123.26590
2023-09-04,3123.79690
2023-09-05,3124.32210
2023-09-06,3124.84820
2023-09-07,3125.38370
2023-09-09,3126.50990
2023-09-10,3127.07530
2023-09-11,3127.64170
2023-09-12,3128.20820
2023-09-13,3128.77530
2023-09-14,3129.34110
2023-09-16,3130.47890
2023-09-17,3131.04870
2023-09-19,3132.18930
2023-09-20,3132.75590
2023-09-21,3133.32370
2023-09-23,3134.46710
2023-09-24,3135.03720
2023-09-25,3135.60270
2023-09-26,3136.17030
2023-09-27,3136.73790
2023-09-28,3137.30830
2023-09-29,3137.90540
2023-09-30,3138.48070
2023-10-02,3139.63120
2023-10-03,3140.21800
2023-10-04,3140.79010
2023-10-05,3141.36000
2023-10-06,3141.93160
2023-10-08,3143.07890
2023-10-09,3143.65100
2023-10-10,3144.22150
2023-10-11,3144.79480
2023-10-12,3145.36680
2023-10-13,3145.93840
2023-10-15,3147.08530
2023-10-16,3147.65790
2023-10-17,3148.23010
2023-10-18,3148.80140
2023-10-19,3149.37450
2023-10-20,3149.94190
2023-10-22,3151.10140
2023-10-24,3152.25000
2023-10-25,3152.82550
2023-10-26,3153.40070
2023-10-27,3153.96040
2023-10-29,3155.13000
2023-10-30,3155.70410
2023-10-31,3156.28040
2023-11-01,3156.85410
2023-11-02,3157.42810
2023-11-04,3158.57390
2023-11-05,3159.14840
2023-11-06,3159.72410
2023-11-07,3160.29930
2023-11-08,3160.87440
2023-11-09,3161.45110
2023-11-10,3162.03310
2023-11-12,3163.19910
2023-11-14,3164.34930
2023-11-15,3164.92710
2023-11-16,3165.50520
2023-11-17,3166.08150
2023-11-19,3167.24430
2023-11-20,3167.82280
2023-11-21,3168.40220
2023-11-22,3168.98300
2023-11-23,3169.56420
2023-11-25,3170.72590
2023-11-27,3171.89080
2023-11-28,3172.47050
2023-11-29,3173.05040
2023-11-30,3173.62920
2023-12-02,3174.78560
2023-12-03,3175.36450
2023-12-04,3175.94070
2023-12-05,3176.51860
2023-12-06,3177.10000
2023-12-07,3177.67610
2023-12-09,3178.83290
2023-12-10,3179.41160
2023-12-11,3179.98960
2023-12-12,3180.56740
2023-12-13,3181.15010
2023-12-14,3181.72550
2023-12-15,3182.29950
2023-12-17,3183.44770
2023-12-18,3184.03420
2023-12-19,3184.61560
2023-12-20,3185.19510
2023-12-21,3185.78100
2023-12-22,3186.34440
2023-12-25,3188.10840
2023-12-26,3188.69180
2023-12-27,3189.27470
2023-12-28,3189.86920
2023-12-29,3190.45570
2023-12-30,3191.04110
2023-12-31,3191.62650
2024-01-01,3192.22520
2024-01-02,3192.80730
2024-01-03,3193.38500
2024-01-04,3193.96130
2024-01-06,3195.11590
2024-01-07,3195.69430
2024-01-08,3196.27670
2024-01-09,3196.86040
2024-01-10,3197.44260
2024-01-11,3198.02560
2024-01-12,3198.60320
2024-01-14,3199.76310
2024-01-15,3200.34530
2024-01-16,3200.92810
2024-01-17,3201.51070
2024-01-18,3202.09490
2024-01-19,3202.67740
2024-01-20,3203.26180
2024-01-21,3203.84650
2024-01-22,3204.43140
2024-01-23,3205.01240
2024-01-24,3205.59560
2024-01-25,3206.17950
2024-01-28,3207.93930
2024-01-29,3208.52700
2024-01-30,3209.10900
2024-01-31,3209.69110
2024-02-01,3210.26930
2024-02-02,3210.83040
2024-02-04,3211.94590
2024-02-05,3212.49250
2024-02-06,3213.04080
2024-02-07,3213.60080
2024-02-08,3214.17590
2024-02-09,3214.75930
2024-02-11,3215.92920
2024-02-12,3216.51180
2024-02-13,3217.09400
2024-02-14,3217.67470
2024-02-15,3218.25050
2024-02-16,3218.82740
2024-02-18,3219.98110
2024-02-19,3220.55790
2024-02-20,3221.12590
2024-02-21,3221.68120
2024-02-22,3222.22990
2024-02-23,3222.81120
2024-02-25,3223.97880
2024-02-26,3224.55930
2024-02-27,3225.12190
2024-02-28,3225.67710
2024-02-29,3226.26410
2024-03-01,3226.81980
2024-03-03,3227.97410
2024-03-04,3228.52380
2024-03-05,3229.07870
2024-03-06,3229.63260
2024-03-07,3230.19070
2024-03-10,3231.90850
2024-03-11,3232.48760
2024-03-12,3233.05870
2024-03-13,3233.61210
2024-03-14,3234.16330
2024-03-15,3234.74730
2024-03-17,3235.91990
2024-03-18,3236.48680
2024-03-19,3237.04090
2024-03-20,3237.60190
2024-03-21,3238.19060
2024-03-23,3239.35930
2024-03-25,3240.55340
2024-03-26,3241.13310
2024-03-27,3241.70720
2024-03-28,3242.39930
2024-03-30,3243.63770
2024-03-31,3244.25700
2024-04-01,3244.87640
2024-04-02,3245.47090
2024-04-03,3246.03050
2024-04-04,3246.59970
2024-04-05,3247.16990
2024-04-07,3248.30730
2024-04-08,3248.87400
2024-04-09,3249.44520
2024-04-10,3250.02700
2024-04-11,3250.60920
2024-04-12,3251.23410
2024-04-14,3252.39010
2024-04-15,3252.95830
2024-04-16,3253.51580
2024-04-17,3254.07560
2024-04-18,3254.63400
2024-04-19,3255.19970
2024-04-21,3256.33570
2024-04-22,3256.91540
2024-04-23,3257.49730
2024-04-24,3258.08060
2024-04-25,3258.66760
2024-04-26,3259.23920
2024-04-27,3259.83690
2024-04-28,3260.43450
2024-04-29,3261.03190
2024-04-30,3261.61730
2024-05-01,3262.20390
2024-05-02,3262.78090
2024-05-03,3263.32940
2024-05-05,3264.46360
2024-05-06,3265.02130
2024-05-07,3265.59940
2024-05-08,3266.17950
2024-05-09,3266.76770
2024-05-10,3267.36000
2024-05-12,3268.54570
2024-05-13,3269.13500
2024-05-14,3269.72400
2024-05-15,3270.29010
2024-05-16,3270.84780
2024-05-17,3271.42430
2024-05-18,3272.02220
2024-05-20,3273.21790
2024-05-21,3273.81280
2024-05-22,3274.42770
2024-05-23,3275.02400
2024-05-25,3276.20550
2024-05-26,3276.79750
2024-05-27,3277.37680
2024-05-28,3277.94620
2024-05-29,3278.51310
2024-05-30,3279.07960
2024-05-31,3279.66890
2024-06-01,3280.26130
2024-06-02,3280.85360
2024-06-03,3281.41860
2024-06-04,3281.97710
2024-06-05,3282.54840
2024-06-06,3283.12380
2024-06-07,3283.69410
2024-06-08,3284.26530
2024-06-09,3284.83650
2024-06-10,3285.41030
2024-06-11,3285.98400
2024-06-12,3286.55930
2024-06-13,3287.12880
2024-06-14,3287.71980
2024-06-17,3289.50750
2024-06-18,3290.10220
2024-06-19,3290.68160
2024-06-20,3291.26280
2024-06-21,3291.85540
2024-06-23,3293.04290
2024-06-24,3293.63060
2024-06-25,3294.20730
2024-06-26,3294.78310
2024-06-27,3295.37920
2024-06-28,3295.99530
2024-06-30,3297.19590
2024-07-01,3297.79350
2024-07-02,3298.35970
2024-07-03,3298.92700
2024-07-04,3299.49250
2024-07-05,3300.06310
2024-07-07,3301.21400
2024-07-08,3301.78960
2024-07-09,3302.36240
2024-07-10,3302.93660
2024-07-11,3303.51200
2024-07-12,3304.08200
2024-07-14,3305.22310
2024-07-15,3305.79030
2024-07-17,3306.93180
2024-07-18,3307.50260
2024-07-19,3308.07990
2024-07-21,3309.23870
2024-07-22,3309.82360
2024-07-23,3310.42030
2024-07-24,3311.01350
2024-07-25,3311.59710
2024-07-26,3312.16270
2024-07-28,3313.29660
2024-07-29,3313.86450
2024-07-30,3314.43350
2024-07-31,3315.00980
2024-08-01,3315.58170
2024-08-02,3316.15180
2024-08-04,3317.29030
2024-08-05,3317.84650
2024-08-06,3318.40630
2024-08-07,3318.97270
2024-08-08,3319.56640
2024-08-10,3320.72980
2024-08-11,3321.31210
2024-08-12,3321.87650
2024-08-13,3322.44820
2024-08-15,3323.59040
2024-08-16,3324.16320
2024-08-18,3325.31380
2024-08-19,3325.88410
2024-08-20,3326.46120
2024-08-21,3327.03760
2024-08-22,3327.61510
2024-08-23,3328.18550
2024-08-24,3328.75930
2024-08-25,3329.33320
2024-08-26,3329.90050
2024-08-27,3330.47280
2024-08-28,3331.05000
2024-08-29,3331.63940
2024-08-30,3332.23750
2024-09-01,3333.43540
2024-09-02,3333.99700
2024-09-03,3334.56210
2024-09-04,3335.12410
2024-09-05,3335.68660
2024-09-06,3336.25730
2024-09-08,3337.40090
2024-09-09,3337.96750
2024-09-10,3338.54210
2024-09-11,3339.12210
2024-09-12,3339.69250
2024-09-13,3340.27610
2024-09-14,3340.86460
2024-09-15,3341.45320
2024-09-16,3342.04010
2024-09-17,3342.64390
2024-09-18,3343.24840
2024-09-19,3343.84230
2024-09-20,3344.44170
2024-09-22,3345.64560
2024-09-23,3346.25000
2024-09-24,3346.85450
2024-09-25,3347.45210
2024-09-26,3348.03610
2024-09-27,3348.61940
2024-09-29,3349.79110
2024-09-30,3350.39630
2024-10-01,3351.00650
2024-10-02,3351.58100
2024-10-03,3352.14840
2024-10-04,3352.71120
2024-10-05,3353.27850
2024-10-06,3353.84590
2024-10-07,3354.40800
2024-10-08,3354.97180
2024-10-09,3355.53970
2024-10-10,3356.10890
2024-10-11,3356.67810
2024-10-12,3357.25010
2024-10-13,3357.82220
2024-10-14,3358.38810
2024-10-15,3358.95530
2024-10-16,3359.52340
2024-10-17,3360.09210
2024-10-18,3360.65850
2024-10-19,3361.22870
2024-10-20,3361.79890
2024-10-21,3362.38500
2024-10-22,3362.98350
2024-10-23,3363.59090
2024-10-24,3364.19540
2024-10-25,3364.79060
2024-10-26,3365.38850
2024-10-27,3365.98630
2024-10-28,3366.56400
2024-10-29,3367.13140
2024-10-30,3367.70600
2024-10-31,3368.27560
2024-11-02,3369.42070
2024-11-03,3369.99330
2024-11-04,3370.54800
2024-11-05,3371.10810
2024-11-06,3371.67110
2024-11-07,3372.23650
2024-11-08,3372.81530
2024-11-09,3373.39500
2024-11-10,3373.97470
2024-11-11,3374.54870
2024-11-12,3375.11490
2024-11-13,3375.69170
2024-11-14,3376.26140
2024-11-16,3377.40720
2024-11-17,3377.98010
2024-11-18,3378.55010
2024-11-19,3379.11840
2024-11-20,3379.71290
2024-11-21,3380.31740
2024-11-22,3380.92260
2024-11-23,3381.53490
2024-11-24,3382.14720
2024-11-25,3382.76070
2024-11-26,3383.37220
2024-11-27,3383.97390
2024-11-28,3384.58170
2024-11-29,3385.18740
2024-11-30,3385.79530
2024-12-01,3386.40310
2024-12-02,3386.98920
2024-12-03,3387.55800
2024-12-04,3388.12950
2024-12-05,3388.72830
2024-12-06,3389.32440
2024-12-07,3389.92470
2024-12-08,3390.52500
2024-12-09,3391.12010
2024-12-10,3391.72650
2024-12-11,3392.33600
2024-12-12,3392.92900
2024-12-13,3393.52090
2024-12-14,3394.13180
2024-12-15,3394.74280
2024-12-16,3395.35960
2024-12-17,3395.96910
2024-12-18,3396.56630
2024-12-19,3397.17080
2024-12-20,3397.78540
2024-12-21,3398.40390
2024-12-22,3399.02230
2024-12-23,3399.62930
2024-12-25,3400.84080
2024-12-26,3401.43240
2024-12-27,3402.04720
2024-12-29,3403.28560
2024-12-30,3403.90240
2024-12-31,3404.52510
2025-01-01,3405.16160
2025-01-02,3405.73670
2025-01-03,3406.31580
2025-01-04,3406.90010
2025-01-05,3407.48460
2025-01-06,3408.08770
2025-01-07,3408.69890
2025-01-08,3409.31820
2025-01-09,3409.94120
2025-01-10,3410.56430
2025-01-11,3411.19420
2025-01-12,3411.82400
2025-01-13,3412.43250
2025-01-14,3413.02040
2025-01-15,3413.61700
2025-01-16,3414.21470
2025-01-17,3414.80760
2025-01-18,3415.40390
2025-01-19,3416.00030
2025-01-20,3416.59870
2025-01-21,3417.20790
2025-01-22,3417.81620
2025-01-23,3418.42010
2025-01-24,3419.02890
2025-01-25,3419.63900
2025-01-26,3420.24900
2025-01-27,3420.85140
2025-01-28,3421.45320
2025-01-29,3422.05120
2025-01-30,3422.65800
2025-01-31,3423.26780
2025-02-01,3423.88070
2025-02-02,3424.49370
2025-02-03,3425.09050
2025-02-04,3425.67810
2025-02-05,3426.25620
2025-02-06,3426.83820
2025-02-07,3427.38830
2025-02-09,3428.55550
2025-02-10,3429.13690
2025-02-11,3429.71840
2025-02-12,3430.29360
2025-02-13,3430.87410
2025-02-14,3431.45920
2025-02-15,3432.04710
2025-02-16,3432.63500
2025-02-17,3433.21010
2025-02-18,3433.78160
2025-02-19,3434.36750
2025-02-20,3434.94850
2025-02-21,3435.52340
2025-02-23,3436.68210
2025-02-24,3437.25900
2025-02-25,3437.83940
2025-02-26,3438.41960
2025-02-27,3438.99280
2025-02-28,3439.60160
2025-03-01,3440.19230
2025-03-02,3440.78290
2025-03-03,3441.35010
2025-03-04,3441.91060
2025-03-05,3442.46280
2025-03-06,3443.01020
2025-03-07,3443.57340
2025-03-09,3444.70910
2025-03-10,3445.28700
2025-03-11,3445.87010
2025-03-12,3446.44480
2025-03-13,3447.01150
2025-03-14,3447.61780
2025-03-15,3448.22420
2025-03-16,3448.83050
2025-03-17,3449.42020
2025-03-18,3450.01110
2025-03-19,3450.61080
2025-03-20,3451.19700
2025-03-21,3451.78700
2025-03-23,3452.97120
2025-03-24,3453.55770
2025-03-25,3454.14070
2025-03-26,3454.71360
2025-03-27,3455.28910
2025-03-28,3455.99120
2025-03-29,3456.66220
2025-03-30,3457.33350
2025-03-31,3458.00410
2025-04-01,3458.67520
2025-04-02,3459.31220
2025-04-03,3459.85320
2025-04-04,3460.41520
2025-04-06,3461.55080
2025-04-07,3462.13080
2025-04-08,3462.69710
2025-04-09,3463.26250
2025-04-10,3463.81420
2025-04-11,3464.35360
2025-04-12,3464.89600
2025-04-13,3465.43840
2025-04-14,3465.98080
2025-04-15,3466.52190
2025-04-16,3467.06200
2025-04-17,3467.59380
2025-04-20,3469.24570
2025-04-21,3469.79760
2025-04-22,3470.35080
2025-04-23,3470.90400
2025-04-24,3471.45200
2025-04-25,3471.99490
2025-04-26,3472.53870
2025-04-27,3473.08240
2025-04-28,3473.62070
2025-04-29,3474.16610
2025-04-30,3474.71490
2025-05-01,3475.28390
2025-05-02,3475.82750
2025-05-03,3476.37100
2025-05-04,3476.91450
2025-05-05,3477.45020
2025-05-06,3477.99070
2025-05-07,3478.52900
2025-05-08,3479.06580
2025-05-09,3479.59730
2025-05-11,3480.68750
2025-05-12,3481.23250
2025-05-13,3481.77580
2025-05-14,3482.31550
2025-05-15,3482.84570
2025-05-16,3483.38560
2025-05-17,3483.92210
2025-05-18,3484.45870
2025-05-19,3484.98850
2025-05-20,3485.51950
2025-05-21,3486.04900
2025-05-22,3486.59570
2025-05-25,3488.24180
2025-05-26,3488.77870
2025-05-27,3489.30960
2025-05-28,3489.84370
2025-05-29,3490.37600
2025-05-30,3490.91270
2025-05-31,3491.46080
2025-06-01,3492.00920
2025-06-02,3492.54430
2025-06-03,3493.07330
2025-06-04,3493.60740
2025-06-05,3494.14120
2025-06-06,3494.66040
2025-06-08,3495.67630
2025-06-09,3496.16760
2025-06-10,3496.64960
2025-06-11,3497.13350
2025-06-12,3497.62130
2025-06-13,3498.11130
2025-06-15,3499.10480
2025-06-16,3499.59410
2025-06-17,3500.08580
2025-06-18,3500.57610
2025-06-19,3501.06340
2025-06-20,3501.53910
2025-06-22,3502.54130
2025-06-23,3503.03230
2025-06-24,3503.51990
2025-06-25,3504.00910
2025-06-26,3504.51790
2025-06-27,3505.00990
2025-06-28,3505.52050
2025-06-29,3506.03110
2025-06-30,3506.55730
2025-07-01,3507.11570
2025-07-02,3507.60210
2025-07-03,3508.08660
2025-07-04,3508.57680
2025-07-06,3509.56180
2025-07-07,3510.05170
2025-07-08,3510.53620
2025-07-09,3511.03010
2025-07-10,3511.52710
2025-07-11,3512.03240
2025-07-13,3513.05540
2025-07-14,3513.55130
2025-07-15,3514.05140
2025-07-16,3514.55270
2025-07-17,3515.05150
2025-07-18,3515.55200
2025-07-20,3516.56130
2025-07-21,3517.07320
2025-07-22,3517.60830
2025-07-23,3518.14840
2025-07-24,3518.66770
2025-07-25,3519.17320
2025-07-26,3519.68480
2025-07-27,3520.19640
2025-07-28,3520.68650
2025-07-29,3521.18960
2025-07-30,3521.69020
2025-07-31,3522.20680
2025-08-01,3522.71190
2025-08-02,3523.22090
2025-08-03,3523.72980
2025-08-04,3524.22330
2025-08-05,3524.72210
2025-08-06,3525.21450
2025-08-07,3525.72540
2025-08-08,3526.23900
2025-08-09,3526.75750
2025-08-10,3527.27600
2025-08-11,3527.78050
2025-08-12,3528.29310
2025-08-13,3528.80080
2025-08-14,3529.31080
2025-08-16,3530.33800
2025-08-17,3530.85150
2025-08-18,3531.35850
2025-08-19,3531.86120
2025-08-20,3532.37320
2025-08-21,3532.89860
2025-08-22,3533.41700
2025-08-24,3534.46690
2025-08-25,3534.98030
2025-08-27,3535.99990
2025-08-28,3536.50890
2025-08-29,3537.02640
2025-08-31,3538.06220
2025-09-01,3538.56580
2025-09-02,3539.06220
2025-09-03,3539.56000
2025-09-04,3540.07630
2025-09-05,3540.58490
2025-09-07,3541.60220
2025-09-08,3542.11000
2025-09-09,3542.61270
2025-09-10,3543.11210
2025-09-11,3543.61880
2025-09-13,3544.64470
2025-09-14,3545.16030
2025-09-15,3545.66900
2025-09-16,3546.18590
2025-09-17,3546.70320
2025-09-18,3547.23140
2025-09-19,3547.74680
2025-09-20,3548.27120
2025-09-21,3548.79550
2025-09-22,3549.32100
2025-09-23,3549.84450
2025-09-24,3550.36670
2025-09-25,3550.89890
2025-09-26,3551.42130
2025-09-28,3552.47780
2025-09-30,3553.52730
2025-10-01,3554.09810
2025-10-02,3554.61470
2025-10-03,3555.11880
2025-10-04,3555.62910
2025-10-05,3556.13950
2025-10-06,3556.64770
2025-10-07,3557.14960
2025-10-08,3557.65140
2025-10-09,3558.16870
2025-10-10,3558.69590
2025-10-11,3559.22910
2025-10-12,3559.76230
2025-10-13,3560.27360
2025-10-14,3560.78210
2025-10-15,3561.29120
2025-10-16,3561.80530
2025-10-17,3562.33150
2025-10-18,3562.86390
2025-10-19,3563.39630
2025-10-20,3563.92390
2025-10-22,3564.98820
2025-10-23,3565.50780
2025-10-24,3566.03210
2025-10-25,3566.56310
2025-10-26,3567.09400
2025-10-27,3567.62150
2025-10-28,3568.14870
2025-10-29,3568.67430
2025-10-30,3569.20330
2025-10-31,3569.73530
2025-11-02,3570.81360
2025-11-03,3571.31590
2025-11-04,3571.81940
2025-11-05,3572.32510
2025-11-06,3572.82870
2025-11-07,3573.32700
2025-11-08,3573.83080
2025-11-09,3574.33460
2025-11-10,3574.83450
2025-11-11,3575.33830
2025-11-12,3575.84290
2025-11-13,3576.34310
2025-11-14,3576.86270
2025-11-15,3577.38690
2025-11-16,3577.91120
2025-11-17,3578.41720
2025-11-18,3578.91760
2025-11-19,3579.42290
2025-11-20,3579.93470
2025-11-21,3580.45620
2025-11-22,3580.98160
2025-11-23,3581.50720
2025-11-24,3582.02530
2025-11-25,3582.53020
2025-11-26,3583.03940
2025-11-27,3583.54650
2025-11-28,3584.07360
2025-11-29,3584.60250
2025-11-30,3585.13140
2025-12-01,3585.63590
2025-12-02,3586.13930
2025-12-03,3586.64720
2025-12-04,3587.15620
2025-12-05,3587.66340
2025-12-07,3588.68230
2025-12-08,3589.17660
2025-12-09,3589.67170
2025-12-10,3590.16590
2025-12-11,3590.65930
2025-12-12,3591.14720
2025-12-14,3592.13050
2025-12-15,3592.62130
2025-12-16,3593.13080
2025-12-17,3593.64850
2025-12-18,3594.15910
2025-12-19,3594.66410
2025-12-20,3595.17480
2025-12-21,3595.68560
2025-12-22,3596.20400
2025-12-23,3596.71850
2025-12-24,3597.23360
2025-12-25,3597.75700
2025-12-26,3598.27060
2025-12-28,3599.30400
2025-12-29,3599.81520
2025-12-30,3600.33510
2025-12-31,3600.87180
2026-01-01,3601.45500
2026-01-02,3601.95480
2026-01-03,3602.46430
2026-01-04,3602.97380
2026-01-05,3603.48220
2026-01-06,3603.98700
2026-01-07,3604.49260
2026-01-08,3605.01860
2026-01-09,3605.54500
2026-01-11,3606.61650
2026-01-12,3607.12170
2026-01-13,3607.63480
2026-01-14,3608.15500
2026-01-15,3608.68860
2026-01-16,3609.20210
2026-01-18,3610.23460
2026-01-19,3610.74120
2026-01-20,3611.25480
2026-01-21,3611.76830
2026-01-22,3612.28810
2026-01-23,3612.78990
2026-01-26,3614.30850
2026-01-27,3614.81270
2026-01-28,3615.31560
2026-01-29,3615.82760
2026-01-30,3616.33600
2026-02-01,3617.36990
2026-02-02,3617.85100
2026-02-03,3618.30500
2026-02-04,3618.75060
2026-02-05,3619.18300
2026-02-06,3619.61450
2026-02-08,3620.49930
2026-02-09,3620.92910
2026-02-10,3621.37280
2026-02-11,3621.82530
2026-02-12,3622.28440
2026-02-13,3622.74600
2026-02-15,3623.70030
2026-02-16,3624.18730
2026-02-17,3624.66050
2026-02-18,3625.13520
2026-02-19,3625.61260
2026-02-20,3626.08980
2026-02-22,3627.05450
2026-02-23,3627.53390
2026-02-24,3627.99660
2026-02-25,3628.47560
2026-02-26,3628.95550
2026-02-27,3629.43390
2026-02-28,3629.92140
2026-03-01,3630.40900
2026-03-02,3630.87300
2026-03-03,3631.36040
2026-03-04,3631.84440
2026-03-05,3632.31170
2026-03-06,3632.78380
2026-03-07,3633.26170
2026-03-08,3633.73960
2026-03-09,3634.21140
2026-03-10,3634.68990
2026-03-11,3635.16390
2026-03-12,3635.63870
2026-03-13,3636.12310
2026-03-14,3636.61460
2026-03-15,3637.10600
2026-03-16,3637.62610
2026-03-17,3638.12540
2026-03-18,3638.63910
2026-03-19,3639.14530
2026-03-20,3639.66130
2026-03-21,3640.18290
2026-03-22,3640.70450
2026-03-23,3641.22200
2026-03-24,3641.72770
2026-03-25,3642.23720
2026-03-26,3642.75450
2026-03-27,3643.29720
2026-03-28,3643.84350
2026-03-29,3644.38980
2026-03-30,3645.09870
2026-03-31,3645.81460
2026-04-01,3646.52970
2026-04-02,3647.09360
2026-04-03,3647.59820
2026-04-04,3648.10270
2026-04-05,3648.60730
2026-04-06,3649.10130
2026-04-07,3649.58490
2026-04-08,3650.08320
2026-04-09,3650.56980
2026-04-10,3651.04690
2026-04-12,3652.02100
2026-04-13,3652.51210
2026-04-14,3653.00460
2026-04-15,3653.48610
2026-04-16,3653.96580
2026-04-17,3654.44870
2026-04-18,3654.94000
2026-04-19,3655.43140
2026-04-20,3655.92070
2026-04-21,3656.41250
2026-04-22,3656.91800
2026-04-23,3657.41820
2026-04-24,3657.90780
2026-04-25,3658.40540
2026-04-26,3658.90300
2026-04-27,3659.39050
2026-04-28,3659.88260
2026-04-29,3660.37700
2026-04-30,3660.87940
2026-05-01,3661.39720
2026-05-02,3661.91490
2026-05-03,3662.43270
2026-05-04,3662.92900
2026-05-05,3663.42560
2026-05-06,3663.91990
2026-05-07,3664.41360
2026-05-08,3664.90760
2026-05-10,3665.91220
2026-05-11,3666.41400
2026-05-12,3666.91780
2026-05-13,3667.41790
2026-05-14,3667.91330
2026-05-15,3668.40260
2026-05-17,3669.40470
2026-05-18,3669.90150
2026-05-19,3670.39980
2026-05-20,3670.90200
2026-05-21,3671.41200
2026-05-24,3672.96800
2026-05-25,3673.47820
2026-05-26,3673.98730
2026-05-28,3675.02060
2026-05-29,3675.54310
2026-05-31,3676.60270
2026-06-01,3677.10870
2026-06-02,3677.62040
2026-06-03,3678.12760
2026-06-04,3678.63080
2026-06-05,3679.13810
2026-06-07,3680.16310
2026-06-08,3680.67260
2026-06-09,3681.18480
2026-06-10,3681.69140
2026-06-11,3682.19840
2026-06-12,3682.70600
2026-06-14,3683.73010
2026-06-15,3684.24530
2026-06-16,3684.76350
2026-06-17,3685.28290
2026-06-18,3685.78930
2026-06-19,3686.29910
2026-06-20,3686.81420
2026-06-21,3687.32930
2026-06-22,3687.84560
2026-06-23,3688.36800
2026-06-24,3688.88080
2026-06-26,3689.91220
2026-06-28,3690.95820
2026-06-29,3691.48360
2026-06-30,3692.01650
2026-07-01,3692.59030
2026-07-02,3693.09570
2026-07-03,3693.59770
2026-07-04,3694.10740
2026-07-05,3694.61700
2026-07-06,3695.12290
2026-07-07,3695.62860
2026-07-08,3696.14020
2026-07-09,3696.66550
2026-07-10,3697.18250
2026-07-12,3698.23640
2026-07-13,3698.75280
2026-07-14,3699.26450
2026-07-15,3699.77230
2026-07-16,3700.29890
2026-07-17,3700.81970
2026-07-18,3701.34670
2026-07-19,3701.87370
2026-07-20,3702.40790
2026-07-21,3702.93320
2026-07-22,3703.45800
2026-07-23,3703.96860
2026-07-25,3704.98010
2026-07-26,3705.48670
2026-07-27,3706.00110
2026-07-28,3706.52360
2026-07-29,3707.03690
2026-07-30,3707.55630
2026-07-31,3708.07560
2026-08-01,3708.60330
2026-08-02,3709.13100
2026-08-03,3709.63020
2026-08-04,3710.11820
2026-08-05,3710.61040
2026-08-06,3711.11020
2026-08-07,3711.60760
2026-08-08,3712.10800
2026-08-09,3712.60850
2026-08-10,3713.11690
2026-08-11,3713.61790
2026-08-12,3714.12350
2026-08-13,3714.63230
2026-08-14,3715.13970
2026-08-16,3716.16840
2026-08-17,3716.67260
2026-08-18,3717.16980
2026-08-19,3717.67060
2026-08-20,3718.17300
2026-08-21,3718.67870
2026-08-22,3719.19200
2026-08-23,3719.70540
2026-08-24,3720.21250
2026-08-25,3720.71240
2026-08-26,3721.21670
2026-08-27,3721.71750
2026-08-28,3722.22340
2026-08-30,3723.24250
2026-08-31,3723.74740
2026-09-01,3724.24390
2026-09-02,3724.72980
2026-09-03,3725.19170
2026-09-04,3725.62500
2026-09-06,3726.51450
2026-09-07,3726.97920
2026-09-08,3727.45150
2026-09-09,3727.91350
2026-09-10,3728.38280
2026-09-11,3728.85310
2026-09-12,3729.33880
