Date,NAV
2006-04-03,15.67110
2006-04-04,15.69410
2006-04-05,15.84380
2006-04-07,15.75270
2006-04-10,15.86240
2006-04-12,15.64910
2006-04-13,15.49070
2006-04-17,15.75930
2006-04-18,15.85400
2006-04-19,15.95950
2006-04-20,16.09710
2006-04-21,16.12720
2006-04-24,15.99400
2006-04-25,15.77660
2006-04-26,15.98840
2006-04-27,15.96540
2006-04-28,16.04560
2006-05-02,16.33130
2006-05-03,16.34390
2006-05-04,16.29450
2006-05-05,16.36190
2006-05-08,16.44480
2006-05-09,16.52700
2006-05-10,16.56400
2006-05-11,16.41290
2006-05-12,16.23950
2006-05-15,15.81120
2006-05-16,15.83340
2006-05-17,16.11050
2006-05-18,15.29130
2006-05-19,14.88260
2006-05-22,14.38070
2006-05-23,14.59960
2006-05-24,14.43910
2006-05-25,14.46930
2006-05-26,14.66410
2006-05-29,14.71170
2006-05-30,14.69810
2006-05-31,14.41820
2006-06-01,14.07300
2006-06-02,14.27670
2006-06-05,14.11740
2006-06-06,13.79740
2006-06-07,13.42790
2006-06-08,13.02640
2006-06-09,13.48780
2006-06-12,13.20730
2006-06-13,12.78060
2006-06-14,12.72890
2006-06-15,13.05960
2006-06-16,13.25870
2006-06-19,13.48240
2006-06-20,13.45350
2006-06-21,13.66960
2006-06-22,13.72040
2006-06-23,13.76940
2006-06-26,13.47940
2006-06-27,13.47940
2006-06-28,13.43110
2006-06-29,13.45320
2006-06-30,13.71330
2006-07-03,13.73580
2006-07-04,13.71130
2006-07-05,13.83400
2006-07-06,13.78740
2006-07-07,13.61010
2006-07-10,13.69440
2006-07-11,13.70400
2006-07-12,13.81600
2006-07-13,13.83290
2006-07-14,13.77490
2006-07-17,13.54140
2006-07-18,13.44060
2006-07-19,13.23660
2006-07-20,13.41190
2006-07-21,13.20920
2006-07-24,13.11930
2006-07-25,13.27440
2006-07-26,13.39750
2006-07-27,13.44770
2006-07-28,13.45700
2006-07-31,13.34270
2006-08-01,13.32520
2006-08-02,13.35970
2006-08-03,13.34420
2006-08-04,13.30530
2006-08-07,13.33050
2006-08-08,13.34410
2006-08-09,13.40010
2006-08-10,13.44560
2006-08-11,13.48540
2006-08-14,13.53490
2006-08-16,13.61790
2006-08-17,13.51280
2006-08-18,13.54310
2006-08-21,13.58200
2006-08-22,13.41530
2006-08-23,13.36170
2006-08-24,13.46840
2006-08-25,13.50670
2006-08-28,13.54090
2006-08-29,13.55330
2006-08-30,13.56720
2006-08-31,13.56140
2006-09-01,13.58890
2006-09-04,13.62470
2006-09-05,13.67530
2006-09-06,13.71810
2006-09-07,13.71010
2006-09-08,13.72530
2006-09-11,13.53960
2006-09-12,13.57530
2006-09-13,13.65300
2006-09-14,13.65200
2006-09-15,13.67980
2006-09-18,13.73670
2006-09-19,13.64710
2006-09-20,13.67860
2006-09-21,13.73890
2006-09-22,13.75050
2006-09-25,13.75100
2006-09-26,13.74350
2006-09-27,13.74350
2006-09-28,13.65990
2006-09-29,13.72700
2006-10-03,13.73320
2006-10-04,13.66130
2006-10-05,13.74530
2006-10-06,13.78280
2006-10-09,13.80740
2006-10-10,13.81770
2006-10-11,13.73880
2006-10-12,13.79230
2006-10-13,13.81740
2006-10-16,13.81610
2006-10-17,13.77900
2006-10-18,13.79590
2006-10-19,13.74400
2006-10-20,13.74820
2006-10-23,13.76770
2006-10-26,13.66910
2006-10-27,13.71900
2006-10-30,13.74110
2006-10-31,13.74970
2006-11-01,13.82130
2006-11-02,13.84290
2006-11-03,13.88950
2006-11-06,13.96980
2006-11-07,13.95880
2006-11-08,13.89140
2006-11-09,13.91090
2006-11-10,13.96560
2006-11-13,14.04340
2006-11-14,13.99350
2006-11-15,13.99370
2006-11-16,14.02890
2006-11-17,13.95840
2006-11-20,13.88020
2006-11-21,13.94440
2006-11-22,14.00320
2006-11-23,14.00130
2006-11-24,14.05020
2006-11-27,14.09830
2006-11-28,14.02030
2006-11-29,14.05660
2006-11-30,14.14150
2006-12-01,14.21800
2006-12-04,14.34820
2006-12-05,14.35550
2006-12-06,14.29040
2006-12-07,14.33870
2006-12-08,14.27290
2006-12-11,13.96510
2006-12-12,13.59070
2006-12-13,13.80010
2006-12-14,14.04240
2006-12-15,14.11180
2006-12-18,14.09170
2006-12-19,13.86600
2006-12-20,13.81670
2006-12-21,13.87430
2006-12-22,13.96520
2006-12-26,14.08130
2006-12-27,14.16060
2006-12-28,14.16590
2006-12-29,14.15600
2007-01-02,14.12630
2007-01-03,14.18070
2007-01-04,14.13670
2007-01-05,14.07430
2007-01-08,13.99280
2007-01-09,13.94690
2007-01-10,13.81730
2007-01-11,13.98990
2007-01-12,14.19620
2007-01-15,14.31150
2007-01-16,14.37070
2007-01-17,14.41800
2007-01-18,14.43430
2007-01-19,14.40070
2007-01-22,14.39410
2007-01-23,14.21450
2007-01-24,14.09670
2007-01-25,14.16300
2007-01-29,14.20970
2007-01-31,14.13800
2007-02-01,14.19950
2007-02-02,14.27050
2007-02-05,14.36020
2007-02-06,14.33120
2007-02-07,14.35460
2007-02-08,14.35110
2007-02-09,14.18170
2007-02-12,13.86730
2007-02-13,13.78030
2007-02-14,13.82610
2007-02-15,14.07840
2007-02-19,14.04780
2007-02-20,13.95630
2007-02-21,13.94090
2007-02-22,13.84040
2007-02-23,13.52180
2007-02-26,13.51720
2007-02-27,13.50100
2007-02-28,13.21470
2007-03-01,13.27320
2007-03-02,13.13940
2007-03-05,12.80130
2007-03-06,12.78750
2007-03-07,12.69640
2007-03-08,12.87760
2007-03-09,12.81260
2007-03-12,12.83510
2007-03-13,12.92780
2007-03-14,12.77460
2007-03-15,12.78030
2007-03-16,12.72550
2007-03-19,12.86050
2007-03-20,12.91350
2007-03-21,12.97190
2007-03-22,13.12350
2007-03-23,13.15730
2007-03-26,12.96500
2007-03-28,12.83400
2007-03-29,12.91060
2007-03-30,13.01640
2007-04-02,12.62620
2007-04-03,12.73670
2007-04-04,12.83280
2007-04-05,12.89140
2007-04-09,13.08670
2007-04-10,13.13770
2007-04-11,13.14870
2007-04-12,13.13160
2007-04-13,13.25590
2007-04-16,13.40340
2007-04-17,13.35720
2007-04-18,13.41050
2007-04-19,13.38960
2007-04-20,13.52180
2007-04-23,13.51550
2007-04-24,13.46480
2007-04-25,13.56980
2007-04-26,13.61080
2007-04-27,13.46120
2007-04-30,13.59210
2007-05-03,13.79120
2007-05-04,13.79430
2007-05-07,13.81550
2007-05-08,13.70640
2007-05-09,13.71480
2007-05-10,13.70390
2007-05-11,13.69180
2007-05-14,13.83690
2007-05-15,13.84310
2007-05-16,13.89580
2007-05-17,14.03240
2007-05-18,14.00680
2007-05-21,14.08050
2007-05-22,14.07490
2007-05-23,14.03020
2007-05-24,13.90960
2007-05-25,13.91680
2007-05-28,13.96920
2007-05-29,14.04990
2007-05-30,13.99780
2007-05-31,13.95400
2007-06-01,14.06090
2007-06-04,14.01140
2007-06-05,14.02070
2007-06-06,13.93050
2007-06-07,13.95200
2007-06-08,13.84490
2007-06-11,13.79710
2007-06-12,13.74370
2007-06-13,13.73540
2007-06-14,13.81500
2007-06-15,13.82710
2007-06-18,13.79010
2007-06-19,13.87610
2007-06-20,13.92910
2007-06-21,13.98710
2007-06-22,13.81530
2007-06-25,13.84420
2007-06-26,13.86660
2007-06-27,13.87820
2007-06-28,14.00090
2007-06-29,14.06610
2007-07-02,14.14740
2007-07-03,14.25990
2007-07-04,14.27780
2007-07-05,14.25190
2007-07-06,14.26120
2007-07-09,14.31870
2007-07-10,14.28100
2007-07-11,14.31990
2007-07-12,14.39720
2007-07-13,14.38860
2007-07-16,14.35760
2007-07-17,14.32980
2007-07-18,14.31480
2007-07-19,14.39330
2007-07-20,14.34200
2007-07-23,14.34650
2007-07-24,14.36720
2007-07-25,14.20700
2007-07-26,14.38600
2007-07-27,14.03790
2007-07-30,14.06110
2007-07-31,14.21200
2007-08-01,13.90680
2007-08-02,14.00940
2007-08-03,14.16200
2007-08-06,14.13460
2007-08-07,14.23770
2007-08-08,14.33970
2007-08-09,14.17450
2007-08-10,14.12700
2007-08-13,14.21070
2007-08-14,14.22150
2007-08-16,13.96650
2007-08-17,13.87950
2007-08-20,13.97340
2007-08-21,13.76480
2007-08-22,13.76870
2007-08-23,13.72220
2007-08-24,13.81290
2007-08-27,14.15580
2007-08-28,13.93320
2007-08-29,13.91220
2007-08-30,13.91930
2007-08-31,14.12980
2007-09-03,14.34230
2007-09-04,14.37260
2007-09-05,14.34240
2007-09-06,14.43750
2007-09-07,14.40790
2007-09-10,14.54080
2007-09-11,14.59540
2007-09-12,14.62530
2007-09-13,14.68070
2007-09-14,14.57980
2007-09-17,14.60590
2007-09-18,14.69550
2007-09-19,14.87930
2007-09-20,14.92160
2007-09-21,15.07630
2007-09-24,15.18170
2007-09-25,15.19500
2007-09-26,15.01700
2007-09-27,15.08700
2007-09-28,15.12300
2007-10-01,15.34030
2007-10-03,15.39300
2007-10-04,15.41910
2007-10-05,15.32550
2007-10-08,14.99370
2007-10-09,15.34550
2007-10-10,15.44800
2007-10-11,15.59810
2007-10-12,15.51470
2007-10-15,15.69680
2007-10-16,15.78160
2007-10-17,15.49640
2007-10-18,15.23890
2007-10-19,14.88430
2007-10-22,14.95470
2007-10-23,15.30920
2007-10-24,15.49540
2007-10-25,15.62370
2007-10-26,15.81450
2007-10-29,15.97580
2007-10-30,16.05340
2007-10-31,16.13780
2007-11-01,15.99790
2007-11-02,16.07250
2007-11-05,16.13100
2007-11-06,16.01680
2007-11-07,16.02410
2007-11-08,16.02680
2007-11-12,16.04370
2007-11-13,16.21400
2007-11-14,16.37920
2007-11-15,16.49040
2007-11-16,16.49710
2007-11-19,16.78570
2007-11-20,16.67860
2007-11-21,16.14050
2007-11-22,15.99450
2007-11-23,16.07820
2007-11-26,16.20720
2007-11-27,16.22090
2007-11-28,16.08980
2007-11-29,16.03010
2007-11-30,16.28290
2007-12-03,16.68180
2007-12-04,16.74560
2007-12-05,16.93570
2007-12-06,16.91640
2007-12-07,16.84370
2007-12-10,16.89990
2007-12-11,16.93150
2007-12-12,17.13120
2007-12-13,17.23190
2007-12-14,17.31170
2007-12-17,16.88580
2007-12-18,16.78370
2007-12-19,16.84070
2007-12-20,16.61500
2007-12-24,16.80990
2007-12-26,16.89920
2007-12-27,16.93770
2007-12-28,17.07850
2007-12-31,17.30690
2008-01-01,17.53910
2008-01-02,17.66770
2008-01-03,17.94930
2008-01-04,18.09180
2008-01-07,18.15480
2008-01-08,17.90110
2008-01-09,17.88040
2008-01-10,17.49250
2008-01-11,17.53010
2008-01-14,17.65680
2008-01-15,17.50560
2008-01-16,17.27560
2008-01-17,17.18600
2008-01-18,16.72770
2008-01-21,15.66580
2008-01-22,14.96230
2008-01-23,15.59080
2008-01-24,15.28810
2008-01-25,15.79450
2008-01-28,15.73990
2008-01-29,15.71460
2008-01-30,15.41610
2008-01-31,15.30760
2008-02-01,15.33610
2008-02-04,15.59980
2008-02-05,15.77850
2008-02-06,15.72340
2008-02-07,15.42840
2008-02-08,15.25900
2008-02-11,14.75280
2008-02-12,14.63900
2008-02-13,14.57660
2008-02-14,14.96310
2008-02-15,15.10320
2008-02-18,15.11670
2008-02-19,15.07190
2008-02-20,14.89120
2008-02-21,14.97340
2008-02-22,14.89720
2008-02-25,14.93780
2008-02-26,15.04040
2008-02-27,14.91120
2008-02-28,14.84340
2008-02-29,14.82070
2008-03-03,14.35090
2008-03-04,14.12450
2008-03-05,14.09190
2008-03-07,13.72220
2008-03-10,13.70350
2008-03-11,13.90360
2008-03-12,13.89310
2008-03-13,13.68730
2008-03-14,13.73890
2008-03-17,13.53170
2008-03-18,13.48750
2008-03-19,13.49780
2008-03-24,13.38960
2008-03-25,13.44570
2008-03-26,13.47740
2008-03-27,13.36900
2008-03-28,13.49280
2008-03-31,13.55470
2008-04-01,13.47790
2008-04-02,13.53640
2008-04-03,13.50410
2008-04-04,13.46780
2008-04-07,13.49490
2008-04-08,13.53550
2008-04-09,13.52510
2008-04-10,13.54090
2008-04-11,13.56810
2008-04-15,13.41810
2008-04-16,13.40970
2008-04-17,13.37720
2008-04-21,13.38140
2008-04-22,13.55280
2008-04-23,13.57130
2008-04-24,13.62220
2008-04-25,13.52510
2008-04-28,13.51260
2008-04-29,13.51220
2008-04-30,13.50340
2008-05-02,13.51000
2008-05-05,13.53390
2008-05-06,13.47870
2008-05-07,13.46330
2008-05-08,13.42000
2008-05-09,13.31830
2008-05-12,13.30760
2008-05-13,13.27100
2008-05-14,13.26180
2008-05-15,13.36210
2008-05-16,13.44310
2008-05-20,13.24300
2008-05-21,13.26810
2008-05-22,13.20260
2008-05-23,13.09930
2008-05-26,12.92350
2008-05-27,12.90270
2008-05-28,12.95460
2008-05-29,12.95990
2008-05-30,12.98200
2008-06-02,12.83500
2008-06-03,12.79310
2008-06-04,12.67720
2008-06-05,12.68870
2008-06-06,12.64590
2008-06-09,12.56770
2008-06-10,12.51720
2008-06-11,12.56040
2008-06-12,12.38510
2008-06-13,12.42030
2008-06-16,12.42650
2008-06-17,12.48840
2008-06-18,12.49550
2008-06-19,12.39780
2008-06-20,12.31280
2008-06-23,12.17430
2008-06-24,12.17860
2008-06-25,12.20920
2008-06-26,12.27450
2008-06-27,12.12730
2008-06-30,12.09250
2008-07-01,12.00750
2008-07-02,12.01720
2008-07-03,12.00600
2008-07-04,12.10510
2008-07-07,12.13380
2008-07-08,12.13750
2008-07-09,12.14630
2008-07-10,12.13750
2008-07-11,12.10030
2008-07-14,11.94640
2008-07-15,11.82310
2008-07-16,11.96160
2008-07-17,11.94680
2008-07-18,11.91240
2008-07-21,11.88400
2008-07-22,11.79150
2008-07-23,11.85260
2008-07-24,11.79580
2008-07-25,11.77330
2008-07-28,11.82310
2008-07-29,11.59190
2008-07-30,11.72720
2008-07-31,11.73220
2008-08-01,11.84900
2008-08-04,11.89450
2008-08-05,12.00570
2008-08-06,12.00770
2008-08-07,12.01240
2008-08-08,12.00170
2008-08-11,12.10520
2008-08-12,12.04340
2008-08-13,12.00560
2008-08-14,11.81370
2008-08-18,11.75250
2008-08-19,11.70950
2008-08-20,11.61410
2008-08-21,11.44720
2008-08-22,11.44320
2008-08-25,11.44050
2008-08-26,11.45940
2008-08-27,11.42240
2008-08-28,11.35330
2008-08-29,11.52860
2008-09-01,11.52030
2008-09-02,11.72660
2008-09-04,11.68930
2008-09-05,11.58410
2008-09-08,11.77260
2008-09-09,11.76170
2008-09-10,11.69390
2008-09-11,11.54720
2008-09-12,11.40070
2008-09-15,11.03670
2008-09-16,11.01450
2008-09-17,10.82010
2008-09-18,10.87850
2008-09-19,11.31120
2008-09-22,11.22070
2008-09-23,10.92210
2008-09-24,10.98570
2008-09-25,10.90630
2008-09-26,10.58880
2008-09-29,10.21230
2008-09-30,10.28440
2008-10-01,10.29600
2008-10-03,10.20140
2008-10-06,10.03440
2008-10-07,10.01050
2008-10-08,9.96180
2008-10-10,9.93190
2008-10-13,9.94620
2008-10-14,9.97460
2008-10-15,9.95960
2008-10-16,9.92440
2008-10-17,9.97920
2008-10-20,9.95600
2008-10-21,9.89470
2008-10-22,9.92670
2008-10-23,9.93900
2008-10-24,10.00210
2008-10-27,9.96030
2008-10-29,9.91340
2008-10-31,9.85950
2008-11-03,9.84640
2008-11-04,9.84340
2008-11-05,9.95640
2008-11-06,9.99990
2008-11-07,10.01660
2008-11-10,9.93370
2008-11-11,10.05660
2008-11-12,10.09840
2008-11-14,10.15180
2008-11-17,10.14650
2008-11-18,10.21000
2008-11-19,10.25170
2008-11-20,10.30330
2008-11-21,10.19480
2008-11-24,10.19910
2008-11-25,10.28370
2008-11-26,10.20740
2008-11-28,10.21180
2008-12-01,10.19330
2008-12-02,10.23940
2008-12-03,10.29480
2008-12-04,10.19360
2008-12-05,10.25990
2008-12-08,10.19410
2008-12-10,10.04910
2008-12-11,10.06210
2008-12-12,10.11400
2008-12-15,10.18990
2008-12-16,10.11410
2008-12-17,10.17940
2008-12-18,10.18560
2008-12-19,10.25470
2008-12-22,10.28890
2008-12-23,10.28060
2008-12-24,10.30870
2008-12-26,10.35930
2008-12-29,10.34530
2008-12-30,10.35060
2008-12-31,10.38240
2009-01-01,10.24320
2009-01-02,10.25260
2009-01-05,10.18990
2009-01-06,10.14800
2009-01-07,10.13690
2009-01-09,10.19180
2009-01-12,10.19400
2009-01-13,10.22600
2009-01-14,10.20590
2009-01-15,10.21120
2009-01-16,10.19590
2009-01-19,10.20360
2009-01-20,10.27450
2009-01-21,10.29700
2009-01-22,10.27290
2009-01-23,10.23730
2009-01-27,10.19240
2009-01-28,10.14960
2009-01-29,10.18660
2009-01-30,10.16350
2009-02-02,10.08280
2009-02-03,10.05610
2009-02-04,10.04540
2009-02-05,10.05130
2009-02-06,10.04140
2009-02-09,10.00120
2009-02-10,10.00770
2009-02-11,10.01040
2009-02-12,10.03880
2009-02-13,10.01440
2009-02-16,10.03880
2009-02-17,10.04480
2009-02-18,10.04810
2009-02-19,10.03980
2009-02-20,10.06330
2009-02-24,10.03000
2009-02-25,9.99090
2009-02-26,9.91650
2009-02-27,9.96450
2009-03-02,10.00310
2009-03-03,10.01090
2009-03-04,10.00470
2009-03-05,10.01700
2009-03-06,9.95790
2009-03-09,9.96500
2009-03-12,9.95300
2009-03-13,9.85430
2009-03-16,9.86720
2009-03-17,9.88710
2009-03-18,9.86260
2009-03-19,9.84340
2009-03-20,9.84570
2009-03-23,9.82240
2009-03-24,9.80830
2009-03-25,9.70420
2009-03-26,9.69310
2009-03-27,9.72080
2009-03-30,9.74450
2009-03-31,9.78160
2009-04-01,9.75070
2009-04-02,9.72640
2009-04-03,9.72430
2009-04-06,9.70690
2009-04-08,9.74640
2009-04-09,9.73640
2009-04-13,9.79450
2009-04-15,9.88800
2009-04-16,9.83100
2009-04-17,9.89160
2009-04-20,9.92540
2009-04-21,9.90910
2009-04-22,9.86230
2009-04-23,9.89080
2009-04-24,9.93800
2009-04-27,9.90800
2009-04-28,9.84060
2009-04-29,9.87530
2009-05-04,9.92780
2009-05-05,9.94910
2009-05-06,9.90190
2009-05-07,9.96100
2009-05-08,9.93780
2009-05-11,9.89640
2009-05-12,9.93380
2009-05-13,9.93030
2009-05-14,9.97500
2009-05-15,10.01670
2009-05-18,10.01670
2009-05-19,10.42250
2009-05-20,10.55960
2009-05-22,10.53270
2009-05-25,10.57880
2009-05-26,10.55440
2009-05-27,10.54400
2009-05-28,10.54910
2009-05-29,10.56860
2009-06-01,10.39700
2009-06-02,10.39890
2009-06-03,10.42830
2009-06-04,10.49070
2009-06-05,10.50020
2009-06-08,10.38250
2009-06-09,10.45190
2009-06-10,10.47960
2009-06-11,10.50870
2009-06-12,10.45680
2009-06-15,10.42390
2009-06-16,10.49210
2009-06-17,10.38450
2009-06-18,10.32740
2009-06-19,10.37740
2009-06-22,10.37310
2009-06-23,10.35250
2009-06-24,10.38970
2009-06-25,10.38320
2009-06-26,10.39890
2009-06-29,10.40210
2009-06-30,10.37470
2009-07-01,10.29420
2009-07-02,10.30280
2009-07-03,10.30580
2009-07-06,10.24980
2009-07-07,10.27050
2009-07-08,10.23820
2009-07-09,10.24470
2009-07-10,10.23560
2009-07-13,10.23350
2009-07-14,10.23350
2009-07-15,10.25890
2009-07-16,10.25880
2009-07-17,10.29040
2009-07-20,10.29540
2009-07-21,10.29660
2009-07-22,10.28630
2009-07-23,10.30330
2009-07-24,10.31890
2009-07-27,10.33070
2009-07-28,10.34520
2009-07-29,10.34380
2009-07-30,10.26160
2009-07-31,10.25800
2009-08-03,10.27880
2009-08-04,10.27190
2009-08-05,10.28210
2009-08-06,10.26660
2009-08-07,10.23750
2009-08-10,10.21670
2009-08-11,10.23240
2009-08-12,10.22240
2009-08-13,10.24230
2009-08-14,10.23300
2009-08-17,10.21020
2009-08-18,10.22200
2009-08-19,10.21520
2009-08-20,10.21780
2009-08-21,10.21060
2009-08-24,10.21360
2009-08-25,10.22080
2009-08-26,10.22140
2009-08-27,10.23540
2009-08-28,10.23740
2009-08-31,10.24980
2009-09-01,10.14580
2009-09-02,10.15880
2009-09-03,10.16600
2009-09-04,10.16490
2009-09-07,10.18440
2009-09-08,10.17190
2009-09-09,10.16480
2009-09-10,10.16020
2009-09-11,10.15770
2009-09-14,10.16330
2009-09-15,10.19250
2009-09-16,10.22710
2009-09-17,10.22230
2009-09-18,10.22280
2009-09-22,10.24200
2009-09-23,10.22000
2009-09-24,10.22840
2009-09-25,10.13410
2009-09-29,10.14770
2009-09-30,10.16830
2009-10-01,10.16130
2009-10-05,10.13630
2009-10-06,10.14350
2009-10-07,10.14560
2009-10-08,10.16380
2009-10-09,10.13860
2009-10-12,10.17180
2009-10-14,10.22140
2009-10-15,10.23260
2009-10-16,10.26540
2009-10-20,10.29770
2009-10-21,10.26110
2009-10-22,10.22610
2009-10-26,10.23690
2009-10-27,10.14260
2009-10-28,10.14580
2009-10-29,10.15100
2009-10-30,10.14310
2009-11-03,10.03040
2009-11-04,10.03210
2009-11-05,10.05720
2009-11-06,10.07840
2009-11-09,10.10530
2009-11-10,10.09450
2009-11-11,10.12650
2009-11-12,10.12140
2009-11-13,10.13260
2009-11-16,10.15820
2009-11-17,10.16680
2009-11-18,10.18050
2009-11-19,10.15520
2009-11-20,10.18850
2009-11-23,10.20350
2009-11-24,10.20520
2009-11-25,10.22070
2009-11-26,10.19260
2009-11-27,10.17250
2009-11-30,10.11130
2009-12-01,10.14710
2009-12-02,10.15060
2009-12-03,10.15030
2009-12-04,10.14860
2009-12-07,10.13440
2009-12-08,10.16780
2009-12-09,10.16620
2009-12-10,10.16770
2009-12-11,10.15340
2009-12-14,10.14670
2009-12-15,10.11700
2009-12-16,10.11730
2009-12-17,10.12180
2009-12-18,10.11490
2009-12-21,10.09000
2009-12-22,10.09150
2009-12-23,10.11430
2009-12-24,10.11680
2009-12-29,10.02390
2009-12-30,10.01940
2009-12-31,10.01670
2010-01-04,10.04220
2010-01-06,10.06370
2010-01-07,10.06960
2010-01-08,10.07620
2010-01-11,10.08640
2010-01-12,10.07520
2010-01-13,10.07300
2010-01-14,10.07980
2010-01-15,10.08700
2010-01-18,10.10020
2010-01-19,10.09270
2010-01-20,10.09280
2010-01-21,10.08350
2010-01-22,10.08690
2010-01-25,10.08410
2010-01-27,10.06900
2010-01-28,10.06910
2010-01-29,10.01590
2010-02-01,10.04840
2010-02-02,10.02240
2010-02-03,10.02870
2010-02-04,10.00530
2010-02-05,9.99240
2010-02-08,10.01760
2010-02-09,10.02110
2010-02-10,10.01640
2010-02-11,10.01340
2010-02-15,10.01480
2010-02-16,9.99740
2010-02-17,9.98980
2010-02-18,9.96720
2010-02-19,9.93760
2010-02-22,9.92680
2010-02-23,9.91480
2010-02-24,9.91170
2010-02-25,9.90880
2010-02-26,9.90080
2010-03-02,9.95500
2010-03-03,10.00270
2010-03-04,10.00560
2010-03-05,10.01690
2010-03-08,10.02010
2010-03-09,10.00030
2010-03-10,9.98320
2010-03-11,10.00890
2010-03-12,9.99360
2010-03-15,10.00350
2010-03-16,9.97890
2010-03-17,9.97910
2010-03-18,9.97120
2010-03-19,9.96680
2010-03-22,9.98040
2010-03-23,9.98700
2010-03-25,10.02210
2010-03-26,10.04860
2010-03-29,10.04570
2010-03-31,10.09020
2010-04-01,10.09030
2010-04-05,10.15100
2010-04-06,10.16790
2010-04-07,10.21080
2010-04-08,10.20000
2010-04-09,10.20690
2010-04-12,10.29560
2010-04-13,10.29900
2010-04-15,10.37710
2010-04-16,10.36400
2010-04-19,10.38070
2010-04-20,10.27740
2010-04-21,10.32490
2010-04-22,10.33430
2010-04-23,10.32130
2010-04-26,10.31080
2010-04-27,10.30810
2010-04-28,10.31530
2010-04-29,10.30530
2010-04-30,10.31970
2010-05-03,10.31490
2010-05-04,10.30090
2010-05-05,10.19570
2010-05-06,10.19530
2010-05-07,10.17670
2010-05-10,10.17890
2010-05-11,10.17430
2010-05-12,10.17510
2010-05-13,10.17650
2010-05-14,10.16850
2010-05-17,10.17000
2010-05-18,10.17640
2010-05-19,10.11440
2010-05-20,10.12540
2010-05-21,10.10130
2010-05-24,10.09810
2010-05-25,10.07390
2010-05-26,10.09440
2010-05-27,10.10580
2010-05-28,10.12310
2010-05-31,10.12950
2010-06-01,10.11050
2010-06-02,10.12280
2010-06-03,10.13090
2010-06-04,10.13320
2010-06-07,10.14410
2010-06-08,10.15310
2010-06-09,10.15800
2010-06-10,10.18680
2010-06-11,10.20620
2010-06-14,10.21330
2010-06-15,10.22360
2010-06-16,10.22430
2010-06-17,10.23260
2010-06-18,10.22140
2010-06-21,10.15420
2010-06-22,10.15420
2010-06-23,10.15790
2010-06-24,10.17350
2010-06-25,10.17450
2010-06-28,10.18790
2010-06-29,10.18790
2010-06-30,10.23160
2010-07-01,10.22490
2010-07-02,10.13160
2010-07-05,10.12720
2010-07-06,10.11760
2010-07-07,10.10950
2010-07-08,10.12310
2010-07-09,10.14130
2010-07-12,10.13560
2010-07-13,10.14490
2010-07-14,10.14070
2010-07-15,10.13310
2010-07-16,10.14560
2010-07-19,10.13820
2010-07-20,10.15290
2010-07-21,10.16310
2010-07-22,10.18420
2010-07-23,10.17150
2010-07-26,10.15880
2010-07-27,10.17370
2010-07-28,10.19120
2010-07-29,10.19140
2010-07-30,10.18540
2010-08-02,10.22980
2010-08-03,10.21850
2010-08-04,10.13410
2010-08-05,10.14960
2010-08-06,10.17300
2010-08-09,10.19740
2010-08-10,10.17630
2010-08-11,10.16930
2010-08-12,10.17470
2010-08-13,10.19380
2010-08-16,10.18310
2010-08-17,10.16810
2010-08-18,10.19240
2010-08-19,10.21090
2010-08-20,10.24190
2010-08-23,10.27980
2010-08-24,10.28200
2010-08-25,10.22030
2010-08-26,10.25500
2010-08-27,10.24280
2010-08-30,10.23680
2010-08-31,10.22290
2010-09-01,10.24580
2010-09-02,10.27340
2010-09-03,10.20010
2010-09-06,10.23370
2010-09-07,10.24840
2010-09-08,10.23410
2010-09-09,10.24070
2010-09-13,10.23340
2010-09-14,10.21080
2010-09-15,10.20930
2010-09-16,10.21980
2010-09-17,10.25690
2010-09-20,10.27990
2010-09-21,10.23980
2010-09-22,10.23270
2010-09-23,10.24710
2010-09-24,10.27670
2010-09-27,10.27000
2010-09-28,10.25640
2010-09-29,10.24920
2010-09-30,10.28270
2010-10-01,10.19440
2010-10-04,10.19000
2010-10-05,10.21650
2010-10-06,10.23790
2010-10-07,10.22830
2010-10-08,10.21790
2010-10-11,10.27870
2010-10-12,10.27250
2010-10-13,10.31450
2010-10-14,10.32120
2010-10-15,10.31090
2010-10-18,10.32900
2010-10-19,10.31980
2010-10-20,10.27730
2010-10-21,10.34660
2010-10-22,10.36300
2010-10-25,10.40170
2010-10-26,10.39190
2010-10-27,10.36490
2010-10-28,10.32480
2010-10-29,10.32700
2010-11-01,10.35630
2010-11-02,10.37570
2010-11-03,10.39620
2010-11-04,10.42060
2010-11-08,10.33770
2010-11-09,10.36110
2010-11-10,10.39440
2010-11-11,10.36430
2010-11-12,10.29160
2010-11-15,10.27680
2010-11-16,10.19660
2010-11-18,10.18320
2010-11-19,10.10330
2010-11-22,10.14320
2010-11-23,10.14320
2010-11-24,10.09160
2010-11-25,10.02310
2010-11-26,9.88410
2010-11-29,9.96200
2010-11-30,10.02930
2010-12-01,10.10450
2010-12-02,10.12630
2010-12-03,10.05700
2010-12-06,10.06450
2010-12-07,10.00840
2010-12-08,9.96080
2010-12-09,9.70440
2010-12-10,9.87240
2010-12-13,9.96060
2010-12-14,10.01800
2010-12-15,9.97620
2010-12-16,10.00510
2010-12-20,9.99360
2010-12-21,10.05460
2010-12-22,10.05020
2010-12-23,10.03560
2010-12-24,10.04860
2010-12-27,10.05760
2010-12-28,10.05390
2010-12-29,10.08430
2010-12-30,10.08880
2010-12-31,10.11610
2011-01-03,10.17530
2011-01-04,10.18120
2011-01-05,10.15840
2011-01-06,10.05950
2011-01-07,9.99330
2011-01-10,9.94550
2011-01-11,9.91430
2011-01-12,9.93950
2011-01-13,9.94180
2011-01-14,9.82640
2011-01-17,9.80420
2011-01-18,9.79780
2011-01-19,9.80660
2011-01-20,9.84270
2011-01-21,9.84840
2011-01-24,9.87020
2011-01-25,9.83440
2011-01-27,9.80700
2011-01-28,9.74100
2011-01-31,9.73900
2011-02-01,9.71020
2011-02-02,9.70330
2011-02-03,9.76910
2011-02-04,9.74190
2011-02-07,9.73250
2011-02-08,9.65480
2011-02-09,9.53390
2011-02-10,9.47870
2011-02-11,9.55500
2011-02-14,9.65930
2011-02-15,9.68970
2011-02-16,9.73800
2011-02-17,9.76380
2011-02-18,9.68470
2011-02-21,9.71130
2011-02-22,9.69820
2011-02-23,9.71560
2011-02-24,9.62970
2011-02-25,9.60700
2011-02-28,9.59300
2011-03-01,9.64870
2011-03-03,9.61590
2011-03-04,9.62220
2011-03-07,9.58490
2011-03-08,9.59400
2011-03-09,9.63050
2011-03-10,9.63360
2011-03-11,9.61200
2011-03-14,9.62930
2011-03-15,9.58380
2011-03-16,9.61990
2011-03-17,9.61940
2011-03-18,9.61240
2011-03-21,9.61590
2011-03-22,9.64300
2011-03-23,9.67660
2011-03-24,9.66990
2011-03-25,9.70970
2011-03-28,9.74320
2011-03-29,9.71760
2011-03-30,9.75790
2011-03-31,9.76440
2011-04-01,9.82210
2011-04-04,9.88910
2011-04-05,9.91290
2011-04-06,9.90010
2011-04-07,9.97300
2011-04-08,9.90620
2011-04-11,9.89360
2011-04-13,9.94080
2011-04-15,9.96780
2011-04-18,9.93040
2011-04-19,9.93670
2011-04-20,10.02480
2011-04-21,10.00690
2011-04-25,9.99430
2011-04-26,9.98610
2011-04-27,10.03710
2011-04-28,10.06150
2011-04-29,10.03890
2011-05-02,10.02250
2011-05-03,9.93990
2011-05-04,9.91380
2011-05-05,9.85900
2011-05-06,9.91680
2011-05-09,9.90720
2011-05-10,9.90710
2011-05-11,9.89470
2011-05-12,9.86690
2011-05-13,9.91100
2011-05-16,9.91980
2011-05-17,9.87550
2011-05-18,9.85870
2011-05-19,9.84150
2011-05-20,9.85870
2011-05-23,9.81830
2011-05-24,9.81090
2011-05-25,9.80410
2011-05-26,9.81350
2011-05-27,9.84450
2011-05-30,9.87520
2011-05-31,9.89350
2011-06-01,9.91690
2011-06-02,9.90360
2011-06-03,9.89990
2011-06-06,9.89670
2011-06-07,9.92070
2011-06-08,9.91800
2011-06-09,9.95940
2011-06-10,9.96660
2011-06-13,10.03610
2011-06-14,10.03580
2011-06-15,10.00930
2011-06-16,10.03300
2011-06-17,10.00620
2011-06-20,9.85330
2011-06-21,9.82970
2011-06-22,9.79960
2011-06-23,9.84290
2011-06-24,9.91850
2011-06-27,9.98260
2011-06-28,10.00260
2011-06-29,9.99170
2011-06-30,10.00580
2011-07-01,10.01650
2011-07-04,10.09380
2011-07-05,10.11520
2011-07-06,10.12000
2011-07-07,10.15790
2011-07-08,10.12630
2011-07-11,10.13770
2011-07-12,10.09820
2011-07-13,10.13090
2011-07-14,10.16280
2011-07-15,10.14910
2011-07-18,10.16200
2011-07-19,10.18170
2011-07-20,10.19470
2011-07-21,10.18940
2011-07-22,10.28520
2011-07-25,10.33210
2011-07-27,10.26250
2011-07-28,10.18750
2011-07-29,10.13330
2011-08-01,10.11310
2011-08-02,10.08010
2011-08-03,10.09770
2011-08-04,10.07580
2011-08-05,9.95660
2011-08-08,9.85650
2011-08-09,9.80810
2011-08-10,9.86320
2011-08-11,9.84580
2011-08-12,9.81830
2011-08-16,9.74590
2011-08-17,9.70110
2011-08-18,9.59700
2011-08-19,9.53710
2011-08-22,9.59960
2011-08-23,9.68890
2011-08-24,9.70150
2011-08-25,9.64250
2011-08-26,9.62540
2011-08-29,9.70020
2011-08-30,9.75610
2011-09-02,9.72590
2011-09-05,9.77130
2011-09-06,9.81390
2011-09-07,9.85940
2011-09-08,9.84930
2011-09-09,9.79640
2011-09-12,9.72550
2011-09-13,9.76870
2011-09-14,9.76240
2011-09-15,9.77860
2011-09-16,9.81580
2011-09-19,9.79510
2011-09-20,9.81360
2011-09-21,9.84360
2011-09-22,9.72940
2011-09-23,9.65250
2011-09-26,9.54800
2011-09-27,9.58830
2011-09-28,9.54540
2011-09-29,9.54100
2011-09-30,9.52090
2011-10-03,9.43270
2011-10-04,9.41290
2011-10-05,9.39020
2011-10-07,9.51820
2011-10-10,9.56920
2011-10-11,9.58150
2011-10-12,9.61250
2011-10-13,9.60500
2011-10-14,9.60010
2011-10-17,9.59290
2011-10-18,9.55090
2011-10-19,9.60740
2011-10-20,9.58980
2011-10-21,9.64900
2011-10-24,9.65760
2011-10-25,9.69870
2011-10-28,9.72060
2011-10-31,9.72540
2011-11-01,9.70190
2011-11-02,9.66880
2011-11-03,9.68770
2011-11-04,9.73720
2011-11-08,9.73340
2011-11-09,9.71760
2011-11-11,9.65870
2011-11-14,9.58970
2011-11-15,9.46680
2011-11-16,9.40150
2011-11-17,9.37090
2011-11-18,9.34260
2011-11-21,9.31740
2011-11-22,9.33350
2011-11-23,9.26590
2011-11-24,9.28840
2011-11-25,9.31060
2011-11-28,9.36220
2011-11-29,9.35530
2011-11-30,9.34470
2011-12-01,9.33990
2011-12-02,9.40190
2011-12-05,9.36860
2011-12-07,9.39360
2011-12-08,9.36750
2011-12-09,9.35090
2011-12-12,9.30650
2011-12-13,9.29610
2011-12-14,9.25810
2011-12-15,9.24420
2011-12-16,9.19700
2011-12-19,9.13380
2011-12-20,9.09810
2011-12-21,9.11200
2011-12-22,9.08800
2011-12-23,9.13400
2011-12-26,9.12360
2011-12-27,9.10660
2011-12-28,9.08970
2011-12-29,9.04580
2011-12-30,9.04100
2012-01-02,9.06190
2012-01-03,9.20790
2012-01-04,9.19920
2012-01-05,9.24920
2012-01-06,9.27530
2012-01-09,9.37350
2012-01-10,9.45870
2012-01-11,9.48770
2012-01-12,9.50600
2012-01-13,9.53440
2012-01-16,9.54940
2012-01-17,9.57440
2012-01-18,9.49890
2012-01-19,9.56060
2012-01-20,9.58750
2012-01-23,9.58970
2012-01-24,9.66590
2012-01-25,9.69380
2012-01-27,9.74470
2012-01-30,9.64770
2012-01-31,9.74380
2012-02-01,9.85710
2012-02-02,9.87780
2012-02-03,9.97980
2012-02-06,10.05640
2012-02-07,10.01540
2012-02-08,10.02760
2012-02-09,10.05500
2012-02-10,10.04510
2012-02-13,10.06250
2012-02-14,10.07930
2012-02-15,10.08190
2012-02-16,10.07820
2012-02-17,10.08000
2012-02-21,10.09080
2012-02-22,10.07770
2012-02-23,10.07480
2012-02-24,10.07210
2012-02-27,10.06300
2012-02-28,10.07850
2012-02-29,10.08770
2012-03-01,10.08470
2012-03-02,10.08790
2012-03-05,10.09400
2012-03-06,10.09260
2012-03-07,10.09370
2012-03-09,10.15710
2012-03-12,10.15890
2012-03-13,10.16270
2012-03-14,10.16040
2012-03-15,10.15700
2012-03-16,10.14120
2012-03-19,10.15000
2012-03-20,10.14790
2012-03-21,10.14980
2012-03-22,10.13540
2012-03-23,10.13540
2012-03-26,10.13140
2012-03-27,10.13000
2012-03-28,10.11660
2012-03-29,10.12820
2012-03-30,10.14810
2012-04-02,10.15680
2012-04-03,10.18990
2012-04-04,10.16670
2012-04-09,10.14140
2012-04-10,10.15730
2012-04-11,10.15950
2012-04-12,10.17310
2012-04-13,10.16310
2012-04-16,10.18650
2012-04-17,10.20600
2012-04-18,10.18150
2012-04-19,10.19500
2012-04-20,10.18220
2012-04-23,10.17160
2012-04-24,10.19450
2012-04-25,10.18480
2012-04-26,10.17520
2012-04-27,10.17110
2012-04-30,10.22340
2012-05-02,10.17740
2012-05-03,10.18910
2012-05-04,10.20540
2012-05-07,10.20960
2012-05-08,10.21630
2012-05-09,10.20520
2012-05-10,10.19680
2012-05-11,10.19730
2012-05-14,10.19940
2012-05-15,10.20480
2012-05-16,10.19940
2012-05-17,10.20310
2012-05-18,10.19750
2012-05-21,10.20740
2012-05-22,10.20180
2012-05-23,10.20690
2012-05-24,10.21300
2012-05-25,10.21190
2012-05-28,10.21760
2012-05-29,10.22300
2012-05-30,10.24830
2012-05-31,10.25390
2012-06-01,10.25710
2012-06-04,10.26350
2012-06-05,10.27120
2012-06-06,10.27630
2012-06-07,10.28100
2012-06-08,10.29860
2012-06-11,10.29990
2012-06-12,10.30510
2012-06-13,10.31110
2012-06-14,10.30820
2012-06-15,10.31100
2012-06-18,10.30580
2012-06-19,10.30510
2012-06-20,10.30530
2012-06-21,10.30970
2012-06-22,10.32150
2012-06-25,10.32610
2012-06-26,10.32290
2012-06-27,10.32430
2012-06-28,10.32820
2012-06-29,10.33430
2012-07-02,10.33590
2012-07-03,10.33980
2012-07-04,10.35040
2012-07-05,10.35960
2012-07-06,10.36010
2012-07-09,10.36440
2012-07-10,10.36500
2012-07-11,10.36780
2012-07-12,10.37130
2012-07-13,10.37470
2012-07-16,10.38120
2012-07-17,10.38100
2012-07-18,10.39070
2012-07-19,10.39350
2012-07-20,10.39880
2012-07-23,10.40820
2012-07-24,10.41490
2012-07-25,10.42080
2012-07-26,10.41930
2012-07-27,10.41990
2012-07-30,10.42330
2012-07-31,10.42370
2012-08-01,10.42380
2012-08-02,10.42480
2012-08-03,10.43190
2012-08-06,10.45560
2012-08-07,10.46610
2012-08-08,10.46700
2012-08-09,10.46500
2012-08-10,10.46560
2012-08-13,10.46390
2012-08-14,10.46640
2012-08-15,10.46790
2012-08-16,10.47580
2012-08-17,10.47820
2012-08-21,10.48850
2012-08-22,10.49220
2012-08-23,10.49850
2012-08-24,10.49670
2012-08-27,10.49870
2012-08-28,10.49710
2012-08-29,10.49320
2012-08-30,10.50270
2012-08-31,10.50630
2012-09-03,10.51400
2012-09-04,10.51350
2012-09-05,10.51640
2012-09-06,10.52190
2012-09-07,10.52730
2012-09-10,10.53750
2012-09-11,10.54150
2012-09-12,10.54220
2012-09-13,10.54410
2012-09-14,10.54710
2012-09-17,10.56900
2012-09-18,10.57290
2012-09-19,10.57440
2012-09-20,10.57220
2012-09-21,10.58890
2012-09-24,10.60270
2012-09-25,10.60230
2012-09-26,10.61350
2012-09-27,10.61240
2012-09-28,10.61550
2012-10-01,10.62180
2012-10-03,10.62780
2012-10-04,10.62890
2012-10-05,10.63100
2012-10-08,10.63730
2012-10-09,10.64170
2012-10-10,10.64180
2012-10-11,10.64710
2012-10-12,10.65340
2012-10-15,10.66030
2012-10-16,10.66560
2012-10-17,10.64350
2012-10-18,10.65100
2012-10-19,10.64970
2012-10-22,10.65050
2012-10-23,10.64550
2012-10-25,10.66160
2012-10-26,10.65660
2012-10-29,10.66470
2012-10-30,10.65240
2012-10-31,10.69230
2012-11-01,10.69350
2012-11-02,10.69840
2012-11-05,10.70200
2012-11-06,10.70480
2012-11-07,10.70550
2012-11-08,10.70480
2012-11-09,10.70280
2012-11-12,10.70870
2012-11-14,10.71190
2012-11-15,10.71230
2012-11-16,10.71240
2012-11-19,10.71600
2012-11-20,10.71950
2012-11-21,10.72100
2012-11-22,10.72070
2012-11-23,10.72180
2012-11-26,10.72680
2012-11-27,10.72970
2012-11-29,10.73770
2012-11-30,10.74560
2012-12-03,10.75760
2012-12-04,10.76730
2012-12-05,10.76360
2012-12-06,10.76820
2012-12-07,10.76560
2012-12-10,10.76990
2012-12-11,10.75550
2012-12-12,10.75410
2012-12-13,10.75550
2012-12-14,10.76050
2012-12-17,10.76840
2012-12-18,10.77160
2012-12-19,10.77610
2012-12-20,10.78060
2012-12-21,10.78200
2012-12-24,10.78950
2012-12-26,10.79460
2012-12-27,10.79440
2012-12-28,10.79700
2012-12-31,10.80080
2013-01-01,10.81620
2013-01-02,10.81780
2013-01-03,10.82040
2013-01-04,10.82330
2013-01-07,10.83460
2013-01-08,10.84040
2013-01-09,10.84930
2013-01-10,10.85970
2013-01-11,10.84270
2013-01-14,10.86210
2013-01-15,10.86710
2013-01-16,10.86040
2013-01-17,10.85190
2013-01-18,10.85250
2013-01-21,10.85220
2013-01-22,10.85410
2013-01-23,10.85630
2013-01-24,10.85220
2013-01-25,10.85360
2013-01-28,10.86300
2013-01-29,10.85810
2013-01-30,10.84750
2013-01-31,10.85890
2013-02-01,10.87440
2013-02-04,10.87550
2013-02-05,10.85570
2013-02-06,10.86970
2013-02-07,10.86310
2013-02-08,10.86070
2013-02-11,10.81930
2013-02-12,10.86190
2013-02-13,10.86490
2013-02-14,10.84900
2013-02-15,10.84760
2013-02-18,10.85280
2013-02-19,10.85950
2013-02-20,10.86870
2013-02-21,10.86170
2013-02-22,10.85970
2013-02-25,10.92590
2013-02-26,10.92100
2013-02-27,10.92730
2013-02-28,10.93190
2013-03-01,10.93000
2013-03-04,10.93840
2013-03-05,10.94720
2013-03-06,10.95010
2013-03-07,10.95060
2013-03-08,10.95430
2013-03-11,10.95710
2013-03-12,10.95530
2013-03-13,10.95320
2013-03-14,10.95840
2013-03-15,10.96960
2013-03-18,10.96820
2013-03-19,10.96620
2013-03-20,10.96710
2013-03-21,10.96730
2013-03-22,10.96510
2013-03-25,10.97060
2013-03-26,10.96770
2013-03-28,10.97570
2013-03-29,10.97740
2013-04-01,10.98970
2013-04-02,10.99760
2013-04-03,11.00250
2013-04-04,11.00510
2013-04-05,11.00330
2013-04-08,11.01130
2013-04-09,11.01830
2013-04-10,11.01230
2013-04-11,11.01740
2013-04-12,11.02040
2013-04-15,11.02780
2013-04-16,11.03130
2013-04-17,11.03720
2013-04-18,11.05290
2013-04-19,11.05470
2013-04-22,11.06330
2013-04-23,11.05930
2013-04-24,11.06100
2013-04-25,11.07400
2013-04-26,11.08250
2013-04-29,11.08630
2013-04-30,11.08990
2013-05-02,11.10130
2013-05-03,11.09490
2013-05-06,11.10640
2013-05-07,11.11770
2013-05-08,11.13290
2013-05-09,11.14040
2013-05-10,11.14070
2013-05-13,11.13660
2013-05-14,11.16570
2013-05-15,11.17240
2013-05-16,11.16970
2013-05-17,11.17040
2013-05-20,11.17480
2013-05-21,11.17090
2013-05-22,11.17430
2013-05-23,11.17880
2013-05-24,11.17940
2013-05-27,11.18600
2013-05-28,11.18050
2013-05-29,11.17970
2013-05-30,11.18720
2013-05-31,11.17520
2013-06-03,11.17300
2013-06-04,11.18580
2013-06-05,11.18330
2013-06-06,11.19280
2013-06-07,11.19010
2013-06-10,11.18360
2013-06-11,11.16610
2013-06-12,11.16120
2013-06-13,11.16220
2013-06-14,11.16550
2013-06-17,11.17270
2013-06-18,11.17820
2013-06-19,11.17690
2013-06-20,11.16080
2013-06-21,11.15670
2013-06-24,11.16790
2013-06-25,11.16950
2013-06-26,11.15870
2013-06-27,11.15250
2013-06-28,11.17180
2013-07-01,11.18170
2013-07-02,11.18480
2013-07-03,11.17410
2013-07-04,11.20430
2013-07-05,11.21480
2013-07-08,11.20200
2013-07-09,11.20820
2013-07-10,11.20770
2013-07-11,11.22310
2013-07-12,11.24000
2013-07-15,11.24460
2013-07-16,11.15100
2013-07-17,11.14370
2013-07-18,11.17340
2013-07-19,11.17210
2013-07-22,11.16330
2013-07-23,11.15100
2013-07-24,11.08490
2013-07-25,11.16340
2013-07-26,11.16230
2013-07-29,11.15030
2013-07-30,11.13960
2013-07-31,11.11630
2013-08-01,11.14750
2013-08-02,11.14220
2013-08-05,11.14580
2013-08-06,11.14070
2013-08-07,11.15080
2013-08-08,11.17310
2013-08-12,11.16670
2013-08-13,11.16910
2013-08-14,11.15280
2013-08-16,11.11160
2013-08-19,11.04700
2013-08-20,11.05290
2013-08-21,11.11850
2013-08-22,11.11810
2013-08-23,11.15620
2013-08-26,11.15070
2013-08-27,11.09120
2013-08-28,11.05660
2013-08-29,11.06910
2013-08-30,11.08990
2013-09-02,11.12890
2013-09-03,11.10690
2013-09-04,11.13070
2013-09-05,11.18040
2013-09-06,11.17720
2013-09-10,11.20570
2013-09-11,11.21730
2013-09-12,11.22140
2013-09-13,11.22900
2013-09-16,11.25290
2013-09-17,11.24070
2013-09-18,11.25990
2013-09-19,11.30130
2013-09-20,11.27520
2013-09-23,11.24800
2013-09-24,11.24230
2013-09-25,11.25710
2013-09-26,11.26790
2013-09-27,11.28090
2013-09-30,11.27230
2013-10-01,11.28570
2013-10-02,11.28760
2013-10-03,11.32030
2013-10-04,11.33130
2013-10-07,11.34130
2013-10-08,11.38450
2013-10-09,11.40900
2013-10-10,11.40170
2013-10-11,11.41240
2013-10-14,11.40400
2013-10-15,11.39650
2013-10-16,11.39840
2013-10-17,11.40690
2013-10-18,11.44490
2013-10-21,11.46230
2013-10-22,11.46560
2013-10-23,11.47820
2013-10-24,11.48200
2013-10-25,11.47580
2013-10-28,11.48630
2013-10-29,11.52250
2013-10-30,11.50860
2013-10-31,11.52230
2013-11-01,11.52000
2013-11-04,11.52570
2013-11-05,11.54480
2013-11-06,11.51260
2013-11-07,11.50250
2013-11-08,11.47880
2013-11-11,11.46560
2013-11-12,11.42990
2013-11-13,11.44300
2013-11-14,11.44620
2013-11-15,11.44820
2013-11-18,11.45730
2013-11-19,11.46660
2013-11-20,11.47960
2013-11-21,11.46150
2013-11-22,11.46890
2013-11-25,11.48560
2013-11-26,11.49300
2013-11-27,11.52270
2013-11-28,11.53820
2013-11-29,11.55400
2013-12-02,11.56740
2013-12-03,11.56700
2013-12-04,11.55570
2013-12-05,11.57300
2013-12-06,11.57020
2013-12-09,11.58990
2013-12-10,11.58840
2013-12-11,11.58040
2013-12-12,11.58350
2013-12-13,11.57060
2013-12-16,11.58790
2013-12-17,11.57950
2013-12-18,11.63130
2013-12-19,11.63890
2013-12-20,11.66740
2013-12-21,11.66940
2013-12-23,11.69170
2013-12-24,11.68980
2013-12-26,11.70170
2013-12-27,11.71470
2013-12-30,11.72160
2013-12-31,11.73010
2014-01-01,11.72670
2014-01-02,11.71370
2014-01-03,11.72700
2014-01-06,11.67670
2014-01-07,11.67640
2014-01-08,11.67160
2014-01-09,11.67460
2014-01-10,11.67430
2014-01-13,11.70060
2014-01-14,11.69900
2014-01-15,11.71620
2014-01-16,11.72280
2014-01-17,11.70160
2014-01-20,11.72470
2014-01-21,11.72900
2014-01-22,11.72810
2014-01-23,11.73200
2014-01-24,11.71410
2014-01-27,11.67960
2014-01-28,11.65380
2014-01-29,11.65230
2014-01-30,11.61300
2014-01-31,11.63740
2014-02-03,11.63490
2014-02-04,11.62950
2014-02-05,11.64010
2014-02-06,11.64280
2014-02-07,11.66480
2014-02-10,11.66850
2014-02-11,11.65860
2014-02-12,11.66090
2014-02-13,11.64290
2014-02-14,11.64530
2014-02-17,11.67900
2014-02-18,11.72360
2014-02-19,11.70210
2014-02-20,11.70010
2014-02-21,11.73240
2014-02-24,11.76950
2014-02-25,11.78350
2014-02-26,11.81660
2014-02-28,11.80160
2014-03-03,11.79630
2014-03-04,11.85590
2014-03-05,11.87980
2014-03-06,11.91560
2014-03-07,11.93350
2014-03-10,11.92400
2014-03-11,11.95780
2014-03-12,11.94840
2014-03-13,11.93160
2014-03-14,11.91320
2014-03-18,11.92830
2014-03-19,11.94370
2014-03-20,11.94170
2014-03-21,11.95500
2014-03-24,11.97670
2014-03-25,11.97290
2014-03-26,11.97430
2014-03-27,12.01410
2014-03-28,12.06350
2014-03-31,12.10500
2014-04-01,12.12840
2014-04-02,12.13810
2014-04-03,12.13520
2014-04-04,12.15690
2014-04-07,12.15190
2014-04-09,12.19430
2014-04-10,12.21740
2014-04-11,12.26350
2014-04-15,12.26820
2014-04-16,12.25650
2014-04-17,12.33080
2014-04-21,12.40060
2014-04-22,12.40210
2014-04-23,12.42020
2014-04-25,12.43350
2014-04-28,12.47010
2014-04-29,12.43070
2014-04-30,12.37280
2014-05-02,12.35160
2014-05-05,12.35020
2014-05-06,12.33090
2014-05-07,12.31370
2014-05-08,12.30510
2014-05-09,12.36030
2014-05-12,12.34290
2014-05-13,12.38360
2014-05-15,12.35470
2014-05-16,12.39860
2014-05-19,12.44600
2014-05-20,12.52290
2014-05-21,12.57610
2014-05-22,12.63930
2014-05-23,12.65630
2014-05-26,12.58410
2014-05-27,12.56060
2014-05-28,12.60660
2014-05-29,12.59230
2014-05-30,12.60090
2014-06-02,12.68210
2014-06-03,12.71360
2014-06-04,12.75830
2014-06-05,12.80780
2014-06-06,12.87500
2014-06-09,12.96650
2014-06-10,12.99970
2014-06-11,12.95610
2014-06-12,12.93370
2014-06-13,12.83930
2014-06-16,12.84910
2014-06-17,12.88380
2014-06-18,12.89380
2014-06-19,12.81890
2014-06-20,12.82950
2014-06-23,12.78000
2014-06-24,12.83030
2014-06-25,12.87500
2014-06-26,12.85540
2014-06-27,12.88290
2014-06-30,12.96260
2014-07-01,12.97430
2014-07-02,13.14080
2014-07-03,13.12130
2014-07-04,13.15500
2014-07-07,13.15900
2014-07-08,13.02750
2014-07-09,12.96590
2014-07-10,13.00810
2014-07-11,12.88410
2014-07-14,12.88430
2014-07-15,12.99590
2014-07-16,13.17140
2014-07-17,13.20970
2014-07-18,13.19750
2014-07-21,13.22100
2014-07-22,13.21480
2014-07-23,13.18140
2014-07-24,13.11670
2014-07-25,13.09350
2014-07-28,13.07630
2014-07-30,13.12450
2014-07-31,13.07950
2014-08-01,13.08280
2014-08-04,13.14220
2014-08-05,13.14850
2014-08-06,13.10930
2014-08-07,13.09070
2014-08-08,13.07160
2014-08-11,13.06900
2014-08-12,13.10400
2014-08-13,13.06020
2014-08-14,13.14980
2014-08-18,13.25420
2014-08-19,13.26580
2014-08-20,13.29710
2014-08-21,13.29280
2014-08-22,13.40440
2014-08-25,13.50200
2014-08-26,13.51850
2014-08-27,13.58400
2014-08-28,13.56000
2014-09-01,13.61050
2014-09-02,13.62920
2014-09-03,13.74020
2014-09-04,13.81010
2014-09-05,13.82800
2014-09-08,13.98270
2014-09-09,14.00110
2014-09-10,14.04950
2014-09-11,14.03920
2014-09-12,13.99170
2014-09-15,14.08330
2014-09-16,13.90820
2014-09-17,13.88610
2014-09-18,14.03950
2014-09-19,14.08690
2014-09-22,14.09990
2014-09-23,13.96590
2014-09-24,13.99580
2014-09-25,13.92860
2014-09-26,13.90020
2014-09-29,13.94850
2014-09-30,13.97180
2014-10-01,14.01800
2014-10-07,14.01410
2014-10-08,13.98080
2014-10-09,14.03390
2014-10-10,13.94710
2014-10-13,13.96840
2014-10-14,14.02170
2014-10-16,13.96580
2014-10-17,13.95160
2014-10-20,14.03500
2014-10-21,14.08970
2014-10-22,14.09890
2014-10-27,14.13780
2014-10-28,14.21410
2014-10-29,14.26530
2014-10-30,14.24260
2014-10-31,14.31360
2014-11-03,14.29330
2014-11-05,14.41730
2014-11-07,14.43510
2014-11-10,14.42660
2014-11-11,14.46080
2014-11-12,14.55920
2014-11-13,14.51480
2014-11-14,14.53220
2014-11-17,14.56500
2014-11-18,14.60330
2014-11-19,14.55970
2014-11-20,14.60220
2014-11-21,14.59640
2014-11-24,14.60730
2014-11-25,14.50240
2014-11-26,14.50410
2014-11-27,14.51850
2014-11-28,14.56640
2014-12-01,14.57870
2014-12-02,14.71400
2014-12-03,14.77620
2014-12-04,15.00120
2014-12-05,15.09680
2014-12-08,15.11380
2014-12-09,15.00130
2014-12-10,14.97420
2014-12-11,14.90310
2014-12-12,14.82000
2014-12-15,14.76770
2014-12-16,14.63390
2014-12-17,14.54430
2014-12-18,14.69460
2014-12-19,14.72630
2014-12-22,14.81320
2014-12-23,14.72160
2014-12-24,14.71180
2014-12-26,14.71500
2014-12-29,14.74400
2014-12-30,14.75760
2014-12-31,14.80910
2015-01-01,14.88290
2015-01-02,14.89480
2015-01-05,14.89970
2015-01-06,14.69190
2015-01-07,14.66440
2015-01-08,14.77670
2015-01-09,14.81400
2015-01-12,14.96980
2015-01-13,15.08380
2015-01-14,15.07660
2015-01-15,15.17210
2015-01-16,15.19730
2015-01-19,15.19840
2015-01-20,15.16210
2015-01-21,15.24400
2015-01-22,15.17430
2015-01-23,15.17040
2015-01-27,15.24410
2015-01-28,15.17170
2015-01-29,15.27960
2015-01-30,15.19290
2015-02-02,15.35040
2015-02-03,15.28290
2015-02-04,15.19170
2015-02-05,15.11510
2015-02-06,15.05140
2015-02-09,15.01700
2015-02-10,15.05900
2015-02-11,15.16490
2015-02-12,15.26370
2015-02-13,15.34290
2015-02-16,15.37340
2015-02-18,15.43890
2015-02-19,15.47430
2015-02-20,15.55980
2015-02-23,15.56500
2015-02-24,15.61910
2015-02-25,15.67240
2015-02-26,15.56580
2015-02-27,15.69640
2015-03-02,15.78660
2015-03-03,15.78440
2015-03-04,15.73900
2015-03-05,15.83510
2015-03-09,15.78220
2015-03-10,15.80270
2015-03-11,15.81870
2015-03-12,15.89740
2015-03-13,15.77070
2015-03-16,15.73780
2015-03-17,15.79580
2015-03-18,15.91740
2015-03-19,16.02110
2015-03-20,15.96560
2015-03-23,15.91670
2015-03-24,16.05820
2015-03-25,16.15250
2015-03-26,15.99870
2015-03-27,16.00400
2015-03-30,16.11630
2015-03-31,16.13930
2015-04-06,16.40990
2015-04-07,16.41980
2015-04-08,16.37720
2015-04-09,16.42050
2015-04-10,16.45620
2015-04-13,16.58510
2015-04-15,16.66980
2015-04-16,16.65490
2015-04-17,16.51260
2015-04-20,16.47660
2015-04-21,16.42310
2015-04-22,16.46340
2015-04-23,16.44650
2015-04-24,16.24550
2015-04-27,15.99190
2015-04-28,16.19080
2015-04-29,16.34680
2015-04-30,16.25240
2015-05-04,16.33470
2015-05-05,16.38460
2015-05-06,16.15290
2015-05-07,16.02680
2015-05-08,16.11420
2015-05-11,16.26890
2015-05-12,16.14540
2015-05-13,16.26130
2015-05-14,16.23290
2015-05-15,16.34690
2015-05-18,16.39200
2015-05-19,16.41990
2015-05-20,16.46060
2015-05-21,16.48020
2015-05-22,16.49830
2015-05-25,16.44910
2015-05-26,16.46510
2015-05-27,16.50200
2015-05-28,16.54870
2015-05-29,16.64550
2015-06-01,16.62130
2015-06-02,16.44660
2015-06-03,16.30220
2015-06-04,16.34850
2015-06-05,16.38240
2015-06-08,16.29700
2015-06-09,16.13950
2015-06-10,16.33940
2015-06-11,16.13800
2015-06-12,16.20920
2015-06-15,16.18630
2015-06-16,16.20420
2015-06-17,16.24610
2015-06-18,16.29580
2015-06-19,16.31840
2015-06-22,16.44580
2015-06-23,16.44900
2015-06-24,16.44030
2015-06-25,16.41640
2015-06-26,16.41440
2015-06-29,16.33090
2015-06-30,16.36850
2015-07-01,16.46200
2015-07-02,16.45850
2015-07-03,16.52120
2015-07-06,16.53850
2015-07-07,16.54660
2015-07-08,16.37370
2015-07-09,16.39330
2015-07-10,16.44660
2015-07-13,16.55290
2015-07-14,16.57340
2015-07-15,16.58770
2015-07-16,16.72300
2015-07-17,16.70730
2015-07-20,16.66040
2015-07-21,16.44250
2015-07-22,16.53090
2015-07-23,16.53570
2015-07-24,16.50370
2015-07-27,16.42860
2015-07-28,16.45560
2015-07-29,16.53200
2015-07-30,16.53770
2015-07-31,16.63980
2015-08-03,16.64940
2015-08-04,16.70770
2015-08-05,16.69180
2015-08-06,16.64260
2015-08-07,16.64860
2015-08-10,16.62890
2015-08-11,16.60730
2015-08-12,16.48760
2015-08-13,16.50480
2015-08-14,16.55790
2015-08-17,16.59440
2015-08-18,16.58300
2015-08-19,16.61470
2015-08-20,16.51840
2015-08-21,16.48000
2015-08-24,15.67460
2015-08-25,15.72710
2015-08-26,15.73750
2015-08-27,15.92660
2015-08-28,16.08710
2015-08-31,16.03170
2015-09-01,15.78250
2015-09-02,15.71400
2015-09-03,15.78310
2015-09-04,15.59250
2015-09-07,15.33060
2015-09-08,15.43120
2015-09-09,15.57560
2015-09-10,15.55350
2015-09-11,15.59230
2015-09-14,15.74180
2015-09-15,15.62320
2015-09-16,15.57380
2015-09-18,15.68320
2015-09-21,15.70640
2015-09-22,15.64860
2015-09-23,15.66320
2015-09-24,15.62850
2015-09-28,15.60390
2015-09-29,15.55940
2015-09-30,15.61940
2015-10-01,15.71010
2015-10-05,15.85270
2015-10-06,15.88230
2015-10-07,15.83610
2015-10-08,15.77710
2015-10-09,15.81090
2015-10-12,15.78080
2015-10-13,15.77360
2015-10-14,15.70030
2015-10-15,15.72520
2015-10-16,15.78540
2015-10-19,15.81490
2015-10-20,15.88030
2015-10-21,15.85380
2015-10-23,15.86570
2015-10-26,15.83560
2015-10-27,15.85200
2015-10-28,15.77680
2015-10-30,15.67700
2015-11-02,15.63000
2015-11-03,15.64890
2015-11-04,15.64410
2015-11-05,15.64960
2015-11-06,15.67180
2015-11-09,15.68060
2015-11-10,15.59050
2015-11-13,15.66460
2015-11-16,15.59910
2015-11-17,15.63040
2015-11-18,15.60900
2015-11-19,15.69060
2015-11-20,15.70190
2015-11-23,15.69180
2015-11-24,15.70450
2015-11-26,15.73880
2015-11-27,15.75510
2015-11-30,15.80200
2015-12-01,15.80600
2015-12-02,15.80070
2015-12-03,15.79540
2015-12-04,15.80700
2015-12-07,15.79850
2015-12-08,15.70270
2015-12-09,15.45580
2015-12-10,15.61320
2015-12-11,15.52170
2015-12-14,15.49670
2015-12-15,15.53810
2015-12-16,15.73990
2015-12-17,15.81580
2015-12-18,15.74760
2015-12-21,15.79000
2015-12-22,15.81940
2015-12-23,15.87120
2015-12-24,15.86600
2015-12-28,15.91310
2015-12-29,15.91240
2015-12-30,15.88290
2015-12-31,15.99830
2016-01-01,16.04440
2016-01-04,15.93110
2016-01-05,16.02790
2016-01-06,16.04310
2016-01-07,16.06360
2016-01-08,16.17420
2016-01-11,16.01670
2016-01-12,15.85580
2016-01-13,15.73410
2016-01-14,15.63840
2016-01-15,15.42760
2016-01-18,15.31240
2016-01-19,15.47970
2016-01-20,15.26240
2016-01-21,15.27780
2016-01-22,15.41710
2016-01-25,15.53330
2016-01-27,15.56420
2016-01-28,15.51210
2016-01-29,15.67490
2016-02-01,15.64760
2016-02-02,15.52150
2016-02-03,15.35800
2016-02-04,15.33440
2016-02-05,15.49880
2016-02-08,15.50740
2016-02-09,15.42760
2016-02-10,15.41050
2016-02-11,15.11350
2016-02-12,15.10020
2016-02-15,15.33510
2016-02-16,15.16570
2016-02-17,15.21580
2016-02-18,15.24950
2016-02-19,15.21610
2016-02-22,15.33390
2016-02-23,15.22640
2016-02-24,15.09580
2016-02-25,15.06600
2016-02-26,15.06520
2016-02-29,15.00670
2016-03-01,15.27180
2016-03-02,15.38050
2016-03-03,15.56860
2016-03-04,15.62050
2016-03-08,15.62470
2016-03-09,15.64720
2016-03-10,15.60720
2016-03-11,15.56650
2016-03-14,15.58040
2016-03-15,15.45250
2016-03-16,15.56210
2016-03-17,15.62070
2016-03-18,15.64440
2016-03-21,15.74780
2016-03-22,15.84300
2016-03-23,15.89590
2016-03-28,15.63840
2016-03-29,15.61660
2016-03-30,15.74760
2016-03-31,15.82710
2016-04-01,15.81050
2016-04-04,15.78500
2016-04-05,15.69020
2016-04-06,15.73850
2016-04-07,15.68880
2016-04-08,15.70940
2016-04-11,15.76400
2016-04-12,15.79520
2016-04-13,15.93370
2016-04-18,16.03980
2016-04-20,16.02990
2016-04-21,16.00710
2016-04-22,15.99980
2016-04-25,15.96090
2016-04-26,16.01610
2016-04-27,15.98990
2016-04-28,15.88860
2016-04-29,15.94620
2016-05-02,16.01350
2016-05-03,15.93200
2016-05-04,15.84570
2016-05-05,15.74840
2016-05-06,15.91940
2016-05-09,16.13280
2016-05-10,16.15790
2016-05-11,16.23080
2016-05-12,16.32170
2016-05-13,16.26370
2016-05-16,16.17900
2016-05-17,16.19140
2016-05-18,16.28270
2016-05-19,16.17970
2016-05-20,16.00310
2016-05-23,15.94330
2016-05-24,15.92780
2016-05-25,16.08380
2016-05-26,16.11210
2016-05-27,16.23920
2016-05-30,16.19220
2016-05-31,16.12080
2016-06-01,16.16400
2016-06-02,16.15430
2016-06-03,16.20180
2016-06-06,16.17720
2016-06-07,16.17500
2016-06-08,16.24260
2016-06-09,16.25320
2016-06-10,16.22440
2016-06-13,16.18680
2016-06-14,16.21340
2016-06-15,16.29260
2016-06-16,16.22140
2016-06-17,16.22490
2016-06-20,16.17210
2016-06-21,16.21020
2016-06-22,16.31050
2016-06-23,16.45890
2016-06-24,16.31850
2016-06-27,16.42930
2016-06-28,16.29110
2016-06-29,16.32410
2016-06-30,16.41210
2016-07-01,16.42140
2016-07-04,16.43400
2016-07-05,16.49590
2016-07-07,16.50780
2016-07-08,16.48180
2016-07-11,16.57560
2016-07-12,16.44830
2016-07-13,16.35470
2016-07-14,16.38650
2016-07-15,16.29050
2016-07-18,16.22710
2016-07-19,16.21840
2016-07-20,16.21820
2016-07-21,16.16130
2016-07-22,16.20240
2016-07-25,16.29320
2016-07-26,16.24720
2016-07-27,16.26710
2016-07-28,16.26810
2016-07-29,16.22410
2016-08-01,16.24960
2016-08-02,16.12810
2016-08-03,16.07020
2016-08-04,16.07410
2016-08-05,16.42160
2016-08-08,16.55730
2016-08-09,16.45150
2016-08-10,16.28290
2016-08-11,16.28560
2016-08-12,16.27760
2016-08-16,16.23460
2016-08-17,16.45210
2016-08-18,16.46280
2016-08-19,16.51140
2016-08-22,16.42520
2016-08-23,16.38840
2016-08-24,16.51250
2016-08-25,16.46680
2016-08-26,16.40270
2016-08-29,16.40230
2016-08-30,16.48570
2016-08-31,16.46130
2016-09-01,16.36190
2016-09-02,16.41480
2016-09-06,16.48640
2016-09-07,16.51100
2016-09-08,16.53950
2016-09-09,16.46960
2016-09-12,16.25910
2016-09-14,16.32120
2016-09-15,16.30780
2016-09-16,16.37040
2016-09-19,16.40200
2016-09-20,16.36920
2016-09-21,16.36880
2016-09-22,16.45070
2016-09-23,16.43360
2016-09-26,16.32860
2016-09-27,16.30240
2016-09-28,16.36940
2016-09-29,16.11720
2016-09-30,16.21290
2016-10-03,16.39050
2016-10-04,16.37750
2016-10-05,16.40230
2016-10-06,16.34580
2016-10-07,16.34900
2016-10-10,16.43860
2016-10-13,16.19110
2016-10-14,16.26460
2016-10-17,16.35270
2016-10-18,16.52700
2016-10-19,16.56980
2016-10-20,16.61290
2016-10-21,16.50560
2016-10-24,16.54570
2016-10-25,16.58600
2016-10-26,16.41860
2016-10-27,16.39940
2016-10-28,16.41970
2016-11-01,16.44620
2016-11-02,16.34650
2016-11-03,16.24950
2016-11-04,16.04800
2016-11-07,16.19420
2016-11-08,16.15210
2016-11-09,16.00720
2016-11-10,16.13960
2016-11-11,15.94140
2016-11-15,15.56250
2016-11-16,15.56420
2016-11-17,15.59350
2016-11-18,15.63940
2016-11-21,15.44040
2016-11-22,15.49680
2016-11-23,15.60270
2016-11-24,15.60430
2016-11-25,15.76320
2016-11-28,15.74510
2016-11-29,15.70900
2016-11-30,15.74310
2016-12-01,15.72920
2016-12-02,15.62000
2016-12-05,15.64180
2016-12-06,15.64890
2016-12-07,15.56180
2016-12-08,15.76450
2016-12-09,15.81840
2016-12-12,15.75790
2016-12-13,15.81730
2016-12-14,15.74710
2016-12-15,15.72960
2016-12-16,15.75510
2016-12-19,15.67920
2016-12-20,15.56980
2016-12-21,15.50820
2016-12-22,15.39380
2016-12-23,15.37560
2016-12-26,15.25290
2016-12-27,15.33850
2016-12-28,15.37830
2016-12-29,15.45720
2016-12-30,15.58930
2017-01-02,15.59740
2017-01-03,15.66870
2017-01-04,15.67120
2017-01-05,15.80810
2017-01-06,15.72320
2017-01-09,15.72030
2017-01-10,15.70630
2017-01-11,15.76320
2017-01-12,15.75910
2017-01-13,15.81200
2017-01-16,15.78950
2017-01-17,15.79690
2017-01-18,15.80070
2017-01-19,15.80390
2017-01-20,15.66280
2017-01-23,15.67450
2017-01-24,15.75870
2017-01-25,15.82920
2017-01-27,15.98090
2017-01-30,16.07940
2017-01-31,15.96550
2017-02-01,16.06920
2017-02-02,16.24540
2017-02-03,16.20820
2017-02-06,16.34950
2017-02-07,16.25480
2017-02-08,16.23470
2017-02-09,16.23710
2017-02-10,16.23380
2017-02-13,16.27130
2017-02-14,16.26560
2017-02-15,16.16510
2017-02-16,16.32240
2017-02-17,16.38670
2017-02-20,16.44440
2017-02-21,16.50510
2017-02-22,16.47240
2017-02-23,16.49550
2017-02-27,16.48370
2017-02-28,16.43730
2017-03-01,16.55540
2017-03-02,16.45320
2017-03-03,16.62160
2017-03-06,16.67330
2017-03-07,16.72810
2017-03-08,16.71040
2017-03-09,16.68240
2017-03-10,16.64140
2017-03-14,16.75740
2017-03-15,16.76660
2017-03-16,16.85940
2017-03-17,16.88700
2017-03-20,16.95420
2017-03-21,16.91780
2017-03-22,16.81020
2017-03-23,16.89030
2017-03-24,16.89300
2017-03-27,16.90840
2017-03-28,16.98510
2017-03-29,16.95470
2017-03-30,17.07630
2017-03-31,17.06900
2017-04-03,17.12890
2017-04-05,17.20030
2017-04-06,17.20020
2017-04-07,17.13970
2017-04-10,17.17890
2017-04-11,17.24700
2017-04-12,17.18660
2017-04-13,17.16370
2017-04-17,17.18660
2017-04-18,17.09210
2017-04-19,17.17350
2017-04-20,17.21010
2017-04-21,17.15590
2017-04-24,17.28310
2017-04-25,17.41270
2017-04-26,17.36610
2017-04-27,17.37570
2017-04-28,17.32900
2017-05-02,17.35110
2017-05-03,17.32760
2017-05-04,17.45480
2017-05-05,17.43120
2017-05-08,17.57240
2017-05-09,17.67160
2017-05-10,17.72920
2017-05-11,17.73710
2017-05-12,17.68370
2017-05-15,17.83690
2017-05-16,17.90740
2017-05-17,17.87100
2017-05-18,17.70180
2017-05-19,17.64110
2017-05-22,17.60310
2017-05-23,17.39230
2017-05-24,17.31100
2017-05-25,17.53620
2017-05-26,17.66010
2017-05-29,17.59570
2017-05-30,17.57420
2017-05-31,17.63670
2017-06-01,17.80680
2017-06-02,17.89300
2017-06-05,18.00750
2017-06-06,17.92990
2017-06-07,17.93310
2017-06-08,17.92680
2017-06-09,17.94570
2017-06-12,17.90670
2017-06-13,17.86530
2017-06-14,17.84180
2017-06-15,17.88520
2017-06-16,17.90670
2017-06-19,17.97180
2017-06-20,18.07570
2017-06-21,18.01590
2017-06-22,17.96230
2017-06-23,17.82970
2017-06-27,17.66500
2017-06-28,17.69870
2017-06-29,17.81860
2017-06-30,17.97360
2017-07-03,18.13310
2017-07-04,18.10490
2017-07-05,18.20430
2017-07-06,18.23320
2017-07-07,18.17850
2017-07-10,18.22600
2017-07-11,18.18550
2017-07-12,18.23650
2017-07-13,18.38070
2017-07-14,18.30720
2017-07-17,18.35850
2017-07-18,18.16940
2017-07-19,18.22890
2017-07-20,18.17830
2017-07-21,18.19730
2017-07-24,18.14370
2017-07-25,18.19440
2017-07-26,18.20640
2017-07-27,18.18130
2017-07-28,18.19400
2017-07-31,18.16770
2017-08-01,18.16720
2017-08-02,18.17790
2017-08-03,18.15100
2017-08-04,18.24080
2017-08-07,18.31040
2017-08-08,18.26400
2017-08-09,18.15460
2017-08-10,17.90170
2017-08-11,17.85860
2017-08-14,17.96290
2017-08-16,18.11600
2017-08-17,18.11590
2017-08-18,18.09680
2017-08-21,18.01190
2017-08-22,17.98210
2017-08-23,18.06560
2017-08-24,18.00640
2017-08-28,18.11210
2017-08-29,17.98840
2017-08-30,18.12950
2017-08-31,18.31130
2017-09-01,18.45100
2017-09-04,18.42070
2017-09-05,18.57310
2017-09-06,18.54800
2017-09-07,18.61050
2017-09-08,18.71050
2017-09-11,18.75700
2017-09-12,18.88820
2017-09-13,18.75140
2017-09-14,18.78430
2017-09-15,18.80820
2017-09-18,18.88710
2017-09-19,18.98050
2017-09-20,18.93200
2017-09-21,18.85690
2017-09-22,18.44090
2017-09-25,18.31650
2017-09-26,18.40580
2017-09-27,18.24490
2017-09-28,18.35070
2017-09-29,18.42420
2017-10-03,18.58540
2017-10-04,18.65200
2017-10-05,18.70430
2017-10-06,18.88030
2017-10-09,18.93570
2017-10-10,18.94730
2017-10-11,18.81190
2017-10-12,18.90130
2017-10-13,18.90980
2017-10-16,18.96450
2017-10-17,19.04100
2017-10-18,19.00320
2017-10-23,18.96070
2017-10-24,19.05540
2017-10-25,19.07050
2017-10-26,19.12820
2017-10-27,19.20890
2017-10-30,19.32760
2017-10-31,19.42880
2017-11-01,19.57290
2017-11-02,19.60010
2017-11-03,19.72470
2017-11-06,19.88680
2017-11-07,19.67810
2017-11-08,19.50640
2017-11-09,19.55560
2017-11-10,19.47130
2017-11-13,19.33650
2017-11-14,19.36000
2017-11-15,19.17350
2017-11-16,19.21780
2017-11-17,19.31130
2017-11-20,19.38850
2017-11-21,19.47300
2017-11-22,19.63970
2017-11-23,19.73210
2017-11-24,19.83570
2017-11-27,19.84570
2017-11-28,19.81680
2017-11-29,19.75440
2017-11-30,19.65310
2017-12-01,19.57620
2017-12-04,19.62760
2017-12-05,19.62120
2017-12-06,19.47990
2017-12-07,19.62730
2017-12-08,19.83760
2017-12-11,19.87260
2017-12-12,19.70130
2017-12-13,19.56940
2017-12-14,19.57170
2017-12-15,19.71070
2017-12-18,19.76270
2017-12-19,19.98290
2017-12-20,19.96650
2017-12-21,20.00100
2017-12-22,20.07070
2017-12-26,20.36800
2017-12-27,20.33930
2017-12-28,20.28030
2017-12-29,20.39640
2018-01-01,20.33380
2018-01-02,20.22370
2018-01-03,20.31030
2018-01-04,20.39760
2018-01-05,20.51540
2018-01-08,20.65730
2018-01-09,20.67560
2018-01-10,20.61110
2018-01-11,20.69010
2018-01-12,20.68780
2018-01-15,20.71950
2018-01-16,20.50480
2018-01-17,20.61850
2018-01-18,20.43240
2018-01-19,20.53320
2018-01-22,20.60620
2018-01-23,20.63230
2018-01-24,20.55410
2018-01-25,20.44350
2018-01-29,20.49210
2018-01-30,20.37360
2018-01-31,20.34970
2018-02-01,20.40960
2018-02-02,19.93510
2018-02-05,19.83340
2018-02-06,19.65110
2018-02-07,19.79800
2018-02-08,19.95850
2018-02-09,19.86250
2018-02-12,20.08190
2018-02-14,20.12190
2018-02-15,20.05070
2018-02-16,19.91140
2018-02-19,19.80730
2018-02-20,19.76570
2018-02-21,19.76650
2018-02-22,19.72590
2018-02-23,19.94240
2018-02-26,20.10720
2018-02-27,20.07620
2018-02-28,20.05040
2018-03-01,19.97530
2018-03-05,19.79440
2018-03-06,19.65630
2018-03-07,19.46380
2018-03-08,19.55200
2018-03-09,19.51760
2018-03-12,19.71400
2018-03-13,19.76520
2018-03-14,19.74850
2018-03-15,19.74900
2018-03-16,19.57650
2018-03-19,19.42520
2018-03-20,19.50450
2018-03-21,19.54480
2018-03-22,19.51150
2018-03-23,19.40460
2018-03-26,19.62120
2018-03-27,19.74290
2018-03-28,19.68950
2018-03-31,19.68880
2018-04-02,19.97890
2018-04-03,20.04710
2018-04-04,19.88690
2018-04-05,20.07880
2018-04-06,20.19120
2018-04-09,20.22690
2018-04-10,20.24220
2018-04-11,20.23800
2018-04-12,20.18510
2018-04-13,20.22830
2018-04-16,20.31110
2018-04-17,20.34700
2018-04-18,20.33100
2018-04-19,20.39340
2018-04-20,20.31160
2018-04-23,20.34480
2018-04-24,20.37990
2018-04-25,20.38810
2018-04-26,20.46590
2018-04-27,20.57030
2018-04-30,20.68010
2018-05-02,20.53230
2018-05-03,20.38710
2018-05-04,20.32280
2018-05-07,20.40790
2018-05-08,20.39060
2018-05-09,20.38300
2018-05-10,20.30480
2018-05-11,20.43530
2018-05-14,20.37230
2018-05-15,20.25370
2018-05-16,20.19890
2018-05-17,20.19430
2018-05-18,20.04660
2018-05-21,19.92540
2018-05-22,19.98940
2018-05-23,19.82120
2018-05-24,19.80510
2018-05-25,20.00950
2018-05-28,20.14670
2018-05-29,20.05800
2018-05-30,20.02560
2018-05-31,20.09240
2018-06-01,19.93680
2018-06-04,19.77580
2018-06-05,19.69050
2018-06-06,19.86220
2018-06-07,19.99590
2018-06-08,20.01800
2018-06-11,20.08100
2018-06-12,20.19700
2018-06-13,20.14520
2018-06-14,20.13520
2018-06-15,20.08380
2018-06-18,20.10990
2018-06-19,20.02150
2018-06-20,20.06980
2018-06-21,20.02400
2018-06-22,20.07670
2018-06-25,19.94980
2018-06-26,19.95540
2018-06-27,19.84290
2018-06-28,19.71030
2018-06-29,19.83730
2018-07-02,19.78190
2018-07-03,19.88160
2018-07-04,19.95540
2018-07-05,19.96880
2018-07-06,20.00430
2018-07-09,20.13290
2018-07-10,20.24350
2018-07-11,20.12630
2018-07-12,20.22080
2018-07-13,20.17380
2018-07-16,20.00910
2018-07-17,20.14200
2018-07-18,20.07300
2018-07-19,20.01700
2018-07-20,20.11260
2018-07-23,20.23570
2018-07-24,20.38170
2018-07-25,20.38100
2018-07-26,20.41140
2018-07-27,20.54020
2018-07-30,20.55740
2018-07-31,20.61420
2018-08-01,20.66310
2018-08-02,20.55150
2018-08-03,20.64730
2018-08-06,20.65360
2018-08-07,20.63130
2018-08-08,20.68100
2018-08-09,20.66360
2018-08-10,20.64460
2018-08-13,20.57330
2018-08-14,20.68750
2018-08-16,20.60000
2018-08-17,20.80300
2018-08-20,20.96800
2018-08-21,21.00030
2018-08-23,21.08070
2018-08-24,21.09290
2018-08-27,21.20070
2018-08-28,21.28490
2018-08-29,21.23600
2018-08-30,21.23410
2018-08-31,21.31840
2018-09-03,21.17900
2018-09-04,20.94670
2018-09-05,20.88890
2018-09-06,21.14100
2018-09-07,21.27320
2018-09-10,20.97880
2018-09-11,20.68500
2018-09-12,20.84180
2018-09-14,21.08640
2018-09-17,20.89140
2018-09-18,20.68940
2018-09-19,20.61010
2018-09-21,20.36380
2018-09-24,19.97070
2018-09-25,20.18250
2018-09-26,20.26420
2018-09-27,20.09200
2018-09-28,19.88810
2018-10-01,20.02890
2018-10-03,19.90940
2018-10-04,19.56080
2018-10-05,19.14410
2018-10-08,18.90570
2018-10-09,18.89920
2018-10-10,19.22110
2018-10-11,18.80300
2018-10-12,19.03330
2018-10-15,19.15540
2018-10-16,19.25590
2018-10-17,19.09760
2018-10-19,18.91790
2018-10-22,18.93020
2018-10-23,18.81750
2018-10-24,18.78980
2018-10-25,18.68940
2018-10-26,18.63970
2018-10-29,19.15880
2018-10-30,19.22360
2018-10-31,19.47620
2018-11-01,19.72870
2018-11-02,19.69630
2018-11-05,19.49400
2018-11-06,19.57330
2018-11-09,19.75490
2018-11-12,19.59800
2018-11-13,19.65110
2018-11-14,19.68490
2018-11-15,19.94980
2018-11-16,19.95700
2018-11-19,19.95030
2018-11-20,19.64980
2018-11-21,19.82630
2018-11-22,19.64100
2018-11-26,19.73060
2018-11-27,19.86240
2018-11-28,19.75700
2018-11-29,19.86350
2018-11-30,20.04150
2018-12-03,19.99360
2018-12-04,19.84490
2018-12-05,19.54730
2018-12-06,19.19150
2018-12-07,19.28160
2018-12-10,18.88660
2018-12-11,19.27170
2018-12-12,19.73010
2018-12-13,19.84760
2018-12-14,19.88740
2018-12-17,19.92770
2018-12-18,20.05460
2018-12-19,20.35590
2018-12-20,20.32050
2018-12-21,20.03880
2018-12-24,19.88500
2018-12-26,19.92380
2018-12-27,19.86760
2018-12-28,20.03240
2018-12-31,20.06070
2019-01-01,20.13540
2019-01-02,19.94480
2019-01-03,19.78920
2019-01-04,20.02740
2019-01-07,20.02130
2019-01-08,20.14590
2019-01-09,20.13660
2019-01-10,20.21910
2019-01-11,20.15670
2019-01-14,20.09620
2019-01-15,20.14740
2019-01-16,20.14300
2019-01-17,20.04270
2019-01-18,19.94740
2019-01-21,19.77250
2019-01-22,19.78110
2019-01-23,19.67530
2019-01-24,19.70950
2019-01-25,19.46120
2019-01-28,19.15170
2019-01-29,19.24410
2019-01-30,19.43190
2019-01-31,19.40030
2019-02-01,19.25710
2019-02-04,19.23900
2019-02-05,19.15620
2019-02-06,19.26600
2019-02-07,19.45200
2019-02-08,19.07880
2019-02-11,18.69540
2019-02-12,18.58800
2019-02-13,18.46010
2019-02-14,18.52120
2019-02-15,18.28490
2019-02-18,18.16780
2019-02-19,18.23810
2019-02-20,18.35960
2019-02-21,18.61720
2019-02-22,18.65820
2019-02-25,18.79110
2019-02-26,18.66590
2019-02-27,18.73220
2019-02-28,18.82810
2019-03-01,18.95400
2019-03-05,19.50780
2019-03-06,19.58640
2019-03-07,19.68110
2019-03-08,19.54150
2019-03-11,19.89920
2019-03-12,19.99660
2019-03-13,19.87010
2019-03-14,19.86490
2019-03-15,19.93000
2019-03-18,19.89950
2019-03-19,20.11620
2019-03-20,20.12440
2019-03-22,20.10600
2019-03-25,19.91460
2019-03-26,20.15060
2019-03-27,20.25250
2019-03-28,20.40620
2019-03-29,20.61290
2019-04-01,20.69540
2019-04-02,20.61700
2019-04-03,20.42480
2019-04-04,20.32950
2019-04-05,20.43820
2019-04-08,20.37200
2019-04-09,20.37070
2019-04-10,20.28740
2019-04-11,20.29810
2019-04-12,20.43590
2019-04-15,20.58690
2019-04-16,20.60120
2019-04-18,20.43050
2019-04-22,19.98590
2019-04-23,20.05610
2019-04-24,19.96000
2019-04-25,19.85250
2019-04-26,19.97860
2019-04-30,19.72170
2019-05-02,19.56060
2019-05-03,19.59290
2019-05-06,19.38340
2019-05-07,19.17470
2019-05-08,18.90980
2019-05-09,18.80310
2019-05-10,18.80390
2019-05-13,18.38760
2019-05-14,18.44560
2019-05-15,18.27820
2019-05-16,18.35090
2019-05-17,18.45160
2019-05-20,19.13010
2019-05-21,18.88450
2019-05-22,18.92560
2019-05-23,18.96300
2019-05-24,19.58720
2019-05-27,20.10810
2019-05-28,20.07480
2019-05-29,19.79450
2019-05-30,19.84300
2019-05-31,19.79840
2019-06-03,19.96700
2019-06-04,19.87730
2019-06-06,19.53640
2019-06-07,19.50180
2019-06-10,19.61870
2019-06-11,19.68380
2019-06-12,19.56190
2019-06-13,19.51790
2019-06-14,19.36890
2019-06-17,19.12470
2019-06-18,19.15560
2019-06-19,18.96720
2019-06-20,19.24190
2019-06-21,19.23030
2019-06-24,19.21040
2019-06-25,19.28660
2019-06-26,19.39350
2019-06-27,19.39550
2019-06-28,19.37620
2019-07-01,19.37490
2019-07-02,19.40700
2019-07-03,19.39960
2019-07-04,19.44160
2019-07-05,19.18520
2019-07-08,18.73030
2019-07-09,18.90920
2019-07-10,18.71310
2019-07-11,18.83070
2019-07-12,18.97470
2019-07-15,18.95480
2019-07-16,19.06410
2019-07-17,18.98000
2019-07-18,18.78880
2019-07-19,18.60370
2019-07-22,18.54230
2019-07-23,18.45370
2019-07-24,18.08110
2019-07-25,18.14600
2019-07-26,18.21750
2019-07-29,18.04920
2019-07-30,17.83000
2019-07-31,17.98510
2019-08-01,17.72780
2019-08-02,17.68610
2019-08-05,17.49310
2019-08-06,17.74570
2019-08-07,17.61630
2019-08-08,17.73110
2019-08-09,17.91230
2019-08-13,17.48630
2019-08-14,17.72670
2019-08-16,17.81170
2019-08-19,17.78420
2019-08-20,17.62330
2019-08-21,17.28260
2019-08-22,17.04250
2019-08-23,17.17760
2019-08-26,17.50690
2019-08-27,17.82870
2019-08-28,17.90620
2019-08-29,17.75070
2019-08-30,17.93150
2019-09-03,17.82840
2019-09-04,17.83270
2019-09-05,17.77200
2019-09-06,18.00150
2019-09-09,18.19930
2019-09-11,18.14850
2019-09-12,17.96810
2019-09-13,18.07470
2019-09-16,17.81570
2019-09-17,17.45610
2019-09-18,17.56130
2019-09-19,17.34210
2019-09-20,18.41540
2019-09-23,18.83620
2019-09-24,18.71910
2019-09-25,18.60040
2019-09-26,18.75360
2019-09-27,18.75220
2019-09-30,18.43760
2019-10-01,18.19830
2019-10-03,18.22380
2019-10-04,17.91520
2019-10-07,17.93610
2019-10-09,18.11960
2019-10-10,17.85170
2019-10-11,17.97730
2019-10-14,18.07570
2019-10-15,18.12470
2019-10-16,18.17590
2019-10-17,18.56400
2019-10-18,18.87810
2019-10-22,19.10380
2019-10-23,19.37770
2019-10-24,19.22880
2019-10-25,19.24510
2019-10-29,19.58810
2019-10-30,19.83080
2019-10-31,19.97350
2019-11-01,19.82210
2019-11-04,19.81890
2019-11-05,19.51380
2019-11-06,19.54080
2019-11-07,19.46160
2019-11-08,19.35180
2019-11-11,19.50080
2019-11-13,19.68170
2019-11-14,19.71810
2019-11-15,19.66970
2019-11-18,19.79720
2019-11-19,19.89130
2019-11-20,19.92760
2019-11-21,19.89610
2019-11-22,19.73930
2019-11-25,19.84910
2019-11-26,19.67430
2019-11-27,19.88690
2019-11-28,20.06190
2019-11-29,19.97200
2019-12-02,19.88980
2019-12-03,19.75090
2019-12-04,19.78820
2019-12-05,19.68610
2019-12-06,19.51460
2019-12-09,19.47000
2019-12-10,19.17950
2019-12-11,19.27530
2019-12-12,19.43430
2019-12-13,19.55180
2019-12-16,19.37150
2019-12-17,19.43750
2019-12-18,19.33400
2019-12-19,19.42820
2019-12-20,19.42290
2019-12-23,19.37570
2019-12-24,19.31960
2019-12-26,19.37860
2019-12-27,19.53240
2019-12-30,19.57560
2019-12-31,19.53850
2020-01-01,19.53440
2020-01-02,19.72380
2020-01-03,19.65680
2020-01-06,19.28000
2020-01-07,19.45900
2020-01-08,19.42630
2020-01-09,19.74940
2020-01-10,19.73180
2020-01-13,19.87210
2020-01-14,20.14260
2020-01-15,20.22430
2020-01-16,20.27320
2020-01-17,20.30900
2020-01-20,20.26150
2020-01-21,20.31030
2020-01-22,20.37130
2020-01-23,20.65150
2020-01-24,20.89060
2020-01-27,20.97430
2020-01-28,20.94640
2020-01-29,21.03600
2020-01-30,20.78180
2020-01-31,20.64620
2020-02-03,20.06480
2020-02-04,20.24840
2020-02-05,20.45980
2020-02-06,20.42580
2020-02-07,20.61950
2020-02-10,20.58850
2020-02-11,20.75390
2020-02-12,20.77470
2020-02-13,20.69440
2020-02-14,20.38500
2020-02-17,20.20250
2020-02-18,20.38590
2020-02-19,20.87000
2020-02-20,20.97310
2020-02-24,20.62170
2020-02-25,20.59640
2020-02-26,20.29270
2020-02-27,20.00460
2020-02-28,19.26770
2020-03-02,19.30800
2020-03-03,19.68340
2020-03-04,19.50950
2020-03-05,19.73100
2020-03-06,19.38570
2020-03-09,18.50830
2020-03-11,18.40810
2020-03-12,16.98940
2020-03-13,17.32470
2020-03-16,16.32400
2020-03-17,15.94020
2020-03-18,14.94160
2020-03-19,14.52250
2020-03-20,15.52430
2020-03-23,13.96800
2020-03-24,14.05210
2020-03-25,14.39920
2020-03-26,14.95870
2020-03-27,14.94150
2020-03-30,14.82180
2020-03-31,15.30980
2020-04-01,15.06940
2020-04-03,15.04240
2020-04-07,16.09910
2020-04-08,16.72460
2020-04-09,17.13680
2020-04-13,17.15680
2020-04-15,17.20300
2020-04-16,17.45990
2020-04-17,17.51110
2020-04-20,17.40620
2020-04-21,17.19990
2020-04-22,17.19970
2020-04-23,17.43250
2020-04-24,17.35480
2020-04-27,17.78640
2020-04-28,17.82300
2020-04-29,17.84020
2020-04-30,17.87120
2020-05-04,17.82390
2020-05-05,17.80470
2020-05-06,17.93190
2020-05-07,17.92530
2020-05-08,17.85370
2020-05-11,17.83810
2020-05-12,17.73930
2020-05-13,17.75670
2020-05-14,17.84040
2020-05-15,17.89660
2020-05-18,17.50370
2020-05-19,17.62440
2020-05-20,17.75320
2020-05-21,17.95250
2020-05-22,17.99000
2020-05-26,17.97340
2020-05-27,18.09670
2020-05-28,18.18960
2020-05-29,18.29520
2020-06-01,18.50620
2020-06-02,18.59410
2020-06-03,18.60960
2020-06-04,18.60250
2020-06-05,18.92970
2020-06-08,18.93480
2020-06-09,18.76270
2020-06-10,18.84430
2020-06-11,18.69470
2020-06-12,18.77640
2020-06-15,18.63190
2020-06-16,18.82950
2020-06-17,19.02500
2020-06-18,19.07990
2020-06-19,19.15220
2020-06-22,19.72820
2020-06-23,20.00240
2020-06-24,19.61680
2020-06-25,19.86240
2020-06-26,19.75450
2020-06-29,19.56030
2020-06-30,19.35160
2020-07-01,19.32500
2020-07-02,19.40080
2020-07-03,19.61990
2020-07-06,19.94070
2020-07-07,19.87870
2020-07-08,19.92280
2020-07-09,20.00140
2020-07-10,20.00040
2020-07-13,20.11610
2020-07-14,19.89150
2020-07-15,19.86570
2020-07-16,19.88580
2020-07-17,20.07670
2020-07-20,20.25180
2020-07-21,20.15200
2020-07-22,20.18720
2020-07-23,20.44940
2020-07-24,20.34280
2020-07-27,20.24400
2020-07-28,20.33770
2020-07-29,20.61050
2020-07-30,20.42550
2020-07-31,20.70210
2020-08-03,20.91700
2020-08-04,21.00360
2020-08-05,21.01730
2020-08-06,21.28960
2020-08-07,21.45130
2020-08-10,21.79390
2020-08-11,21.57990
2020-08-12,21.49560
2020-08-13,21.48890
2020-08-14,21.45600
2020-08-17,21.48480
2020-08-18,21.66970
2020-08-19,21.89260
2020-08-20,22.10570
2020-08-21,22.29390
2020-08-24,22.48810
2020-08-25,22.44460
2020-08-26,22.49400
2020-08-27,22.34790
2020-08-28,22.29650
2020-08-31,21.37900
2020-09-01,21.59920
2020-09-02,21.92970
2020-09-03,21.98130
2020-09-04,21.58580
2020-09-07,21.60900
2020-09-08,21.38030
2020-09-09,21.30720
2020-09-10,21.69740
2020-09-11,21.81050
2020-09-14,21.98310
2020-09-15,22.27030
2020-09-16,22.59050
2020-09-17,22.51150
2020-09-18,22.67410
2020-09-21,22.00490
2020-09-22,21.79280
2020-09-23,22.04320
2020-09-24,21.63040
2020-09-25,22.04090
2020-09-28,22.43570
2020-09-29,22.43780
2020-09-30,22.44800
2020-10-01,22.46360
2020-10-05,22.68980
2020-10-06,22.85670
2020-10-07,22.76450
2020-10-08,22.81940
2020-10-09,22.61480
2020-10-12,22.53700
2020-10-13,22.47280
2020-10-14,22.46770
2020-10-15,22.03470
2020-10-16,22.24410
2020-10-19,22.23390
2020-10-20,22.28890
2020-10-21,22.24620
2020-10-22,22.34450
2020-10-23,22.47430
2020-10-26,22.18500
2020-10-27,22.25180
2020-10-28,22.24480
2020-10-29,22.34240
2020-10-30,22.48570
2020-11-02,22.52290
2020-11-03,22.63540
2020-11-04,22.85090
2020-11-05,23.35950
2020-11-06,23.40200
2020-11-09,23.46010
2020-11-10,23.25750
2020-11-11,23.25750
2020-11-12,23.42040
2020-11-13,23.51760
2020-11-17,23.85720
2020-11-18,23.97000
2020-11-19,23.87830
2020-11-20,23.92580
2020-11-23,24.19870
2020-11-24,24.51160
2020-11-25,24.24250
2020-11-26,24.45830
2020-11-27,24.74350
2020-12-01,25.35140
2020-12-02,25.63290
2020-12-03,25.80570
2020-12-04,26.07740
2020-12-07,26.49740
2020-12-08,26.31770
2020-12-09,26.41450
2020-12-10,26.36330
2020-12-11,26.41700
2020-12-14,26.55720
2020-12-15,26.67230
2020-12-16,26.76260
2020-12-17,26.95170
2020-12-18,27.27410
2020-12-21,26.20950
2020-12-22,26.68240
2020-12-23,27.11220
2020-12-24,27.30620
2020-12-28,27.59470
2020-12-29,27.68650
2020-12-30,27.64810
2020-12-31,27.69400
2021-01-01,28.01910
2021-01-04,28.33050
2021-01-05,28.64570
2021-01-06,28.66200
2021-01-07,28.51230
2021-01-08,29.10900
2021-01-11,29.17720
2021-01-12,29.06840
2021-01-13,29.06680
2021-01-14,29.20970
2021-01-15,28.87880
2021-01-18,28.36280
2021-01-19,28.82080
2021-01-20,28.69250
2021-01-21,28.33750
2021-01-22,27.95920
2021-01-25,27.58140
2021-01-27,27.02350
2021-01-28,27.00680
2021-01-29,26.87260
2021-02-01,27.24850
2021-02-02,27.40200
2021-02-03,27.84380
2021-02-04,27.95950
2021-02-05,27.86370
2021-02-08,28.19820
2021-02-09,28.31060
2021-02-10,28.31790
2021-02-11,28.28990
2021-02-12,28.25040
2021-02-15,28.23010
2021-02-16,28.16300
2021-02-17,28.18240
2021-02-18,28.18300
2021-02-19,27.89840
2021-02-22,27.66260
2021-02-23,27.74140
2021-02-24,27.83960
2021-02-25,28.39570
2021-02-26,28.31340
2021-03-01,28.90180
2021-03-02,29.48940
2021-03-03,29.61510
2021-03-04,29.92230
2021-03-05,29.40180
2021-03-08,29.67020
2021-03-09,29.66810
2021-03-10,29.64030
2021-03-12,29.57550
2021-03-15,29.56520
2021-03-16,29.74810
2021-03-17,29.05410
2021-03-18,28.92010
2021-03-19,29.90680
2021-03-22,30.24500
2021-03-23,30.34800
2021-03-24,29.80940
2021-03-25,29.29760
2021-03-26,29.61490
2021-03-30,30.31120
2021-03-31,30.13770
2021-04-01,30.61710
2021-04-05,30.75390
2021-04-06,31.06610
2021-04-07,31.27020
2021-04-08,31.67150
2021-04-09,32.20550
2021-04-12,30.78160
2021-04-13,31.01500
2021-04-15,30.88250
2021-04-16,31.18300
2021-04-19,30.82220
2021-04-20,31.08580
2021-04-22,31.42790
2021-04-23,31.53500
2021-04-26,31.70490
2021-04-27,32.20070
2021-04-28,32.34970
2021-04-29,32.08280
2021-04-30,32.00480
2021-05-03,32.54200
2021-05-04,32.53760
2021-05-05,33.12740
2021-05-06,33.37900
2021-05-07,33.71790
2021-05-10,34.36750
2021-05-11,35.11460
2021-05-12,35.14750
2021-05-14,34.41250
2021-05-17,34.79260
2021-05-18,35.09540
2021-05-19,35.10600
2021-05-20,35.06410
2021-05-21,35.26130
2021-05-24,35.51700
2021-05-25,35.33830
2021-05-26,35.28990
2021-05-27,35.39170
2021-05-28,35.55110
2021-05-31,35.70410
2021-06-01,35.38930
2021-06-02,35.65440
2021-06-03,35.80060
2021-06-04,35.97610
2021-06-07,36.36120
2021-06-08,36.36780
2021-06-09,35.94700
2021-06-10,36.35440
2021-06-11,36.50770
2021-06-14,36.87800
2021-06-15,36.90500
2021-06-16,36.72360
2021-06-17,36.33210
2021-06-18,36.33510
2021-06-21,36.50890
2021-06-22,36.75520
2021-06-23,36.85930
2021-06-24,36.77920
2021-06-25,37.26010
2021-06-28,37.20400
2021-06-29,36.97250
2021-06-30,37.05960
2021-07-01,37.16470
2021-07-02,37.52490
2021-07-05,37.88800
2021-07-06,38.00690
2021-07-07,38.22380
2021-07-08,37.85390
2021-07-09,37.92570
2021-07-12,37.86740
2021-07-13,38.08210
2021-07-14,38.35870
2021-07-15,38.35580
2021-07-16,38.65020
2021-07-19,38.54670
2021-07-20,37.89090
2021-07-22,38.48710
2021-07-23,38.29160
2021-07-26,38.55090
2021-07-27,38.57930
2021-07-28,38.60220
2021-07-29,38.78960
2021-07-30,39.06720
2021-08-02,39.53230
2021-08-03,39.74610
2021-08-04,39.11960
2021-08-05,38.61380
2021-08-06,38.67420
2021-08-09,38.22710
2021-08-10,37.40860
2021-08-11,37.50350
2021-08-12,38.12470
2021-08-13,38.03130
2021-08-16,37.93730
2021-08-17,37.77120
2021-08-18,37.70190
2021-08-20,36.97390
2021-08-23,36.45030
2021-08-24,37.18120
2021-08-25,37.35100
2021-08-26,37.37030
2021-08-27,37.88180
2021-08-30,38.44920
2021-08-31,38.62100
2021-09-01,38.86680
2021-09-02,39.20680
2021-09-03,39.70280
2021-09-06,39.72620
2021-09-07,39.30850
2021-09-08,39.33440
2021-09-09,39.44420
2021-09-13,39.57300
2021-09-14,40.13470
2021-09-15,40.29960
2021-09-16,40.26650
2021-09-17,39.66310
2021-09-20,38.97860
2021-09-21,39.16120
2021-09-22,39.90700
2021-09-23,40.67510
2021-09-24,40.35470
2021-09-27,40.38840
2021-09-28,39.85980
2021-09-29,40.04500
2021-09-30,40.08400
2021-10-01,40.07140
2021-10-04,40.65450
2021-10-05,41.13480
2021-10-06,40.52780
2021-10-07,41.49860
2021-10-08,41.66650
2021-10-11,41.88270
2021-10-12,41.98190
2021-10-13,42.43040
2021-10-14,42.88830
2021-10-18,42.88730
2021-10-19,41.95430
2021-10-20,41.43600
2021-10-21,41.51480
2021-10-22,41.35280
2021-10-25,40.94730
2021-10-26,41.56300
2021-10-27,41.87540
2021-10-28,40.33760
2021-10-29,40.51550
2021-11-01,40.92610
2021-11-02,41.58580
2021-11-03,41.45450
2021-11-08,42.30810
2021-11-09,43.27750
2021-11-10,42.96370
2021-11-11,42.35020
2021-11-12,42.72050
2021-11-15,42.75610
2021-11-16,42.85120
2021-11-17,42.64130
2021-11-18,42.69200
2021-11-22,41.70330
2021-11-23,42.32030
2021-11-24,42.33910
2021-11-25,42.51980
2021-11-26,41.58560
2021-11-29,41.23680
2021-11-30,41.16540
2021-12-01,41.82440
2021-12-02,42.10340
2021-12-03,41.95660
2021-12-06,41.24470
2021-12-07,42.02200
2021-12-08,42.67820
2021-12-09,43.02900
2021-12-10,43.55340
2021-12-13,43.54670
2021-12-14,43.17390
2021-12-15,42.71250
2021-12-16,42.43560
2021-12-17,41.25480
2021-12-20,39.92550
2021-12-21,40.62620
2021-12-22,41.11350
2021-12-23,41.42160
2021-12-24,40.97930
2021-12-27,41.12080
2021-12-28,41.53590
2021-12-29,41.49870
2021-12-30,41.27290
2021-12-31,41.76380
2022-01-03,42.16540
2022-01-04,42.15760
2022-01-05,42.40390
2022-01-06,42.39230
2022-01-07,42.31950
2022-01-10,42.87400
2022-01-11,42.95630
2022-01-12,43.44580
2022-01-13,43.62360
2022-01-14,43.74430
2022-01-17,43.85120
2022-01-18,43.20290
2022-01-19,43.09500
2022-01-20,42.99560
2022-01-21,42.27620
2022-01-24,40.74820
2022-01-25,41.33860
2022-01-27,41.46100
2022-01-28,42.00720
2022-01-31,42.63510
2022-02-01,43.16860
2022-02-02,43.93850
2022-02-03,43.80090
2022-02-04,43.46670
2022-02-07,43.04340
2022-02-08,42.66080
2022-02-09,43.14410
2022-02-10,43.34220
2022-02-11,42.60460
2022-02-14,41.00870
2022-02-15,42.07060
2022-02-16,42.08720
2022-02-17,41.92990
2022-02-18,41.57030
2022-02-21,41.22240
2022-02-22,40.59450
2022-02-23,40.70650
2022-02-24,38.33470
2022-02-25,39.92400
2022-02-28,40.31210
2022-03-02,40.18080
2022-03-03,40.29690
2022-03-04,39.39050
2022-03-07,38.71980
2022-03-08,39.29200
2022-03-09,40.45600
2022-03-10,40.55060
2022-03-11,40.71670
2022-03-14,40.77910
2022-03-15,40.64410
2022-03-16,41.34850
2022-03-17,41.75870
2022-03-21,41.92320
2022-03-22,41.93490
2022-03-23,42.22570
2022-03-24,43.16140
2022-03-25,43.35010
2022-03-28,43.17430
2022-03-29,44.02370
2022-03-30,44.55410
2022-03-31,45.00350
2022-04-01,45.49380
2022-04-04,45.81980
2022-04-05,45.89030
2022-04-06,46.30070
2022-04-07,46.11440
2022-04-08,46.96580
2022-04-11,47.10360
2022-04-12,46.54400
2022-04-13,46.36870
2022-04-18,45.97990
2022-04-19,45.24640
2022-04-20,45.18600
2022-04-21,45.86210
2022-04-22,45.40250
2022-04-25,44.28820
2022-04-26,45.13320
2022-04-27,44.98390
2022-04-28,45.20090
2022-04-29,44.95840
2022-05-02,44.85160
2022-05-04,43.33730
2022-05-05,43.46410
2022-05-06,42.99810
2022-05-09,42.17450
2022-05-10,41.33780
2022-05-11,40.69360
2022-05-12,39.84680
2022-05-13,40.05210
2022-05-16,40.88220
2022-05-17,42.10450
2022-05-18,42.15280
2022-05-19,41.08540
2022-05-20,42.28010
2022-05-23,41.95580
2022-05-24,41.46000
2022-05-25,40.60340
2022-05-26,41.01310
2022-05-27,41.55200
2022-05-30,42.52030
2022-05-31,42.30460
2022-06-01,42.33190
2022-06-02,42.71880
2022-06-03,42.12440
2022-06-06,42.00390
2022-06-07,41.79430
2022-06-08,41.60260
2022-06-09,41.86940
2022-06-10,41.63060
2022-06-13,40.23260
2022-06-14,40.22720
2022-06-15,40.05610
2022-06-16,39.02150
2022-06-17,38.82690
2022-06-20,38.21570
2022-06-21,39.42610
2022-06-22,38.60750
2022-06-23,39.07330
2022-06-24,39.68530
2022-06-27,40.01160
2022-06-28,40.16080
2022-06-29,40.13030
2022-06-30,39.69110
2022-07-01,39.81290
2022-07-04,40.21840
2022-07-05,40.19670
2022-07-06,40.72540
2022-07-07,41.34760
2022-07-08,41.45570
2022-07-11,41.82810
2022-07-12,41.71070
2022-07-13,41.62710
2022-07-14,41.37120
2022-07-15,41.62350
2022-07-18,42.18280
2022-07-19,42.48010
2022-07-20,42.41190
2022-07-21,43.05990
2022-07-22,43.11370
2022-07-25,43.11260
2022-07-26,42.88050
2022-07-27,43.24250
2022-07-28,43.29220
2022-07-29,43.80630
2022-08-01,44.37700
2022-08-02,44.41740
2022-08-03,44.23350
2022-08-04,43.83860
2022-08-05,44.01160
2022-08-08,44.23380
2022-08-10,44.12310
2022-08-11,44.44710
2022-08-12,44.36840
2022-08-16,44.92360
2022-08-17,44.89680
2022-08-18,44.94920
2022-08-19,44.84590
2022-08-22,44.33700
2022-08-23,44.76290
2022-08-24,45.25790
2022-08-25,45.03080
2022-08-26,45.52500
2022-08-29,45.30900
2022-08-30,46.09170
2022-09-01,46.26530
2022-09-02,46.65810
2022-09-05,46.97830
2022-09-06,46.99830
2022-09-07,47.22160
2022-09-08,47.64320
2022-09-09,47.87580
2022-09-12,48.31500
2022-09-13,48.43690
2022-09-14,48.66330
2022-09-15,48.78170
2022-09-16,47.63990
2022-09-19,48.22940
2022-09-20,48.77280
2022-09-21,48.43730
2022-09-22,48.41450
2022-09-23,47.33490
2022-09-26,45.72950
2022-09-27,45.83830
2022-09-28,45.27170
2022-09-29,45.56670
2022-09-30,46.31530
2022-10-03,45.38870
2022-10-04,46.59230
2022-10-06,47.01250
2022-10-07,47.03910
2022-10-10,46.74810
2022-10-11,45.82500
2022-10-12,46.24550
2022-10-13,45.77450
2022-10-14,45.76700
2022-10-17,46.14340
2022-10-18,46.79150
2022-10-19,46.80610
2022-10-20,46.89690
2022-10-21,46.53590
2022-10-25,46.89890
2022-10-27,47.27100
2022-10-28,47.16570
2022-10-31,47.55450
2022-11-01,47.53500
2022-11-02,47.50020
2022-11-03,47.85110
2022-11-04,47.92070
2022-11-07,48.06300
2022-11-09,48.54140
2022-11-10,48.28640
2022-11-11,48.11840
2022-11-14,47.99960
2022-11-15,47.94720
2022-11-16,47.47390
2022-11-17,47.37760
2022-11-18,47.45200
2022-11-21,47.71830
2022-11-22,48.09330
2022-11-23,48.33080
2022-11-24,48.51530
2022-11-25,49.05180
2022-11-28,49.29400
2022-11-29,49.19930
2022-11-30,49.18160
2022-12-01,49.72070
2022-12-02,50.07180
2022-12-05,50.29130
2022-12-06,50.23530
2022-12-07,50.14930
2022-12-08,50.82870
2022-12-09,50.13650
2022-12-12,50.44670
2022-12-13,50.95150
2022-12-14,51.10510
2022-12-15,50.52360
2022-12-16,49.64220
2022-12-19,50.07470
2022-12-20,49.92590
2022-12-21,48.77130
2022-12-22,48.20020
2022-12-23,46.08110
2022-12-26,47.86020
2022-12-27,48.33820
2022-12-28,48.39200
2022-12-29,48.53490
2022-12-30,49.05640
2023-01-02,49.65140
2023-01-03,49.92800
2023-01-04,49.27510
2023-01-05,49.55230
2023-01-06,49.13850
2023-01-09,49.69370
2023-01-10,49.26630
2023-01-11,49.38590
2023-01-12,49.11700
2023-01-13,49.34870
2023-01-16,49.39440
2023-01-17,49.22930
2023-01-18,49.16880
2023-01-19,49.18600
2023-01-20,48.93920
2023-01-23,48.99860
2023-01-24,48.63290
2023-01-25,47.60750
2023-01-27,46.09220
2023-01-30,46.02440
2023-01-31,47.15450
2023-02-01,46.02180
2023-02-02,46.09910
2023-02-03,46.22680
2023-02-06,46.32020
2023-02-07,46.07680
2023-02-08,46.33890
2023-02-09,46.34440
2023-02-10,46.59050
2023-02-13,46.16980
2023-02-14,46.27840
2023-02-15,46.66860
2023-02-16,47.04310
2023-02-17,46.68180
2023-02-20,46.66230
2023-02-21,46.48560
2023-02-22,46.00530
2023-02-23,46.02460
2023-02-24,45.55110
2023-02-27,45.32300
2023-02-28,45.42250
2023-03-01,45.96410
2023-03-02,46.00070
2023-03-03,46.65860
2023-03-06,46.89280
2023-03-08,47.17000
2023-03-09,46.89660
2023-03-10,46.41350
2023-03-13,45.47460
2023-03-14,44.92750
2023-03-15,44.88510
2023-03-16,44.83750
2023-03-17,44.91790
2023-03-20,44.36520
2023-03-21,44.73250
2023-03-22,44.85390
2023-03-23,44.51610
2023-03-24,44.06530
2023-03-27,43.93810
2023-03-28,43.86860
2023-03-29,44.64870
2023-03-31,45.29200
2023-04-03,45.57390
2023-04-05,45.60460
2023-04-06,45.83500
2023-04-10,45.94370
2023-04-11,46.16330
2023-04-12,46.21670
2023-04-13,46.35510
2023-04-17,46.45440
2023-04-18,46.45720
2023-04-19,46.43060
2023-04-20,46.46110
2023-04-21,46.21290
2023-04-24,46.51590
2023-04-25,46.58170
2023-04-26,46.78200
2023-04-27,46.80570
2023-04-28,47.58320
2023-05-02,47.93500
2023-05-03,47.75760
2023-05-04,48.15900
2023-05-05,47.52930
2023-05-08,47.87800
2023-05-09,47.75750
2023-05-10,47.57470
2023-05-11,47.46860
2023-05-12,47.23290
2023-05-15,47.49450
2023-05-16,47.43170
2023-05-17,47.28110
2023-05-18,46.95860
2023-05-19,46.96610
2023-05-22,47.19220
2023-05-23,47.18910
2023-05-24,47.15670
2023-05-25,47.27800
2023-05-26,47.73460
2023-05-29,47.80130
2023-05-30,48.13880
2023-05-31,48.13500
2023-06-01,48.31800
2023-06-02,48.46340
2023-06-05,48.65330
2023-06-06,48.67640
2023-06-07,49.19530
2023-06-08,48.84330
2023-06-09,48.84770
2023-06-12,49.10930
2023-06-13,49.90110
2023-06-14,50.08880
2023-06-15,49.87250
2023-06-16,50.23230
2023-06-19,50.15180
2023-06-20,50.27440
2023-06-21,50.72490
2023-06-22,50.14070
2023-06-23,49.69400
2023-06-26,49.91820
2023-06-27,50.17400
2023-06-28,50.49660
2023-06-30,50.87760
2023-07-03,51.36510
2023-07-04,51.37180
2023-07-05,51.65670
2023-07-06,52.03990
2023-07-07,51.93610
2023-07-10,51.88190
2023-07-11,52.21150
2023-07-12,52.36660
2023-07-13,51.80290
2023-07-14,52.48860
2023-07-17,52.89690
2023-07-18,52.75370
2023-07-19,53.18080
2023-07-20,53.41710
2023-07-21,53.23420
2023-07-24,53.28440
2023-07-25,53.54980
2023-07-26,54.53530
2023-07-27,54.85210
2023-07-28,55.27280
2023-07-31,55.43410
2023-08-01,55.22640
2023-08-02,54.16660
2023-08-03,54.28970
2023-08-04,54.42090
2023-08-07,54.69870
2023-08-08,54.92430
2023-08-09,55.15610
2023-08-10,55.29370
2023-08-11,55.06640
2023-08-14,54.83810
2023-08-16,55.02800
2023-08-17,55.12810
2023-08-18,55.11560
2023-08-21,55.39820
2023-08-22,55.81960
2023-08-23,55.79510
2023-08-24,55.44920
2023-08-25,55.15340
2023-08-28,55.52850
2023-08-29,55.57760
2023-08-30,55.94330
2023-08-31,55.89190
2023-09-01,56.74020
2023-09-04,57.46060
2023-09-05,57.96260
2023-09-06,57.73350
2023-09-07,57.92930
2023-09-08,58.40290
2023-09-11,59.09960
2023-09-12,57.75070
2023-09-13,58.46670
2023-09-14,58.79490
2023-09-15,58.80640
2023-09-18,58.66320
2023-09-20,58.14380
2023-09-21,57.79010
2023-09-22,57.69450
2023-09-25,58.26760
2023-09-26,58.42600
2023-09-27,58.90630
2023-09-29,58.94180
2023-10-03,58.93550
2023-10-04,58.05490
2023-10-05,57.97050
2023-10-06,58.21950
2023-10-09,57.42230
2023-10-10,58.31580
2023-10-11,58.72110
2023-10-12,59.68400
2023-10-13,59.36850
2023-10-16,59.49510
2023-10-17,59.68160
2023-10-18,59.00090
2023-10-19,59.08250
2023-10-20,58.24070
2023-10-23,56.73610
2023-10-25,56.41620
2023-10-26,56.08400
2023-10-27,56.77940
2023-10-30,56.96270
2023-10-31,56.99310
2023-11-01,57.05370
2023-11-02,58.12500
2023-11-03,58.28070
2023-11-06,58.78780
2023-11-07,59.06250
2023-11-08,59.56840
2023-11-09,59.42350
2023-11-10,59.59310
2023-11-13,60.04080
2023-11-15,60.13490
2023-11-16,60.70520
2023-11-17,60.65270
2023-11-20,60.50520
2023-11-21,60.65660
2023-11-22,60.58020
2023-11-23,60.44620
2023-11-24,60.79750
2023-11-28,61.34910
2023-11-29,61.77110
2023-11-30,62.31140
2023-12-01,63.05590
2023-12-04,63.60790
2023-12-05,64.06170
2023-12-06,64.16030
2023-12-07,64.64810
2023-12-08,63.86990
2023-12-11,64.19930
2023-12-12,63.65690
2023-12-13,63.89640
2023-12-14,64.61000
2023-12-15,65.00580
2023-12-18,65.30710
2023-12-19,65.17350
2023-12-20,63.07320
2023-12-21,64.60740
2023-12-22,64.71870
2023-12-26,64.89090
2023-12-27,65.00290
2023-12-28,66.08630
2023-12-29,66.07220
2024-01-01,66.37230
2024-01-02,66.72140
2024-01-03,66.80020
2024-01-04,67.70120
2024-01-05,67.73810
2024-01-08,66.88760
2024-01-09,67.12070
2024-01-10,67.29880
2024-01-11,67.68320
2024-01-12,68.03730
2024-01-15,68.90670
2024-01-16,68.39100
2024-01-17,67.50750
2024-01-18,68.59130
2024-01-19,69.96880
2024-01-23,67.89030
2024-01-24,69.01930
2024-01-25,69.73750
2024-01-29,71.25120
2024-01-30,70.86530
2024-01-31,71.65540
2024-02-01,71.34740
2024-02-02,72.39680
2024-02-05,73.24790
2024-02-06,73.96660
2024-02-07,74.22160
2024-02-08,74.29920
2024-02-09,73.96380
2024-02-12,72.02600
2024-02-13,72.33390
2024-02-14,73.05100
2024-02-15,74.32730
2024-02-16,74.51590
2024-02-19,75.08120
2024-02-20,74.96720
2024-02-21,73.99160
2024-02-22,74.84790
2024-02-23,75.02540
2024-02-26,74.63830
2024-02-27,74.16660
2024-02-28,73.11300
2024-02-29,73.48410
2024-03-01,74.60870
2024-03-04,76.41180
2024-03-05,76.52440
2024-03-06,75.93690
2024-03-07,76.01810
2024-03-11,75.62010
2024-03-12,75.23970
2024-03-13,71.49880
2024-03-14,72.74990
2024-03-15,72.04800
2024-03-18,73.18670
2024-03-19,71.82590
2024-03-20,72.08130
2024-03-21,73.50050
2024-03-22,73.55590
2024-03-26,74.13000
2024-03-27,74.38620
2024-03-28,75.00520
2024-03-31,74.99850
2024-04-01,76.35370
2024-04-02,77.25810
2024-04-03,78.21010
2024-04-04,77.96570
2024-04-05,78.06480
2024-04-08,78.02310
2024-04-09,77.90520
2024-04-10,78.68030
2024-04-12,78.05140
2024-04-15,77.10260
2024-04-16,77.35410
2024-04-18,77.66530
2024-04-19,77.34710
2024-04-22,77.90870
2024-04-23,78.60160
2024-04-24,79.43090
2024-04-25,80.24130
2024-04-26,81.63110
2024-04-29,81.25580
2024-04-30,81.26220
2024-05-02,81.99270
2024-05-03,81.90620
2024-05-06,80.95520
2024-05-07,79.18040
2024-05-08,79.86020
2024-05-09,78.35310
2024-05-10,79.18830
2024-05-13,79.57380
2024-05-14,81.05000
2024-05-15,81.37510
2024-05-16,81.83530
2024-05-17,83.12460
2024-05-21,84.68450
2024-05-22,84.23780
2024-05-23,84.85230
2024-05-24,84.89540
2024-05-27,83.93990
2024-05-28,83.20800
2024-05-29,83.17280
2024-05-30,83.01500
2024-05-31,83.49930
2024-06-03,86.59470
2024-06-04,78.98740
2024-06-05,82.19350
2024-06-06,83.63290
2024-06-07,84.87790
2024-06-10,84.83050
2024-06-11,85.64830
2024-06-12,86.68070
2024-06-13,86.99460
2024-06-14,87.52950
2024-06-18,87.69640
2024-06-19,86.96780
2024-06-20,87.60020
2024-06-21,87.37790
2024-06-24,86.55520
2024-06-25,86.62720
2024-06-26,86.48410
2024-06-27,86.52830
2024-06-28,86.86820
2024-07-01,87.51150
2024-07-02,87.68880
2024-07-03,88.49240
2024-07-04,88.74810
2024-07-05,89.29400
2024-07-08,89.03740
2024-07-09,89.63460
2024-07-10,89.04870
2024-07-11,89.20460
2024-07-12,89.21320
2024-07-15,90.11110
2024-07-16,90.09110
2024-07-18,89.15770
2024-07-19,87.35990
2024-07-22,87.55210
2024-07-23,87.11320
2024-07-24,87.43490
2024-07-25,87.14830
2024-07-26,88.36840
2024-07-29,88.62410
2024-07-30,88.55860
2024-07-31,89.09030
2024-08-01,88.82050
2024-08-02,87.98740
2024-08-05,85.05100
2024-08-06,84.35150
2024-08-07,86.22060
2024-08-08,86.36760
2024-08-09,85.82150
2024-08-12,85.80160
2024-08-13,85.39720
2024-08-14,84.84160
2024-08-16,85.85960
2024-08-19,86.69660
2024-08-20,87.15020
2024-08-21,87.56590
2024-08-22,87.78890
2024-08-23,87.42000
2024-08-26,88.27410
2024-08-27,87.88030
2024-08-28,87.56030
2024-08-29,87.24230
2024-08-30,87.02560
2024-09-02,86.94680
2024-09-03,87.04340
2024-09-04,86.85530
2024-09-05,86.67750
2024-09-06,86.25050
2024-09-09,86.00160
2024-09-10,86.56590
2024-09-11,85.97860
2024-09-12,86.87960
2024-09-13,87.72270
2024-09-16,87.48020
2024-09-17,87.28840
2024-09-18,86.64930
2024-09-19,85.91210
2024-09-20,86.53150
2024-09-23,87.01300
2024-09-24,87.33910
2024-09-25,87.57140
2024-09-26,88.00850
2024-09-27,88.54010
2024-09-30,87.80940
2024-10-01,87.84710
2024-10-03,86.43640
2024-10-04,85.70010
2024-10-07,83.77520
2024-10-08,85.23990
2024-10-09,85.52590
2024-10-10,84.87540
2024-10-11,85.35050
2024-10-14,85.32840
2024-10-15,85.01120
2024-10-16,84.87080
2024-10-17,83.99330
2024-10-18,84.14480
2024-10-21,83.13240
2024-10-22,81.48710
2024-10-23,81.41140
2024-10-24,81.26920
2024-10-25,79.80060
2024-10-28,80.00010
2024-10-29,80.41690
2024-10-30,81.48340
2024-10-31,80.99600
2024-11-04,80.39810
2024-11-05,80.59340
2024-11-06,82.06290
2024-11-07,81.04550
2024-11-08,79.89050
2024-11-11,79.20300
2024-11-12,78.21000
2024-11-13,76.76060
2024-11-14,76.76560
2024-11-18,76.46400
2024-11-19,76.63000
2024-11-21,75.56590
2024-11-22,76.82160
2024-11-25,78.06550
2024-11-26,78.26310
2024-11-27,78.71680
2024-11-28,78.86290
2024-11-29,79.52500
2024-12-02,79.99720
2024-12-03,80.50560
2024-12-04,80.61760
2024-12-05,80.73860
2024-12-06,80.86350
2024-12-09,80.96490
2024-12-10,80.79810
2024-12-11,81.20340
2024-12-12,80.48390
2024-12-13,80.46910
2024-12-16,80.77890
2024-12-17,79.84390
2024-12-18,79.47590
2024-12-19,78.79110
2024-12-20,77.23910
2024-12-23,77.85710
2024-12-24,77.92420
2024-12-26,77.81420
2024-12-27,77.83160
2024-12-30,77.63500
2024-12-31,78.59540
2025-01-01,79.13670
2025-01-02,80.12110
2025-01-03,80.26610
2025-01-06,78.13810
2025-01-07,78.46190
2025-01-08,78.31010
2025-01-09,77.68510
2025-01-10,76.62010
2025-01-13,74.01850
2025-01-14,75.61070
2025-01-15,75.47450
2025-01-16,76.19480
2025-01-17,77.07340
2025-01-20,77.55610
2025-01-21,76.53030
2025-01-22,75.85490
2025-01-23,76.51420
2025-01-24,75.46030
2025-01-27,73.31210
2025-01-28,72.94430
2025-01-29,73.97480
2025-01-30,74.54750
2025-01-31,76.05020
2025-02-03,73.12590
2025-02-04,74.48170
2025-02-05,74.77190
2025-02-06,74.36890
2025-02-07,74.13810
2025-02-10,72.77730
2025-02-11,71.22310
2025-02-12,71.24540
2025-02-13,71.56420
2025-02-14,70.09970
2025-02-17,70.53190
2025-02-18,69.97140
2025-02-19,70.59810
2025-02-20,71.14400
2025-02-21,70.72990
2025-02-24,69.86930
2025-02-25,69.28970
2025-02-27,68.50800
2025-02-28,66.81290
2025-03-03,66.40570
2025-03-04,66.23610
2025-03-05,68.20800
2025-03-06,69.16360
2025-03-07,69.28030
2025-03-10,68.50790
2025-03-11,68.66940
2025-03-12,68.90560
2025-03-13,68.48660
2025-03-17,68.72000
2025-03-18,69.91870
2025-03-19,71.30260
2025-03-20,72.01480
2025-03-21,72.81760
2025-03-24,73.64100
2025-03-25,72.68490
2025-03-26,72.11490
2025-03-27,72.63790
2025-03-28,72.40970
2025-03-31,72.40400
2025-04-01,72.06350
2025-04-02,72.95340
2025-04-03,73.33490
2025-04-04,70.93860
2025-04-07,68.73620
2025-04-08,70.39220
2025-04-09,70.04880
2025-04-11,71.12170
2025-04-15,72.83770
2025-04-16,73.43450
2025-04-17,74.06560
2025-04-21,75.04530
2025-04-22,75.37150
2025-04-23,75.99200
2025-04-24,76.01790
2025-04-25,74.37880
2025-04-28,75.55660
2025-04-29,75.46710
2025-04-30,75.10030
2025-05-02,74.57260
2025-05-05,75.63130
2025-05-06,74.09270
2025-05-07,74.76480
2025-05-08,73.43740
2025-05-09,73.40960
2025-05-12,76.04020
2025-05-13,76.01620
2025-05-14,77.10510
2025-05-15,77.73480
2025-05-16,78.09810
2025-05-19,77.73070
2025-05-20,76.64930
2025-05-21,77.37900
2025-05-22,76.98490
2025-05-23,77.19380
2025-05-26,77.65780
2025-05-27,77.71430
2025-05-28,77.50330
2025-05-29,77.94720
2025-05-30,77.21250
2025-06-02,77.10930
2025-06-03,77.08470
2025-06-04,77.60330
2025-06-05,78.17290
2025-06-06,78.32760
2025-06-09,79.12370
2025-06-10,78.98700
2025-06-11,78.89060
2025-06-12,77.74860
2025-06-13,77.30840
2025-06-16,77.91100
2025-06-17,77.15260
2025-06-18,76.75820
2025-06-19,75.66720
2025-06-20,76.57680
2025-06-23,76.83280
2025-06-24,76.93200
2025-06-25,77.33880
2025-06-26,78.11170
2025-06-27,78.37060
2025-06-30,78.57940
2025-07-01,78.72320
2025-07-02,78.98000
2025-07-03,78.82310
2025-07-04,79.33310
2025-07-07,79.15260
2025-07-08,78.93670
2025-07-09,78.69220
2025-07-10,78.58700
2025-07-11,77.79240
2025-07-14,78.08130
2025-07-15,78.48750
2025-07-16,78.55350
2025-07-17,78.47340
2025-07-18,77.97630
2025-07-21,78.10460
2025-07-22,77.40010
2025-07-23,77.91810
2025-07-24,77.54000
2025-07-25,76.74640
2025-07-28,76.15320
2025-07-29,77.00140
2025-07-30,77.12430
2025-07-31,76.07730
2025-08-01,74.61030
2025-08-04,75.37970
2025-08-05,74.82870
2025-08-06,74.47450
2025-08-07,74.64330
2025-08-08,73.63110
2025-08-11,74.18880
2025-08-12,74.04260
2025-08-13,74.43210
2025-08-14,74.54450
2025-08-18,74.68850
2025-08-19,75.40310
2025-08-20,75.25120
2025-08-21,74.71240
2025-08-22,74.28440
2025-08-25,74.33470
2025-08-26,73.28730
2025-08-28,72.36250
2025-08-29,72.22360
2025-09-01,72.96930
2025-09-02,72.87110
2025-09-03,73.36730
2025-09-04,72.88540
2025-09-05,72.79190
2025-09-08,72.88290
2025-09-09,73.33220
2025-09-10,73.69620
2025-09-11,74.22060
2025-09-12,74.50940
2025-09-15,74.91490
2025-09-16,75.46710
2025-09-17,75.44120
2025-09-18,75.66690
2025-09-19,75.52370
2025-09-22,74.84530
2025-09-23,74.78440
2025-09-24,74.36080
2025-09-25,73.96790
2025-09-26,72.65830
2025-09-30,72.58200
2025-10-01,73.16200
2025-10-03,73.79320
2025-10-06,73.92580
2025-10-07,73.96810
2025-10-08,73.59360
2025-10-09,74.58950
2025-10-10,75.47850
2025-10-13,74.98810
2025-10-14,74.80910
2025-10-15,75.37320
2025-10-16,75.77560
2025-10-17,75.21080
2025-10-20,75.39620
2025-10-23,75.26540
2025-10-24,75.38470
2025-10-27,76.18480
2025-10-28,76.01800
2025-10-29,76.50120
2025-10-30,76.32970
2025-10-31,76.21690
2025-11-03,76.58780
2025-11-04,76.25800
2025-11-06,75.28630
2025-11-07,75.34820
2025-11-10,75.49180
2025-11-11,75.57000
2025-11-12,76.06180
2025-11-13,76.01280
2025-11-14,75.83920
2025-11-17,76.53400
2025-11-18,76.21100
2025-11-19,76.37060
2025-11-20,76.44600
2025-11-21,75.84700
2025-11-24,75.16870
2025-11-25,74.96390
2025-11-26,75.96110
2025-11-27,76.06870
2025-11-28,75.77810
2025-12-01,75.79590
2025-12-02,75.53110
2025-12-03,75.31290
2025-12-04,75.12500
2025-12-05,75.12190
2025-12-08,73.94710
2025-12-09,74.07640
2025-12-10,73.93220
2025-12-11,74.52560
2025-12-12,75.13920
2025-12-15,75.21640
2025-12-16,74.37220
2025-12-17,73.93000
2025-12-18,74.05130
2025-12-19,74.76180
2025-12-22,75.09680
2025-12-23,75.32120
2025-12-24,74.96900
2025-12-26,74.75400
2025-12-29,74.43250
2025-12-30,73.92260
2025-12-31,74.27720
2026-01-01,74.19710
2026-01-02,74.55910
2026-01-05,73.95160
2026-01-06,73.48730
2026-01-07,73.57110
2026-01-08,72.28030
2026-01-09,71.58460
2026-01-12,71.33650
2026-01-13,71.08950
2026-01-14,71.06030
2026-01-16,70.91680
2026-01-19,70.82130
2026-01-20,69.44240
2026-01-21,68.23100
2026-01-22,68.78850
2026-01-23,67.73870
2026-01-27,67.61140
2026-01-28,68.24480
2026-01-29,68.01370
2026-01-30,68.49780
2026-02-02,67.86380
2026-02-03,69.36970
2026-02-04,69.58860
2026-02-05,69.57820
2026-02-06,69.86380
2026-02-09,70.73390
2026-02-10,70.94610
2026-02-11,71.09960
2026-02-12,71.01310
2026-02-13,70.11350
2026-02-16,70.08270
2026-02-17,70.23260
2026-02-18,70.31990
2026-02-19,69.42110
2026-02-20,69.71140
2026-02-23,69.82040
2026-02-24,69.45810
2026-02-25,70.11360
2026-02-26,70.48320
2026-02-27,69.65710
2026-03-02,68.46570
2026-03-04,67.33420
2026-03-05,68.01880
2026-03-06,67.72760
2026-03-09,67.28030
2026-03-10,68.37840
2026-03-11,68.39180
2026-03-12,68.25380
2026-03-13,66.97940
2026-03-16,67.16920
2026-03-17,67.94260
2026-03-18,69.05350
2026-03-19,67.37800
2026-03-20,67.94020
2026-03-23,66.11990
2026-03-24,67.62900
2026-03-25,68.81350
2026-03-27,67.95780
2026-03-30,66.81240
2026-03-31,66.81100
2026-04-01,68.19510
2026-04-02,68.04100
2026-04-06,68.46150
2026-04-07,68.55990
2026-04-08,70.64340
2026-04-09,70.65170
2026-04-10,71.93160
2026-04-13,71.38490
2026-04-15,72.81550
2026-04-16,73.37150
2026-04-17,74.27980
2026-04-20,73.95350
2026-04-21,74.34870
2026-04-22,75.01010
2026-04-23,75.38140
2026-04-24,74.87220
2026-04-27,75.84220
2026-04-28,76.27140
2026-04-29,76.18140
2026-04-30,75.61040
2026-05-04,76.30260
2026-05-05,76.36130
2026-05-06,77.12230
2026-05-07,77.18850
2026-05-08,76.87660
2026-05-11,76.27340
2026-05-12,74.83540
2026-05-13,75.43710
2026-05-14,76.52110
2026-05-15,76.06760
2026-05-18,75.79900
2026-05-19,75.92740
2026-05-20,76.88110
2026-05-21,78.18750
2026-05-22,77.84550
2026-05-25,78.28560
2026-05-26,78.92520
2026-05-27,78.90950
2026-05-29,78.10080
2026-06-01,77.56460
2026-06-02,77.52320
2026-06-03,77.14490
2026-06-04,77.27430
2026-06-05,77.27500
2026-06-08,76.03480
2026-06-09,76.68420
2026-06-10,75.95480
2026-06-11,75.53500
2026-06-12,76.83010
2026-06-15,76.79470
2026-06-16,76.98430
2026-06-17,77.34380
2026-06-18,78.20880
2026-06-19,78.96480
2026-06-22,79.11430
2026-06-23,78.45670
2026-06-24,78.41040
2026-06-25,78.24210
2026-06-29,78.65260
2026-06-30,78.74590
2026-07-01,78.58500
2026-07-02,78.91290
2026-07-03,78.85840
2026-07-06,78.72710
2026-07-07,78.43160
2026-07-08,77.38400
2026-07-09,78.49340
2026-07-10,79.28760
2026-07-13,79.60640
2026-07-14,79.24550
2026-07-15,79.56790
2026-07-16,79.68670
2026-07-17,79.72510
2026-07-20,80.01910
2026-07-21,80.09390
2026-07-22,78.40830
2026-07-23,78.00470
2026-07-24,78.16350
2026-07-27,78.78330
2026-07-28,78.43080
2026-07-29,79.45890
2026-07-30,78.88170
2026-07-31,79.06890
2026-08-03,79.68520
2026-08-04,79.77890
2026-08-05,80.28390
2026-08-06,79.69530
2026-08-07,80.23940
2026-08-10,79.78970
2026-08-11,79.46220
2026-08-12,79.19630
2026-08-13,79.20570
2026-08-14,79.05650
2026-08-17,79.29060
2026-08-18,78.85930
2026-08-19,78.55810
2026-08-20,78.63100
2026-08-21,78.62660
2026-08-24,78.54470
2026-08-25,79.05430
2026-08-26,78.87390
2026-08-27,79.21880
2026-08-28,79.19750
2026-08-31,79.23650
2026-09-01,78.51370
2026-09-02,77.97410
2026-09-03,78.26510
2026-09-04,78.28090
2026-09-07,77.94510
2026-09-08,78.16030
2026-09-09,78.14440
2026-09-10,78.03640
