Date,NAV
2006-04-03,12.66820
2006-04-04,12.67040
2006-04-05,12.67380
2006-04-07,12.67810
2006-04-10,12.68450
2006-04-12,12.68870
2006-04-13,12.69090
2006-04-17,12.69950
2006-04-18,12.70160
2006-04-19,12.70390
2006-04-20,12.70610
2006-04-21,12.70830
2006-04-24,12.71520
2006-04-25,12.71750
2006-04-26,12.71990
2006-04-27,12.72260
2006-04-28,12.72500
2006-05-02,12.73410
2006-05-03,12.73630
2006-05-04,12.73850
2006-05-05,12.74080
2006-05-08,12.74750
2006-05-09,12.74980
2006-05-10,12.75210
2006-05-11,12.75430
2006-05-12,12.75660
2006-05-15,12.76340
2006-05-16,12.76560
2006-05-17,12.76820
2006-05-18,12.77040
2006-05-19,12.77260
2006-05-22,12.77920
2006-05-23,12.78110
2006-05-24,12.78330
2006-05-25,12.78540
2006-05-26,12.78760
2006-05-29,12.79420
2006-05-30,12.79650
2006-05-31,12.79880
2006-06-01,12.80110
2006-06-02,12.81020
2006-06-05,12.81020
2006-06-06,12.81240
2006-06-07,12.81470
2006-06-08,12.81690
2006-06-09,12.81920
2006-06-12,12.82600
2006-06-13,12.82830
2006-06-14,12.83050
2006-06-15,12.83280
2006-06-16,12.83520
2006-06-19,12.84210
2006-06-20,12.84450
2006-06-21,12.84680
2006-06-22,12.84910
2006-06-23,12.85140
2006-06-26,12.85830
2006-06-27,12.86060
2006-06-28,12.86290
2006-06-29,12.86530
2006-06-30,12.86780
2006-07-03,12.87500
2006-07-04,12.87740
2006-07-05,12.88210
2006-07-06,12.88210
2006-07-07,12.88440
2006-07-10,12.89160
2006-07-12,12.89620
2006-07-13,12.89850
2006-07-14,12.90080
2006-07-17,12.90770
2006-07-18,12.91010
2006-07-19,12.91240
2006-07-20,12.91470
2006-07-21,12.91700
2006-07-24,12.92390
2006-07-25,12.92630
2006-07-26,12.92860
2006-07-27,12.93130
2006-07-28,12.93360
2006-07-31,12.94090
2006-08-01,12.94330
2006-08-02,12.94570
2006-08-03,12.94800
2006-08-04,12.94990
2006-08-07,12.95730
2006-08-08,12.95980
2006-08-09,12.96230
2006-08-10,12.96470
2006-08-11,12.96720
2006-08-14,12.97450
2006-08-16,12.97950
2006-08-17,12.98190
2006-08-18,12.98430
2006-08-21,12.99150
2006-08-22,12.99390
2006-08-23,12.99600
2006-08-24,12.99830
2006-08-25,13.00060
2006-08-28,13.00760
2006-08-29,13.01000
2006-08-30,13.01250
2006-08-31,13.01490
2006-09-01,13.01730
2006-09-04,13.02460
2006-09-05,13.02700
2006-09-06,13.02950
2006-09-07,13.03190
2006-09-08,13.03460
2006-09-11,13.04220
2006-09-12,13.04470
2006-09-13,13.04720
2006-09-14,13.04970
2006-09-15,13.05230
2006-09-18,13.05960
2006-09-19,13.06210
2006-09-20,13.06470
2006-09-21,13.06720
2006-09-22,13.06980
2006-09-25,13.07750
2006-09-26,13.08000
2006-09-27,13.08260
2006-09-28,13.08500
2006-09-29,13.08760
2006-10-03,13.09810
2006-10-04,13.10070
2006-10-05,13.10330
2006-10-06,13.10600
2006-10-09,13.11390
2006-10-10,13.11650
2006-10-11,13.11910
2006-10-12,13.12160
2006-10-13,13.12430
2006-10-16,13.13230
2006-10-17,13.13460
2006-10-18,13.13750
2006-10-19,13.14020
2006-10-20,13.14290
2006-10-23,13.15100
2006-10-26,13.15920
2006-10-27,13.16180
2006-10-30,13.16980
2006-10-31,13.17230
2006-11-01,13.17500
2006-11-02,13.17770
2006-11-03,13.18040
2006-11-06,13.18840
2006-11-07,13.19130
2006-11-08,13.19410
2006-11-09,13.19670
2006-11-10,13.19960
2006-11-13,13.20750
2006-11-14,13.21020
2006-11-15,13.21290
2006-11-16,13.21540
2006-11-17,13.21830
2006-11-20,13.22630
2006-11-21,13.22900
2006-11-22,13.23160
2006-11-23,13.23440
2006-11-24,13.23710
2006-11-27,13.24520
2006-11-28,13.24780
2006-11-29,13.25050
2006-11-30,13.25310
2006-12-01,13.25570
2006-12-04,13.26380
2006-12-05,13.26630
2006-12-06,13.26890
2006-12-07,13.27150
2006-12-08,13.27420
2006-12-11,13.28200
2006-12-12,13.28480
2006-12-13,13.28760
2006-12-14,13.29050
2006-12-15,13.29360
2006-12-18,13.30280
2006-12-19,13.30600
2006-12-20,13.30930
2006-12-21,13.31240
2006-12-22,13.31590
2006-12-26,13.32960
2006-12-27,13.33280
2006-12-28,13.33610
2006-12-29,13.33940
2007-01-02,13.35240
2007-01-03,13.35530
2007-01-04,13.35800
2007-01-05,13.36070
2007-01-08,13.36900
2007-01-09,13.37180
2007-01-10,13.37460
2007-01-11,13.37760
2007-01-12,13.38030
2007-01-15,13.38870
2007-01-16,13.39160
2007-01-17,13.39450
2007-01-18,13.39740
2007-01-19,13.40030
2007-01-22,13.40900
2007-01-23,13.41190
2007-01-24,13.41470
2007-01-25,13.41760
2007-01-29,13.42910
2007-01-31,13.43480
2007-02-02,13.44060
2007-02-05,13.44920
2007-02-06,13.45200
2007-02-07,13.45470
2007-02-08,13.45750
2007-02-09,13.46020
2007-02-12,13.46850
2007-02-13,13.47420
2007-02-14,13.47420
2007-02-15,13.47700
2007-02-19,13.48820
2007-02-20,13.49110
2007-02-21,13.49380
2007-02-22,13.49660
2007-02-23,13.49950
2007-02-26,13.50820
2007-02-27,13.51100
2007-02-28,13.51370
2007-03-01,13.51640
2007-03-02,13.51910
2007-03-05,13.52710
2007-03-06,13.52990
2007-03-07,13.53270
2007-03-08,13.53570
2007-03-09,13.53870
2007-03-12,13.54750
2007-03-13,13.55040
2007-03-14,13.55320
2007-03-15,13.55620
2007-03-16,13.55930
2007-03-20,13.57130
2007-03-21,13.57510
2007-03-22,13.57900
2007-03-23,13.58200
2007-03-26,13.59180
2007-03-28,13.59830
2007-03-29,13.60160
2007-03-30,13.60500
2007-04-02,13.61540
2007-04-03,13.61890
2007-04-04,13.62270
2007-04-05,13.62630
2007-04-09,13.64050
2007-04-10,13.64380
2007-04-11,13.64660
2007-04-12,13.64910
2007-04-13,13.65180
2007-04-16,13.66010
2007-04-17,13.66330
2007-04-18,13.66660
2007-04-19,13.66990
2007-04-20,13.67320
2007-04-23,13.68310
2007-04-24,13.68640
2007-04-25,13.68990
2007-04-26,13.69330
2007-04-27,13.69700
2007-04-30,13.70760
2007-05-03,13.71830
2007-05-04,13.72170
2007-05-07,13.73120
2007-05-08,13.73430
2007-05-09,13.73740
2007-05-10,13.74040
2007-05-11,13.74340
2007-05-14,13.75210
2007-05-15,13.75570
2007-05-16,13.75940
2007-05-17,13.76300
2007-05-18,13.76660
2007-05-21,13.77710
2007-05-22,13.78050
2007-05-23,13.78340
2007-05-24,13.78720
2007-05-25,13.79060
2007-05-28,13.79990
2007-05-29,13.80290
2007-05-30,13.80560
2007-05-31,13.80830
2007-06-01,13.81070
2007-06-04,13.81800
2007-06-05,13.82050
2007-06-06,13.82260
2007-06-07,13.82510
2007-06-08,13.82770
2007-06-11,13.83500
2007-06-12,13.83740
2007-06-13,13.83980
2007-06-14,13.84210
2007-06-15,13.84440
2007-06-18,13.85150
2007-06-19,13.85400
2007-06-20,13.85650
2007-06-21,13.85900
2007-06-22,13.86170
2007-06-25,13.86990
2007-06-26,13.87280
2007-06-27,13.87610
2007-06-28,13.87940
2007-06-29,13.88240
2007-07-02,13.89150
2007-07-03,13.89430
2007-07-04,13.89730
2007-07-05,13.89970
2007-07-06,13.90180
2007-07-09,13.90920
2007-07-10,13.91220
2007-07-11,0.00000
2007-07-12,13.91660
2007-07-13,13.91860
2007-07-16,13.92470
2007-07-17,13.92740
2007-07-18,13.92930
2007-07-19,13.93110
2007-07-20,13.93300
2007-07-23,13.93910
2007-07-24,13.94090
2007-07-25,13.94310
2007-07-26,13.94480
2007-07-27,13.94660
2007-07-30,13.95170
2007-07-31,13.95320
2007-08-01,13.95450
2007-08-02,13.95640
2007-08-03,13.95860
2007-08-06,13.96650
2007-08-07,13.97010
2007-08-08,13.97300
2007-08-09,13.97590
2007-08-10,13.97880
2007-08-13,13.98690
2007-08-14,13.98970
2007-08-16,13.99550
2007-08-17,13.99850
2007-08-21,14.01090
2007-08-22,14.01380
2007-08-23,14.01750
2007-08-24,14.02030
2007-08-27,14.02870
2007-08-28,14.03140
2007-08-29,14.03400
2007-08-30,14.03670
2007-08-31,14.03920
2007-09-03,14.04690
2007-09-04,14.04950
2007-09-05,14.05300
2007-09-06,14.05570
2007-09-07,14.05850
2007-09-10,14.06660
2007-09-11,14.06950
2007-09-12,14.07220
2007-09-13,14.07500
2007-09-14,14.07780
2007-09-17,0.00000
2007-09-18,14.08790
2007-09-19,14.09080
2007-09-20,14.09370
2007-09-21,14.09670
2007-09-24,14.10570
2007-09-25,14.10850
2007-09-26,14.11140
2007-09-27,14.11430
2007-09-28,14.11700
2007-10-01,14.12450
2007-10-03,14.12980
2007-10-04,14.13250
2007-10-05,14.13530
2007-10-08,14.14320
2007-10-09,14.14690
2007-10-10,14.14980
2007-10-11,14.15250
2007-10-12,14.15510
2007-10-15,14.16300
2007-10-16,14.16610
2007-10-17,14.16920
2007-10-18,14.17270
2007-10-19,14.17570
2007-10-22,14.18500
2007-10-23,14.18830
2007-10-24,14.19130
2007-10-25,14.19420
2007-10-26,14.20660
2007-10-29,14.20660
2007-10-30,14.20960
2007-10-31,14.21240
2007-11-01,14.21630
2007-11-02,14.21780
2007-11-05,14.22640
2007-11-07,14.23180
2007-11-08,14.23520
2007-11-12,14.24740
2007-11-14,14.25500
2007-11-15,14.25840
2007-11-16,14.26180
2007-11-19,14.27190
2007-11-20,14.27550
2007-11-21,14.27890
2007-11-22,14.28170
2007-11-23,14.28490
2007-11-26,14.29430
2007-11-27,14.29730
2007-11-28,14.30090
2007-11-29,14.30440
2007-11-30,0.00000
2007-12-03,14.31790
2007-12-04,14.32130
2007-12-05,14.32460
2007-12-06,14.32760
2007-12-07,14.33070
2007-12-10,14.33960
2007-12-11,14.34320
2007-12-12,14.34640
2007-12-13,14.34970
2007-12-14,14.35310
2007-12-17,14.36310
2007-12-18,14.36710
2007-12-19,14.37040
2007-12-20,14.37390
2007-12-24,14.38740
2007-12-26,14.39440
2007-12-27,14.39770
2007-12-28,14.40100
2007-12-31,14.41100
2008-01-01,14.41440
2008-01-02,14.41730
2008-01-03,14.42020
2008-01-04,14.42310
2008-01-07,14.43180
2008-01-08,14.43510
2008-01-09,14.43820
2008-01-10,14.44130
2008-01-11,14.44440
2008-01-14,14.45380
2008-01-15,14.45720
2008-01-16,14.46040
2008-01-17,14.46380
2008-01-18,14.46710
2008-01-21,14.47700
2008-01-22,14.48100
2008-01-23,14.48490
2008-01-24,14.48830
2008-01-25,14.49160
2008-01-28,14.50190
2008-01-29,14.50580
2008-01-30,14.50920
2008-01-31,14.51300
2008-02-01,14.51660
2008-02-04,14.52710
2008-02-05,14.53090
2008-02-06,14.53410
2008-02-08,14.54070
2008-02-12,14.55370
2008-02-13,14.55710
2008-02-14,14.56040
2008-02-15,14.56370
2008-02-19,14.57700
2008-02-20,14.58070
2008-02-21,14.58420
2008-02-22,14.58760
2008-02-25,14.59780
2008-02-26,14.60150
2008-02-27,14.60480
2008-02-28,14.60830
2008-02-29,14.61160
2008-03-03,14.62150
2008-03-05,14.62800
2008-03-07,14.63400
2008-03-11,14.64640
2008-03-12,14.64950
2008-03-13,14.65250
2008-03-14,14.65530
2008-03-18,14.66770
2008-03-19,14.67080
2008-03-24,14.68660
2008-03-25,14.69160
2008-03-26,14.69590
2008-03-28,14.70480
2008-03-31,14.71810
2008-04-01,14.72190
2008-04-02,14.72480
2008-04-03,14.72730
2008-04-04,14.73000
2008-04-07,14.73870
2008-04-08,14.74570
2008-04-09,14.74570
2008-04-10,14.74910
2008-04-11,14.75320
2008-04-15,14.76580
2008-04-16,14.76900
2008-04-17,14.77210
2008-04-21,14.78440
2008-04-22,14.78780
2008-04-23,14.79160
2008-04-24,14.79530
2008-04-25,14.79880
2008-04-28,14.80950
2008-04-29,14.81340
2008-04-30,14.81650
2008-05-02,14.82330
2008-05-05,14.83330
2008-05-06,14.83680
2008-05-07,14.84010
2008-05-08,14.84350
2008-05-09,14.84650
2008-05-12,14.85880
2008-05-14,14.86240
2008-05-15,14.86600
2008-05-16,14.86950
2008-05-20,14.88370
2008-05-21,14.88740
2008-05-22,14.89070
2008-05-23,14.89410
2008-05-26,14.90450
2008-05-27,14.90850
2008-05-28,14.91210
2008-05-29,14.91570
2008-05-30,14.91930
2008-06-02,14.92970
2008-06-03,14.93320
2008-06-04,14.93640
2008-06-05,14.93990
2008-06-06,14.94340
2008-06-09,14.95430
2008-06-10,14.95830
2008-06-11,14.96240
2008-06-12,14.96650
2008-06-13,14.97010
2008-06-16,14.98090
2008-06-17,14.98480
2008-06-18,14.98850
2008-06-19,14.99200
2008-06-20,14.99570
2008-06-23,15.00650
2008-06-24,15.01050
2008-06-25,15.01410
2008-06-26,15.01800
2008-06-27,15.02190
2008-06-30,15.04040
2008-07-02,15.04040
2008-07-03,15.04360
2008-07-04,15.04710
2008-07-08,15.06110
2008-07-09,15.06520
2008-07-10,15.06900
2008-07-11,15.07280
2008-07-14,15.08370
2008-07-15,15.08730
2008-07-16,15.09140
2008-07-17,15.09500
2008-07-18,15.09880
2008-07-21,15.11020
2008-07-22,15.11480
2008-07-23,15.11880
2008-07-24,15.12300
2008-07-25,15.12670
2008-07-28,15.13770
2008-07-29,15.14160
2008-07-30,15.14520
2008-07-31,15.14880
2008-08-01,15.15250
2008-08-04,15.16370
2008-08-05,15.16770
2008-08-06,15.17150
2008-08-07,15.17560
2008-08-08,15.17950
2008-08-11,15.19070
2008-08-12,15.19470
2008-08-13,15.19850
2008-08-14,15.20240
2008-08-18,15.21790
2008-08-20,15.22570
2008-08-21,15.22940
2008-08-22,15.23360
2008-08-25,15.24620
2008-08-26,15.24980
2008-08-27,15.25370
2008-08-28,15.25740
2008-08-29,15.26100
2008-09-01,15.27230
2008-09-02,15.27630
2008-09-04,15.28370
2008-09-05,15.28790
2008-09-08,15.29950
2008-09-09,15.30360
2008-09-10,15.30760
2008-09-11,15.31180
2008-09-12,15.31590
2008-09-15,15.32760
2008-09-16,15.33170
2008-09-17,15.33580
2008-09-18,15.34010
2008-09-19,15.34440
2008-09-22,15.35710
2008-09-23,15.36130
2008-09-24,15.36550
2008-09-25,15.36990
2008-09-26,15.37390
2008-09-29,15.38550
2008-09-30,15.38950
2008-10-01,15.39320
2008-10-03,15.40120
2008-10-06,15.41420
2008-10-07,15.41900
2008-10-08,15.42380
2008-10-10,15.43370
2008-10-13,15.44770
2008-10-14,15.45260
2008-10-15,15.45640
2008-10-16,15.46170
2008-10-17,15.46640
2008-10-20,15.48100
2008-10-21,15.48560
2008-10-22,15.48950
2008-10-23,15.49330
2008-10-24,15.49710
2008-10-27,15.50920
2008-10-29,15.51820
2008-10-31,15.52740
2008-11-03,15.54060
2008-11-04,15.54470
2008-11-05,15.54880
2008-11-06,15.55290
2008-11-07,15.55700
2008-11-10,15.56870
2008-11-11,15.57270
2008-11-12,15.57680
2008-11-14,15.58520
2008-11-17,15.59730
2008-11-18,15.60130
2008-11-19,15.60560
2008-11-20,15.60950
2008-11-21,15.61340
2008-11-24,15.62580
2008-11-25,15.62980
2008-11-26,15.63380
2008-11-28,15.65410
2008-12-01,15.65410
2008-12-02,15.65820
2008-12-03,15.66230
2008-12-04,15.66640
2008-12-05,15.67000
2008-12-08,15.68050
2008-12-10,15.68820
2008-12-11,15.69210
2008-12-12,15.69620
2008-12-15,15.70860
2008-12-16,15.71280
2008-12-17,15.71690
2008-12-18,15.72100
2008-12-19,15.72520
2008-12-22,15.73770
2008-12-23,15.74190
2008-12-24,15.74610
2008-12-26,15.75450
2008-12-29,15.76700
2008-12-30,15.77100
2008-12-31,15.77500
2009-01-01,15.77920
2009-01-02,15.78260
2009-01-05,15.79270
2009-01-06,15.79640
2009-01-07,15.80000
2009-01-09,15.80710
2009-01-12,15.81780
2009-01-13,15.82130
2009-01-14,15.82490
2009-01-15,15.82870
2009-01-16,15.83230
2009-01-19,15.84300
2009-01-20,15.84670
2009-01-21,15.85030
2009-01-22,15.85390
2009-01-23,15.85740
2009-01-27,15.87110
2009-01-28,15.87500
2009-01-29,15.87850
2009-01-30,15.88200
2009-02-02,15.89230
2009-02-03,15.89600
2009-02-04,15.89930
2009-02-05,15.90270
2009-02-06,15.90610
2009-02-09,15.91570
2009-02-10,15.91910
2009-02-11,15.92240
2009-02-12,15.92570
2009-02-13,15.92890
2009-02-16,15.93860
2009-02-17,15.94180
2009-02-18,15.94500
2009-02-19,15.94830
2009-02-24,15.96470
2009-02-25,15.96810
2009-02-26,15.97140
2009-02-27,15.97460
2009-03-02,15.98410
2009-03-03,15.98740
2009-03-04,15.99060
2009-03-05,15.99360
2009-03-06,15.99670
2009-03-09,16.00540
2009-03-12,16.01470
2009-03-13,16.01760
2009-03-16,16.02620
2009-03-17,16.02980
2009-03-18,16.03240
2009-03-19,16.03590
2009-03-20,16.03950
2009-03-23,16.04950
2009-03-24,16.05290
2009-03-25,16.05600
2009-03-26,16.05950
2009-03-30,16.07340
2009-03-31,16.07720
2009-04-01,16.08090
2009-04-02,16.08360
2009-04-06,16.09570
2009-04-08,16.10120
2009-04-09,16.10390
2009-04-13,16.11390
2009-04-15,16.11860
2009-04-16,16.12100
2009-04-17,16.12350
2009-04-20,16.13080
2009-04-21,16.13340
2009-04-22,16.13590
2009-04-23,16.13850
2009-04-24,16.14080
2009-04-27,16.14800
2009-04-28,16.15050
2009-04-29,16.15290
2009-05-04,16.16530
2009-05-05,16.16770
2009-05-06,16.17000
2009-05-07,16.17220
2009-05-08,16.17420
2009-05-11,16.18080
2009-05-12,16.18340
2009-05-13,16.18600
2009-05-14,16.18860
2009-05-15,16.19180
2009-05-18,16.19840
2009-05-19,16.20080
2009-05-20,16.20290
2009-05-21,16.20520
2009-05-22,16.20730
2009-05-25,16.21390
2009-05-26,16.21620
2009-05-27,16.21850
2009-05-28,16.22100
2009-05-29,16.22340
2009-06-01,16.23060
2009-06-02,16.23310
2009-06-03,16.23550
2009-06-04,16.23800
2009-06-05,16.24020
2009-06-08,16.24720
2009-06-09,16.24970
2009-06-10,16.25220
2009-06-11,16.25460
2009-06-12,16.25700
2009-06-15,16.26390
2009-06-16,16.26620
2009-06-17,16.26830
2009-06-18,16.27060
2009-06-19,16.27280
2009-06-22,16.27970
2009-06-23,16.28240
2009-06-24,16.28500
2009-06-25,16.28740
2009-06-26,16.29000
2009-06-29,16.29720
2009-06-30,16.29960
2009-07-02,16.30410
2009-07-03,16.30610
2009-07-06,16.31230
2009-07-07,16.31460
2009-07-08,16.31700
2009-07-09,16.31930
2009-07-10,16.32160
2009-07-13,16.32860
2009-07-14,16.33100
2009-07-15,16.33340
2009-07-16,16.33570
2009-07-17,16.33790
2009-07-20,16.34460
2009-07-21,16.34700
2009-07-22,16.34910
2009-07-23,16.35150
2009-07-24,16.35390
2009-07-27,16.36090
2009-07-28,16.36330
2009-07-29,16.36560
2009-07-30,16.36790
2009-07-31,16.37000
2009-08-03,16.37660
2009-08-04,16.37910
2009-08-05,16.38140
2009-08-06,16.38390
2009-08-07,16.38610
2009-08-10,16.39280
2009-08-11,16.39510
2009-08-12,16.39730
2009-08-13,16.39960
2009-08-14,16.40170
2009-08-17,16.40810
2009-08-18,16.41040
2009-08-20,16.41500
2009-08-21,16.41730
2009-08-24,16.42400
2009-08-25,16.42630
2009-08-26,16.43040
2009-08-27,16.43040
2009-08-28,16.43240
2009-08-31,16.43870
2009-09-01,16.44090
2009-09-02,16.44320
2009-09-03,16.44550
2009-09-04,16.44760
2009-09-07,16.45410
2009-09-08,16.45630
2009-09-09,16.45850
2009-09-10,16.46060
2009-09-11,16.46260
2009-09-14,16.46850
2009-09-15,16.47060
2009-09-16,16.47270
2009-09-17,16.47460
2009-09-18,16.47670
2009-09-22,16.48570
2009-09-23,16.48790
2009-09-24,16.49010
2009-09-25,16.49200
2009-09-29,16.49980
2009-09-30,16.50190
2009-10-01,16.50370
2009-10-05,16.51190
2009-10-06,16.51400
2009-10-07,16.51640
2009-10-08,16.51880
2009-10-09,16.52110
2009-10-12,16.52840
2009-10-14,16.53320
2009-10-15,16.53550
2009-10-16,16.53760
2009-10-20,16.54590
2009-10-21,16.54790
2009-10-22,16.55000
2009-10-23,16.55180
2009-10-26,16.55790
2009-10-27,16.56000
2009-10-28,16.56210
2009-10-29,16.56430
2009-10-30,16.56620
2009-11-03,16.57540
2009-11-04,16.57760
2009-11-05,16.57990
2009-11-06,16.58200
2009-11-09,16.58830
2009-11-10,16.59050
2009-11-11,16.59260
2009-11-12,16.59480
2009-11-13,16.59700
2009-11-16,16.60360
2009-11-17,16.60570
2009-11-18,16.60780
2009-11-19,16.61000
2009-11-20,16.61200
2009-11-23,16.61830
2009-11-24,16.62050
2009-11-25,16.62270
2009-11-26,16.62480
2009-11-27,16.62670
2009-11-30,16.63350
2009-12-01,16.63560
2009-12-02,16.63750
2009-12-03,16.63960
2009-12-04,16.64220
2009-12-07,16.64820
2009-12-08,16.65040
2009-12-09,16.65250
2009-12-10,16.65440
2009-12-11,16.65650
2009-12-14,16.66370
2009-12-15,16.66580
2009-12-16,16.66800
2009-12-17,16.67010
2009-12-18,16.67220
2009-12-21,16.67880
2009-12-22,16.68090
2009-12-23,16.68310
2009-12-24,16.68510
2009-12-29,16.69530
2009-12-30,16.69720
2009-12-31,16.69940
2010-01-01,16.70150
2010-01-04,16.70730
2010-01-05,16.70940
2010-01-06,16.71150
2010-01-07,16.71340
2010-01-08,16.71530
2010-01-11,16.72160
2010-01-12,16.72330
2010-01-13,16.72520
2010-01-14,16.72710
2010-01-15,16.72890
2010-01-18,16.73460
2010-01-19,16.73670
2010-01-20,16.73860
2010-01-21,16.74050
2010-01-22,16.74230
2010-01-25,16.74810
2010-01-27,16.75160
2010-01-28,16.75310
2010-01-29,16.75450
2010-02-01,16.75940
2010-02-02,16.76100
2010-02-03,16.76290
2010-02-04,16.76450
2010-02-05,16.76600
2010-02-08,16.77150
2010-02-09,16.77320
2010-02-10,16.77480
2010-02-11,16.77640
2010-02-15,16.78350
2010-02-16,16.78520
2010-02-17,16.78720
2010-02-18,16.78910
2010-02-19,16.79080
2010-02-22,16.79640
2010-02-23,16.79800
2010-02-24,16.79950
2010-02-25,16.80110
2010-02-26,16.80280
2010-03-02,16.80980
2010-03-03,16.81190
2010-03-04,16.81340
2010-03-05,16.81500
2010-03-08,16.82270
2010-03-09,16.82440
2010-03-10,16.82610
2010-03-11,16.82780
2010-03-12,16.82920
2010-03-15,16.83490
2010-03-17,16.83890
2010-03-18,16.84070
2010-03-19,16.84240
2010-03-22,16.84750
2010-03-23,16.84870
2010-03-25,16.85130
2010-03-26,16.85250
2010-03-29,16.86020
2010-03-30,16.86310
2010-03-31,16.86480
2010-04-01,16.86650
2010-04-05,16.87220
2010-04-06,16.87400
2010-04-07,16.87580
2010-04-08,17.96680
2010-04-09,16.87940
2010-04-12,16.88530
2010-04-13,16.88730
2010-04-15,16.89140
2010-04-16,16.89340
2010-04-19,16.89900
2010-04-20,16.90090
2010-04-21,16.90230
2010-04-22,16.90410
2010-04-23,16.90600
2010-04-26,16.91160
2010-04-27,16.91360
2010-04-28,16.91570
2010-04-29,16.91770
2010-04-30,16.91960
2010-05-03,16.92520
2010-05-04,16.92710
2010-05-05,16.92930
2010-05-06,16.93150
2010-05-07,16.93350
2010-05-10,16.94040
2010-05-11,16.94240
2010-05-12,16.94460
2010-05-13,16.94660
2010-05-14,16.94870
2010-05-17,16.95480
2010-05-18,16.95660
2010-05-19,16.95850
2010-05-20,16.96030
2010-05-21,16.96230
2010-05-24,16.96830
2010-05-25,16.97040
2010-05-26,16.97270
2010-05-28,16.97730
2010-05-31,16.98420
2010-06-01,16.98670
2010-06-02,16.98930
2010-06-03,16.99180
2010-06-04,16.99420
2010-06-07,17.00100
2010-06-08,17.00320
2010-06-09,17.00530
2010-06-10,17.00790
2010-06-11,17.01070
2010-06-14,17.01850
2010-06-15,17.02090
2010-06-16,17.02340
2010-06-17,17.02590
2010-06-18,17.02850
2010-06-21,17.03590
2010-06-22,17.03850
2010-06-23,17.04110
2010-06-24,17.04370
2010-06-25,17.04630
2010-06-28,17.05420
2010-06-29,17.05690
2010-06-30,17.05950
2010-07-02,17.06450
2010-07-05,17.07150
2010-07-06,17.07390
2010-07-07,17.07660
2010-07-08,17.07930
2010-07-09,17.08200
2010-07-12,17.08990
2010-07-13,17.09240
2010-07-14,17.09500
2010-07-15,17.09750
2010-07-16,17.09980
2010-07-19,17.10690
2010-07-20,17.10940
2010-07-21,17.11190
2010-07-22,17.11440
2010-07-23,17.11680
2010-07-26,17.12390
2010-07-27,17.12650
2010-07-28,17.12890
2010-07-29,17.13150
2010-07-30,17.13410
2010-08-02,17.14240
2010-08-03,17.14500
2010-08-04,17.14760
2010-08-05,17.14920
2010-08-06,17.15160
2010-08-09,17.15880
2010-08-10,17.16150
2010-08-11,17.16430
2010-08-12,17.16680
2010-08-13,17.16940
2010-08-16,17.17720
2010-08-17,17.17980
2010-08-18,17.18230
2010-08-20,17.18810
2010-08-23,17.19530
2010-08-24,17.19770
2010-08-25,17.20010
2010-08-26,17.20260
2010-08-27,17.20510
2010-08-30,17.21140
2010-08-31,17.21390
2010-09-01,17.21620
2010-09-02,17.21860
2010-09-03,17.22100
2010-09-06,17.22810
2010-09-07,17.23060
2010-09-08,17.23330
2010-09-09,17.23600
2010-09-13,17.24690
2010-09-14,17.24980
2010-09-15,17.25250
2010-09-16,17.25540
2010-09-17,17.25830
2010-09-20,17.26700
2010-09-21,17.27010
2010-09-22,17.27320
2010-09-23,17.27600
2010-09-24,17.27890
2010-09-27,17.28800
2010-09-28,17.29110
2010-09-29,17.29430
2010-09-30,17.29740
2010-10-01,17.30050
2010-10-04,17.30950
2010-10-05,17.31240
2010-10-06,17.31540
2010-10-07,17.31850
2010-10-08,17.32150
2010-10-11,17.33050
2010-10-12,17.33360
2010-10-13,17.33680
2010-10-14,17.33990
2010-10-15,17.34290
2010-10-18,17.35240
2010-10-19,17.35570
2010-10-20,17.35900
2010-10-21,17.36230
2010-10-22,17.36540
2010-10-25,17.37500
2010-10-26,17.37820
2010-10-27,17.38150
2010-10-28,17.38470
2010-10-29,17.38800
2010-11-01,17.39790
2010-11-02,17.40150
2010-11-03,17.40510
2010-11-04,17.40840
2010-11-08,17.42160
2010-11-09,17.42490
2010-11-10,17.42820
2010-11-11,17.43150
2010-11-12,17.43480
2010-11-15,17.44480
2010-11-16,17.44800
2010-11-18,17.45470
2010-11-19,17.45790
2010-11-22,17.46780
2010-11-23,17.47110
2010-11-24,17.47440
2010-11-25,17.47770
2010-11-26,17.48100
2010-11-29,17.49080
2010-11-30,17.49420
2010-12-01,17.49760
2010-12-02,17.50090
2010-12-03,17.50410
2010-12-06,17.51380
2010-12-07,17.51710
2010-12-08,17.52040
2010-12-09,17.52370
2010-12-10,17.52690
2010-12-13,17.53670
2010-12-14,17.54000
2010-12-15,17.54330
2010-12-16,17.54660
2010-12-20,17.55980
2010-12-21,17.56320
2010-12-22,17.56660
2010-12-23,17.57000
2010-12-24,17.57340
2010-12-25,17.57680
2010-12-26,17.58020
2010-12-27,17.58360
2010-12-28,17.58700
2010-12-29,17.59040
2010-12-30,17.59370
2010-12-31,17.59700
2011-01-03,17.60690
2011-01-04,17.61020
2011-01-05,17.61350
2011-01-06,17.61680
2011-01-07,17.62010
2011-01-08,17.62340
2011-01-09,17.62670
2011-01-10,17.63000
2011-01-11,17.63320
2011-01-12,17.63650
2011-01-13,17.63980
2011-01-14,17.64310
2011-01-15,17.64640
2011-01-16,17.64970
2011-01-17,17.65300
2011-01-18,17.65640
2011-01-19,17.65970
2011-01-20,17.66300
2011-01-21,17.66660
2011-01-22,17.67010
2011-01-23,17.67370
2011-01-24,17.67730
2011-01-25,17.68080
2011-01-26,17.68440
2011-01-27,17.68790
2011-01-28,17.69150
2011-01-29,17.69500
2011-01-30,17.69860
2011-01-31,17.70220
2011-02-01,17.70570
2011-02-02,17.70920
2011-02-03,17.71290
2011-02-04,17.71670
2011-02-05,17.72050
2011-02-06,17.72420
2011-02-07,17.72800
2011-02-08,17.73190
2011-02-09,17.73570
2011-02-10,17.73960
2011-02-11,17.74340
2011-02-12,17.74720
2011-02-13,17.75100
2011-02-14,17.75520
2011-02-15,17.75910
2011-02-16,17.76290
2011-02-17,17.76670
2011-02-18,17.77070
2011-02-19,17.77480
2011-02-20,17.77880
2011-02-21,17.78250
2011-02-22,17.78620
2011-02-23,17.79000
2011-02-24,17.79380
2011-02-25,17.79790
2011-02-26,17.80200
2011-02-27,17.80610
2011-02-28,17.81000
2011-03-01,17.81390
2011-03-02,17.81790
2011-03-03,17.82190
2011-03-04,17.82570
2011-03-05,17.82950
2011-03-06,17.83330
2011-03-07,17.83730
2011-03-08,17.84130
2011-03-09,17.84520
2011-03-10,17.84920
2011-03-11,17.85280
2011-03-12,17.85650
2011-03-13,17.86010
2011-03-14,17.86420
2011-03-15,17.86830
2011-03-16,17.87230
2011-03-17,17.87620
2011-03-18,17.88050
2011-03-19,17.88490
2011-03-20,17.88920
2011-03-21,17.89340
2011-03-22,17.89750
2011-03-23,17.90160
2011-03-24,17.90580
2011-03-25,17.90970
2011-03-26,17.91370
2011-03-27,17.91760
2011-03-28,17.92190
2011-03-29,17.92640
2011-03-30,17.93060
2011-03-31,17.93500
2011-04-01,17.93940
2011-04-02,17.94380
2011-04-03,17.94820
2011-04-04,17.95260
2011-04-05,17.95660
2011-04-06,17.96000
2011-04-07,17.96320
2011-04-08,17.96680
2011-04-09,17.97040
2011-04-10,17.97400
2011-04-11,17.97800
2011-04-12,17.98210
2011-04-13,17.98610
2011-04-14,17.99020
2011-04-15,17.99630
2011-04-16,18.00020
2011-04-17,18.00410
2011-04-18,18.00910
2011-04-19,18.01260
2011-04-20,18.01630
2011-04-21,18.02000
2011-04-22,18.02380
2011-04-23,18.02750
2011-04-24,18.03130
2011-04-25,18.03520
2011-04-26,18.03910
2011-04-27,18.04310
2011-04-28,18.04720
2011-04-29,18.05120
2011-04-30,18.05520
2011-05-01,18.05920
2011-05-02,18.06320
2011-05-03,18.06730
2011-05-04,18.07130
2011-05-05,18.07520
2011-05-06,18.07920
2011-05-07,18.08310
2011-05-08,18.08700
2011-05-09,18.09090
2011-05-10,18.09480
2011-05-11,18.09920
2011-05-12,18.10300
2011-05-13,18.10680
2011-05-14,18.11060
2011-05-15,18.11450
2011-05-16,18.11830
2011-05-17,18.12210
2011-05-18,18.12590
2011-05-19,18.12970
2011-05-20,18.13340
2011-05-21,18.13710
2011-05-22,18.14090
2011-05-23,18.14460
2011-05-24,18.14850
2011-05-25,18.15240
2011-05-26,18.15630
2011-05-27,18.16040
2011-05-28,18.16450
2011-05-29,18.16870
2011-05-30,18.17250
2011-05-31,18.17640
2011-06-01,18.18030
2011-06-02,18.18410
2011-06-03,18.18800
2011-06-04,18.19190
2011-06-05,18.19580
2011-06-06,18.19960
2011-06-07,18.20340
2011-06-08,18.20720
2011-06-09,18.21100
2011-06-10,18.21490
2011-06-11,18.21870
2011-06-12,18.22250
2011-06-13,18.22640
2011-06-14,18.23020
2011-06-15,18.23410
2011-06-16,18.23790
2011-06-17,18.24170
2011-06-18,18.24560
2011-06-19,18.24940
2011-06-20,18.25320
2011-06-21,18.25710
2011-06-22,18.26100
2011-06-23,18.26480
2011-06-24,18.26870
2011-06-25,18.27270
2011-06-26,18.27660
2011-06-27,18.28050
2011-06-28,18.28450
2011-06-29,18.28850
2011-06-30,18.29240
2011-07-01,18.29630
2011-07-02,18.30010
2011-07-03,18.30400
2011-07-04,18.30800
2011-07-05,18.31200
2011-07-06,18.31590
2011-07-07,18.31980
2011-07-08,18.32360
2011-07-09,18.32750
2011-07-10,18.33140
2011-07-11,18.33530
2011-07-12,18.33920
2011-07-13,18.34310
2011-07-14,18.34700
2011-07-15,18.35080
2011-07-16,18.35460
2011-07-17,18.35840
2011-07-18,18.36240
2011-07-19,18.36640
2011-07-20,18.37050
2011-07-21,18.37450
2011-07-22,18.37850
2011-07-23,18.38250
2011-07-24,18.38660
2011-07-25,18.39060
2011-07-26,18.39470
2011-07-27,18.39870
2011-07-28,18.40280
2011-07-29,18.40680
2011-07-30,18.41080
2011-07-31,18.41480
2011-08-01,18.41890
2011-08-02,18.42290
2011-08-03,18.42700
2011-08-04,18.43100
2011-08-05,18.43510
2011-08-06,18.43920
2011-08-07,18.44320
2011-08-08,18.44730
2011-08-09,18.45130
2011-08-10,18.45540
2011-08-11,18.45940
2011-08-12,18.46340
2011-08-13,18.46740
2011-08-14,18.47140
2011-08-15,18.47540
2011-08-16,18.47960
2011-08-17,18.48370
2011-08-18,18.48790
2011-08-19,18.49200
2011-08-20,18.49620
2011-08-21,18.50030
2011-08-22,18.50450
2011-08-23,18.50860
2011-08-24,18.51280
2011-08-25,18.51700
2011-08-26,18.52110
2011-08-27,18.52530
2011-08-28,18.52940
2011-08-29,18.53360
2011-08-30,18.53780
2011-08-31,18.54200
2011-09-01,18.54620
2011-09-02,18.55040
2011-09-03,18.55460
2011-09-04,18.55880
2011-09-05,18.56290
2011-09-06,18.56700
2011-09-07,18.57120
2011-09-08,18.57540
2011-09-09,18.57950
2011-09-10,18.58360
2011-09-11,18.58780
2011-09-12,18.59200
2011-09-13,18.59620
2011-09-14,18.60040
2011-09-15,18.60470
2011-09-16,18.60890
2011-09-17,18.61310
2011-09-18,18.61740
2011-09-19,18.62160
2011-09-20,18.62590
2011-09-21,18.63010
2011-09-22,18.63440
2011-09-23,18.63860
2011-09-24,18.64280
2011-09-25,18.64710
2011-09-26,18.65130
2011-09-27,18.65560
2011-09-28,18.65980
2011-09-29,18.66410
2011-09-30,18.66840
2011-10-01,18.67270
2011-10-02,18.67690
2011-10-03,18.68110
2011-10-04,18.68530
2011-10-05,18.68950
2011-10-06,18.69370
2011-10-07,18.69790
2011-10-08,18.70210
2011-10-09,18.70640
2011-10-10,18.71060
2011-10-11,18.71500
2011-10-12,18.71930
2011-10-13,18.72370
2011-10-14,18.72810
2011-10-15,18.73240
2011-10-16,18.73680
2011-10-17,18.74110
2011-10-18,18.74540
2011-10-19,18.74980
2011-10-20,18.75420
2011-10-21,18.75850
2011-10-22,18.76280
2011-10-23,18.76710
2011-10-24,18.77160
2011-10-25,18.77590
2011-10-26,18.78030
2011-10-27,18.78470
2011-10-28,18.78910
2011-10-29,18.79350
2011-10-30,18.79790
2011-10-31,18.80230
2011-11-01,18.80670
2011-11-02,18.81110
2011-11-03,18.81550
2011-11-04,18.81980
2011-11-05,18.82410
2011-11-06,18.82840
2011-11-07,18.83270
2011-11-08,18.83710
2011-11-09,18.84160
2011-11-10,18.84600
2011-11-11,18.85040
2011-11-12,18.85490
2011-11-13,18.85930
2011-11-14,18.86380
2011-11-15,18.86820
2011-11-16,18.87260
2011-11-17,18.87700
2011-11-18,18.88150
2011-11-19,18.88590
2011-11-20,18.89040
2011-11-21,18.89480
2011-11-22,18.89930
2011-11-23,18.90380
2011-11-24,18.90820
2011-11-25,18.91270
2011-11-26,18.91720
2011-11-27,18.92160
2011-11-28,18.92610
2011-11-29,18.93060
2011-11-30,18.93510
2011-12-01,18.93950
2011-12-02,18.94390
2011-12-03,18.94830
2011-12-04,18.95260
2011-12-05,18.95710
2011-12-06,18.96160
2011-12-07,18.96600
2011-12-08,18.97050
2011-12-09,18.97500
2011-12-10,18.97940
2011-12-11,18.98390
2011-12-12,18.98840
2011-12-13,18.99290
2011-12-14,18.99740
2011-12-15,19.00190
2011-12-16,19.00650
2011-12-17,19.01100
2011-12-18,19.01560
2011-12-19,19.02010
2011-12-20,19.02470
2011-12-21,19.02920
2011-12-22,19.03380
2011-12-23,19.03850
2011-12-24,19.04310
2011-12-25,19.04770
2011-12-26,19.05230
2011-12-27,19.05690
2011-12-28,19.06150
2011-12-29,19.06620
2011-12-30,19.07070
2011-12-31,19.07530
2012-01-01,19.07980
2012-01-02,19.08450
2012-01-03,19.08920
2012-01-04,19.09390
2012-01-05,19.09870
2012-01-06,19.10340
2012-01-07,19.10810
2012-01-08,19.11280
2012-01-09,19.11760
2012-01-10,19.12240
2012-01-11,19.12720
2012-01-12,19.13190
2012-01-13,19.13670
2012-01-14,19.14150
2012-01-15,19.14630
2012-01-16,19.15100
2012-01-17,19.15570
2012-01-18,19.16050
2012-01-19,19.16520
2012-01-20,19.17000
2012-01-21,19.17500
2012-01-22,19.18000
2012-01-23,19.18460
2012-01-24,19.18940
2012-01-25,19.19420
2012-01-26,19.19900
2012-01-27,19.20390
2012-01-28,19.20870
2012-01-29,19.21360
2012-01-30,19.21850
2012-01-31,19.22330
2012-02-01,19.22820
2012-02-02,19.23310
2012-02-03,19.23790
2012-02-04,19.24280
2012-02-05,19.24760
2012-02-06,19.25240
2012-02-07,19.25730
2012-02-08,19.26220
2012-02-09,19.26700
2012-02-10,19.27190
2012-02-11,19.27670
2012-02-12,19.28160
2012-02-13,19.28640
2012-02-14,19.29130
2012-02-15,19.29640
2012-02-16,19.30130
2012-02-17,19.30610
2012-02-18,19.31100
2012-02-19,19.31590
2012-02-20,19.32070
2012-02-21,19.32560
2012-02-22,19.33050
2012-02-23,19.33530
2012-02-24,19.34010
2012-02-25,19.34480
2012-02-26,19.34950
2012-02-27,19.35440
2012-02-28,19.35930
2012-02-29,19.36420
2012-03-01,19.36920
2012-03-02,19.37410
2012-03-03,19.37900
2012-03-04,19.38390
2012-03-05,19.38870
2012-03-06,19.39370
2012-03-07,19.39860
2012-03-08,19.40350
2012-03-09,19.40840
2012-03-10,19.41330
2012-03-11,19.41820
2012-03-12,19.42310
2012-03-13,19.42800
2012-03-14,19.43300
2012-03-15,19.43780
2012-03-16,19.44280
2012-03-17,19.44770
2012-03-18,19.45270
2012-03-19,19.45770
2012-03-20,19.46280
2012-03-21,19.46780
2012-03-22,19.47290
2012-03-23,19.47790
2012-03-24,19.48290
2012-03-25,19.48800
2012-03-26,19.49290
2012-03-27,19.49790
2012-03-28,19.50310
2012-03-29,19.50840
2012-03-30,19.51390
2012-03-31,19.51930
2012-04-01,19.52480
2012-04-02,19.53030
2012-04-03,19.53530
2012-04-04,19.54030
2012-04-05,19.54540
2012-04-06,19.55040
2012-04-07,19.55540
2012-04-08,19.56040
2012-04-09,19.56540
2012-04-10,19.57050
2012-04-11,19.57560
2012-04-12,19.58070
2012-04-13,19.58580
2012-04-14,19.59100
2012-04-15,19.59610
2012-04-16,19.60140
2012-04-17,19.60670
2012-04-18,19.61190
2012-04-19,19.61710
2012-04-20,19.62220
2012-04-21,19.62730
2012-04-22,19.63240
2012-04-23,19.63750
2012-04-24,19.64260
2012-04-25,19.64770
2012-04-26,19.65280
2012-04-27,19.65790
2012-04-28,19.66300
2012-04-29,19.66810
2012-04-30,19.67320
2012-05-01,19.67830
2012-05-02,19.68330
2012-05-03,19.68830
2012-05-04,19.69350
2012-05-05,19.69860
2012-05-06,19.70370
2012-05-07,19.70880
2012-05-08,19.71400
2012-05-09,19.71910
2012-05-10,19.72420
2012-05-11,19.72940
2012-05-12,19.73450
2012-05-13,19.73970
2012-05-14,19.74470
2012-05-15,19.74990
2012-05-16,19.75500
2012-05-17,19.76010
2012-05-18,19.76510
2012-05-19,19.77020
2012-05-20,19.77530
2012-05-21,19.78040
2012-05-22,19.78550
2012-05-23,19.79050
2012-05-24,19.79560
2012-05-25,19.80070
2012-05-26,19.80580
2012-05-27,19.81080
2012-05-28,19.81590
2012-05-29,19.82100
2012-05-30,19.82610
2012-05-31,19.83110
2012-06-01,19.83610
2012-06-02,19.84100
2012-06-03,19.84600
2012-06-04,19.85100
2012-06-05,19.85600
2012-06-06,19.86100
2012-06-07,19.86610
2012-06-08,19.87110
2012-06-09,19.87610
2012-06-10,19.88110
2012-06-11,19.88610
2012-06-12,19.89110
2012-06-13,19.89610
2012-06-14,19.90100
2012-06-15,19.90600
2012-06-16,19.91090
2012-06-17,19.91590
2012-06-18,19.92080
2012-06-19,19.92580
2012-06-20,19.93080
2012-06-21,19.93570
2012-06-22,19.94070
2012-06-23,19.94570
2012-06-24,19.95070
2012-06-25,19.95550
2012-06-26,19.96040
2012-06-27,19.96540
2012-06-28,19.97040
2012-06-29,19.97520
2012-06-30,19.98000
2012-07-01,19.98480
2012-07-02,19.98970
2012-07-03,19.99450
2012-07-04,19.99950
2012-07-05,20.00460
2012-07-06,20.00960
2012-07-07,20.01450
2012-07-08,20.01940
2012-07-09,20.02440
2012-07-10,20.02930
2012-07-11,20.03440
2012-07-12,20.03940
2012-07-13,20.04420
2012-07-14,20.04900
2012-07-15,20.05380
2012-07-16,20.05900
2012-07-17,20.06410
2012-07-18,20.06920
2012-07-19,20.07430
2012-07-20,20.07930
2012-07-21,20.08420
2012-07-22,20.08900
2012-07-23,20.09450
2012-07-24,20.09930
2012-07-25,20.10420
2012-07-26,20.10940
2012-07-27,20.11430
2012-07-28,20.11910
2012-07-29,20.12390
2012-07-30,20.12880
2012-07-31,20.13380
2012-08-01,20.13880
2012-08-02,20.14380
2012-08-03,20.14880
2012-08-04,20.15360
2012-08-05,20.15830
2012-08-06,20.16320
2012-08-07,20.16820
2012-08-08,20.17310
2012-08-09,20.17810
2012-08-10,20.18300
2012-08-11,20.18780
2012-08-12,20.19260
2012-08-13,20.19740
2012-08-14,20.20220
2012-08-15,20.20700
2012-08-16,20.21190
2012-08-17,20.21670
2012-08-18,20.22150
2012-08-19,20.22630
2012-08-20,20.23110
2012-08-21,20.23580
2012-08-22,20.24070
2012-08-23,20.24560
2012-08-24,20.25070
2012-08-25,20.25540
2012-08-26,20.26020
2012-08-27,20.26500
2012-08-28,20.27000
2012-08-29,20.27500
2012-08-30,20.27980
2012-08-31,20.28480
2012-09-01,20.28960
2012-09-02,20.29430
2012-09-03,20.29920
2012-09-04,20.30400
2012-09-05,20.30880
2012-09-06,20.31370
2012-09-07,20.31850
2012-09-08,20.32310
2012-09-09,20.32780
2012-09-10,20.33250
2012-09-11,20.33740
2012-09-12,20.34220
2012-09-13,20.34690
2012-09-14,20.35190
2012-09-15,20.35650
2012-09-16,20.36110
2012-09-17,20.36580
2012-09-18,20.37050
2012-09-19,20.37510
2012-09-20,20.37980
2012-09-21,20.38440
2012-09-22,20.38900
2012-09-23,20.39360
2012-09-24,20.39830
2012-09-25,20.40290
2012-09-26,20.40760
2012-09-27,20.41220
2012-09-28,20.41680
2012-09-29,20.42150
2012-09-30,20.42610
2012-10-01,20.43080
2012-10-02,20.43530
2012-10-03,20.43980
2012-10-04,20.44450
2012-10-05,20.44900
2012-10-06,20.45350
2012-10-07,20.45810
2012-10-08,20.46270
2012-10-09,20.46750
2012-10-10,20.47220
2012-10-11,20.47670
2012-10-12,20.48120
2012-10-13,20.48580
2012-10-14,20.49040
2012-10-15,20.49500
2012-10-16,20.49950
2012-10-17,20.50400
2012-10-18,20.50850
2012-10-19,20.51300
2012-10-20,20.51750
2012-10-21,20.52200
2012-10-22,20.52660
2012-10-23,20.53110
2012-10-24,20.53560
2012-10-25,20.54010
2012-10-26,20.54460
2012-10-27,20.54920
2012-10-28,20.55370
2012-10-29,20.55820
2012-10-30,20.56270
2012-10-31,20.56720
2012-11-01,20.57170
2012-11-02,20.57580
2012-11-03,20.58050
2012-11-04,20.58520
2012-11-05,20.58980
2012-11-06,20.59430
2012-11-07,20.59870
2012-11-08,20.60320
2012-11-09,20.60780
2012-11-10,20.61230
2012-11-11,20.61680
2012-11-12,20.62130
2012-11-13,20.62590
2012-11-14,20.63040
2012-11-15,20.63490
2012-11-16,20.63940
2012-11-17,20.64400
2012-11-18,20.64850
2012-11-19,20.65310
2012-11-20,20.65760
2012-11-21,20.66220
2012-11-22,20.66670
2012-11-23,20.67130
2012-11-24,20.67590
2012-11-25,20.68050
2012-11-26,20.68510
2012-11-27,20.68970
2012-11-28,20.69430
2012-11-29,20.69890
2012-11-30,20.70350
2012-12-01,20.70810
2012-12-02,20.71270
2012-12-03,20.71740
2012-12-04,20.72210
2012-12-05,20.72680
2012-12-06,20.73150
2012-12-07,20.73610
2012-12-08,20.74080
2012-12-09,20.74550
2012-12-10,20.75020
2012-12-11,20.75490
2012-12-12,20.75960
2012-12-13,20.76430
2012-12-14,20.76900
2012-12-15,20.77370
2012-12-16,20.77840
2012-12-17,20.78310
2012-12-18,20.78780
2012-12-19,20.79250
2012-12-20,20.79710
2012-12-21,20.80170
2012-12-22,20.80650
2012-12-23,20.81120
2012-12-24,20.81590
2012-12-25,20.82060
2012-12-26,20.82530
2012-12-27,20.83000
2012-12-28,20.83450
2012-12-29,20.83920
2012-12-30,20.84390
2012-12-31,20.84860
2013-01-01,20.85330
2013-01-02,20.85810
2013-01-03,20.86280
2013-01-04,20.86760
2013-01-05,20.87230
2013-01-06,20.87690
2013-01-07,20.88170
2013-01-08,20.88640
2013-01-09,20.89110
2013-01-10,20.89590
2013-01-11,20.90060
2013-01-12,20.90530
2013-01-13,20.91000
2013-01-14,20.91480
2013-01-15,20.91950
2013-01-16,20.92430
2013-01-17,20.92910
2013-01-18,20.93370
2013-01-19,20.93840
2013-01-20,20.94310
2013-01-21,2094.78330
2013-01-22,2095.24880
2013-01-23,2095.71740
2013-01-24,2096.18070
2013-01-25,2096.64410
2013-01-26,2097.10750
2013-01-27,2097.57080
2013-01-28,2098.03620
2013-01-29,2098.50330
2013-01-30,2098.98330
2013-01-31,2099.43510
2013-02-01,2099.87100
2013-02-02,2100.33030
2013-02-03,2100.78970
2013-02-04,2101.23980
2013-02-05,2101.70350
2013-02-06,2102.17060
2013-02-07,2102.63890
2013-02-08,2103.10450
2013-02-09,2103.57060
2013-02-10,2104.03610
2013-02-11,2104.50760
2013-02-12,2104.97930
2013-02-13,2105.45030
2013-02-14,2105.92370
2013-02-15,2106.39700
2013-02-16,2106.87020
2013-02-17,2107.34340
2013-02-18,2107.82050
2013-02-19,2108.29410
2013-02-20,2108.76510
2013-02-21,2109.23970
2013-02-22,2109.71330
2013-02-23,2110.18710
2013-02-24,2110.66080
2013-02-25,2111.13620
2013-02-26,2111.61260
2013-02-27,2112.09120
2013-02-28,2112.57360
2013-03-01,2113.04920
2013-03-02,2113.52480
2013-03-03,2114.00050
2013-03-04,2114.45790
2013-03-05,2114.94860
2013-03-06,2115.42710
2013-03-07,2115.92300
2013-03-08,2116.41530
2013-03-09,2116.90770
2013-03-10,2117.40020
2013-03-11,2117.89860
2013-03-12,2118.39870
2013-03-13,2118.89590
2013-03-14,2119.39300
2013-03-15,2119.89110
2013-03-16,2120.38930
2013-03-17,2120.88740
2013-03-18,2121.39210
2013-03-19,2121.90000
2013-03-20,2122.40170
2013-03-21,2122.90580
2013-03-22,2123.40780
2013-03-23,2123.90980
2013-03-24,2124.41180
2013-03-25,2124.91180
2013-03-26,2125.42230
2013-03-27,2125.93950
2013-03-28,2126.43890
2013-03-29,2126.98690
2013-03-30,2127.53520
2013-03-31,2128.08350
2013-04-01,2128.63170
2013-04-02,2129.32100
2013-04-03,2129.80680
2013-04-04,2130.31730
2013-04-05,2130.76900
2013-04-06,2131.24090
2013-04-07,2131.71270
2013-04-08,2132.20070
2013-04-09,2132.68470
2013-04-10,2133.17760
2013-04-11,2133.66820
2013-04-12,2134.21910
2013-04-13,2134.71570
2013-04-14,2135.21230
2013-04-15,2135.70120
2013-04-16,2136.19080
2013-04-17,2136.68060
2013-04-18,2137.16740
2013-04-19,2137.64460
2013-04-20,2138.12620
2013-04-21,2138.60780
2013-04-22,2139.09310
2013-04-23,2139.58590
2013-04-24,2140.07790
2013-04-25,2140.56940
2013-04-26,2141.04730
2013-04-27,2141.52610
2013-04-28,2142.00490
2013-04-29,2142.48560
2013-04-30,2142.96910
2013-05-01,2143.45260
2013-05-02,2143.93670
2013-05-03,2144.41080
2013-05-04,2144.88500
2013-05-05,2145.35930
2013-05-06,2145.83430
2013-05-07,2146.31430
2013-05-08,2146.78970
2013-05-09,2147.27540
2013-05-10,2147.74860
2013-05-12,2148.69480
2013-05-13,2149.16820
2013-05-14,2149.64650
2013-05-15,2150.12520
2013-05-16,2150.59620
2013-05-17,2151.08270
2013-05-19,2151.99290
2013-05-20,2152.47470
2013-05-21,2152.94250
2013-05-22,2153.41020
2013-05-23,2153.87250
2013-05-24,2154.33440
2013-05-26,2155.23650
2013-05-27,2155.69540
2013-05-28,2156.15200
2013-05-29,2156.60070
2013-05-30,2157.04590
2013-05-31,2157.49160
2013-06-02,2158.38040
2013-06-03,2158.83050
2013-06-04,2159.28080
2013-06-05,2159.73340
2013-06-06,2160.18640
2013-06-07,2160.64130
2013-06-09,2161.55420
2013-06-10,2162.01070
2013-06-11,2162.45310
2013-06-12,2162.90760
2013-06-13,2163.36330
2013-06-14,2163.82390
2013-06-16,2164.73660
2013-06-17,2165.20340
2013-06-18,2165.67160
2013-06-19,2166.15260
2013-06-20,2166.61110
2013-06-21,2167.07400
2013-06-23,2168.00090
2013-06-24,2168.46310
2013-06-25,2168.92350
2013-06-26,2169.37960
2013-06-27,2169.86970
2013-06-28,2170.44760
2013-07-01,2171.86420
2013-07-02,2172.38980
2013-07-03,2172.89110
2013-07-04,2173.37990
2013-07-05,2173.83470
2013-07-07,2174.74970
2013-07-08,2175.18090
2013-07-09,2175.64290
2013-07-10,2176.12220
2013-07-11,2176.60410
2013-07-12,2177.09220
2013-07-14,2177.99380
2013-07-15,2178.46630
2013-07-16,2174.94640
2013-07-17,2175.59480
2013-07-18,2176.50670
2013-07-19,2177.15310
2013-07-21,2178.32210
2013-07-22,2178.89890
2013-07-23,2179.46100
2013-07-24,2178.01110
2013-07-25,2178.65460
2013-07-26,2179.31510
2013-07-28,2180.63470
2013-07-29,2181.29380
2013-07-30,2181.95310
2013-07-31,2182.61020
2013-08-01,2183.27220
2013-08-02,2183.92070
2013-08-04,2185.19910
2013-08-05,2185.97620
2013-08-06,2186.61770
2013-08-07,2187.26560
2013-08-08,2187.90410
2013-08-11,2189.80610
2013-08-12,2190.38610
2013-08-13,2190.90190
2013-08-14,2191.54700
2013-08-15,2192.19210
2013-08-16,2192.83640
2013-08-18,2194.12590
2013-08-19,2194.74160
2013-08-20,2195.38750
2013-08-21,2196.03310
2013-08-22,2196.68460
2013-08-23,2197.32860
2013-08-25,2198.61360
2013-08-26,2199.25910
2013-08-27,2199.90360
2013-08-28,2200.54890
2013-08-29,2201.19230
2013-08-30,2201.83910
2013-09-01,2203.13060
2013-09-02,2203.78020
2013-09-03,2204.42340
2013-09-04,2205.08040
2013-09-05,2206.32330
2013-09-06,2206.94960
2013-09-09,2208.82950
2013-09-10,2209.47490
2013-09-11,2210.11950
2013-09-12,2210.76310
2013-09-13,2211.40910
2013-09-15,2212.70210
2013-09-16,2213.35250
2013-09-17,2213.99690
2013-09-18,2214.65870
2013-09-19,2215.52280
2013-09-20,2216.18740
2013-09-22,2217.43360
2013-09-23,2218.08320
2013-09-24,2218.71070
2013-09-25,2219.37420
2013-09-26,2219.99580
2013-09-27,2220.61050
2013-09-29,2221.84840
2013-09-30,2222.48470
2013-10-01,2223.09700
2013-10-02,2223.70540
2013-10-03,2224.34130
2013-10-04,2224.93570
2013-10-06,2226.12080
2013-10-07,2226.75260
2013-10-08,2227.48430
2013-10-09,2228.11880
2013-10-10,2228.70960
2013-10-11,2229.28920
2013-10-13,2230.50020
2013-10-14,2231.12280
2013-10-15,2231.71200
2013-10-16,2232.29690
2013-10-17,2232.91150
2013-10-18,2233.49830
2013-10-20,2234.66710
2013-10-21,2235.28830
2013-10-22,2235.88530
2013-10-23,2236.49580
2013-10-24,2237.08900
2013-10-25,2237.66840
2013-10-27,2238.81710
2013-10-28,2239.41540
2013-10-29,2240.01920
2013-10-30,2240.63030
2013-10-31,2241.22670
2013-11-01,2241.78350
2013-11-04,2243.45400
2013-11-05,2244.03650
2013-11-06,2244.62110
2013-11-07,2245.19670
2013-11-08,2245.74910
2013-11-10,2246.85800
2013-11-11,2247.39630
2013-11-12,2247.93240
2013-11-13,2248.48950
2013-11-14,2249.06840
2013-11-17,2250.72540
2013-11-18,2251.27760
2013-11-19,2251.83490
2013-11-20,2252.38180
2013-11-21,2252.93460
2013-11-22,2253.48940
2013-11-24,2254.59910
2013-11-25,2255.15180
2013-11-26,2255.70570
2013-11-27,2256.26450
2013-11-28,2256.82030
2013-11-29,2257.37070
2013-12-01,2258.47150
2013-12-02,2259.03580
2013-12-03,2259.58120
2013-12-04,2260.13910
2013-12-05,2260.69620
2013-12-06,2261.24660
2013-12-08,2262.34590
2013-12-09,2262.89370
2013-12-10,2263.44900
2013-12-11,2264.00040
2013-12-12,2264.54980
2013-12-13,2265.10860
2013-12-15,2266.21230
2013-12-16,2266.76390
2013-12-17,2267.31480
2013-12-18,2267.86680
2013-12-19,2268.41880
2013-12-20,2268.97260
2013-12-22,2270.08020
2013-12-23,2270.63500
2013-12-24,2271.18960
2013-12-25,2271.74420
2013-12-26,2272.30020
2013-12-27,2272.85250
2013-12-29,2273.95710
2013-12-30,2274.51440
2013-12-31,2275.07480
2014-01-01,2275.64060
2014-01-02,2276.19260
2014-01-03,2276.73670
2014-01-05,2277.82450
2014-01-06,2278.38030
2014-01-07,2278.93350
2014-01-08,2279.48000
2014-01-09,2280.01910
2014-01-10,2280.61340
2014-01-12,2281.71200
2014-01-13,2282.26260
2014-01-14,2282.81250
2014-01-15,2283.37630
2014-01-16,2283.92670
2014-01-17,2284.47340
2014-01-19,2285.57850
2014-01-20,2286.10200
2014-01-21,2286.73150
2014-01-22,2287.23880
2014-01-23,2287.78400
2014-01-24,2288.32840
2014-01-26,2289.41910
2014-01-27,2289.91610
2014-01-28,2290.22880
2014-01-29,2290.62940
2014-01-30,2290.97380
2014-01-31,2291.39200
2014-02-02,2292.52370
2014-02-03,2293.01270
2014-02-04,2293.57710
2014-02-05,2294.21640
2014-02-06,2294.93260
2014-02-07,2295.41660
2014-02-09,2296.53630
2014-02-10,2297.02750
2014-02-11,2297.55440
2014-02-12,2298.10730
2014-02-13,2298.57200
2014-02-14,2299.11810
2014-02-16,2300.27080
2014-02-17,2300.79300
2014-02-18,2301.40790
2014-02-19,2301.97810
2014-02-20,2302.52490
2014-02-21,2303.07170
2014-02-23,2304.21220
2014-02-24,2304.77250
2014-02-25,2305.33480
2014-02-26,2305.89570
2014-02-27,2306.45720
2014-02-28,2307.02040
2014-03-02,2308.14680
2014-03-03,2308.70090
2014-03-04,2309.26770
2014-03-05,2309.83590
2014-03-06,2310.40550
2014-03-07,2310.97760
2014-03-09,2312.12290
2014-03-10,2312.69490
2014-03-11,2313.26660
2014-03-12,2313.83400
2014-03-13,2314.40480
2014-03-14,2314.95020
2014-03-17,2316.70140
2014-03-18,2317.28570
2014-03-19,2317.86740
2014-03-20,2318.44760
2014-03-21,2319.02600
2014-03-23,2320.20680
2014-03-24,2320.79690
2014-03-25,2321.38130
2014-03-26,2321.97240
2014-03-27,2322.57000
2014-03-28,2323.19520
2014-03-31,2325.05760
2014-04-01,2325.67840
2014-04-02,2326.28850
2014-04-03,2326.88160
2014-04-04,2327.48050
2014-04-06,2328.67830
2014-04-07,2329.27090
2014-04-08,2329.86340
2014-04-09,2330.45840
2014-04-10,2331.05260
2014-04-11,2331.64560
2014-04-14,2333.42470
2014-04-15,2334.01250
2014-04-16,2334.58110
2014-04-17,2335.14810
2014-04-20,2336.84570
2014-04-21,2337.41850
2014-04-22,2337.99300
2014-04-23,2338.61510
2014-04-24,2339.18730
2014-04-25,2339.75950
2014-04-27,2340.90590
2014-04-28,2341.47670
2014-04-29,2342.04890
2014-04-30,2342.62220
2014-05-01,2343.19670
2014-05-02,2343.73680
2014-05-04,2344.88210
2014-05-05,2345.44620
2014-05-06,2346.01190
2014-05-07,2346.58110
2014-05-08,2347.15080
2014-05-09,2347.71990
2014-05-11,2348.85820
2014-05-12,2349.42830
2014-05-13,2349.99950
2014-05-14,2350.57070
2014-05-15,2351.13650
2014-05-16,2351.69580
2014-05-18,2352.81420
2014-05-19,2353.37680
2014-05-20,2353.94060
2014-05-21,2354.50360
2014-05-22,2355.06750
2014-05-23,2355.62130
2014-05-25,2356.74620
2014-05-26,2357.29370
2014-05-27,2357.84220
2014-05-28,2358.39010
2014-05-29,2358.93860
2014-05-30,2359.48780
2014-06-01,2360.58640
2014-06-02,2361.13550
2014-06-03,2361.67690
2014-06-04,2362.22040
2014-06-05,2362.76410
2014-06-06,2363.30800
2014-06-08,2364.39600
2014-06-09,2364.94550
2014-06-10,2365.50420
2014-06-11,2366.04560
2014-06-12,2366.58990
2014-06-13,2367.13230
2014-06-15,2368.21710
2014-06-16,2368.77150
2014-06-17,2369.32580
2014-06-18,2369.87450
2014-06-19,2370.42560
2014-06-20,2370.97850
2014-06-22,2372.08450
2014-06-23,2372.63760
2014-06-24,2373.18890
2014-06-25,2373.74280
2014-06-26,2374.29280
2014-06-27,2374.85160
2014-06-29,2375.96980
2014-06-30,2376.51920
2014-07-01,2377.09160
2014-07-02,2377.63890
2014-07-03,2378.19190
2014-07-04,2378.74200
2014-07-06,2379.84080
2014-07-07,2380.39190
2014-07-08,2380.94740
2014-07-09,2381.50410
2014-07-10,2382.06230
2014-07-11,2382.61570
2014-07-13,2383.72250
2014-07-14,2384.27920
2014-07-15,2384.83330
2014-07-16,2385.38740
2014-07-17,2385.93470
2014-07-18,2386.48320
2014-07-20,2387.58170
2014-07-21,2388.13570
2014-07-22,2388.68900
2014-07-23,2389.24230
2014-07-24,2389.79110
2014-07-25,2390.34270
2014-07-27,2391.44100
2014-07-28,2391.99170
2014-07-29,2392.54250
2014-07-30,2393.08640
2014-07-31,2393.62960
2014-08-01,2394.17270
2014-08-03,2395.25900
2014-08-04,2395.79560
2014-08-05,2396.33480
2014-08-06,2396.86980
2014-08-07,2397.41350
2014-08-08,2397.94740
2014-08-10,2399.03680
2014-08-11,2399.57650
2014-08-12,2400.12680
2014-08-13,2400.68410
2014-08-14,2401.24010
2014-08-18,2403.46410
2014-08-19,2404.01650
2014-08-20,2404.57120
2014-08-21,2405.12570
2014-08-22,2405.68260
2014-08-24,2406.79070
2014-08-25,2407.34780
2014-08-26,2407.91110
2014-08-27,2408.47340
2014-08-28,2409.02580
2014-08-31,2410.70350
2014-09-01,2411.25650
2014-09-02,2411.79680
2014-09-03,2412.35910
2014-09-04,2412.91610
2014-09-05,2413.47230
2014-09-07,2414.58480
2014-09-08,2415.14660
2014-09-09,2415.70000
2014-09-10,2416.25740
2014-09-11,2416.81530
2014-09-12,2417.38350
2014-09-14,2418.51040
2014-09-15,2419.07770
2014-09-16,2419.64850
2014-09-17,2420.21430
2014-09-18,2420.78230
2014-09-19,2421.35320
2014-09-21,2422.49560
2014-09-22,2423.06710
2014-09-23,2423.63740
2014-09-24,2424.21050
2014-09-25,2424.78610
2014-09-26,2425.35640
2014-09-28,2426.49730
2014-09-29,2427.07270
2014-09-30,2427.65440
2014-10-01,2428.33620
2014-10-06,2431.20390
2014-10-07,2431.77810
2014-10-08,2432.31870
2014-10-09,2432.90450
2014-10-10,2433.47930
2014-10-12,2434.62120
2014-10-13,2435.19310
2014-10-14,2435.76590
2014-10-15,2436.33530
2014-10-16,2436.90620
2014-10-17,2437.48650
2014-10-19,2438.62750
2014-10-20,2439.20870
2014-10-21,2439.80240
2014-10-22,2440.36960
2014-10-26,2442.66950
2014-10-27,2443.26280
2014-10-28,2443.85510
2014-10-29,2444.42110
2014-10-30,2445.00100
2014-10-31,2445.55800
2014-11-02,2446.65730
2014-11-03,2447.32030
2014-11-04,2447.87040
2014-11-05,2448.51460
2014-11-06,2449.06840
2014-11-07,2449.71670
2014-11-09,2450.83550
2014-11-10,2451.39570
2014-11-11,2451.93780
2014-11-12,2452.50380
2014-11-13,2453.07090
2014-11-14,2453.61630
2014-11-16,2454.73330
2014-11-17,2455.32010
2014-11-18,2455.89330
2014-11-19,2456.45990
2014-11-20,2457.02830
2014-11-21,2457.59080
2014-11-23,2458.70480
2014-11-24,2459.26940
2014-11-25,2459.85170
2014-11-26,2460.42240
2014-11-27,2460.99150
2014-11-28,2461.56860
2014-11-30,2462.68960
2014-12-01,2463.26040
2014-12-02,2463.83140
2014-12-03,2464.39990
2014-12-04,2464.96300
2014-12-05,2465.51840
2014-12-07,2466.63000
2014-12-08,2467.19030
2014-12-09,2467.76480
2014-12-10,2468.33720
2014-12-11,2468.89790
2014-12-12,2469.45100
2014-12-14,2470.55470
2014-12-15,2471.11710
2014-12-16,2471.65920
2014-12-17,2472.20630
2014-12-18,2472.76830
2014-12-19,2473.32720
2014-12-21,2474.44770
2014-12-22,2474.99680
2014-12-23,2475.56560
2014-12-24,2476.10510
2014-12-25,2476.68780
2014-12-26,2477.24830
2014-12-28,2478.38200
2014-12-29,2478.94680
2014-12-30,2479.54290
2014-12-31,2480.16910
2015-01-01,2480.73960
2015-01-02,2481.30680
2015-01-04,2482.43170
2015-01-05,2482.99280
2015-01-06,2483.56060
2015-01-07,2484.12030
2015-01-08,2484.70550
2015-01-09,2485.23820
2015-01-11,2486.38250
2015-01-12,2486.96130
2015-01-13,2487.53440
2015-01-14,2488.11440
2015-01-15,2488.68800
2015-01-16,2489.25670
2015-01-18,2490.40810
2015-01-19,2490.98040
2015-01-20,2491.55370
2015-01-21,2492.12350
2015-01-22,2492.69840
2015-01-23,2493.27610
2015-01-26,2494.99370
2015-01-27,2495.56590
2015-01-28,2496.13760
2015-01-29,2496.71290
2015-01-30,2497.28220
2015-02-01,2498.41830
2015-02-02,2498.99330
2015-02-03,2499.56250
2015-02-04,2500.13310
2015-02-05,2500.70300
2015-02-06,2501.28720
2015-02-08,2502.43130
2015-02-09,2502.98960
2015-02-10,2503.57050
2015-02-11,2504.14920
2015-02-12,2504.71810
2015-02-13,2505.28150
2015-02-15,2506.42280
2015-02-16,2507.00000
2015-02-17,2507.57440
2015-02-18,2508.15540
2015-02-19,2508.72470
2015-02-20,2509.29950
2015-02-22,2510.42280
2015-02-23,2511.00740
2015-02-24,2511.59000
2015-02-25,2512.17060
2015-02-26,2512.76500
2015-02-27,2513.34750
2015-03-01,2514.50410
2015-03-02,2515.08980
2015-03-03,2515.67780
2015-03-04,2516.31070
2015-03-05,2516.90160
2015-03-08,2518.65340
2015-03-09,2519.26980
2015-03-10,2519.85680
2015-03-11,2520.43760
2015-03-12,2521.04960
2015-03-13,2521.62640
2015-03-15,2522.78160
2015-03-16,2523.37460
2015-03-17,2523.96200
2015-03-18,2524.55890
2015-03-19,2525.14170
2015-03-20,2525.74340
2015-03-22,2526.92770
2015-03-23,2527.49930
2015-03-24,2528.06820
2015-03-25,2528.67470
2015-03-26,2529.26650
2015-03-27,2529.86010
2015-03-29,2531.05630
2015-03-30,2531.67560
2015-03-31,2532.85900
2015-04-05,2535.92950
2015-04-06,2536.60620
2015-04-07,2537.22810
2015-04-08,2537.83400
2015-04-09,2538.43890
2015-04-10,2539.04430
2015-04-12,2540.24190
2015-04-13,2540.83330
2015-04-14,2541.42870
2015-04-15,2542.02540
2015-04-16,2542.62280
2015-04-17,2543.21720
2015-04-19,2544.40380
2015-04-20,2544.99000
2015-04-21,2545.58520
2015-04-22,2546.17170
2015-04-23,2546.75300
2015-04-24,2547.35090
2015-04-26,2548.53500
2015-04-27,2549.12330
2015-04-28,2549.72310
2015-04-29,2550.30960
2015-04-30,2550.88030
2015-05-04,2553.20800
2015-05-05,2553.79460
2015-05-06,2554.38400
2015-05-07,2554.97110
2015-05-08,2555.54810
2015-05-10,2556.70330
2015-05-11,2557.28160
2015-05-12,2557.86920
2015-05-13,2558.45540
2015-05-14,2559.04550
2015-05-15,2559.64430
2015-05-17,2560.80740
2015-05-18,2561.39590
2015-05-19,2561.98260
2015-05-20,2562.57050
2015-05-21,2563.15320
2015-05-22,2563.74480
2015-05-24,2564.89940
2015-05-25,2565.47870
2015-05-26,2566.09140
2015-05-27,2566.67000
2015-05-28,2567.27080
2015-05-29,2567.84860
2015-05-31,2568.99440
2015-06-01,2569.57990
2015-06-02,2570.16730
2015-06-03,2570.76030
2015-06-04,2571.34240
2015-06-05,2571.93080
2015-06-07,2573.07900
2015-06-08,2573.64950
2015-06-09,2574.23440
2015-06-10,2574.80970
2015-06-11,2575.38390
2015-06-12,2575.94600
2015-06-14,2577.07000
2015-06-15,2577.64200
2015-06-16,2578.21040
2015-06-17,2578.77460
2015-06-18,2579.35100
2015-06-19,2579.91980
2015-06-21,2581.04670
2015-06-22,2581.60590
2015-06-23,2582.17440
2015-06-24,2582.73390
2015-06-25,2583.29860
2015-06-26,2583.85880
2015-06-28,2584.96010
2015-06-29,2585.54960
2015-06-30,2586.17840
2015-07-01,2586.78200
2015-07-02,2587.35310
2015-07-03,2587.91530
2015-07-05,2589.04210
2015-07-06,2589.61860
2015-07-07,2590.17860
2015-07-08,2590.73450
2015-07-09,2591.31410
2015-07-10,2591.86690
2015-07-12,2592.99240
2015-07-13,2593.54800
2015-07-14,2594.10300
2015-07-15,2594.67120
2015-07-16,2595.23180
2015-07-17,2595.79870
2015-07-19,2596.91300
2015-07-20,2597.48810
2015-07-21,2598.04820
2015-07-22,2598.61290
2015-07-23,2599.16580
2015-07-24,2599.73140
2015-07-26,2600.84200
2015-07-27,2601.40690
2015-07-28,2601.96430
2015-07-29,2602.52040
2015-07-30,2603.08420
2015-07-31,2603.63700
2015-08-02,2604.74030
2015-08-03,2605.31150
2015-08-04,2605.86790
2015-08-05,2606.43140
2015-08-06,2606.99720
2015-08-07,2607.57490
2015-08-09,2608.67230
2015-08-10,2609.22790
2015-08-11,2609.78140
2015-08-12,2610.33040
2015-08-13,2610.88080
2015-08-14,2611.43380
2015-08-16,2612.52900
2015-08-17,2613.07240
2015-08-18,2613.61790
2015-08-19,2614.17180
2015-08-20,2614.72230
2015-08-21,2615.26400
2015-08-23,2616.35430
2015-08-24,2616.90480
2015-08-25,2617.44860
2015-08-26,2617.98910
2015-08-27,2618.53490
2015-08-28,2619.10120
2015-08-30,2620.14550
2015-08-31,2620.68340
2015-09-01,2621.23540
2015-09-02,2621.76610
2015-09-03,2622.32070
2015-09-04,2622.83970
2015-09-06,2623.91870
2015-09-07,2624.46790
2015-09-08,2624.98270
2015-09-09,2625.52760
2015-09-10,2626.01560
2015-09-11,2626.54380
2015-09-13,2627.62830
2015-09-14,2628.17300
2015-09-15,2628.71350
2015-09-16,2629.24890
2015-09-17,2629.79470
2015-09-18,2630.33510
2015-09-20,2631.42670
2015-09-21,2631.97940
2015-09-22,2632.52560
2015-09-23,2633.07750
2015-09-24,2633.63060
2015-09-27,2635.27870
2015-09-28,2635.82820
2015-09-29,2636.47600
2015-09-30,2637.07120
2015-10-01,2637.62800
2015-10-04,2639.29020
2015-10-05,2639.88240
2015-10-06,2640.43680
2015-10-07,2641.00100
2015-10-08,2641.55440
2015-10-09,2642.10040
2015-10-11,2643.18660
2015-10-12,2643.73520
2015-10-13,2644.27980
2015-10-14,2644.82340
2015-10-15,2645.36850
2015-10-16,2645.91480
2015-10-18,2647.00850
2015-10-19,2647.55420
2015-10-20,2648.09820
2015-10-21,2648.64500
2015-10-22,2649.19400
2015-10-23,2649.74240
2015-10-25,2650.84070
2015-10-26,2651.38610
2015-10-27,2651.92830
2015-10-28,2652.47390
2015-10-29,2653.02590
2015-10-30,2653.56550
2015-11-01,2654.64980
2015-11-02,2655.19700
2015-11-03,2655.74440
2015-11-04,2656.28950
2015-11-05,2656.83390
2015-11-06,2657.38090
2015-11-08,2658.47290
2015-11-09,2659.01830
2015-11-10,2659.56510
2015-11-12,2660.65420
2015-11-13,2661.19830
2015-11-15,2662.27980
2015-11-16,2662.82270
2015-11-17,2663.36840
2015-11-18,2663.91470
2015-11-19,2664.45780
2015-11-20,2664.99880
2015-11-22,2666.07490
2015-11-23,2666.61030
2015-11-24,2667.14580
2015-11-25,2667.68220
2015-11-26,2668.21940
2015-11-27,2668.74120
2015-11-29,2669.81270
2015-11-30,2670.35290
2015-12-01,2670.89050
2015-12-02,2671.42260
2015-12-03,2671.96190
2015-12-04,2672.49880
2015-12-06,2673.57250
2015-12-07,2674.11080
2015-12-08,2674.64770
2015-12-09,2675.18240
2015-12-10,2675.71640
2015-12-11,2676.24990
2015-12-13,2677.31780
2015-12-14,2677.84010
2015-12-15,2678.37220
2015-12-16,2678.86850
2015-12-17,2679.44610
2015-12-18,2680.01660
2015-12-20,2681.13530
2015-12-21,2681.68480
2015-12-22,2682.23280
2015-12-23,2682.79360
2015-12-27,2685.00260
2015-12-28,2685.55120
2015-12-29,2686.09930
2015-12-30,2686.65070
2015-12-31,2687.28850
2016-01-01,2687.86090
2016-01-03,2688.92600
2016-01-04,2689.47080
2016-01-05,2690.01910
2016-01-06,2690.56380
2016-01-07,2691.10940
2016-01-08,2691.64490
2016-01-10,2692.71870
2016-01-11,2693.25910
2016-01-12,2693.79720
2016-01-13,2694.34110
2016-01-14,2694.86770
2016-01-15,2695.42230
2016-01-17,2696.50720
2016-01-18,2697.04830
2016-01-19,2697.58950
2016-01-20,2698.13000
2016-01-21,2698.66960
2016-01-22,2699.21280
2016-01-24,2700.29550
2016-01-25,2700.83210
2016-01-26,2701.37480
2016-01-27,2701.92120
2016-01-28,2702.47520
2016-01-29,2703.01810
2016-01-31,2704.13030
2016-02-01,2704.69040
2016-02-02,2705.24670
2016-02-03,2705.79910
2016-02-04,2706.35490
2016-02-05,2706.91700
2016-02-07,2708.04110
2016-02-08,2708.60560
2016-02-09,2709.17110
2016-02-10,2709.73750
2016-02-11,2710.30370
2016-02-12,2710.87260
2016-02-14,2712.01180
2016-02-15,2712.58010
2016-02-16,2713.15050
2016-02-17,2713.71760
2016-02-18,2714.28700
2016-02-21,2715.99530
2016-02-22,2716.56200
2016-02-23,2717.12480
2016-02-24,2717.69050
2016-02-25,2718.25480
2016-02-26,2718.81890
2016-02-28,2719.95640
2016-02-29,2720.53740
2016-03-01,2721.12040
2016-03-02,2721.70050
2016-03-03,2722.27800
2016-03-04,2722.84690
2016-03-07,2724.58000
2016-03-08,2725.16060
2016-03-09,2725.72320
2016-03-10,2726.29600
2016-03-11,2726.87110
2016-03-13,2728.05540
2016-03-14,2728.73070
2016-03-15,2729.33380
2016-03-16,2730.00270
2016-03-17,2730.63350
2016-03-18,2731.27170
2016-03-20,2732.48910
2016-03-21,2733.08170
2016-03-22,2733.66430
2016-03-23,2734.09350
2016-03-27,2736.57310
2016-03-28,2737.05510
2016-03-29,2737.77240
2016-03-30,2738.65480
2016-03-31,2740.91250
2016-04-03,2742.70940
2016-04-04,2743.41550
2016-04-05,2744.18460
2016-04-06,2744.85050
2016-04-07,2745.43960
2016-04-10,2747.20130
2016-04-11,2747.87840
2016-04-12,2748.46940
2016-04-13,2749.05970
2016-04-17,2751.42040
2016-04-18,2752.00450
2016-04-19,2752.58800
2016-04-20,2753.18780
2016-04-21,2753.77440
2016-04-22,2754.35990
2016-04-24,2755.53650
2016-04-25,2756.12330
2016-04-26,2756.71110
2016-04-27,2757.29900
2016-04-28,2757.88490
2016-04-29,2758.47450
2016-05-01,2759.63740
2016-05-02,2760.22540
2016-05-03,2760.82120
2016-05-04,2761.42180
2016-05-05,2762.02010
2016-05-06,2762.63340
2016-05-08,2763.83390
2016-05-09,2764.42020
2016-05-10,2765.00270
2016-05-11,2765.59100
2016-05-12,2766.17800
2016-05-13,2766.77720
2016-05-15,2767.95080
2016-05-16,2768.54410
2016-05-17,2769.12830
2016-05-18,2769.72840
2016-05-19,2770.31610
2016-05-20,2770.90700
2016-05-22,2772.06760
2016-05-23,2772.64990
2016-05-24,2773.23930
2016-05-25,2773.82850
2016-05-26,2774.40250
2016-05-27,2774.97880
2016-05-29,2776.11390
2016-05-30,2776.68640
2016-05-31,2777.26120
2016-06-01,2777.85820
2016-06-02,2778.43940
2016-06-03,2779.02460
2016-06-05,2780.18560
2016-06-06,2780.76510
2016-06-07,2781.35690
2016-06-08,2781.94750
2016-06-09,2782.52150
2016-06-10,2783.06670
2016-06-12,2784.21070
2016-06-13,2784.81300
2016-06-14,2785.42030
2016-06-15,2786.00970
2016-06-16,2786.57700
2016-06-17,2787.12560
2016-06-19,2788.25800
2016-06-20,2788.81270
2016-06-21,2789.37500
2016-06-22,2789.93730
2016-06-23,2790.51940
2016-06-24,2791.07780
2016-06-26,2792.21310
2016-06-27,2792.79620
2016-06-28,2793.38290
2016-06-29,2793.94900
2016-06-30,2794.57650
2016-07-01,2795.20840
2016-07-03,2796.27820
2016-07-04,2796.83500
2016-07-05,2797.41490
2016-07-06,2797.97390
2016-07-07,2798.53560
2016-07-08,2799.11360
2016-07-10,2800.24640
2016-07-11,2800.79700
2016-07-12,2801.34670
2016-07-13,2801.89970
2016-07-14,2802.46430
2016-07-15,2803.02850
2016-07-17,2804.13500
2016-07-18,2804.69020
2016-07-19,2805.23660
2016-07-20,2805.77950
2016-07-21,2806.34060
2016-07-22,2806.88820
2016-07-24,2807.96680
2016-07-25,2808.51660
2016-07-26,2809.06010
2016-07-27,2809.60510
2016-07-28,2810.15060
2016-07-29,2810.72440
2016-07-31,2811.79640
2016-08-01,2812.32690
2016-08-02,2812.85910
2016-08-03,2813.39360
2016-08-04,2813.91850
2016-08-05,2814.45120
2016-08-07,2815.50220
2016-08-08,2816.02980
2016-08-09,2816.57050
2016-08-10,2817.10270
2016-08-11,2817.63600
2016-08-12,2818.16810
2016-08-15,2819.76060
2016-08-16,2820.29150
2016-08-17,2820.82050
2016-08-18,2821.34690
2016-08-19,2821.90430
2016-08-21,2822.90910
2016-08-22,2823.45180
2016-08-23,2823.97840
2016-08-24,2824.50940
2016-08-25,2825.04180
2016-08-26,2825.56710
2016-08-28,2826.63810
2016-08-29,2827.16920
2016-08-30,2827.68920
2016-08-31,2828.21470
2016-09-01,2828.73040
2016-09-02,2829.24280
2016-09-05,2830.75960
2016-09-06,2831.29070
2016-09-07,2831.81790
2016-09-08,2832.36380
2016-09-09,2832.88000
2016-09-11,2833.91990
2016-09-12,2834.44080
2016-09-13,2834.95650
2016-09-14,2835.47870
2016-09-15,2836.00300
2016-09-16,2836.51850
2016-09-18,2837.56710
2016-09-19,2838.08850
2016-09-20,2838.60640
2016-09-21,2839.12680
2016-09-22,2839.65340
2016-09-23,2840.18100
2016-09-25,2841.24220
2016-09-26,2841.78420
2016-09-27,2842.32010
2016-09-28,2842.84580
2016-09-29,2843.37500
2016-09-30,2844.04120
2016-10-02,2845.07490
2016-10-03,2845.63120
2016-10-04,2846.16310
2016-10-05,2846.71600
2016-10-06,2847.24190
2016-10-07,2847.76920
2016-10-09,2848.79990
2016-10-10,2849.33290
2016-10-12,2850.37100
2016-10-13,2850.87910
2016-10-14,2851.41360
2016-10-16,2852.45610
2016-10-17,2852.97780
2016-10-18,2853.49010
2016-10-19,2854.00520
2016-10-20,2854.51150
2016-10-21,2855.01580
2016-10-23,2856.03430
2016-10-24,2856.54880
2016-10-25,2857.05130
2016-10-26,2857.56330
2016-10-27,2858.07700
2016-10-28,2858.58530
2016-10-31,2860.10830
2016-11-01,2860.64800
2016-11-02,2861.17250
2016-11-03,2861.69950
2016-11-04,2862.22170
2016-11-06,2863.26540
2016-11-07,2863.78580
2016-11-08,2864.30510
2016-11-09,2864.86620
2016-11-10,2865.39200
2016-11-11,2865.91840
2016-11-14,2867.44950
2016-11-15,2868.01690
2016-11-16,2868.59880
2016-11-17,2869.11960
2016-11-18,2869.66850
2016-11-20,2870.69300
2016-11-21,2871.23870
2016-11-22,2871.80230
2016-11-23,2872.36260
2016-11-24,2872.97710
2016-11-25,2873.42290
2016-11-27,2874.44020
2016-11-28,2874.94930
2016-11-29,2875.46510
2016-11-30,2875.99180
2016-12-01,2876.51840
2016-12-02,2876.98760
2016-12-04,2878.00510
2016-12-05,2878.52500
2016-12-06,2879.04150
2016-12-07,2879.29720
2016-12-08,2879.60100
2016-12-09,2880.15840
2016-12-12,2881.70180
2016-12-13,2882.22700
2016-12-14,2882.76500
2016-12-15,2883.32620
2016-12-16,2883.80600
2016-12-18,2884.82450
2016-12-19,2885.32660
2016-12-20,2885.82500
2016-12-21,2886.33730
2016-12-22,2886.82310
2016-12-23,2887.27760
2016-12-25,2888.31200
2016-12-26,2888.82170
2016-12-27,2889.32370
2016-12-28,2889.83730
2016-12-29,2890.38320
2016-12-30,2891.00270
2017-01-01,2892.02290
2017-01-02,2892.62380
2017-01-03,2893.18370
2017-01-04,2893.68710
2017-01-05,2894.17410
2017-01-06,2894.67370
2017-01-08,2895.69270
2017-01-09,2896.19630
2017-01-10,2896.68710
2017-01-11,2897.18840
2017-01-12,2897.69320
2017-01-13,2898.20330
2017-01-15,2899.22500
2017-01-16,2899.73350
2017-01-17,2900.23870
2017-01-18,2900.74630
2017-01-19,2901.26870
2017-01-20,2901.77920
2017-01-22,2902.79860
2017-01-23,2903.30910
2017-01-24,2903.82120
2017-01-25,2904.33480
2017-01-26,2904.84870
2017-01-27,2905.37720
2017-01-29,2906.43510
2017-01-30,2906.95860
2017-01-31,2907.47110
2017-02-01,2907.99240
2017-02-02,2908.51700
2017-02-03,2909.02790
2017-02-05,2910.04730
2017-02-06,2910.57580
2017-02-07,2911.10240
2017-02-08,2911.53080
2017-02-09,2912.05090
2017-02-10,2912.57390
2017-02-12,2913.61070
2017-02-13,2914.13350
2017-02-14,2914.66360
2017-02-15,2915.17780
2017-02-16,2915.69040
2017-02-17,2916.19700
2017-02-19,2917.17600
2017-02-20,2917.70480
2017-02-21,2918.21870
2017-02-22,2918.76450
2017-02-23,2919.32780
2017-02-26,2920.86620
2017-02-27,2921.42070
2017-02-28,2921.94560
2017-03-01,2922.47420
2017-03-02,2923.00630
2017-03-03,2923.44380
2017-03-05,2924.36400
2017-03-06,2924.84070
2017-03-07,2925.35500
2017-03-08,2925.87630
2017-03-09,2926.38870
2017-03-10,2926.85480
2017-03-13,2928.40940
2017-03-14,2928.97010
2017-03-15,2929.52730
2017-03-16,2930.09090
2017-03-17,2930.64710
2017-03-19,2931.76470
2017-03-20,2932.31470
2017-03-21,2932.89000
2017-03-22,2933.43480
2017-03-23,2933.96550
2017-03-24,2934.44910
2017-03-26,2935.47270
2017-03-27,2935.98040
2017-03-28,2936.49900
2017-03-29,2937.00400
2017-03-30,2937.64530
2017-03-31,2938.41470
2017-04-02,2939.45230
2017-04-03,2940.06130
2017-04-04,2940.57630
2017-04-05,2941.08790
2017-04-06,2941.55410
2017-04-07,2942.09130
2017-04-09,2943.11950
2017-04-10,2943.63960
2017-04-11,2944.15260
2017-04-12,2944.67470
2017-04-13,2945.17490
2017-04-16,2946.70730
2017-04-17,2947.24080
2017-04-18,2947.75390
2017-04-19,2948.26400
2017-04-20,2948.77770
2017-04-21,2949.28760
2017-04-23,2950.31150
2017-04-24,2950.82150
2017-04-25,2951.33520
2017-04-26,2951.84490
2017-04-27,2952.35370
2017-04-28,2952.87040
2017-05-01,2954.38230
2017-05-02,2954.90070
2017-05-03,2955.41900
2017-05-04,2955.93700
2017-05-05,2956.44950
2017-05-07,2957.48120
2017-05-08,2957.99850
2017-05-09,2958.51060
2017-05-10,2959.02460
2017-05-11,2959.54270
2017-05-12,2960.07110
2017-05-14,2961.13160
2017-05-15,2961.66760
2017-05-16,2962.19560
2017-05-17,2962.72300
2017-05-18,2963.25900
2017-05-19,2963.77800
2017-05-21,2964.80500
2017-05-22,2965.32440
2017-05-23,2965.85170
2017-05-24,2966.37140
2017-05-25,2966.88740
2017-05-26,2967.40770
2017-05-28,2968.44040
2017-05-29,2968.95670
2017-05-30,2969.47080
2017-05-31,2969.99220
2017-06-01,2970.51020
2017-06-02,2971.03990
2017-06-04,2972.07690
2017-06-05,2972.59300
2017-06-06,2973.11210
2017-06-07,2973.63600
2017-06-08,2974.16430
2017-06-09,2974.68930
2017-06-11,2975.72970
2017-06-12,2976.25030
2017-06-13,2976.78920
2017-06-14,2977.30360
2017-06-15,2977.82900
2017-06-16,2978.35150
2017-06-18,2979.39430
2017-06-19,2979.91380
2017-06-20,2980.43310
2017-06-21,2980.96070
2017-06-22,2981.49690
2017-06-23,2982.03150
2017-06-24,2982.56620
2017-06-25,2983.10110
2017-06-26,2983.63620
2017-06-27,2984.17170
2017-06-28,2984.71290
2017-06-29,2985.24150
2017-06-30,2985.76580
2017-07-01,2986.29600
2017-07-02,2986.82610
2017-07-03,2987.35810
2017-07-04,2987.91540
2017-07-05,2988.49520
2017-07-06,2989.04300
2017-07-07,2989.64800
2017-07-08,2990.18310
2017-07-09,2990.71780
2017-07-10,2991.25360
2017-07-11,2991.78210
2017-07-12,2992.30770
2017-07-13,2992.84970
2017-07-14,2993.37650
2017-07-15,2993.90150
2017-07-16,2994.42640
2017-07-17,2994.95690
2017-07-18,2995.48850
2017-07-19,2996.02190
2017-07-20,2996.55470
2017-07-21,2997.08230
2017-07-22,2997.60290
2017-07-23,2998.12370
2017-07-24,2998.64740
2017-07-25,2999.17770
2017-07-26,2999.69980
2017-07-27,3000.22010
2017-07-28,3000.74380
2017-07-29,3001.26640
2017-07-30,3001.78900
2017-07-31,3002.29800
2017-08-01,3002.82550
2017-08-02,3003.35390
2017-08-03,3003.89430
2017-08-04,3004.43240
2017-08-05,3004.96690
2017-08-06,3005.50140
2017-08-07,3006.03900
2017-08-08,3006.57840
2017-08-09,3007.12370
2017-08-10,3007.66340
2017-08-11,3008.18570
2017-08-12,3008.70710
2017-08-13,3009.22890
2017-08-14,3009.75030
2017-08-15,3010.26570
2017-08-16,3010.77740
2017-08-17,3011.29190
2017-08-18,3011.80150
2017-08-19,3012.31050
2017-08-20,3012.81940
2017-08-21,3013.33710
2017-08-22,3013.84560
2017-08-23,3014.36070
2017-08-24,3014.86260
2017-08-25,3015.38040
2017-08-26,3015.89860
2017-08-27,3016.42080
2017-08-28,3016.93260
2017-08-29,3017.44780
2017-08-30,3017.95800
2017-08-31,3018.47200
2017-09-01,3018.98490
2017-09-02,3019.49480
2017-09-03,3020.00510
2017-09-04,3020.52680
2017-09-05,3021.04400
2017-09-06,3021.55110
2017-09-07,3022.06750
2017-09-08,3022.58340
2017-09-09,3023.09810
2017-09-10,3023.61250
2017-09-11,3024.13720
2017-09-12,3024.66290
2017-09-13,3025.18850
2017-09-14,3025.70770
2017-09-15,3026.24150
2017-09-16,3026.77060
2017-09-17,3027.30010
2017-09-18,3027.83050
2017-09-19,3028.34820
2017-09-20,3028.87440
2017-09-21,3029.39590
2017-09-22,3029.90780
2017-09-23,3030.42770
2017-09-24,3030.94710
2017-09-25,3031.48760
2017-09-26,3032.01810
2017-09-27,3032.55330
2017-09-28,3033.07930
2017-09-29,3033.67080
2017-09-30,3034.20070
2017-10-01,3034.73070
2017-10-02,3035.26080
2017-10-03,3035.79920
2017-10-04,3036.36070
2017-10-05,3036.87130
2017-10-06,3037.38370
2017-10-07,3037.89690
2017-10-08,3038.41460
2017-10-09,3038.92770
2017-10-10,3039.44670
2017-10-11,3039.97630
2017-10-12,3040.51430
2017-10-13,3041.05040
2017-10-14,3041.57970
2017-10-15,3042.10900
2017-10-16,3042.64410
2017-10-17,3043.16320
2017-10-18,3043.68490
2017-10-19,3044.20400
2017-10-20,3044.72320
2017-10-21,3045.24270
2017-10-22,3045.76230
2017-10-23,3046.27740
2017-10-24,3046.79180
2017-10-25,3047.30410
2017-10-26,3047.82060
2017-10-27,3048.33570
2017-10-28,3048.85110
2017-10-29,3049.36630
2017-10-30,3049.89070
2017-10-31,3050.41960
2017-11-01,3050.94980
2017-11-02,3051.48360
2017-11-03,3052.01490
2017-11-04,3052.54370
2017-11-05,3053.07230
2017-11-06,3053.59780
2017-11-07,3054.12240
2017-11-08,3054.65220
2017-11-09,3055.17060
2017-11-10,3055.70250
2017-11-11,3056.22020
2017-11-12,3056.73780
2017-11-13,3057.26010
2017-11-14,3057.77540
2017-11-15,3058.29690
2017-11-16,3058.79050
2017-11-17,3059.31100
2017-11-18,3059.83180
2017-11-19,3060.35270
2017-11-20,3060.87640
2017-11-21,3061.40010
2017-11-22,3061.91930
2017-11-23,3062.43820
2017-11-24,3062.95560
2017-11-25,3063.47230
2017-11-26,3063.98920
2017-11-27,3064.50730
2017-11-28,3065.03010
2017-11-29,3065.55350
2017-11-30,3066.07490
2017-12-01,3066.59350
2017-12-02,3067.11240
2017-12-03,3067.63130
2017-12-04,3068.13750
2017-12-05,3068.65720
2017-12-06,3069.17800
2017-12-07,3069.70440
2017-12-08,3070.22200
2017-12-09,3070.74010
2017-12-10,3071.25860
2017-12-11,3071.78540
2017-12-12,3072.29890
2017-12-13,3072.82030
2017-12-14,3073.34580
2017-12-15,3073.86460
2017-12-16,3074.39530
2017-12-17,3074.92590
2017-12-18,3075.44130
2017-12-19,3075.96270
2017-12-20,3076.45610
2017-12-21,3077.00510
2017-12-22,3077.52360
2017-12-23,3078.05730
2017-12-24,3078.59130
2017-12-25,3079.12530
2017-12-26,3079.68260
2017-12-27,3080.22300
2017-12-28,3080.82620
2017-12-29,3081.52550
2017-12-30,3082.06450
2017-12-31,3082.60340
2018-01-01,3083.15480
2018-01-02,3083.68710
2018-01-03,3084.21880
2018-01-04,3084.76430
2018-01-05,3085.34380
2018-01-06,3085.87740
2018-01-07,3086.41080
2018-01-08,3086.94660
2018-01-09,3087.51020
2018-01-10,3088.03990
2018-01-11,3088.57630
2018-01-12,3089.10260
2018-01-13,3089.63290
2018-01-14,3090.16330
2018-01-15,3090.70330
2018-01-16,3091.23950
2018-01-17,3091.78900
2018-01-18,3092.32770
2018-01-19,3092.86790
2018-01-20,3093.40910
2018-01-21,3093.95450
2018-01-22,3094.51130
2018-01-23,3095.06810
2018-01-24,3095.61910
2018-01-25,3096.16520
2018-01-26,3096.71240
2018-01-27,3097.25960
2018-01-28,3097.80710
2018-01-29,3098.34830
2018-01-30,3098.90270
2018-01-31,3099.44840
2018-02-01,3099.99900
2018-02-02,3100.54260
2018-02-03,3101.08890
2018-02-04,3101.63570
2018-02-05,3102.17920
2018-02-06,3102.73290
2018-02-07,3103.28420
2018-02-08,3103.84960
2018-02-09,3104.38010
2018-02-10,3104.94600
2018-02-11,3105.51180
2018-02-12,3106.08250
2018-02-13,3106.63290
2018-02-14,3107.18890
2018-02-15,3107.74770
2018-02-16,3108.29770
2018-02-17,3108.85850
2018-02-18,3109.41900
2018-02-19,3109.97780
2018-02-20,3110.54350
2018-02-21,3111.11110
2018-02-22,3111.65800
2018-02-23,3112.21930
2018-02-24,3112.77970
2018-02-25,3113.34050
2018-02-26,3113.90530
2018-02-27,3114.47090
2018-02-28,3115.03450
2018-03-01,3115.59030
2018-03-02,3116.14700
2018-03-03,3116.70420
2018-03-04,3117.26130
2018-03-05,3117.84580
2018-03-06,3118.45660
2018-03-07,3119.11020
2018-03-08,3119.68620
2018-03-09,3120.25630
2018-03-10,3120.83020
2018-03-11,3121.40420
2018-03-12,3122.02210
2018-03-13,3122.63160
2018-03-14,3123.23340
2018-03-15,3123.91060
2018-03-16,3124.75280
2018-03-17,3125.33550
2018-03-18,3125.91800
2018-03-19,3126.55250
2018-03-20,3127.16140
2018-03-21,3127.77360
2018-03-22,3128.38300
2018-03-23,3128.81380
2018-03-24,3129.40020
2018-03-25,3129.98670
2018-03-26,3130.56640
2018-03-27,3131.27000
2018-03-28,3134.04870
2018-03-29,3134.63550
2018-03-30,3135.22220
2018-03-31,3135.80910
2018-04-01,3136.39640
2018-04-02,3136.98390
2018-04-03,3137.57810
2018-04-04,3138.24710
2018-04-05,3138.83490
2018-04-06,3139.42260
2018-04-07,3140.00270
2018-04-08,3140.58310
2018-04-09,3141.17970
2018-04-10,3141.77990
2018-04-11,3142.35210
2018-04-12,3142.91670
2018-04-13,3143.48320
2018-04-14,3144.05690
2018-04-15,3144.63040
2018-04-16,3145.20710
2018-04-17,3145.80160
2018-04-18,3146.38590
2018-04-19,3146.97020
2018-04-20,3147.48010
2018-04-21,3148.05290
2018-04-22,3148.62540
2018-04-23,3149.20380
2018-04-24,3149.77340
2018-04-25,3150.34880
2018-04-26,3150.92340
2018-04-27,3151.49220
2018-04-28,3152.07690
2018-04-29,3152.66140
2018-04-30,3153.24020
2018-05-01,3153.81960
2018-05-02,3154.39890
2018-05-03,3154.97250
2018-05-04,3155.50060
2018-05-05,3156.08170
2018-05-06,3156.66300
2018-05-07,3157.23640
2018-05-08,3157.81800
2018-05-09,3158.39890
2018-05-10,3158.94880
2018-05-11,3159.49340
2018-05-12,3160.07470
2018-05-13,3160.65590
2018-05-14,3161.20700
2018-05-15,3161.76540
2018-05-16,3162.33530
2018-05-17,3162.92930
2018-05-18,3163.47470
2018-05-19,3164.06130
2018-05-20,3164.64840
2018-05-21,3165.23940
2018-05-22,3165.81640
2018-05-23,3166.38130
2018-05-24,3166.97780
2018-05-25,3167.56950
2018-05-26,3168.15720
2018-05-27,3168.74510
2018-05-28,3169.40780
2018-05-29,3170.14650
2018-05-30,3170.86610
2018-05-31,3171.46060
2018-06-01,3171.95460
2018-06-02,3172.56460
2018-06-03,3173.17500
2018-06-04,3173.75790
2018-06-05,3174.38090
2018-06-06,3175.14430
2018-06-07,3175.75540
2018-06-08,3176.45450
2018-06-09,3177.07070
2018-06-10,3177.68690
2018-06-11,3178.30310
2018-06-12,3178.92560
2018-06-13,3179.61560
2018-06-14,3180.23730
2018-06-15,3180.91070
2018-06-16,3181.53710
2018-06-17,3182.16340
2018-06-18,3182.86830
2018-06-19,3183.51350
2018-06-20,3184.21150
2018-06-21,3184.85750
2018-06-22,3185.47780
2018-06-23,3186.11050
2018-06-24,3186.74350
2018-06-25,3187.39320
2018-06-26,3188.03530
2018-06-27,3188.68890
2018-06-28,3189.36280
2018-06-29,3190.14560
2018-06-30,3190.79730
2018-07-01,3191.44910
2018-07-02,3192.13440
2018-07-03,3192.83740
2018-07-04,3193.59590
2018-07-05,3194.25250
2018-07-06,3194.87500
2018-07-07,3195.49640
2018-07-08,3196.11790
2018-07-09,3196.74480
2018-07-10,3197.36990
2018-07-11,3197.99890
2018-07-12,3198.61540
2018-07-13,3199.24880
2018-07-14,3199.86950
2018-07-15,3200.49050
2018-07-16,3201.11160
2018-07-17,3201.73670
2018-07-18,3202.36790
2018-07-19,3202.99920
2018-07-20,3203.61250
2018-07-21,3204.22750
2018-07-22,3204.84230
2018-07-23,3205.42960
2018-07-24,3206.06290
2018-07-25,3206.64440
2018-07-26,3207.27480
2018-07-27,3207.89660
2018-07-28,3208.51130
2018-07-29,3209.12620
2018-07-30,3209.76460
2018-07-31,3210.42400
2018-08-01,3211.07080
2018-08-02,3211.72550
2018-08-03,3212.37130
2018-08-04,3213.00960
2018-08-05,3213.64740
2018-08-06,3214.29470
2018-08-07,3214.90770
2018-08-08,3215.52550
2018-08-09,3216.14920
2018-08-10,3216.76380
2018-08-11,3217.37510
2018-08-12,3217.98690
2018-08-13,3218.59210
2018-08-14,3219.21430
2018-08-15,3219.82620
2018-08-16,3220.43820
2018-08-17,3221.04810
2018-08-18,3221.65780
2018-08-19,3222.26750
2018-08-20,3222.85720
2018-08-21,3223.45750
2018-08-22,3224.06440
2018-08-23,3224.68030
2018-08-24,3225.28660
2018-08-25,3225.89270
2018-08-26,3226.49920
2018-08-27,3227.10090
2018-08-28,3227.71410
2018-08-29,3228.34220
2018-08-30,3228.97330
2018-08-31,3229.61660
2018-09-01,3230.21480
2018-09-02,3230.81300
2018-09-03,3231.41770
2018-09-04,3232.02100
2018-09-05,3232.64150
2018-09-06,3233.26030
2018-09-07,3233.87350
2018-09-08,3234.48700
2018-09-09,3235.10040
2018-09-10,3235.70750
2018-09-11,3236.29620
2018-09-12,3236.90690
2018-09-13,3237.53440
2018-09-16,3239.37490
2018-09-17,3239.99590
2018-09-18,3240.61800
2018-09-20,3241.86230
2018-09-23,3243.72510
2018-09-24,3244.32300
2018-09-25,3244.89500
2018-09-26,3245.47010
2018-09-27,3246.14550
2018-09-28,3246.72280
2018-09-30,3247.82950
2018-10-02,3248.99980
2018-10-03,3249.59380
2018-10-04,3250.17780
2018-10-07,3252.10950
2018-10-08,3252.76630
2018-10-09,3253.38800
2018-10-10,3254.02560
2018-10-11,3254.66290
2018-10-14,3256.60200
2018-10-15,3257.21260
2018-10-16,3257.84510
2018-10-18,3259.15040
2018-10-21,3261.04120
2018-10-22,3261.66570
2018-10-23,3262.31210
2018-10-24,3262.98590
2018-10-25,3263.61330
2018-10-28,3265.56110
2018-10-29,3266.20660
2018-10-30,3266.88000
2018-10-31,3267.57740
2018-11-01,3268.27480
2018-11-04,3270.27580
2018-11-05,3270.99200
2018-11-08,3272.97190
2018-11-11,3274.92010
2018-11-12,3275.63630
2018-11-13,3276.34040
2018-11-14,3277.06140
2018-11-15,3277.86570
2018-11-18,3279.89790
2018-11-19,3280.53950
2018-11-20,3281.20420
2018-11-21,3281.85550
2018-11-25,3284.48140
2018-11-26,3285.16100
2018-11-27,3285.82690
2018-11-28,3286.49240
2018-11-29,3287.15100
2018-11-30,3287.82670
2018-12-02,3289.12610
2018-12-03,3289.80950
2018-12-04,3290.47030
2018-12-05,3291.19910
2018-12-06,3291.87720
2018-12-09,3293.84720
2018-12-10,3294.49810
2018-12-11,3295.12570
2018-12-12,3295.81110
2018-12-13,3296.51970
2018-12-14,3297.16880
2018-12-16,3298.43790
2018-12-17,3299.09920
2018-12-18,3299.75920
2018-12-19,3300.40420
2018-12-20,3301.02480
2018-12-21,3301.64500
2018-12-23,3302.91200
2018-12-24,3303.54300
2018-12-25,3304.17570
2018-12-26,3304.82830
2018-12-27,3305.47390
2018-12-28,3306.18960
2018-12-30,3307.46850
2018-12-31,3308.27370
2019-01-01,3308.98880
2019-01-02,3309.68050
2019-01-03,3310.30360
2019-01-04,3310.92860
2019-01-06,3312.17420
2019-01-07,3312.82830
2019-01-08,3313.49070
2019-01-09,3314.12430
2019-01-10,3314.78980
2019-01-11,3315.40780
2019-01-13,3316.62740
2019-01-14,3317.25250
2019-01-15,3317.87740
2019-01-16,3318.54870
2019-01-17,3319.20320
2019-01-18,3319.87090
2019-01-20,3321.11450
2019-01-21,3321.82600
2019-01-22,3322.44460
2019-01-23,3323.05700
2019-01-24,3323.68320
2019-01-25,3324.34510
2019-01-27,3325.59930
2019-01-28,3326.21180
2019-01-29,3326.92010
2019-01-30,3327.55350
2019-01-31,3328.17380
2019-02-01,3328.79790
2019-02-03,3330.04770
2019-02-04,3330.62010
2019-02-05,3331.24670
2019-02-06,3331.86900
2019-02-07,3332.73570
2019-02-08,3333.33080
2019-02-10,3334.58790
2019-02-11,3335.23380
2019-02-12,3335.85320
2019-02-13,3336.47980
2019-02-14,3337.08970
2019-02-15,3337.69820
2019-02-17,3338.92600
2019-02-18,3339.54180
2019-02-19,3340.15550
2019-02-20,3340.75760
2019-02-21,3341.37230
2019-02-22,3341.98310
2019-02-24,3343.20510
2019-02-25,3343.84380
2019-02-26,3344.46820
2019-02-27,3345.07120
2019-02-28,3345.69520
2019-03-01,3346.33100
2019-03-04,3348.18070
2019-03-05,3348.81250
2019-03-06,3349.44060
2019-03-07,3350.07250
2019-03-08,3350.69880
2019-03-10,3351.94930
2019-03-11,3352.63020
2019-03-12,3353.29740
2019-03-13,3354.01390
2019-03-14,3354.75650
2019-03-17,3356.60110
2019-03-18,3357.24050
2019-03-19,3357.90380
2019-03-20,3358.53780
2019-03-21,3359.19190
2019-03-22,3359.78770
2019-03-24,3361.08660
2019-03-25,3361.73550
2019-03-26,3362.38530
2019-03-27,3363.02480
2019-03-28,3363.82560
2019-03-29,3365.94080
2019-03-31,3367.22290
2019-04-01,3367.86420
2019-04-02,3368.64860
2019-04-03,3369.38770
2019-04-04,3370.01680
2019-04-05,3370.62190
2019-04-07,3371.84680
2019-04-08,3372.47250
2019-04-09,3373.08200
2019-04-10,3373.71900
2019-04-11,3374.36850
2019-04-12,3374.97350
2019-04-14,3376.28990
2019-04-15,3376.93410
2019-04-16,3377.61120
2019-04-17,3378.24950
2019-04-18,3378.88340
2019-04-20,3380.12890
2019-04-21,3380.75190
2019-04-22,3381.39710
2019-04-23,3382.03150
2019-04-24,3382.65700
2019-04-25,3383.26980
2019-04-26,3383.84830
2019-04-28,3385.11400
2019-04-29,3385.73610
2019-04-30,3386.19260
2019-05-01,3386.81610
2019-05-02,3387.41260
2019-05-03,3388.07760
2019-05-04,3388.70290
2019-05-05,3389.32890
2019-05-06,3389.97400
2019-05-07,3390.63180
2019-05-08,3391.33290
2019-05-09,3391.96460
2019-05-10,3392.60500
2019-05-12,3393.86550
2019-05-13,3394.53230
2019-05-14,3395.23310
2019-05-15,3395.91030
2019-05-16,3396.61420
2019-05-17,3397.29430
2019-05-19,3398.56180
2019-05-20,3399.20390
2019-05-21,3399.88820
2019-05-22,3400.56090
2019-05-23,3401.27800
2019-05-24,3401.97370
2019-05-25,3402.61160
2019-05-26,3403.24930
2019-05-27,3403.88860
2019-05-28,3404.56750
2019-05-29,3405.23690
2019-05-30,3405.86960
2019-05-31,3406.68210
2019-06-02,3407.93730
2019-06-03,3408.55110
2019-06-04,3409.24730
2019-06-05,3409.86470
2019-06-06,3410.48660
2019-06-07,3411.10780
2019-06-08,3411.71600
2019-06-09,3412.32470
2019-06-10,3412.92320
2019-06-11,3413.53150
2019-06-12,3414.13930
2019-06-13,3414.74140
2019-06-14,3415.36530
2019-06-16,3416.57320
2019-06-17,3417.16940
2019-06-18,3417.78830
2019-06-19,3418.39990
2019-06-20,3419.10860
2019-06-21,3419.62340
2019-06-23,3420.83690
2019-06-24,3421.43520
2019-06-25,3422.02930
2019-06-26,3422.62530
2019-06-27,3423.21860
2019-06-28,3423.86080
2019-06-30,3425.05260
2019-07-01,3425.65830
2019-07-02,3426.26410
2019-07-03,3426.90140
2019-07-04,3427.52990
2019-07-05,3428.14740
2019-07-07,3429.30340
2019-07-08,3429.91020
2019-07-09,3430.51490
2019-07-10,3431.11660
2019-07-11,3431.75350
2019-07-12,3432.35140
2019-07-14,3433.49420
2019-07-15,3434.11950
2019-07-16,3434.85620
2019-07-17,3435.46960
2019-07-18,3436.07050
2019-07-19,3436.64200
2019-07-21,3437.75640
2019-07-22,3438.31940
2019-07-23,3438.88540
2019-07-24,3439.46150
2019-07-25,3440.05550
2019-07-26,3440.64730
2019-07-28,3441.77530
2019-07-29,3442.41410
2019-07-30,3443.01250
2019-07-31,3443.61110
2019-08-01,3444.16890
2019-08-02,3444.83770
2019-08-04,3445.96950
2019-08-05,3446.52670
2019-08-06,3447.10390
2019-08-07,3447.84100
2019-08-08,3448.44580
2019-08-09,3449.18860
2019-08-12,3450.80270
2019-08-13,3451.27260
2019-08-14,3451.68850
2019-08-15,3452.22750
2019-08-16,3452.80310
2019-08-17,3453.33440
2019-08-18,3453.86630
2019-08-19,3454.43440
2019-08-20,3454.98740
2019-08-21,3455.56390
2019-08-22,3456.09660
2019-08-23,3456.65420
2019-08-25,3457.71280
2019-08-26,3458.28810
2019-08-27,3458.87310
2019-08-28,3459.39860
2019-08-29,3459.95580
2019-08-30,3460.42150
2019-08-31,3460.95880
2019-09-02,3462.03390
2019-09-03,3462.56790
2019-09-04,3463.13720
2019-09-05,3463.72210
2019-09-06,3464.34140
2019-09-08,3465.37700
2019-09-09,3465.91460
2019-09-10,3466.43590
2019-09-11,3466.92900
2019-09-12,3467.51060
2019-09-13,3468.04840
2019-09-15,3469.08440
2019-09-16,3469.58260
2019-09-17,3470.05490
2019-09-18,3470.56350
2019-09-19,3471.09330
2019-09-20,3471.34690
2019-09-22,3472.40040
2019-09-23,3472.72190
2019-09-24,3473.13210
2019-09-25,3473.65920
2019-09-26,3474.25500
2019-09-27,3474.72200
2019-09-29,3475.79220
2019-09-30,3476.49700
2019-10-01,3477.27830
2019-10-02,3477.79620
2019-10-03,3478.34620
2019-10-04,3479.03560
2019-10-06,3480.09910
2019-10-07,3480.73020
2019-10-08,3481.27210
2019-10-09,3481.80380
2019-10-10,3482.38750
2019-10-13,3484.00110
2019-10-14,3484.63680
2019-10-15,3485.25930
2019-10-16,3485.77090
2019-10-17,3486.31010
2019-10-18,3486.82710
2019-10-21,3488.36300
2019-10-22,3488.68140
2019-10-23,3489.18770
2019-10-24,3489.75240
2019-10-25,3490.26330
2019-10-27,3491.25970
2019-10-28,3491.75770
2019-10-29,3492.26790
2019-10-30,3492.85360
2019-10-31,3493.45160
2019-11-03,3494.93420
2019-11-04,3495.40710
2019-11-05,3495.82140
2019-11-06,3496.21890
2019-11-07,3496.65860
2019-11-08,3497.10330
2019-11-09,3497.58820
2019-11-10,3498.07310
2019-11-12,3499.09090
2019-11-13,3499.65720
2019-11-14,3500.20890
2019-11-15,3500.72480
2019-11-17,3501.69860
2019-11-18,3502.20020
2019-11-19,3502.75100
2019-11-20,3503.36110
2019-11-21,3503.83300
2019-11-22,3504.31240
2019-11-24,3505.25780
2019-11-25,3505.72780
2019-11-26,3506.21750
2019-11-27,3506.78240
2019-11-28,3507.37920
2019-12-01,3509.12140
2019-12-02,3509.62320
2019-12-03,3510.11240
2019-12-04,3510.61060
2019-12-05,3510.71340
2019-12-06,3511.29750
2019-12-08,3512.31060
2019-12-09,3512.89060
2019-12-10,3513.44480
2019-12-11,3513.93690
2019-12-12,3514.41420
2019-12-15,3515.79390
2019-12-16,3516.28770
2019-12-17,3516.77200
2019-12-18,3517.26200
2019-12-19,3517.78120
2019-12-21,3518.66570
2019-12-22,3519.14550
2019-12-23,3519.62060
2019-12-25,3520.57640
2019-12-26,3521.05800
2019-12-29,3522.54710
2019-12-30,3523.02740
2019-12-31,3523.50040
2020-01-01,3524.02770
2020-01-02,3524.74820
2020-01-03,3525.15590
2020-01-05,3526.09110
2020-01-06,3526.56230
2020-01-07,3527.03980
2020-01-08,3527.47650
2020-01-09,3527.96830
2020-01-10,3528.33190
2020-01-12,3529.30300
2020-01-13,3529.73540
2020-01-14,3530.19700
2020-01-15,3530.66020
2020-01-16,3531.16680
2020-01-19,3532.68330
2020-01-20,3533.18650
2020-01-21,3533.69240
2020-01-22,3534.18890
2020-01-23,3534.69340
2020-01-26,3536.20250
2020-01-27,3536.70190
2020-01-28,3537.20820
2020-01-29,3537.71590
2020-01-30,3538.27170
2020-01-31,3538.75730
2020-02-01,3539.26670
2020-02-02,3539.77600
2020-02-03,3540.29440
2020-02-04,3540.81800
2020-02-05,3541.33520
2020-02-06,3541.86790
2020-02-07,3542.39320
2020-02-08,3542.91410
2020-02-09,3543.43540
2020-02-10,3543.94830
2020-02-11,3544.53890
2020-02-12,3545.07160
2020-02-13,3545.59400
2020-02-14,3546.10820
2020-02-16,3547.11400
2020-02-17,3547.61550
2020-02-18,3548.11980
2020-02-19,3548.63670
2020-02-21,3549.60670
2020-02-23,3550.60990
2020-02-24,3551.09820
2020-02-25,3551.59250
2020-02-26,3552.06360
2020-02-27,3552.34500
2020-02-28,3552.84980
2020-03-01,3553.84420
2020-03-02,3554.35050
2020-03-03,3554.87840
2020-03-04,3555.70910
2020-03-05,3556.26680
2020-03-06,3556.89260
2020-03-08,3558.03790
2020-03-09,3558.73700
2020-03-10,3559.31020
2020-03-11,3559.94400
2020-03-12,3560.25670
2020-03-14,3561.01700
2020-03-15,3561.51740
2020-03-16,3561.98280
2020-03-17,3562.31220
2020-03-18,3561.92850
2020-03-19,3559.45790
2020-03-21,3560.30290
2020-03-22,3560.88500
2020-03-23,3558.26310
2020-03-24,3556.52120
2020-03-25,3557.23850
2020-03-26,3558.60900
2020-03-27,3572.16830
2020-03-29,3573.29330
2020-03-30,3574.48750
2020-03-31,3576.00520
2020-04-01,3576.48160
2020-04-02,3576.95740
2020-04-03,3578.35500
2020-04-06,3579.66390
2020-04-07,3579.62060
2020-04-08,3580.03480
2020-04-09,3580.45900
2020-04-12,3581.71300
2020-04-13,3582.39280
2020-04-14,3582.82320
2020-04-15,3583.14480
2020-04-16,3583.75270
2020-04-17,3585.22490
2020-04-19,3586.01610
2020-04-20,3586.63600
2020-04-21,3587.40620
2020-04-22,3588.56250
2020-04-23,3589.05910
2020-04-24,3589.37390
2020-04-26,3590.15380
2020-04-27,3590.31040
2020-04-28,3590.04440
2020-04-29,3590.12470
2020-04-30,3590.29130
2020-05-03,3591.59720
2020-05-04,3592.10780
2020-05-05,3592.93870
2020-05-06,3593.61670
2020-05-07,3594.01980
2020-05-08,3594.51810
2020-05-10,3595.33410
2020-05-11,3595.87370
2020-05-12,3596.69590
2020-05-13,3597.32480
2020-05-14,3597.85640
2020-05-15,3598.56230
2020-05-17,3599.29570
2020-05-18,3599.80910
2020-05-19,3600.28360
2020-05-20,3600.86020
2020-05-21,3601.30730
2020-05-22,3602.01480
2020-05-25,3603.08080
2020-05-26,3603.65080
2020-05-27,3604.00010
2020-05-28,3604.23000
2020-05-29,3604.32610
2020-05-31,3605.10160
2020-06-01,3605.41130
2020-06-02,3605.68870
2020-06-03,3606.05190
2020-06-04,3606.36730
2020-06-05,3606.65480
2020-06-07,3607.40570
2020-06-08,3607.81540
2020-06-09,3608.18830
2020-06-10,3608.63010
2020-06-11,3609.11770
2020-06-12,3609.73340
2020-06-14,3610.42810
2020-06-15,3610.99340
2020-06-16,3611.35330
2020-06-17,3611.84530
2020-06-18,3612.26950
2020-06-19,3612.73120
2020-06-21,3613.38490
2020-06-22,3613.76960
2020-06-23,3614.14660
2020-06-24,3614.55710
2020-06-25,3615.02420
2020-06-26,3615.42070
2020-06-28,3616.08920
2020-06-29,3616.50840
2020-06-30,3616.96050
2020-07-01,3617.53780
2020-07-02,3617.84290
2020-07-03,3618.08180
2020-07-05,3618.74410
2020-07-06,3618.95600
2020-07-07,3619.26220
2020-07-08,3619.60930
2020-07-09,3619.98660
2020-07-10,3620.32080
2020-07-12,3620.96100
2020-07-13,3621.28570
2020-07-14,3621.59160
2020-07-15,3621.96090
2020-07-16,3622.19250
2020-07-17,3622.50660
2020-07-19,3623.14950
2020-07-20,3623.41290
2020-07-21,3623.72800
2020-07-22,3624.09350
2020-07-23,3624.42040
2020-07-24,3624.72620
2020-07-26,3625.36920
2020-07-27,3625.63390
2020-07-28,3625.85670
2020-07-29,3626.15230
2020-07-30,3626.48120
2020-07-31,3626.83100
2020-08-02,3627.46700
2020-08-03,3627.78310
2020-08-04,3628.12210
2020-08-05,3628.48470
2020-08-06,3628.81910
2020-08-07,3629.07520
2020-08-09,3629.71590
2020-08-10,3630.03590
2020-08-11,3630.39740
2020-08-12,3630.75410
2020-08-13,3631.12360
2020-08-14,3631.50770
2020-08-16,3632.13600
2020-08-17,3632.51470
2020-08-18,3632.85000
2020-08-19,3633.28290
2020-08-20,3633.68960
2020-08-21,3633.93760
2020-08-23,3634.57590
2020-08-24,3634.81470
2020-08-25,3635.01200
2020-08-26,3635.33090
2020-08-27,3635.65530
2020-08-28,3635.92600
2020-08-30,3636.51490
2020-08-31,3636.81330
2020-09-01,3637.17540
2020-09-02,3637.48970
2020-09-03,3637.81530
2020-09-04,3638.09000
2020-09-06,3638.68080
2020-09-07,3638.94610
2020-09-08,3639.15080
2020-09-09,3639.30300
2020-09-10,3639.57470
2020-09-11,3639.76170
2020-09-13,3640.42100
2020-09-14,3640.74680
2020-09-15,3641.06020
2020-09-16,3641.37830
2020-09-17,3641.70220
2020-09-18,3641.99700
2020-09-20,3642.62550
2020-09-21,3642.91560
2020-09-22,3643.21410
2020-09-23,3643.52920
2020-09-24,3643.89110
2020-09-25,3644.22200
2020-09-27,3644.89770
2020-09-28,3645.24330
2020-09-29,3645.59960
2020-09-30,3646.17230
2020-10-01,3646.49320
2020-10-04,3647.44240
2020-10-05,3647.77450
2020-10-06,3648.12890
2020-10-07,3648.48270
2020-10-08,3648.82320
2020-10-09,3649.15550
2020-10-11,3649.76620
2020-10-12,3650.05280
2020-10-13,3650.43570
2020-10-14,3650.80560
2020-10-15,3651.18260
2020-10-16,3651.53700
2020-10-18,3652.13130
2020-10-19,3652.45670
2020-10-20,3652.82170
2020-10-21,3653.15340
2020-10-22,3653.45490
2020-10-23,3653.73920
2020-10-25,3654.32260
2020-10-26,3654.58310
2020-10-27,3654.80030
2020-10-28,3655.18880
2020-10-29,3655.48890
2020-10-30,3655.78240
2020-11-01,3656.37000
2020-11-02,3656.63270
2020-11-03,3656.97120
2020-11-04,3657.31440
2020-11-05,3657.62840
2020-11-06,3657.96200
2020-11-08,3658.53890
2020-11-09,3658.82880
2020-11-10,3659.11230
2020-11-11,3659.43990
2020-11-12,3659.90190
2020-11-13,3660.18010
2020-11-16,3661.02840
2020-11-17,3661.32520
2020-11-18,3661.86900
2020-11-19,3662.25420
2020-11-20,3662.48030
2020-11-22,3663.00880
2020-11-23,3663.22690
2020-11-24,3663.45720
2020-11-25,3663.87910
2020-11-26,3664.26980
2020-11-27,3664.54090
2020-11-28,3664.80600
2020-11-30,3665.33750
2020-12-01,3665.42010
2020-12-02,3665.37740
2020-12-03,3665.62570
2020-12-04,3665.99190
2020-12-06,3666.56790
2020-12-07,3666.92330
2020-12-08,3667.06650
2020-12-09,3667.32300
2020-12-10,3667.66940
2020-12-11,3667.96350
2020-12-13,3668.54290
2020-12-14,3668.81580
2020-12-15,3669.10100
2020-12-16,3669.38760
2020-12-17,3669.66130
2020-12-18,3669.99340
2020-12-20,3670.62470
2020-12-21,3670.92300
2020-12-22,3671.24110
2020-12-23,3671.58220
2020-12-24,3671.88230
2020-12-27,3672.81860
2020-12-28,3673.17500
2020-12-29,3673.51290
2020-12-30,3673.92250
2020-12-31,3674.29130
2021-01-01,3674.61470
2021-01-03,3675.16860
2021-01-04,3675.52990
2021-01-05,3675.79450
2021-01-06,3675.96230
2021-01-07,3676.14180
2021-01-08,3676.45260
2021-01-10,3677.06290
2021-01-11,3677.00140
2021-01-12,3677.33330
2021-01-13,3677.68900
2021-01-14,3678.01740
2021-01-15,3678.14420
2021-01-17,3678.77530
2021-01-18,3679.10930
2021-01-19,3679.38480
2021-01-20,3679.73700
2021-01-21,3680.07260
2021-01-22,3680.39430
2021-01-24,3681.03310
2021-01-25,3681.33580
2021-01-26,3681.66620
2021-01-27,3682.01550
2021-01-28,3682.36240
2021-01-29,3682.69590
2021-01-31,3683.35960
2021-02-01,3683.71120
2021-02-02,3684.01160
2021-02-03,3684.32680
2021-02-04,3684.65350
2021-02-05,3685.02180
2021-02-07,3685.65720
2021-02-08,3685.95630
2021-02-09,3686.27810
2021-02-10,3686.63190
2021-02-11,3686.94200
2021-02-12,3687.32150
2021-02-14,3687.95090
2021-02-15,3688.26110
2021-02-16,3688.67240
2021-02-17,3689.10970
2021-02-18,3689.54090
2021-02-19,3689.83180
2021-02-21,3690.40990
2021-02-22,3690.71560
2021-02-23,3690.95920
2021-02-24,3691.47070
2021-02-25,3691.88170
2021-02-26,3691.97150
2021-02-28,3692.60030
2021-03-01,3692.87300
2021-03-02,3693.18460
2021-03-03,3693.43150
2021-03-04,3693.70630
2021-03-05,3693.91450
2021-03-07,3694.55860
2021-03-08,3694.83370
2021-03-09,3695.17790
2021-03-11,3695.88000
2021-03-12,3696.14500
2021-03-14,3696.82090
2021-03-15,3697.08040
2021-03-16,3697.37140
2021-03-17,3697.75730
2021-03-18,3698.12670
2021-03-19,3698.51530
2021-03-21,3699.19950
2021-03-22,3699.61640
2021-03-23,3700.06410
2021-03-24,3700.42480
2021-03-25,3700.76500
2021-03-26,3701.14290
2021-03-29,3702.11260
2021-03-30,3702.52850
2021-03-31,3702.86840
2021-04-01,3703.16020
2021-04-04,3704.10900
2021-04-05,3704.46080
2021-04-06,3704.85990
2021-04-07,3705.11510
2021-04-08,3705.40810
2021-04-09,3705.68900
2021-04-11,3706.30250
2021-04-12,3706.66640
2021-04-13,3706.96990
2021-04-14,3707.27130
2021-04-15,3707.52380
2021-04-16,3707.83250
2021-04-18,3708.46210
2021-04-19,3708.80200
2021-04-21,3709.51250
2021-04-22,3709.86560
2021-04-23,3710.20640
2021-04-25,3710.82670
2021-04-26,3711.18810
2021-04-27,3711.47290
2021-04-28,3711.77190
2021-04-29,3712.10660
2021-04-30,3712.34680
2021-05-02,3712.97960
2021-05-03,3713.28800
2021-05-04,3713.59220
2021-05-05,3713.79820
2021-05-06,3714.08190
2021-05-07,3714.42220
2021-05-09,3715.07290
2021-05-10,3715.35230
2021-05-11,3715.68490
2021-05-13,3716.30190
2021-05-14,3716.65790
2021-05-16,3717.30610
2021-05-17,3717.62590
2021-05-18,3717.94590
2021-05-19,3718.25660
2021-05-20,3718.59060
2021-05-21,3718.92400
2021-05-23,3719.57110
2021-05-24,3719.85330
2021-05-25,3720.15720
2021-05-26,3720.50310
2021-05-27,3720.85030
2021-05-28,3721.20490
2021-05-30,3721.84960
2021-05-31,3722.15470
2021-06-01,3722.46230
2021-06-02,3722.80930
2021-06-03,3723.16240
2021-06-04,3723.48260
2021-06-06,3724.12620
2021-06-07,3724.43840
2021-06-08,3724.79300
2021-06-09,3725.15090
2021-06-10,3725.48490
2021-06-11,3725.80230
2021-06-13,3726.44440
2021-06-14,3726.75130
2021-06-15,3727.04700
2021-06-16,3727.25970
2021-06-17,3727.54290
2021-06-18,3727.90790
2021-06-20,3728.59750
2021-06-21,3729.03000
2021-06-22,3729.40460
2021-06-23,3729.72910
2021-06-24,3730.08810
2021-06-25,3730.40980
2021-06-27,3731.05100
2021-06-28,3731.41150
2021-06-29,3731.77570
2021-06-30,3732.07690
2021-07-01,3732.52050
2021-07-02,3732.75530
2021-07-04,3733.40560
2021-07-05,3733.70460
2021-07-06,3733.95020
2021-07-07,3734.32230
2021-07-08,3734.66450
2021-07-09,3734.96030
2021-07-11,3735.64490
2021-07-12,3736.00450
2021-07-13,3736.37880
2021-07-14,3736.75920
2021-07-15,3737.06220
2021-07-16,3737.39750
2021-07-18,3738.06100
2021-07-19,3738.41640
2021-07-20,3738.75750
2021-07-21,3739.09000
2021-07-22,3739.45440
2021-07-23,3739.81670
2021-07-25,3740.46020
2021-07-26,3740.78220
2021-07-27,3741.11760
2021-07-28,3741.47520
2021-07-29,3741.80180
2021-07-30,3742.12880
2021-08-01,3742.76480
2021-08-02,3743.06330
2021-08-03,3743.35120
2021-08-04,3743.61280
2021-08-05,3743.92020
2021-08-06,3744.23450
2021-08-08,3744.90520
2021-08-09,3745.28450
2021-08-10,3745.69190
2021-08-11,3746.05560
2021-08-12,3746.51890
2021-08-13,3746.94940
2021-08-15,3747.60010
2021-08-16,3747.92530
2021-08-17,3748.28980
2021-08-19,3749.05570
2021-08-21,3749.79650
2021-08-22,3750.11870
2021-08-23,3750.49150
2021-08-24,3750.80350
2021-08-25,3751.14890
2021-08-26,3751.50710
2021-08-27,3751.89720
2021-08-29,3752.51790
2021-08-30,3752.86620
2021-08-31,3753.25730
2021-09-01,3753.61350
2021-09-02,3753.93860
2021-09-04,3754.54550
2021-09-05,3754.85500
2021-09-06,3755.16830
2021-09-07,3755.45930
2021-09-08,3755.79860
2021-09-09,3756.08450
2021-09-12,3757.02970
2021-09-13,3757.33860
2021-09-14,3757.66050
2021-09-15,3757.97470
2021-09-16,3758.29590
2021-09-18,3758.91910
2021-09-19,3759.23610
2021-09-20,3759.51030
2021-09-21,3759.82210
2021-09-22,3760.11360
2021-09-23,3760.43070
2021-09-25,3761.04530
2021-09-26,3761.36700
2021-09-27,3761.68980
2021-09-28,3761.95390
2021-09-29,3762.21650
2021-09-30,3762.56740
2021-10-01,3762.87140
2021-10-03,3763.56850
2021-10-04,3763.89170
2021-10-05,3764.19980
2021-10-06,3764.52540
2021-10-07,3764.84610
2021-10-09,3765.50100
2021-10-10,3765.80880
2021-10-11,3766.17170
2021-10-12,3766.48790
2021-10-13,3766.78510
2021-10-15,3767.44320
2021-10-17,3768.07040
2021-10-18,3768.17440
2021-10-19,3768.50060
2021-10-20,3768.71840
2021-10-21,3769.05550
2021-10-22,3769.28560
2021-10-23,3769.61830
2021-10-24,3769.95160
2021-10-25,3770.02200
2021-10-26,3770.19330
2021-10-27,3770.37760
2021-10-28,3770.76690
2021-10-29,3770.98790
2021-10-31,3771.68020
2021-11-01,3772.01470
2021-11-02,3772.40860
2021-11-03,3772.92300
2021-11-07,3774.48970
2021-11-08,3775.08310
2021-11-09,3775.55060
2021-11-10,3775.89810
2021-11-11,3776.30070
2021-11-12,3776.75270
2021-11-14,3777.42760
2021-11-15,3777.73720
2021-11-16,3778.05150
2021-11-17,3778.43390
2021-11-18,3778.74770
2021-11-21,3779.77980
2021-11-22,3780.02860
2021-11-23,3780.39040
2021-11-24,3780.84660
2021-11-25,3781.19640
2021-11-26,3781.53120
2021-11-28,3782.20960
2021-11-29,3782.55580
2021-11-30,3782.90690
2021-12-01,3783.22340
2021-12-02,3783.58230
2021-12-05,3784.62870
2021-12-06,3784.94550
2021-12-07,3785.22920
2021-12-08,3785.70530
2021-12-09,3785.99670
2021-12-10,3786.33130
2021-12-12,3787.01090
2021-12-13,3787.27060
2021-12-14,3787.50010
2021-12-15,3787.88360
2021-12-16,3788.07560
2021-12-18,3788.84130
2021-12-19,3789.21770
2021-12-20,3789.69230
2021-12-21,3789.97390
2021-12-22,3790.33470
2021-12-23,3790.70640
2021-12-25,3791.47720
2021-12-26,3791.82810
2021-12-27,3792.21720
2021-12-28,3792.56390
2021-12-29,3792.97870
2021-12-30,3793.32860
2021-12-31,3793.72800
2022-01-02,3794.41920
2022-01-03,3794.81770
2022-01-04,3795.18840
2022-01-05,3795.60330
2022-01-06,3795.91110
2022-01-07,3796.22970
2022-01-09,3796.90310
2022-01-10,3797.22790
2022-01-11,3797.57790
2022-01-12,3798.00780
2022-01-13,3798.35620
2022-01-14,3798.69720
2022-01-16,3799.36920
2022-01-17,3799.71570
2022-01-18,3799.97080
2022-01-19,3800.11560
2022-01-20,3800.42000
2022-01-21,3800.78870
2022-01-23,3801.58290
2022-01-24,3802.01370
2022-01-26,3802.75830
2022-01-27,3803.03810
2022-01-28,3803.43390
2022-01-30,3804.14900
2022-01-31,3804.49260
2022-02-01,3804.86430
2022-02-02,3805.08650
2022-02-03,3805.46040
2022-02-04,3805.80640
2022-02-06,3806.52420
2022-02-07,3806.88140
2022-02-08,3807.23380
2022-02-09,3807.59050
2022-02-10,3808.20130
2022-02-11,3808.59210
2022-02-13,3809.29970
2022-02-14,3809.68720
2022-02-15,3810.06900
2022-02-16,3810.46160
2022-02-17,3810.82200
2022-02-18,3811.13360
2022-02-20,3811.83340
2022-02-21,3812.16680
2022-02-22,3812.43020
2022-02-23,3812.90170
2022-02-24,3813.22930
2022-02-25,3813.61930
2022-02-27,3814.33530
2022-03-01,3815.00490
2022-03-02,3815.33290
2022-03-03,3815.60360
2022-03-04,3815.96210
2022-03-06,3816.67440
2022-03-07,3816.95380
2022-03-08,3817.28830
2022-03-09,3817.64540
2022-03-10,3818.03540
2022-03-11,3818.44880
2022-03-13,3819.17240
2022-03-14,3819.57040
2022-03-15,3820.05230
2022-03-16,3820.39380
2022-03-17,3820.76980
2022-03-20,3821.87700
2022-03-21,3822.22690
2022-03-22,3822.53770
2022-03-23,3822.86370
2022-03-24,3823.24970
2022-03-25,3823.60050
2022-03-27,3824.33980
2022-03-28,3824.69330
2022-03-29,3825.03940
2022-03-30,3825.33080
2022-03-31,3826.24620
2022-04-01,3826.62050
2022-04-03,3827.36790
2022-04-04,3828.04700
2022-04-05,3828.40570
2022-04-06,3828.81640
2022-04-07,3829.11980
2022-04-08,3829.04670
2022-04-10,3829.78010
2022-04-11,3830.21500
2022-04-12,3830.53160
2022-04-13,3830.80500
2022-04-17,3832.32170
2022-04-18,3832.72970
2022-04-19,3833.26500
2022-04-20,3833.75060
2022-04-21,3834.17330
2022-04-22,3834.44550
2022-04-24,3835.20340
2022-04-25,3835.52040
2022-04-26,3835.77650
2022-04-27,3836.13730
2022-04-28,3836.45560
2022-04-29,3836.71080
2022-05-01,3837.51020
2022-05-02,3837.96080
2022-05-03,3838.35260
2022-05-04,3837.44960
2022-05-05,3837.07310
2022-05-06,3837.54030
2022-05-08,3838.43400
2022-05-09,3838.60870
2022-05-10,3838.99370
2022-05-11,3839.39510
2022-05-12,3839.85550
2022-05-13,3840.13420
2022-05-15,3841.05700
2022-05-16,3841.51740
2022-05-17,3842.16090
2022-05-18,3842.69430
2022-05-19,3843.17250
2022-05-20,3843.63730
2022-05-22,3844.55540
2022-05-23,3845.01340
2022-05-24,3845.55540
2022-05-25,3845.96250
2022-05-26,3846.39320
2022-05-27,3846.86620
2022-05-29,3847.79460
2022-05-30,3848.31510
2022-05-31,3848.80720
2022-06-01,3849.18950
2022-06-02,3849.64720
2022-06-03,3850.06010
2022-06-05,3850.96140
2022-06-06,3851.40460
2022-06-07,3851.65750
2022-06-08,3852.39200
2022-06-09,3852.90610
2022-06-10,3853.39850
2022-06-12,3854.35450
2022-06-13,3854.65030
2022-06-14,3855.20380
2022-06-15,3855.61390
2022-06-16,3856.08020
2022-06-17,3856.16410
2022-06-19,3857.17340
2022-06-20,3857.69000
2022-06-21,3858.23580
2022-06-22,3858.81210
2022-06-23,3859.43390
2022-06-24,3859.95360
2022-06-26,3860.96970
2022-06-27,3861.38200
2022-06-28,3861.85430
2022-06-29,3862.32770
2022-06-30,3863.06960
2022-07-01,3863.76930
2022-07-03,3864.77200
2022-07-04,3865.34560
2022-07-05,3865.86690
2022-07-06,3866.49530
2022-07-07,3867.00820
2022-07-08,3867.43700
2022-07-10,3868.43400
2022-07-11,3868.85540
2022-07-12,3869.34450
2022-07-13,3869.81940
2022-07-14,3870.44310
2022-07-15,3870.82320
2022-07-17,3871.83170
2022-07-18,3872.34040
2022-07-19,3872.72160
2022-07-20,3872.90130
2022-07-21,3873.23170
2022-07-22,3873.61340
2022-07-24,3874.68070
2022-07-25,3875.18640
2022-07-26,3875.38520
2022-07-27,3875.55420
2022-07-28,3875.98950
2022-07-29,3876.49440
2022-07-31,3877.62000
2022-08-01,3878.47920
2022-08-02,3879.26710
2022-08-03,3879.78550
2022-08-04,3880.25160
2022-08-05,3880.64510
2022-08-07,3881.76130
2022-08-09,3882.77810
2022-08-10,3883.40280
2022-08-11,3884.00400
2022-08-12,3884.47080
2022-08-15,3886.14630
2022-08-16,3886.70510
2022-08-17,3887.38140
2022-08-18,3887.91060
2022-08-19,3888.55970
2022-08-21,3889.68810
2022-08-22,3890.32830
2022-08-23,3890.83340
2022-08-24,3891.36820
2022-08-25,3891.89200
2022-08-26,3892.44710
2022-08-28,3893.58970
2022-08-29,3894.17170
2022-08-30,3894.71110
2022-08-31,3895.28460
2022-09-01,3895.79970
2022-09-02,3896.45290
2022-09-04,3897.57370
2022-09-05,3898.28350
2022-09-06,3898.92470
2022-09-07,3899.51240
2022-09-08,3900.04620
2022-09-09,3900.50980
2022-09-11,3901.68000
2022-09-12,3902.05620
2022-09-13,3902.52160
2022-09-14,3902.88280
2022-09-15,3903.36750
2022-09-16,3903.78770
2022-09-18,3904.99370
2022-09-19,3905.40920
2022-09-20,3905.71930
2022-09-21,3906.19480
2022-09-22,3906.77510
2022-09-23,3907.26570
2022-09-25,3908.51120
2022-09-26,3908.72010
2022-09-27,3908.45510
2022-09-28,3908.73280
2022-09-29,3909.95880
2022-09-30,3911.31860
2022-10-02,3912.60100
2022-10-03,3914.17290
2022-10-05,3915.44340
2022-10-06,3916.04600
2022-10-08,3917.01030
2022-10-09,3917.62990
2022-10-10,3918.09870
2022-10-11,3918.26580
2022-10-12,3918.75140
2022-10-13,3919.33750
2022-10-14,3919.89720
2022-10-16,3921.20210
2022-10-17,3921.84200
2022-10-18,3922.56070
2022-10-19,3923.17750
2022-10-20,3923.76600
2022-10-21,3924.08260
2022-10-24,3926.09330
2022-10-26,3927.45060
2022-10-27,3928.12120
2022-10-28,3928.74420
2022-10-30,3930.08810
2022-10-31,3930.78770
2022-11-01,3931.57600
2022-11-02,3932.40100
2022-11-03,3933.10420
2022-11-04,3933.68540
2022-11-06,3934.95600
2022-11-08,3936.37560
2022-11-09,3936.97240
2022-11-10,3937.66390
2022-11-11,3938.36790
2022-11-13,3939.67920
2022-11-14,3940.39170
2022-11-15,3941.07920
2022-11-16,3941.74870
2022-11-17,3942.45730
2022-11-18,3943.11440
2022-11-20,3944.40970
2022-11-21,3945.03150
2022-11-22,3945.66590
2022-11-23,3946.34140
2022-11-24,3946.98750
2022-11-25,3947.72810
2022-11-27,3949.09160
2022-11-28,3949.88430
2022-11-29,3950.61170
2022-11-30,3951.34330
2022-12-01,3952.03700
2022-12-02,3952.69710
2022-12-04,3954.02450
2022-12-05,3954.67040
2022-12-06,3955.41200
2022-12-07,3955.96330
2022-12-08,3956.69330
2022-12-09,3957.36790
2022-12-11,3958.72610
2022-12-12,3959.39230
2022-12-13,3960.05700
2022-12-14,3960.77940
2022-12-15,3961.34570
2022-12-16,3961.98010
2022-12-18,3963.37350
2022-12-19,3964.06600
2022-12-20,3964.79720
2022-12-21,3965.60440
2022-12-22,3966.33250
2022-12-23,3967.04100
2022-12-25,3968.43020
2022-12-26,3969.06340
2022-12-27,3969.80760
2022-12-28,3970.58830
2022-12-29,3971.50400
2022-12-30,3972.65440
2023-01-01,3974.02330
2023-01-02,3975.08950
2023-01-03,3975.89300
2023-01-04,3976.63730
2023-01-05,3977.32170
2023-01-06,3977.98270
2023-01-08,3979.31160
2023-01-09,3980.02230
2023-01-10,3980.63010
2023-01-11,3981.22330
2023-01-12,3981.87250
2023-01-13,3982.30480
2023-01-15,3983.69680
2023-01-16,3984.30450
2023-01-17,3984.96800
2023-01-18,3985.54810
2023-01-19,3986.23720
2023-01-20,3986.87950
2023-01-22,3988.26540
2023-01-23,3988.85560
2023-01-24,3989.45840
2023-01-25,3990.09990
2023-01-26,3990.80410
2023-01-27,3991.54440
2023-01-29,3992.95540
2023-01-30,3993.57030
2023-01-31,3994.25250
2023-02-01,3995.16880
2023-02-02,3995.95080
2023-02-03,3996.67660
2023-02-05,3998.05770
2023-02-06,3998.75400
2023-02-07,3999.38680
2023-02-08,4000.07100
2023-02-09,4000.69470
2023-02-10,4001.45960
2023-02-12,4002.89540
2023-02-13,4003.66990
2023-02-14,4004.33660
2023-02-15,4004.95730
2023-02-16,4005.67930
2023-02-17,4006.37780
2023-02-19,4007.82930
2023-02-20,4008.35490
2023-02-21,4009.08350
2023-02-22,4009.70080
2023-02-23,4010.33780
2023-02-24,4010.93380
2023-02-26,4012.44650
2023-02-27,4012.98140
2023-02-28,4013.56310
2023-03-01,4014.24690
2023-03-02,4014.85840
2023-03-03,4015.57320
2023-03-05,4017.10690
2023-03-06,4017.81890
2023-03-07,4018.61050
2023-03-08,4019.43520
2023-03-09,4020.26400
2023-03-10,4021.59980
2023-03-12,4023.11890
2023-03-13,4024.08900
2023-03-14,4024.86950
2023-03-15,4025.33560
2023-03-16,4026.04520
2023-03-17,4026.72320
2023-03-19,4028.26980
2023-03-20,4029.09510
2023-03-21,4030.34070
2023-03-22,4031.10790
2023-03-23,4031.95860
2023-03-24,4032.58370
2023-03-26,4034.15660
2023-03-27,4034.09620
2023-03-28,4033.54060
2023-03-29,4036.15650
2023-03-30,4036.93870
2023-03-31,4039.18950
2023-04-01,4039.94780
2023-04-02,4040.70570
2023-04-03,4041.99990
2023-04-04,4042.73340
2023-04-05,4043.35680
2023-04-06,4044.85510
2023-04-09,4047.00230
2023-04-10,4047.81260
2023-04-11,4048.56180
2023-04-12,4049.54390
2023-04-13,4050.26570
2023-04-16,4052.39860
2023-04-17,4053.23130
2023-04-18,4053.80230
2023-04-19,4054.47470
2023-04-20,4055.14440
2023-04-21,4055.68930
2023-04-23,4057.14800
2023-04-24,4057.79510
2023-04-25,4058.38750
2023-04-26,4059.13080
2023-04-27,4059.73520
2023-04-28,4060.21250
2023-05-01,4062.46520
2023-05-02,4063.21260
2023-05-03,4063.97330
2023-05-04,4064.76260
2023-05-05,4065.51670
2023-05-07,4067.02580
2023-05-08,4067.90690
2023-05-09,4068.62590
2023-05-10,4069.35280
2023-05-11,4070.14300
2023-05-12,4070.80480
2023-05-14,4072.29690
2023-05-15,4073.05650
2023-05-16,4073.96810
2023-05-17,4074.98380
2023-05-18,4075.90750
2023-05-19,4076.75550
2023-05-21,4078.19210
2023-05-22,4079.22090
2023-05-23,4079.89490
2023-05-24,4080.51320
2023-05-25,4081.22010
2023-05-26,4081.93250
2023-05-28,4083.36800
2023-05-29,4083.93070
2023-05-30,4084.68700
2023-05-31,4085.46760
2023-06-01,4086.35460
2023-06-02,4087.16130
2023-06-04,4088.59180
2023-06-05,4089.44700
2023-06-06,4090.16620
2023-06-07,4090.85210
2023-06-08,4091.46900
2023-06-09,4092.05630
2023-06-11,4093.52870
2023-06-12,4094.25210
2023-06-13,4094.90980
2023-06-14,4095.68240
2023-06-15,4096.49210
2023-06-16,4097.23050
2023-06-18,4098.68320
2023-06-19,4099.35970
2023-06-20,4100.20450
2023-06-21,4101.01340
2023-06-22,4101.74050
2023-06-23,4102.38830
2023-06-25,4103.92870
2023-06-26,4104.44550
2023-06-27,4105.13150
2023-06-28,4105.89330
2023-06-29,4106.63510
2023-06-30,4107.36510
2023-07-02,4108.85440
2023-07-03,4110.01020
2023-07-04,4110.82820
2023-07-05,4111.57860
2023-07-06,4112.34270
2023-07-07,4113.01470
2023-07-09,4114.51140
2023-07-10,4115.18740
2023-07-11,4115.89010
2023-07-12,4116.69540
2023-07-13,4117.55860
2023-07-14,4118.23280
2023-07-16,4119.69080
2023-07-17,4120.45310
2023-07-18,4121.16570
2023-07-19,4121.95310
2023-07-20,4122.66560
2023-07-21,4123.40210
2023-07-23,4124.87440
2023-07-24,4125.62840
2023-07-25,4126.33860
2023-07-26,4127.12810
2023-07-27,4127.83280
2023-07-28,4128.47810
2023-07-30,4129.94460
2023-07-31,4130.68970
2023-08-01,4131.47790
2023-08-02,4132.29400
2023-08-03,4133.08710
2023-08-04,4133.81970
2023-08-06,4135.29180
2023-08-07,4135.91810
2023-08-08,4136.60110
2023-08-09,4137.33660
2023-08-10,4137.92410
2023-08-11,4138.70690
2023-08-13,4140.19490
2023-08-14,4140.85340
2023-08-15,4141.59860
2023-08-16,4142.34390
2023-08-17,4143.06120
2023-08-18,4143.80820
2023-08-20,4145.30850
2023-08-21,4146.02380
2023-08-22,4146.78070
2023-08-23,4147.52260
2023-08-24,4148.32050
2023-08-25,4149.08450
2023-08-27,4150.60690
2023-08-28,4151.39140
2023-08-29,4152.16180
2023-08-30,4152.92440
2023-08-31,4153.72050
2023-09-01,4154.53820
2023-09-03,4156.04270
2023-09-04,4156.77010
2023-09-05,4157.53620
2023-09-06,4158.26680
2023-09-07,4159.00090
2023-09-08,4159.70660
2023-09-10,4161.23230
2023-09-11,4161.92390
2023-09-12,4162.51620
2023-09-13,4163.26180
2023-09-14,4164.17850
2023-09-15,4164.92620
2023-09-17,4166.45740
2023-09-18,4167.17070
2023-09-19,4167.93870
2023-09-20,4168.71400
2023-09-21,4169.52070
2023-09-22,4170.29640
2023-09-24,4171.82750
2023-09-25,4172.59890
2023-09-26,4173.17760
2023-09-27,4174.01460
2023-09-28,4174.73850
2023-09-29,4175.85430
2023-10-02,4178.13880
2023-10-03,4178.97520
2023-10-04,4179.80920
2023-10-05,4180.56120
2023-10-06,4181.09820
2023-10-08,4182.63330
2023-10-09,4183.42420
2023-10-10,4184.09710
2023-10-11,4184.83700
2023-10-12,4185.59610
2023-10-13,4186.33450
2023-10-15,4187.87540
2023-10-16,4188.63220
2023-10-17,4189.41500
2023-10-18,4190.28740
2023-10-19,4190.87200
2023-10-20,4191.45500
2023-10-22,4193.03040
2023-10-24,4194.60430
2023-10-25,4195.32430
2023-10-26,4196.10880
2023-10-27,4196.86370
2023-10-29,4198.44200
2023-10-30,4199.26600
2023-10-31,4200.04850
2023-11-01,4200.87040
2023-11-02,4201.74280
2023-11-03,4202.54300
2023-11-05,4204.12980
2023-11-06,4204.95380
2023-11-07,4205.72260
2023-11-08,4206.50270
2023-11-09,4207.22140
2023-11-10,4207.96530
2023-11-12,4209.57700
2023-11-13,4210.43850
2023-11-14,4211.23910
2023-11-15,4212.07500
2023-11-16,4212.83750
2023-11-17,4213.60490
2023-11-19,4215.20810
2023-11-20,4215.99880
2023-11-21,4216.75670
2023-11-22,4217.54640
2023-11-23,4218.32690
2023-11-24,4219.11430
2023-11-27,4221.55220
2023-11-28,4222.33210
2023-11-29,4223.08480
2023-11-30,4223.91190
2023-12-01,4224.65230
2023-12-03,4226.28240
2023-12-04,4226.97210
2023-12-05,4227.85820
2023-12-06,4228.71510
2023-12-07,4229.62300
2023-12-08,4230.38630
2023-12-10,4232.02480
2023-12-11,4232.74210
2023-12-12,4233.34060
2023-12-13,4234.19800
2023-12-14,4234.87170
2023-12-15,4235.63160
2023-12-17,4237.29570
2023-12-18,4237.91660
2023-12-19,4238.89320
2023-12-20,4239.75960
2023-12-21,4240.58840
2023-12-22,4241.39020
2023-12-25,4243.92360
2023-12-26,4244.70180
2023-12-27,4245.32950
2023-12-28,4246.50410
2023-12-29,4248.00430
2023-12-30,4248.83260
2023-12-31,4249.66160
2024-01-01,4250.74340
2024-01-02,4251.73330
2024-01-03,4252.63450
2024-01-04,4253.61280
2024-01-05,4254.48970
2024-01-07,4256.11990
2024-01-08,4257.00850
2024-01-09,4257.98980
2024-01-10,4258.83990
2024-01-11,4259.65930
2024-01-12,4260.58030
2024-01-14,4262.19720
2024-01-15,4262.95500
2024-01-16,4263.71370
2024-01-17,4264.42050
2024-01-18,4265.17200
2024-01-19,4265.91320
2024-01-20,4266.73090
2024-01-21,4267.54920
2024-01-22,4268.36750
2024-01-23,4268.99470
2024-01-24,4269.70800
2024-01-25,4270.43370
2024-01-28,4272.94870
2024-01-29,4273.86510
2024-01-30,4274.66570
2024-01-31,4275.47420
2024-02-01,4276.33650
2024-02-02,4277.22300
2024-02-04,4278.93390
2024-02-05,4279.82850
2024-02-06,4280.59520
2024-02-07,4281.43050
2024-02-08,4282.15890
2024-02-09,4283.01690
2024-02-11,4284.72300
2024-02-12,4285.52430
2024-02-13,4286.40710
2024-02-14,4287.23330
2024-02-15,4288.23770
2024-02-16,4289.21040
2024-02-18,4290.88690
2024-02-19,4291.72600
2024-02-20,4292.64530
2024-02-21,4293.60240
2024-02-22,4294.73740
2024-02-23,4295.57990
2024-02-25,4297.23410
2024-02-26,4298.05490
2024-02-27,4298.96660
2024-02-28,4299.87100
2024-02-29,4300.78810
2024-03-01,4301.60250
2024-03-03,4303.31350
2024-03-04,4304.27130
2024-03-05,4305.16630
2024-03-06,4306.02030
2024-03-07,4306.87360
2024-03-10,4309.41490
2024-03-11,4310.28840
2024-03-12,4311.24820
2024-03-13,4312.17580
2024-03-14,4312.90690
2024-03-15,4313.66170
2024-03-17,4315.35850
2024-03-18,4316.19440
2024-03-19,4317.06400
2024-03-20,4317.86600
2024-03-21,4318.46770
2024-03-22,4318.97030
2024-03-25,4321.62620
2024-03-26,4322.01050
2024-03-27,4322.75560
2024-03-28,4326.14010
2024-03-31,4328.72700
2024-04-01,4329.59100
2024-04-02,4332.17070
2024-04-03,4333.06220
2024-04-04,4334.05230
2024-04-05,4335.08320
2024-04-07,4336.72230
2024-04-08,4338.14560
2024-04-09,4338.96230
2024-04-10,4340.36080
2024-04-11,4341.15820
2024-04-12,4341.96450
2024-04-14,4343.55740
2024-04-15,4344.52210
2024-04-16,4345.40100
2024-04-17,4346.19330
2024-04-18,4347.01480
2024-04-19,4347.60780
2024-04-21,4349.21190
2024-04-22,4350.00480
2024-04-23,4350.80170
2024-04-24,4351.51770
2024-04-25,4352.01580
2024-04-26,4352.61330
2024-04-28,4354.25550
2024-04-29,4355.04960
2024-04-30,4355.81850
2024-05-01,4356.63850
2024-05-02,4357.57970
2024-05-03,4358.49450
2024-05-05,4360.11970
2024-05-06,4360.90740
2024-05-07,4361.58990
2024-05-08,4362.12320
2024-05-09,4362.83020
2024-05-10,4363.57190
2024-05-12,4365.25280
2024-05-13,4366.08630
2024-05-14,4367.00490
2024-05-15,4367.95840
2024-05-16,4368.84920
2024-05-17,4369.75090
2024-05-19,4371.41910
2024-05-20,4372.25310
2024-05-21,4373.53610
2024-05-22,4374.46550
2024-05-23,4375.30020
2024-05-24,4376.09280
2024-05-26,4377.81270
2024-05-27,4378.63980
2024-05-28,4379.48350
2024-05-29,4380.32520
2024-05-30,4381.14260
2024-05-31,4381.94390
2024-06-01,4382.77520
2024-06-02,4383.60640
2024-06-03,4384.56670
2024-06-04,4385.36240
2024-06-05,4386.22430
2024-06-06,4387.11630
2024-06-07,4387.96950
2024-06-08,4388.80310
2024-06-09,4389.63700
2024-06-10,4390.49920
2024-06-11,4391.31830
2024-06-12,4392.17710
2024-06-13,4392.97090
2024-06-14,4393.78550
2024-06-15,4394.61350
2024-06-17,4396.26950
2024-06-18,4397.07240
2024-06-19,4397.94170
2024-06-20,4398.77740
2024-06-21,4399.65290
2024-06-23,4401.30940
2024-06-24,4402.12060
2024-06-25,4402.67380
2024-06-26,4403.37730
2024-06-27,4404.17220
2024-06-28,4405.37660
2024-06-30,4407.06210
2024-07-01,4408.43490
2024-07-02,4409.73620
2024-07-03,4410.58980
2024-07-04,4411.37420
2024-07-05,4412.04350
2024-07-07,4413.68510
2024-07-08,4414.40750
2024-07-09,4415.25360
2024-07-10,4416.11380
2024-07-11,4417.04950
2024-07-12,4417.94080
2024-07-13,4418.77540
2024-07-14,4419.61110
2024-07-15,4420.50670
2024-07-16,4421.27980
2024-07-17,4422.09910
2024-07-18,4423.00930
2024-07-19,4423.82160
2024-07-21,4425.45490
2024-07-22,4426.33730
2024-07-23,4427.11730
2024-07-24,4427.92880
2024-07-25,4428.78040
2024-07-26,4429.53860
2024-07-27,4430.35750
2024-07-28,4431.17610
2024-07-29,4431.99630
2024-07-30,4432.87770
2024-07-31,4433.69600
2024-08-01,4434.52600
2024-08-02,4435.31980
2024-08-04,4436.95210
2024-08-05,4437.81850
2024-08-06,4438.56900
2024-08-07,4439.44070
2024-08-08,4440.25940
2024-08-09,4441.12840
2024-08-11,4442.75870
2024-08-12,4443.54120
2024-08-13,4444.34240
2024-08-14,4445.21990
2024-08-15,4446.06090
2024-08-16,4446.91190
2024-08-17,4447.72970
2024-08-18,4448.54750
2024-08-19,4449.35240
2024-08-20,4450.22750
2024-08-21,4451.02630
2024-08-22,4451.89250
2024-08-23,4452.75010
2024-08-25,4454.40700
2024-08-26,4455.21850
2024-08-27,4456.05520
2024-08-28,4456.83200
2024-08-29,4457.64690
2024-08-30,4458.45930
2024-09-01,4460.12490
2024-09-02,4461.06040
2024-09-03,4461.88480
2024-09-04,4462.72240
2024-09-05,4463.51960
2024-09-06,4464.28460
2024-09-08,4465.94070
2024-09-09,4466.76570
2024-09-10,4467.51780
2024-09-11,4468.35540
2024-09-12,4469.16650
2024-09-13,4470.02130
2024-09-14,4470.87120
2024-09-15,4471.72170
2024-09-16,4472.56630
2024-09-17,4473.47170
2024-09-18,4474.32120
2024-09-19,4475.35330
2024-09-20,4476.31730
2024-09-22,4478.00250
2024-09-23,4478.88730
2024-09-24,4479.81240
2024-09-25,4480.61720
2024-09-26,4481.55210
2024-09-27,4482.42170
2024-09-29,4484.12770
2024-09-30,4485.57190
2024-10-01,4486.59810
2024-10-02,4487.42710
2024-10-03,4488.51600
2024-10-04,4489.50870
2024-10-05,4490.33310
2024-10-06,4491.15730
2024-10-07,4491.98230
2024-10-08,4492.87510
2024-10-09,4493.81380
2024-10-10,4494.66070
2024-10-11,4495.55770
2024-10-13,4497.21500
2024-10-14,4497.97500
2024-10-15,4498.71320
2024-10-16,4499.55620
2024-10-17,4500.35200
2024-10-18,4501.17800
2024-10-19,4502.00840
2024-10-20,4502.84000
2024-10-21,4503.66640
2024-10-22,4504.37210
2024-10-23,4505.20570
2024-10-24,4506.01910
2024-10-25,4506.89330
2024-10-26,4507.73220
2024-10-27,4508.57140
2024-10-28,4509.35400
2024-10-29,4510.20530
2024-10-30,4511.07450
2024-10-31,4511.93510
2024-11-01,4512.76870
2024-11-03,4514.43590
2024-11-04,4515.36040
2024-11-05,4516.42130
2024-11-06,4517.30810
2024-11-07,4518.14010
2024-11-08,4519.00630
2024-11-10,4520.65130
2024-11-11,4521.47290
2024-11-12,4522.30720
2024-11-13,4523.14580
2024-11-14,4524.06970
2024-11-16,4525.71170
2024-11-17,4526.53270
2024-11-18,4527.32280
2024-11-19,4528.17980
2024-11-20,4528.99960
2024-11-21,4529.75670
2024-11-22,4530.53770
2024-11-23,4531.37620
2024-11-24,4532.21510
2024-11-25,4533.03960
2024-11-26,4533.84640
2024-11-27,4534.64830
2024-11-28,4535.40030
2024-11-29,4536.30500
2024-12-01,4537.98650
2024-12-02,4538.90780
2024-12-03,4539.67220
2024-12-04,4540.56030
2024-12-05,4541.51510
2024-12-06,4542.48150
2024-12-08,4544.17250
2024-12-09,4545.01000
2024-12-10,4545.77940
2024-12-11,4546.53580
2024-12-12,4547.25520
2024-12-13,4547.77700
2024-12-14,4548.62880
2024-12-15,4549.48040
2024-12-16,4550.53860
2024-12-17,4551.31790
2024-12-18,4552.05120
2024-12-19,4552.69570
2024-12-20,4553.53110
2024-12-22,4555.24340
2024-12-23,4555.64170
2024-12-24,4555.86230
2024-12-25,4556.73960
2024-12-26,4557.53820
2024-12-27,4558.36870
2024-12-29,4560.13090
2024-12-30,4560.99860
2024-12-31,4563.27970
2025-01-01,4564.39730
2025-01-02,4565.61020
2025-01-03,4566.29720
2025-01-05,4567.97990
2025-01-06,4568.94210
2025-01-07,4569.75990
2025-01-08,4570.14680
2025-01-09,4570.72930
2025-01-10,4571.61580
2025-01-11,4572.47910
2025-01-12,4573.34340
2025-01-13,4574.26590
2025-01-14,4575.16650
2025-01-15,4576.12440
2025-01-16,4577.12000
2025-01-17,4577.95460
2025-01-18,4578.80500
2025-01-19,4579.65590
2025-01-20,4580.46680
2025-01-21,4581.34540
2025-01-22,4582.09050
2025-01-23,4582.93330
2025-01-24,4583.68400
2025-01-26,4585.42540
2025-01-27,4586.35780
2025-01-28,4587.29610
2025-01-29,4588.21610
2025-01-30,4589.06640
2025-01-31,4589.93050
2025-02-01,4590.79840
2025-02-02,4591.66710
2025-02-03,4592.56050
2025-02-04,4593.55040
2025-02-05,4594.67270
2025-02-06,4595.73570
2025-02-07,4596.60170
2025-02-09,4598.29170
2025-02-10,4599.03920
2025-02-11,4600.06600
2025-02-12,4601.00230
2025-02-13,4601.81420
2025-02-14,4602.67510
2025-02-16,4604.36630
2025-02-17,4605.12130
2025-02-18,4605.98860
2025-02-19,4606.83460
2025-02-20,4607.62560
2025-02-21,4608.49620
2025-02-22,4609.33600
2025-02-23,4610.17630
2025-02-24,4611.15040
2025-02-25,4611.90410
2025-02-26,4612.75850
2025-02-27,4613.45370
2025-02-28,4614.28580
2025-03-02,4616.02440
2025-03-03,4616.71040
2025-03-04,4617.51490
2025-03-05,4618.27910
2025-03-06,4619.15680
2025-03-07,4619.61700
2025-03-09,4621.39380
2025-03-10,4622.24250
2025-03-11,4622.86390
2025-03-12,4623.64120
2025-03-13,4624.54950
2025-03-14,4625.44590
2025-03-16,4627.24020
2025-03-17,4627.94400
2025-03-18,4628.74250
2025-03-19,4629.56290
2025-03-20,4630.50960
2025-03-21,4631.69940
2025-03-23,4633.52060
2025-03-24,4634.90610
2025-03-25,4636.17840
2025-03-26,4637.46770
2025-03-27,4637.53520
2025-03-28,4642.35770
2025-03-30,4644.07440
2025-03-31,4644.93360
2025-04-01,4645.79350
2025-04-02,4648.31430
2025-04-03,4650.19940
2025-04-04,4651.14230
2025-04-06,4652.70280
2025-04-07,4653.24740
2025-04-08,4654.23140
2025-04-09,4655.45860
2025-04-10,4656.22500
2025-04-11,4657.04600
2025-04-12,4657.81540
2025-04-14,4659.35480
2025-04-15,4660.25460
2025-04-16,4661.00950
2025-04-17,4661.74070
2025-04-19,4663.28620
2025-04-20,4664.05980
2025-04-21,4664.82250
2025-04-22,4665.60770
2025-04-23,4666.32450
2025-04-24,4667.11960
2025-04-25,4667.83880
2025-04-27,4669.39170
2025-04-28,4670.02830
2025-04-29,4670.51030
2025-04-30,4671.31840
2025-05-01,4672.12100
2025-05-02,4672.95590
2025-05-03,4673.73750
2025-05-04,4674.51880
2025-05-05,4675.38930
2025-05-06,4676.13470
2025-05-07,4676.82590
2025-05-08,4677.51020
2025-05-09,4678.03120
2025-05-10,4678.82510
2025-05-11,4679.61900
2025-05-12,4680.41320
2025-05-13,4681.55620
2025-05-14,4682.42590
2025-05-15,4683.21640
2025-05-16,4684.14060
2025-05-18,4685.70910
2025-05-19,4686.62860
2025-05-20,4687.48490
2025-05-21,4688.52450
2025-05-22,4689.49300
2025-05-23,4690.39010
2025-05-25,4691.93290
2025-05-26,4692.83840
2025-05-27,4693.60950
2025-05-28,4694.44640
2025-05-29,4695.21570
2025-05-30,4696.09080
2025-05-31,4696.85010
2025-06-01,4697.60990
2025-06-02,4698.42050
2025-06-03,4699.35680
2025-06-04,4700.10240
2025-06-05,4700.91440
2025-06-06,4703.53440
2025-06-07,4704.23250
2025-06-08,4704.93050
2025-06-09,4705.87780
2025-06-10,4706.55340
2025-06-11,4707.05370
2025-06-12,4707.55780
2025-06-13,4708.12910
2025-06-14,4708.83450
2025-06-15,4709.54040
2025-06-16,4710.09180
2025-06-17,4710.82370
2025-06-18,4711.53900
2025-06-19,4712.38170
2025-06-20,4713.09290
2025-06-22,4714.53940
2025-06-23,4715.35310
2025-06-24,4716.11260
2025-06-25,4716.62410
2025-06-26,4717.27100
2025-06-27,4717.71280
2025-06-28,4718.45070
2025-06-29,4719.18990
2025-06-30,4720.53160
2025-07-01,4721.66130
2025-07-02,4722.69300
2025-07-03,4723.65610
2025-07-04,4724.44270
2025-07-05,4725.13980
2025-07-06,4725.83840
2025-07-07,4726.74740
2025-07-08,4727.39580
2025-07-09,4727.93990
2025-07-10,4728.62290
2025-07-11,4729.24540
2025-07-12,4729.94170
2025-07-13,4730.63850
2025-07-14,4731.51610
2025-07-15,4732.14290
2025-07-16,4732.89570
2025-07-17,4733.60820
2025-07-18,4734.27510
2025-07-19,4734.96920
2025-07-20,4735.66310
2025-07-21,4736.25840
2025-07-22,4736.93680
2025-07-23,4737.65180
2025-07-24,4738.32000
2025-07-25,4738.95210
2025-07-26,4739.66060
2025-07-27,4740.36890
2025-07-28,4741.04350
2025-07-29,4741.68080
2025-07-30,4742.23320
2025-07-31,4742.97010
2025-08-01,4743.68420
2025-08-02,4744.42380
2025-08-03,4745.16500
2025-08-04,4745.95970
2025-08-05,4746.64400
2025-08-06,4747.28870
2025-08-07,4748.01080
2025-08-08,4748.64790
2025-08-09,4749.36390
2025-08-10,4750.08090
2025-08-11,4750.70120
2025-08-12,4751.43250
2025-08-13,4752.21750
2025-08-14,4753.01580
2025-08-15,4753.72960
2025-08-17,4755.15750
2025-08-18,4755.91990
2025-08-19,4756.64240
2025-08-20,4757.39100
2025-08-21,4758.09850
2025-08-22,4758.77060
2025-08-24,4760.20000
2025-08-25,4760.93610
2025-08-26,4761.57560
2025-08-27,4762.28960
2025-08-28,4762.84510
2025-08-29,4763.55870
2025-08-31,4765.00420
2025-09-01,4765.66830
2025-09-02,4766.29200
2025-09-03,4767.02960
2025-09-04,4767.75380
2025-09-05,4768.49560
2025-09-06,4769.21700
2025-09-07,4769.93900
2025-09-08,4770.66700
2025-09-09,4771.24750
2025-09-10,4771.84890
2025-09-11,4772.46510
2025-09-12,4773.14970
2025-09-14,4774.62760
2025-09-15,4775.46290
2025-09-16,4776.41810
2025-09-17,4777.25790
2025-09-18,4778.06900
2025-09-19,4778.80290
2025-09-21,4780.27470
2025-09-22,4780.89960
2025-09-23,4781.57060
2025-09-24,4782.20280
2025-09-25,4782.45910
2025-09-26,4783.05980
2025-09-27,4783.82220
2025-09-28,4784.58480
2025-09-30,4787.16950
2025-10-01,4788.22840
2025-10-02,4788.95970
2025-10-03,4789.81100
2025-10-05,4791.29800
2025-10-06,4792.11670
2025-10-07,4792.85470
2025-10-08,4793.50570
2025-10-09,4794.09520
2025-10-10,4794.73680
2025-10-12,4796.19940
2025-10-13,4796.92370
2025-10-14,4797.62030
2025-10-15,4798.37460
2025-10-16,4799.03160
2025-10-17,4799.69020
2025-10-18,4800.42550
2025-10-19,4801.16170
2025-10-20,4801.90970
2025-10-22,4803.38890
2025-10-23,4804.18330
2025-10-24,4804.88270
2025-10-26,4806.35470
2025-10-27,4807.07090
2025-10-28,4807.74390
2025-10-29,4808.40810
2025-10-30,4809.08700
2025-10-31,4809.89070
2025-11-02,4811.37800
2025-11-03,4812.31690
2025-11-04,4813.08430
2025-11-05,4813.82110
2025-11-06,4814.53650
2025-11-07,4815.30410
2025-11-09,4816.77460
2025-11-10,4817.53090
2025-11-11,4818.27320
2025-11-12,4819.08570
2025-11-13,4819.88330
2025-11-14,4820.59250
2025-11-15,4821.32690
2025-11-16,4822.06190
2025-11-17,4822.83270
2025-11-18,4823.62660
2025-11-19,4824.39950
2025-11-20,4825.12190
2025-11-21,4825.85350
2025-11-23,4827.32960
2025-11-24,4828.00930
2025-11-25,4828.81560
2025-11-26,4829.58570
2025-11-27,4830.31180
2025-11-28,4830.99610
2025-11-29,4831.75590
2025-11-30,4832.51610
2025-12-01,4833.07050
2025-12-02,4833.80850
2025-12-03,4834.45280
2025-12-04,4835.09630
2025-12-05,4836.43830
2025-12-06,4837.16940
2025-12-07,4837.90130
2025-12-08,4838.55650
2025-12-09,4839.08520
2025-12-10,4839.55250
2025-12-11,4840.24170
2025-12-12,4840.80330
2025-12-13,4841.54260
2025-12-14,4842.28260
2025-12-15,4842.89920
2025-12-16,4843.46490
2025-12-17,4844.37700
2025-12-18,4845.18640
2025-12-19,4845.99430
2025-12-21,4847.51670
2025-12-22,4848.34610
2025-12-23,4849.08670
2025-12-24,4850.07890
2025-12-25,4850.84920
2025-12-27,4852.29400
2025-12-28,4853.08270
2025-12-29,4853.79080
2025-12-30,4853.90910
2025-12-31,4856.24070
2026-01-01,4857.16570
2026-01-02,4857.77460
2026-01-03,4858.53760
2026-01-04,4859.30030
2026-01-05,4860.13000
2026-01-06,4860.98170
2026-01-07,4861.29470
2026-01-08,4861.53910
2026-01-09,4862.13810
2026-01-10,4862.92350
2026-01-11,4863.70880
2026-01-12,4864.43510
2026-01-13,4865.02120
2026-01-14,4865.72540
2026-01-15,4866.51970
2026-01-16,4867.15870
2026-01-18,4868.76260
2026-01-19,4868.97040
2026-01-20,4869.41420
2026-01-21,4870.04580
2026-01-22,4871.02150
2026-01-23,4871.69710
2026-01-25,4873.32160
2026-01-26,4874.13440
2026-01-27,4874.97790
2026-01-28,4875.67880
2026-01-29,4876.25420
2026-01-30,4876.99790
2026-02-01,4878.67770
2026-02-02,4879.96900
2026-02-03,4881.57320
2026-02-04,4883.06820
2026-02-05,4883.99160
2026-02-06,4884.70700
2026-02-08,4886.29350
2026-02-09,4887.05050
2026-02-10,4888.00660
2026-02-11,4888.87690
2026-02-12,4889.86110
2026-02-13,4890.84470
2026-02-15,4892.36510
2026-02-16,4893.08630
2026-02-17,4893.89410
2026-02-18,4894.45460
2026-02-19,4895.24670
2026-02-20,4896.14310
2026-02-22,4897.74680
2026-02-23,4898.56090
2026-02-24,4899.32130
2026-02-25,4899.91600
2026-02-26,4900.65570
2026-02-27,4901.55000
2026-02-28,4902.35760
2026-03-01,4903.16470
2026-03-02,4903.77350
2026-03-03,4904.58140
2026-03-04,4905.23010
2026-03-05,4905.76550
2026-03-06,4906.48470
2026-03-08,4908.14810
2026-03-09,4908.66890
2026-03-10,4909.53790
2026-03-11,4910.20320
2026-03-12,4910.57530
2026-03-13,4910.70860
2026-03-15,4912.50980
2026-03-16,4912.56660
2026-03-17,4914.00270
2026-03-18,4915.07090
2026-03-19,4916.01160
2026-03-20,4916.50850
2026-03-21,4917.45430
2026-03-22,4918.40090
2026-03-23,4918.11810
2026-03-24,4918.34960
2026-03-25,4919.28440
2026-03-26,4920.26090
2026-03-27,4921.38720
2026-03-29,4923.37520
2026-03-30,4926.07560
2026-03-31,4927.07440
2026-04-01,4928.07360
2026-04-02,4935.74320
2026-04-04,4937.45340
2026-04-05,4938.30920
2026-04-06,4939.90820
2026-04-07,4940.95450
2026-04-08,4942.72020
2026-04-09,4944.48750
2026-04-10,4945.61530
2026-04-11,4946.37430
2026-04-12,4947.13440
2026-04-13,4948.52870
2026-04-14,4949.26900
2026-04-15,4950.39060
2026-04-16,4951.32390
2026-04-17,4951.91570
2026-04-18,4952.65690
2026-04-19,4953.39890
2026-04-20,4954.24120
2026-04-21,4954.77460
2026-04-22,4955.30750
2026-04-23,4955.84700
2026-04-24,4956.45700
2026-04-25,4957.22140
2026-04-26,4957.98970
2026-04-27,4958.20450
2026-04-28,4958.79710
2026-04-29,4959.41210
2026-04-30,4959.94810
2026-05-02,4961.54240
2026-05-03,4962.34000
2026-05-04,4963.14220
2026-05-05,4963.80870
2026-05-06,4964.60670
2026-05-07,4965.45080
2026-05-08,4966.22880
2026-05-09,4967.04720
2026-05-10,4967.86500
2026-05-11,4968.49900
2026-05-12,4969.19270
2026-05-13,4969.85660
2026-05-14,4970.30530
2026-05-15,4971.07630
2026-05-17,4972.72750
2026-05-18,4973.30250
2026-05-19,4974.06010
2026-05-20,4974.64770
2026-05-21,4975.16620
2026-05-22,4975.86230
2026-05-24,4977.58950
2026-05-25,4978.31070
2026-05-26,4978.92940
2026-05-27,4979.82730
2026-05-28,4980.69060
2026-05-29,4982.13500
2026-05-31,4983.88140
2026-06-01,4984.91400
2026-06-02,4985.63510
2026-06-03,4986.42790
2026-06-04,4987.58960
2026-06-05,4989.12510
2026-06-06,4989.99100
2026-06-07,4990.85710
2026-06-08,4991.94090
2026-06-09,4993.60150
2026-06-10,4994.57540
2026-06-11,4995.40850
2026-06-12,4996.56250
2026-06-13,4997.42560
2026-06-14,4998.28880
2026-06-15,5000.19820
2026-06-16,5001.85600
2026-06-17,5002.48460
2026-06-18,5003.40220
2026-06-19,5004.39470
2026-06-21,5006.08850
2026-06-22,5006.74190
2026-06-23,5007.42910
2026-06-24,5008.44240
2026-06-25,5009.59250
2026-06-26,5010.44960
2026-06-28,5012.16390
2026-06-29,5012.74440
2026-06-30,5015.78090
2026-07-01,5017.96620
2026-07-02,5019.02550
2026-07-03,5019.85450
2026-07-04,5020.68890
2026-07-05,5021.52220
2026-07-06,5021.25350
2026-07-07,5021.37940
2026-07-08,5021.85170
2026-07-09,5023.00470
2026-07-10,5024.43610
2026-07-12,5026.07940
2026-07-13,5026.83480
2026-07-14,5027.13540
2026-07-15,5027.71630
2026-07-16,5028.72860
2026-07-17,5030.06100
2026-07-19,5031.72280
2026-07-20,5032.35390
2026-07-21,5033.11860
2026-07-22,5033.63430
2026-07-23,5034.61810
2026-07-24,5035.77730
2026-07-26,5037.44730
2026-07-27,5038.15710
2026-07-28,5038.84450
2026-07-29,5039.69080
2026-07-30,5040.53420
2026-07-31,5041.74910
2026-08-02,5043.44400
2026-08-03,5044.54080
2026-08-04,5045.49380
2026-08-05,5046.59440
2026-08-06,5047.53050
2026-08-07,5048.43970
2026-08-09,5050.09730
2026-08-10,5051.07510
2026-08-11,5051.91180
2026-08-12,5052.57260
2026-08-13,5053.52740
2026-08-14,5054.37320
2026-08-16,5056.01050
2026-08-17,5056.81980
2026-08-18,5057.48400
2026-08-19,5058.31430
2026-08-20,5058.90280
2026-08-21,5059.58240
2026-08-22,5060.40850
2026-08-23,5061.23540
2026-08-24,5062.10810
2026-08-25,5063.06370
2026-08-26,5063.88700
2026-08-27,5064.90050
2026-08-28,5065.83850
2026-08-29,5066.66020
2026-08-30,5067.48230
2026-08-31,5068.42260
2026-09-01,5069.60820
2026-09-02,5071.15240
2026-09-03,5072.88760
2026-09-04,5073.91810
2026-09-06,5075.38000
2026-09-07,5075.85510
2026-09-08,5076.50580
2026-09-09,5077.48180
2026-09-10,5078.22550
2026-09-11,5078.49830
