Date,NAV
2006-04-03,19.65970
2006-04-04,19.72670
2006-04-05,19.85720
2006-04-07,19.57020
2006-04-10,19.71260
2006-04-12,19.18940
2006-04-13,18.99930
2006-04-17,19.41120
2006-04-18,19.91800
2006-04-19,20.02350
2006-04-20,20.21710
2006-04-21,20.20130
2006-04-24,20.06950
2006-04-25,19.59520
2006-04-26,20.09000
2006-04-27,19.82760
2006-04-28,19.83520
2006-05-02,20.35720
2006-05-03,20.51520
2006-05-04,20.59580
2006-05-05,20.68790
2006-05-08,20.85750
2006-05-09,21.01070
2006-05-10,21.19900
2006-05-11,20.90210
2006-05-12,20.61220
2006-05-15,19.78050
2006-05-16,19.91230
2006-05-17,20.53700
2006-05-18,19.15590
2006-05-19,18.37170
2006-05-22,17.43390
2006-05-23,18.10330
2006-05-24,17.62440
2006-05-25,17.98520
2006-05-26,18.18070
2006-05-29,18.20420
2006-05-30,18.03190
2006-05-31,17.41880
2006-06-01,16.80320
2006-06-02,17.55280
2006-06-05,17.11240
2006-06-06,16.67860
2006-06-07,16.25110
2006-06-08,15.48190
2006-06-09,16.29540
2006-06-12,15.75800
2006-06-13,15.11280
2006-06-14,14.97010
2006-06-15,15.90690
2006-06-16,16.42460
2006-06-19,16.58220
2006-06-20,16.26050
2006-06-21,16.61710
2006-06-22,17.01800
2006-06-23,17.30100
2006-06-26,16.72590
2006-06-27,16.92770
2006-06-28,16.91970
2006-06-29,17.03650
2006-06-30,17.77790
2006-07-03,17.89810
2006-07-04,17.82660
2006-07-05,18.15180
2006-07-06,17.93270
2006-07-07,17.44970
2006-07-10,17.86940
2006-07-11,17.71740
2006-07-12,18.17530
2006-07-13,18.00380
2006-07-14,17.73440
2006-07-17,17.09230
2006-07-18,17.02740
2006-07-19,16.67860
2006-07-20,17.23100
2006-07-21,16.76700
2006-07-24,17.01450
2006-07-25,17.33510
2006-07-26,17.74500
2006-07-27,17.99420
2006-07-28,17.85110
2006-07-31,17.92450
2006-08-01,17.98090
2006-08-02,18.18050
2006-08-03,18.22170
2006-08-04,18.14940
2006-08-07,17.99090
2006-08-08,18.35980
2006-08-09,18.60400
2006-08-10,18.63350
2006-08-11,18.72000
2006-08-14,18.95340
2006-08-16,19.20120
2006-08-17,19.18730
2006-08-18,19.20860
2006-08-21,19.26390
2006-08-22,19.25560
2006-08-23,19.09270
2006-08-24,19.27520
2006-08-25,19.36260
2006-08-28,19.44770
2006-08-29,19.58880
2006-08-30,19.62440
2006-08-31,19.52200
2006-09-01,19.65030
2006-09-04,19.89630
2006-09-05,19.86830
2006-09-06,19.91590
2006-09-07,19.78410
2006-09-08,19.88470
2006-09-11,19.27050
2006-09-12,19.41720
2006-09-13,19.78800
2006-09-14,19.88410
2006-09-15,19.92850
2006-09-18,20.00660
2006-09-19,19.79130
2006-09-20,20.06310
2006-09-21,20.35120
2006-09-22,20.30050
2006-09-25,20.18040
2006-09-26,20.46020
2006-09-27,20.49770
2006-09-28,20.45310
2006-09-29,20.53990
2006-10-03,20.43490
2006-10-04,20.13620
2006-10-05,20.41540
2006-10-06,20.43960
2006-10-09,20.42590
2006-10-10,20.44260
2006-10-11,20.35290
2006-10-12,20.73860
2006-10-13,21.04800
2006-10-16,21.32330
2006-10-17,21.27440
2006-10-18,21.25170
2006-10-19,21.07450
2006-10-20,21.06390
2006-10-23,20.94850
2006-10-26,21.05570
2006-10-27,21.41010
2006-10-30,21.57510
2006-10-31,21.43500
2006-11-01,21.55560
2006-11-02,21.70780
2006-11-03,21.78740
2006-11-06,21.80980
2006-11-07,21.74060
2006-11-08,21.62700
2006-11-09,21.73000
2006-11-10,21.95200
2006-11-12,21.78370
2006-11-13,22.08780
2006-11-14,22.12300
2006-11-15,22.18020
2006-11-16,22.18280
2006-11-17,22.04930
2006-11-20,22.07370
2006-11-21,22.35410
2006-11-22,22.56130
2006-11-23,22.50600
2006-11-24,22.53330
2006-11-27,22.61840
2006-11-28,22.39260
2006-11-29,22.35410
2006-11-30,22.44490
2006-12-01,22.67490
2006-12-04,22.69340
2006-12-05,22.76850
2006-12-06,22.76590
2006-12-07,22.76750
2006-12-08,22.42110
2006-12-11,21.78370
2006-12-12,21.06000
2006-12-13,21.33550
2006-12-14,21.75550
2006-12-15,21.97360
2006-12-18,22.22320
2006-12-19,21.61570
2006-12-20,21.46560
2006-12-21,21.55980
2006-12-22,21.75990
2006-12-26,22.18190
2006-12-27,22.41850
2006-12-28,22.38150
2006-12-29,22.33230
2007-01-02,22.57180
2007-01-03,22.64750
2007-01-04,22.45280
2007-01-05,22.41180
2007-01-08,22.12840
2007-01-09,22.02130
2007-01-10,21.65800
2007-01-11,22.23210
2007-01-12,22.84030
2007-01-15,22.98610
2007-01-16,22.98600
2007-01-17,22.96080
2007-01-18,23.15160
2007-01-19,23.04650
2007-01-22,23.13210
2007-01-23,22.93250
2007-01-24,23.06580
2007-01-25,23.37270
2007-01-29,23.25000
2007-01-31,23.00410
2007-02-01,23.36950
2007-02-02,23.60450
2007-02-05,23.78540
2007-02-06,23.68960
2007-02-07,23.85140
2007-02-08,23.84040
2007-02-09,23.63160
2007-02-12,22.94890
2007-02-13,22.87600
2007-02-14,22.93090
2007-02-15,23.49700
2007-02-19,23.60040
2007-02-20,23.27210
2007-02-21,23.21530
2007-02-22,22.86560
2007-02-23,22.21750
2007-02-26,22.27920
2007-02-27,21.96090
2007-02-28,21.09590
2007-03-01,21.46680
2007-03-02,20.95010
2007-03-05,20.12780
2007-03-06,20.59240
2007-03-07,20.40740
2007-03-08,21.21320
2007-03-09,20.94050
2007-03-12,21.06490
2007-03-13,21.25620
2007-03-14,20.45600
2007-03-15,20.51890
2007-03-16,20.32200
2007-03-19,20.75530
2007-03-20,20.83140
2007-03-21,21.25720
2007-03-22,21.90310
2007-03-23,21.82950
2007-03-26,15.19080
2007-03-28,14.45980
2007-03-29,14.55250
2007-03-30,14.45290
2007-04-02,13.64670
2007-04-03,13.87060
2007-04-04,14.04020
2007-04-05,14.10980
2007-04-09,14.50320
2007-04-10,14.51210
2007-04-11,14.52930
2007-04-12,14.40450
2007-04-13,14.77920
2007-04-16,15.19270
2007-04-17,15.07250
2007-04-18,15.11460
2007-04-19,15.03440
2007-04-20,15.41290
2007-04-23,15.41600
2007-04-24,15.67250
2007-04-25,15.78610
2007-04-26,15.80730
2007-04-27,15.48540
2007-04-30,15.57220
2007-05-03,16.11610
2007-05-04,15.93600
2007-05-07,15.89520
2007-05-08,15.74330
2007-05-09,15.84830
2007-05-10,15.68930
2007-05-11,15.79210
2007-05-14,16.02740
2007-05-15,15.90410
2007-05-16,16.13010
2007-05-17,16.29990
2007-05-18,16.26500
2007-05-21,16.41790
2007-05-22,16.47670
2007-05-23,16.33210
2007-05-24,16.19640
2007-05-25,16.41580
2007-05-28,16.42680
2007-05-29,16.55630
2007-05-30,16.35700
2007-05-31,16.56630
2007-06-01,16.59700
2007-06-04,16.44790
2007-06-05,16.59970
2007-06-06,16.18000
2007-06-07,16.11130
2007-06-08,15.95990
2007-06-11,15.97540
2007-06-12,16.05270
2007-06-13,15.82810
2007-06-14,16.08970
2007-06-15,16.04150
2007-06-18,15.97860
2007-06-19,16.31050
2007-06-20,16.40660
2007-06-21,16.45940
2007-06-22,16.40820
2007-06-25,16.40730
2007-06-26,16.52590
2007-06-27,16.46540
2007-06-28,16.57120
2007-06-29,16.73210
2007-07-02,16.75650
2007-07-03,16.97170
2007-07-04,16.97010
2007-07-05,16.96650
2007-07-06,17.02720
2007-07-09,17.16010
2007-07-10,17.11240
2007-07-11,17.07010
2007-07-12,17.31040
2007-07-13,17.46170
2007-07-16,17.51250
2007-07-17,17.45140
2007-07-18,17.45080
2007-07-19,17.70120
2007-07-20,17.69760
2007-07-23,17.93550
2007-07-24,17.94720
2007-07-25,17.88220
2007-07-26,17.97590
2007-07-27,17.29160
2007-07-30,17.28190
2007-07-31,17.70050
2007-08-01,16.84400
2007-08-02,16.95470
2007-08-03,17.14590
2007-08-06,16.91870
2007-08-07,16.95670
2007-08-08,17.42850
2007-08-09,17.14650
2007-08-10,16.89000
2007-08-13,17.11290
2007-08-14,17.07990
2007-08-16,16.27230
2007-08-17,16.08690
2007-08-20,16.53760
2007-08-21,15.92010
2007-08-22,16.30670
2007-08-23,16.13540
2007-08-24,16.43110
2007-08-27,16.88730
2007-08-28,16.90760
2007-08-29,17.14820
2007-08-30,17.31610
2007-08-31,17.61240
2007-09-03,17.67050
2007-09-04,17.66960
2007-09-05,17.62910
2007-09-06,17.90650
2007-09-07,17.81490
2007-09-10,17.90450
2007-09-11,17.85110
2007-09-12,17.85430
2007-09-13,18.02050
2007-09-14,17.96130
2007-09-17,17.84700
2007-09-18,18.06430
2007-09-19,18.81000
2007-09-20,18.85870
2007-09-21,19.22180
2007-09-24,19.59590
2007-09-25,19.61600
2007-09-26,19.62730
2007-09-27,19.85180
2007-09-28,19.93800
2007-10-01,20.12800
2007-10-03,20.69660
2007-10-04,20.70640
2007-10-05,20.60030
2007-10-08,20.18480
2007-10-09,21.15200
2007-10-10,21.60020
2007-10-11,21.93330
2007-10-12,21.53780
2007-10-15,22.50050
2007-10-16,22.48360
2007-10-17,22.03490
2007-10-18,21.21390
2007-10-19,20.70640
2007-10-22,20.59480
2007-10-23,21.75240
2007-10-24,21.81460
2007-10-25,22.11720
2007-10-26,22.67860
2007-10-29,23.50040
2007-10-30,23.32520
2007-10-31,23.44850
2007-11-01,23.30130
2007-11-02,23.58520
2007-11-05,23.23580
2007-11-06,22.99940
2007-11-07,22.97410
2007-11-08,22.64190
2007-11-12,22.32380
2007-11-13,22.62760
2007-11-14,23.58600
2007-11-15,23.47650
2007-11-16,23.46580
2007-11-19,23.47430
2007-11-20,22.95790
2007-11-21,22.03910
2007-11-22,21.88560
2007-11-23,22.23010
2007-11-26,22.71920
2007-11-27,22.59340
2007-11-28,22.26070
2007-11-29,22.32550
2007-11-30,22.82690
2007-12-03,23.21540
2007-12-04,23.18990
2007-12-05,23.52030
2007-12-06,23.57160
2007-12-07,23.65030
2007-12-10,23.59320
2007-12-11,24.13040
2007-12-12,24.37680
2007-12-13,23.96960
2007-12-14,23.93260
2007-12-17,22.87220
2007-12-18,22.74690
2007-12-19,22.78250
2007-12-20,22.83930
2007-12-24,23.68270
2007-12-26,24.03670
2007-12-27,24.07360
2007-12-28,24.06680
2007-12-31,24.26720
2008-01-01,24.28300
2008-01-02,24.43690
2008-01-03,24.38940
2008-01-04,24.75370
2008-01-07,24.78660
2008-01-08,24.80000
2008-01-09,24.74190
2008-01-10,24.29380
2008-01-11,24.46120
2008-01-14,24.49530
2008-01-15,23.96140
2008-01-16,23.42840
2008-01-17,23.34490
2008-01-18,22.53540
2008-01-21,20.57900
2008-01-22,19.45700
2008-01-23,20.48690
2008-01-24,19.83840
2008-01-25,21.20400
2008-01-28,20.79170
2008-01-29,20.82010
2008-01-30,20.36790
2008-01-31,20.26260
2008-02-01,21.03420
2008-02-04,21.60080
2008-02-05,21.66530
2008-02-06,21.01930
2008-02-07,20.26970
2008-02-08,20.21960
2008-02-11,19.17530
2008-02-12,19.09290
2008-02-13,19.45610
2008-02-14,20.49620
2008-02-15,20.89690
2008-02-18,20.80030
2008-02-19,20.81080
2008-02-20,20.30140
2008-02-21,20.45990
2008-02-22,20.13980
2008-02-25,20.50400
2008-02-26,20.77640
2008-02-27,20.75940
2008-02-28,20.83200
2008-02-29,20.57480
2008-03-03,19.50480
2008-03-04,19.16950
2008-03-05,19.38980
2008-03-07,18.78110
2008-03-10,18.90450
2008-03-11,19.13870
2008-03-12,19.17810
2008-03-13,18.09090
2008-03-14,18.58990
2008-03-17,17.61980
2008-03-18,17.74570
2008-03-19,17.89400
2008-03-24,17.99850
2008-03-25,19.04440
2008-03-26,18.85940
2008-03-27,18.85570
2008-03-28,19.29740
2008-03-31,18.47130
2008-04-01,18.51010
2008-04-02,18.56190
2008-04-03,18.63260
2008-04-04,18.14290
2008-04-07,18.58710
2008-04-08,18.37230
2008-04-09,18.52320
2008-04-10,18.46760
2008-04-11,18.64350
2008-04-15,19.05430
2008-04-16,19.07440
2008-04-17,19.36020
2008-04-21,19.66820
2008-04-22,19.71160
2008-04-23,19.61440
2008-04-24,19.52010
2008-04-25,19.96040
2008-04-28,19.87450
2008-04-29,20.29170
2008-04-30,20.17490
2008-05-02,20.41520
2008-05-05,20.26980
2008-05-06,20.08730
2008-05-07,20.04880
2008-05-08,19.84770
2008-05-09,19.45890
2008-05-12,19.57370
2008-05-13,19.36080
2008-05-14,19.56770
2008-05-15,19.96580
2008-05-16,20.12360
2008-05-20,19.91980
2008-05-21,19.98390
2008-05-22,19.61350
2008-05-23,19.30070
2008-05-26,18.98900
2008-05-27,18.91190
2008-05-28,19.16380
2008-05-29,18.85460
2008-05-30,18.94650
2008-06-02,18.44200
2008-06-03,18.32280
2008-06-04,17.81210
2008-06-05,18.08350
2008-06-06,17.87940
2008-06-09,17.37780
2008-06-10,17.20000
2008-06-11,17.47150
2008-06-12,17.55160
2008-06-13,17.45980
2008-06-16,17.71860
2008-06-17,18.01390
2008-06-18,17.74220
2008-06-19,17.44640
2008-06-20,16.84310
2008-06-23,16.46290
2008-06-24,16.12430
2008-06-25,16.39120
2008-06-26,16.61150
2008-06-27,15.93850
2008-06-30,15.55950
2008-07-01,15.01060
2008-07-02,15.79560
2008-07-03,15.14020
2008-07-04,15.49490
2008-07-07,15.53830
2008-07-08,15.36730
2008-07-09,16.05840
2008-07-10,16.08770
2008-07-11,15.63760
2008-07-14,15.61510
2008-07-15,14.90790
2008-07-16,14.76130
2008-07-17,15.25810
2008-07-18,15.82860
2008-07-21,16.10800
2008-07-22,16.42550
2008-07-23,17.34570
2008-07-24,17.17320
2008-07-25,16.71240
2008-07-28,16.77850
2008-07-29,16.21800
2008-07-30,16.70280
2008-07-31,16.76780
2008-08-01,17.09640
2008-08-04,17.02150
2008-08-05,17.45140
2008-08-06,17.49170
2008-08-07,17.51690
2008-08-08,17.54840
2008-08-11,17.89730
2008-08-12,17.63100
2008-08-13,17.55370
2008-08-14,17.16340
2008-08-18,17.02670
2008-08-19,16.93560
2008-08-20,17.11920
2008-08-21,16.59950
2008-08-22,16.76210
2008-08-25,16.79820
2008-08-26,16.81470
2008-08-27,16.62760
2008-08-28,16.32930
2008-08-29,16.89510
2008-09-01,16.84340
2008-09-02,17.47110
2008-09-04,17.25020
2008-09-05,16.88490
2008-09-08,17.41290
2008-09-09,17.36300
2008-09-10,17.09420
2008-09-11,16.66470
2008-09-12,16.42580
2008-09-15,15.81770
2008-09-16,15.84260
2008-09-17,15.57350
2008-09-18,15.69110
2008-09-19,16.50780
2008-09-22,16.41190
2008-09-23,16.04800
2008-09-24,16.17920
2008-09-25,15.97170
2008-09-26,15.45990
2008-09-29,14.93400
2008-09-30,15.20260
2008-10-01,15.32490
2008-10-03,14.81560
2008-10-06,13.98070
2008-10-07,14.00300
2008-10-08,13.64430
2008-10-10,12.76810
2008-10-13,13.60090
2008-10-14,13.67680
2008-10-15,12.96690
2008-10-16,12.71950
2008-10-17,11.93980
2008-10-20,12.14320
2008-10-21,12.56740
2008-10-22,11.89940
2008-10-23,11.42210
2008-10-24,10.01310
2008-10-27,9.80290
2008-10-29,10.47510
2008-10-31,11.16760
2008-11-03,11.78530
2008-11-04,12.18700
2008-11-05,11.59420
2008-11-06,11.19910
2008-11-07,11.52770
2008-11-10,12.20150
2008-11-11,11.36470
2008-11-12,11.02130
2008-11-14,10.87880
2008-11-17,10.84860
2008-11-18,10.38520
2008-11-19,10.19440
2008-11-20,9.88540
2008-11-21,10.43010
2008-11-24,10.48390
2008-11-25,10.26170
2008-11-26,10.65210
2008-11-28,10.65660
2008-12-01,10.35800
2008-12-02,10.26440
2008-12-03,10.26310
2008-12-04,10.78240
2008-12-05,10.48600
2008-12-08,10.76540
2008-12-10,11.32820
2008-12-11,11.29600
2008-12-12,11.29110
2008-12-15,11.52480
2008-12-16,11.76630
2008-12-17,11.41030
2008-12-18,11.84710
2008-12-19,11.89900
2008-12-22,11.74700
2008-12-23,11.49750
2008-12-24,11.28990
2008-12-26,11.04450
2008-12-29,11.29950
2008-12-30,11.51210
2008-12-31,11.43090
2009-01-01,11.72290
2009-01-02,11.77010
2009-01-05,12.05150
2009-01-06,12.01760
2009-01-07,11.26820
2009-01-09,11.08460
2009-01-12,10.68490
2009-01-13,10.57610
2009-01-14,10.92310
2009-01-15,10.55270
2009-01-16,10.91960
2009-01-19,10.98840
2009-01-20,10.77970
2009-01-21,10.43390
2009-01-22,10.45940
2009-01-23,10.32190
2009-01-27,10.70130
2009-01-28,11.00480
2009-01-29,10.91560
2009-01-30,11.13990
2009-02-02,10.69410
2009-02-03,10.77270
2009-02-04,10.84510
2009-02-05,10.76380
2009-02-06,11.00990
2009-02-09,11.31130
2009-02-10,11.36950
2009-02-11,11.34160
2009-02-12,11.21270
2009-02-13,11.42960
2009-02-16,11.02530
2009-02-17,10.72110
2009-02-18,10.74790
2009-02-19,10.80490
2009-02-20,10.58530
2009-02-24,10.57910
2009-02-25,10.69170
2009-02-26,10.79790
2009-02-27,10.69870
2009-03-02,10.34690
2009-03-03,10.14470
2009-03-04,10.25130
2009-03-05,9.97670
2009-03-06,10.15240
2009-03-09,9.95400
2009-03-12,10.13590
2009-03-13,10.54360
2009-03-16,10.77010
2009-03-17,10.69310
2009-03-18,10.82970
2009-03-19,10.88480
2009-03-20,10.88500
2009-03-23,11.41210
2009-03-24,11.40950
2009-03-25,11.58840
2009-03-26,11.96870
2009-03-27,12.08300
2009-03-30,11.56510
2009-03-31,11.72180
2009-04-01,11.87820
2009-04-02,12.46270
2009-04-06,12.63000
2009-04-08,12.97030
2009-04-09,12.96730
2009-04-13,13.12040
2009-04-15,13.52460
2009-04-16,13.07500
2009-04-17,13.12460
2009-04-20,13.09300
2009-04-21,13.05370
2009-04-22,12.91090
2009-04-23,13.28020
2009-04-24,13.50150
2009-04-27,13.45480
2009-04-28,13.03340
2009-04-29,13.47230
2009-05-04,14.16550
2009-05-05,14.19450
2009-05-06,14.05420
2009-05-07,14.27490
2009-05-08,14.03280
2009-05-11,13.77280
2009-05-12,14.27150
2009-05-13,14.08880
2009-05-14,13.93320
2009-05-15,14.23420
2009-05-19,16.70860
2009-05-20,16.51960
2009-05-21,16.28180
2009-05-22,16.39230
2009-05-25,16.37780
2009-05-26,15.90320
2009-05-27,16.52550
2009-05-28,16.74950
2009-05-29,17.18420
2009-06-01,17.49770
2009-06-02,17.47650
2009-06-03,17.49720
2009-06-04,17.67290
2009-06-05,17.72280
2009-06-08,17.11320
2009-06-09,17.57580
2009-06-10,18.01960
2009-06-11,17.95690
2009-06-12,17.75110
2009-06-15,17.37170
2009-06-16,17.49730
2009-06-17,16.86130
2009-06-18,16.46740
2009-06-19,16.70790
2009-06-22,16.39800
2009-06-23,16.44200
2009-06-24,16.62770
2009-06-25,16.40610
2009-06-26,16.91610
2009-06-29,16.96780
2009-06-30,16.58180
2009-07-01,16.77270
2009-07-02,16.80360
2009-07-03,17.09520
2009-07-06,16.10290
2009-07-07,16.24090
2009-07-08,15.76050
2009-07-09,15.77400
2009-07-10,15.47090
2009-07-13,15.36740
2009-07-14,15.90490
2009-07-15,16.37450
2009-07-16,16.35460
2009-07-17,16.92590
2009-07-20,17.42040
2009-07-21,17.28780
2009-07-22,17.01880
2009-07-23,17.50360
2009-07-24,17.67580
2009-07-27,17.68820
2009-07-28,17.65090
2009-07-29,17.45400
2009-07-30,17.67720
2009-07-31,17.94180
2009-08-03,18.23260
2009-08-04,18.11170
2009-08-05,18.17230
2009-08-06,17.74110
2009-08-07,17.34100
2009-08-10,17.16410
2009-08-11,17.29340
2009-08-12,17.24630
2009-08-13,17.81410
2009-08-14,17.71970
2009-08-17,16.97170
2009-08-18,17.25640
2009-08-19,17.00510
2009-08-20,17.23800
2009-08-21,17.53650
2009-08-24,17.97700
2009-08-25,18.03770
2009-08-26,18.12310
2009-08-27,18.15080
2009-08-28,18.32830
2009-08-31,18.04400
2009-09-01,17.90330
2009-09-02,17.84210
2009-09-03,17.77980
2009-09-04,18.13040
2009-09-07,18.53480
2009-09-08,18.61530
2009-09-09,18.64790
2009-09-10,18.65640
2009-09-11,18.70780
2009-09-14,18.62520
2009-09-15,18.94830
2009-09-16,19.19940
2009-09-17,19.23220
2009-09-18,19.26430
2009-09-22,19.43690
2009-09-23,19.23670
2009-09-24,19.30320
2009-09-25,19.19580
2009-09-29,19.37270
2009-09-30,19.66970
2009-10-01,19.66620
2009-10-05,19.35600
2009-10-06,19.44910
2009-10-07,19.27950
2009-10-08,19.34280
2009-10-09,19.11670
2009-10-12,19.54050
2009-10-14,19.78040
2009-10-15,19.75150
2009-10-16,19.89490
2009-10-20,19.77900
2009-10-21,19.58040
2009-10-22,19.28730
2009-10-23,19.31860
2009-10-26,19.21260
2009-10-27,18.72450
2009-10-28,18.64730
2009-10-29,18.35920
2009-10-30,18.18440
2009-11-03,17.60410
2009-11-04,18.17060
2009-11-05,18.39090
2009-11-06,18.50730
2009-11-09,18.90560
2009-11-10,18.83760
2009-11-11,19.30630
2009-11-12,19.10660
2009-11-13,19.28640
2009-11-16,19.50930
2009-11-17,19.52410
2009-11-18,19.49290
2009-11-19,19.23860
2009-11-20,19.48510
2009-11-23,19.67780
2009-11-24,19.62580
2009-11-25,19.69370
2009-11-26,19.29680
2009-11-27,19.08470
2009-11-30,19.42640
2009-12-01,19.78640
2009-12-02,19.78770
2009-12-03,19.81640
2009-12-04,19.73110
2009-12-07,19.56400
2009-12-08,19.88060
2009-12-09,19.74180
2009-12-10,19.81980
2009-12-11,19.74930
2009-12-14,19.70700
2009-12-15,19.42400
2009-12-16,19.45800
2009-12-17,19.45370
2009-12-18,19.24680
2009-12-21,19.10850
2009-12-22,19.24460
2009-12-23,19.86450
2009-12-24,19.99230
2009-12-29,20.02680
2009-12-30,19.94950
2009-12-31,20.05990
2010-01-04,20.17310
2010-01-05,20.34210
2010-01-06,20.36110
2010-01-07,20.28510
2010-01-08,20.20880
2010-01-11,20.22430
2010-01-12,20.06670
2010-01-13,20.16020
2010-01-14,20.24720
2010-01-15,20.21970
2010-01-18,20.30320
2010-01-19,20.11450
2010-01-20,20.09930
2010-01-21,19.60400
2010-01-22,19.37220
2010-01-25,19.27360
2010-01-27,18.67680
2010-01-28,18.73890
2010-01-29,18.80040
2010-02-01,18.88030
2010-02-02,18.60690
2010-02-03,18.99750
2010-02-04,18.65910
2010-02-05,18.17320
2010-02-08,18.33930
2010-02-09,18.47100
2010-02-10,18.32860
2010-02-11,18.60470
2010-02-15,18.50180
2010-02-16,18.71010
2010-02-17,18.91020
2010-02-18,18.81820
2010-02-19,18.65960
2010-02-22,18.70060
2010-02-23,18.75330
2010-02-24,18.71100
2010-02-25,18.71090
2010-02-26,18.95020
2010-03-02,19.30160
2010-03-03,19.56060
2010-03-04,19.54170
2010-03-05,19.57180
2010-03-08,19.70230
2010-03-09,19.61720
2010-03-10,19.68080
2010-03-11,19.75610
2010-03-12,19.76470
2010-03-15,19.72820
2010-03-16,19.99670
2010-03-17,20.12680
2010-03-18,20.18330
2010-03-19,20.25070
2010-03-22,20.00250
2010-03-23,20.07590
2010-03-25,20.20850
2010-03-26,20.29200
2010-03-29,20.37140
2010-03-30,20.21360
2010-03-31,20.16290
2010-04-01,20.31790
2010-04-05,20.59780
2010-04-06,20.58980
2010-04-07,20.62420
2010-04-08,20.34910
2010-04-09,20.57130
2010-04-12,20.48560
2010-04-13,20.43060
2010-04-15,20.23810
2010-04-16,20.19300
2010-04-19,19.96810
2010-04-20,20.06230
2010-04-21,20.12050
2010-04-22,20.20960
2010-04-23,20.34590
2010-04-26,20.41060
2010-04-27,20.35880
2010-04-28,20.00300
2010-04-29,20.14550
2010-04-30,20.23020
2010-05-03,20.03070
2010-05-04,19.74470
2010-05-05,19.65750
2010-05-06,19.52880
2010-05-07,19.25580
2010-05-10,19.93850
2010-05-11,19.70670
2010-05-12,19.77720
2010-05-13,19.86630
2010-05-14,19.53110
2010-05-17,19.41740
2010-05-18,19.44480
2010-05-19,18.89040
2010-05-20,18.98850
2010-05-21,18.92940
2010-05-24,18.96760
2010-05-25,18.45380
2010-05-26,18.87550
2010-05-27,19.20740
2010-05-28,19.43980
2010-05-31,19.51240
2010-06-01,19.06570
2010-06-02,19.27200
2010-06-03,19.61530
2010-06-04,19.71020
2010-06-07,19.32110
2010-06-08,19.12880
2010-06-09,19.22720
2010-06-10,19.56160
2010-06-11,19.70710
2010-06-14,20.01600
2010-06-15,20.12510
2010-06-16,20.15040
2010-06-17,20.32760
2010-06-18,20.27030
2010-06-21,20.62620
2010-06-22,20.48200
2010-06-23,20.51050
2010-06-24,20.49500
2010-06-25,20.30640
2010-06-28,20.54700
2010-06-29,20.26240
2010-06-30,20.47410
2010-07-01,20.24180
2010-07-02,20.18700
2010-07-05,20.18480
2010-07-06,20.39280
2010-07-07,20.19560
2010-07-08,20.42760
2010-07-09,20.64010
2010-07-12,20.76450
2010-07-13,20.84300
2010-07-14,20.77900
2010-07-15,20.75000
2010-07-16,20.80430
2010-07-19,20.77130
2010-07-20,20.69830
2010-07-21,20.82330
2010-07-22,20.99000
2010-07-23,21.01370
2010-07-26,20.90380
2010-07-27,20.94620
2010-07-28,20.81250
2010-07-29,20.86020
2010-07-30,20.69780
2010-08-02,20.94280
2010-08-03,20.96930
2010-08-04,21.07580
2010-08-05,21.00640
2010-08-06,20.97120
2010-08-09,21.14080
2010-08-10,21.05250
2010-08-11,20.88750
2010-08-12,20.87850
2010-08-13,21.01330
2010-08-16,20.87790
2010-08-17,20.87880
2010-08-18,21.12210
2010-08-19,21.35120
2010-08-20,21.32170
2010-08-23,21.36970
2010-08-24,21.22870
2010-08-25,21.06900
2010-08-26,21.11770
2010-08-27,20.85890
2010-08-30,20.88810
2010-08-31,20.83150
2010-09-01,21.10430
2010-09-02,21.16410
2010-09-03,21.13730
2010-09-06,21.50890
2010-09-07,21.60710
2010-09-08,21.62360
2010-09-09,21.75710
2010-09-13,22.22560
2010-09-14,22.37290
2010-09-15,22.61170
2010-09-16,22.50110
2010-09-17,22.72880
2010-09-20,23.09760
2010-09-21,23.19750
2010-09-22,23.13080
2010-09-23,23.01270
2010-09-24,23.23770
2010-09-27,23.29710
2010-09-28,23.27310
2010-09-29,23.11810
2010-09-30,23.25500
2010-10-01,23.71150
2010-10-04,23.76260
2010-10-05,23.71780
2010-10-06,23.86870
2010-10-07,23.61030
2010-10-08,23.55180
2010-10-11,23.66970
2010-10-12,23.49610
2010-10-13,24.06390
2010-10-14,23.82920
2010-10-15,23.38890
2010-10-18,23.44900
2010-10-19,23.23920
2010-10-20,23.07330
2010-10-21,23.55580
2010-10-22,23.41160
2010-10-25,23.56870
2010-10-26,23.47380
2010-10-27,23.20630
2010-10-28,23.09090
2010-10-29,23.16740
2010-11-01,23.55840
2010-11-02,23.56540
2010-11-03,23.71840
2010-11-04,24.17250
2010-11-08,24.14090
2010-11-09,24.25470
2010-11-10,24.15530
2010-11-11,23.84720
2010-11-12,23.36460
2010-11-15,23.55360
2010-11-16,23.03520
2010-11-18,23.09160
2010-11-19,22.66020
2010-11-22,23.10780
2010-11-23,22.82650
2010-11-24,22.56890
2010-11-25,22.31710
2010-11-26,22.11730
2010-11-29,22.40540
2010-11-30,22.53970
2010-12-01,22.91290
2010-12-02,23.10600
2010-12-03,23.03720
2010-12-06,23.02200
2010-12-07,22.98050
2010-12-08,22.69100
2010-12-09,22.15790
2010-12-10,22.51530
2010-12-13,22.70850
2010-12-14,22.84140
2010-12-15,22.63100
2010-12-16,22.86110
2010-12-20,22.86030
2010-12-21,23.06440
2010-12-22,23.00420
2010-12-23,22.98720
2010-12-24,23.11550
2010-12-27,23.05420
2010-12-28,23.04940
2010-12-29,23.28810
2010-12-30,23.43840
2010-12-31,23.56210
2011-01-03,23.64700
2011-01-04,23.59480
2011-01-05,23.34800
2011-01-06,23.22660
2011-01-07,22.66120
2011-01-10,22.10970
2011-01-11,22.08670
2011-01-12,22.49900
2011-01-13,22.06770
2011-01-14,21.69240
2011-01-17,21.69500
2011-01-18,21.96450
2011-01-19,21.83050
2011-01-20,21.91550
2011-01-21,21.85560
2011-01-24,22.02840
2011-01-25,21.81400
2011-01-27,21.49820
2011-01-28,21.14700
2011-01-31,21.11550
2011-02-01,20.77140
2011-02-02,20.82680
2011-02-03,21.19010
2011-02-04,20.67800
2011-02-07,20.68290
2011-02-08,20.36670
2011-02-09,20.14510
2011-02-10,20.03720
2011-02-11,20.36700
2011-02-14,20.90390
2011-02-15,21.01850
2011-02-16,21.03490
2011-02-17,21.27310
2011-02-18,20.92930
2011-02-21,21.16690
2011-02-22,20.95870
2011-02-23,20.83020
2011-02-24,20.16540
2011-02-25,20.31380
2011-02-28,20.42110
2011-03-01,21.15180
2011-03-03,21.19280
2011-03-04,21.19300
2011-03-07,20.91730
2011-03-08,21.13880
2011-03-09,21.17350
2011-03-10,21.03280
2011-03-11,20.84820
2011-03-14,21.18230
2011-03-15,20.84850
2011-03-16,21.09470
2011-03-17,20.85820
2011-03-18,20.57670
2011-03-21,20.54270
2011-03-22,20.73310
2011-03-23,20.98620
2011-03-24,21.14800
2011-03-25,21.65620
2011-03-28,21.77060
2011-03-29,21.96300
2011-03-30,22.15650
2011-03-31,22.32020
2011-04-01,22.29750
2011-04-04,22.60170
2011-04-05,22.59690
2011-04-06,22.52430
2011-04-07,22.49460
2011-04-08,22.32090
2011-04-11,22.11520
2011-04-13,22.62010
2011-04-15,22.25830
2011-04-18,21.85970
2011-04-19,21.91300
2011-04-20,22.33910
2011-04-21,22.47620
2011-04-25,22.43110
2011-04-26,22.41300
2011-04-27,22.26290
2011-04-28,22.07430
2011-04-29,21.90430
2011-05-02,21.71250
2011-05-03,21.15380
2011-05-04,21.04180
2011-05-05,20.75980
2011-05-06,21.10690
2011-05-09,21.10530
2011-05-10,21.06600
2011-05-11,21.15380
2011-05-12,20.85220
2011-05-13,21.08080
2011-05-16,20.89470
2011-05-17,20.67420
2011-05-18,20.60190
2011-05-19,20.62780
2011-05-20,20.85620
2011-05-23,20.47820
2011-05-24,20.50780
2011-05-25,20.33750
2011-05-26,20.58550
2011-05-27,20.82750
2011-05-30,20.81420
2011-05-31,21.14340
2011-06-01,21.26600
2011-06-02,21.13710
2011-06-03,21.00960
2011-06-06,21.06360
2011-06-07,21.15630
2011-06-08,21.05080
2011-06-09,21.02520
2011-06-10,20.91820
2011-06-13,20.91280
2011-06-14,20.97940
2011-06-15,20.77390
2011-06-16,20.58670
2011-06-17,20.47280
2011-06-20,20.05180
2011-06-21,20.11390
2011-06-22,20.13830
2011-06-23,20.28940
2011-06-24,20.86770
2011-06-27,21.08640
2011-06-28,21.15620
2011-06-29,21.37350
2011-06-30,21.55380
2011-07-01,21.47790
2011-07-04,21.57530
2011-07-05,21.50460
2011-07-06,21.47490
2011-07-07,21.87020
2011-07-08,21.61320
2011-07-11,21.43840
2011-07-12,21.10040
2011-07-13,21.32470
2011-07-14,21.38070
2011-07-15,21.31280
2011-07-18,21.25620
2011-07-19,21.44290
2011-07-20,21.26300
2011-07-21,21.16720
2011-07-22,21.52030
2011-07-25,21.69390
2011-07-26,21.29190
2011-07-27,21.18410
2011-07-28,20.96090
2011-07-29,20.93770
2011-08-01,21.06850
2011-08-02,20.84590
2011-08-03,20.65600
2011-08-04,20.37290
2011-08-05,19.91940
2011-08-08,19.57620
2011-08-09,19.40980
2011-08-10,19.73800
2011-08-11,19.65260
2011-08-12,19.40890
2011-08-16,19.26050
2011-08-17,19.33650
2011-08-18,18.90410
2011-08-19,18.53430
2011-08-22,18.73650
2011-08-23,18.92020
2011-08-24,18.69200
2011-08-25,18.51560
2011-08-26,18.15240
2011-08-29,18.80710
2011-08-30,19.10590
2011-09-02,19.25190
2011-09-05,19.15890
2011-09-06,19.34230
2011-09-07,19.57020
2011-09-08,19.68540
2011-09-09,19.32230
2011-09-12,18.89410
2011-09-13,18.87550
2011-09-14,19.14890
2011-09-15,19.38950
2011-09-16,19.42040
2011-09-19,19.22160
2011-09-20,19.63890
2011-09-21,19.60900
2011-09-22,18.80240
2011-09-23,18.59660
2011-09-26,18.47550
2011-09-27,18.98980
2011-09-28,18.88340
2011-09-29,19.15270
2011-09-30,18.86600
2011-10-03,18.51770
2011-10-04,18.22220
2011-10-05,18.15010
2011-10-07,18.66050
2011-10-10,19.00590
2011-10-11,18.98280
2011-10-12,19.46030
2011-10-13,19.37070
2011-10-14,19.58480
2011-10-17,19.52380
2011-10-18,19.22030
2011-10-19,19.60760
2011-10-20,19.43370
2011-10-21,19.27440
2011-10-24,19.45650
2011-10-25,19.80800
2011-10-28,20.43830
2011-10-31,20.30720
2011-11-01,20.05030
2011-11-02,20.04830
2011-11-03,20.07900
2011-11-04,20.15430
2011-11-08,20.16990
2011-11-09,19.90540
2011-11-11,19.71000
2011-11-14,19.61080
2011-11-15,19.29390
2011-11-16,19.15320
2011-11-17,18.77950
2011-11-18,18.67870
2011-11-21,18.19630
2011-11-22,18.31250
2011-11-23,17.92100
2011-11-24,18.11400
2011-11-25,17.92850
2011-11-28,18.47010
2011-11-29,18.29120
2011-11-30,18.38590
2011-12-01,18.79430
2011-12-02,19.22590
2011-12-05,19.18110
2011-12-07,19.26820
2011-12-08,18.81050
2011-12-09,18.51950
2011-12-12,18.12580
2011-12-13,18.26250
2011-12-14,18.11630
2011-12-15,18.05510
2011-12-16,17.68800
2011-12-19,17.55320
2011-12-20,17.29220
2011-12-21,17.85890
2011-12-22,18.01040
2011-12-23,17.93190
2011-12-26,18.17840
2011-12-27,18.06770
2011-12-28,17.89890
2011-12-29,17.66820
2011-12-30,17.57800
2012-01-02,17.62410
2012-01-03,18.11490
2012-01-04,18.04980
2012-01-05,18.04990
2012-01-06,18.07970
2012-01-09,18.03140
2012-01-10,18.44400
2012-01-11,18.48130
2012-01-12,18.37210
2012-01-13,18.49930
2012-01-16,18.53060
2012-01-17,18.88260
2012-01-18,18.83480
2012-01-19,19.07110
2012-01-20,19.18460
2012-01-23,19.17640
2012-01-24,19.48060
2012-01-25,19.59820
2012-01-27,19.76760
2012-01-30,19.32560
2012-01-31,19.75050
2012-02-01,19.89070
2012-02-02,20.01260
2012-02-03,20.22930
2012-02-06,20.36090
2012-02-07,20.26660
2012-02-08,20.39170
2012-02-09,20.56290
2012-02-10,20.43980
2012-02-13,20.47800
2012-02-14,20.57310
2012-02-15,21.00990
2012-02-16,20.97040
2012-02-17,21.13100
2012-02-21,21.28720
2012-02-22,20.90120
2012-02-23,20.81700
2012-02-24,20.61360
2012-02-27,20.04770
2012-02-28,20.40830
2012-02-29,20.44000
2012-03-01,20.27010
2012-03-02,20.33410
2012-03-05,20.03380
2012-03-06,19.81520
2012-03-07,19.81020
2012-03-09,20.22910
2012-03-12,20.33230
2012-03-13,20.59410
2012-03-14,20.72260
2012-03-15,20.41200
2012-03-16,20.16940
2012-03-19,19.93800
2012-03-20,20.00530
2012-03-21,20.34640
2012-03-22,19.82530
2012-03-23,20.01100
2012-03-26,19.65320
2012-03-27,19.87530
2012-03-28,19.69030
2012-03-29,19.62860
2012-03-30,20.06260
2012-04-02,20.14440
2012-04-03,20.29360
2012-04-04,20.15720
2012-04-09,19.81780
2012-04-10,19.85320
2012-04-11,19.79000
2012-04-12,19.97430
2012-04-13,19.71170
2012-04-16,19.78300
2012-04-17,20.02420
2012-04-18,20.06000
2012-04-19,20.18220
2012-04-20,20.02030
2012-04-23,19.67380
2012-04-24,19.75740
2012-04-25,19.67690
2012-04-26,19.62150
2012-04-27,19.62540
2012-04-30,19.83990
2012-05-02,19.80140
2012-05-03,19.61100
2012-05-04,19.22870
2012-05-07,19.32960
2012-05-08,18.89530
2012-05-09,18.79950
2012-05-10,18.76280
2012-05-11,18.62410
2012-05-14,18.53780
2012-05-15,18.67330
2012-05-16,18.35460
2012-05-17,18.39460
2012-05-18,18.47850
2012-05-21,18.52880
2012-05-22,18.35530
2012-05-23,18.26090
2012-05-24,18.61260
2012-05-25,18.61000
2012-05-28,18.85110
2012-05-29,18.86750
2012-05-30,18.71610
2012-05-31,18.65680
2012-06-01,18.34170
2012-06-04,18.36770
2012-06-05,18.42130
2012-06-06,18.92550
2012-06-07,19.13400
2012-06-08,19.20790
2012-06-11,19.17550
2012-06-12,19.41270
2012-06-13,19.42970
2012-06-14,19.18780
2012-06-15,19.50870
2012-06-18,19.21700
2012-06-19,19.37060
2012-06-20,19.43130
2012-06-21,19.60170
2012-06-22,19.54550
2012-06-25,19.42220
2012-06-26,19.44880
2012-06-27,19.52590
2012-06-28,19.56360
2012-06-29,20.05820
2012-07-02,20.05450
2012-07-03,20.08970
2012-07-04,20.14980
2012-07-05,20.24870
2012-07-06,20.20640
2012-07-09,20.04360
2012-07-10,20.31170
2012-07-11,20.16400
2012-07-12,19.90030
2012-07-13,19.87020
2012-07-16,19.76250
2012-07-17,19.74410
2012-07-18,19.84040
2012-07-19,19.93990
2012-07-20,19.79610
2012-07-23,19.46350
2012-07-24,19.50560
2012-07-25,19.43290
2012-07-26,19.18280
2012-07-27,19.39220
2012-07-30,19.76370
2012-07-31,19.87170
2012-08-01,19.91810
2012-08-02,19.87040
2012-08-03,19.82470
2012-08-06,20.07900
2012-08-07,20.28840
2012-08-08,20.29380
2012-08-09,20.23850
2012-08-10,20.22710
2012-08-13,20.32760
2012-08-14,20.46420
2012-08-16,20.39960
2012-08-17,20.41070
2012-08-21,20.61310
2012-08-22,20.58080
2012-08-23,20.58840
2012-08-24,20.48080
2012-08-27,20.34110
2012-08-28,20.27980
2012-08-29,20.10170
2012-08-30,20.18090
2012-08-31,19.98570
2012-09-03,19.96410
2012-09-04,20.03780
2012-09-05,19.85890
2012-09-06,19.90580
2012-09-07,20.29240
2012-09-10,20.36540
2012-09-11,20.47160
2012-09-12,20.62660
2012-09-13,20.64260
2012-09-14,21.17880
2012-09-17,21.31200
2012-09-18,21.27680
2012-09-20,21.10740
2012-09-21,21.60160
2012-09-24,21.51800
2012-09-25,21.53330
2012-09-26,21.49230
2012-09-27,21.44050
2012-09-28,21.63790
2012-10-01,21.70110
2012-10-03,21.74830
2012-10-04,21.96170
2012-10-05,21.80380
2012-10-08,21.52860
2012-10-09,21.63320
2012-10-10,21.43500
2012-10-11,21.65200
2012-10-12,21.51810
2012-10-15,21.56200
2012-10-16,21.40580
2012-10-17,21.45550
2012-10-18,21.68820
2012-10-19,21.55080
2012-10-22,21.67600
2012-10-23,21.57610
2012-10-25,21.62490
2012-10-26,21.46590
2012-10-29,21.47070
2012-10-30,21.21090
2012-10-31,21.29190
2012-11-01,21.40290
2012-11-02,21.60830
2012-11-05,21.62890
2012-11-06,21.71000
2012-11-07,21.83750
2012-11-08,21.74530
2012-11-09,21.55160
2012-11-12,21.53680
2012-11-15,21.32950
2012-11-16,21.10830
2012-11-19,21.10350
2012-11-20,21.09920
2012-11-21,21.25910
2012-11-22,21.31110
2012-11-23,21.30230
2012-11-26,21.33640
2012-11-27,21.67970
2012-11-29,22.05210
2012-11-30,22.24990
2012-12-03,22.22110
2012-12-04,22.28600
2012-12-05,22.33150
2012-12-06,22.44710
2012-12-07,22.35740
2012-12-10,22.36030
2012-12-11,22.31980
2012-12-12,22.28630
2012-12-13,22.13670
2012-12-14,22.24930
2012-12-17,22.16290
2012-12-18,22.30990
2012-12-19,22.42410
2012-12-20,22.37280
2012-12-21,22.10780
2012-12-24,22.14780
2012-12-26,22.33340
2012-12-27,22.19880
2012-12-28,22.33370
2012-12-31,22.32030
2013-01-01,22.49510
2013-01-02,22.64450
2013-01-03,22.69760
2013-01-04,22.72070
2013-01-07,22.61500
2013-01-08,22.66690
2013-01-09,22.54510
2013-01-10,22.53860
2013-01-11,22.46890
2013-01-14,22.74430
2013-01-15,22.86080
2013-01-16,22.65220
2013-01-17,22.79150
2013-01-18,22.88430
2013-01-21,22.95100
2013-01-22,22.82360
2013-01-23,22.84860
2013-01-24,22.71060
2013-01-25,22.91840
2013-01-28,22.91650
2013-01-29,22.82040
2013-01-30,22.84360
2013-01-31,22.76140
2013-02-01,20.63030
2013-02-04,20.58110
2013-02-05,20.48050
2013-02-06,20.48570
2013-02-07,20.41720
2013-02-08,20.29510
2013-02-11,20.27350
2013-02-12,20.35570
2013-02-13,20.38680
2013-02-14,20.26360
2013-02-15,20.23280
2013-02-18,20.27170
2013-02-19,20.41390
2013-02-20,20.42600
2013-02-21,20.11180
2013-02-22,20.10470
2013-02-25,20.11790
2013-02-26,19.79950
2013-02-27,19.91730
2013-02-28,19.56560
2013-03-01,19.65420
2013-03-04,19.58330
2013-03-05,19.87440
2013-03-06,19.99290
2013-03-07,20.14630
2013-03-08,20.42640
2013-03-11,20.41250
2013-03-12,20.31950
2013-03-13,20.10470
2013-03-14,20.30560
2013-03-15,20.18120
2013-03-18,20.05810
2013-03-19,19.75220
2013-03-20,19.58550
2013-03-21,19.46330
2013-03-22,19.44710
2013-03-25,19.38660
2013-03-26,19.41450
2013-03-28,19.54780
2013-04-01,19.61900
2013-04-02,19.76380
2013-04-03,19.51390
2013-04-04,19.18970
2013-04-05,19.11880
2013-04-08,19.08400
2013-04-09,18.92430
2013-04-10,19.12950
2013-04-11,19.24270
2013-04-12,19.03140
2013-04-15,19.16120
2013-04-16,19.55730
2013-04-17,19.55620
2013-04-18,19.86220
2013-04-22,20.02950
2013-04-23,20.03790
2013-04-25,20.29230
2013-04-26,20.14840
2013-04-29,20.25490
2013-04-30,20.33630
2013-05-02,20.56510
2013-05-03,20.41750
2013-05-06,20.49300
2013-05-07,20.70710
2013-05-08,20.79530
2013-05-09,20.72420
2013-05-10,20.90220
2013-05-13,20.51350
2013-05-14,20.56240
2013-05-15,21.08360
2013-05-16,21.15810
2013-05-17,21.21840
2013-05-20,21.11550
2013-05-21,20.96460
2013-05-22,20.90400
2013-05-23,20.46020
2013-05-24,20.51960
2013-05-27,20.86030
2013-05-28,20.96360
2013-05-29,20.92820
2013-05-30,21.02560
2013-05-31,20.58370
2013-06-03,20.42920
2013-06-04,20.35650
2013-06-05,20.37360
2013-06-06,20.37370
2013-06-07,20.23500
2013-06-10,20.22690
2013-06-11,19.91970
2013-06-12,19.82050
2013-06-13,19.62270
2013-06-14,19.99010
2013-06-17,20.13610
2013-06-18,20.01220
2013-06-19,20.04400
2013-06-20,19.46930
2013-06-21,19.51120
2013-06-24,19.25150
2013-06-25,19.31570
2013-06-26,19.24000
2013-06-27,19.57340
2013-06-28,20.11680
2013-07-01,20.30690
2013-07-02,20.17270
2013-07-03,19.87130
2013-07-04,20.10930
2013-07-05,20.22410
2013-07-08,20.03950
2013-07-09,20.19570
2013-07-10,20.05550
2013-07-11,20.49720
2013-07-12,20.74720
2013-07-15,20.83080
2013-07-16,20.57950
2013-07-17,20.62980
2013-07-18,20.87440
2013-07-19,20.84320
2013-07-22,20.85300
2013-07-23,21.01270
2013-07-24,20.71200
2013-07-25,20.42350
2013-07-26,20.35230
2013-07-29,20.15980
2013-07-30,19.90140
2013-07-31,19.85110
2013-08-01,19.80180
2013-08-02,19.62910
2013-08-05,19.65530
2013-08-06,19.16370
2013-08-07,19.08480
2013-08-08,19.24300
2013-08-12,19.39990
2013-08-13,19.71010
2013-08-14,19.85770
2013-08-16,19.04590
2013-08-19,18.72670
2013-08-20,18.68180
2013-08-21,18.34020
2013-08-22,18.70900
2013-08-23,18.92350
2013-08-26,18.94050
2013-08-27,18.28980
2013-08-28,18.28460
2013-08-29,18.70330
2013-08-30,18.91540
2013-09-02,19.19310
2013-09-03,18.47560
2013-09-04,18.84540
2013-09-05,19.35570
2013-09-06,19.66600
2013-09-10,20.41450
2013-09-11,20.47430
2013-09-12,20.25390
2013-09-13,20.25720
2013-09-16,20.22290
2013-09-17,20.26170
2013-09-18,20.43170
2013-09-19,21.18220
2013-09-20,20.82040
2013-09-23,20.39770
2013-09-24,20.40380
2013-09-25,20.33400
2013-09-26,20.36160
2013-09-27,20.18940
2013-09-30,19.85230
2013-10-01,20.00450
2013-10-03,20.45300
2013-10-04,20.44240
2013-10-07,20.43710
2013-10-08,20.51260
2013-10-09,20.78660
2013-10-10,20.83300
2013-10-11,21.09140
2013-10-14,21.14730
2013-10-15,21.06380
2013-10-17,20.92750
2013-10-18,21.42290
2013-10-21,21.47680
2013-10-22,21.46950
2013-10-23,21.38410
2013-10-24,21.33870
2013-10-25,21.27740
2013-10-28,21.12410
2013-10-29,21.53990
2013-10-30,21.64500
2013-10-31,21.80800
2013-11-01,21.84340
2013-11-05,21.65470
2013-11-06,21.52450
2013-11-07,21.42940
2013-11-08,21.27110
2013-11-11,21.05860
2013-11-12,20.85130
2013-11-13,20.74970
2013-11-14,20.99210
2013-11-18,21.45210
2013-11-19,21.50140
2013-11-20,21.22320
2013-11-21,20.79250
2013-11-22,20.77290
2013-11-25,21.18480
2013-11-26,20.98860
2013-11-27,20.98170
2013-11-28,21.09850
2013-11-29,21.38580
2013-12-02,21.52880
2013-12-03,21.47400
2013-12-04,21.32950
2013-12-05,21.60710
2013-12-06,21.67410
2013-12-09,22.02000
2013-12-10,21.92570
2013-12-11,21.83960
2013-12-12,21.59160
2013-12-13,21.35550
2013-12-16,21.30470
2013-12-17,21.25080
2013-12-18,21.53050
2013-12-19,21.34610
2013-12-20,21.72140
2013-12-23,21.75670
2013-12-24,21.69970
2013-12-26,21.73250
2013-12-27,21.85030
2013-12-30,21.76700
2013-12-31,21.81470
2014-01-01,21.80960
2014-01-02,21.51950
2014-01-03,21.48710
2014-01-06,21.41930
2014-01-07,21.31700
2014-01-08,21.35520
2014-01-09,21.33110
2014-01-10,21.33230
2014-01-13,21.68690
2014-01-14,21.58150
2014-01-15,21.85300
2014-01-16,21.84610
2014-01-17,21.64380
2014-01-20,21.80370
2014-01-21,21.83690
2014-01-22,21.92790
2014-01-23,21.95060
2014-01-24,21.67500
2014-01-27,20.24260
2014-01-28,20.21230
2014-01-29,20.18430
2014-01-30,20.02360
2014-01-31,20.07950
2014-02-03,19.80060
2014-02-04,19.79690
2014-02-05,19.86210
2014-02-06,19.89970
2014-02-07,19.98850
2014-02-10,19.95880
2014-02-11,19.99220
2014-02-12,20.06830
2014-02-13,19.78880
2014-02-14,19.95080
2014-02-17,20.04340
2014-02-18,20.21790
2014-02-19,20.30080
2014-02-20,20.10500
2014-02-21,20.31200
2014-02-24,20.41310
2014-02-25,20.46050
2014-02-26,20.57730
2014-02-28,20.69250
2014-03-03,20.51370
2014-03-04,20.77790
2014-03-05,20.87140
2014-03-06,21.11390
2014-03-07,21.52370
2014-03-10,21.56210
2014-03-11,21.48280
2014-03-12,21.49970
2014-03-13,21.41680
2014-03-14,21.45790
2014-03-18,21.49440
2014-03-19,21.51650
2014-03-20,21.38350
2014-03-21,21.41460
2014-03-24,21.71330
2014-03-25,21.73100
2014-03-26,21.76320
2014-03-27,21.88650
2014-03-28,22.05710
2014-03-31,22.08970
2014-04-01,22.14470
2014-04-02,22.24890
2014-04-03,22.19330
2014-04-04,22.06720
2014-04-07,22.06590
2014-04-09,22.39810
2014-04-10,22.39170
2014-04-11,22.32640
2014-04-15,22.18090
2014-04-16,21.99200
2014-04-17,22.33460
2014-04-21,22.46320
2014-04-22,22.45330
2014-04-23,22.53420
2014-04-25,22.33450
2014-04-28,22.27400
2014-04-29,22.11580
2014-04-30,22.04380
2014-05-02,22.04160
2014-05-05,22.06050
2014-05-06,22.11250
2014-05-07,21.90380
2014-05-08,21.92220
2014-05-09,22.57510
2014-05-12,23.08210
2014-05-13,23.38460
2014-05-14,23.38950
2014-05-15,23.42600
2014-05-16,23.72830
2014-05-19,23.90310
2014-05-20,23.94960
2014-05-21,23.88060
2014-05-22,23.94950
2014-05-23,24.23690
2014-05-26,24.21090
2014-05-27,24.07890
2014-05-28,24.12050
2014-05-29,23.83330
2014-05-30,23.80460
2014-06-02,24.23930
2014-06-03,24.43850
2014-06-04,24.39340
2014-06-05,24.63240
2014-06-06,24.99500
2014-06-09,25.23320
2014-06-10,25.24260
2014-06-11,25.14410
2014-06-12,25.22790
2014-06-13,24.89340
2014-06-16,24.87450
2014-06-17,25.19670
2014-06-18,24.97800
2014-06-19,24.86550
2014-06-20,24.74760
2014-06-23,24.57710
2014-06-24,24.84980
2014-06-25,24.81370
2014-06-26,24.56480
2014-06-27,24.61520
2014-06-30,24.94940
2014-07-01,25.02630
2014-07-02,25.32200
2014-07-03,25.30120
2014-07-04,25.44540
2014-07-07,25.55880
2014-07-08,25.02230
2014-07-09,24.90240
2014-07-10,24.84510
2014-07-11,24.49400
2014-07-14,24.48130
2014-07-15,24.71770
2014-07-16,25.03880
2014-07-17,25.10030
2014-07-18,25.17550
2014-07-21,25.24450
2014-07-22,25.51860
2014-07-23,25.61160
2014-07-24,25.72740
2014-07-25,25.59710
2014-07-28,25.48180
2014-07-30,25.62280
2014-07-31,25.39120
2014-08-01,24.99970
2014-08-04,25.26640
2014-08-05,25.47490
2014-08-06,25.22990
2014-08-07,25.15460
2014-08-08,24.89270
2014-08-11,25.07800
2014-08-12,25.41210
2014-08-13,25.46630
2014-08-14,25.64120
2014-08-18,25.90810
2014-08-19,25.98760
2014-08-20,25.91580
2014-08-21,25.96910
2014-08-22,26.04240
2014-08-25,26.01680
2014-08-26,26.01050
2014-08-27,26.11740
2014-08-28,26.17610
2014-09-01,26.41650
2014-09-02,26.59470
2014-09-03,26.69650
2014-09-04,26.63880
2014-09-05,26.61190
2014-09-08,26.89810
2014-09-09,26.83000
2014-09-10,26.63690
2014-09-11,26.61010
2014-09-12,26.67450
2014-09-15,26.46330
2014-09-16,26.10510
2014-09-17,26.24350
2014-09-18,26.70040
2014-09-19,26.72050
2014-09-22,26.80480
2014-09-23,26.38190
2014-09-24,26.33150
2014-09-25,26.03370
2014-09-26,26.22050
2014-09-29,26.18210
2014-09-30,26.20080
2014-10-01,26.13830
2014-10-07,25.82500
2014-10-08,19.80080
2014-10-09,20.10240
2014-10-10,19.84730
2014-10-13,19.90920
2014-10-14,19.85950
2014-10-16,19.57620
2014-10-17,19.65190
2014-10-20,19.89610
2014-10-21,20.01660
2014-10-22,20.18510
2014-10-27,20.17270
2014-10-28,20.26570
2014-10-29,20.42150
2014-10-30,20.61240
2014-10-31,21.00080
2014-11-03,21.00930
2014-11-05,21.04660
2014-11-07,21.04430
2014-11-10,21.05970
2014-11-11,21.10530
2014-11-12,21.15790
2014-11-13,21.09120
2014-11-14,21.17360
2014-11-17,21.27490
2014-11-18,21.26240
2014-11-19,21.15290
2014-11-20,21.19610
2014-11-21,21.38140
2014-11-24,21.51180
2014-11-25,21.34280
2014-11-26,21.37480
2014-11-27,21.41880
2014-11-28,21.65400
2014-12-01,21.56990
2014-12-02,21.49390
2014-12-03,21.52400
2014-12-04,21.59140
2014-12-05,21.52640
2014-12-08,21.27610
2014-12-09,21.03080
2014-12-10,21.06790
2014-12-11,20.90920
2014-12-12,20.73720
2014-12-15,20.72400
2014-12-16,20.34780
2014-12-17,20.24900
2014-12-18,20.57170
2014-12-19,20.73560
2014-12-22,20.98230
2014-12-23,20.83770
2014-12-24,20.60960
2014-12-26,20.66890
2014-12-29,20.78260
2014-12-30,20.78720
2014-12-31,20.87020
2015-01-01,20.87470
2015-01-02,21.15520
2015-01-05,21.10750
2015-01-06,20.47370
2015-01-07,20.41270
2015-01-08,20.74080
2015-01-09,20.86830
2015-01-12,20.96580
2015-01-13,20.90100
2015-01-14,20.84900
2015-01-15,21.38980
2015-01-16,21.43920
2015-01-19,21.53210
2015-01-20,21.89530
2015-01-21,21.97770
2015-01-22,22.06210
2015-01-23,22.24640
2015-01-27,22.43630
2015-01-28,22.43990
2015-01-29,22.53070
2015-01-30,22.17770
2015-02-02,22.14750
2015-02-03,22.04340
2015-02-04,21.96370
2015-02-05,21.92970
2015-02-06,21.80530
2015-02-09,21.46300
2015-02-10,21.56400
2015-02-11,21.71840
2015-02-12,21.92860
2015-02-13,22.16310
2015-02-16,22.17270
2015-02-18,22.32100
2015-02-19,22.38720
2015-02-20,22.23090
2015-02-23,22.02830
2015-02-24,22.05060
2015-02-25,22.05540
2015-02-26,16.68160
2015-02-27,16.99080
2015-03-02,17.21890
2015-03-03,17.31260
2015-03-04,17.16690
2015-03-05,17.23710
2015-03-09,16.88510
2015-03-10,16.80340
2015-03-11,16.78060
2015-03-12,16.92560
2015-03-13,16.67760
2015-03-16,16.65000
2015-03-17,16.82010
2015-03-18,16.74830
2015-03-19,16.64650
2015-03-20,16.54030
2015-03-23,16.49820
2015-03-24,16.48900
2015-03-25,16.46290
2015-03-26,16.10070
2015-03-27,16.09620
2015-03-30,16.38240
2015-03-31,16.37500
2015-04-01,16.55890
2015-04-06,16.69830
2015-04-07,16.70130
2015-04-08,16.80500
2015-04-09,16.92600
2015-04-10,16.92960
2015-04-13,17.03110
2015-04-15,16.87050
2015-04-16,16.78430
2015-04-17,16.59120
2015-04-20,16.28400
2015-04-21,16.14820
2015-04-22,16.24900
2015-04-23,16.18510
2015-04-24,16.00760
2015-04-27,15.83040
2015-04-28,15.96840
2015-04-29,15.87890
2015-04-30,15.76650
2015-05-04,16.05200
2015-05-05,16.03760
2015-05-06,15.59770
2015-05-07,15.52140
2015-05-08,15.78690
2015-05-11,16.04320
2015-05-12,15.65990
2015-05-13,15.86940
2015-05-14,15.84750
2015-05-15,15.91910
2015-05-18,16.13460
2015-05-19,16.11910
2015-05-20,16.23060
2015-05-21,16.21460
2015-05-22,16.28630
2015-05-25,16.11940
2015-05-26,16.04950
2015-05-27,16.03990
2015-05-28,16.01190
2015-05-29,16.23540
2015-06-01,16.23350
2015-06-02,15.85570
2015-06-03,15.68260
2015-06-04,15.69020
2015-06-05,15.66130
2015-06-08,15.52660
2015-06-09,15.48730
2015-06-10,15.67870
2015-06-11,15.37320
2015-06-12,15.40720
2015-06-15,15.47990
2015-06-16,15.54660
2015-06-17,15.62800
2015-06-18,15.78600
2015-06-19,15.89410
2015-06-22,16.13750
2015-06-23,16.19010
2015-06-24,16.13290
2015-06-25,16.20670
2015-06-26,16.16080
2015-06-29,16.04460
2015-06-30,16.14560
2015-07-01,16.29020
2015-07-02,16.27020
2015-07-03,16.35380
2015-07-06,16.43710
2015-07-07,16.40690
2015-07-08,16.11910
2015-07-09,16.06130
2015-07-10,16.12840
2015-07-13,16.31900
2015-07-14,16.30300
2015-07-15,16.44920
2015-07-16,16.61420
2015-07-17,16.61610
2015-07-20,16.60850
2015-07-21,16.46110
2015-07-22,16.66150
2015-07-23,16.58180
2015-07-24,16.44980
2015-07-27,16.14120
2015-07-28,16.09580
2015-07-29,16.16390
2015-07-30,16.25110
2015-07-31,16.46400
2015-08-03,16.47600
2015-08-04,16.43190
2015-08-05,16.52790
2015-08-06,16.56880
2015-08-07,16.52590
2015-08-10,16.44650
2015-08-11,16.32920
2015-08-12,16.10640
2015-08-13,16.12410
2015-08-14,16.43820
2015-08-17,16.35390
2015-08-18,16.33520
2015-08-19,16.38850
2015-08-20,16.15140
2015-08-21,16.01060
2015-08-24,15.06070
2015-08-25,15.20660
2015-08-26,15.03410
2015-08-27,15.33340
2015-08-28,15.42740
2015-08-31,15.37240
2015-09-01,15.01460
2015-09-02,14.88690
2015-09-03,15.09070
2015-09-04,14.76300
2015-09-07,14.58290
2015-09-08,14.83910
2015-09-09,15.08060
2015-09-10,15.02700
2015-09-11,15.02040
2015-09-14,15.18250
2015-09-15,15.09790
2015-09-16,15.23210
2015-09-18,15.39410
2015-09-21,15.38760
2015-09-22,15.06110
2015-09-23,15.13850
2015-09-24,15.17120
2015-09-28,15.03350
2015-09-29,15.12620
2015-09-30,15.32900
2015-10-01,15.33040
2015-10-05,15.64970
2015-10-06,15.71180
2015-10-07,15.76360
2015-10-08,15.67660
2015-10-09,15.78700
2015-10-12,15.69450
2015-10-13,15.67230
2015-10-14,15.63090
2015-10-15,15.76560
2015-10-16,15.89470
2015-10-19,15.95170
2015-10-20,15.92440
2015-10-21,15.91600
2015-10-23,16.00180
2015-10-26,15.93330
2015-10-27,15.88610
2015-10-28,15.76020
2015-10-29,15.63900
2015-10-30,15.55030
2015-11-02,15.52200
2015-11-03,12.33870
2015-11-04,12.33290
2015-11-05,12.20480
2015-11-06,12.19870
2015-11-09,12.13860
2015-11-10,11.93990
2015-11-13,11.89850
2015-11-16,11.96950
2015-11-17,12.01510
2015-11-18,11.84850
2015-11-19,12.02390
2015-11-20,12.03830
2015-11-23,12.03000
2015-11-24,12.00250
2015-11-26,12.08270
2015-11-27,12.16790
2015-11-30,12.16030
2015-12-01,12.18650
2015-12-02,12.14980
2015-12-03,12.04530
2015-12-04,11.92320
2015-12-07,11.89950
2015-12-08,11.79720
2015-12-09,11.66200
2015-12-10,11.76850
2015-12-11,11.65470
2015-12-14,11.71490
2015-12-15,11.78950
2015-12-16,11.86530
2015-12-17,12.00950
2015-12-18,11.88850
2015-12-21,11.99430
2015-12-22,11.91830
2015-12-23,12.03960
2015-12-24,12.03710
2015-12-28,12.12420
2015-12-29,12.13820
2015-12-30,12.08910
2015-12-31,12.15370
2016-01-01,12.18460
2016-01-04,11.92300
2016-01-05,11.91270
2016-01-06,11.84240
2016-01-07,11.58070
2016-01-08,11.62690
2016-01-11,11.57700
2016-01-12,11.49700
2016-01-13,11.57100
2016-01-14,11.52940
2016-01-15,11.37760
2016-01-18,11.25370
2016-01-19,11.37580
2016-01-20,11.18240
2016-01-21,11.14160
2016-01-22,11.36230
2016-01-25,11.38040
2016-01-27,11.38180
2016-01-28,11.36900
2016-01-29,11.57110
2016-02-01,11.56130
2016-02-02,11.41470
2016-02-03,11.27350
2016-02-04,11.33670
2016-02-05,11.47160
2016-02-08,11.31050
2016-02-09,11.18310
2016-02-10,11.05940
2016-02-11,10.69130
2016-02-12,10.69560
2016-02-15,10.96910
2016-02-16,10.79770
2016-02-17,10.89130
2016-02-18,11.01240
2016-02-19,11.04300
2016-02-22,11.08160
2016-02-23,10.89250
2016-02-24,10.75390
2016-02-25,10.68460
2016-02-26,10.77130
2016-02-29,10.70610
2016-03-01,11.05800
2016-03-02,11.27660
2016-03-03,11.43160
2016-03-04,11.44720
2016-03-08,11.44420
2016-03-09,11.53060
2016-03-10,11.45850
2016-03-11,11.49720
2016-03-14,11.55480
2016-03-15,11.44320
2016-03-16,11.50560
2016-03-17,11.52060
2016-03-18,11.66070
2016-03-21,11.81910
2016-03-22,11.83690
2016-03-23,11.84130
2016-03-28,11.68930
2016-03-29,10.51100
2016-03-30,10.70570
2016-03-31,10.70830
2016-04-01,10.67200
2016-04-04,10.73390
2016-04-05,10.51580
2016-04-06,10.53110
2016-04-07,10.43720
2016-04-08,10.44990
2016-04-11,10.61120
2016-04-12,10.65850
2016-04-13,10.85150
2016-04-18,10.94760
2016-04-20,10.95080
2016-04-21,10.94330
2016-04-22,10.92850
2016-04-25,10.86690
2016-04-26,11.01750
2016-04-27,11.03960
2016-04-28,10.85510
2016-04-29,10.85510
2016-05-02,10.79180
2016-05-03,10.71140
2016-05-04,10.65250
2016-05-05,10.69600
2016-05-06,10.69080
2016-05-09,10.87700
2016-05-10,10.90320
2016-05-11,10.84520
2016-05-12,10.91930
2016-05-13,10.79760
2016-05-16,10.86390
2016-05-17,10.90220
2016-05-18,10.87150
2016-05-19,10.74940
2016-05-20,10.70700
2016-05-23,10.68130
2016-05-24,10.70470
2016-05-25,10.95720
2016-05-26,11.13590
2016-05-27,11.26050
2016-05-30,11.30570
2016-05-31,11.28500
2016-06-01,11.30750
2016-06-02,11.36430
2016-06-03,11.36680
2016-06-06,11.34820
2016-06-07,11.43450
2016-06-08,11.44190
2016-06-09,11.35940
2016-06-10,11.31120
2016-06-13,11.22810
2016-06-14,11.22320
2016-06-15,11.35880
2016-06-16,11.27890
2016-06-17,11.31510
2016-06-20,11.41270
2016-06-21,11.38440
2016-06-22,11.36270
2016-06-23,11.45890
2016-06-24,11.20320
2016-06-27,11.21520
2016-06-28,11.25970
2016-06-29,11.36790
2016-06-30,11.48220
2016-07-01,11.53630
2016-07-04,11.59220
2016-07-05,11.54430
2016-07-07,11.55000
2016-07-08,11.52720
2016-07-11,11.72730
2016-07-12,11.79590
2016-07-13,11.79140
2016-07-14,11.85820
2016-07-15,11.83260
2016-07-18,11.78760
2016-07-19,11.81530
2016-07-20,11.86890
2016-07-21,11.79110
2016-07-22,11.83530
2016-07-25,11.96390
2016-07-26,11.90140
2016-07-27,11.93540
2016-07-28,12.00750
2016-07-29,11.97320
2016-08-01,11.96980
2016-08-02,11.94880
2016-08-03,11.84110
2016-08-04,11.85150
2016-08-05,12.02910
2016-08-08,12.06980
2016-08-09,12.02260
2016-08-10,11.88100
2016-08-11,11.90420
2016-08-12,12.01080
2016-08-16,11.97280
2016-08-17,11.94460
2016-08-18,12.01780
2016-08-19,12.00850
2016-08-22,11.95440
2016-08-23,11.96050
2016-08-24,11.98350
2016-08-25,11.90190
2016-08-26,11.87450
2016-08-29,11.92000
2016-08-30,12.11040
2016-08-31,12.16970
2016-09-01,12.14900
2016-09-02,12.19640
2016-09-06,12.37510
2016-09-07,12.34690
2016-09-08,12.39500
2016-09-09,12.27920
2016-09-12,12.06730
2016-09-14,12.08750
2016-09-15,12.10740
2016-09-16,12.15780
2016-09-19,12.19600
2016-09-20,12.15370
2016-09-21,12.15500
2016-09-22,12.27580
2016-09-23,12.22450
2016-09-26,12.07460
2016-09-27,12.05090
2016-09-28,12.10560
2016-09-29,11.88770
2016-09-30,11.90970
2016-10-03,12.08570
2016-10-04,12.12560
2016-10-05,12.09130
2016-10-06,12.04060
2016-10-07,12.02540
2016-10-10,12.04270
2016-10-13,11.84840
2016-10-14,11.86680
2016-10-17,11.77490
2016-10-18,11.99170
2016-10-19,11.96730
2016-10-20,12.02320
2016-10-21,12.02080
2016-10-24,12.04510
2016-10-25,12.02060
2016-10-26,11.91010
2016-10-27,11.91020
2016-10-28,11.93760
2016-11-01,11.92220
2016-11-02,11.76900
2016-11-03,11.73270
2016-11-04,11.66020
2016-11-07,11.74660
2016-11-08,11.80990
2016-11-09,11.65990
2016-11-10,11.78750
2016-11-11,11.47660
2016-11-15,11.22220
2016-11-16,11.21900
2016-11-17,11.17590
2016-11-18,11.16500
2016-11-21,10.97030
2016-11-22,11.06660
2016-11-23,11.10430
2016-11-24,11.01820
2016-11-25,11.20530
2016-11-28,11.22780
2016-11-29,11.25120
2016-11-30,11.36600
2016-12-01,11.31810
2016-12-02,11.17500
2016-12-05,11.23740
2016-12-06,11.25380
2016-12-07,11.19570
2016-12-08,11.39020
2016-12-09,11.41310
2016-12-12,11.28840
2016-12-13,11.35600
2016-12-14,11.30540
2016-12-15,11.26730
2016-12-16,11.24370
2016-12-19,11.19980
2016-12-20,11.16890
2016-12-21,11.14030
2016-12-22,11.02630
2016-12-23,11.03270
2016-12-26,10.92600
2016-12-27,11.09350
2016-12-28,11.09400
2016-12-29,11.18400
2016-12-30,11.29100
2017-01-02,11.28670
2017-01-03,11.30160
2017-01-04,11.30360
2017-01-05,11.41880
2017-01-06,11.37980
2017-01-09,11.36580
2017-01-10,11.43480
2017-01-11,11.56020
2017-01-12,11.59850
2017-01-13,11.59130
2017-01-16,11.60890
2017-01-17,11.58580
2017-01-18,11.61230
2017-01-19,11.63600
2017-01-20,11.51960
2017-01-23,11.57750
2017-01-24,11.69100
2017-01-25,11.85420
2017-01-27,11.91410
2017-01-30,11.89970
2017-01-31,11.80030
2017-02-01,12.01410
2017-02-02,12.03680
2017-02-03,12.04720
2017-02-06,12.13070
2017-02-07,12.08740
2017-02-08,12.09200
2017-02-09,12.10200
2017-02-10,12.12160
2017-02-13,12.13470
2017-02-14,12.12150
2017-02-15,12.02910
2017-02-16,12.09970
2017-02-17,12.15770
2017-02-20,12.23310
2017-02-21,12.27480
2017-02-22,12.29780
2017-02-23,12.31230
2017-02-27,12.25470
2017-02-28,12.23790
2017-03-01,12.32700
2017-03-02,12.25960
2017-03-03,12.25960
2017-03-06,12.34710
2017-03-07,12.32830
2017-03-08,12.29690
2017-03-09,12.30150
2017-03-10,12.31040
2017-03-14,12.51920
2017-03-15,12.51870
2017-03-16,11.74310
2017-03-17,11.74750
2017-03-20,11.71030
2017-03-21,11.70140
2017-03-22,11.58580
2017-03-23,11.65760
2017-03-24,11.68320
2017-03-27,11.60800
2017-03-28,11.67460
2017-03-29,11.72690
2017-03-30,11.75830
2017-03-31,11.76100
2017-04-03,11.84200
2017-04-05,11.87540
2017-04-06,11.86780
2017-04-07,11.78870
2017-04-10,11.77250
2017-04-11,11.84250
2017-04-12,11.79760
2017-04-13,11.73460
2017-04-17,11.71910
2017-04-18,11.67210
2017-04-19,11.67480
2017-04-20,11.71500
2017-04-21,11.68730
2017-04-24,11.81190
2017-04-25,11.91880
2017-04-26,11.97660
2017-04-27,11.96460
2017-04-28,11.92130
2017-05-02,11.93270
2017-05-03,11.93160
2017-05-04,11.98970
2017-05-05,11.90060
2017-05-08,11.93670
2017-05-09,11.94180
2017-05-10,12.04960
2017-05-11,12.07080
2017-05-12,12.04310
2017-05-15,12.09800
2017-05-16,12.18450
2017-05-17,12.20140
2017-05-18,12.08030
2017-05-19,12.08060
2017-05-22,12.09040
2017-05-23,12.02340
2017-05-24,11.99160
2017-05-25,12.16970
2017-05-26,12.28060
2017-05-29,12.30140
2017-05-30,12.32470
2017-05-31,12.32370
2017-06-01,12.32770
2017-06-02,12.37060
2017-06-05,12.41720
2017-06-06,12.37290
2017-06-07,12.40370
2017-06-08,12.38500
2017-06-09,12.40930
2017-06-12,12.33940
2017-06-13,12.33160
2017-06-14,12.34990
2017-06-15,12.30140
2017-06-16,12.30920
2017-06-19,12.40080
2017-06-20,12.40050
2017-06-21,12.37560
2017-06-22,12.36630
2017-06-23,12.31350
2017-06-27,12.22700
2017-06-28,12.20210
2017-06-29,12.22000
2017-06-30,12.23610
2017-07-03,12.36090
2017-07-04,12.36000
2017-07-05,12.39050
2017-07-06,12.43920
2017-07-07,12.42900
2017-07-10,12.56590
2017-07-11,12.58270
2017-07-12,12.62250
2017-07-13,12.72180
2017-07-14,12.72650
2017-07-17,12.76700
2017-07-18,12.65480
2017-07-19,12.74790
2017-07-20,12.71480
2017-07-21,12.76190
2017-07-24,12.82730
2017-07-25,12.83200
2017-07-26,12.90160
2017-07-27,12.90330
2017-07-28,12.89070
2017-07-31,12.97250
2017-08-01,13.01920
2017-08-02,12.97650
2017-08-03,12.89300
2017-08-04,12.96480
2017-08-07,12.95180
2017-08-08,12.84590
2017-08-09,12.75530
2017-08-10,12.64820
2017-08-11,12.50990
2017-08-14,12.61300
2017-08-16,12.74040
2017-08-17,12.74810
2017-08-18,12.66700
2017-08-21,12.55950
2017-08-22,12.57540
2017-08-23,12.68410
2017-08-24,12.69470
2017-08-28,12.76230
2017-08-29,12.61270
2017-08-30,12.72440
2017-08-31,12.76330
2017-09-01,12.83900
2017-09-04,12.75550
2017-09-05,12.80710
2017-09-06,12.76110
2017-09-07,12.78160
2017-09-08,12.78470
2017-09-11,12.87880
2017-09-12,12.98890
2017-09-13,12.97080
2017-09-14,12.98500
2017-09-15,12.97950
2017-09-18,13.06780
2017-09-19,13.06010
2017-09-20,13.05340
2017-09-21,13.02720
2017-09-22,12.82630
2017-09-25,12.70580
2017-09-26,12.70200
2017-09-27,12.52960
2017-09-28,12.56640
2017-09-29,12.59130
2017-10-03,12.68030
2017-10-04,12.75150
2017-10-05,12.71740
2017-10-06,12.83420
2017-10-09,12.84530
2017-10-10,12.87900
2017-10-11,12.83710
2017-10-12,12.97940
2017-10-13,13.07060
2017-10-16,13.15050
2017-10-17,13.15420
2017-10-18,13.12280
2017-10-23,13.08670
2017-10-24,13.11750
2017-10-25,13.23720
2017-10-26,13.29460
2017-10-27,13.26980
2017-10-30,13.31880
2017-10-31,13.29060
2017-11-01,13.42720
2017-11-02,13.40490
2017-11-03,13.44480
2017-11-06,13.44480
2017-11-07,13.31880
2017-11-08,13.25660
2017-11-09,13.26470
2017-11-10,13.27660
2017-11-13,13.15940
2017-11-14,13.10950
2017-11-15,13.02040
2017-11-16,13.14120
2017-11-17,13.22150
2017-11-20,13.23810
2017-11-21,13.27460
2017-11-22,13.29260
2017-11-23,13.30140
2017-11-24,13.35320
2017-11-27,13.36430
2017-11-28,13.32520
2017-11-29,13.31180
2017-11-30,13.14450
2017-12-01,13.00680
2017-12-04,13.01420
2017-12-05,13.00240
2017-12-06,12.90720
2017-12-07,13.06610
2017-12-08,13.18850
2017-12-11,13.26160
2017-12-12,13.15690
2017-12-13,13.09580
2017-12-14,13.17080
2017-12-15,13.26910
2017-12-18,13.33750
2017-12-19,13.42960
2017-12-20,13.41130
2017-12-21,13.40910
2017-12-22,13.47290
2017-12-26,13.51610
2017-12-27,13.46670
2017-12-28,13.44780
2017-12-29,13.51120
2018-01-01,13.40130
2018-01-02,13.39830
2018-01-03,13.39960
2018-01-04,13.47750
2018-01-05,13.54360
2018-01-08,13.62230
2018-01-09,13.63860
2018-01-10,13.63230
2018-01-11,13.65500
2018-01-12,13.69270
2018-01-15,13.76700
2018-01-16,13.71480
2018-01-17,13.82810
2018-01-18,13.86330
2018-01-19,13.96500
2018-01-22,14.05490
2018-01-23,14.20350
2018-01-24,14.20740
2018-01-25,14.17680
2018-01-29,14.25510
2018-01-30,14.15690
2018-01-31,14.12800
2018-02-01,14.11290
2018-02-02,13.78310
2018-02-05,13.66730
2018-02-06,13.45250
2018-02-07,13.42360
2018-02-08,13.55860
2018-02-09,13.40720
2018-02-12,13.51130
2018-02-14,13.45740
2018-02-15,13.51690
2018-02-16,13.39690
2018-02-19,13.30070
2018-02-20,13.27510
2018-02-21,13.32300
2018-02-22,13.30480
2018-02-23,13.44410
2018-02-26,13.56050
2018-02-27,13.52280
2018-02-28,13.45060
2018-03-01,13.40200
2018-03-05,13.27490
2018-03-06,13.13420
2018-03-07,13.01720
2018-03-08,13.12540
2018-03-09,13.10180
2018-03-12,13.35320
2018-03-13,13.35980
2018-03-14,13.34190
2018-03-15,13.27370
2018-03-16,13.07210
2018-03-19,12.94170
2018-03-20,12.98920
2018-03-21,11.68830
2018-03-22,11.64260
2018-03-23,11.50650
2018-03-26,11.65790
2018-03-27,11.71890
2018-03-28,11.63190
2018-04-02,11.74170
2018-04-03,11.77880
2018-04-04,11.64390
2018-04-05,11.86850
2018-04-06,11.87430
2018-04-09,11.92540
2018-04-10,11.95240
2018-04-11,11.96830
2018-04-12,12.01460
2018-04-13,12.03980
2018-04-16,12.09400
2018-04-17,12.11450
2018-04-18,12.08990
2018-04-19,12.13500
2018-04-20,12.13430
2018-04-23,12.15440
2018-04-24,12.18840
2018-04-25,12.13710
2018-04-26,12.18930
2018-04-27,12.27600
2018-04-30,12.33010
2018-05-02,12.30350
2018-05-03,12.25990
2018-05-04,12.19080
2018-05-07,12.29950
2018-05-08,12.30120
2018-05-09,12.32980
2018-05-10,12.29840
2018-05-11,12.40190
2018-05-14,12.40050
2018-05-15,12.39620
2018-05-16,12.32680
2018-05-17,12.25890
2018-05-18,12.15770
2018-05-21,12.06810
2018-05-22,12.09040
2018-05-23,11.96550
2018-05-24,12.06000
2018-05-25,12.17620
2018-05-28,12.27000
2018-05-29,12.20560
2018-05-30,12.18460
2018-05-31,12.32900
2018-06-01,12.28600
2018-06-04,12.20770
2018-06-05,12.17270
2018-06-06,12.27210
2018-06-07,12.36280
2018-06-08,12.36140
2018-06-11,12.38580
2018-06-12,12.44870
2018-06-13,12.46300
2018-06-14,12.42560
2018-06-15,12.43520
2018-06-18,12.41330
2018-06-19,12.31480
2018-06-20,12.39640
2018-06-21,12.35950
2018-06-22,12.45380
2018-06-25,12.38320
2018-06-26,12.39100
2018-06-27,12.28480
2018-06-28,12.18780
2018-06-29,12.33050
2018-07-02,12.26810
2018-07-03,12.31920
2018-07-04,12.39620
2018-07-05,12.37760
2018-07-06,12.40350
2018-07-09,12.49670
2018-07-10,12.60500
2018-07-11,12.60360
2018-07-12,12.69160
2018-07-13,12.68730
2018-07-16,12.59360
2018-07-17,12.67660
2018-07-18,12.64320
2018-07-19,12.62830
2018-07-20,12.68790
2018-07-23,12.77330
2018-07-24,12.82970
2018-07-25,12.82730
2018-07-26,12.87030
2018-07-27,12.99720
2018-07-30,13.04260
2018-07-31,13.08380
2018-08-01,13.07210
2018-08-02,12.95850
2018-08-03,13.09060
2018-08-06,13.11890
2018-08-07,13.12150
2018-08-08,13.18940
2018-08-09,13.21340
2018-08-10,13.16500
2018-08-13,13.08200
2018-08-14,13.18070
2018-08-16,13.12180
2018-08-17,13.21870
2018-08-20,13.31300
2018-08-21,13.33280
2018-08-23,13.34460
2018-08-24,13.31780
2018-08-27,13.47050
2018-08-28,13.52350
2018-08-29,13.47050
2018-08-30,13.45230
2018-08-31,13.45880
2018-09-03,13.34730
2018-09-04,13.27490
2018-09-05,13.22480
2018-09-06,13.29330
2018-09-07,13.35290
2018-09-10,13.18380
2018-09-11,13.01360
2018-09-12,13.10670
2018-09-14,13.26620
2018-09-17,13.11220
2018-09-18,12.99880
2018-09-19,12.94910
2018-09-21,12.84210
2018-09-24,12.63760
2018-09-25,12.75100
2018-09-26,12.73450
2018-09-27,12.64450
2018-09-28,12.58680
2018-10-01,12.67530
2018-10-03,12.50580
2018-10-04,12.21810
2018-10-05,11.89970
2018-10-08,11.93490
2018-10-09,11.87840
2018-10-10,12.05820
2018-10-11,11.80470
2018-10-12,12.07450
2018-10-15,12.11870
2018-10-16,12.20150
2018-10-17,12.04960
2018-10-19,11.87980
2018-10-22,11.81010
2018-10-23,11.70280
2018-10-24,11.79190
2018-10-25,11.68610
2018-10-26,11.57580
2018-10-29,11.82630
2018-10-30,11.76620
2018-10-31,11.97520
2018-11-01,11.97320
2018-11-02,12.16730
2018-11-05,12.13540
2018-11-06,12.14160
2018-11-09,12.20700
2018-11-12,12.08630
2018-11-13,12.20290
2018-11-14,12.19480
2018-11-15,12.23840
2018-11-16,12.31150
2018-11-19,12.40460
2018-11-20,12.28550
2018-11-21,12.22350
2018-11-22,12.13690
2018-11-26,12.25320
2018-11-27,12.31480
2018-11-28,12.36140
2018-11-29,12.50740
2018-11-30,12.52630
2018-12-03,12.53770
2018-12-04,12.52090
2018-12-05,12.42310
2018-12-06,12.21120
2018-12-07,12.32040
2018-12-10,12.08310
2018-12-11,12.15350
2018-12-12,12.37100
2018-12-13,12.42990
2018-12-14,12.44140
2018-12-17,12.53760
2018-12-18,12.56100
2018-12-19,12.62670
2018-12-20,12.61040
2018-12-21,12.38360
2018-12-24,12.28090
2018-12-26,12.35690
2018-12-27,12.40620
2018-12-28,12.50470
2018-12-31,12.50920
2019-01-01,12.56240
2019-01-02,12.42560
2019-01-03,12.29060
2019-01-04,12.35390
2019-01-07,12.40030
2019-01-08,12.43750
2019-01-09,12.49370
2019-01-10,12.45810
2019-01-11,12.42670
2019-01-14,12.36150
2019-01-15,12.53290
2019-01-16,12.53440
2019-01-17,12.55000
2019-01-18,12.55160
2019-01-21,12.61170
2019-01-22,12.56820
2019-01-23,12.46650
2019-01-24,12.48970
2019-01-25,12.40790
2019-01-28,12.27480
2019-01-29,12.26510
2019-01-30,12.25970
2019-01-31,12.46160
2019-02-01,12.53190
2019-02-04,12.55410
2019-02-05,12.57760
2019-02-06,12.72880
2019-02-07,12.73650
2019-02-08,12.58970
2019-02-11,12.53100
2019-02-12,12.46820
2019-02-13,12.42530
2019-02-14,12.37300
2019-02-15,12.34500
2019-02-18,12.25000
2019-02-19,12.20700
2019-02-20,12.35950
2019-02-21,12.42340
2019-02-22,12.42580
2019-02-25,12.52530
2019-02-26,12.47070
2019-02-27,12.44000
2019-02-28,12.42890
2019-03-01,12.50770
2019-03-05,12.64680
2019-03-06,12.71910
2019-03-07,12.72650
2019-03-08,12.69960
2019-03-11,12.85050
2019-03-12,13.00360
2019-03-13,13.04870
2019-03-14,13.05550
2019-03-15,13.15280
2019-03-18,13.19080
2019-03-19,13.27210
2019-03-20,13.25810
2019-03-22,13.18580
2019-03-25,13.06920
2019-03-26,13.21840
2019-03-27,13.17150
2019-03-28,13.31150
2019-03-29,13.36830
2019-04-02,12.39230
2019-04-03,12.32250
2019-04-04,12.27390
2019-04-05,12.34650
2019-04-08,12.27950
2019-04-09,12.34940
2019-04-10,12.25800
2019-04-11,12.27120
2019-04-12,12.31850
2019-04-15,12.36430
2019-04-16,12.46730
2019-04-18,12.42970
2019-04-22,12.26470
2019-04-23,12.24440
2019-04-24,12.40080
2019-04-25,12.31260
2019-04-26,12.42750
2019-04-30,12.41870
2019-05-02,12.39370
2019-05-03,12.37990
2019-05-06,12.26040
2019-05-07,12.15740
2019-05-08,12.01470
2019-05-09,11.95320
2019-05-10,11.92670
2019-05-13,11.78970
2019-05-14,11.86690
2019-05-15,11.79870
2019-05-16,11.90470
2019-05-17,12.05830
2019-05-20,12.49600
2019-05-21,12.36720
2019-05-22,12.41340
2019-05-23,12.32760
2019-05-24,12.52410
2019-05-27,12.60480
2019-05-28,12.61150
2019-05-29,12.53850
2019-05-30,12.62550
2019-05-31,12.59750
2019-06-03,12.77450
2019-06-04,12.70960
2019-06-06,12.52360
2019-06-07,12.55090
2019-06-10,12.60310
2019-06-11,12.64810
2019-06-12,12.58610
2019-06-13,12.60410
2019-06-14,12.51000
2019-06-17,12.35320
2019-06-18,12.37160
2019-06-19,12.37240
2019-06-20,12.52850
2019-06-21,12.41730
2019-06-24,12.39020
2019-06-25,12.48980
2019-06-26,12.54260
2019-06-27,12.53620
2019-06-28,12.47920
2019-07-01,12.55660
2019-07-02,12.60190
2019-07-03,12.60850
2019-07-04,12.64220
2019-07-05,12.49680
2019-07-08,12.23000
2019-07-09,12.22600
2019-07-10,12.16670
2019-07-11,12.25720
2019-07-12,12.22670
2019-07-15,12.26570
2019-07-16,12.34390
2019-07-17,12.37020
2019-07-18,12.27930
2019-07-19,12.10280
2019-07-22,12.02990
2019-07-23,12.01320
2019-07-24,11.95760
2019-07-25,11.93970
2019-07-26,11.97220
2019-07-29,11.87250
2019-07-30,11.76320
2019-07-31,11.79750
2019-08-01,11.65930
2019-08-02,11.68200
2019-08-05,11.54470
2019-08-06,11.63320
2019-08-07,11.53540
2019-08-08,11.72420
2019-08-09,11.80300
2019-08-13,11.61290
2019-08-14,11.72370
2019-08-16,11.74460
2019-08-19,11.75100
2019-08-20,11.71440
2019-08-21,11.61500
2019-08-22,11.43060
2019-08-23,11.52460
2019-08-26,11.75840
2019-08-27,11.80740
2019-08-28,11.74680
2019-08-29,11.64700
2019-08-30,11.72090
2019-09-03,11.49200
2019-09-04,11.54020
2019-09-05,11.54250
2019-09-06,11.64490
2019-09-09,11.70400
2019-09-11,11.73870
2019-09-12,11.68090
2019-09-13,11.78220
2019-09-16,11.70270
2019-09-17,11.50630
2019-09-18,11.53040
2019-09-19,11.38670
2019-09-20,11.98670
2019-09-23,12.32930
2019-09-24,12.31970
2019-09-25,12.16570
2019-09-26,12.29890
2019-09-27,12.23940
2019-09-30,12.20150
2019-10-01,12.08420
2019-10-03,12.03210
2019-10-04,11.88350
2019-10-07,11.83150
2019-10-09,12.02820
2019-10-10,11.94300
2019-10-11,12.01520
2019-10-14,12.05080
2019-10-15,12.14540
2019-10-16,12.18310
2019-10-17,12.32240
2019-10-18,12.40130
2019-10-22,12.32820
2019-10-23,12.35030
2019-10-24,12.32920
2019-10-25,12.32990
2019-10-29,12.53970
2019-10-30,12.59760
2019-10-31,12.63130
2019-11-01,12.64490
2019-11-04,12.69880
2019-11-05,12.67380
2019-11-06,12.72590
2019-11-07,12.77430
2019-11-08,12.66500
2019-11-11,12.66910
2019-11-13,12.59130
2019-11-14,12.62570
2019-11-15,12.65290
2019-11-18,12.63940
2019-11-19,12.69550
2019-11-20,12.75870
2019-11-21,12.72440
2019-11-22,12.66660
2019-11-25,12.83680
2019-11-26,12.80050
2019-11-27,12.86290
2019-11-28,12.91250
2019-11-29,12.81410
2019-12-02,12.80540
2019-12-03,12.75030
2019-12-04,12.80050
2019-12-05,12.77300
2019-12-06,12.67290
2019-12-09,12.68830
2019-12-10,12.60690
2019-12-11,12.66130
2019-12-12,12.72980
2019-12-13,12.84900
2019-12-16,12.81130
2019-12-17,12.92740
2019-12-18,12.98760
2019-12-19,13.02680
2019-12-20,13.04070
2019-12-23,13.03040
2019-12-24,12.98060
2019-12-26,12.88580
2019-12-27,13.01120
2019-12-30,13.02200
2019-12-31,12.93000
2020-01-01,12.94310
2020-01-02,13.04690
2020-01-03,12.98590
2020-01-06,12.74340
2020-01-07,12.80620
2020-01-08,12.77570
2020-01-09,12.97680
2020-01-10,13.01680
2020-01-13,13.09240
2020-01-14,13.12690
2020-01-15,13.10690
2020-01-16,13.11840
2020-01-17,13.11670
2020-01-20,12.98370
2020-01-21,12.92540
2020-01-22,12.86010
2020-01-23,12.93530
2020-01-24,13.00700
2020-01-27,12.86700
2020-01-28,12.80250
2020-01-29,12.87830
2020-01-30,12.77770
2020-01-31,12.70150
2020-02-03,12.43340
2020-02-04,12.70970
2020-02-05,12.82400
2020-02-06,12.87360
2020-02-07,12.83080
2020-02-10,12.76380
2020-02-11,12.84520
2020-02-12,12.94390
2020-02-13,12.91170
2020-02-14,12.84930
2020-02-17,12.78280
2020-02-18,12.72550
2020-02-19,12.86600
2020-02-20,12.81490
2020-02-24,12.55070
2020-02-25,12.52000
2020-02-26,12.39370
2020-02-27,12.34230
2020-02-28,11.88010
2020-03-02,11.81690
2020-03-03,12.00060
2020-03-04,11.94740
2020-03-05,11.96570
2020-03-06,11.67240
2020-03-09,11.12140
2020-03-11,11.12720
2020-03-12,10.22730
2020-03-13,10.63040
2020-03-16,9.83220
2020-03-17,9.59410
2020-03-18,9.07700
2020-03-19,8.86690
2020-03-20,9.37010
2020-03-23,8.18570
2020-03-24,8.40150
2020-03-25,8.93100
2020-03-26,9.25070
2020-03-27,9.26030
2020-03-30,8.86770
2020-03-31,9.19510
2020-04-01,8.84070
2020-04-03,8.66410
2020-04-07,9.41610
2020-04-08,9.34780
2020-04-09,9.71980
2020-04-13,9.60940
2020-04-15,9.53290
2020-04-16,9.61610
2020-04-17,9.90530
2020-04-20,9.88570
2020-04-21,9.58790
2020-04-22,9.80750
2020-04-23,9.93390
2020-04-24,9.76910
2020-04-27,9.91250
2020-04-28,10.01700
2020-04-29,10.19160
2020-04-30,10.49320
2020-05-04,9.91680
2020-05-05,9.82980
2020-05-06,9.90010
2020-05-07,9.82420
2020-05-08,9.87270
2020-05-11,9.86010
2020-05-12,9.82500
2020-05-13,10.01990
2020-05-14,9.76220
2020-05-15,9.75670
2020-05-18,9.42960
2020-05-19,9.48760
2020-05-20,9.68390
2020-05-21,9.71450
2020-05-22,9.65130
2020-05-26,9.64650
2020-05-27,9.94210
2020-05-28,10.10820
2020-05-29,10.19980
2020-06-01,10.47400
2020-06-02,10.64290
2020-06-03,10.72330
2020-06-04,10.68590
2020-06-05,10.80840
2020-06-08,10.83540
2020-06-09,10.70660
2020-06-10,10.78170
2020-06-11,10.55590
2020-06-12,10.62910
2020-06-15,10.46380
2020-06-16,10.56720
2020-06-17,10.53140
2020-06-18,10.75310
2020-06-19,10.91670
2020-06-22,10.98480
2020-06-23,11.15470
2020-06-24,10.97970
2020-06-25,10.96160
2020-06-26,11.05910
2020-06-29,10.98420
2020-06-30,10.97250
2020-07-01,11.11160
2020-07-02,11.24570
2020-07-03,11.30210
2020-07-06,11.47010
2020-07-07,11.50590
2020-07-08,11.40940
2020-07-09,11.53350
2020-07-10,11.48230
2020-07-13,11.52120
2020-07-14,11.31340
2020-07-15,11.32610
2020-07-16,11.45370
2020-07-17,11.62660
2020-07-20,11.75180
2020-07-21,11.90140
2020-07-22,11.86740
2020-07-23,11.95760
2020-07-24,11.93350
2020-07-27,11.86810
2020-07-28,12.04830
2020-07-29,11.94550
2020-07-30,11.83930
2020-07-31,11.81050
2020-08-03,11.61670
2020-08-04,11.83090
2020-08-05,11.84090
2020-08-06,11.94700
2020-08-07,11.96250
2020-08-10,12.02250
2020-08-11,12.07800
2020-08-12,12.06210
2020-08-13,12.05880
2020-08-14,11.92850
2020-08-17,12.00170
2020-08-18,12.14700
2020-08-19,12.17210
2020-08-20,12.06950
2020-08-21,12.13260
2020-08-24,12.23200
2020-08-25,12.23700
2020-08-26,12.32090
2020-08-27,12.33060
2020-08-28,12.42190
2020-08-31,12.14460
2020-09-01,12.23220
2020-09-02,12.30230
2020-09-03,12.29320
2020-09-04,12.08790
2020-09-07,12.10910
2020-09-08,12.06810
2020-09-09,12.02720
2020-09-10,12.20750
2020-09-11,12.22310
2020-09-14,12.19640
2020-09-15,12.28360
2020-09-16,12.37090
2020-09-17,12.27630
2020-09-18,12.26460
2020-09-21,11.99360
2020-09-22,11.89140
2020-09-23,11.86800
2020-09-24,11.52270
2020-09-25,11.77660
2020-09-28,11.96160
2020-09-29,11.95610
2020-09-30,11.98190
2020-10-01,12.16020
2020-10-05,12.25040
2020-10-06,12.41850
2020-10-07,12.49950
2020-10-08,12.60090
2020-10-09,12.68560
2020-10-12,12.70310
2020-10-13,12.70670
2020-10-14,12.74800
2020-10-15,12.43880
2020-10-16,12.52580
2020-10-19,12.64250
2020-10-20,12.66740
2020-10-21,12.71050
2020-10-22,12.66770
2020-10-23,12.71430
2020-10-26,12.54110
2020-10-27,12.66980
2020-10-28,12.50350
2020-10-29,12.44430
2020-10-30,12.41410
2020-11-02,12.44220
2020-11-03,12.59470
2020-11-04,12.69940
2020-11-05,12.92220
2020-11-06,13.07440
2020-11-09,13.28430
2020-11-10,13.46490
2020-11-11,13.59040
2020-11-12,13.52670
2020-11-13,13.55760
2020-11-17,13.72100
2020-11-18,13.78870
2020-11-19,13.61120
2020-11-20,13.70390
2020-11-23,13.77480
2020-11-24,13.91170
2020-11-25,13.70140
2020-11-26,13.83760
2020-11-27,13.81820
2020-12-01,13.96670
2020-12-02,13.97130
2020-12-03,13.99250
2020-12-04,14.12540
2020-12-07,14.22810
2020-12-08,14.26680
2020-12-09,14.41100
2020-12-10,14.35730
2020-12-11,14.39480
2020-12-14,14.44120
2020-12-15,14.45120
2020-12-16,14.57280
2020-12-17,14.63730
2020-12-18,14.65810
2020-12-21,14.19830
2020-12-22,14.34470
2020-12-23,14.48760
2020-12-24,14.64450
2020-12-28,14.77490
2020-12-29,14.83800
2020-12-30,14.89000
2020-12-31,14.88950
2021-01-01,14.92830
2021-01-04,15.04890
2021-01-05,15.11910
2021-01-06,15.06240
2021-01-07,15.05250
2021-01-08,15.27500
2021-01-11,15.42000
2021-01-12,15.50330
2021-01-13,15.50450
2021-01-14,15.53850
2021-01-15,15.36650
2021-01-18,15.20430
2021-01-19,15.45940
2021-01-20,15.59040
2021-01-21,15.53350
2021-01-22,15.30120
2021-01-25,15.15840
2021-01-27,14.87080
2021-01-28,14.71180
2021-01-29,14.51800
2021-02-01,15.19890
2021-02-02,15.58530
2021-02-03,15.73600
2021-02-04,15.84820
2021-02-05,15.87930
2021-02-08,16.08220
2021-02-09,16.07660
2021-02-10,16.07330
2021-02-11,16.14760
2021-02-12,16.13670
2021-02-15,16.29860
2021-02-16,16.29710
2021-02-17,16.18920
2021-02-18,16.09370
2021-02-19,15.94790
2021-02-22,15.63330
2021-02-23,15.66700
2021-02-24,15.95710
2021-02-25,16.07870
2021-02-26,15.47660
2021-03-01,15.72210
2021-03-02,15.88640
2021-03-03,16.23310
2021-03-04,16.05730
2021-03-05,15.90520
2021-03-08,15.92620
2021-03-09,16.07770
2021-03-10,16.15870
2021-03-12,16.00530
2021-03-15,15.89930
2021-03-16,15.87890
2021-03-17,15.67760
2021-03-18,15.50380
2021-03-19,15.70080
2021-03-22,15.69320
2021-03-23,15.77750
2021-03-24,15.49680
2021-03-25,15.26030
2021-03-26,15.45260
2021-03-30,15.80510
2021-03-31,14.78270
2021-04-01,14.96380
2021-04-05,14.72410
2021-04-06,14.76890
2021-04-07,14.90420
2021-04-08,14.96030
2021-04-09,14.92100
2021-04-12,14.39420
2021-04-13,14.58860
2021-04-15,14.66520
2021-04-16,14.70110
2021-04-19,14.44140
2021-04-20,14.37810
2021-04-22,14.48820
2021-04-23,14.42290
2021-04-26,14.56620
2021-04-27,14.73440
2021-04-28,14.94630
2021-04-29,14.98160
2021-04-30,14.71640
2021-05-03,14.71870
2021-05-04,14.58060
2021-05-05,14.70160
2021-05-06,14.80840
2021-05-07,14.90630
2021-05-10,15.02520
2021-05-11,14.93120
2021-05-12,14.77600
2021-05-14,14.75680
2021-05-17,15.00270
2021-05-18,15.18820
2021-05-19,15.10970
2021-05-20,14.98480
2021-05-21,15.25480
2021-05-24,15.27650
2021-05-25,15.29190
2021-05-26,15.38500
2021-05-27,15.42130
2021-05-28,15.51930
2021-05-31,15.68880
2021-06-01,15.68050
2021-06-02,15.68080
2021-06-03,15.79850
2021-06-04,15.77800
2021-06-07,15.85890
2021-06-08,15.84700
2021-06-09,15.74160
2021-06-10,15.85780
2021-06-11,15.92440
2021-06-14,15.93970
2021-06-15,15.99710
2021-06-16,15.89470
2021-06-17,15.82250
2021-06-18,15.81420
2021-06-21,15.87730
2021-06-22,15.90340
2021-06-23,15.81710
2021-06-24,15.92150
2021-06-25,15.99130
2021-06-28,15.94470
2021-06-29,15.88440
2021-06-30,15.85740
2021-07-01,15.81540
2021-07-02,15.85760
2021-07-05,15.97110
2021-07-06,15.95460
2021-07-07,16.01610
2021-07-08,15.86830
2021-07-09,15.83050
2021-07-12,15.83230
2021-07-13,15.95250
2021-07-14,15.99530
2021-07-15,16.06930
2021-07-16,16.06830
2021-07-19,15.89570
2021-07-20,15.77470
2021-07-22,15.96830
2021-07-23,16.00450
2021-07-26,15.97200
2021-07-27,15.89480
2021-07-28,15.86230
2021-07-29,15.93470
2021-07-30,15.91890
2021-08-02,16.04190
2021-08-03,16.28910
2021-08-04,16.41780
2021-08-05,16.45580
2021-08-06,16.39890
2021-08-09,16.41940
2021-08-10,16.44110
2021-08-11,16.44340
2021-08-12,16.52760
2021-08-13,16.69300
2021-08-16,16.72650
2021-08-17,16.77960
2021-08-18,16.73340
2021-08-20,16.61380
2021-08-23,16.65990
2021-08-24,16.78860
2021-08-25,16.79850
2021-08-26,16.80050
2021-08-27,16.86890
2021-08-30,17.09560
2021-08-31,17.29830
2021-09-01,17.24140
2021-09-02,17.40220
2021-09-03,17.49220
2021-09-06,17.54600
2021-09-07,17.52990
2021-09-08,17.52830
2021-09-09,17.54390
2021-09-13,17.52880
2021-09-14,17.55340
2021-09-15,17.69370
2021-09-16,17.80430
2021-09-17,17.75940
2021-09-20,17.56900
2021-09-21,17.73500
2021-09-22,17.71930
2021-09-23,17.99730
2021-09-24,18.02750
2021-09-27,18.02850
2021-09-28,17.91920
2021-09-29,17.88130
2021-09-30,17.78730
2021-10-01,17.69980
2021-10-04,17.85950
2021-10-05,17.99350
2021-10-06,17.81530
2021-10-07,17.96070
2021-10-08,18.06600
2021-10-11,18.11620
2021-10-12,18.16210
2021-10-13,18.33320
2021-10-14,18.51290
2021-10-18,18.65130
2021-10-19,18.59220
2021-10-20,18.43830
2021-10-21,18.35130
2021-10-22,18.28770
2021-10-25,18.29760
2021-10-26,18.45770
2021-10-27,18.39940
2021-10-28,18.04320
2021-10-29,17.85600
2021-11-01,18.11490
2021-11-02,18.07590
2021-11-03,18.01500
2021-11-08,18.25490
2021-11-09,18.23010
2021-11-10,18.20250
2021-11-11,18.06160
2021-11-12,18.29220
2021-11-15,18.29810
2021-11-16,18.18650
2021-11-17,18.08470
2021-11-18,17.94940
2021-11-22,17.60190
2021-11-23,17.69040
2021-11-24,17.60090
2021-11-25,17.72260
2021-11-26,17.20890
2021-11-29,17.23620
2021-11-30,17.16480
2021-12-01,17.34890
2021-12-02,17.58540
2021-12-03,17.37860
2021-12-06,17.09060
2021-12-07,17.35700
2021-12-08,17.65190
2021-12-09,17.69910
2021-12-10,17.69320
2021-12-13,17.54770
2021-12-14,17.50360
2021-12-15,17.39880
2021-12-16,17.42570
2021-12-17,17.15990
2021-12-20,16.78470
2021-12-21,16.94250
2021-12-22,17.13370
2021-12-23,17.25110
2021-12-24,17.18140
2021-12-27,17.26380
2021-12-28,17.41160
2021-12-29,17.39150
2021-12-30,17.38130
2021-12-31,17.53210
2022-01-03,17.80530
2022-01-04,17.98610
2022-01-05,18.10680
2022-01-06,17.92550
2022-01-07,17.99250
2022-01-10,18.18390
2022-01-11,18.23650
2022-01-12,18.39430
2022-01-13,18.43990
2022-01-14,18.43760
2022-01-17,18.48940
2022-01-18,18.29240
2022-01-19,18.11760
2022-01-20,17.93740
2022-01-21,17.79660
2022-01-24,17.32330
2022-01-25,17.45330
2022-01-27,17.28390
2022-01-28,17.27530
2022-01-31,17.51350
2022-02-01,17.75220
2022-02-02,17.95630
2022-02-03,17.73830
2022-02-04,17.69370
2022-02-07,17.38780
2022-02-08,17.44100
2022-02-09,17.64300
2022-02-10,17.78740
2022-02-11,17.55360
2022-02-14,17.02640
2022-02-15,17.53970
2022-02-16,17.51340
2022-02-17,17.49520
2022-02-18,17.46650
2022-02-21,17.40100
2022-02-22,17.28580
2022-02-23,17.25640
2022-02-24,16.43300
2022-02-25,16.84800
2022-02-28,16.98500
2022-03-02,16.79540
2022-03-03,16.68600
2022-03-04,16.43090
2022-03-07,16.04570
2022-03-08,16.19650
2022-03-09,16.53040
2022-03-10,16.78060
2022-03-11,16.81620
2022-03-14,17.05840
2022-03-15,16.84790
2022-03-16,17.16350
2022-03-17,17.47690
2022-03-21,17.30460
2022-03-22,17.50370
2022-03-23,17.43310
2022-03-24,17.40960
2022-03-25,17.34060
2022-03-28,17.40950
2022-03-29,17.51360
2022-03-30,17.68700
2022-03-31,17.65270
2022-04-01,17.86000
2022-04-04,18.24570
2022-04-05,18.14990
2022-04-06,17.99840
2022-04-07,17.82850
2022-04-08,17.97430
2022-04-11,17.86290
2022-04-12,17.71620
2022-04-13,17.66040
2022-04-18,17.35400
2022-04-19,17.13610
2022-04-20,17.31500
2022-04-21,17.57370
2022-04-22,17.35100
2022-04-25,17.13050
2022-04-26,17.37900
2022-04-27,17.21470
2022-04-28,17.42710
2022-04-29,17.28260
2022-05-02,17.24790
2022-05-04,16.85240
2022-05-05,16.85700
2022-05-06,16.58330
2022-05-09,16.47240
2022-05-10,16.40980
2022-05-11,16.33610
2022-05-12,15.98930
2022-05-13,15.96290
2022-05-16,16.02280
2022-05-17,16.44310
2022-05-18,16.42360
2022-05-19,15.98840
2022-05-20,16.44800
2022-05-23,16.39510
2022-05-24,16.30420
2022-05-25,16.21520
2022-05-26,16.37320
2022-05-27,16.55610
2022-05-30,16.86670
2022-05-31,16.81530
2022-06-01,16.75250
2022-06-02,16.85790
2022-06-03,16.81350
2022-06-06,16.79790
2022-06-07,16.64290
2022-06-08,16.58200
2022-06-09,16.70690
2022-06-10,16.42820
2022-06-13,15.99660
2022-06-14,15.95340
2022-06-15,15.92610
2022-06-16,15.59080
2022-06-17,15.52280
2022-06-20,15.58050
2022-06-21,15.87120
2022-06-22,15.64350
2022-06-23,15.78750
2022-06-24,15.93060
2022-06-27,16.06390
2022-06-28,16.08190
2022-06-29,16.03000
2022-06-30,16.01560
2022-07-01,15.98960
2022-07-04,16.07700
2022-07-05,16.05160
2022-07-06,16.23250
2022-07-07,16.37770
2022-07-08,16.46690
2022-07-11,16.46230
2022-07-12,16.30240
2022-07-13,16.20940
2022-07-14,16.18640
2022-07-15,16.29790
2022-07-18,16.52910
2022-07-19,16.59410
2022-07-20,16.77650
2022-07-21,16.87250
2022-07-22,16.98790
2022-07-25,16.89740
2022-07-26,16.74830
2022-07-27,16.90960
2022-07-28,17.19980
2022-07-29,17.42920
2022-08-01,17.61410
2022-08-02,17.62010
2022-08-03,17.66500
2022-08-04,17.65840
2022-08-05,17.67390
2022-08-08,17.81020
2022-08-10,17.82280
2022-08-11,17.95500
2022-08-12,17.99510
2022-08-16,18.12310
2022-08-17,18.24360
2022-08-18,18.26540
2022-08-19,18.06800
2022-08-22,17.79530
2022-08-23,17.88330
2022-08-24,17.91090
2022-08-25,17.82690
2022-08-26,17.86360
2022-08-29,17.61310
2022-08-30,18.06570
2022-09-01,17.84540
2022-09-02,17.84150
2022-09-05,17.96890
2022-09-06,17.95820
2022-09-07,17.92620
2022-09-08,18.10300
2022-09-09,18.13770
2022-09-12,18.24120
2022-09-13,18.37680
2022-09-14,18.30890
2022-09-15,18.18010
2022-09-16,17.82790
2022-09-19,17.91980
2022-09-20,18.11640
2022-09-21,18.01670
2022-09-22,17.92650
2022-09-23,17.61890
2022-09-26,17.30240
2022-09-27,17.29270
2022-09-28,17.14140
2022-09-29,17.09890
2022-09-30,17.37880
2022-10-03,17.16770
2022-10-04,17.56040
2022-10-06,17.61800
2022-10-07,17.60030
2022-10-10,17.52440
2022-10-11,17.26260
2022-10-12,17.40450
2022-10-13,17.29320
2022-10-14,17.46660
2022-10-17,17.59580
2022-10-18,17.77330
2022-10-19,17.80100
2022-10-20,17.85330
2022-10-21,17.86560
2022-10-25,17.94580
2022-10-27,18.04090
2022-10-28,18.09130
2022-10-31,18.32080
2022-11-01,18.45890
2022-11-02,18.39550
2022-11-03,18.36550
2022-11-04,18.43070
2022-11-07,18.51690
2022-11-09,18.47230
2022-11-10,18.34120
2022-11-11,18.66730
2022-11-14,18.64550
2022-11-15,18.72060
2022-11-16,18.72650
2022-11-17,18.65940
2022-11-18,18.62230
2022-11-21,18.47150
2022-11-22,18.55670
2022-11-23,18.57970
2022-11-24,18.79960
2022-11-25,18.82840
2022-11-28,18.87830
2022-11-29,18.93400
2022-11-30,19.07580
2022-12-01,19.13040
2022-12-02,19.01180
2022-12-05,19.01600
2022-12-06,18.95650
2022-12-07,18.87260
2022-12-08,18.92190
2022-12-09,18.80690
2022-12-12,18.80660
2022-12-13,18.91870
2022-12-14,18.97150
2022-12-15,18.72170
2022-12-16,18.57330
2022-12-19,18.72630
2022-12-20,18.69030
2022-12-21,18.50070
2022-12-22,18.42750
2022-12-23,18.10150
2022-12-26,18.31160
2022-12-27,18.43090
2022-12-28,18.42050
2022-12-29,18.48960
2022-12-30,18.40210
2023-01-02,18.49490
2023-01-03,18.53030
2023-01-04,18.33730
2023-01-05,18.28540
2023-01-06,18.15040
2023-01-09,18.39500
2023-01-10,18.20470
2023-01-11,18.18560
2023-01-12,18.14720
2023-01-13,18.24690
2023-01-16,18.18340
2023-01-17,18.34390
2023-01-18,18.45710
2023-01-19,18.40090
2023-01-20,18.31920
2023-01-23,18.41060
2023-01-24,18.41040
2023-01-25,18.18050
2023-01-27,17.88820
2023-01-30,17.93250
2023-01-31,17.94530
2023-02-01,17.89850
2023-02-02,17.89230
2023-02-03,18.13910
2023-02-06,18.04740
2023-02-07,18.00330
2023-02-08,18.15730
2023-02-09,18.17900
2023-02-10,18.14120
2023-02-13,18.05340
2023-02-14,18.21420
2023-02-15,18.31320
2023-02-16,18.33180
2023-02-17,18.23870
2023-02-20,18.13710
2023-02-21,18.11860
2023-02-22,17.84200
2023-02-23,17.79800
2023-02-24,17.75170
2023-02-27,17.67670
2023-02-28,17.58630
2023-03-01,17.73480
2023-03-02,17.60370
2023-03-03,17.87970
2023-03-06,17.99760
2023-03-08,18.04070
2023-03-09,17.87300
2023-03-10,17.69340
2023-03-13,17.42950
2023-03-14,17.31650
2023-03-15,17.24360
2023-03-16,17.25730
2023-03-17,17.37290
2023-03-20,17.25870
2023-03-21,17.37930
2023-03-22,17.42400
2023-03-23,17.34760
2023-03-24,17.21330
2023-03-27,17.25380
2023-03-28,17.21890
2023-03-29,17.34990
2023-03-31,17.63070
2023-04-03,17.66870
2023-04-05,17.82950
2023-04-06,17.87190
2023-04-10,17.89600
2023-04-11,17.99540
2023-04-12,18.08660
2023-04-13,18.10400
2023-04-17,17.98000
2023-04-18,17.93230
2023-04-19,17.88990
2023-04-20,17.89540
2023-04-21,17.89540
2023-04-24,18.01560
2023-04-25,18.04150
2023-04-26,18.08630
2023-04-27,18.18890
2023-04-28,18.34520
2023-05-02,18.42780
2023-05-03,18.36900
2023-05-04,18.53690
2023-05-05,18.34710
2023-05-08,18.54450
2023-05-09,18.54580
2023-05-10,18.59540
2023-05-11,18.57660
2023-05-12,18.59440
2023-05-15,18.67870
2023-05-16,18.60220
2023-05-17,18.49560
2023-05-18,18.44270
2023-05-19,18.51810
2023-05-22,18.62980
2023-05-23,18.66360
2023-05-24,18.59970
2023-05-25,18.63570
2023-05-26,18.81620
2023-05-29,18.91610
2023-05-30,18.95150
2023-05-31,18.86040
2023-06-01,18.81280
2023-06-02,18.87600
2023-06-05,18.93560
2023-06-06,18.94060
2023-06-07,19.06950
2023-06-08,18.97590
2023-06-09,18.90560
2023-06-12,18.94340
2023-06-13,19.05930
2023-06-14,19.09930
2023-06-15,19.03590
2023-06-16,19.17590
2023-06-19,19.10790
2023-06-20,19.16970
2023-06-21,19.21010
2023-06-22,19.12290
2023-06-23,19.01530
2023-06-26,19.04040
2023-06-27,19.16810
2023-06-28,19.32460
2023-06-30,19.54620
2023-07-03,19.68070
2023-07-04,19.74770
2023-07-05,19.75710
2023-07-06,19.85700
2023-07-07,19.68930
2023-07-10,19.71280
2023-07-11,19.79900
2023-07-12,19.74240
2023-07-13,19.78100
2023-07-14,19.93710
2023-07-17,20.08510
2023-07-18,20.12310
2023-07-19,20.20800
2023-07-20,20.36060
2023-07-21,20.12330
2023-07-24,20.04860
2023-07-25,20.05660
2023-07-26,20.15550
2023-07-27,20.03690
2023-07-28,20.02530
2023-07-31,20.13370
2023-08-01,20.11280
2023-08-02,19.91050
2023-08-03,19.76680
2023-08-04,19.90450
2023-08-07,19.98510
2023-08-08,19.95790
2023-08-09,20.03330
2023-08-10,19.94210
2023-08-11,19.83330
2023-08-14,19.84240
2023-08-16,19.87290
2023-08-17,19.77100
2023-08-18,19.71740
2023-08-21,19.80900
2023-08-22,19.81140
2023-08-23,19.85960
2023-08-24,19.80090
2023-08-25,19.67740
2023-08-28,19.71770
2023-08-29,19.75480
2023-08-30,19.75930
2023-08-31,19.66360
2023-09-01,19.84830
2023-09-04,19.94290
2023-09-05,19.98970
2023-09-06,20.02590
2023-09-07,20.14400
2023-09-08,20.23860
2023-09-11,20.41790
2023-09-12,20.41440
2023-09-13,20.49240
2023-09-14,20.52600
2023-09-15,20.61680
2023-09-18,20.55580
2023-09-20,20.31830
2023-09-21,20.15570
2023-09-22,20.08580
2023-09-25,20.08540
2023-09-26,20.07490
2023-09-27,20.12870
2023-09-29,20.04830
2023-10-03,19.93570
2023-10-04,19.84100
2023-10-05,19.95260
2023-10-06,20.06230
2023-10-09,19.91740
2023-10-10,20.09810
2023-10-11,20.22190
2023-10-12,20.20390
2023-10-13,20.15970
2023-10-16,20.13920
2023-10-17,20.22020
2023-10-18,20.07680
2023-10-19,20.02940
2023-10-20,19.94850
2023-10-23,19.68200
2023-10-25,19.53350
2023-10-26,19.26310
2023-10-27,19.45680
2023-10-30,19.55160
2023-10-31,19.48880
2023-11-01,19.39740
2023-11-02,19.54950
2023-11-03,19.65160
2023-11-06,19.83540
2023-11-07,19.83000
2023-11-08,19.86720
2023-11-09,19.81780
2023-11-10,19.84820
2023-11-13,19.86590
2023-11-15,20.10210
2023-11-16,20.19550
2023-11-17,20.16110
2023-11-20,20.12170
2023-11-21,20.21270
2023-11-22,20.24140
2023-11-23,20.23110
2023-11-24,20.22310
2023-11-28,20.31900
2023-11-29,20.53010
2023-11-30,20.56710
2023-12-01,20.70440
2023-12-04,21.13100
2023-12-05,21.30240
2023-12-06,21.38650
2023-12-07,21.34890
2023-12-08,21.41820
2023-12-11,21.44680
2023-12-12,21.35370
2023-12-13,21.37380
2023-12-14,21.63510
2023-12-15,21.91460
2023-12-18,21.87490
2023-12-19,21.90960
2023-12-20,21.60020
2023-12-21,21.70700
2023-12-22,21.80310
2023-12-26,21.89580
2023-12-27,22.11320
2023-12-28,22.23920
2023-12-29,22.19050
2024-01-01,22.20040
2024-01-02,22.12240
2024-01-03,21.97050
2024-01-04,22.11430
2024-01-05,22.16720
2024-01-08,21.96460
2024-01-09,21.99680
2024-01-10,22.07190
2024-01-11,22.10080
2024-01-12,22.35280
2024-01-15,22.55890
2024-01-16,22.49220
2024-01-17,22.02240
2024-01-18,21.91020
2024-01-19,22.08250
2024-01-23,21.69030
2024-01-24,21.90990
2024-01-25,21.80630
2024-01-29,22.19780
2024-01-30,21.97770
2024-01-31,22.18510
2024-02-01,22.15600
2024-02-02,22.31530
2024-02-05,22.23070
2024-02-06,22.39390
2024-02-07,22.39470
2024-02-08,22.19050
2024-02-09,22.25810
2024-02-12,22.08740
2024-02-13,22.21680
2024-02-14,22.31530
2024-02-15,22.39250
2024-02-16,22.52840
2024-02-19,22.61090
2024-02-20,22.68980
2024-02-21,22.54460
2024-02-22,22.71010
2024-02-23,22.70490
2024-02-26,22.61160
2024-02-27,22.68920
2024-02-28,22.43630
2024-02-29,22.46830
2024-03-01,22.83130
2024-03-04,22.89860
2024-03-05,22.84800
2024-03-06,22.96790
2024-03-07,22.98750
2024-03-11,22.82210
2024-03-12,22.82460
2024-03-13,22.47930
2024-03-14,22.63120
2024-03-15,22.50530
2024-03-18,22.53670
2024-03-19,22.29350
2024-03-20,22.31490
2024-03-21,22.49120
2024-03-22,22.57760
2024-03-26,22.48250
2024-03-27,22.60310
2024-03-28,22.81000
2024-03-31,22.80950
2024-04-01,22.94730
2024-04-02,22.93810
2024-04-03,22.91870
2024-04-04,23.00010
2024-04-05,22.99890
2024-04-08,23.15380
2024-04-09,23.12950
2024-04-10,23.24260
2024-04-12,23.00260
2024-04-15,22.74960
2024-04-16,22.62210
2024-04-18,22.46630
2024-04-19,22.62040
2024-04-22,22.81290
2024-04-23,22.84490
2024-04-24,22.87970
2024-04-25,23.05070
2024-04-26,22.89680
2024-04-29,23.12400
2024-04-30,23.08380
2024-05-02,23.12760
2024-05-03,22.95130
2024-05-06,22.91660
2024-05-07,22.77750
2024-05-08,22.77710
2024-05-09,22.42470
2024-05-10,22.55780
2024-05-13,22.60690
2024-05-14,22.72270
2024-05-15,22.70480
2024-05-16,22.91850
2024-05-17,22.98170
2024-05-21,23.04570
2024-05-22,23.12780
2024-05-23,23.50500
2024-05-24,23.49510
2024-05-27,23.46890
2024-05-28,23.42340
2024-05-29,23.23570
2024-05-30,23.01480
2024-05-31,23.08050
2024-06-03,23.82830
2024-06-04,22.43500
2024-06-05,23.18440
2024-06-06,23.38940
2024-06-07,23.86800
2024-06-10,23.83550
2024-06-11,23.84640
2024-06-12,23.90540
2024-06-13,23.98270
2024-06-14,24.05860
2024-06-18,24.15160
2024-06-19,24.10940
2024-06-20,24.16880
2024-06-21,24.10410
2024-06-24,24.14030
2024-06-25,24.32720
2024-06-26,24.47760
2024-06-27,24.65750
2024-06-28,24.62510
2024-07-01,24.75840
2024-07-02,24.73950
2024-07-03,24.90550
2024-07-04,24.92110
2024-07-05,24.94770
2024-07-08,24.94340
2024-07-09,25.05990
2024-07-10,24.94830
2024-07-11,24.93930
2024-07-12,25.13110
2024-07-15,25.21660
2024-07-16,25.24530
2024-07-18,25.43670
2024-07-19,25.16350
2024-07-22,25.14040
2024-07-23,25.11320
2024-07-24,25.04580
2024-07-25,25.03790
2024-07-26,25.47600
2024-07-29,25.47630
2024-07-30,25.49930
2024-07-31,25.59490
2024-08-01,25.65700
2024-08-02,25.36330
2024-08-05,24.68790
2024-08-06,24.62380
2024-08-07,24.94570
2024-08-08,24.76060
2024-08-09,25.01790
2024-08-12,25.01230
2024-08-13,24.79870
2024-08-14,24.80320
2024-08-16,25.21560
2024-08-19,25.25490
2024-08-20,25.38400
2024-08-21,25.45680
2024-08-22,25.49890
2024-08-23,25.51270
2024-08-26,25.70400
2024-08-27,25.71100
2024-08-28,25.74610
2024-08-29,25.84790
2024-08-30,25.93370
2024-09-02,25.97660
2024-09-03,25.97740
2024-09-04,25.89380
2024-09-05,25.83850
2024-09-06,25.53780
2024-09-09,25.62320
2024-09-10,25.73010
2024-09-11,25.60430
2024-09-12,26.08560
2024-09-13,26.05200
2024-09-16,26.07900
2024-09-17,26.11420
2024-09-18,26.07190
2024-09-19,26.11080
2024-09-20,26.49560
2024-09-23,26.64670
2024-09-24,26.64770
2024-09-25,26.71280
2024-09-26,26.92970
2024-09-27,26.88940
2024-09-30,26.51140
2024-10-01,26.49690
2024-10-03,25.93490
2024-10-04,25.69280
2024-10-07,25.46730
2024-10-08,25.69010
2024-10-09,25.65780
2024-10-10,25.67430
2024-10-11,25.63890
2024-10-14,25.80590
2024-10-15,25.73310
2024-10-16,25.64450
2024-10-17,25.41690
2024-10-18,25.52580
2024-10-21,25.44990
2024-10-22,25.13530
2024-10-23,25.09740
2024-10-24,25.06000
2024-10-25,24.83530
2024-10-28,24.99690
2024-10-29,25.14520
2024-10-30,25.01550
2024-10-31,24.88110
2024-11-04,24.66440
2024-11-05,24.88780
2024-11-06,25.17070
2024-11-07,24.87960
2024-11-08,24.82680
2024-11-11,24.81880
2024-11-12,24.55420
2024-11-13,24.22090
2024-11-14,24.19820
2024-11-18,24.11620
2024-11-19,24.18250
2024-11-21,24.00850
2024-11-22,24.58060
2024-11-25,24.90250
2024-11-26,24.87400
2024-11-27,24.95630
2024-11-28,24.58580
2024-11-29,24.80800
2024-12-02,24.95580
2024-12-03,25.14110
2024-12-04,25.15140
2024-12-05,25.39820
2024-12-06,25.36650
2024-12-09,25.30520
2024-12-10,25.29560
2024-12-11,25.32780
2024-12-12,25.23200
2024-12-13,25.45730
2024-12-16,25.35360
2024-12-17,25.01230
2024-12-18,24.87110
2024-12-19,24.61700
2024-12-20,24.24300
2024-12-23,24.41230
2024-12-24,24.38550
2024-12-26,24.40790
2024-12-27,24.47210
2024-12-30,24.29820
2024-12-31,24.29780
2025-01-01,24.39810
2025-01-02,24.85550
2025-01-03,24.66660
2025-01-06,24.26620
2025-01-07,24.36080
2025-01-08,24.34040
2025-01-09,24.17280
2025-01-10,24.07370
2025-01-13,23.71580
2025-01-14,23.80890
2025-01-15,23.84940
2025-01-16,23.95030
2025-01-17,23.86070
2025-01-20,24.00520
2025-01-21,23.67590
2025-01-22,23.80980
2025-01-23,23.86090
2025-01-24,23.74430
2025-01-27,23.47320
2025-01-28,23.60450
2025-01-29,23.81820
2025-01-30,23.90660
2025-01-31,24.17870
2025-02-03,24.02640
2025-02-04,24.41450
2025-02-05,24.36990
2025-02-06,24.27660
2025-02-07,24.24060
2025-02-10,24.05640
2025-02-11,23.73750
2025-02-12,23.72380
2025-02-13,23.70930
2025-02-14,23.60410
2025-02-17,23.63430
2025-02-18,23.61940
2025-02-19,23.60640
2025-02-20,23.58580
2025-02-21,23.46480
2025-02-24,23.21450
2025-02-25,23.20820
2025-02-27,23.20500
2025-02-28,22.77180
2025-03-03,22.76520
2025-03-04,22.72720
2025-03-05,22.98890
2025-03-06,23.20180
2025-03-07,23.20980
2025-03-10,23.11390
2025-03-11,23.15350
2025-03-12,23.12500
2025-03-13,23.04930
2025-03-17,23.16290
2025-03-18,23.49760
2025-03-19,23.57280
2025-03-20,23.86350
2025-03-21,24.02760
2025-03-24,24.34350
2025-03-25,24.35380
2025-03-26,24.16600
2025-03-27,24.27240
2025-03-28,24.19720
2025-03-31,24.19640
2025-04-01,23.83220
2025-04-02,24.00340
2025-04-03,23.91850
2025-04-04,23.56260
2025-04-07,22.79770
2025-04-08,23.18190
2025-04-09,23.04110
2025-04-11,23.48210
2025-04-15,23.99470
2025-04-16,24.10620
2025-04-17,24.53210
2025-04-21,24.81250
2025-04-22,24.85500
2025-04-23,25.02100
2025-04-24,24.93620
2025-04-25,24.72260
2025-04-28,25.02340
2025-04-29,25.03080
2025-04-30,25.02860
2025-05-02,25.04070
2025-05-05,25.15750
2025-05-06,25.07330
2025-05-07,25.10870
2025-05-08,24.96380
2025-05-09,24.69070
2025-05-12,25.63260
2025-05-13,25.27600
2025-05-14,25.36680
2025-05-15,25.77310
2025-05-16,25.74320
2025-05-19,25.66580
2025-05-20,25.39640
2025-05-21,25.52930
2025-05-22,25.31920
2025-05-23,25.56920
2025-05-26,25.72030
2025-05-27,25.54020
2025-05-28,25.48060
2025-05-29,25.56490
2025-05-30,25.49990
2025-06-02,25.46400
2025-06-03,25.29370
2025-06-04,25.38310
2025-06-05,25.51720
2025-06-06,25.77610
2025-06-09,25.87800
2025-06-10,25.88080
2025-06-11,25.91870
2025-06-12,25.65820
2025-06-13,25.48490
2025-06-16,25.71830
2025-06-17,25.62230
2025-06-18,25.57940
2025-06-19,25.55980
2025-06-20,25.88800
2025-06-23,25.74820
2025-06-24,25.82230
2025-06-25,26.02810
2025-06-26,26.34060
2025-06-27,26.47170
2025-06-30,26.34650
2025-07-01,26.37150
2025-07-02,26.28000
2025-07-03,26.23020
2025-07-04,26.29360
2025-07-07,26.29430
2025-07-08,26.35860
2025-07-09,26.31050
2025-07-10,26.18690
2025-07-11,25.97600
2025-07-14,25.90550
2025-07-15,26.02200
2025-07-16,26.04100
2025-07-17,25.93700
2025-07-18,25.80310
2025-07-21,25.92800
2025-07-22,25.89700
2025-07-23,26.06030
2025-07-24,25.89940
2025-07-25,25.67810
2025-07-28,25.51860
2025-07-29,25.66330
2025-07-30,25.69780
2025-07-31,25.60820
2025-08-01,25.40500
2025-08-04,25.56620
2025-08-05,25.49050
2025-08-06,25.41510
2025-08-07,25.43740
2025-08-08,25.19860
2025-08-11,25.42680
2025-08-12,25.34440
2025-08-13,25.47990
2025-08-14,25.50120
2025-08-18,25.75360
2025-08-19,25.86190
2025-08-20,25.93370
2025-08-21,25.97030
2025-08-22,25.74910
2025-08-25,25.84910
2025-08-26,25.58440
2025-08-28,25.36500
2025-08-29,25.28820
2025-09-01,25.49180
2025-09-02,25.44450
2025-09-03,25.58450
2025-09-04,25.60870
2025-09-05,25.61530
2025-09-08,25.64760
2025-09-09,25.74600
2025-09-10,25.85380
2025-09-11,25.88690
2025-09-12,25.99880
2025-09-15,25.95160
2025-09-16,26.12700
2025-09-17,26.22090
2025-09-18,26.31720
2025-09-19,26.21690
2025-09-22,26.08690
2025-09-23,26.05270
2025-09-24,25.93570
2025-09-25,25.76340
2025-09-26,25.51880
2025-09-30,25.47060
2025-10-01,25.70360
2025-10-03,25.76290
2025-10-06,25.95180
2025-10-07,25.98320
2025-10-08,25.91810
2025-10-09,26.05820
2025-10-10,26.16510
2025-10-13,26.10410
2025-10-14,26.01910
2025-10-15,26.20550
2025-10-16,26.47580
2025-10-17,26.60730
2025-10-20,26.74640
2025-10-23,26.79530
2025-10-24,26.69530
2025-10-27,26.88990
2025-10-28,26.85870
2025-10-29,26.98010
2025-10-30,26.79770
2025-10-31,26.63620
2025-11-03,26.67790
2025-11-04,26.50610
2025-11-06,26.41430
2025-11-07,26.40430
2025-11-10,26.49250
2025-11-11,26.61660
2025-11-12,26.80330
2025-11-13,26.80640
2025-11-14,26.83760
2025-11-17,26.94370
2025-11-18,26.83650
2025-11-19,26.98380
2025-11-20,27.12790
2025-11-21,26.99900
2025-11-24,26.88540
2025-11-25,26.80690
2025-11-26,27.13830
2025-11-27,27.14860
2025-11-28,27.13510
2025-12-01,27.10590
2025-12-02,26.96820
2025-12-03,26.91990
2025-12-04,26.96900
2025-12-05,27.12680
2025-12-08,26.89170
2025-12-09,26.76610
2025-12-10,26.68110
2025-12-11,26.82630
2025-12-12,26.97960
2025-12-15,26.95820
2025-12-16,26.78460
2025-12-17,26.74100
2025-12-18,26.73760
2025-12-19,26.89330
2025-12-22,27.10560
2025-12-23,27.11010
2025-12-24,27.07340
2025-12-26,26.96930
2025-12-29,26.86450
2025-12-30,26.86060
2025-12-31,27.05780
2026-01-01,27.07490
2026-01-02,27.26230
2026-01-05,27.18040
2026-01-06,27.10590
2026-01-07,27.06610
2026-01-08,26.79270
2026-01-09,26.59180
2026-01-12,26.70150
2026-01-13,26.64100
2026-01-14,26.57150
2026-01-16,26.61670
2026-01-19,26.50300
2026-01-20,26.13700
2026-01-21,26.05900
2026-01-22,26.19580
2026-01-23,25.94570
2026-01-27,26.07560
2026-01-28,26.24850
2026-01-29,26.32700
2026-01-30,26.22500
2026-02-02,25.98350
2026-02-03,26.64470
2026-02-04,26.69460
2026-02-05,26.55900
2026-02-06,26.61550
2026-02-09,26.79740
2026-02-10,26.86730
2026-02-11,26.88630
2026-02-12,26.73430
2026-02-13,26.38640
2026-02-16,26.60470
2026-02-17,26.64850
2026-02-18,26.74810
2026-02-19,26.37010
2026-02-20,26.49070
2026-02-23,26.63600
2026-02-24,26.33750
2026-02-25,26.39690
2026-02-26,26.41100
2026-02-27,26.08170
2026-03-02,25.75680
2026-03-04,25.35790
2026-03-05,25.65330
2026-03-06,25.32820
2026-03-09,24.89000
2026-03-10,25.13110
2026-03-11,24.72280
2026-03-12,24.48700
2026-03-13,23.98200
2026-03-16,24.24810
2026-03-17,24.42630
2026-03-18,24.62960
2026-03-19,23.82620
2026-03-20,23.94240
2026-03-23,23.31800
2026-03-24,23.73270
2026-03-25,24.13930
2026-03-27,23.63650
2026-03-30,23.12790
2026-03-31,23.12760
2026-04-01,23.48670
2026-04-02,23.52330
2026-04-06,23.78690
2026-04-07,23.94820
2026-04-08,24.84310
2026-04-09,24.61280
2026-04-10,24.89740
2026-04-13,24.68140
2026-04-15,25.08300
2026-04-16,25.04680
2026-04-17,25.20880
2026-04-20,25.21990
2026-04-21,25.43870
2026-04-22,25.23290
2026-04-23,25.02040
2026-04-24,24.74100
2026-04-27,24.94150
2026-04-28,24.84070
2026-04-29,25.02860
2026-04-30,24.84190
2026-05-04,24.96570
2026-05-05,24.87580
2026-05-06,25.18390
2026-05-07,25.17910
2026-05-08,25.02300
2026-05-11,24.64920
2026-05-12,24.19740
2026-05-13,24.23140
2026-05-14,24.51750
2026-05-15,24.48580
2026-05-18,23.99860
2026-05-19,23.96590
2026-05-20,24.00720
2026-05-21,24.00250
2026-05-22,24.07750
2026-05-25,24.40170
2026-05-26,24.28170
2026-05-27,24.27480
2026-05-29,23.91370
2026-06-01,23.74540
2026-06-02,23.84740
2026-06-03,23.76810
2026-06-04,23.77890
2026-06-05,23.73860
2026-06-08,23.49050
2026-06-09,23.61060
2026-06-10,23.58280
2026-06-11,23.52840
2026-06-12,24.00450
2026-06-15,24.23770
2026-06-16,24.37440
2026-06-17,24.47200
2026-06-18,24.55510
2026-06-19,24.44370
2026-06-22,24.53370
2026-06-23,24.25830
2026-06-24,24.45830
2026-06-25,24.49280
2026-06-29,24.38020
2026-06-30,24.30200
2026-07-01,24.44380
2026-07-02,24.61580
2026-07-03,24.72070
2026-07-06,24.88150
2026-07-07,24.85170
2026-07-08,24.32700
2026-07-09,24.40990
2026-07-10,24.66170
2026-07-13,24.66490
2026-07-14,24.50310
2026-07-15,24.53230
2026-07-16,24.52620
2026-07-17,24.79520
2026-07-20,24.69690
2026-07-21,24.64500
2026-07-22,24.45040
2026-07-23,24.32130
2026-07-24,24.23280
2026-07-27,24.46510
2026-07-28,24.45400
2026-07-29,24.72240
2026-07-30,24.79000
2026-07-31,24.86270
2026-08-03,25.27780
2026-08-04,25.11540
2026-08-05,25.12490
2026-08-06,25.13610
2026-08-07,25.07410
2026-08-10,25.08690
2026-08-11,24.97230
2026-08-12,24.93560
2026-08-13,24.89600
2026-08-14,24.86550
2026-08-17,24.78460
2026-08-18,24.64900
2026-08-19,24.57060
2026-08-20,24.72680
2026-08-21,24.74700
2026-08-24,24.71240
2026-08-25,24.82980
2026-08-26,24.70010
2026-08-27,24.58060
2026-08-28,24.66670
2026-08-31,24.56860
2026-09-01,24.54310
2026-09-02,24.40230
2026-09-03,24.36000
2026-09-04,24.38800
2026-09-07,24.26600
2026-09-08,24.11870
