Date,NAV
2006-04-02,15.63730
2006-04-03,15.63730
2006-04-04,15.67000
2006-04-05,15.78060
2006-04-07,15.72060
2006-04-10,15.76840
2006-04-12,15.60950
2006-04-13,15.47810
2006-04-17,15.63240
2006-04-18,15.77960
2006-04-19,15.85700
2006-04-20,15.96780
2006-04-21,15.98500
2006-04-24,15.99050
2006-04-25,15.85850
2006-04-26,16.00890
2006-04-27,16.01300
2006-04-28,16.03660
2006-05-02,16.27370
2006-05-03,16.29550
2006-05-04,16.30710
2006-05-05,16.33760
2006-05-08,16.39550
2006-05-09,16.42850
2006-05-10,16.49050
2006-05-11,16.39280
2006-05-12,16.29440
2006-05-15,15.93740
2006-05-16,15.94750
2006-05-17,16.15930
2006-05-18,15.60240
2006-05-19,15.36070
2006-05-22,15.04100
2006-05-23,15.26800
2006-05-24,15.15730
2006-05-25,15.20740
2006-05-26,15.28550
2006-05-29,15.37450
2006-05-30,15.34390
2006-05-31,15.12210
2006-06-01,14.90370
2006-06-02,15.04480
2006-06-05,14.90480
2006-06-06,14.72820
2006-06-07,14.46740
2006-06-08,14.10640
2006-06-09,14.45680
2006-06-12,14.31150
2006-06-13,14.01290
2006-06-14,13.91360
2006-06-15,14.24700
2006-06-16,14.42150
2006-06-19,14.52110
2006-06-20,14.45750
2006-06-21,14.61690
2006-06-22,14.77360
2006-06-23,14.80100
2006-06-26,14.57250
2006-06-27,14.58360
2006-06-28,14.57030
2006-06-29,14.60450
2006-06-30,14.86960
2006-07-03,14.92810
2006-07-04,14.92440
2006-07-05,15.02940
2006-07-06,14.96120
2006-07-07,14.82850
2006-07-10,14.92400
2006-07-11,14.91110
2006-07-12,15.05700
2006-07-13,15.01440
2006-07-14,14.94700
2006-07-17,14.75170
2006-07-18,14.69500
2006-07-19,14.52860
2006-07-20,14.68890
2006-07-21,14.53180
2006-07-24,14.56220
2006-07-25,14.69460
2006-07-26,14.83190
2006-07-27,14.91030
2006-07-28,14.92810
2006-07-31,14.98340
2006-08-01,14.96900
2006-08-02,15.04250
2006-08-03,15.09420
2006-08-04,15.06650
2006-08-07,15.04480
2006-08-08,15.16580
2006-08-09,15.28110
2006-08-10,15.35080
2006-08-11,15.41860
2006-08-14,15.52970
2006-08-16,15.61070
2006-08-17,15.57620
2006-08-18,15.58820
2006-08-21,15.65080
2006-08-22,15.66580
2006-08-23,15.59930
2006-08-24,15.67240
2006-08-25,15.72200
2006-08-28,15.76460
2006-08-29,15.77630
2006-08-30,15.77310
2006-08-31,15.72950
2006-09-01,15.77500
2006-09-04,15.86830
2006-09-05,15.89090
2006-09-06,15.91510
2006-09-07,15.90240
2006-09-08,15.94430
2006-09-11,15.73160
2006-09-12,15.79250
2006-09-13,15.90590
2006-09-14,15.93400
2006-09-15,15.95740
2006-09-18,15.97130
2006-09-19,15.89120
2006-09-20,15.93720
2006-09-21,16.01440
2006-09-22,15.99930
2006-09-25,15.98230
2006-09-26,16.02670
2006-09-27,16.05330
2006-09-28,16.07460
2006-09-29,16.14450
2006-10-03,16.11920
2006-10-04,16.05810
2006-10-05,16.15360
2006-10-06,16.19570
2006-10-09,16.22350
2006-10-10,16.24750
2006-10-11,16.17560
2006-10-12,16.26760
2006-10-13,16.33020
2006-10-16,16.40190
2006-10-17,16.38900
2006-10-18,16.41320
2006-10-19,16.37460
2006-10-20,16.39860
2006-10-23,16.39640
2006-10-26,16.46000
2006-10-27,16.56620
2006-10-30,16.58500
2006-10-31,16.58000
2006-11-01,16.64510
2006-11-02,16.69440
2006-11-03,16.71470
2006-11-06,16.76390
2006-11-07,16.76470
2006-11-08,16.70300
2006-11-09,16.73820
2006-11-10,16.79960
2006-11-13,16.86220
2006-11-14,16.83920
2006-11-15,16.84960
2006-11-16,16.86220
2006-11-17,16.77150
2006-11-20,16.72400
2006-11-21,16.85310
2006-11-22,16.93420
2006-11-23,16.93720
2006-11-24,16.97120
2006-11-27,16.99310
2006-11-28,16.93140
2006-11-29,16.99500
2006-11-30,17.02140
2006-12-01,17.12800
2006-12-04,17.17400
2006-12-05,17.19900
2006-12-06,17.15700
2006-12-07,17.16810
2006-12-08,17.11730
2006-12-11,16.94720
2006-12-12,16.67630
2006-12-13,16.79530
2006-12-14,16.96170
2006-12-15,17.01810
2006-12-18,17.06010
2006-12-19,16.92590
2006-12-20,16.92310
2006-12-21,16.94570
2006-12-22,17.04650
2006-12-26,17.16070
2006-12-27,17.22130
2006-12-28,17.23360
2006-12-29,17.27990
2007-01-02,17.39440
2007-01-03,17.43220
2007-01-04,17.40160
2007-01-05,17.38340
2007-01-08,17.30850
2007-01-09,17.26590
2007-01-10,17.20880
2007-01-11,17.33900
2007-01-12,17.49060
2007-01-15,17.55580
2007-01-16,17.56020
2007-01-17,17.60070
2007-01-18,17.62000
2007-01-19,17.57830
2007-01-22,17.59730
2007-01-23,17.52670
2007-01-24,17.57400
2007-01-25,17.64470
2007-01-29,17.61860
2007-01-31,17.55840
2007-02-01,17.62230
2007-02-02,17.68530
2007-02-05,17.72490
2007-02-06,17.73910
2007-02-07,17.79260
2007-02-08,17.78080
2007-02-09,17.68530
2007-02-12,17.42180
2007-02-13,17.39870
2007-02-14,17.38800
2007-02-15,17.57540
2007-02-19,17.60930
2007-02-20,17.52620
2007-02-21,17.52450
2007-02-22,17.45340
2007-02-23,17.27080
2007-02-26,17.29520
2007-02-27,17.25630
2007-02-28,17.01540
2007-03-01,17.08310
2007-03-02,16.94520
2007-03-05,16.64260
2007-03-06,16.77500
2007-03-07,16.63990
2007-03-08,16.90640
2007-03-09,16.86220
2007-03-12,16.93770
2007-03-13,17.01800
2007-03-14,16.76870
2007-03-15,16.82090
2007-03-16,16.74650
2007-03-19,16.85290
2007-03-20,16.92300
2007-03-21,17.04210
2007-03-22,17.21650
2007-03-23,17.20930
2007-03-26,17.13610
2007-03-28,16.98850
2007-03-29,17.08160
2007-03-30,17.15220
2007-04-02,16.78610
2007-04-03,16.87510
2007-04-04,16.95120
2007-04-05,17.02990
2007-04-09,17.21990
2007-04-10,17.24860
2007-04-11,17.29720
2007-04-12,17.27320
2007-04-13,17.46860
2007-04-16,17.65680
2007-04-17,17.58390
2007-04-18,17.63450
2007-04-19,17.62270
2007-04-20,17.76600
2007-04-23,17.75920
2007-04-24,17.88390
2007-04-25,17.92630
2007-04-26,17.94050
2007-04-27,17.80600
2007-04-30,17.90510
2007-05-03,18.01660
2007-05-04,17.95900
2007-05-07,17.92270
2007-05-08,17.84720
2007-05-09,17.85990
2007-05-10,17.85040
2007-05-11,17.90050
2007-05-14,18.03430
2007-05-15,18.06690
2007-05-16,18.17550
2007-05-17,18.25710
2007-05-18,18.23980
2007-05-21,18.35860
2007-05-22,18.35670
2007-05-23,18.31470
2007-05-24,18.23430
2007-05-25,18.32130
2007-05-28,18.42320
2007-05-29,18.51130
2007-05-30,18.42550
2007-05-31,18.53980
2007-06-01,18.56820
2007-06-04,18.50610
2007-06-05,18.55230
2007-06-06,18.36270
2007-06-07,18.34270
2007-06-08,18.28900
2007-06-11,18.29150
2007-06-12,18.28340
2007-06-13,18.20910
2007-06-14,18.35410
2007-06-15,18.38340
2007-06-18,18.35000
2007-06-19,18.47440
2007-06-20,18.57840
2007-06-21,18.64040
2007-06-22,18.61240
2007-06-25,18.62970
2007-06-26,18.67580
2007-06-27,18.64220
2007-06-28,18.67610
2007-06-29,18.76970
2007-07-02,18.77880
2007-07-03,18.88240
2007-07-04,18.87540
2007-07-05,18.86250
2007-07-06,18.91820
2007-07-09,19.00900
2007-07-10,18.95910
2007-07-11,18.96300
2007-07-12,19.08420
2007-07-13,19.19400
2007-07-16,19.18420
2007-07-17,19.14820
2007-07-18,19.14910
2007-07-19,19.27170
2007-07-20,19.26700
2007-07-23,19.34950
2007-07-24,19.33040
2007-07-25,19.24430
2007-07-26,19.27960
2007-07-27,18.98070
2007-07-30,18.97900
2007-07-31,19.13650
2007-08-01,18.77510
2007-08-02,18.83090
2007-08-03,18.95480
2007-08-06,18.86180
2007-08-07,18.88970
2007-08-08,19.07080
2007-08-09,18.95020
2007-08-10,18.83450
2007-08-13,18.90970
2007-08-14,18.88860
2007-08-16,18.51960
2007-08-17,18.39830
2007-08-20,18.57420
2007-08-21,18.25970
2007-08-22,18.38210
2007-08-23,18.31330
2007-08-24,18.44590
2007-08-27,18.69630
2007-08-28,18.72650
2007-08-29,18.78930
2007-08-30,18.86260
2007-08-31,19.01280
2007-09-03,19.10530
2007-09-04,19.13980
2007-09-05,19.15110
2007-09-06,19.23610
2007-09-07,19.20090
2007-09-10,19.19370
2007-09-11,19.14510
2007-09-12,19.15140
2007-09-13,19.21600
2007-09-14,19.13390
2007-09-17,19.10810
2007-09-18,19.20470
2007-09-19,19.51290
2007-09-20,19.54550
2007-09-21,19.64270
2007-09-24,19.74490
2007-09-25,19.74340
2007-09-26,19.77260
2007-09-27,19.86550
2007-09-28,19.97230
2007-10-01,20.01410
2007-10-03,20.18210
2007-10-04,20.18440
2007-10-05,20.13650
2007-10-08,19.88980
2007-10-09,20.23370
2007-10-10,20.42080
2007-10-11,20.60110
2007-10-12,20.45640
2007-10-15,20.82120
2007-10-16,20.86210
2007-10-17,20.68490
2007-10-18,20.29280
2007-10-19,20.00550
2007-10-22,20.03270
2007-10-23,20.56320
2007-10-24,20.60100
2007-10-25,20.76050
2007-10-26,21.02580
2007-10-29,21.32920
2007-10-30,21.25850
2007-10-31,21.30870
2007-11-01,21.18850
2007-11-02,21.29740
2007-11-05,21.18490
2007-11-06,21.10230
2007-11-07,21.09090
2007-11-08,20.93330
2007-11-12,20.81830
2007-11-13,21.00100
2007-11-14,21.42990
2007-11-15,21.45010
2007-11-16,21.48190
2007-11-19,21.56660
2007-11-20,21.38190
2007-11-21,20.94390
2007-11-22,20.86940
2007-11-23,21.00580
2007-11-26,21.22390
2007-11-27,21.20060
2007-11-28,21.07010
2007-11-29,21.06910
2007-11-30,21.32820
2007-12-03,21.56680
2007-12-04,21.63910
2007-12-05,21.81300
2007-12-06,21.84700
2007-12-07,21.87500
2007-12-10,21.89400
2007-12-11,22.07020
2007-12-12,22.18420
2007-12-13,22.10120
2007-12-14,22.10910
2007-12-17,21.60220
2007-12-18,21.56590
2007-12-19,21.56930
2007-12-20,21.60820
2007-12-24,21.95010
2007-12-26,22.16360
2007-12-27,22.17210
2007-12-28,22.27290
2007-12-31,22.50010
2008-01-01,22.57940
2008-01-02,16.17640
2008-01-03,22.62710
2008-01-04,22.76860
2008-01-07,22.77100
2008-01-08,22.64280
2008-01-09,22.61470
2008-01-10,22.35820
2008-01-11,22.42700
2008-01-14,22.47850
2008-01-15,22.27850
2008-01-16,22.02360
2008-01-17,22.01570
2008-01-18,21.56210
2008-01-21,20.59500
2008-01-22,19.98260
2008-01-23,20.72990
2008-01-24,20.28130
2008-01-25,21.11590
2008-01-28,20.94440
2008-01-29,20.96050
2008-01-30,20.74280
2008-01-31,20.63730
2008-02-01,20.91370
2008-02-04,21.24410
2008-02-05,21.31290
2008-02-06,20.96820
2008-02-07,20.54790
2008-02-08,20.38250
2008-02-11,19.75370
2008-02-12,19.68340
2008-02-13,19.83830
2008-02-14,20.47140
2008-02-15,20.69350
2008-02-18,20.68910
2008-02-19,20.73680
2008-02-20,20.46460
2008-02-21,20.52660
2008-02-22,20.35470
2008-02-25,20.51760
2008-02-26,20.71940
2008-02-27,20.75530
2008-02-28,20.78460
2008-02-29,20.59600
2008-03-03,20.03300
2008-03-04,19.82670
2008-03-05,19.87080
2008-03-07,19.47150
2008-03-10,19.52400
2008-03-11,19.78200
2008-03-12,19.73460
2008-03-13,19.11330
2008-03-14,19.33740
2008-03-18,18.68610
2008-03-19,18.74250
2008-03-24,18.72250
2008-03-25,19.28700
2008-03-26,19.29320
2008-03-27,19.27230
2008-03-28,19.61380
2008-03-31,19.24780
2008-04-01,19.20010
2008-04-02,19.22050
2008-04-03,19.20250
2008-04-04,18.93930
2008-04-07,19.17820
2008-04-08,19.11190
2008-04-09,19.21500
2008-04-10,19.20050
2008-04-11,19.30300
2008-04-15,19.49750
2008-04-16,19.54580
2008-04-17,19.69330
2008-04-21,19.87630
2008-04-22,19.92560
2008-04-23,19.89140
2008-04-24,19.84840
2008-04-25,20.02500
2008-04-28,19.99520
2008-04-29,20.15130
2008-04-30,20.12150
2008-05-02,20.22460
2008-05-05,20.21280
2008-05-06,20.12490
2008-05-07,20.10330
2008-05-08,20.02300
2008-05-09,19.83850
2008-05-12,19.86590
2008-05-13,19.79120
2008-05-14,19.88670
2008-05-15,20.05430
2008-05-16,20.13600
2008-05-20,20.06690
2008-05-21,20.10550
2008-05-22,19.95240
2008-05-23,19.80390
2008-05-26,19.62860
2008-05-27,19.57320
2008-05-28,19.66860
2008-05-29,19.58150
2008-05-30,19.63860
2008-06-02,19.43230
2008-06-03,19.35790
2008-06-04,19.12130
2008-06-05,19.24830
2008-06-06,19.17210
2008-06-09,18.90090
2008-06-10,18.81330
2008-06-11,18.95820
2008-06-12,19.02400
2008-06-13,19.01370
2008-06-16,19.12620
2008-06-17,19.27560
2008-06-18,19.16110
2008-06-19,19.00730
2008-06-20,18.72730
2008-06-23,18.52620
2008-06-24,18.38830
2008-06-25,18.49070
2008-06-26,18.57690
2008-06-27,18.26950
2008-06-30,18.08240
2008-07-01,17.78570
2008-07-02,18.15380
2008-07-03,17.83440
2008-07-04,18.01930
2008-07-07,18.08030
2008-07-08,17.99470
2008-07-09,18.34930
2008-07-10,18.35460
2008-07-11,18.12880
2008-07-14,18.10130
2008-07-15,17.73840
2008-07-16,17.66250
2008-07-17,17.90080
2008-07-18,18.18110
2008-07-21,18.27040
2008-07-22,18.43540
2008-07-23,18.93410
2008-07-24,18.83590
2008-07-25,18.63710
2008-07-28,18.68520
2008-07-29,18.39630
2008-07-30,18.64700
2008-07-31,18.67750
2008-08-01,18.84770
2008-08-04,18.85220
2008-08-05,19.05170
2008-08-06,19.09350
2008-08-07,19.10840
2008-08-08,19.13420
2008-08-11,19.32740
2008-08-12,19.19850
2008-08-13,19.14870
2008-08-14,18.96990
2008-08-18,18.89480
2008-08-19,18.84370
2008-08-20,18.93120
2008-08-21,18.70420
2008-08-22,18.77470
2008-08-25,18.80790
2008-08-26,18.80690
2008-08-27,18.73130
2008-08-28,18.60070
2008-08-29,18.87050
2008-09-01,18.85780
2008-09-02,19.12880
2008-09-04,19.06180
2008-09-05,18.87790
2008-09-08,19.10630
2008-09-09,19.07120
2008-09-10,18.94930
2008-09-11,18.75800
2008-09-12,18.63940
2008-09-15,18.33930
2008-09-16,18.30690
2008-09-17,18.17110
2008-09-18,18.20200
2008-09-19,18.58210
2008-09-22,18.56230
2008-09-23,18.34960
2008-09-24,18.41110
2008-09-25,18.31770
2008-09-26,18.06010
2008-09-29,17.76110
2008-09-30,17.90250
2008-10-01,17.96860
2008-10-03,17.69120
2008-10-06,17.19640
2008-10-07,17.13970
2008-10-08,16.88620
2008-10-10,16.37660
2008-10-13,16.82280
2008-10-14,16.90580
2008-10-15,16.50470
2008-10-16,16.33480
2008-10-17,15.95940
2008-10-20,16.05090
2008-10-21,16.28730
2008-10-22,15.96780
2008-10-23,15.70530
2008-10-24,15.01010
2008-10-27,14.85800
2008-10-29,15.22010
2008-10-31,15.59050
2008-11-03,15.92400
2008-11-04,16.18690
2008-11-05,15.89780
2008-11-06,15.64550
2008-11-07,15.81810
2008-11-10,16.24810
2008-11-11,15.78130
2008-11-12,15.56370
2008-11-14,15.46610
2008-11-17,15.40530
2008-11-18,15.11920
2008-11-19,14.99560
2008-11-20,14.77950
2008-11-21,15.08320
2008-11-24,15.10170
2008-11-25,14.96250
2008-11-26,15.18680
2008-11-28,15.22380
2008-12-01,15.04900
2008-12-02,14.98280
2008-12-03,15.01520
2008-12-04,15.35870
2008-12-05,15.16930
2008-12-08,15.31880
2008-12-10,15.65460
2008-12-11,15.67100
2008-12-12,15.71220
2008-12-15,15.88190
2008-12-16,16.03800
2008-12-17,15.83850
2008-12-18,16.09580
2008-12-19,16.15130
2008-12-22,16.07180
2008-12-23,15.89030
2008-12-24,15.79520
2008-12-26,15.65570
2008-12-29,15.81730
2008-12-30,15.96480
2008-12-31,15.93410
2009-01-01,16.11610
2009-01-02,16.17640
2009-01-05,16.35860
2009-01-06,16.35650
2009-01-07,15.88920
2009-01-09,15.76410
2009-01-12,15.53020
2009-01-13,15.46380
2009-01-14,15.65890
2009-01-15,15.43310
2009-01-16,15.63670
2009-01-19,15.67030
2009-01-20,15.53990
2009-01-21,15.31340
2009-01-22,15.32140
2009-01-23,15.22200
2009-01-27,15.43370
2009-01-28,15.59960
2009-01-29,15.54440
2009-01-30,15.67720
2009-02-02,15.45460
2009-02-03,15.50970
2009-02-04,15.53540
2009-02-05,15.47610
2009-02-06,15.61820
2009-02-09,15.80750
2009-02-10,15.85840
2009-02-11,15.84800
2009-02-12,15.77060
2009-02-13,15.88920
2009-02-16,15.66170
2009-02-17,15.47290
2009-02-18,15.47630
2009-02-19,15.51030
2009-02-20,15.36260
2009-02-24,15.32870
2009-02-25,15.38570
2009-02-26,15.43490
2009-02-27,15.40300
2009-03-02,15.19860
2009-03-03,15.06480
2009-03-04,15.11320
2009-03-05,14.94200
2009-03-06,15.02930
2009-03-09,14.91280
2009-03-12,15.01960
2009-03-13,15.26870
2009-03-16,15.40690
2009-03-17,15.36550
2009-03-18,15.47290
2009-03-19,15.50400
2009-03-20,15.50340
2009-03-23,15.79400
2009-03-24,15.80550
2009-03-25,15.90870
2009-03-26,16.11360
2009-03-27,16.20510
2009-03-30,15.93330
2009-03-31,16.05930
2009-04-01,16.16220
2009-04-02,16.48440
2009-04-06,16.59580
2009-04-08,16.78020
2009-04-09,16.81420
2009-04-13,16.93510
2009-04-15,17.17210
2009-04-16,16.94700
2009-04-17,17.00220
2009-04-20,17.00520
2009-04-21,16.99870
2009-04-22,16.93640
2009-04-23,17.11190
2009-04-24,17.24270
2009-04-27,17.25240
2009-04-28,16.98860
2009-04-29,17.22130
2009-05-04,17.60070
2009-05-05,17.62180
2009-05-06,17.54000
2009-05-07,17.67330
2009-05-08,17.56890
2009-05-11,17.43930
2009-05-12,17.66760
2009-05-13,17.60720
2009-05-14,17.56010
2009-05-15,17.70880
2009-05-19,19.01690
2009-05-20,19.04770
2009-05-21,18.94340
2009-05-22,19.02820
2009-05-25,19.07640
2009-05-26,18.84890
2009-05-27,19.14510
2009-05-28,19.30120
2009-05-29,19.52830
2009-06-01,19.64830
2009-06-02,19.65780
2009-06-03,19.69510
2009-06-04,19.80030
2009-06-05,19.83300
2009-06-08,19.56130
2009-06-09,19.77500
2009-06-10,19.97920
2009-06-11,19.93550
2009-06-12,19.85080
2009-06-15,19.65390
2009-06-16,19.72510
2009-06-17,19.44840
2009-06-18,19.28190
2009-06-19,19.40330
2009-06-22,19.28470
2009-06-23,19.28890
2009-06-24,19.40260
2009-06-25,19.34710
2009-06-26,19.59210
2009-06-29,19.66050
2009-06-30,19.48500
2009-07-01,19.54460
2009-07-02,19.56720
2009-07-03,19.68850
2009-07-06,19.24060
2009-07-07,19.31230
2009-07-08,19.08830
2009-07-09,19.10860
2009-07-10,18.97790
2009-07-13,18.90330
2009-07-14,19.16400
2009-07-15,19.40900
2009-07-16,19.43180
2009-07-17,19.69910
2009-07-20,19.97430
2009-07-21,19.89970
2009-07-22,19.80130
2009-07-23,20.00070
2009-07-24,20.07590
2009-07-27,20.10470
2009-07-28,20.12870
2009-07-29,20.06440
2009-07-30,20.13920
2009-07-31,20.26080
2009-08-03,20.39970
2009-08-04,20.35500
2009-08-05,20.41370
2009-08-06,20.25880
2009-08-07,20.08660
2009-08-10,19.99950
2009-08-11,20.05260
2009-08-12,20.07050
2009-08-13,20.32640
2009-08-14,20.30940
2009-08-17,19.99610
2009-08-18,20.13020
2009-08-19,20.01750
2009-08-20,20.11960
2009-08-21,20.26270
2009-08-24,20.46180
2009-08-25,20.50800
2009-08-26,20.56030
2009-08-27,20.61030
2009-08-28,20.70450
2009-08-31,20.61200
2009-09-01,20.53150
2009-09-02,20.47660
2009-09-03,20.45390
2009-09-04,20.58850
2009-09-07,20.76160
2009-09-08,20.80310
2009-09-09,20.81600
2009-09-10,20.82730
2009-09-11,20.83880
2009-09-14,20.83580
2009-09-15,20.98190
2009-09-16,21.08240
2009-09-17,21.09420
2009-09-18,21.12200
2009-09-22,21.18140
2009-09-23,21.07190
2009-09-24,21.15170
2009-09-25,21.16250
2009-09-29,21.28740
2009-09-30,21.43630
2009-10-01,21.44490
2009-10-05,21.30120
2009-10-06,21.33820
2009-10-07,21.33320
2009-10-08,21.36290
2009-10-09,21.26980
2009-10-12,21.48990
2009-10-14,21.64790
2009-10-15,21.63900
2009-10-16,21.70770
2009-10-20,21.71400
2009-10-21,21.60410
2009-10-22,21.45730
2009-10-23,21.51930
2009-10-26,21.44290
2009-10-27,21.19990
2009-10-28,21.19250
2009-10-29,21.06120
2009-10-30,20.98730
2009-11-03,20.68600
2009-11-04,20.98250
2009-11-05,21.11590
2009-11-06,21.25060
2009-11-09,21.46340
2009-11-10,21.41570
2009-11-11,21.67400
2009-11-12,21.58310
2009-11-13,21.67700
2009-11-16,21.80920
2009-11-17,21.83810
2009-11-18,21.83300
2009-11-19,21.69550
2009-11-20,21.80890
2009-11-23,21.88670
2009-11-24,21.92180
2009-11-25,21.98930
2009-11-26,21.78750
2009-11-27,21.64340
2009-11-30,21.86430
2009-12-01,22.07070
2009-12-02,22.09290
2009-12-03,22.13620
2009-12-04,22.08400
2009-12-07,21.99210
2009-12-08,22.16870
2009-12-09,22.11190
2009-12-10,22.16770
2009-12-11,22.13350
2009-12-14,22.11450
2009-12-15,21.96420
2009-12-16,21.99400
2009-12-17,22.04060
2009-12-18,21.94890
2009-12-21,21.89800
2009-12-22,21.98060
2009-12-23,22.29810
2009-12-24,22.36100
2009-12-29,22.42040
2009-12-30,22.42460
2009-12-31,22.49170
2010-01-04,22.58240
2010-01-05,22.70000
2010-01-06,22.71830
2010-01-07,22.66960
2010-01-08,22.62180
2010-01-11,22.67200
2010-01-12,22.59620
2010-01-13,22.67080
2010-01-14,22.72050
2010-01-15,22.76100
2010-01-18,22.81150
2010-01-19,22.73890
2010-01-20,22.74830
2010-01-21,22.54620
2010-01-22,22.48760
2010-01-25,22.42220
2010-01-27,22.13260
2010-01-28,22.12590
2010-01-29,22.18570
2010-02-01,22.30050
2010-02-02,22.19950
2010-02-03,22.34930
2010-02-04,22.17800
2010-02-05,21.96610
2010-02-08,22.07740
2010-02-09,22.14640
2010-02-10,22.11180
2010-02-11,22.22450
2010-02-15,22.15970
2010-02-16,22.21860
2010-02-17,22.32430
2010-02-18,22.28730
2010-02-19,22.20120
2010-02-22,22.20140
2010-02-23,22.22320
2010-02-24,22.18720
2010-02-25,22.14890
2010-02-26,22.26370
2010-03-02,22.47490
2010-03-03,22.62220
2010-03-04,22.68050
2010-03-05,22.71670
2010-03-08,22.76900
2010-03-09,22.72030
2010-03-10,22.72810
2010-03-11,22.75790
2010-03-12,22.75990
2010-03-15,22.74190
2010-03-16,22.83090
2010-03-17,22.85970
2010-03-18,22.89370
2010-03-19,22.94850
2010-03-22,22.87690
2010-03-23,22.92710
2010-03-25,22.95990
2010-03-26,23.01440
2010-03-29,23.03550
2010-03-30,23.03440
2010-03-31,23.04120
2010-04-01,23.12690
2010-04-05,23.29180
2010-04-06,23.30660
2010-04-07,23.32660
2010-04-08,23.25480
2010-04-09,23.33830
2010-04-12,23.32760
2010-04-13,23.31160
2010-04-15,23.25160
2010-04-16,23.21490
2010-04-19,23.11210
2010-04-20,23.19820
2010-04-21,23.26570
2010-04-22,23.29990
2010-04-23,23.34440
2010-04-26,23.40300
2010-04-27,23.38490
2010-04-28,23.22350
2010-04-29,23.22310
2010-04-30,23.35750
2010-05-03,23.27760
2010-05-04,23.14590
2010-05-05,23.12170
2010-05-06,23.07860
2010-05-07,22.91420
2010-05-10,23.19520
2010-05-11,23.10350
2010-05-12,23.11250
2010-05-13,23.20770
2010-05-14,23.07820
2010-05-17,23.02330
2010-05-18,23.04770
2010-05-19,22.77700
2010-05-20,22.82340
2010-05-21,22.74630
2010-05-24,22.76860
2010-05-25,22.50750
2010-05-26,22.69250
2010-05-27,22.83930
2010-05-28,22.97930
2010-05-31,23.03590
2010-06-01,22.86010
2010-06-02,22.95640
2010-06-03,23.12100
2010-06-04,23.15020
2010-06-07,22.98970
2010-06-08,22.91670
2010-06-09,22.98810
2010-06-10,23.12250
2010-06-11,23.16340
2010-06-14,23.26750
2010-06-15,23.30830
2010-06-16,23.34160
2010-06-17,23.38870
2010-06-18,23.36030
2010-06-21,23.52580
2010-06-22,23.49790
2010-06-23,23.55000
2010-06-24,23.51650
2010-06-25,23.43360
2010-06-28,23.57450
2010-06-29,23.45640
2010-06-30,23.53050
2010-07-01,23.43600
2010-07-02,23.43680
2010-07-05,23.43950
2010-07-06,23.54690
2010-07-07,23.48630
2010-07-08,23.60410
2010-07-09,23.70870
2010-07-12,23.76030
2010-07-13,23.79030
2010-07-14,23.75210
2010-07-15,23.74520
2010-07-16,23.79730
2010-07-19,23.78500
2010-07-20,23.76110
2010-07-21,23.81660
2010-07-22,23.89110
2010-07-23,23.90180
2010-07-26,23.85700
2010-07-27,23.88550
2010-07-28,23.86050
2010-07-29,23.95360
2010-07-30,23.92430
2010-08-02,23.89000
2010-08-03,23.92550
2010-08-04,23.93620
2010-08-05,23.93590
2010-08-06,23.91250
2010-08-09,24.00540
2010-08-10,23.94310
2010-08-11,23.86810
2010-08-12,23.87350
2010-08-13,23.91030
2010-08-16,23.89620
2010-08-17,23.91370
2010-08-18,23.98700
2010-08-19,24.05710
2010-08-20,24.04280
2010-08-23,24.07800
2010-08-24,24.01850
2010-08-25,23.96160
2010-08-26,24.07010
2010-08-27,23.96810
2010-08-30,23.96900
2010-08-31,23.94970
2010-09-01,24.10060
2010-09-02,24.11410
2010-09-03,24.12870
2010-09-06,24.20950
2010-09-07,24.24790
2010-09-08,24.30820
2010-09-09,24.29270
2010-09-13,24.33540
2010-09-14,24.41360
2010-09-15,24.51030
2010-09-16,24.45020
2010-09-17,24.51830
2010-09-20,24.59110
2010-09-21,24.58840
2010-09-22,24.56540
2010-09-23,24.53560
2010-09-24,24.64280
2010-09-27,24.66430
2010-09-28,24.65630
2010-09-29,24.62300
2010-09-30,24.61820
2010-10-01,24.80720
2010-10-04,24.84370
2010-10-05,24.90110
2010-10-06,25.01620
2010-10-07,24.94840
2010-10-08,24.85840
2010-10-11,24.92850
2010-10-12,24.93140
2010-10-13,25.09880
2010-10-14,25.05680
2010-10-15,24.86820
2010-10-18,24.84670
2010-10-19,24.85300
2010-10-20,24.73190
2010-10-21,24.98980
2010-10-22,24.91990
2010-10-25,25.04330
2010-10-26,24.97500
2010-10-27,24.90390
2010-10-28,24.85510
2010-10-29,24.84440
2010-11-01,25.03370
2010-11-02,25.08880
2010-11-03,25.14420
2010-11-04,25.27290
2010-11-08,25.32910
2010-11-09,25.42430
2010-11-10,25.37900
2010-11-11,25.26350
2010-11-12,25.05390
2010-11-15,25.11590
2010-11-16,24.93440
2010-11-18,24.95280
2010-11-19,24.77740
2010-11-22,24.93820
2010-11-23,24.88710
2010-11-24,24.77910
2010-11-25,24.77860
2010-11-26,24.50030
2010-11-29,24.59110
2010-11-30,24.76200
2010-12-01,24.93260
2010-12-02,24.98340
2010-12-03,24.87750
2010-12-06,24.82450
2010-12-07,24.79720
2010-12-08,24.62260
2010-12-09,24.38590
2010-12-10,24.55560
2010-12-13,24.64640
2010-12-14,24.77260
2010-12-15,24.67740
2010-12-16,24.76780
2010-12-20,24.73640
2010-12-21,24.82750
2010-12-22,24.83100
2010-12-23,24.79330
2010-12-24,24.83150
2010-12-27,24.80930
2010-12-28,24.81620
2010-12-29,24.96170
2010-12-30,25.01400
2010-12-31,25.08290
2011-01-03,25.08650
2011-01-04,25.03850
2011-01-05,24.92420
2011-01-06,24.80940
2011-01-07,24.59950
2011-01-10,24.43190
2011-01-11,24.47330
2011-01-12,24.61560
2011-01-13,24.51070
2011-01-14,24.34990
2011-01-17,24.32310
2011-01-18,24.40950
2011-01-19,24.41490
2011-01-20,24.41110
2011-01-21,24.35040
2011-01-24,24.42960
2011-01-25,24.34250
2011-01-27,24.21410
2011-01-28,24.03170
2011-01-31,24.06940
2011-02-01,23.95920
2011-02-02,23.96240
2011-02-03,24.05540
2011-02-04,23.92880
2011-02-07,23.90170
2011-02-08,23.75240
2011-02-09,23.62120
2011-02-10,23.61420
2011-02-11,23.78340
2011-02-14,24.01750
2011-02-15,24.08360
2011-02-16,24.09520
2011-02-17,24.19280
2011-02-18,24.05620
2011-02-21,24.14340
2011-02-22,24.05980
2011-02-23,24.01580
2011-02-24,23.82000
2011-02-25,23.84300
2011-02-28,23.90990
2011-03-01,24.16190
2011-03-03,24.19990
2011-03-04,24.19380
2011-03-07,24.14280
2011-03-08,24.23500
2011-03-09,24.24250
2011-03-10,24.20240
2011-03-11,24.10860
2011-03-14,24.20810
2011-03-15,24.06500
2011-03-16,24.14100
2011-03-17,24.10840
2011-03-18,24.04250
2011-03-21,24.05410
2011-03-22,24.11150
2011-03-23,24.19590
2011-03-24,24.26820
2011-03-25,24.41760
2011-03-28,24.45590
2011-03-29,24.50920
2011-03-30,24.62430
2011-03-31,24.68100
2011-04-01,24.69510
2011-04-04,24.81000
2011-04-05,24.85550
2011-04-06,24.87040
2011-04-07,24.90090
2011-04-08,24.84540
2011-04-11,24.78520
2011-04-13,24.90440
2011-04-15,24.87150
2011-04-18,24.79390
2011-04-19,24.85220
2011-04-20,24.96600
2011-04-21,24.96090
2011-04-25,24.96860
2011-04-26,24.97940
2011-04-27,24.97490
2011-04-28,24.95780
2011-04-29,24.86550
2011-05-02,24.78090
2011-05-03,24.61110
2011-05-04,24.57490
2011-05-05,24.42010
2011-05-06,24.48560
2011-05-09,24.55040
2011-05-10,24.57780
2011-05-11,24.63750
2011-05-12,24.50250
2011-05-13,24.64610
2011-05-16,24.55920
2011-05-17,24.51650
2011-05-18,24.47300
2011-05-19,24.44000
2011-05-20,24.50850
2011-05-23,24.44520
2011-05-24,24.49450
2011-05-25,24.47980
2011-05-26,24.52420
2011-05-27,24.61270
2011-05-30,24.61480
2011-05-31,24.76720
2011-06-01,24.79860
2011-06-02,24.78070
2011-06-03,24.73220
2011-06-06,24.74450
2011-06-07,24.80290
2011-06-08,24.76690
2011-06-09,24.76500
2011-06-10,24.75840
2011-06-13,24.76150
2011-06-14,24.74350
2011-06-15,24.66980
2011-06-16,24.63730
2011-06-17,24.60520
2011-06-20,24.48500
2011-06-21,24.48380
2011-06-22,24.47430
2011-06-23,24.50320
2011-06-24,24.67700
2011-06-27,24.74450
2011-06-28,24.75570
2011-06-29,24.79380
2011-06-30,24.83090
2011-07-01,24.81900
2011-07-04,24.85280
2011-07-05,24.84670
2011-07-06,24.86800
2011-07-07,25.02600
2011-07-08,24.90930
2011-07-11,24.91930
2011-07-12,24.87100
2011-07-13,24.98190
2011-07-14,25.06800
2011-07-15,25.03140
2011-07-18,25.08230
2011-07-19,25.13410
2011-07-20,25.04170
2011-07-21,24.99390
2011-07-22,25.10310
2011-07-25,25.20150
2011-07-26,25.05090
2011-07-27,24.99580
2011-07-28,24.92480
2011-07-29,24.90380
2011-08-01,24.89260
2011-08-02,24.87770
2011-08-03,24.93160
2011-08-04,24.84130
2011-08-05,24.74890
2011-08-08,24.82560
2011-08-09,24.93060
2011-08-10,25.00060
2011-08-11,25.03410
2011-08-12,24.85760
2011-08-16,24.86620
2011-08-17,24.89420
2011-08-18,24.75850
2011-08-19,24.83690
2011-08-22,24.98610
2011-08-23,24.99040
2011-08-24,24.89210
2011-08-25,24.50920
2011-08-26,24.51060
2011-08-29,24.76550
2011-08-30,24.82240
2011-09-02,25.00700
2011-09-05,25.10730
2011-09-06,25.12600
2011-09-07,25.14970
2011-09-08,25.16880
2011-09-09,25.18630
2011-09-12,25.05740
2011-09-13,24.98090
2011-09-14,25.10940
2011-09-15,25.15900
2011-09-16,25.10810
2011-09-19,25.13730
2011-09-20,25.21100
2011-09-21,25.30650
2011-09-22,25.02920
2011-09-23,24.95890
2011-09-26,24.62550
2011-09-27,24.87780
2011-09-28,24.81660
2011-09-29,24.72040
2011-09-30,24.61030
2011-10-03,24.47570
2011-10-04,24.35450
2011-10-05,24.15200
2011-10-07,24.43370
2011-10-10,24.56650
2011-10-11,24.60550
2011-10-12,24.80400
2011-10-13,24.80420
2011-10-14,24.89190
2011-10-17,24.94390
2011-10-18,24.75720
2011-10-19,24.89090
2011-10-20,24.77760
2011-10-21,24.73810
2011-10-24,24.90280
2011-10-25,24.96990
2011-10-28,25.31200
2011-10-31,25.22880
2011-11-01,25.15450
2011-11-02,25.22350
2011-11-03,25.31350
2011-11-04,25.36600
2011-11-08,25.48590
2011-11-09,25.32860
2011-11-11,25.22140
2011-11-14,25.24350
2011-11-15,25.09700
2011-11-16,25.05620
2011-11-17,24.92570
2011-11-18,24.82130
2011-11-21,24.65450
2011-11-22,24.67250
2011-11-23,24.50900
2011-11-24,24.62080
2011-11-25,24.60690
2011-11-28,24.85780
2011-11-29,24.75280
2011-11-30,24.79310
2011-12-01,25.02280
2011-12-02,25.21150
2011-12-05,25.26970
2011-12-07,25.26360
2011-12-08,25.15500
2011-12-09,25.02170
2011-12-12,24.80780
2011-12-13,24.89400
2011-12-14,24.73450
2011-12-15,24.57620
2011-12-16,24.39550
2011-12-19,24.34180
2011-12-20,24.23970
2011-12-21,24.45570
2011-12-22,24.46700
2011-12-23,24.43210
2011-12-26,24.46200
2011-12-27,24.40390
2011-12-28,24.31930
2011-12-29,24.15020
2011-12-30,24.16660
2012-01-02,24.21800
2012-01-03,24.55960
2012-01-04,24.57570
2012-01-05,24.60340
2012-01-06,24.64300
2012-01-09,24.69550
2012-01-10,24.80800
2012-01-11,24.85560
2012-01-12,24.86250
2012-01-13,24.92200
2012-01-16,24.89850
2012-01-17,25.08440
2012-01-18,25.00110
2012-01-19,25.10690
2012-01-20,25.19870
2012-01-23,25.23110
2012-01-24,25.31120
2012-01-25,25.37380
2012-01-27,25.54820
2012-01-30,25.38860
2012-01-31,25.64320
2012-02-01,25.77650
2012-02-02,25.81550
2012-02-03,25.91750
2012-02-06,25.97790
2012-02-07,25.92850
2012-02-08,26.04290
2012-02-09,26.15310
2012-02-10,26.15720
2012-02-13,26.18250
2012-02-14,26.16660
2012-02-15,26.36890
2012-02-16,26.43540
2012-02-17,26.50420
2012-02-21,26.58960
2012-02-22,26.31940
2012-02-23,26.33340
2012-02-24,26.28550
2012-02-27,26.01330
2012-02-28,26.26950
2012-02-29,26.37510
2012-03-01,26.15990
2012-03-02,26.20140
2012-03-05,26.04400
2012-03-06,25.94590
2012-03-07,25.93930
2012-03-09,26.11870
2012-03-12,26.20260
2012-03-13,26.28740
2012-03-14,26.29440
2012-03-15,26.12810
2012-03-16,26.04870
2012-03-19,25.98540
2012-03-20,25.97420
2012-03-21,26.15950
2012-03-22,25.93410
2012-03-23,26.03730
2012-03-26,25.86280
2012-03-27,25.98490
2012-03-28,25.83870
2012-03-29,25.83590
2012-03-30,26.10590
2012-04-02,26.17050
2012-04-03,26.24520
2012-04-04,26.22160
2012-04-09,26.09240
2012-04-10,26.14640
2012-04-11,26.13470
2012-04-12,26.20920
2012-04-13,26.15180
2012-04-16,26.19470
2012-04-17,26.28890
2012-04-18,26.32560
2012-04-19,26.38100
2012-04-20,26.34390
2012-04-23,26.17400
2012-04-24,26.25510
2012-04-25,26.15130
2012-04-26,26.11540
2012-04-27,26.12750
2012-04-30,26.27340
2012-05-02,26.27090
2012-05-03,26.19250
2012-05-04,26.02480
2012-05-07,26.08270
2012-05-08,25.87440
2012-05-09,25.72910
2012-05-10,25.74440
2012-05-11,25.68420
2012-05-14,25.60520
2012-05-15,25.67160
2012-05-16,25.49050
2012-05-17,25.54140
2012-05-18,25.63460
2012-05-21,25.65330
2012-05-22,25.58970
2012-05-23,25.50780
2012-05-24,25.64670
2012-05-25,25.65610
2012-05-28,25.81900
2012-05-29,25.83060
2012-05-30,25.72660
2012-05-31,25.79120
2012-06-01,25.64140
2012-06-04,25.76310
2012-06-05,25.79200
2012-06-06,26.00660
2012-06-07,26.04160
2012-06-08,26.02260
2012-06-11,26.08420
2012-06-12,26.18670
2012-06-13,26.22970
2012-06-14,26.14080
2012-06-15,26.24370
2012-06-18,26.08470
2012-06-19,26.18100
2012-06-20,26.24690
2012-06-21,26.31100
2012-06-22,26.29720
2012-06-25,26.23140
2012-06-26,26.29150
2012-06-27,26.30520
2012-06-28,26.30240
2012-06-29,26.45090
2012-07-02,26.56770
2012-07-03,26.60340
2012-07-04,26.66210
2012-07-05,26.75970
2012-07-06,26.69640
2012-07-09,26.61240
2012-07-10,26.71850
2012-07-11,26.63290
2012-07-12,26.51940
2012-07-13,26.51930
2012-07-16,26.52430
2012-07-17,26.48500
2012-07-18,26.53030
2012-07-19,26.57490
2012-07-20,26.55510
2012-07-23,26.42630
2012-07-24,26.46260
2012-07-25,26.47340
2012-07-26,26.32550
2012-07-27,26.38820
2012-07-30,26.55960
2012-07-31,26.60500
2012-08-01,26.64070
2012-08-02,26.64340
2012-08-03,26.62340
2012-08-06,26.70660
2012-08-07,26.77000
2012-08-08,26.74310
2012-08-09,26.69740
2012-08-10,26.72910
2012-08-13,26.85290
2012-08-14,26.89450
2012-08-16,26.85840
2012-08-17,26.88510
2012-08-21,26.96900
2012-08-22,26.96150
2012-08-23,27.00800
2012-08-24,27.02390
2012-08-27,26.97540
2012-08-28,26.90950
2012-08-29,26.83760
2012-08-30,26.86460
2012-08-31,26.80590
2012-09-03,26.89160
2012-09-04,26.98340
2012-09-05,26.97660
2012-09-06,27.07920
2012-09-07,27.17950
2012-09-10,27.38520
2012-09-11,27.39470
2012-09-12,27.47600
2012-09-13,27.43470
2012-09-14,27.64970
2012-09-17,27.65290
2012-09-18,27.65350
2012-09-20,27.63060
2012-09-21,27.91340
2012-09-24,27.83690
2012-09-25,27.93180
2012-09-26,27.92710
2012-09-27,27.90320
2012-09-28,28.01630
2012-10-01,28.08360
2012-10-03,28.08660
2012-10-04,28.17660
2012-10-05,28.08500
2012-10-08,28.02510
2012-10-09,28.09490
2012-10-10,27.99710
2012-10-11,28.08760
2012-10-12,28.05290
2012-10-15,28.02010
2012-10-16,27.91950
2012-10-17,27.97930
2012-10-18,28.12020
2012-10-19,28.08570
2012-10-22,28.05580
2012-10-23,28.03090
2012-10-25,27.96560
2012-10-26,27.90520
2012-10-29,27.91260
2012-10-30,27.81930
2012-10-31,27.86630
2012-11-01,27.94550
2012-11-02,28.02170
2012-11-05,27.99210
2012-11-06,28.07970
2012-11-07,28.19390
2012-11-08,28.21200
2012-11-09,28.14650
2012-11-12,28.25800
2012-11-15,28.22980
2012-11-16,28.07690
2012-11-19,28.07330
2012-11-20,28.02100
2012-11-21,28.08120
2012-11-22,28.12390
2012-11-23,28.17010
2012-11-26,28.32470
2012-11-27,28.51110
2012-11-29,28.58600
2012-11-30,28.68920
2012-12-03,28.68430
2012-12-04,28.77670
2012-12-05,28.78410
2012-12-06,28.72940
2012-12-07,28.77890
2012-12-10,28.82310
2012-12-11,28.80620
2012-12-12,28.76710
2012-12-13,28.67240
2012-12-14,28.79010
2012-12-17,28.78000
2012-12-18,28.91090
2012-12-19,28.92420
2012-12-20,28.89590
2012-12-21,28.69750
2012-12-24,28.77790
2012-12-26,28.82870
2012-12-27,28.78480
2012-12-28,28.87860
2012-12-31,28.91010
2013-01-01,29.10210
2013-01-02,29.16690
2013-01-03,29.31160
2013-01-04,29.28900
2013-01-07,29.27940
2013-01-08,29.25590
2013-01-09,29.28650
2013-01-10,29.25530
2013-01-11,29.19400
2013-01-14,29.32620
2013-01-15,29.39430
2013-01-16,29.24950
2013-01-17,29.32170
2013-01-18,29.32050
2013-01-21,29.36100
2013-01-22,29.32590
2013-01-23,29.25610
2013-01-24,29.04170
2013-01-25,29.19400
2013-01-28,29.21010
2013-01-29,29.10440
2013-01-30,29.06750
2013-01-31,29.03420
2013-02-01,28.99310
2013-02-04,28.93670
2013-02-05,28.91870
2013-02-06,28.91730
2013-02-07,28.85890
2013-02-08,28.80760
2013-02-11,28.79580
2013-02-12,28.83190
2013-02-13,28.81850
2013-02-14,28.69720
2013-02-15,28.65160
2013-02-18,28.65630
2013-02-19,28.74920
2013-02-20,28.77340
2013-02-21,28.46280
2013-02-22,28.52920
2013-02-25,28.48860
2013-02-26,28.35300
2013-02-27,28.44930
2013-02-28,28.18720
2013-03-01,28.24130
2013-03-04,28.20260
2013-03-05,28.37200
2013-03-06,28.44280
2013-03-07,28.52020
2013-03-08,28.64940
2013-03-11,28.63130
2013-03-12,28.54640
2013-03-13,28.41420
2013-03-14,28.50460
2013-03-15,28.44710
2013-03-18,28.40130
2013-03-19,28.25800
2013-03-20,28.07140
2013-03-21,28.00480
2013-03-22,27.94600
2013-03-25,27.88540
2013-03-26,27.86230
2013-03-28,28.02780
2013-04-01,28.12180
2013-04-02,28.23680
2013-04-03,28.04440
2013-04-04,27.80910
2013-04-05,27.81110
2013-04-08,27.90460
2013-04-09,27.76450
2013-04-10,27.95030
2013-04-11,27.91660
2013-04-12,27.87910
2013-04-15,27.44270
2013-04-16,27.52580
2013-04-17,27.56510
2013-04-18,27.74860
2013-04-22,27.91080
2013-04-23,27.81300
2013-04-25,28.21730
2013-04-26,28.20650
2013-04-29,28.27970
2013-04-30,28.38330
2013-05-02,28.40070
2013-05-03,28.24600
2013-05-06,28.20180
2013-05-07,28.46970
2013-05-08,28.45800
2013-05-09,28.56940
2013-05-10,28.70390
2013-05-13,28.61940
2013-05-14,28.68010
2013-05-15,28.93270
2013-05-16,29.01440
2013-05-17,29.04710
2013-05-20,28.98270
2013-05-21,29.03230
2013-05-22,28.79290
2013-05-23,28.44500
2013-05-24,28.53950
2013-05-27,28.77640
2013-05-28,28.98360
2013-05-29,28.83610
2013-05-30,28.88660
2013-05-31,28.75280
2013-06-03,28.46930
2013-06-04,28.45620
2013-06-05,28.47510
2013-06-06,28.51800
2013-06-07,28.45120
2013-06-10,28.38240
2013-06-11,28.13630
2013-06-12,28.02860
2013-06-13,27.71430
2013-06-14,27.97150
2013-06-17,28.08500
2013-06-18,28.02640
2013-06-19,28.16210
2013-06-20,27.72230
2013-06-21,27.64550
2013-06-24,27.26280
2013-06-25,27.35420
2013-06-26,27.30200
2013-06-27,27.38500
2013-06-28,27.86480
2013-07-01,28.02870
2013-07-02,27.83730
2013-07-03,27.64800
2013-07-04,27.87820
2013-07-05,27.94050
2013-07-08,27.78610
2013-07-09,28.01680
2013-07-10,28.01200
2013-07-11,28.17980
2013-07-12,28.21150
2013-07-15,28.29320
2013-07-16,27.98110
2013-07-17,27.94110
2013-07-18,28.15530
2013-07-19,28.03430
2013-07-22,28.13970
2013-07-23,28.17600
2013-07-24,28.01110
2013-07-25,27.68780
2013-07-26,27.62740
2013-07-29,27.61320
2013-07-30,27.18980
2013-07-31,27.19030
2013-08-01,27.20920
2013-08-02,26.74220
2013-08-05,27.42060
2013-08-06,27.00840
2013-08-07,27.15200
2013-08-08,27.12560
2013-08-12,26.96560
2013-08-13,27.01070
2013-08-14,27.12380
2013-08-16,26.59950
2013-08-19,26.06820
2013-08-20,26.26220
2013-08-21,26.22590
2013-08-22,26.53490
2013-08-23,26.59730
2013-08-26,26.68360
2013-08-27,26.18800
2013-08-28,25.99450
2013-08-29,26.35950
2013-08-30,26.48110
2013-09-02,26.63220
2013-09-03,26.38350
2013-09-04,26.60550
2013-09-05,26.97480
2013-09-06,27.06750
2013-09-10,27.46290
2013-09-11,27.55470
2013-09-12,27.46620
2013-09-13,27.42310
2013-09-16,27.53660
2013-09-17,27.61130
2013-09-18,27.72380
2013-09-19,28.36580
2013-09-20,27.95210
2013-09-23,27.58820
2013-09-24,27.61930
2013-09-25,27.60720
2013-09-26,27.82590
2013-09-27,27.54480
2013-09-30,27.41390
2013-10-01,27.44630
2013-10-03,27.80820
2013-10-04,27.84230
2013-10-07,27.85340
2013-10-08,28.09120
2013-10-09,28.26880
2013-10-10,28.31250
2013-10-11,28.45900
2013-10-14,28.48960
2013-10-15,28.36270
2013-10-17,28.35480
2013-10-18,28.56700
2013-10-21,28.69750
2013-10-22,28.71500
2013-10-23,28.62980
2013-10-24,28.72470
2013-10-25,28.63610
2013-10-28,28.58970
2013-10-29,28.78580
2013-10-30,28.96860
2013-10-31,29.25200
2013-11-01,29.18340
2013-11-05,29.15570
2013-11-06,29.17720
2013-11-07,28.96380
2013-11-08,28.81230
2013-11-11,28.68170
2013-11-12,28.51720
2013-11-13,28.43240
2013-11-14,28.71900
2013-11-18,28.92460
2013-11-19,29.01820
2013-11-20,28.85200
2013-11-21,28.53510
2013-11-22,28.56340
2013-11-25,28.79410
2013-11-26,28.71570
2013-11-27,28.70920
2013-11-28,28.88660
2013-11-29,29.02140
2013-12-02,29.33890
2013-12-03,29.10950
2013-12-04,29.12590
2013-12-05,29.21400
2013-12-06,29.20410
2013-12-09,29.41510
2013-12-10,29.39940
2013-12-11,29.32090
2013-12-12,29.18770
2013-12-13,28.95100
2013-12-16,28.97020
2013-12-17,28.96010
2013-12-18,29.44350
2013-12-19,29.35510
2013-12-20,29.61290
2013-12-23,29.53880
2013-12-24,29.51800
2013-12-26,29.62660
2013-12-27,29.70080
2013-12-30,29.69060
2013-12-31,29.58770
2014-01-01,29.71230
2014-01-02,29.53840
2014-01-03,29.62640
2014-01-06,29.51730
2014-01-07,29.66030
2014-01-08,29.42390
2014-01-09,29.40920
2014-01-10,29.48450
2014-01-13,29.66250
2014-01-14,29.59000
2014-01-15,29.86580
2014-01-16,29.83200
2014-01-17,29.74210
2014-01-20,29.90460
2014-01-21,29.81550
2014-01-22,29.91890
2014-01-23,29.89160
2014-01-24,29.70210
2014-01-27,29.52330
2014-01-28,29.32910
2014-01-29,29.31740
2014-01-30,29.10250
2014-01-31,29.19270
2014-02-03,29.11220
2014-02-04,29.05550
2014-02-05,29.24260
2014-02-06,29.27960
2014-02-07,29.39050
2014-02-10,29.52810
2014-02-11,29.50090
2014-02-12,29.42750
2014-02-13,29.11340
2014-02-14,29.11120
2014-02-17,29.45540
2014-02-18,29.61950
2014-02-19,29.64880
2014-02-20,29.56600
2014-02-21,29.70610
2014-02-24,29.72910
2014-02-25,29.84760
2014-02-26,29.87180
2014-02-28,29.95300
2014-03-03,29.71640
2014-03-04,29.82120
2014-03-05,29.93450
2014-03-06,30.03580
2014-03-07,30.36190
2014-03-10,30.39500
2014-03-11,30.42540
2014-03-12,30.42570
2014-03-13,30.41240
2014-03-14,30.45200
2014-03-18,30.48750
2014-03-19,30.46530
2014-03-20,30.44220
2014-03-21,30.52980
2014-03-24,30.64780
2014-03-25,30.68060
2014-03-26,30.73560
2014-03-27,30.92800
2014-03-28,31.14550
2014-03-31,31.74220
2014-04-01,30.95520
2014-04-02,30.99170
2014-04-03,31.06620
2014-04-04,31.02020
2014-04-07,30.96170
2014-04-09,31.19190
2014-04-10,31.11980
2014-04-11,31.06080
2014-04-15,31.03650
2014-04-16,30.94100
2014-04-17,31.24170
2014-04-21,31.39340
2014-04-22,31.45460
2014-04-23,31.65460
2014-04-25,31.44190
2014-04-28,31.61650
2014-04-29,31.50750
2014-04-30,31.37630
2014-05-02,31.52470
2014-05-05,31.45440
2014-05-06,31.46880
2014-05-07,31.39580
2014-05-08,31.43280
2014-05-09,31.62520
2014-05-12,32.07690
2014-05-13,33.28800
2014-05-14,32.20860
2014-05-15,32.36650
2014-05-16,32.67000
2014-05-19,32.53220
2014-05-20,32.91440
2014-05-21,32.57010
2014-05-22,32.53600
2014-05-23,32.87770
2014-05-26,32.64180
2014-05-27,32.70020
2014-05-28,32.78480
2014-05-29,32.80030
2014-05-30,32.83200
2014-06-02,32.95000
2014-06-03,32.99430
2014-06-04,33.33450
2014-06-05,33.49060
2014-06-06,33.64310
2014-06-09,33.80620
2014-06-10,33.67860
2014-06-11,34.77380
2014-06-12,34.11500
2014-06-13,33.66290
2014-06-16,33.55230
2014-06-17,34.17450
2014-06-18,34.19260
2014-06-19,34.02370
2014-06-20,34.03200
2014-06-23,33.90180
2014-06-24,34.10600
2014-06-25,34.47370
2014-06-26,34.40990
2014-06-27,34.17130
2014-06-30,34.57050
2014-07-01,34.61970
2014-07-02,33.95550
2014-07-03,34.82730
2014-07-04,33.96160
2014-07-07,34.41940
2014-07-08,33.59940
2014-07-09,34.08540
2014-07-10,33.63680
2014-07-11,33.34320
2014-07-14,33.35660
2014-07-15,33.75700
2014-07-16,34.28070
2014-07-17,34.28920
2014-07-18,34.17550
2014-07-21,34.38910
2014-07-22,34.45150
2014-07-23,34.46940
2014-07-24,34.71520
2014-07-25,34.59680
2014-07-28,34.05800
2014-07-30,34.38550
2014-07-31,34.25770
2014-08-01,33.94460
2014-08-04,34.34960
2014-08-05,34.31320
2014-08-06,34.13120
2014-08-07,34.15240
2014-08-08,34.41780
2014-08-11,34.19710
2014-08-12,34.42090
2014-08-13,34.70030
2014-08-14,34.79910
2014-08-18,35.08970
2014-08-19,35.46670
2014-08-20,34.91980
2014-08-21,35.31550
2014-08-22,35.25200
2014-08-25,34.60770
2014-08-26,35.15260
2014-08-27,34.52190
2014-08-28,34.58890
2014-09-01,34.71940
2014-09-02,34.90420
2014-09-03,34.99100
2014-09-04,34.97180
2014-09-05,34.85120
2014-09-08,35.08630
2014-09-09,35.12940
2014-09-10,35.05080
2014-09-11,35.08270
2014-09-12,35.08720
2014-09-15,34.98180
2014-09-16,34.99290
2014-09-17,34.87660
2014-09-18,35.08210
2014-09-19,35.12140
2014-09-22,35.12540
2014-09-23,35.21610
2014-09-24,34.97530
2014-09-25,34.90570
2014-09-26,35.00170
2014-09-29,34.90100
2014-09-30,34.91400
2014-10-01,34.98900
2014-10-07,35.04430
2014-10-08,34.87100
2014-10-09,34.84390
2014-10-10,35.22160
2014-10-13,35.12450
2014-10-14,35.07240
2014-10-16,35.01800
2014-10-17,35.16350
2014-10-20,35.12450
2014-10-21,35.20650
2014-10-22,35.38250
2014-10-27,35.49890
2014-10-28,35.51950
2014-10-29,35.68930
2014-10-30,35.80650
2014-10-31,35.93030
2014-11-03,36.00780
2014-11-05,36.23280
2014-11-07,36.22400
2014-11-10,36.29200
2014-11-11,36.44890
2014-11-12,36.44570
2014-11-13,36.40790
2014-11-14,36.74330
2014-11-17,36.64130
2014-11-18,36.66680
2014-11-19,36.76860
2014-11-20,36.78160
2014-11-21,36.80720
2014-11-24,36.84770
2014-11-25,36.76000
2014-11-26,36.60220
2014-11-27,36.79620
2014-11-28,36.93860
2014-12-01,37.19970
2014-12-02,37.33700
2014-12-03,37.20550
2014-12-04,37.36150
2014-12-05,37.52800
2014-12-08,37.42610
2014-12-09,37.29870
2014-12-10,37.18410
2014-12-11,37.21420
2014-12-12,37.27650
2014-12-15,37.28970
2014-12-16,36.76230
2014-12-17,36.63280
2014-12-18,36.88330
2014-12-19,36.92170
2014-12-22,37.07350
2014-12-23,36.97180
2014-12-24,36.90950
2014-12-26,36.80300
2014-12-29,36.91680
2014-12-30,37.05980
2014-12-31,37.13200
2015-01-01,37.14770
2015-01-02,37.28470
2015-01-05,37.32610
2015-01-06,37.12160
2015-01-07,37.00000
2015-01-08,36.98190
2015-01-09,37.15640
2015-01-12,37.34570
2015-01-13,37.38730
2015-01-14,37.31760
2015-01-15,37.75790
2015-01-16,37.97040
2015-01-19,37.89650
2015-01-20,38.08710
2015-01-21,38.19120
2015-01-22,38.20750
2015-01-23,38.38550
2015-01-27,38.54350
2015-01-28,38.87220
2015-01-29,38.51070
2015-01-30,38.97410
2015-02-02,38.79790
2015-02-03,38.66000
2015-02-04,38.39410
2015-02-05,38.58470
2015-02-06,38.37200
2015-02-09,38.34140
2015-02-10,38.26410
2015-02-11,38.10640
2015-02-12,38.27390
2015-02-13,38.57570
2015-02-16,38.58740
2015-02-18,39.00350
2015-02-19,38.82090
2015-02-20,38.93310
2015-02-23,38.77300
2015-02-24,38.68400
2015-02-25,38.56890
2015-02-26,38.56990
2015-02-27,38.73230
2015-03-02,39.07430
2015-03-03,38.96240
2015-03-04,39.15220
2015-03-05,38.87110
2015-03-09,38.70990
2015-03-10,38.65520
2015-03-11,38.63000
2015-03-12,38.66580
2015-03-13,38.55060
2015-03-16,38.35410
2015-03-17,38.41650
2015-03-18,38.41870
2015-03-19,38.38820
2015-03-20,38.46230
2015-03-23,38.37720
2015-03-24,38.37250
2015-03-25,38.28310
2015-03-26,38.21980
2015-03-27,38.09120
2015-03-30,38.11350
2015-03-31,38.35910
2015-04-01,38.36180
2015-04-06,38.73350
2015-04-07,38.52530
2015-04-08,38.64820
2015-04-09,38.76690
2015-04-10,38.77670
2015-04-13,38.85660
2015-04-15,38.66860
2015-04-16,38.71310
2015-04-17,38.64140
2015-04-20,38.11990
2015-04-21,38.12610
2015-04-22,38.08420
2015-04-23,38.12110
2015-04-24,38.02720
2015-04-27,37.87380
2015-04-28,37.88450
2015-04-29,37.92000
2015-04-30,37.71690
2015-05-04,37.79080
2015-05-05,38.94500
2015-05-06,38.40780
2015-05-07,39.23400
2015-05-08,37.56380
2015-05-11,37.90410
2015-05-12,37.44350
2015-05-13,37.61370
2015-05-14,37.77320
2015-05-15,37.77900
2015-05-18,37.57300
2015-05-19,37.76890
2015-05-20,37.90910
2015-05-21,37.92400
2015-05-22,37.95570
2015-05-25,37.99610
2015-05-26,37.93040
2015-05-27,37.87250
2015-05-28,38.20840
2015-05-29,38.25060
2015-06-01,38.22760
2015-06-02,37.86760
2015-06-03,37.40730
2015-06-04,37.50280
2015-06-05,37.51810
2015-06-08,37.18480
2015-06-09,37.20830
2015-06-10,37.33530
2015-06-11,36.93070
2015-06-12,36.89140
2015-06-15,36.91090
2015-06-16,37.00910
2015-06-17,37.16400
2015-06-18,37.45690
2015-06-19,37.63550
2015-06-22,37.81720
2015-06-23,37.71020
2015-06-24,37.74680
2015-06-25,37.56820
2015-06-26,37.54800
2015-06-29,37.46760
2015-06-30,37.66670
2015-07-01,37.77370
2015-07-02,37.84880
2015-07-03,37.89220
2015-07-06,38.17010
2015-07-07,38.07390
2015-07-08,37.83780
2015-07-09,37.95150
2015-07-10,37.94810
2015-07-13,38.02190
2015-07-14,38.11210
2015-07-15,38.25700
2015-07-16,38.30740
2015-07-17,38.23980
2015-07-20,38.46040
2015-07-21,38.41390
2015-07-22,38.49380
2015-07-23,38.49880
2015-07-24,38.41720
2015-07-27,38.38450
2015-07-28,38.11980
2015-07-29,38.16050
2015-07-30,38.30210
2015-07-31,38.38170
2015-08-03,38.49560
2015-08-04,38.26550
2015-08-05,38.33440
2015-08-06,38.44250
2015-08-07,38.42850
2015-08-10,38.42740
2015-08-11,38.33220
2015-08-12,38.15300
2015-08-13,38.24960
2015-08-14,38.56940
2015-08-17,38.50810
2015-08-18,38.53510
2015-08-19,38.53110
2015-08-20,38.40140
2015-08-21,38.29130
2015-08-24,37.63480
2015-08-25,37.80440
2015-08-26,37.61090
2015-08-27,37.69750
2015-08-28,37.77160
2015-08-31,37.82180
2015-09-01,37.71060
2015-09-02,37.89350
2015-09-03,37.74710
2015-09-04,37.67440
2015-09-07,37.66100
2015-09-08,37.89860
2015-09-09,38.17130
2015-09-10,38.02890
2015-09-11,38.12130
2015-09-14,38.22930
2015-09-15,38.09810
2015-09-16,38.56150
2015-09-18,38.05390
2015-09-21,37.98560
2015-09-22,37.63510
2015-09-23,37.66990
2015-09-24,37.71380
2015-09-28,37.60880
2015-09-29,38.23480
2015-09-30,38.46760
2015-10-01,38.30760
2015-10-05,38.63430
2015-10-06,38.68510
2015-10-07,38.67030
2015-10-08,38.56520
2015-10-09,38.56730
2015-10-12,38.43640
2015-10-13,38.46210
2015-10-14,38.45090
2015-10-15,38.48840
2015-10-16,38.59300
2015-10-19,38.74560
2015-10-20,38.73510
2015-10-21,38.65330
2015-10-23,38.56650
2015-10-26,38.55360
2015-10-27,38.48440
2015-10-28,38.46160
2015-10-29,38.41620
2015-10-30,38.34040
2015-11-02,38.37770
2015-11-03,38.48970
2015-11-04,38.26920
2015-11-05,38.17060
2015-11-06,38.14550
2015-11-09,38.04050
2015-11-10,37.85260
2015-11-13,37.88660
2015-11-16,37.98850
2015-11-17,37.95920
2015-11-18,37.74750
2015-11-19,38.16190
2015-11-20,37.95510
2015-11-23,38.03040
2015-11-24,37.78670
2015-11-26,38.02740
2015-11-27,37.96580
2015-11-30,38.19070
2015-12-01,38.13050
2015-12-02,38.14840
2015-12-03,38.22850
2015-12-04,38.30260
2015-12-07,37.75180
2015-12-08,37.64480
2015-12-09,37.43890
2015-12-10,37.60410
2015-12-11,37.55950
2015-12-14,37.41740
2015-12-15,37.46370
2015-12-16,37.57570
2015-12-17,37.70030
2015-12-18,37.80370
2015-12-21,37.59450
2015-12-22,37.79270
2015-12-23,38.03940
2015-12-24,38.01260
2015-12-28,38.21760
2015-12-29,38.25840
2015-12-30,37.90080
2015-12-31,37.97060
2016-01-01,38.02970
2016-01-04,37.95840
2016-01-05,37.74830
2016-01-06,37.70120
2016-01-07,37.31610
2016-01-08,37.52690
2016-01-11,37.74090
2016-01-12,37.73640
2016-01-13,37.77470
2016-01-14,37.77170
2016-01-15,37.45180
2016-01-18,37.31940
2016-01-19,37.63600
2016-01-20,37.18270
2016-01-21,37.50720
2016-01-22,37.59740
2016-01-25,37.80990
2016-01-27,37.40980
2016-01-28,37.27700
2016-01-29,37.37630
2016-02-01,37.31930
2016-02-02,37.22930
2016-02-03,36.88300
2016-02-04,37.14560
2016-02-05,37.03360
2016-02-08,36.77660
2016-02-09,36.64450
2016-02-10,36.48060
2016-02-11,36.55460
2016-02-12,37.07090
2016-02-15,36.49810
2016-02-16,35.94250
2016-02-17,35.82130
2016-02-18,36.16100
2016-02-19,36.17880
2016-02-22,36.22020
2016-02-23,35.90520
2016-02-24,35.67420
2016-02-25,35.51290
2016-02-26,35.72650
2016-02-29,35.95140
2016-03-01,36.42140
2016-03-02,36.71900
2016-03-03,36.90360
2016-03-04,36.99100
2016-03-08,37.09760
2016-03-09,37.10880
2016-03-10,37.08300
2016-03-11,37.10860
2016-03-14,37.27260
2016-03-15,37.16970
2016-03-16,37.28310
2016-03-17,37.45560
2016-03-18,37.71730
2016-03-21,38.13730
2016-03-22,38.12640
2016-03-23,38.14410
2016-03-28,38.07500
2016-03-29,37.97040
2016-03-30,38.20190
2016-03-31,38.24170
2016-04-01,38.26460
2016-04-04,38.42250
2016-04-05,38.15180
2016-04-06,38.12330
2016-04-07,38.16810
2016-04-08,38.22970
2016-04-11,38.41040
2016-04-12,38.61070
2016-04-13,38.81760
2016-04-18,38.94980
2016-04-20,39.00110
2016-04-21,38.92880
2016-04-22,38.90880
2016-04-25,38.86700
2016-04-26,39.00410
2016-04-27,39.18560
2016-04-28,38.85160
2016-04-29,38.82870
2016-05-02,38.80670
2016-05-03,38.69290
2016-05-04,38.57360
2016-05-05,38.66010
2016-05-06,38.68210
2016-05-09,38.96110
2016-05-10,38.99570
2016-05-11,38.91570
2016-05-12,39.01300
2016-05-13,38.81800
2016-05-16,38.90730
2016-05-17,38.99160
2016-05-18,38.88780
2016-05-19,38.80940
2016-05-20,38.67350
2016-05-23,38.67790
2016-05-24,38.66750
2016-05-25,39.02450
2016-05-26,39.25290
2016-05-27,39.46290
2016-05-30,39.55580
2016-05-31,39.53020
2016-06-01,39.50310
2016-06-02,39.63020
2016-06-03,39.63020
2016-06-06,39.65420
2016-06-07,39.76120
2016-06-08,39.79380
2016-06-09,39.67990
2016-06-10,39.60950
2016-06-13,39.47350
2016-06-14,39.50020
2016-06-15,39.74070
2016-06-16,39.63340
2016-06-17,39.66530
2016-06-20,39.80910
2016-06-21,39.79720
2016-06-22,39.76880
2016-06-23,39.91580
2016-06-24,39.69930
2016-06-27,39.81180
2016-06-28,39.89170
2016-06-29,40.07480
2016-06-30,40.25760
2016-07-01,40.41230
2016-07-04,40.47190
2016-07-05,40.44700
2016-07-07,40.50690
2016-07-08,40.47580
2016-07-11,40.77630
2016-07-12,41.00500
2016-07-13,41.09020
2016-07-14,41.16990
2016-07-15,41.20670
2016-07-18,41.10530
2016-07-19,41.20360
2016-07-20,41.36670
2016-07-21,41.28980
2016-07-22,41.34280
2016-07-25,41.54770
2016-07-26,41.54700
2016-07-27,41.51500
2016-07-28,41.76810
2016-07-29,41.86210
2016-08-01,41.87410
2016-08-02,41.84500
2016-08-03,41.63890
2016-08-04,41.65700
2016-08-05,41.89650
2016-08-08,42.06200
2016-08-09,42.09460
2016-08-10,42.01770
2016-08-11,42.05860
2016-08-12,42.18440
2016-08-16,42.12760
2016-08-17,42.11560
2016-08-18,42.19820
2016-08-19,42.23080
2016-08-22,42.08590
2016-08-23,42.04540
2016-08-24,42.19860
2016-08-25,42.14060
2016-08-26,42.07150
2016-08-29,42.17830
2016-08-30,42.50500
2016-08-31,42.60800
2016-09-01,42.57480
2016-09-02,42.62750
2016-09-06,42.88160
2016-09-07,43.01500
2016-09-08,43.03890
2016-09-09,42.96200
2016-09-12,42.80270
2016-09-14,42.81750
2016-09-15,42.86140
2016-09-16,42.95070
2016-09-19,43.01050
2016-09-20,42.93210
2016-09-21,42.97960
2016-09-22,43.28830
2016-09-23,43.25980
2016-09-26,43.11970
2016-09-27,43.10720
2016-09-28,43.21170
2016-09-29,42.73390
2016-09-30,42.84950
2016-10-03,43.21070
2016-10-04,43.31790
2016-10-05,43.35960
2016-10-06,43.24390
2016-10-07,43.16880
2016-10-10,43.23450
2016-10-13,42.90140
2016-10-14,42.88060
2016-10-17,42.76060
2016-10-18,43.15560
2016-10-19,43.10720
2016-10-20,43.16990
2016-10-21,43.17920
2016-10-24,43.22250
2016-10-25,43.16790
2016-10-26,43.00960
2016-10-27,42.97450
2016-10-28,43.02880
2016-11-01,42.98410
2016-11-02,42.72970
2016-11-03,42.66160
2016-11-04,42.49640
2016-11-07,42.65560
2016-11-08,42.79380
2016-11-09,42.75310
2016-11-10,43.05180
2016-11-11,42.45010
2016-11-15,42.35630
2016-11-16,42.50170
2016-11-17,42.46770
2016-11-18,42.44280
2016-11-21,42.37790
2016-11-22,42.57960
2016-11-23,42.80040
2016-11-24,42.88740
2016-11-25,43.15700
2016-11-28,43.02310
2016-11-29,43.03980
2016-11-30,43.37770
2016-12-01,43.33580
2016-12-02,43.05990
2016-12-05,43.21340
2016-12-06,43.25430
2016-12-07,42.85100
2016-12-08,43.26780
2016-12-09,43.27270
2016-12-12,42.99820
2016-12-13,43.16120
2016-12-14,43.03870
2016-12-15,42.78710
2016-12-16,42.76050
2016-12-19,42.65630
2016-12-20,42.59930
2016-12-21,42.55620
2016-12-22,42.24740
2016-12-23,42.20440
2016-12-26,41.89990
2016-12-27,42.24400
2016-12-28,42.26580
2016-12-29,42.57690
2016-12-30,42.84800
2017-01-02,43.07410
2017-01-03,43.07020
2017-01-04,43.13530
2017-01-05,43.37420
2017-01-06,43.26020
2017-01-09,43.22320
2017-01-10,43.37090
2017-01-11,43.65220
2017-01-12,43.77340
2017-01-13,43.72640
2017-01-16,43.73930
2017-01-17,43.71450
2017-01-18,43.74520
2017-01-19,43.77870
2017-01-20,43.51770
2017-01-23,43.66680
2017-01-24,43.90900
2017-01-25,44.29050
2017-01-27,44.41420
2017-01-30,44.52090
2017-01-31,44.28490
2017-02-01,44.76540
2017-02-02,44.86370
2017-02-03,44.86680
2017-02-06,45.04190
2017-02-07,44.94950
2017-02-08,44.54730
2017-02-09,44.37960
2017-02-10,44.49410
2017-02-13,44.51520
2017-02-14,44.43640
2017-02-15,44.27090
2017-02-16,44.43180
2017-02-17,44.57220
2017-02-20,44.68020
2017-02-21,44.75900
2017-02-22,44.78530
2017-02-23,44.80170
2017-02-27,44.71750
2017-02-28,44.67490
2017-03-01,44.77520
2017-03-02,44.67870
2017-03-03,44.69490
2017-03-06,44.77320
2017-03-07,44.73990
2017-03-08,44.68230
2017-03-09,44.68840
2017-03-10,44.51880
2017-03-14,44.91290
2017-03-15,45.02570
2017-03-16,45.22010
2017-03-17,45.20990
2017-03-20,45.13570
2017-03-21,45.15930
2017-03-22,45.09200
2017-03-23,45.23260
2017-03-24,45.29540
2017-03-27,45.40200
2017-03-28,45.51710
2017-03-29,45.57840
2017-03-30,45.68170
2017-03-31,45.70030
2017-04-03,45.82250
2017-04-05,45.82730
2017-04-06,45.64950
2017-04-07,45.48840
2017-04-10,45.43380
2017-04-11,45.63380
2017-04-12,45.59850
2017-04-13,45.55490
2017-04-17,45.51110
2017-04-18,45.43650
2017-04-19,45.42480
2017-04-20,45.51210
2017-04-21,45.36710
2017-04-24,45.64660
2017-04-25,45.91470
2017-04-26,45.94650
2017-04-27,45.91500
2017-04-28,45.81620
2017-05-02,45.82590
2017-05-03,45.83480
2017-05-04,45.91070
2017-05-05,45.80360
2017-05-08,45.88940
2017-05-09,45.88370
2017-05-10,46.06120
2017-05-11,46.10520
2017-05-12,46.10110
2017-05-15,46.38170
2017-05-16,46.48150
2017-05-17,46.50480
2017-05-18,46.34060
2017-05-19,46.27460
2017-05-22,46.44860
2017-05-23,46.34540
2017-05-24,46.27580
2017-05-25,46.64330
2017-05-26,46.89170
2017-05-29,46.88210
2017-05-30,46.94490
2017-05-31,46.96300
2017-06-01,47.13790
2017-06-02,47.18540
2017-06-05,47.29600
2017-06-06,47.28450
2017-06-07,47.67190
2017-06-08,47.84130
2017-06-09,47.94290
2017-06-12,47.82450
2017-06-13,47.87470
2017-06-14,47.90580
2017-06-15,47.80070
2017-06-16,47.81360
2017-06-19,48.01420
2017-06-20,48.04600
2017-06-21,48.03250
2017-06-22,47.98030
2017-06-23,47.87650
2017-06-27,47.73620
2017-06-28,47.58600
2017-06-29,47.62870
2017-06-30,47.66720
2017-07-03,47.73930
2017-07-04,47.70470
2017-07-05,47.79690
2017-07-06,47.92240
2017-07-07,47.93110
2017-07-10,48.30180
2017-07-11,48.30540
2017-07-12,48.39950
2017-07-13,48.61270
2017-07-14,48.59160
2017-07-17,48.68460
2017-07-18,48.50020
2017-07-19,48.71410
2017-07-20,48.66430
2017-07-21,48.83100
2017-07-24,49.00200
2017-07-25,48.95350
2017-07-26,49.06910
2017-07-27,49.09730
2017-07-28,49.02710
2017-07-31,49.14740
2017-08-01,49.25710
2017-08-02,49.17990
2017-08-03,49.13090
2017-08-04,49.24730
2017-08-07,49.20280
2017-08-08,49.00140
2017-08-09,48.83610
2017-08-10,48.59230
2017-08-11,48.32500
2017-08-14,48.51820
2017-08-16,48.73690
2017-08-17,48.75130
2017-08-18,48.65370
2017-08-21,48.45210
2017-08-22,48.44980
2017-08-23,48.62760
2017-08-24,48.61970
2017-08-28,48.71950
2017-08-29,48.49890
2017-08-30,48.68870
2017-08-31,48.78590
2017-09-01,48.99140
2017-09-04,48.82640
2017-09-05,48.92810
2017-09-06,48.87550
2017-09-07,48.89060
2017-09-08,48.88840
2017-09-11,49.03750
2017-09-12,49.23300
2017-09-13,49.15940
2017-09-14,49.17930
2017-09-15,49.11610
2017-09-18,49.26660
2017-09-19,49.25920
2017-09-20,49.26410
2017-09-21,49.05620
2017-09-22,48.71870
2017-09-25,48.58310
2017-09-26,48.52010
2017-09-27,48.18590
2017-09-28,48.30930
2017-09-29,48.33520
2017-10-03,48.52700
2017-10-04,48.55680
2017-10-05,48.44550
2017-10-06,48.61140
2017-10-09,48.61870
2017-10-10,48.68910
2017-10-11,48.62130
2017-10-12,48.88480
2017-10-13,49.13810
2017-10-16,49.30150
2017-10-17,49.28530
2017-10-18,49.23670
2017-10-23,49.13360
2017-10-24,49.20120
2017-10-25,49.35830
2017-10-26,49.49830
2017-10-27,49.43880
2017-10-30,49.44870
2017-10-31,49.45910
2017-11-01,49.70340
2017-11-02,49.66400
2017-11-03,49.73210
2017-11-06,49.71140
2017-11-07,49.47760
2017-11-08,49.35980
2017-11-09,49.37650
2017-11-10,49.40180
2017-11-13,49.17880
2017-11-14,49.02910
2017-11-15,48.89710
2017-11-16,49.02500
2017-11-17,49.20460
2017-11-20,49.37380
2017-11-21,49.39490
2017-11-22,49.33470
2017-11-23,49.33770
2017-11-24,49.41620
2017-11-27,49.40460
2017-11-28,49.36690
2017-11-29,49.33690
2017-11-30,49.06800
2017-12-01,48.86200
2017-12-04,48.88900
2017-12-05,48.86700
2017-12-06,48.76950
2017-12-07,48.99160
2017-12-08,49.15770
2017-12-11,49.19470
2017-12-12,49.00760
2017-12-13,48.93970
2017-12-14,49.10750
2017-12-15,49.25390
2017-12-18,49.33590
2017-12-19,49.48900
2017-12-20,49.42920
2017-12-21,49.41310
2017-12-22,49.44160
2017-12-26,49.51190
2017-12-27,49.46860
2017-12-28,49.14090
2017-12-29,49.41040
2018-01-01,49.23630
2018-01-02,49.19670
2018-01-03,49.24620
2018-01-04,49.33680
2018-01-05,49.58530
2018-01-08,49.67500
2018-01-09,49.69560
2018-01-10,49.60180
2018-01-11,49.63010
2018-01-12,49.68300
2018-01-15,49.81680
2018-01-16,49.55820
2018-01-17,50.00060
2018-01-18,49.94010
2018-01-19,50.09000
2018-01-22,50.26350
2018-01-23,50.59360
2018-01-24,50.54180
2018-01-25,50.46390
2018-01-29,50.40600
2018-01-30,50.29280
2018-01-31,50.24930
2018-02-01,50.03720
2018-02-02,49.61640
2018-02-05,49.39860
2018-02-06,49.09450
2018-02-07,49.10330
2018-02-08,49.36950
2018-02-09,49.11360
2018-02-12,49.28070
2018-02-14,49.21080
2018-02-15,49.25790
2018-02-16,49.07330
2018-02-19,48.92540
2018-02-20,48.78300
2018-02-21,48.78960
2018-02-22,48.70950
2018-02-23,49.05450
2018-02-26,49.22550
2018-02-27,49.21770
2018-02-28,49.00780
2018-03-01,48.91440
2018-03-05,48.69290
2018-03-06,48.46800
2018-03-07,48.46680
2018-03-08,48.68740
2018-03-09,48.63400
2018-03-12,49.09690
2018-03-13,49.06290
2018-03-14,49.00020
2018-03-15,49.00260
2018-03-16,48.85310
2018-03-19,48.55640
2018-03-20,48.62680
2018-03-21,48.73260
2018-03-22,48.72020
2018-03-23,48.51150
2018-03-26,48.66440
2018-03-27,49.43640
2018-03-28,49.23190
2018-04-02,49.42010
2018-04-03,49.59120
2018-04-04,49.40480
2018-04-05,49.87600
2018-04-06,49.88600
2018-04-09,49.98390
2018-04-10,49.99570
2018-04-11,49.97800
2018-04-12,50.13780
2018-04-13,50.25920
2018-04-16,50.25530
2018-04-17,50.29270
2018-04-18,50.16530
2018-04-19,50.07350
2018-04-20,49.96290
2018-04-23,49.98710
2018-04-24,50.09370
2018-04-25,49.91950
2018-04-26,49.98290
2018-04-27,50.10510
2018-04-30,50.19510
2018-05-02,50.23130
2018-05-03,50.15210
2018-05-04,50.04860
2018-05-07,50.40140
2018-05-08,50.52940
2018-05-09,50.35740
2018-05-10,50.30540
2018-05-11,50.47220
2018-05-14,50.30150
2018-05-15,50.16770
2018-05-16,50.06160
2018-05-17,49.99150
2018-05-18,49.90190
2018-05-21,49.80260
2018-05-22,49.86520
2018-05-23,49.58160
2018-05-24,49.71170
2018-05-25,50.06950
2018-05-28,50.32920
2018-05-29,50.20100
2018-05-30,50.12510
2018-05-31,50.38810
2018-06-01,50.31460
2018-06-04,50.19730
2018-06-05,50.13260
2018-06-06,50.31690
2018-06-07,50.48510
2018-06-08,50.48820
2018-06-11,50.53990
2018-06-12,50.65490
2018-06-13,50.68660
2018-06-14,50.62580
2018-06-15,50.65090
2018-06-18,50.63210
2018-06-19,50.46210
2018-06-20,50.58870
2018-06-21,50.53700
2018-06-22,50.70090
2018-06-25,50.59920
2018-06-26,50.61580
2018-06-27,50.44100
2018-06-28,50.28540
2018-06-29,50.53490
2018-07-02,50.44390
2018-07-03,50.53090
2018-07-04,50.67590
2018-07-05,50.65330
2018-07-06,50.70290
2018-07-09,50.87780
2018-07-10,51.06630
2018-07-11,51.07550
2018-07-12,51.22980
2018-07-13,51.22590
2018-07-16,51.08030
2018-07-17,51.22580
2018-07-18,51.17910
2018-07-19,51.15540
2018-07-20,51.26200
2018-07-23,51.41940
2018-07-24,51.51640
2018-07-25,51.51560
2018-07-26,51.59320
2018-07-27,51.81520
2018-07-30,51.90910
2018-07-31,51.98270
2018-08-01,51.96760
2018-08-02,51.78020
2018-08-03,52.01440
2018-08-06,52.07830
2018-08-07,52.08810
2018-08-08,52.21030
2018-08-09,52.25780
2018-08-10,52.18360
2018-08-13,52.05500
2018-08-14,52.22890
2018-08-16,52.13980
2018-08-17,52.30580
2018-08-20,52.48210
2018-08-21,52.52210
2018-08-23,52.54970
2018-08-24,52.50780
2018-08-27,52.78410
2018-08-28,52.87870
2018-08-29,52.79370
2018-08-30,52.77040
2018-08-31,52.78810
2018-09-03,52.61120
2018-09-04,52.49620
2018-09-05,52.41540
2018-09-06,52.42120
2018-09-07,52.43230
2018-09-10,52.40790
2018-09-11,52.38770
2018-09-12,52.38260
2018-09-14,52.48000
2018-09-17,52.46680
2018-09-18,52.40210
2018-09-19,52.39070
2018-09-21,52.52090
2018-09-24,52.42460
2018-09-25,52.41360
2018-09-26,52.42640
2018-09-27,52.41760
2018-09-28,52.42270
2018-10-01,52.48220
2018-10-03,52.45680
2018-10-04,52.38280
2018-10-05,52.33000
2018-10-08,52.24830
2018-10-09,52.22080
2018-10-10,52.39440
2018-10-11,52.26920
2018-10-12,52.40930
2018-10-15,52.44480
2018-10-16,52.51830
2018-10-17,52.45110
2018-10-19,52.43220
2018-10-22,52.44340
2018-10-23,52.36860
2018-10-24,52.42300
2018-10-25,52.36040
2018-10-26,52.32930
2018-10-29,52.51550
2018-10-30,52.51950
2018-10-31,52.63890
2018-11-01,52.63440
2018-11-02,52.75050
2018-11-05,52.77050
2018-11-06,52.79500
2018-11-09,52.86240
2018-11-12,52.80320
2018-11-13,52.84910
2018-11-14,52.88110
2018-11-15,52.91080
2018-11-16,52.92050
2018-11-19,52.96840
2018-11-20,52.89490
2018-11-21,52.90020
2018-11-22,52.88610
2018-11-26,52.91960
2018-11-27,52.93700
2018-11-28,52.98220
2018-11-29,53.04870
2018-11-30,53.07010
2018-12-03,53.10960
2018-12-04,53.15430
2018-12-05,53.14220
2018-12-06,53.08490
2018-12-07,53.08510
2018-12-10,52.93970
2018-12-11,53.04490
2018-12-12,53.28210
2018-12-13,53.32090
2018-12-14,53.36060
2018-12-17,53.40230
2018-12-18,53.51220
2018-12-19,53.67850
2018-12-20,53.65820
2018-12-21,53.59820
2018-12-24,53.53720
2018-12-26,53.58430
2018-12-27,53.61850
2018-12-28,53.61980
2018-12-31,53.65870
2019-01-01,53.64360
2019-01-02,53.63210
2019-01-03,53.52350
2019-01-04,53.55590
2019-01-07,53.59370
2019-01-08,53.66200
2019-01-09,53.71280
2019-01-10,53.69660
2019-01-11,53.70150
2019-01-14,53.70490
2019-01-15,53.74140
2019-01-16,53.74310
2019-01-17,53.75230
2019-01-18,53.70020
2019-01-21,53.71580
2019-01-22,53.74080
2019-01-23,53.68110
2019-01-24,53.67450
2019-01-25,53.66660
2019-01-28,53.60800
2019-01-29,53.63130
2019-01-30,53.68300
2019-01-31,53.79620
2019-02-01,53.70870
2019-02-04,53.64390
2019-02-05,53.64340
2019-02-06,53.67340
2019-02-07,53.80220
2019-02-08,53.65910
2019-02-11,53.56800
2019-02-12,53.55070
2019-02-13,53.59980
2019-02-14,53.56030
2019-02-15,53.49120
2019-02-18,53.42120
2019-02-19,53.43500
2019-02-20,53.58120
2019-02-21,53.62960
2019-02-22,53.64210
2019-02-25,53.73660
2019-02-26,53.69260
2019-02-27,53.62840
2019-02-28,53.74250
2019-03-01,53.85270
2019-03-05,54.07960
2019-03-06,54.12030
2019-03-07,54.13280
2019-03-08,54.15900
2019-03-11,54.31590
2019-03-12,54.45280
2019-03-13,54.42090
2019-03-14,54.46380
2019-03-15,54.53360
2019-03-18,54.60370
2019-03-19,54.63760
2019-03-20,54.63670
2019-03-22,54.72870
2019-03-25,54.76460
2019-03-26,54.86840
2019-03-27,54.84600
2019-03-28,54.98510
2019-03-29,55.09220
2019-04-01,55.13960
2019-04-02,55.26760
2019-04-03,55.14210
2019-04-04,55.07160
2019-04-05,55.12540
2019-04-08,55.02670
2019-04-09,55.08550
2019-04-10,55.07660
2019-04-11,55.07610
2019-04-12,55.06230
2019-04-15,55.10690
2019-04-16,55.16260
2019-04-18,55.10140
2019-04-22,54.96800
2019-04-23,54.96460
2019-04-24,55.04470
2019-04-25,54.97990
2019-04-26,55.08340
2019-04-30,55.09060
2019-05-02,55.04950
2019-05-03,55.07520
2019-05-06,55.07730
2019-05-07,55.01830
2019-05-08,54.94060
2019-05-09,54.90540
2019-05-10,54.91620
2019-05-13,54.80010
2019-05-14,54.90040
2019-05-15,54.84710
2019-05-16,54.94980
2019-05-17,55.03230
2019-05-20,55.43150
2019-05-21,55.33650
2019-05-22,55.38920
2019-05-23,55.43100
2019-05-24,55.66770
2019-05-27,55.92960
2019-05-28,55.95410
2019-05-29,55.84520
2019-05-30,55.90060
2019-05-31,55.99190
2019-06-03,56.10130
2019-06-04,56.06960
2019-06-06,56.02130
2019-06-07,55.96870
2019-06-10,55.96580
2019-06-11,56.02890
2019-06-12,55.99080
2019-06-13,55.99730
2019-06-14,55.96390
2019-06-17,55.88140
2019-06-18,55.94930
2019-06-19,55.89850
2019-06-20,56.07930
2019-06-21,56.04250
2019-06-24,56.05150
2019-06-25,56.14620
2019-06-26,56.22230
2019-06-27,56.28460
2019-06-28,56.28610
2019-07-01,56.34090
2019-07-02,56.40400
2019-07-03,56.44990
2019-07-04,56.48120
2019-07-05,56.36730
2019-07-08,56.19870
2019-07-09,56.26830
2019-07-10,56.19500
2019-07-11,56.32570
2019-07-12,56.37960
2019-07-15,56.40690
2019-07-16,56.56560
2019-07-17,56.54320
2019-07-18,56.32750
2019-07-19,56.18300
2019-07-22,56.17160
2019-07-23,56.15010
2019-07-24,55.98310
2019-07-25,55.96970
2019-07-26,55.98500
2019-07-29,55.81650
2019-07-30,55.67080
2019-07-31,55.77770
2019-08-01,55.50030
2019-08-02,55.45110
2019-08-05,55.24660
2019-08-06,55.48440
2019-08-07,55.38420
2019-08-08,55.64100
2019-08-09,55.67830
2019-08-13,55.19880
2019-08-14,55.43110
2019-08-16,55.51160
2019-08-19,55.59830
2019-08-20,55.48530
2019-08-21,55.23630
2019-08-22,54.92450
2019-08-23,55.19390
2019-08-26,55.57240
2019-08-27,55.71680
2019-08-28,55.52620
2019-08-29,55.43750
2019-08-30,55.61220
2019-09-03,55.15960
2019-09-04,55.34550
2019-09-05,55.48350
2019-09-06,55.75210
2019-09-09,55.90030
2019-09-11,55.96580
2019-09-12,55.85670
2019-09-13,56.13930
2019-09-16,56.04210
2019-09-17,55.63040
2019-09-18,55.73700
2019-09-19,55.47420
2019-09-20,56.58810
2019-09-23,57.14960
2019-09-24,57.02460
2019-09-25,56.64600
2019-09-26,57.00900
2019-09-27,56.92650
2019-09-30,56.88780
2019-10-01,56.59750
2019-10-03,56.51330
2019-10-04,56.20080
2019-10-07,56.11080
2019-10-09,56.52320
2019-10-10,56.31150
2019-10-11,56.51640
2019-10-14,56.62310
2019-10-15,56.81490
2019-10-16,56.85470
2019-10-17,57.17560
2019-10-18,57.38100
2019-10-22,57.26370
2019-10-23,57.34730
2019-10-24,57.25320
2019-10-25,57.25300
2019-10-29,57.73930
2019-10-30,57.90050
2019-10-31,58.01940
2019-11-01,58.09660
2019-11-04,58.19200
2019-11-05,58.07720
2019-11-06,58.16320
2019-11-07,58.21200
2019-11-08,58.01210
2019-11-11,58.04920
2019-11-13,57.84210
2019-11-14,57.94230
2019-11-15,58.01790
2019-11-18,58.11000
2019-11-19,58.20760
2019-11-20,58.27150
2019-11-21,58.10100
2019-11-22,58.07570
2019-11-25,58.45800
2019-11-26,58.36660
2019-11-27,58.47270
2019-11-28,58.63560
2019-11-29,58.50940
2019-12-02,58.47430
2019-12-03,58.33440
2019-12-04,58.51290
2019-12-05,58.34790
2019-12-06,58.12320
2019-12-09,58.11760
2019-12-10,57.94150
2019-12-11,58.04930
2019-12-12,58.16530
2019-12-13,58.40700
2019-12-16,58.32170
2019-12-17,58.56380
2019-12-18,58.62490
2019-12-19,58.66920
2019-12-20,58.81670
2019-12-23,58.84710
2019-12-24,58.81790
2019-12-26,58.71880
2019-12-27,58.95390
2019-12-30,58.96920
2019-12-31,58.86150
2020-01-01,58.94250
2020-01-02,59.10960
2020-01-03,59.01680
2020-01-06,58.61000
2020-01-07,58.70510
2020-01-08,58.67710
2020-01-09,59.04630
2020-01-10,59.11990
2020-01-13,59.30180
2020-01-14,59.38280
2020-01-15,59.41920
2020-01-16,59.45250
2020-01-17,59.49360
2020-01-20,59.32940
2020-01-21,59.22000
2020-01-22,59.10700
2020-01-23,59.31800
2020-01-24,59.50450
2020-01-27,59.29520
2020-01-28,59.12210
2020-01-29,59.24750
2020-01-30,59.10090
2020-01-31,58.93460
2020-02-03,58.44850
2020-02-04,58.91680
2020-02-05,59.18070
2020-02-06,59.40730
2020-02-07,59.49340
2020-02-10,59.28090
2020-02-11,59.43980
2020-02-12,59.54530
2020-02-13,59.50400
2020-02-14,59.39250
2020-02-17,59.18240
2020-02-18,59.06100
2020-02-20,59.33620
2020-02-24,58.78940
2020-02-25,58.69250
2020-02-26,58.40210
2020-02-27,58.27340
2020-02-28,57.36920
2020-03-02,57.06330
2020-03-03,57.60350
2020-03-04,57.43720
2020-03-05,57.45550
2020-03-06,56.74330
2020-03-09,55.32620
2020-03-11,55.02120
2020-03-12,52.17750
2020-03-13,53.39750
2020-03-16,50.80960
2020-03-17,49.87770
2020-03-18,47.94220
2020-03-19,46.99080
2020-03-20,48.71350
2020-03-23,43.79260
2020-03-24,44.33050
2020-03-26,47.27160
2020-03-27,47.40940
2020-03-30,46.21660
2020-03-31,47.58140
2020-04-03,45.69870
2020-04-07,48.55540
2020-04-08,48.76210
2020-04-09,50.50040
2020-04-13,50.24690
2020-04-15,50.19120
2020-04-16,50.75490
2020-04-17,51.90670
2020-04-20,51.82840
2020-04-21,50.46050
2020-04-22,50.88990
2020-04-23,51.36380
2020-04-24,50.43820
2020-04-27,50.89510
2020-04-28,51.03310
2020-04-29,51.70470
2020-04-30,53.06810
2020-05-04,51.16700
2020-05-05,50.90990
2020-05-06,51.31950
2020-05-08,50.93420
2020-05-11,50.94420
2020-05-12,51.16070
2020-05-13,51.84050
2020-05-14,51.04170
2020-05-15,51.05190
2020-05-18,49.93230
2020-05-19,50.49020
2020-05-20,51.14820
2020-05-21,51.46540
2020-05-22,51.42560
2020-05-26,51.49640
2020-05-27,52.19030
2020-05-28,52.77940
2020-05-29,53.23610
2020-06-01,54.05610
2020-06-02,54.49040
2020-06-03,54.67670
2020-06-04,54.84380
2020-06-05,55.57490
2020-06-08,55.66900
2020-06-09,55.21770
2020-06-10,55.29480
2020-06-11,54.48450
2020-06-12,54.69580
2020-06-15,54.14730
2020-06-16,54.32380
2020-06-17,54.36680
2020-06-18,54.94760
2020-06-19,55.35780
2020-06-22,55.72000
2020-06-23,56.42120
2020-06-24,55.64880
2020-06-25,55.61980
2020-06-26,56.01690
2020-06-29,55.61460
2020-06-30,55.58200
2020-07-01,55.83150
2020-07-02,56.33790
2020-07-03,56.61460
2020-07-06,57.15490
2020-07-07,57.19590
2020-07-08,56.92640
2020-07-09,57.27860
2020-07-10,57.11940
2020-07-13,57.28660
2020-07-14,56.63140
2020-07-15,56.73830
2020-07-16,57.14790
2020-07-17,57.67460
2020-07-20,57.94350
2020-07-21,58.31330
2020-07-22,58.27560
2020-07-23,58.56050
2020-07-24,58.31650
2020-07-27,58.01080
2020-07-28,58.47420
2020-07-29,58.36170
2020-07-30,58.11680
2020-07-31,58.28940
2020-08-03,57.89940
2020-08-04,58.24480
2020-08-05,58.45770
2020-08-06,58.75820
2020-08-07,58.68470
2020-08-10,59.02960
2020-08-11,59.10770
2020-08-12,59.18360
2020-08-13,59.36650
2020-08-14,58.98230
2020-08-17,59.42110
2020-08-18,59.79660
2020-08-19,59.91560
2020-08-20,59.92440
2020-08-21,60.05640
2020-08-24,60.09090
2020-08-25,60.11660
2020-08-26,60.19330
2020-08-27,60.24850
2020-08-28,60.54540
2020-08-31,59.52980
2020-09-01,60.08360
2020-09-02,60.37470
2020-09-03,60.40690
2020-09-04,59.73410
2020-09-07,59.56350
2020-09-08,59.20550
2020-09-09,59.10720
2020-09-10,59.34430
2020-09-11,59.38670
2020-09-14,59.52510
2020-09-15,59.83520
2020-09-16,60.04530
2020-09-17,59.79970
2020-09-18,59.95600
2020-09-21,58.99130
2020-09-22,58.71570
2020-09-23,58.57480
2020-09-24,57.52490
2020-09-25,58.33300
2020-09-28,58.96490
2020-09-29,58.83670
2020-09-30,58.78990
2020-10-01,59.16550
2020-10-05,59.41240
2020-10-06,59.64560
2020-10-07,59.57040
2020-10-08,59.81100
2020-10-09,60.13810
2020-10-12,60.00670
2020-10-13,59.96280
2020-10-14,59.83020
2020-10-15,59.25480
2020-10-16,59.51900
2020-10-19,59.85770
2020-10-20,59.93870
2020-10-21,60.21270
2020-10-22,60.27010
2020-10-23,60.44920
2020-10-26,60.06730
2020-10-27,60.25790
2020-10-28,59.98470
2020-10-29,59.75790
2020-11-02,60.08290
2020-11-03,60.38370
2020-11-04,60.55990
2020-11-05,61.22970
2020-11-06,61.43430
2020-11-09,62.06150
2020-11-10,62.17180
2020-11-11,62.69150
2020-11-12,62.64280
2020-11-13,62.76660
2020-11-17,63.17250
2020-11-18,63.41710
2020-11-19,63.07300
2020-11-20,63.38320
2020-11-23,63.59790
2020-11-24,63.86590
2020-11-25,63.45310
2020-11-26,63.80440
2020-11-27,63.86320
2020-12-01,64.39370
2020-12-02,64.63510
2020-12-03,64.92850
2020-12-04,65.38650
2020-12-07,65.72850
2020-12-08,65.74320
2020-12-09,65.93520
2020-12-10,65.72600
2020-12-11,65.90520
2020-12-14,66.11660
2020-12-15,66.14510
2020-12-16,66.36100
2020-12-17,66.30080
2020-12-18,66.36950
2020-12-21,65.15380
2020-12-22,65.52640
2020-12-23,65.99610
2020-12-24,66.28140
2020-12-28,66.58150
2020-12-29,66.61900
2020-12-30,66.67040
2020-12-31,66.73430
2021-01-01,66.91350
2021-01-04,67.42380
2021-01-05,67.59920
2021-01-06,67.66540
2021-01-07,67.76710
2021-01-08,68.15560
2021-01-11,68.26980
2021-01-12,68.51110
2021-01-13,68.65900
2021-01-14,68.62160
2021-01-15,68.34580
2021-01-18,67.75400
2021-01-19,68.20770
2021-01-20,68.40080
2021-01-21,68.11150
2021-01-22,67.76490
2021-01-25,67.64620
2021-01-27,67.18260
2021-01-28,67.05380
2021-01-29,66.73590
2021-02-01,67.82820
2021-02-02,68.55610
2021-02-03,68.98460
2021-02-04,69.28870
2021-02-05,69.09910
2021-02-08,69.60640
2021-02-09,69.63520
2021-02-10,69.63730
2021-02-11,69.82490
2021-02-12,69.68910
2021-02-15,69.92350
2021-02-16,70.00460
2021-02-17,69.94790
2021-02-18,70.01010
2021-02-22,69.22380
2021-02-23,69.46320
2021-02-24,69.81430
2021-02-25,70.13490
2021-02-26,69.37620
2021-03-01,69.66140
2021-03-02,70.00100
2021-03-03,70.44320
2021-03-04,70.25280
2021-03-05,69.85850
2021-03-08,70.01480
2021-03-09,70.00540
2021-03-10,70.18240
2021-03-12,69.92400
2021-03-15,69.85450
2021-03-16,69.87200
2021-03-17,69.36920
2021-03-18,69.10350
2021-03-19,69.45360
2021-03-22,69.47690
2021-03-23,69.61000
2021-03-24,69.12900
2021-03-25,68.74750
2021-03-26,69.12280
2021-03-30,69.50020
2021-03-31,69.39350
2021-04-05,69.54340
2021-04-06,69.67140
2021-04-07,70.09590
2021-04-08,70.22890
2021-04-09,70.24270
2021-04-12,69.09430
2021-04-15,69.77070
2021-04-16,70.01250
2021-04-19,69.59860
2021-04-20,69.57910
2021-04-22,69.82190
2021-04-23,69.80390
2021-04-26,70.05770
2021-04-27,70.38140
2021-04-28,70.66690
2021-04-29,70.68910
2021-04-30,70.56410
2021-05-03,70.75570
2021-05-04,70.64720
2021-05-05,70.99190
2021-05-06,71.19910
2021-05-07,71.47270
2021-05-10,71.86920
2021-05-11,72.04150
2021-05-12,71.83790
2021-05-14,71.61230
2021-05-17,72.04110
2021-05-18,72.34680
2021-05-19,72.33730
2021-05-20,72.19120
2021-05-21,72.59350
2021-05-24,72.77710
2021-05-25,72.86480
2021-05-27,73.02570
2021-05-28,72.92470
2021-05-31,73.12290
2021-06-01,73.09330
2021-06-02,73.18520
2021-06-03,73.40110
2021-06-04,73.43660
2021-06-07,73.79810
2021-06-08,73.96240
2021-06-09,73.80140
2021-06-10,74.10980
2021-06-11,74.23110
2021-06-14,74.15890
2021-06-15,74.26600
2021-06-16,74.08690
2021-06-17,73.78580
2021-06-18,73.53200
2021-06-21,73.72180
2021-06-22,73.78530
2021-06-23,73.64520
2021-06-24,73.76060
2021-06-25,74.02230
2021-06-28,74.04980
2021-06-29,73.95120
2021-06-30,73.84730
2021-07-01,73.95450
2021-07-02,74.02260
2021-07-05,74.25800
2021-07-06,74.23590
2021-07-07,74.40330
2021-07-08,74.19140
2021-07-09,74.22510
2021-07-12,74.29480
2021-07-13,74.59510
2021-07-14,74.76350
2021-07-15,74.86500
2021-07-16,74.98240
2021-07-19,74.77120
2021-07-20,74.29620
2021-07-22,74.68470
2021-07-23,74.80770
2021-07-26,74.84370
2021-07-27,74.74080
2021-07-28,74.70910
2021-07-29,74.97330
2021-07-30,75.16700
2021-08-02,75.31570
2021-08-03,75.69240
2021-08-04,75.70710
2021-08-05,75.70640
2021-08-06,75.67360
2021-08-09,75.50720
2021-08-10,75.35820
2021-08-11,75.34140
2021-08-12,75.61430
2021-08-13,75.73590
2021-08-17,75.68420
2021-08-18,75.62230
2021-08-20,75.14220
2021-08-23,75.09310
2021-08-24,75.45410
2021-08-25,75.46690
2021-08-26,75.32650
2021-08-27,75.57450
2021-08-30,76.20320
2021-08-31,76.50800
2021-09-01,76.56430
2021-09-02,76.74880
2021-09-03,76.81210
2021-09-06,76.84010
2021-09-07,76.75490
2021-09-08,76.79350
2021-09-09,76.86790
2021-09-13,76.90610
2021-09-14,77.06650
2021-09-15,77.43720
2021-09-16,77.55500
2021-09-17,77.39950
2021-09-20,77.03420
2021-09-21,77.15860
2021-09-22,77.28530
2021-09-23,77.60570
2021-09-24,77.50980
2021-09-27,77.61810
2021-09-28,77.59770
2021-09-29,77.78100
2021-09-30,77.78230
2021-10-01,77.79400
2021-10-04,78.05130
2021-10-05,78.22450
2021-10-06,78.00250
2021-10-07,78.18220
2021-10-08,78.19030
2021-10-11,78.42440
2021-10-12,78.48420
2021-10-13,78.71130
2021-10-14,78.92850
2021-10-18,79.03360
2021-10-20,78.69810
2021-10-21,78.73270
2021-10-22,78.65440
2021-10-25,78.73340
2021-10-26,78.87930
2021-10-27,78.80450
2021-10-28,78.32070
2021-10-29,78.18930
2021-11-01,78.50340
2021-11-02,78.58470
2021-11-03,78.44490
2021-11-08,78.81020
2021-11-09,78.90570
2021-11-10,78.93610
2021-11-11,78.79690
2021-11-12,78.95450
2021-11-15,78.98460
2021-11-16,78.82900
2021-11-17,78.72900
2021-11-18,78.49730
2021-11-22,78.02320
2021-11-23,78.11280
2021-11-24,78.11740
2021-11-25,78.18700
2021-11-26,77.74180
2021-11-29,77.52030
2021-11-30,77.51970
2021-12-01,77.52500
2021-12-02,77.70190
2021-12-03,77.56540
2021-12-06,77.29290
2021-12-07,77.59560
2021-12-08,78.00860
2021-12-09,78.00950
2021-12-10,77.96950
2021-12-13,78.03150
2021-12-14,78.06240
2021-12-15,77.89940
2021-12-16,77.87380
2021-12-17,77.52360
2021-12-20,77.00830
2021-12-21,77.10180
2021-12-22,77.29500
2021-12-23,77.48600
2021-12-24,77.28720
2021-12-27,77.39760
2021-12-28,77.57250
2021-12-29,77.59980
2021-12-30,77.59720
2021-12-31,77.80470
2022-01-03,78.03320
2022-01-04,78.06410
2022-01-05,78.19540
2022-01-06,78.09080
2022-01-07,78.09570
2022-01-10,78.23370
2022-01-11,78.27970
2022-01-12,78.44780
2022-01-13,78.59220
2022-01-14,78.55560
2022-01-17,78.58250
2022-01-18,78.46690
2022-01-19,78.45570
2022-01-20,78.42920
2022-01-21,78.20380
2022-01-24,77.93940
2022-01-25,78.18170
2022-01-27,78.05190
2022-01-28,78.09450
2022-01-31,78.36950
2022-02-01,78.35010
2022-02-02,78.40640
2022-02-03,78.31690
2022-02-04,78.25370
2022-02-08,78.27610
2022-02-09,78.49040
2022-02-10,78.67760
2022-02-11,78.55750
2022-02-14,78.24950
2022-02-15,78.53760
2022-02-16,78.50610
2022-02-17,78.48690
2022-02-18,78.43510
2022-02-21,78.27970
2022-02-22,78.11950
2022-02-23,78.09330
2022-02-24,77.37500
2022-02-25,77.79650
2022-02-28,77.99430
2022-03-02,77.77510
2022-03-03,77.68900
2022-03-04,77.41320
2022-03-07,77.20980
2022-03-08,77.40480
2022-03-09,77.80250
2022-03-10,78.03990
2022-03-11,78.12820
2022-03-14,78.25990
2022-03-15,78.12500
2022-03-16,78.43850
2022-03-17,78.75360
2022-03-21,78.62630
2022-03-22,78.75080
2022-03-23,78.74750
2022-03-24,78.77380
2022-03-25,78.78720
2022-03-28,78.82120
2022-03-29,78.90320
2022-03-30,79.02100
2022-03-31,79.09120
2022-04-04,79.61300
2022-04-05,79.69190
2022-04-06,79.73450
2022-04-07,79.70080
2022-04-08,79.77550
2022-04-11,79.81540
2022-04-12,79.70420
2022-04-13,79.81880
2022-04-18,79.89010
2022-04-19,79.69450
2022-04-20,79.68300
2022-04-21,79.81740
2022-04-22,79.71450
2022-04-25,79.47150
2022-04-26,79.63620
2022-04-27,79.43640
2022-04-28,79.54010
2022-04-29,79.48780
2022-05-02,79.24580
2022-05-04,78.73000
2022-05-05,78.88750
2022-05-06,78.60940
2022-05-09,78.50650
2022-05-10,78.34200
2022-05-11,78.22440
2022-05-12,77.84170
2022-05-13,77.68560
2022-05-17,78.32720
2022-05-18,78.27630
2022-05-19,77.81840
2022-05-20,78.31810
2022-05-23,78.38840
2022-05-24,78.15610
2022-05-25,78.04580
2022-05-26,78.29440
2022-05-27,78.52120
2022-05-30,78.92990
2022-05-31,79.02490
2022-06-01,78.80730
2022-06-02,79.02720
2022-06-03,78.93410
2022-06-06,78.81590
2022-06-07,78.58770
2022-06-08,78.62120
2022-06-09,78.76930
2022-06-10,78.47120
2022-06-13,77.92640
2022-06-14,77.74580
2022-06-15,77.72570
2022-06-16,77.26850
2022-06-17,77.00970
2022-06-20,76.87500
2022-06-21,77.37040
2022-06-22,77.08280
2022-06-23,77.39410
2022-06-24,77.61930
2022-06-27,77.98240
2022-06-28,78.03210
2022-06-29,77.93200
2022-06-30,78.00880
2022-07-01,78.10750
2022-07-04,78.29220
2022-07-05,78.27540
2022-07-06,78.42710
2022-07-07,78.59850
2022-07-08,78.79770
2022-07-11,78.73480
2022-07-12,78.56940
2022-07-13,78.50820
2022-07-14,78.45290
2022-07-15,78.50860
2022-07-18,79.05230
2022-07-19,79.13410
2022-07-20,79.37990
2022-07-21,79.49920
2022-07-22,79.66580
2022-07-25,79.62200
2022-07-26,79.35560
2022-07-27,79.53920
2022-07-28,79.92600
2022-07-29,80.25440
2022-08-01,80.54650
2022-08-02,80.50000
2022-08-03,80.50100
2022-08-04,80.62090
2022-08-05,80.64280
2022-08-08,80.79450
2022-08-10,80.89700
2022-08-11,81.08560
2022-08-12,81.20510
2022-08-17,81.54050
2022-08-18,81.46710
2022-08-19,81.27490
2022-08-22,80.98540
2022-08-23,81.11410
2022-08-24,81.24850
2022-08-25,81.26640
2022-08-26,81.35310
2022-08-29,81.08570
2022-08-30,81.47880
2022-09-01,81.27840
2022-09-02,81.28020
2022-09-05,81.47810
2022-09-06,81.53190
2022-09-07,81.57180
2022-09-08,81.78810
2022-09-09,81.86670
2022-09-12,82.02780
2022-09-13,82.15280
2022-09-14,81.96450
2022-09-15,81.85460
2022-09-16,81.32380
2022-09-19,81.37560
2022-09-20,81.68190
2022-09-21,81.50020
2022-09-22,81.50360
2022-09-23,81.12240
2022-09-26,80.72570
2022-09-27,80.73760
2022-09-28,80.66720
2022-09-29,80.86530
2022-09-30,81.27320
2022-10-03,81.15550
2022-10-04,81.73740
2022-10-06,81.89950
2022-10-07,81.89520
2022-10-10,81.66700
2022-10-11,81.27820
2022-10-12,81.44310
2022-10-13,81.34260
2022-10-14,81.43010
2022-10-17,81.58060
2022-10-18,81.83590
2022-10-19,81.80930
2022-10-20,81.84100
2022-10-21,81.85870
2022-10-25,82.35540
2022-10-27,82.58190
2022-10-28,82.39330
2022-10-31,82.65750
2022-11-01,82.87840
2022-11-02,82.84420
2022-11-03,82.64640
2022-11-04,82.69900
2022-11-07,82.95590
2022-11-09,82.90940
2022-11-10,82.80990
2022-11-11,83.30510
2022-11-14,83.34990
2022-11-15,83.55220
2022-11-16,83.57000
2022-11-17,83.45630
2022-11-18,83.35900
2022-11-21,83.18160
2022-11-22,83.28910
2022-11-23,83.32610
2022-11-24,83.74950
2022-11-25,83.75910
2022-11-28,83.90220
2022-11-29,83.93060
2022-11-30,84.06640
2022-12-01,84.26650
2022-12-02,84.33380
2022-12-05,84.41730
2022-12-06,84.26730
2022-12-07,84.17440
2022-12-08,84.25970
2022-12-09,84.19290
2022-12-12,84.28100
2022-12-13,84.41860
2022-12-14,84.56290
2022-12-15,84.30340
2022-12-16,84.16480
2022-12-19,84.34730
2022-12-20,84.32840
2022-12-21,84.19180
2022-12-22,84.11200
2022-12-23,83.66910
2022-12-26,83.94030
2022-12-27,84.12700
2022-12-28,84.06560
2022-12-29,84.19020
2022-12-30,84.18140
2023-01-02,84.36790
2023-01-03,84.51080
2023-01-04,84.40250
2023-01-05,84.41930
2023-01-06,84.21880
2023-01-09,84.56050
2023-01-10,84.41000
2023-01-11,84.40050
2023-01-12,84.39160
2023-01-13,84.52650
2023-01-16,84.53120
2023-01-17,84.57880
2023-01-18,84.66840
2023-01-19,84.65800
2023-01-20,84.60260
2023-01-23,84.72590
2023-01-24,84.67360
2023-01-25,84.49970
2023-01-27,84.27080
2023-01-30,84.26030
2023-01-31,84.38140
2023-02-01,84.42890
2023-02-02,84.60160
2023-02-03,84.68300
2023-02-06,84.60340
2023-02-07,84.55930
2023-02-08,84.75720
2023-02-09,84.74880
2023-02-10,84.71020
2023-02-13,84.60910
2023-02-14,84.70440
2023-02-15,84.71440
2023-02-16,84.82500
2023-02-17,84.68930
2023-02-20,84.69910
2023-02-21,84.64010
2023-02-22,84.39410
2023-02-23,84.37000
2023-02-24,84.32490
2023-02-27,84.19780
2023-02-28,84.12140
2023-03-01,84.42520
2023-03-02,84.31200
2023-03-03,84.60440
2023-03-06,84.77920
2023-03-08,84.74320
2023-03-09,84.60460
2023-03-10,84.45800
2023-03-13,84.26960
2023-03-14,84.22210
2023-03-15,84.12300
2023-03-16,84.23420
2023-03-17,84.41590
2023-03-20,84.31800
2023-03-21,84.49910
2023-03-23,84.49940
2023-03-24,84.27310
2023-03-27,84.23090
2023-03-28,84.09190
2023-03-29,84.51670
2023-03-31,85.11120
2023-04-03,85.26820
2023-04-05,85.55750
2023-04-06,85.67620
2023-04-10,85.79270
2023-04-11,85.89900
2023-04-12,86.07730
2023-04-13,86.01630
2023-04-17,85.70370
2023-04-18,85.81340
2023-04-19,85.62240
2023-04-20,85.71600
2023-04-21,85.67320
2023-04-24,85.86740
2023-04-25,85.92590
2023-04-26,86.02710
2023-04-27,86.19440
2023-04-28,86.48490
2023-05-02,86.72110
2023-05-03,86.76010
2023-05-04,87.04800
2023-05-08,87.13050
2023-05-09,87.20590
2023-05-10,87.33600
2023-05-11,87.39640
2023-05-12,87.35000
2023-05-15,87.59390
2023-05-16,87.56210
2023-05-17,87.35330
2023-05-18,87.29530
2023-05-19,87.38030
2023-05-22,87.65550
2023-05-23,87.65440
2023-05-24,87.65690
2023-05-25,87.69560
2023-05-26,88.00100
2023-05-29,88.13590
2023-05-30,88.21120
2023-05-31,88.23260
2023-06-01,88.23500
2023-06-02,88.44580
2023-06-05,88.53980
2023-06-06,88.55780
2023-06-07,88.84510
2023-06-08,88.63090
2023-06-09,88.51080
2023-06-12,88.72720
2023-06-13,88.90700
2023-06-14,88.91310
2023-06-15,88.81490
2023-06-16,89.11230
2023-06-19,89.03810
2023-06-20,89.18200
2023-06-21,89.29060
2023-06-22,89.07770
2023-06-23,88.87600
2023-06-26,89.04750
2023-06-27,89.33270
2023-06-28,89.56670
2023-06-30,89.90960
2023-07-03,90.06210
2023-07-04,90.15200
2023-07-05,90.30290
2023-07-06,90.48370
2023-07-07,90.27700
2023-07-10,90.23560
2023-07-11,90.50690
2023-07-12,90.50810
2023-07-13,90.59810
2023-07-14,91.03570
2023-07-17,91.25100
2023-07-18,91.30970
2023-07-19,91.49410
2023-07-20,91.71690
2023-07-21,91.43820
2023-07-24,91.47150
2023-07-25,91.57620
2023-07-26,91.84330
2023-07-27,91.85910
2023-07-28,91.86710
2023-07-31,92.17890
2023-08-01,92.25170
2023-08-02,91.86710
2023-08-03,91.71440
2023-08-04,91.97890
2023-08-07,92.18100
2023-08-08,92.23340
2023-08-09,92.31880
2023-08-10,92.20500
2023-08-11,91.96840
2023-08-14,91.89740
2023-08-17,91.81690
2023-08-18,91.70980
2023-08-21,91.93010
2023-08-22,92.04570
2023-08-23,92.17650
2023-08-24,92.20810
2023-08-25,91.97230
2023-08-28,92.12520
2023-08-29,92.22470
2023-08-30,92.40670
2023-08-31,92.34690
2023-09-01,92.73670
2023-09-04,93.04430
2023-09-05,93.17150
2023-09-06,93.23720
2023-09-07,93.40810
2023-09-08,93.58460
2023-09-11,93.86910
2023-09-12,93.54050
2023-09-13,93.80820
2023-09-14,94.04050
2023-09-15,94.20990
2023-09-18,94.16780
2023-09-20,93.93720
2023-09-21,93.65130
2023-09-22,93.48270
2023-09-25,93.41780
2023-09-26,93.35670
2023-09-27,93.43860
2023-09-29,93.38770
2023-10-03,93.14660
2023-10-04,92.72700
2023-10-05,92.93390
2023-10-06,93.04300
2023-10-09,92.89620
2023-10-10,93.24950
2023-10-11,93.51260
2023-10-12,93.60590
2023-10-13,93.56990
2023-10-16,93.73720
2023-10-17,93.92610
2023-10-18,93.78260
2023-10-19,93.75030
2023-10-20,93.69660
2023-10-23,93.14370
2023-10-25,92.89420
2023-10-26,92.61000
2023-10-27,93.01150
2023-10-30,93.22570
2023-10-31,93.16910
2023-11-01,93.00880
2023-11-02,93.41170
2023-11-03,93.76280
2023-11-06,94.08140
2023-11-07,94.08520
2023-11-08,94.25930
2023-11-09,94.10200
2023-11-10,94.21570
2023-11-13,94.24970
2023-11-15,94.88030
2023-11-16,95.12690
2023-11-17,95.22750
2023-11-20,95.23570
2023-11-21,95.40280
2023-11-22,95.49960
2023-11-23,95.51570
2023-11-24,95.51370
2023-11-28,95.74220
2023-11-29,96.26010
2023-11-30,96.53700
2023-12-01,96.78460
2023-12-04,97.53120
2023-12-05,97.53870
2023-12-06,97.61900
2023-12-07,97.72250
2023-12-08,97.76190
2023-12-11,97.69680
2023-12-12,97.55590
2023-12-13,97.74720
2023-12-14,98.47060
2023-12-15,98.82680
2023-12-18,98.81500
2023-12-19,98.79480
2023-12-21,98.42490
2023-12-22,98.71310
2023-12-26,98.98450
2023-12-27,99.31830
2023-12-28,99.58790
2023-12-29,99.54280
2024-01-01,99.66960
2024-01-02,99.65070
2024-01-03,99.43290
2024-01-04,99.62740
2024-01-05,99.71040
2024-01-08,99.40720
2024-01-09,99.61190
2024-01-10,99.67820
2024-01-11,99.78120
2024-01-12,100.14150
2024-01-15,100.49630
2024-01-16,100.33390
2024-01-17,99.81680
2024-01-18,99.72020
2024-01-19,100.19180
2024-01-23,99.69640
2024-01-24,100.14600
2024-01-25,99.98990
2024-01-29,100.65340
2024-01-30,100.47540
2024-01-31,100.88240
2024-02-01,100.94840
2024-02-02,101.28150
2024-02-05,101.08110
2024-02-06,101.51170
2024-02-07,101.63090
2024-02-08,101.44780
2024-02-09,101.47240
2024-02-12,101.02760
2024-02-13,101.23190
2024-02-14,101.29760
2024-02-15,101.54310
2024-02-16,101.81990
2024-02-20,102.13850
2024-02-21,101.99410
2024-02-22,102.22810
2024-02-23,102.19320
2024-02-26,102.14620
2024-02-27,102.30190
2024-02-28,101.96250
2024-02-29,102.04580
2024-03-01,102.47220
2024-03-04,102.81940
2024-03-05,102.86040
2024-03-06,102.92130
2024-03-07,103.15600
2024-03-11,103.20460
2024-03-12,103.05830
2024-03-13,102.33780
2024-03-14,102.80780
2024-03-15,102.66490
2024-03-18,102.66300
2024-03-19,102.35960
2024-03-20,102.44290
2024-03-21,103.09600
2024-03-22,103.10190
2024-03-26,103.20770
2024-03-27,103.33880
2024-03-28,103.73890
2024-03-31,103.75640
2024-04-02,104.39150
2024-04-03,104.53470
2024-04-04,104.69690
2024-04-05,104.77330
2024-04-08,105.11140
2024-04-10,105.37250
2024-04-12,105.16710
2024-04-15,104.77160
2024-04-16,104.73580
2024-04-18,104.71830
2024-04-19,104.74780
2024-04-22,105.03260
2024-04-23,104.99270
2024-04-24,105.11150
2024-04-25,105.38090
2024-04-26,105.36240
2024-04-29,105.60850
2024-04-30,105.51520
2024-05-02,105.63110
2024-05-03,105.44510
2024-05-06,105.58430
2024-05-07,105.38110
2024-05-08,105.44320
2024-05-09,104.97930
2024-05-10,105.40630
2024-05-13,105.53220
2024-05-14,105.69270
2024-05-15,105.94180
2024-05-16,106.41980
2024-05-17,106.46590
2024-05-21,106.72840
2024-05-22,106.89090
2024-05-24,106.91430
2024-05-27,106.95350
2024-05-28,106.86070
2024-05-29,106.65440
2024-05-30,106.27360
2024-05-31,106.32180
2024-06-03,106.98090
2024-06-04,105.31610
2024-06-05,106.57930
2024-06-06,107.16320
2024-06-07,107.75950
2024-06-10,107.71690
2024-06-11,107.81040
2024-06-12,107.98460
2024-06-13,108.17400
2024-06-14,108.32890
2024-06-18,108.45000
2024-06-19,108.42950
2024-06-20,108.56280
2024-06-21,108.67390
2024-06-24,108.67100
2024-06-25,108.83510
2024-06-26,108.92700
2024-06-27,109.11760
2024-06-28,109.16560
2024-07-01,109.46010
2024-07-02,109.43910
2024-07-03,109.78760
2024-07-04,110.03980
2024-07-05,110.19700
2024-07-08,110.23940
2024-07-09,110.39950
2024-07-10,110.43160
2024-07-11,110.43500
2024-07-12,110.74330
2024-07-15,110.88140
2024-07-16,111.07610
2024-07-18,111.23840
2024-07-19,110.80540
2024-07-22,110.88070
2024-07-23,110.56830
2024-07-24,110.56800
2024-07-25,110.56770
2024-07-26,111.07040
2024-07-29,111.25880
2024-07-30,111.16500
2024-07-31,111.39170
2024-08-01,111.49160
2024-08-02,111.31660
2024-08-05,110.46670
2024-08-06,110.33070
2024-08-07,110.85260
2024-08-08,110.62340
2024-08-09,110.99180
2024-08-12,111.08310
2024-08-13,110.87100
2024-08-14,110.92220
2024-08-16,111.44010
2024-08-19,111.69290
2024-08-20,112.01510
2024-08-21,112.12570
2024-08-22,112.27850
2024-08-23,112.24000
2024-08-26,112.56980
2024-08-27,112.63320
2024-08-28,112.73370
2024-08-29,112.76240
2024-08-30,112.99090
2024-09-02,113.01490
2024-09-03,113.12030
2024-09-04,113.07680
2024-09-05,113.18180
2024-09-06,112.86770
2024-09-09,112.90670
2024-09-10,113.14680
2024-09-11,113.09990
2024-09-12,113.69940
2024-09-13,113.82750
2024-09-16,114.11030
2024-09-17,114.12240
2024-09-19,114.01880
2024-09-20,114.53750
2024-09-23,114.83960
2024-09-24,114.87520
2024-09-25,114.96620
2024-09-26,115.21090
2024-09-27,115.17530
2024-09-30,114.85400
2024-10-01,114.88220
2024-10-03,114.14990
2024-10-04,113.85620
2024-10-07,113.34800
2024-10-08,113.76070
2024-10-09,113.97060
2024-10-10,113.94490
2024-10-11,114.04980
2024-10-14,114.32720
2024-10-15,114.37050
2024-10-16,114.34920
2024-10-17,113.94160
2024-10-18,114.12360
2024-10-21,113.84490
2024-10-22,113.23390
2024-10-23,113.32180
2024-10-24,113.15350
2024-10-25,112.68000
2024-10-28,112.96390
2024-10-29,113.31300
2024-10-30,113.27740
2024-10-31,113.18780
2024-11-04,112.83190
2024-11-05,113.14650
2024-11-06,113.70980
2024-11-07,113.25010
2024-11-08,113.13240
2024-11-11,113.02770
2024-11-12,112.41360
2024-11-13,111.78100
2024-11-14,111.63640
2024-11-18,111.61860
2024-11-19,111.84100
2024-11-21,111.63220
2024-11-22,112.48800
2024-11-25,113.09460
2024-11-26,112.97580
2024-11-27,113.24870
2024-11-28,112.90020
2024-11-29,113.31270
2024-12-02,113.53830
2024-12-03,113.93370
2024-12-04,114.09090
2024-12-05,114.37320
2024-12-06,114.39120
2024-12-09,114.37260
2024-12-10,114.48960
2024-12-11,114.59470
2024-12-12,114.40630
2024-12-13,114.52310
2024-12-16,114.57510
2024-12-17,114.07340
2024-12-18,113.84240
2024-12-19,113.44150
2024-12-20,112.72560
2024-12-23,112.93450
2024-12-24,112.96340
2024-12-26,113.03290
2024-12-27,113.11860
2024-12-30,112.87250
2024-12-31,112.94990
2025-01-01,113.18410
2025-01-02,113.83410
2025-01-03,113.72070
2025-01-06,112.94420
2025-01-07,113.24660
2025-01-08,113.09310
2025-01-09,112.86520
2025-01-10,112.46410
2025-01-13,111.43270
2025-01-14,111.80330
2025-01-15,111.94160
2025-01-16,112.44910
2025-01-17,112.35120
2025-01-20,112.57660
2025-01-21,111.93030
2025-01-22,112.02170
2025-01-23,112.33930
2025-01-24,111.89910
2025-01-27,111.10870
2025-01-28,111.16230
2025-01-29,111.95780
2025-01-30,112.20790
2025-01-31,112.88630
2025-02-03,112.53110
2025-02-04,113.35720
2025-02-05,113.62210
2025-02-06,113.47850
2025-02-07,113.36590
2025-02-10,112.82160
2025-02-11,111.81040
2025-02-12,111.72740
2025-02-13,111.76960
2025-02-14,111.13870
2025-02-17,111.20170
2025-02-18,111.14390
2025-02-20,111.60900
2025-02-21,111.23080
2025-02-24,110.67200
2025-02-25,110.49210
2025-02-27,110.15640
2025-02-28,109.03830
2025-03-03,109.13380
2025-03-04,109.25160
2025-03-05,110.27070
2025-03-06,110.95840
2025-03-07,110.86890
2025-03-10,110.38990
2025-03-11,110.42120
2025-03-12,110.20710
2025-03-13,110.01210
2025-03-17,110.37890
2025-03-18,111.34720
2025-03-19,111.87740
2025-03-20,112.50800
2025-03-21,113.20830
2025-03-24,113.85700
2025-03-25,113.65640
2025-03-26,113.33260
2025-03-27,113.70180
2025-03-28,113.61600
2025-03-31,113.63130
2025-04-02,113.73960
2025-04-03,113.66620
2025-04-04,112.52020
2025-04-07,110.85330
2025-04-08,111.86200
2025-04-09,111.65300
2025-04-11,112.70410
2025-04-15,114.14430
2025-04-16,114.49690
2025-04-17,115.25350
2025-04-21,116.13630
2025-04-22,116.24020
2025-04-23,116.81070
2025-04-24,116.70780
2025-04-25,115.94450
2025-04-28,116.53930
2025-04-29,116.57800
2025-04-30,116.53240
2025-05-02,116.49870
2025-05-05,116.96600
2025-05-06,116.37100
2025-05-07,116.65960
2025-05-08,116.05830
2025-05-09,115.73200
2025-05-13,117.57420
2025-05-14,118.13310
2025-05-15,118.92120
2025-05-16,119.11620
2025-05-19,119.15110
2025-05-20,118.58870
2025-05-21,119.00570
2025-05-22,118.68250
2025-05-23,119.16820
2025-05-26,119.44840
2025-05-27,119.27900
2025-05-28,119.24920
2025-05-29,119.54580
2025-05-30,119.28730
2025-06-02,119.34180
2025-06-03,119.05370
2025-06-04,119.28350
2025-06-05,119.55930
2025-06-06,120.14720
2025-06-09,120.57700
2025-06-10,120.61280
2025-06-11,120.72390
2025-06-12,120.02730
2025-06-13,119.68490
2025-06-16,120.22640
2025-06-17,119.98280
2025-06-18,119.81170
2025-06-19,119.36990
2025-06-20,119.95160
2025-06-23,119.83760
2025-06-24,120.11960
2025-06-25,120.63620
2025-06-26,121.10030
2025-06-27,121.33970
2025-06-30,121.33120
2025-07-01,121.29590
2025-07-02,121.29530
2025-07-03,121.28160
2025-07-04,121.47450
2025-07-07,121.48300
2025-07-08,121.56520
2025-07-09,121.51150
2025-07-10,121.29650
2025-07-11,120.99350
2025-07-14,121.07900
2025-07-15,121.42990
2025-07-16,121.50730
2025-07-17,121.43620
2025-07-18,121.15630
2025-07-21,121.42640
2025-07-22,121.36190
2025-07-23,121.62110
2025-07-24,121.23120
2025-07-25,120.63320
2025-07-28,120.27560
2025-07-29,120.56610
2025-07-30,120.73700
2025-07-31,120.41280
2025-08-01,119.65570
2025-08-04,120.13860
2025-08-05,119.97780
2025-08-06,119.54590
2025-08-07,119.70710
2025-08-08,119.15920
2025-08-11,119.50230
2025-08-12,119.51770
2025-08-13,119.83890
2025-08-14,119.91420
2025-08-18,120.50110
2025-08-19,120.89990
2025-08-20,121.18050
2025-08-21,121.26080
2025-08-22,120.97330
2025-08-25,121.21940
2025-08-26,120.53070
2025-08-28,120.07120
2025-08-29,119.76630
2025-09-01,120.41410
2025-09-02,120.37660
2025-09-03,120.71170
2025-09-04,120.60450
2025-09-05,120.64860
2025-09-09,120.95530
2025-09-10,121.28320
2025-09-11,121.38610
2025-09-12,121.56800
2025-09-15,121.62660
2025-09-16,122.04180
2025-09-17,122.26130
2025-09-18,122.50880
2025-09-19,122.47880
2025-09-22,122.06150
2025-09-23,121.96860
2025-09-24,121.72670
2025-09-25,121.41040
2025-09-26,120.61320
2025-09-30,120.59990
2025-10-01,121.18480
2025-10-03,121.47100
2025-10-06,121.91620
2025-10-07,121.97420
2025-10-08,121.84480
2025-10-09,122.19360
2025-10-10,122.44830
2025-10-13,122.35240
2025-10-14,122.10390
2025-10-15,122.55220
2025-10-16,122.95950
2025-10-17,122.94820
2025-10-20,123.21210
2025-10-23,123.51890
2025-10-24,123.34350
2025-10-27,123.75740
2025-10-28,123.68990
2025-10-29,124.05830
2025-10-30,123.73880
2025-10-31,123.39520
2025-11-03,123.63430
2025-11-04,123.34820
2025-11-06,123.02780
2025-11-07,123.01610
2025-11-10,123.26720
2025-11-11,123.58470
2025-11-12,124.05460
2025-11-13,124.02890
2025-11-14,123.91370
2025-11-17,124.14330
2025-11-18,123.85310
2025-11-19,124.18020
2025-11-20,124.30880
2025-11-21,123.92630
2025-11-24,123.79520
2025-11-25,123.79370
2025-11-26,124.45430
2025-11-27,124.44640
2025-11-28,124.33870
2025-12-01,124.34490
2025-12-02,124.24270
2025-12-03,124.13190
2025-12-04,124.30570
2025-12-05,124.46460
2025-12-08,123.85180
2025-12-09,123.74540
2025-12-10,123.47270
2025-12-11,123.79260
2025-12-12,124.17920
2025-12-15,124.30840
2025-12-16,123.90290
2025-12-17,123.72910
2025-12-18,123.80360
2025-12-19,124.28320
2025-12-22,124.71700
2025-12-23,124.71390
2025-12-24,124.65240
2025-12-26,124.44580
2025-12-29,124.24220
2025-12-30,124.14460
2025-12-31,124.67460
2026-01-01,124.76530
2026-01-02,125.20620
2026-01-05,125.07800
2026-01-06,125.13820
2026-01-07,125.15830
2026-01-08,124.34240
2026-01-09,123.81100
2026-01-12,123.91460
2026-01-13,123.86550
2026-01-14,123.77470
2026-01-16,123.90770
2026-01-19,123.60880
2026-01-20,122.59100
2026-01-21,122.30800
2026-01-22,122.80590
2026-01-23,122.09410
2026-01-27,122.37800
2026-01-28,123.01030
2026-01-29,123.06880
2026-01-30,123.05950
2026-02-02,122.42910
2026-02-03,124.02020
2026-02-04,124.02700
2026-02-05,123.73990
2026-02-06,123.54160
2026-02-09,124.05120
2026-02-10,124.31610
2026-02-11,124.35950
2026-02-12,123.88460
2026-02-13,123.16080
2026-02-16,123.46460
2026-02-17,123.70610
2026-02-18,123.84090
2026-02-20,123.20730
2026-02-23,123.39720
2026-02-24,122.77370
2026-02-25,123.20100
2026-02-26,123.32220
2026-02-27,122.69090
2026-03-02,121.79820
2026-03-04,120.78760
2026-03-05,121.32130
2026-03-06,120.73880
2026-03-09,119.56490
2026-03-10,120.40110
2026-03-11,119.76940
2026-03-12,119.17060
2026-03-13,117.79540
2026-03-16,117.98790
2026-03-17,118.41030
2026-03-18,119.31320
2026-03-20,117.51780
2026-03-23,115.39760
2026-03-24,116.57760
2026-03-25,117.86850
2026-03-27,116.58320
2026-03-30,115.05300
2026-03-31,115.07010
2026-04-02,116.32120
2026-04-06,117.15710
2026-04-07,117.58700
2026-04-08,120.23200
2026-04-09,119.89330
2026-04-10,120.77740
2026-04-13,120.40900
2026-04-15,121.86610
2026-04-16,122.12630
2026-04-17,122.71240
2026-04-20,122.65390
2026-04-21,123.19530
2026-04-22,122.89430
2026-04-23,122.27700
2026-04-24,121.30280
2026-04-27,122.13300
2026-04-28,121.81640
2026-04-29,122.02200
2026-04-30,121.52610
2026-05-04,121.92080
2026-05-05,121.74660
2026-05-06,122.78170
2026-05-07,122.94630
2026-05-08,122.77740
2026-05-11,121.95790
2026-05-12,120.59190
2026-05-13,120.66480
2026-05-14,121.20520
2026-05-15,121.12870
2026-05-18,120.80040
2026-05-19,121.16860
2026-05-20,121.22310
2026-05-21,121.22140
2026-05-22,121.39710
2026-05-25,122.19990
2026-05-26,122.13720
2026-05-27,122.21670
2026-05-29,121.51390
2026-06-01,120.95490
2026-06-02,121.26190
2026-06-03,120.81730
2026-06-04,120.94760
2026-06-05,120.99830
2026-06-08,120.24740
2026-06-09,120.88170
2026-06-10,120.54210
2026-06-11,120.16220
2026-06-12,121.68970
2026-06-15,122.74640
2026-06-16,123.18750
2026-06-17,123.46790
2026-06-18,123.71400
2026-06-19,123.46460
2026-06-22,123.89880
2026-06-23,123.25790
2026-06-24,123.73990
2026-06-25,123.73080
2026-06-29,123.37120
2026-06-30,123.31750
2026-07-01,123.69490
2026-07-02,124.49610
2026-07-03,124.81640
2026-07-06,125.18710
2026-07-07,125.13800
2026-07-08,123.53380
2026-07-09,124.05400
2026-07-10,125.00360
2026-07-13,125.07360
2026-07-14,124.50610
2026-07-15,124.75350
2026-07-16,124.70520
2026-07-17,124.99840
2026-07-20,124.83230
2026-07-21,124.86240
2026-07-22,124.04270
2026-07-23,123.56010
2026-07-24,123.43510
2026-07-27,124.42720
2026-07-28,124.43890
2026-07-29,125.21380
2026-07-30,125.23390
2026-07-31,125.45080
2026-08-03,126.66460
2026-08-04,126.29670
2026-08-05,126.54760
2026-08-06,126.45640
2026-08-07,126.37920
2026-08-10,126.54640
2026-08-11,126.41820
2026-08-12,126.36270
2026-08-13,126.35530
2026-08-14,126.15380
2026-08-17,126.02330
2026-08-18,125.60150
2026-08-20,125.82250
2026-08-21,125.85400
2026-08-24,125.83800
2026-08-25,126.10330
2026-08-27,125.73850
2026-08-28,125.89240
2026-08-31,125.65850
2026-09-01,125.25650
2026-09-02,124.77320
2026-09-03,124.98500
2026-09-04,125.01080
2026-09-07,124.59630
2026-09-08,124.32620
2026-09-09,123.74990
2026-09-10,123.70850
