Date,NAV
2006-04-03,10.60360
2006-04-04,10.60510
2006-04-05,10.60850
2006-04-07,10.61190
2006-04-10,10.61850
2006-04-12,10.62050
2006-04-13,10.62220
2006-04-17,10.62880
2006-04-18,10.63050
2006-04-19,10.63230
2006-04-20,10.64480
2006-04-21,10.64640
2006-04-24,10.65170
2006-04-25,10.65330
2006-04-26,10.65490
2006-04-27,10.65650
2006-04-28,10.65860
2006-05-02,10.66550
2006-05-03,10.66720
2006-05-04,10.66790
2006-05-05,10.67020
2006-05-08,10.67680
2006-05-09,10.68360
2006-05-10,10.68490
2006-05-11,10.68090
2006-05-12,10.68070
2006-05-15,10.68030
2006-05-16,10.68370
2006-05-17,10.68410
2006-05-18,10.67770
2006-05-19,10.68330
2006-05-22,10.68950
2006-05-23,10.69000
2006-05-24,10.69160
2006-05-25,10.69260
2006-05-26,10.69380
2006-05-29,10.69440
2006-05-30,10.69490
2006-05-31,10.69770
2006-06-01,10.69610
2006-06-02,10.69730
2006-06-05,10.70600
2006-06-06,10.70730
2006-06-07,10.70470
2006-06-08,10.70660
2006-06-09,10.69710
2006-06-12,10.70160
2006-06-13,10.70270
2006-06-14,10.71080
2006-06-15,10.71310
2006-06-16,10.71360
2006-06-19,10.70630
2006-06-20,10.70850
2006-06-21,10.71000
2006-06-22,10.70530
2006-06-23,10.68990
2006-06-26,10.69470
2006-06-27,10.69630
2006-06-28,10.69830
2006-06-29,10.69970
2006-06-30,10.70000
2006-07-03,10.70420
2006-07-04,10.70590
2006-07-05,10.70780
2006-07-06,10.70760
2006-07-07,10.70640
2006-07-10,10.71190
2006-07-11,10.70670
2006-07-12,10.70900
2006-07-13,10.71360
2006-07-14,10.71560
2006-07-17,10.72120
2006-07-18,10.72310
2006-07-19,10.72590
2006-07-20,10.73080
2006-07-21,10.73740
2006-07-24,10.74450
2006-07-25,10.75200
2006-07-26,10.74530
2006-07-27,10.74530
2006-07-28,10.74700
2006-07-31,10.75000
2006-08-01,10.74850
2006-08-02,10.75270
2006-08-03,10.75410
2006-08-04,10.75640
2006-08-07,10.76960
2006-08-08,10.77540
2006-08-09,10.78650
2006-08-10,10.78990
2006-08-11,10.78880
2006-08-14,10.79280
2006-08-16,10.79840
2006-08-17,10.80590
2006-08-18,10.80660
2006-08-21,10.81220
2006-08-22,10.81300
2006-08-23,10.81750
2006-08-24,10.82440
2006-08-25,10.81920
2006-08-28,10.82660
2006-08-29,10.82920
2006-08-30,10.83420
2006-08-31,10.83970
2006-09-01,10.84270
2006-09-04,10.85910
2006-09-05,10.86080
2006-09-06,10.86750
2006-09-07,10.86910
2006-09-08,10.87080
2006-09-11,10.87290
2006-09-12,10.87570
2006-09-13,10.87660
2006-09-14,10.87420
2006-09-15,10.87440
2006-09-18,10.88280
2006-09-19,10.88830
2006-09-20,10.89870
2006-09-21,10.89590
2006-09-22,10.90150
2006-09-25,10.90740
2006-09-26,10.91320
2006-09-27,10.91380
2006-09-28,10.91190
2006-09-29,10.91270
2006-10-03,10.92390
2006-10-04,10.92700
2006-10-05,10.92890
2006-10-06,10.93000
2006-10-09,10.93140
2006-10-10,10.93560
2006-10-11,10.93490
2006-10-12,10.93860
2006-10-13,10.93620
2006-10-16,10.93970
2006-10-17,10.93970
2006-10-18,10.94000
2006-10-19,10.94190
2006-10-20,10.94440
2006-10-23,10.95050
2006-10-26,10.95650
2006-10-27,10.95850
2006-10-30,10.96420
2006-10-31,10.96580
2006-11-01,10.96710
2006-11-02,10.96890
2006-11-03,10.96690
2006-11-06,10.97270
2006-11-07,10.97470
2006-11-08,10.97790
2006-11-09,10.97910
2006-11-10,10.98100
2006-11-13,10.98720
2006-11-14,10.98840
2006-11-15,10.99030
2006-11-16,10.99080
2006-11-17,10.99170
2006-11-20,10.99790
2006-11-21,10.99850
2006-11-22,11.00140
2006-11-23,11.00360
2006-11-24,11.00600
2006-11-27,11.01320
2006-11-28,11.01520
2006-11-29,11.01640
2006-11-30,11.01830
2006-12-01,11.01890
2006-12-04,11.02540
2006-12-05,11.02880
2006-12-06,11.03000
2006-12-07,11.03160
2006-12-08,11.03230
2006-12-11,11.02650
2006-12-12,11.02050
2006-12-13,11.02010
2006-12-14,11.01660
2006-12-15,11.02130
2006-12-18,11.02520
2006-12-19,11.02230
2006-12-20,11.02140
2006-12-21,11.02240
2006-12-22,11.02380
2006-12-26,11.02820
2006-12-27,11.02760
2006-12-28,11.01580
2006-12-29,11.01270
2007-01-02,11.02520
2007-01-03,11.02650
2007-01-04,11.02230
2007-01-05,11.02600
2007-01-08,11.03460
2007-01-09,11.04000
2007-01-10,11.04730
2007-01-11,11.04980
2007-01-12,11.03770
2007-01-15,11.04310
2007-01-16,11.04380
2007-01-17,11.04200
2007-01-18,11.04440
2007-01-19,11.04760
2007-01-22,11.04830
2007-01-23,11.05190
2007-01-24,11.05510
2007-01-25,11.05830
2007-01-29,11.06380
2007-01-31,11.07150
2007-02-01,11.07360
2007-02-02,11.07630
2007-02-05,11.07870
2007-02-06,11.07620
2007-02-07,11.07660
2007-02-08,11.07530
2007-02-09,11.07570
2007-02-12,11.07900
2007-02-13,11.07770
2007-02-14,11.07680
2007-02-15,11.07370
2007-02-19,11.06970
2007-02-20,11.06550
2007-02-21,11.06300
2007-02-22,11.06440
2007-02-23,11.06570
2007-02-26,11.06980
2007-02-27,11.06740
2007-02-28,11.06700
2007-03-01,11.06820
2007-03-02,11.06680
2007-03-05,11.07390
2007-03-06,11.07610
2007-03-07,11.07850
2007-03-08,11.08080
2007-03-09,11.08320
2007-03-12,11.09030
2007-03-13,11.09270
2007-03-14,11.09490
2007-03-15,11.09730
2007-03-16,11.09970
2007-03-19,11.10690
2007-03-20,11.10940
2007-03-21,11.11090
2007-03-22,11.11340
2007-03-23,11.11580
2007-03-26,11.12300
2007-03-28,11.12680
2007-03-29,11.12920
2007-03-30,11.13080
2007-04-02,11.13870
2007-04-03,11.13500
2007-04-04,11.14400
2007-04-05,11.15300
2007-04-09,11.16270
2007-04-10,11.16510
2007-04-11,11.16750
2007-04-12,11.16760
2007-04-13,11.17000
2007-04-16,11.17500
2007-04-17,11.17620
2007-04-18,11.17870
2007-04-19,11.18110
2007-04-20,11.18360
2007-04-23,11.19100
2007-04-24,11.19410
2007-04-25,11.19650
2007-04-26,11.19840
2007-04-27,11.20020
2007-04-30,11.20540
2007-05-03,11.21280
2007-05-04,11.21530
2007-05-07,11.22320
2007-05-08,11.23190
2007-05-09,11.23430
2007-05-10,11.23770
2007-05-11,11.23560
2007-05-14,11.24260
2007-05-15,11.24480
2007-05-16,11.24720
2007-05-17,11.25050
2007-05-18,11.25340
2007-05-21,11.26240
2007-05-22,11.26600
2007-05-23,11.26840
2007-05-24,11.27080
2007-05-25,11.27310
2007-05-28,11.28170
2007-05-29,11.28440
2007-05-30,11.28660
2007-05-31,11.28870
2007-06-01,11.29070
2007-06-04,11.30320
2007-06-05,11.30520
2007-06-06,11.30650
2007-06-07,11.30850
2007-06-08,11.31120
2007-06-11,11.31590
2007-06-12,11.31670
2007-06-13,11.31860
2007-06-14,11.31810
2007-06-15,11.32080
2007-06-18,11.32810
2007-06-19,11.33270
2007-06-20,11.33500
2007-06-21,11.33760
2007-06-22,11.34030
2007-06-25,11.34730
2007-06-26,11.34940
2007-06-27,11.34950
2007-06-28,11.35220
2007-06-29,11.35850
2007-07-02,11.36650
2007-07-03,11.37670
2007-07-04,11.38140
2007-07-05,11.38460
2007-07-06,11.38550
2007-07-09,11.40140
2007-07-10,11.40200
2007-07-11,11.40670
2007-07-12,11.41140
2007-07-13,11.41540
2007-07-16,11.42260
2007-07-17,11.43420
2007-07-18,11.43930
2007-07-19,11.44080
2007-07-20,11.44210
2007-07-23,11.45500
2007-07-24,11.45880
2007-07-25,11.45650
2007-07-26,11.45840
2007-07-27,11.45760
2007-07-30,11.46440
2007-07-31,11.46390
2007-08-01,11.45540
2007-08-02,11.45970
2007-08-03,11.46160
2007-08-06,11.46760
2007-08-07,11.46950
2007-08-08,11.46690
2007-08-09,11.46260
2007-08-10,11.46250
2007-08-13,11.46230
2007-08-14,11.45930
2007-08-16,11.46320
2007-08-17,11.46350
2007-08-20,11.46950
2007-08-21,11.47150
2007-08-22,11.47230
2007-08-23,11.47440
2007-08-24,11.47640
2007-08-27,11.48270
2007-08-28,11.48220
2007-08-29,11.48250
2007-08-30,11.48020
2007-08-31,11.48230
2007-09-03,11.48850
2007-09-04,11.49090
2007-09-05,11.49310
2007-09-06,11.49520
2007-09-07,11.49940
2007-09-10,11.51270
2007-09-11,11.51240
2007-09-12,11.51460
2007-09-13,11.51670
2007-09-14,11.52110
2007-09-17,11.52720
2007-09-18,11.52920
2007-09-19,11.53510
2007-09-20,11.53810
2007-09-21,11.54040
2007-09-24,11.54670
2007-09-25,11.54880
2007-09-26,11.55050
2007-09-27,11.55250
2007-09-28,11.55660
2007-10-01,11.56240
2007-10-03,11.57120
2007-10-04,11.57320
2007-10-05,11.57740
2007-10-08,11.58340
2007-10-09,11.58540
2007-10-10,11.58950
2007-10-11,11.59140
2007-10-12,11.59330
2007-10-15,11.59900
2007-10-16,11.60100
2007-10-17,11.60300
2007-10-18,11.60530
2007-10-19,11.60790
2007-10-22,11.61400
2007-10-23,11.61650
2007-10-24,11.61940
2007-10-25,11.62140
2007-10-26,11.62340
2007-10-29,11.62930
2007-10-30,11.62960
2007-10-31,11.62920
2007-11-01,11.63120
2007-11-02,11.63320
2007-11-05,11.63910
2007-11-06,11.64110
2007-11-07,11.64040
2007-11-08,11.64240
2007-11-12,11.64840
2007-11-13,11.65050
2007-11-14,11.65260
2007-11-15,11.65470
2007-11-16,11.65680
2007-11-19,11.66310
2007-11-20,11.66330
2007-11-21,11.66430
2007-11-22,11.66590
2007-11-23,11.66800
2007-11-26,11.67360
2007-11-27,11.67570
2007-11-28,11.67790
2007-11-29,11.68770
2007-11-30,11.69140
2007-12-03,11.69770
2007-12-04,11.69860
2007-12-05,11.69820
2007-12-06,11.69780
2007-12-07,11.70000
2007-12-10,11.70670
2007-12-11,11.70830
2007-12-12,11.71050
2007-12-13,11.71030
2007-12-14,11.71170
2007-12-17,11.71830
2007-12-18,11.72050
2007-12-19,11.72270
2007-12-20,11.72480
2007-12-24,11.73340
2007-12-26,11.73780
2007-12-27,11.74000
2007-12-28,11.74300
2007-12-31,11.75150
2008-01-01,11.76450
2008-01-02,11.76960
2008-01-03,11.76810
2008-01-04,11.77030
2008-01-07,11.77760
2008-01-08,11.77950
2008-01-09,11.78170
2008-01-10,11.78390
2008-01-11,11.78610
2008-01-14,11.79270
2008-01-15,11.79490
2008-01-16,11.79640
2008-01-17,11.79850
2008-01-18,11.80080
2008-01-21,11.80700
2008-01-22,11.80830
2008-01-23,11.80890
2008-01-24,11.81080
2008-01-25,11.81230
2008-01-28,11.81800
2008-01-29,11.81830
2008-01-30,11.82050
2008-01-31,11.82300
2008-02-01,11.82630
2008-02-04,11.83070
2008-02-05,11.83310
2008-02-06,11.83520
2008-02-07,11.83710
2008-02-08,11.83920
2008-02-11,11.84500
2008-02-12,11.84720
2008-02-13,11.84790
2008-02-14,11.84660
2008-02-15,11.84810
2008-02-18,11.85070
2008-02-19,11.84880
2008-02-20,11.84620
2008-02-21,11.84990
2008-02-22,11.84520
2008-02-25,11.86360
2008-02-26,11.87140
2008-02-27,11.88050
2008-02-28,11.87910
2008-02-29,11.88310
2008-03-03,11.71000
2008-03-04,11.63820
2008-03-05,11.70750
2008-03-07,11.59600
2008-03-10,11.61550
2008-03-11,11.67150
2008-03-12,11.65880
2008-03-13,11.47770
2008-03-14,11.57180
2008-03-17,11.38090
2008-03-18,11.38330
2008-03-19,11.40640
2008-03-24,11.45440
2008-03-25,11.63560
2008-03-26,11.63750
2008-03-27,11.64200
2008-03-28,11.70650
2008-03-31,11.60760
2008-04-01,11.59890
2008-04-02,11.60250
2008-04-03,11.61330
2008-04-04,11.48700
2008-04-07,11.58660
2008-04-08,11.55080
2008-04-09,11.60320
2008-04-10,11.58330
2008-04-11,11.63550
2008-04-15,11.75470
2008-04-16,11.77680
2008-04-17,11.88490
2008-04-21,11.97660
2008-04-22,12.00670
2008-04-23,11.97490
2008-04-24,11.96180
2008-04-25,12.06400
2008-04-28,12.04540
2008-04-29,12.18560
2008-04-30,12.16880
2008-05-02,12.21230
2008-05-05,12.19520
2008-05-06,12.16950
2008-05-07,12.16600
2008-05-08,12.07700
2008-05-09,11.97910
2008-05-12,12.03880
2008-05-13,11.99660
2008-05-14,12.07430
2008-05-15,12.19880
2008-05-16,12.23720
2008-05-20,12.20180
2008-05-21,12.22770
2008-05-22,12.11750
2008-05-23,12.01280
2008-05-26,11.88220
2008-05-27,11.85160
2008-05-28,11.96410
2008-05-29,11.89210
2008-05-30,11.94540
2008-06-02,11.86380
2008-06-03,11.81830
2008-06-04,11.70960
2008-06-05,11.76180
2008-06-06,11.72140
2008-06-09,11.62310
2008-06-10,11.58450
2008-06-11,11.65500
2008-06-12,11.67490
2008-06-13,11.64760
2008-06-16,11.69350
2008-06-17,11.76750
2008-06-18,11.72590
2008-06-19,11.66250
2008-06-20,11.53740
2008-06-23,11.47130
2008-06-24,11.42090
2008-06-25,11.41700
2008-06-26,11.48850
2008-06-27,11.34740
2008-06-30,11.26870
2008-07-01,11.11390
2008-07-02,11.32530
2008-07-03,11.12890
2008-07-04,11.25480
2008-07-07,11.26210
2008-07-08,11.19830
2008-07-09,11.39890
2008-07-10,11.38600
2008-07-11,11.23460
2008-07-14,11.17580
2008-07-15,10.92560
2008-07-16,10.88110
2008-07-17,11.07600
2008-07-18,11.24730
2008-07-21,11.33420
2008-07-22,11.45870
2008-07-23,11.75670
2008-07-24,11.67140
2008-07-25,11.52470
2008-07-28,11.56470
2008-07-29,11.39030
2008-07-30,11.59450
2008-07-31,11.62130
2008-08-01,11.71980
2008-08-04,11.72250
2008-08-05,11.84930
2008-08-06,11.84650
2008-08-07,11.85030
2008-08-08,11.85840
2008-08-11,11.97860
2008-08-12,11.87830
2008-08-13,11.85290
2008-08-14,11.73220
2008-08-18,11.69650
2008-08-19,11.63170
2008-08-20,11.69220
2008-08-21,11.55930
2008-08-22,11.62490
2008-08-25,11.64410
2008-08-26,11.65510
2008-08-27,11.61020
2008-08-28,11.52590
2008-08-29,11.67190
2008-09-01,11.65460
2008-09-02,11.78320
2008-09-04,11.75970
2008-09-05,11.61880
2008-09-08,11.76870
2008-09-09,11.74670
2008-09-10,11.67130
2008-09-11,11.55270
2008-09-12,11.47990
2008-09-15,11.31570
2008-09-16,11.32080
2008-09-17,11.22560
2008-09-18,11.20890
2008-09-19,11.45750
2008-09-22,11.44710
2008-09-23,11.36360
2008-09-24,11.39950
2008-09-25,11.34300
2008-09-26,11.20470
2008-09-29,11.02940
2008-09-30,11.11130
2008-10-01,11.19360
2008-10-03,11.00150
2008-10-06,10.72010
2008-10-07,10.69550
2008-10-08,10.56230
2008-10-10,10.25720
2008-10-13,10.51900
2008-10-14,10.56720
2008-10-15,10.32300
2008-10-16,10.28790
2008-10-17,10.09320
2008-10-20,10.16450
2008-10-21,10.33540
2008-10-22,10.16350
2008-10-23,10.02330
2008-10-24,9.62280
2008-10-27,9.52740
2008-10-29,9.71470
2008-10-31,9.92180
2008-11-03,10.05000
2008-11-04,10.15780
2008-11-05,10.01040
2008-11-06,9.92620
2008-11-07,9.99470
2008-11-10,10.13840
2008-11-11,9.97770
2008-11-12,9.89430
2008-11-14,9.83940
2008-11-17,9.78910
2008-11-18,9.71390
2008-11-19,9.68330
2008-11-20,9.59380
2008-11-21,9.68340
2008-11-24,9.69530
2008-11-25,9.64390
2008-11-26,9.70660
2008-11-28,9.73180
2008-12-01,9.67070
2008-12-02,9.65540
2008-12-03,9.66950
2008-12-04,9.79890
2008-12-05,9.73290
2008-12-08,9.78660
2008-12-10,9.91420
2008-12-11,9.91580
2008-12-12,9.95270
2008-12-15,10.00330
2008-12-16,10.05610
2008-12-17,9.92890
2008-12-18,10.03940
2008-12-19,10.07180
2008-12-22,10.02520
2008-12-23,9.93950
2008-12-24,9.88550
2008-12-26,9.84750
2008-12-29,9.89470
2008-12-30,9.94790
2008-12-31,9.94600
2009-01-01,10.01000
2009-01-02,10.03130
2009-01-05,10.11810
2009-01-06,10.12580
2009-01-07,9.92840
2009-01-09,9.87730
2009-01-12,9.78850
2009-01-13,9.79560
2009-01-14,9.93230
2009-01-15,9.80040
2009-01-16,9.93360
2009-01-19,9.95320
2009-01-20,9.84270
2009-01-21,9.69880
2009-01-22,9.71020
2009-01-23,9.63180
2009-01-27,9.73620
2009-01-28,9.84950
2009-01-29,9.84280
2009-01-30,9.91530
2009-02-02,9.78470
2009-02-03,9.81820
2009-02-04,9.83970
2009-02-05,9.79680
2009-02-06,9.88840
2009-02-09,10.01660
2009-02-10,10.07080
2009-02-11,10.06220
2009-02-12,9.99790
2009-02-13,10.07350
2009-02-16,9.92430
2009-02-17,9.80250
2009-02-18,9.79190
2009-02-19,9.80200
2009-02-20,9.72940
2009-02-24,9.70230
2009-02-25,9.72530
2009-02-26,9.73000
2009-02-27,9.74510
2009-03-02,9.62280
2009-03-03,9.52290
2009-03-04,9.52080
2009-03-05,9.39900
2009-03-06,9.44560
2009-03-09,9.38070
2009-03-12,9.45570
2009-03-13,9.62330
2009-03-16,9.71730
2009-03-17,9.69130
2009-03-18,9.75210
2009-03-19,9.74220
2009-03-20,9.71890
2009-03-23,9.92460
2009-03-24,9.93810
2009-03-25,10.04320
2009-03-26,10.20660
2009-03-27,10.22830
2009-03-30,10.03370
2009-03-31,10.12040
2009-04-01,10.18370
2009-04-02,10.38210
2009-04-06,10.43660
2009-04-08,10.54220
2009-04-09,10.55800
2009-04-13,10.62410
2009-04-15,10.78350
2009-04-16,10.66340
2009-04-17,10.71300
2009-04-20,10.69830
2009-04-21,10.66840
2009-04-22,10.62330
2009-04-23,10.73540
2009-04-24,10.82890
2009-04-27,10.83400
2009-04-28,10.65160
2009-04-29,10.83290
2009-05-04,11.17350
2009-05-05,11.17200
2009-05-06,11.07210
2009-05-07,11.17790
2009-05-08,11.07250
2009-05-11,10.95140
2009-05-12,11.17480
2009-05-13,11.13910
2009-05-14,11.07640
2009-05-15,11.24290
2009-05-19,12.42770
2009-05-20,12.36700
2009-05-21,12.23760
2009-05-22,12.30470
2009-05-25,12.33810
2009-05-26,12.13540
2009-05-27,12.36840
2009-05-28,12.45710
2009-05-29,12.65350
2009-06-01,12.77700
2009-06-02,12.83010
2009-06-03,12.88000
2009-06-04,13.03950
2009-06-05,13.04990
2009-06-08,12.71670
2009-06-09,12.95570
2009-06-10,13.15550
2009-06-11,13.09260
2009-06-12,13.00500
2009-06-15,12.86040
2009-06-16,12.94420
2009-06-17,12.68180
2009-06-18,12.51070
2009-06-19,12.65050
2009-06-22,12.56400
2009-06-23,12.62640
2009-06-24,12.71800
2009-06-25,12.69490
2009-06-26,12.90250
2009-06-29,12.96110
2009-06-30,12.81060
2009-07-01,12.88500
2009-07-02,12.90640
2009-07-03,13.06010
2009-07-06,12.56330
2009-07-07,12.63920
2009-07-08,12.41580
2009-07-09,12.43890
2009-07-10,12.27090
2009-07-13,12.20720
2009-07-14,12.49620
2009-07-15,12.74880
2009-07-16,12.76290
2009-07-17,13.01840
2009-07-20,13.23770
2009-07-21,13.17120
2009-07-22,13.03600
2009-07-23,13.20620
2009-07-24,13.28130
2009-07-27,13.35930
2009-07-28,13.36450
2009-07-29,13.26150
2009-07-30,13.35800
2009-07-31,13.49620
2009-08-03,13.62130
2009-08-04,13.55420
2009-08-05,13.55710
2009-08-06,13.38390
2009-08-07,13.18860
2009-08-10,13.10320
2009-08-11,13.14850
2009-08-12,13.12370
2009-08-13,13.39140
2009-08-14,13.34800
2009-08-17,13.04090
2009-08-18,13.18720
2009-08-19,13.07580
2009-08-20,13.18220
2009-08-21,13.31660
2009-08-24,13.51000
2009-08-25,13.54010
2009-08-26,13.59370
2009-08-27,13.60480
2009-08-28,13.66790
2009-08-31,13.51580
2009-09-01,13.41080
2009-09-02,13.35140
2009-09-03,13.33180
2009-09-04,13.48640
2009-09-07,13.68200
2009-09-08,13.72600
2009-09-09,13.72700
2009-09-10,13.71330
2009-09-11,13.72150
2009-09-14,13.74360
2009-09-15,13.89870
2009-09-16,14.04180
2009-09-17,14.04790
2009-09-18,14.08810
2009-09-22,14.18730
2009-09-23,14.06060
2009-09-24,14.13740
2009-09-25,14.08100
2009-09-29,14.17470
2009-09-30,14.32890
2009-10-01,14.37160
2009-10-05,14.19180
2009-10-06,14.19590
2009-10-07,14.20480
2009-10-08,14.22550
2009-10-09,14.15850
2009-10-12,14.37370
2009-10-14,14.46120
2009-10-15,14.45930
2009-10-16,14.54550
2009-10-20,14.51290
2009-10-21,14.38130
2009-10-22,14.21320
2009-10-23,14.24440
2009-10-26,14.15420
2009-10-27,13.89760
2009-10-28,13.84150
2009-10-29,13.72160
2009-10-30,13.65060
2009-11-03,13.34440
2009-11-04,13.60200
2009-11-05,13.75680
2009-11-06,13.87680
2009-11-09,14.09710
2009-11-10,14.06880
2009-11-11,14.31200
2009-11-12,14.23950
2009-11-13,14.32010
2009-11-16,14.39620
2009-11-17,14.40670
2009-11-18,14.42300
2009-11-19,14.27600
2009-11-20,14.36890
2009-11-23,14.47160
2009-11-24,14.48030
2009-11-25,14.54050
2009-11-26,14.37390
2009-11-27,14.21650
2009-11-30,14.45570
2009-12-01,14.60020
2009-12-02,14.59540
2009-12-03,14.64560
2009-12-04,14.60320
2009-12-07,14.52230
2009-12-08,14.66630
2009-12-09,14.64900
2009-12-10,14.70590
2009-12-11,14.68530
2009-12-14,14.68850
2009-12-15,14.55190
2009-12-16,14.56790
2009-12-17,14.59900
2009-12-18,14.50830
2009-12-21,14.43750
2009-12-22,14.51820
2009-12-23,14.81710
2009-12-24,14.82380
2009-12-29,14.90150
2009-12-30,14.90480
2009-12-31,14.98390
2010-01-04,15.07680
2010-01-05,15.14290
2010-01-06,15.15920
2010-01-07,15.12990
2010-01-08,15.12540
2010-01-11,15.20930
2010-01-12,15.11970
2010-01-13,15.24200
2010-01-14,15.33350
2010-01-15,15.47700
2010-01-18,15.56570
2010-01-19,15.42650
2010-01-20,15.42580
2010-01-21,15.09990
2010-01-22,15.02100
2010-01-25,14.95270
2010-01-27,14.59510
2010-01-28,14.61170
2010-01-29,14.67220
2010-02-01,14.79150
2010-02-02,14.62200
2010-02-03,14.82320
2010-02-04,14.62300
2010-02-05,14.33960
2010-02-08,14.40860
2010-02-09,14.52840
2010-02-10,14.45600
2010-02-11,14.55280
2010-02-15,14.45950
2010-02-16,14.55820
2010-02-17,14.68940
2010-02-18,14.56950
2010-02-19,14.45140
2010-02-22,14.44170
2010-02-23,14.40320
2010-02-24,14.36980
2010-02-25,14.32820
2010-02-26,14.46060
2010-03-02,14.67160
2010-03-03,14.89970
2010-03-04,14.97190
2010-03-05,15.00820
2010-03-08,15.11200
2010-03-09,15.01950
2010-03-10,14.99830
2010-03-11,15.00230
2010-03-12,15.00180
2010-03-15,14.97350
2010-03-16,15.12320
2010-03-17,15.23870
2010-03-18,15.28940
2010-03-19,15.35370
2010-03-22,15.24930
2010-03-23,15.31550
2010-03-25,15.38830
2010-03-26,15.43180
2010-03-29,15.41510
2010-03-30,15.33480
2010-03-31,15.33590
2010-04-01,15.40150
2010-04-05,15.63110
2010-04-06,15.61470
2010-04-07,15.64530
2010-04-08,15.52460
2010-04-09,15.62080
2010-04-12,15.60100
2010-04-13,15.58620
2010-04-15,15.51790
2010-04-16,15.49540
2010-04-19,15.33550
2010-04-20,15.45980
2010-04-21,15.49280
2010-04-22,15.51310
2010-04-23,15.55690
2010-04-26,15.59080
2010-04-27,15.53750
2010-04-28,15.39750
2010-04-29,15.43050
2010-04-30,15.45950
2010-05-03,15.35120
2010-05-04,15.19160
2010-05-05,15.17390
2010-05-06,15.26970
2010-05-07,15.12000
2010-05-10,15.39740
2010-05-11,15.22740
2010-05-12,15.25730
2010-05-13,15.29250
2010-05-14,15.14590
2010-05-17,15.02340
2010-05-18,15.06890
2010-05-19,14.74880
2010-05-20,14.76210
2010-05-21,14.66800
2010-05-24,14.66680
2010-05-25,14.35090
2010-05-26,14.56870
2010-05-27,14.71980
2010-05-28,14.88290
2010-05-31,15.03150
2010-06-01,14.75900
2010-06-02,14.89530
2010-06-03,15.06190
2010-06-04,15.12250
2010-06-07,14.89050
2010-06-08,14.83900
2010-06-09,14.91060
2010-06-10,15.12660
2010-06-11,15.19920
2010-06-14,15.31140
2010-06-15,15.40370
2010-06-16,15.41660
2010-06-17,15.47120
2010-06-18,15.45470
2010-06-21,15.63740
2010-06-22,15.54960
2010-06-23,15.58980
2010-06-24,15.60360
2010-06-25,15.51370
2010-06-28,15.63230
2010-06-29,15.51250
2010-06-30,15.62880
2010-07-01,15.52610
2010-07-02,15.58320
2010-07-05,15.59150
2010-07-06,15.72860
2010-07-07,15.69460
2010-07-08,15.81110
2010-07-09,15.91480
2010-07-12,15.93470
2010-07-13,15.96740
2010-07-14,15.93920
2010-07-15,15.92750
2010-07-16,15.97680
2010-07-19,15.99640
2010-07-20,15.93490
2010-07-21,15.98400
2010-07-22,16.07860
2010-07-23,16.08330
2010-07-26,15.99230
2010-07-27,15.98820
2010-07-28,15.94580
2010-07-29,15.94680
2010-07-30,15.88550
2010-08-02,16.02810
2010-08-03,16.05720
2010-08-04,16.09090
2010-08-05,16.04190
2010-08-06,16.06330
2010-08-09,16.16670
2010-08-10,16.09690
2010-08-11,16.03750
2010-08-12,16.03070
2010-08-13,16.15260
2010-08-16,16.13690
2010-08-17,16.18990
2010-08-18,16.31540
2010-08-19,16.46000
2010-08-20,16.45840
2010-08-23,16.50990
2010-08-24,16.42940
2010-08-25,16.29940
2010-08-26,16.33380
2010-08-27,16.19570
2010-08-30,16.18920
2010-08-31,16.11140
2010-09-01,16.28620
2010-09-02,16.36210
2010-09-03,16.39850
2010-09-06,16.65140
2010-09-07,16.72300
2010-09-08,16.77380
2010-09-09,16.86520
2010-09-13,17.10560
2010-09-14,17.11010
2010-09-15,17.17830
2010-09-16,17.06000
2010-09-17,17.24260
2010-09-20,17.39910
2010-09-21,17.39210
2010-09-22,17.29030
2010-09-23,17.23440
2010-09-24,17.35070
2010-09-27,17.45500
2010-09-28,17.43750
2010-09-29,17.40110
2010-09-30,17.41370
2010-10-01,17.67790
2010-10-04,17.71300
2010-10-05,17.71050
2010-10-06,17.82300
2010-10-07,17.68180
2010-10-08,17.60400
2010-10-11,17.67300
2010-10-12,17.59650
2010-10-13,17.84630
2010-10-14,17.77530
2010-10-15,17.49180
2010-10-18,17.48180
2010-10-19,17.43600
2010-10-20,17.34890
2010-10-21,17.61650
2010-10-22,17.54180
2010-10-25,17.65960
2010-10-26,17.61330
2010-10-27,17.48330
2010-10-28,17.47310
2010-10-29,17.51140
2010-11-01,17.72440
2010-11-02,17.73680
2010-11-03,17.82030
2010-11-04,18.11030
2010-11-08,18.18100
2010-11-09,18.21350
2010-11-10,18.20310
2010-11-11,18.01400
2010-11-12,17.65570
2010-11-15,17.74950
2010-11-16,17.45310
2010-11-18,17.48330
2010-11-19,17.25050
2010-11-22,17.47430
2010-11-23,17.32830
2010-11-24,17.18550
2010-11-25,17.02140
2010-11-26,16.83630
2010-11-29,17.02780
2010-11-30,17.14750
2010-12-01,17.40070
2010-12-02,17.48120
2010-12-03,17.36290
2010-12-06,17.37990
2010-12-07,17.33640
2010-12-08,17.13400
2010-12-09,16.74420
2010-12-10,16.94120
2010-12-13,17.09970
2010-12-14,17.20150
2010-12-15,17.08180
2010-12-16,17.17420
2010-12-20,17.16680
2010-12-21,17.26980
2010-12-22,17.25250
2010-12-23,17.25170
2010-12-24,17.28160
2010-12-27,17.25380
2010-12-28,17.25760
2010-12-29,17.39450
2010-12-30,17.52430
2010-12-31,17.64260
2011-01-03,17.69830
2011-01-04,17.68900
2011-01-05,17.52540
2011-01-06,17.39880
2011-01-07,17.01440
2011-01-10,16.65950
2011-01-11,16.59450
2011-01-12,16.88050
2011-01-13,16.70200
2011-01-14,16.47160
2011-01-17,16.41430
2011-01-18,16.60280
2011-01-19,16.55060
2011-01-20,16.62250
2011-01-21,16.57160
2011-01-24,16.70300
2011-01-25,16.59070
2011-01-27,16.30220
2011-01-28,16.00980
2011-01-31,15.98210
2011-02-01,15.77630
2011-02-02,15.81880
2011-02-03,16.03620
2011-02-04,15.78200
2011-02-07,15.78180
2011-02-08,15.55930
2011-02-09,15.31150
2011-02-10,15.23720
2011-02-11,15.49990
2011-02-14,15.90640
2011-02-15,15.94270
2011-02-16,15.96080
2011-02-17,16.07130
2011-02-18,15.86760
2011-02-21,15.96400
2011-02-22,15.84650
2011-02-23,15.75010
2011-02-24,15.35550
2011-02-25,15.42410
2011-02-28,15.50930
2011-03-01,15.95870
2011-03-03,15.95930
2011-03-04,15.96510
2011-03-07,15.79660
2011-03-08,15.92090
2011-03-09,15.95330
2011-03-10,15.85710
2011-03-11,15.75550
2011-03-14,15.93610
2011-03-15,15.74320
2011-03-16,15.91430
2011-03-17,15.77640
2011-03-18,15.67570
2011-03-21,15.68830
2011-03-22,15.82490
2011-03-23,15.99010
2011-03-24,16.06410
2011-03-25,16.31710
2011-03-28,16.37620
2011-03-29,16.45780
2011-03-30,16.58400
2011-03-31,16.68590
2011-04-01,16.71290
2011-04-04,16.91070
2011-04-05,16.95020
2011-04-06,16.93700
2011-04-07,16.94010
2011-04-08,16.84610
2011-04-11,16.74120
2011-04-13,16.97070
2011-04-15,16.84270
2011-04-18,16.64000
2011-04-19,16.63610
2011-04-20,16.87600
2011-04-21,16.88200
2011-04-25,16.88360
2011-04-26,16.90110
2011-04-27,16.86890
2011-04-28,16.78160
2011-04-29,16.74160
2011-05-02,16.57640
2011-05-03,16.26620
2011-05-04,16.19930
2011-05-05,16.04800
2011-05-06,16.22630
2011-05-09,16.25060
2011-05-10,16.24650
2011-05-11,16.30020
2011-05-12,16.15270
2011-05-13,16.29400
2011-05-16,16.21970
2011-05-17,16.10360
2011-05-18,16.05270
2011-05-19,16.03430
2011-05-20,16.12680
2011-05-23,15.89830
2011-05-24,15.91070
2011-05-25,15.88500
2011-05-26,15.99800
2011-05-27,16.12290
2011-05-30,16.18470
2011-05-31,16.42070
2011-06-01,16.50790
2011-06-02,16.46090
2011-06-03,16.37670
2011-06-06,16.34880
2011-06-07,16.42940
2011-06-08,16.39360
2011-06-09,16.39430
2011-06-10,16.39390
2011-06-13,16.38590
2011-06-14,16.45710
2011-06-15,16.38500
2011-06-16,16.29720
2011-06-17,16.19720
2011-06-20,15.84990
2011-06-21,15.88610
2011-06-22,15.84980
2011-06-23,15.89980
2011-06-24,16.23860
2011-06-27,16.39490
2011-06-28,16.46490
2011-06-29,16.64020
2011-06-30,16.72160
2011-07-01,16.71120
2011-07-04,16.82500
2011-07-05,16.80430
2011-07-06,16.82960
2011-07-07,17.07650
2011-07-08,16.89470
2011-07-11,16.81030
2011-07-12,16.62260
2011-07-13,16.77380
2011-07-14,16.82890
2011-07-15,16.78390
2011-07-18,16.76970
2011-07-19,16.86210
2011-07-20,16.72130
2011-07-21,16.68510
2011-07-22,16.93880
2011-07-25,17.02900
2011-07-26,16.81610
2011-07-27,16.76020
2011-07-28,16.64240
2011-07-29,16.61720
2011-08-01,16.68150
2011-08-02,16.52010
2011-08-03,16.41330
2011-08-04,16.24190
2011-08-05,15.94660
2011-08-08,15.69470
2011-08-09,15.57600
2011-08-10,15.81990
2011-08-11,15.78560
2011-08-12,15.67190
2011-08-16,15.61000
2011-08-17,15.60080
2011-08-18,15.34640
2011-08-19,15.11440
2011-08-22,15.29850
2011-08-23,15.40330
2011-08-24,15.25180
2011-08-25,15.19920
2011-08-26,14.95440
2011-08-29,15.30220
2011-08-30,15.48040
2011-09-02,15.62090
2011-09-05,15.63700
2011-09-06,15.71930
2011-09-07,15.85080
2011-09-08,15.86730
2011-09-09,15.66180
2011-09-12,15.40430
2011-09-13,15.37460
2011-09-14,15.48630
2011-09-15,15.61380
2011-09-16,15.67150
2011-09-19,15.55820
2011-09-20,15.76370
2011-09-21,15.80110
2011-09-22,15.32830
2011-09-23,15.22970
2011-09-26,15.05480
2011-09-27,15.35110
2011-09-28,15.29230
2011-09-29,15.37770
2011-09-30,15.22330
2011-10-03,14.99700
2011-10-04,14.79510
2011-10-05,14.71470
2011-10-07,15.00420
2011-10-10,15.18220
2011-10-11,15.22860
2011-10-12,15.46410
2011-10-13,15.39260
2011-10-14,15.47510
2011-10-17,15.44950
2011-10-18,15.27480
2011-10-19,15.51150
2011-10-20,15.41790
2011-10-21,15.30400
2011-10-24,15.34280
2011-10-25,15.48420
2011-10-28,15.94640
2011-10-31,15.88490
2011-11-01,15.77970
2011-11-02,15.78550
2011-11-03,15.81210
2011-11-04,15.92100
2011-11-08,15.91940
2011-11-09,15.74730
2011-11-11,15.60930
2011-11-14,15.51300
2011-11-15,15.28960
2011-11-16,15.23490
2011-11-17,14.99760
2011-11-18,14.90890
2011-11-21,14.59110
2011-11-22,14.67210
2011-11-23,14.41530
2011-11-24,14.56850
2011-11-25,14.58620
2011-11-28,14.83520
2011-11-29,14.61240
2011-11-30,14.64710
2011-12-01,14.92010
2011-12-02,15.19050
2011-12-05,15.07700
2011-12-07,15.08050
2011-12-08,14.76310
2011-12-09,14.58530
2011-12-12,14.26340
2011-12-13,14.25610
2011-12-14,14.13560
2011-12-15,14.09940
2011-12-16,13.83600
2011-12-19,13.67590
2011-12-20,13.44090
2011-12-21,13.73020
2011-12-22,13.88500
2011-12-23,13.82010
2011-12-26,13.96530
2011-12-27,13.89080
2011-12-28,13.77010
2011-12-29,13.68530
2011-12-30,13.65810
2012-01-02,13.62260
2012-01-03,13.96440
2012-01-04,13.92000
2012-01-05,13.91790
2012-01-06,13.90100
2012-01-09,13.92860
2012-01-10,14.17690
2012-01-11,14.24050
2012-01-12,14.20190
2012-01-13,14.28460
2012-01-16,14.28090
2012-01-17,14.51210
2012-01-18,14.44920
2012-01-19,14.66740
2012-01-20,14.79100
2012-01-23,14.77540
2012-01-24,15.00070
2012-01-25,15.09470
2012-01-27,15.17170
2012-01-30,14.91090
2012-01-31,15.20200
2012-02-01,15.34010
2012-02-02,15.46850
2012-02-03,15.58360
2012-02-06,15.74650
2012-02-07,15.69450
2012-02-08,15.77400
2012-02-09,15.89860
2012-02-10,15.85030
2012-02-13,15.87580
2012-02-14,15.96910
2012-02-15,16.25460
2012-02-16,16.27300
2012-02-17,16.35660
2012-02-21,16.43310
2012-02-22,16.05590
2012-02-23,15.97230
2012-02-24,15.86750
2012-02-27,15.46130
2012-02-28,15.79470
2012-02-29,15.87560
2012-03-01,15.78150
2012-03-02,15.82780
2012-03-05,15.59930
2012-03-06,15.45280
2012-03-07,15.43220
2012-03-09,15.77530
2012-03-12,15.88550
2012-03-13,16.04980
2012-03-14,16.15540
2012-03-15,15.96380
2012-03-16,15.77870
2012-03-19,15.63170
2012-03-20,15.66430
2012-03-21,15.88280
2012-03-22,15.56790
2012-03-23,15.69060
2012-03-26,15.45700
2012-03-27,15.60780
2012-03-28,15.48070
2012-03-29,15.48010
2012-03-30,15.80610
2012-04-02,15.89990
2012-04-03,16.01590
2012-04-04,15.93000
2012-04-09,15.65370
2012-04-10,15.59450
2012-04-11,15.53220
2012-04-12,15.66190
2012-04-13,15.54070
2012-04-16,15.59210
2012-04-17,15.78040
2012-04-18,15.81940
2012-04-19,15.86600
2012-04-20,15.74810
2012-04-23,15.49260
2012-04-24,15.50510
2012-04-25,15.46500
2012-04-26,15.42880
2012-04-27,15.40110
2012-04-30,15.62720
2012-05-02,15.56680
2012-05-03,15.39230
2012-05-04,15.06850
2012-05-07,15.15860
2012-05-08,14.87950
2012-05-09,14.78970
2012-05-10,14.73990
2012-05-11,14.62630
2012-05-14,14.57000
2012-05-15,14.68650
2012-05-16,14.48260
2012-05-17,14.51210
2012-05-18,14.55120
2012-05-21,14.61880
2012-05-22,14.48740
2012-05-23,14.41320
2012-05-24,14.60960
2012-05-25,14.63780
2012-05-28,14.81450
2012-05-29,14.80340
2012-05-30,14.66360
2012-05-31,14.63600
2012-06-01,14.45720
2012-06-04,14.44670
2012-06-05,14.48860
2012-06-06,14.84840
2012-06-07,15.00160
2012-06-08,15.07430
2012-06-11,15.05410
2012-06-12,15.23390
2012-06-13,15.27420
2012-06-14,15.07250
2012-06-15,15.29240
2012-06-18,15.09480
2012-06-19,15.19000
2012-06-20,15.26820
2012-06-21,15.45550
2012-06-22,15.44280
2012-06-25,15.34570
2012-06-26,15.37190
2012-06-27,15.42030
2012-06-28,15.44970
2012-06-29,15.83130
2012-07-02,15.85710
2012-07-03,15.88110
2012-07-04,15.96400
2012-07-05,16.05170
2012-07-06,15.97140
2012-07-09,15.84570
2012-07-10,16.01170
2012-07-11,15.93260
2012-07-12,15.76990
2012-07-13,15.74010
2012-07-16,15.65200
2012-07-17,15.63190
2012-07-18,15.69450
2012-07-19,15.73780
2012-07-20,15.67070
2012-07-23,15.41680
2012-07-24,15.44740
2012-07-25,15.37310
2012-07-26,15.18870
2012-07-27,15.27870
2012-07-30,15.58010
2012-07-31,15.63220
2012-08-01,15.65980
2012-08-02,15.65980
2012-08-03,15.57970
2012-08-06,15.71140
2012-08-07,15.81960
2012-08-08,15.79010
2012-08-09,15.75710
2012-08-10,15.74980
2012-08-13,15.81920
2012-08-14,15.90780
2012-08-16,15.84580
2012-08-17,15.84840
2012-08-21,15.95110
2012-08-22,15.92850
2012-08-23,15.94150
2012-08-24,15.83690
2012-08-27,15.73750
2012-08-28,15.64900
2012-08-29,15.49830
2012-08-30,15.52990
2012-08-31,15.40120
2012-09-03,15.39370
2012-09-04,15.47590
2012-09-05,15.35380
2012-09-06,15.39900
2012-09-07,15.68200
2012-09-10,15.74130
2012-09-11,15.78400
2012-09-12,15.87080
2012-09-13,15.87800
2012-09-14,16.22450
2012-09-17,16.43390
2012-09-18,16.50770
2012-09-20,16.41400
2012-09-21,16.76100
2012-09-24,16.74790
2012-09-25,16.74410
2012-09-26,16.75390
2012-09-27,16.77390
2012-09-28,16.92900
2012-10-01,17.01010
2012-10-03,17.02110
2012-10-04,17.13320
2012-10-05,17.01230
2012-10-08,16.89160
2012-10-09,16.99470
2012-10-10,16.84430
2012-10-11,17.01610
2012-10-12,16.93860
2012-10-15,16.96290
2012-10-16,16.87190
2012-10-17,16.87750
2012-10-18,17.06050
2012-10-19,16.97810
2012-10-22,17.04060
2012-10-23,16.96820
2012-10-25,17.02360
2012-10-26,16.92090
2012-10-29,16.94440
2012-10-30,16.69580
2012-10-31,16.76690
2012-11-01,16.85350
2012-11-02,17.01210
2012-11-05,17.00870
2012-11-06,17.05610
2012-11-07,17.16870
2012-11-08,17.10600
2012-11-09,16.96670
2012-11-12,16.97530
2012-11-15,16.84200
2012-11-16,16.72100
2012-11-19,16.65060
2012-11-20,16.60020
2012-11-21,16.74360
2012-11-22,16.81890
2012-11-23,16.81040
2012-11-26,16.88250
2012-11-27,17.08840
2012-11-29,17.32700
2012-11-30,17.48770
2012-12-03,17.50340
2012-12-04,17.52710
2012-12-05,17.61440
2012-12-06,17.70820
2012-12-07,17.63850
2012-12-10,17.63520
2012-12-11,17.57280
2012-12-12,17.58440
2012-12-13,17.48610
2012-12-14,17.60070
2012-12-17,17.60650
2012-12-18,17.71660
2012-12-19,17.81570
2012-12-20,17.78430
2012-12-21,17.54060
2012-12-24,17.56450
2012-12-26,17.73450
2012-12-27,17.65340
2012-12-28,17.77480
2012-12-31,17.82130
2013-01-01,17.97210
2013-01-02,18.06330
2013-01-03,18.10050
2013-01-04,18.09670
2013-01-07,18.01920
2013-01-08,18.00910
2013-01-09,17.90720
2013-01-10,17.85040
2013-01-11,17.76640
2013-01-14,17.96500
2013-01-15,18.06720
2013-01-16,17.86900
2013-01-17,17.93910
2013-01-18,17.96430
2013-01-21,17.98490
2013-01-22,17.87880
2013-01-23,17.88720
2013-01-24,17.72080
2013-01-25,17.88590
2013-01-28,17.87100
2013-01-29,17.77710
2013-01-30,17.77360
2013-01-31,17.78770
2013-02-01,17.70120
2013-02-04,17.59760
2013-02-05,17.52310
2013-02-06,17.49940
2013-02-07,17.40200
2013-02-08,17.28620
2013-02-11,17.28670
2013-02-12,17.34870
2013-02-13,17.34290
2013-02-14,17.23830
2013-02-15,17.22110
2013-02-18,17.22980
2013-02-19,17.34760
2013-02-20,17.34540
2013-02-21,17.08380
2013-02-22,17.10090
2013-02-25,17.06280
2013-02-26,16.81920
2013-02-27,16.92640
2013-02-28,16.63790
2013-03-01,16.69460
2013-03-04,16.57550
2013-03-05,16.81310
2013-03-06,16.93580
2013-03-07,17.07560
2013-03-08,17.24450
2013-03-11,17.23860
2013-03-12,17.14150
2013-03-13,16.94500
2013-03-14,17.06990
2013-03-15,16.99410
2013-03-18,16.86960
2013-03-19,16.65660
2013-03-20,16.47550
2013-03-21,16.37540
2013-03-22,16.36200
2013-03-25,16.28800
2013-03-26,16.29550
2013-03-28,16.45410
2013-04-01,16.51870
2013-04-02,16.69090
2013-04-03,16.49280
2013-04-04,16.21470
2013-04-05,16.17920
2013-04-08,16.14610
2013-04-09,16.01010
2013-04-10,16.11330
2013-04-11,16.21220
2013-04-12,16.08920
2013-04-15,16.19680
2013-04-16,16.48040
2013-04-17,16.52660
2013-04-18,16.72170
2013-04-22,16.88190
2013-04-23,16.90230
2013-04-25,17.08020
2013-04-26,16.92760
2013-04-29,17.03120
2013-04-30,17.10080
2013-05-02,17.27180
2013-05-03,17.15200
2013-05-06,17.25520
2013-05-07,17.45420
2013-05-08,17.44600
2013-05-09,17.36680
2013-05-10,17.42660
2013-05-13,17.18230
2013-05-14,17.22880
2013-05-15,17.58750
2013-05-16,17.65770
2013-05-17,17.74190
2013-05-20,17.66680
2013-05-21,17.53700
2013-05-22,17.49830
2013-05-23,17.12970
2013-05-24,17.13700
2013-05-27,17.43850
2013-05-28,17.54070
2013-05-29,17.53190
2013-05-30,17.53420
2013-05-31,17.23130
2013-06-03,17.15310
2013-06-04,17.10160
2013-06-05,17.08230
2013-06-06,17.08780
2013-06-07,16.98610
2013-06-10,16.93690
2013-06-11,16.70780
2013-06-12,16.61020
2013-06-13,16.46440
2013-06-14,16.73180
2013-06-17,16.83330
2013-06-18,16.73920
2013-06-19,16.76070
2013-06-20,16.34690
2013-06-21,16.30610
2013-06-24,16.03850
2013-06-25,16.02830
2013-06-26,16.00640
2013-06-27,16.23360
2013-06-28,16.65850
2013-07-01,16.82450
2013-07-02,16.74340
2013-07-03,16.47420
2013-07-04,16.61950
2013-07-05,16.69860
2013-07-08,16.54330
2013-07-09,16.70570
2013-07-10,16.65190
2013-07-11,16.94790
2013-07-12,17.13000
2013-07-15,17.21890
2013-07-16,17.01240
2013-07-17,17.00950
2013-07-18,17.17540
2013-07-19,17.13880
2013-07-22,17.13080
2013-07-23,17.23050
2013-07-24,16.99860
2013-07-25,16.81900
2013-07-26,16.73270
2013-07-29,16.57710
2013-07-30,16.36050
2013-07-31,16.34420
2013-08-01,16.27990
2013-08-02,16.10710
2013-08-05,16.17880
2013-08-06,15.77640
2013-08-07,15.74450
2013-08-08,15.82840
2013-08-12,15.97770
2013-08-13,16.19750
2013-08-14,16.33630
2013-08-16,15.75940
2013-08-19,15.47890
2013-08-20,15.47440
2013-08-21,15.18130
2013-08-22,15.49640
2013-08-23,15.63120
2013-08-26,15.64150
2013-08-27,15.22690
2013-08-28,15.18290
2013-08-29,15.48570
2013-08-30,15.61480
2013-09-02,15.81960
2013-09-03,15.30590
2013-09-04,15.59920
2013-09-05,15.94720
2013-09-06,16.16440
2013-09-10,16.63760
2013-09-11,16.76260
2013-09-12,16.58640
2013-09-13,16.60750
2013-09-16,16.59750
2013-09-17,16.59200
2013-09-18,16.72630
2013-09-19,17.26430
2013-09-20,17.04360
2013-09-23,16.77210
2013-09-24,16.75360
2013-09-25,16.74270
2013-09-26,16.77220
2013-09-27,16.69210
2013-09-30,16.49370
2013-10-01,16.59460
2013-10-03,16.95880
2013-10-04,16.96350
2013-10-07,16.96470
2013-10-08,17.03310
2013-10-09,17.28740
2013-10-10,17.29930
2013-10-11,17.46600
2013-10-14,17.51670
2013-10-15,17.43660
2013-10-17,17.37810
2013-10-18,17.71790
2013-10-21,17.77190
2013-10-22,17.78600
2013-10-23,17.77430
2013-10-24,17.74360
2013-10-25,17.67250
2013-10-28,17.52350
2013-10-29,17.81430
2013-10-30,17.90450
2013-10-31,18.06300
2013-11-01,18.09690
2013-11-05,17.97460
2013-11-06,17.93940
2013-11-07,17.84140
2013-11-08,17.76170
2013-11-11,17.57080
2013-11-12,17.41630
2013-11-13,17.31690
2013-11-14,17.48130
2013-11-18,17.77080
2013-11-19,17.81610
2013-11-20,17.62190
2013-11-21,17.30470
2013-11-22,17.28030
2013-11-25,17.54390
2013-11-26,17.38400
2013-11-27,17.37800
2013-11-28,17.47150
2013-11-29,17.70120
2013-12-02,17.82900
2013-12-03,17.81860
2013-12-04,17.74590
2013-12-05,17.94370
2013-12-06,18.02150
2013-12-09,18.27680
2013-12-10,18.21340
2013-12-11,18.12990
2013-12-12,17.95370
2013-12-13,17.77540
2013-12-16,17.74910
2013-12-17,17.77830
2013-12-18,17.95500
2013-12-19,17.81390
2013-12-20,18.05710
2013-12-23,18.12280
2013-12-24,18.13160
2013-12-26,18.15940
2013-12-27,18.24100
2013-12-30,18.17600
2013-12-31,18.23800
2014-01-01,18.23670
2014-01-02,17.99370
2014-01-03,18.00190
2014-01-06,17.91820
2014-01-07,17.82620
2014-01-08,17.85760
2014-01-09,17.83630
2014-01-10,17.82400
2014-01-13,18.01560
2014-01-14,17.93700
2014-01-15,18.11700
2014-01-16,18.06410
2014-01-17,17.89220
2014-01-20,17.97550
2014-01-21,17.99280
2014-01-22,18.03660
2014-01-23,18.05580
2014-01-24,17.86280
2014-01-27,17.48790
2014-01-28,17.44480
2014-01-29,17.44930
2014-01-30,17.26360
2014-01-31,17.38610
2014-02-03,17.19400
2014-02-04,17.20490
2014-02-05,17.25120
2014-02-06,17.27110
2014-02-07,17.37460
2014-02-10,17.36620
2014-02-11,17.35180
2014-02-12,17.40980
2014-02-13,17.20870
2014-02-14,17.29730
2014-02-17,17.34780
2014-02-18,17.45950
2014-02-19,17.54190
2014-02-20,17.40500
2014-02-21,17.54220
2014-02-24,17.63080
2014-02-25,17.62380
2014-02-26,17.67020
2014-02-28,17.79550
2014-03-03,17.69600
2014-03-04,17.91280
2014-03-05,18.04340
2014-03-06,18.24630
2014-03-07,18.54170
2014-03-10,18.54980
2014-03-11,18.46340
2014-03-12,18.50050
2014-03-13,18.36520
2014-03-14,18.41310
2014-03-18,18.45920
2014-03-19,18.48720
2014-03-20,18.43950
2014-03-21,18.42590
2014-03-24,18.67080
2014-03-25,18.70650
2014-03-26,18.74450
2014-03-27,18.89110
2014-03-28,19.09030
2014-03-31,19.15670
2014-04-01,19.16290
2014-04-02,19.28260
2014-04-03,19.22340
2014-04-04,19.15380
2014-04-07,19.14220
2014-04-09,19.40510
2014-04-10,19.39960
2014-04-11,19.41080
2014-04-15,19.31010
2014-04-16,19.15680
2014-04-17,19.39790
2014-04-21,19.54050
2014-04-22,19.54940
2014-04-23,19.63450
2014-04-25,19.51370
2014-04-28,19.49790
2014-04-29,19.35690
2014-04-30,19.24870
2014-05-02,19.24440
2014-05-05,19.29560
2014-05-06,19.35020
2014-05-07,19.26710
2014-05-08,19.28050
2014-05-09,19.74460
2014-05-12,20.16200
2014-05-13,20.47990
2014-05-14,20.55120
2014-05-15,20.53360
2014-05-16,20.88940
2014-05-19,21.25670
2014-05-20,21.33070
2014-05-21,21.23680
2014-05-22,21.43880
2014-05-23,21.80630
2014-05-26,21.66030
2014-05-27,21.56170
2014-05-28,21.65160
2014-05-29,21.44360
2014-05-30,21.40170
2014-06-02,21.85060
2014-06-03,22.00170
2014-06-04,22.13810
2014-06-05,22.37980
2014-06-06,22.67930
2014-06-09,22.88130
2014-06-10,22.76810
2014-06-11,22.72550
2014-06-12,22.82170
2014-06-13,22.38980
2014-06-16,22.42420
2014-06-17,22.73830
2014-06-18,22.59040
2014-06-19,22.45180
2014-06-20,22.34040
2014-06-23,22.44220
2014-06-24,22.75140
2014-06-25,22.77660
2014-06-26,22.58820
2014-06-27,22.66550
2014-06-30,23.05030
2014-07-01,23.13570
2014-07-02,23.34980
2014-07-03,23.35930
2014-07-04,23.44500
2014-07-07,23.54810
2014-07-08,22.92140
2014-07-09,22.76700
2014-07-10,22.70260
2014-07-11,22.31600
2014-07-14,22.32290
2014-07-15,22.62970
2014-07-16,22.93190
2014-07-17,23.08620
2014-07-18,23.12810
2014-07-21,23.12380
2014-07-22,23.25490
2014-07-23,23.33410
2014-07-24,23.44060
2014-07-25,23.26170
2014-07-28,23.14280
2014-07-30,23.26510
2014-07-31,23.17250
2014-08-01,22.88830
2014-08-04,23.10300
2014-08-05,23.29700
2014-08-06,23.12400
2014-08-07,23.04800
2014-08-08,22.74390
2014-08-11,22.85580
2014-08-12,23.05670
2014-08-13,22.87610
2014-08-14,23.12300
2014-08-18,23.47630
2014-08-19,23.61440
2014-08-20,23.60680
2014-08-21,23.70600
2014-08-22,23.80670
2014-08-25,23.68580
2014-08-26,23.67350
2014-08-27,23.73370
2014-08-28,23.73220
2014-09-01,24.06050
2014-09-02,24.20970
2014-09-03,24.45870
2014-09-04,24.40540
2014-09-05,24.46010
2014-09-08,24.76970
2014-09-09,24.74010
2014-09-10,24.65350
2014-09-11,24.73350
2014-09-12,24.78270
2014-09-15,24.73390
2014-09-16,24.24890
2014-09-17,24.42710
2014-09-18,24.88180
2014-09-19,24.90700
2014-09-22,24.90130
2014-09-23,24.49390
2014-09-24,24.32740
2014-09-25,23.94680
2014-09-26,24.14720
2014-09-29,24.28530
2014-09-30,24.29300
2014-10-01,24.21590
2014-10-07,23.90490
2014-10-08,23.85890
2014-10-09,24.26500
2014-10-10,24.05650
2014-10-13,24.16190
2014-10-14,24.13470
2014-10-16,23.67660
2014-10-17,23.80200
2014-10-20,24.09360
2014-10-21,24.24760
2014-10-22,24.43180
2014-10-27,24.46980
2014-10-28,24.63420
2014-10-29,24.80410
2014-10-30,24.97950
2014-10-31,25.48980
2014-11-03,25.58300
2014-11-05,25.67650
2014-11-07,25.63730
2014-11-10,25.69890
2014-11-11,25.76180
2014-11-12,25.82780
2014-11-13,25.81950
2014-11-14,26.01490
2014-11-17,26.25830
2014-11-18,26.31720
2014-11-19,26.12310
2014-11-20,26.12430
2014-11-21,26.25200
2014-11-24,26.43020
2014-11-25,26.20330
2014-11-26,26.29710
2014-11-27,26.39210
2014-11-28,26.65120
2014-12-01,26.53980
2014-12-02,26.59560
2014-12-03,26.77600
2014-12-04,26.91150
2014-12-05,26.88340
2014-12-08,26.49920
2014-12-09,26.25290
2014-12-10,26.42370
2014-12-11,26.15070
2014-12-12,25.95260
2014-12-15,25.85530
2014-12-16,25.32690
2014-12-17,25.16840
2014-12-18,25.77460
2014-12-19,26.11400
2014-12-22,26.31500
2014-12-23,26.14440
2014-12-24,26.00550
2014-12-26,26.04680
2014-12-29,26.17840
2014-12-30,26.26950
2014-12-31,26.39240
2015-01-01,26.44080
2015-01-02,26.68170
2015-01-05,26.68030
2015-01-06,25.88730
2015-01-07,25.88720
2015-01-08,26.26560
2015-01-09,26.39320
2015-01-12,26.54820
2015-01-13,26.45210
2015-01-14,26.37510
2015-01-15,26.91050
2015-01-16,26.88440
2015-01-19,27.06580
2015-01-20,27.30610
2015-01-21,27.44280
2015-01-22,27.59700
2015-01-23,27.66350
2015-01-27,27.77420
2015-01-28,27.86380
2015-01-29,27.88490
2015-01-30,27.47600
2015-02-02,27.50740
2015-02-03,27.40660
2015-02-04,27.28580
2015-02-05,27.11900
2015-02-06,26.87790
2015-02-09,26.39080
2015-02-10,26.54690
2015-02-11,26.93420
2015-02-12,27.31430
2015-02-13,27.62960
2015-02-16,27.50170
2015-02-18,27.51970
2015-02-19,27.57380
2015-02-20,27.58680
2015-02-23,27.37100
2015-02-24,27.33500
2015-02-25,27.28490
2015-02-26,26.95630
2015-02-27,27.46260
2015-03-02,28.17140
2015-03-03,28.42720
2015-03-04,28.06030
2015-03-05,28.18770
2015-03-09,27.70240
2015-03-10,27.61190
2015-03-11,27.51810
2015-03-12,27.92400
2015-03-13,27.54050
2015-03-16,27.53760
2015-03-17,27.75370
2015-03-18,27.76030
2015-03-19,27.65340
2015-03-20,27.36480
2015-03-23,27.19820
2015-03-24,27.13730
2015-03-25,27.12390
2015-03-26,26.69410
2015-03-27,26.72840
2015-03-30,27.27260
2015-03-31,27.38010
2015-04-01,27.71580
2015-04-06,27.99740
2015-04-07,28.03300
2015-04-08,28.22100
2015-04-09,28.30820
2015-04-10,28.34450
2015-04-13,28.44430
2015-04-15,28.26690
2015-04-16,28.05780
2015-04-17,27.57270
2015-04-20,27.08280
2015-04-21,26.86850
2015-04-22,26.93290
2015-04-23,26.83380
2015-04-24,26.38840
2015-04-27,26.06980
2015-04-28,26.44780
2015-04-29,26.47310
2015-04-30,26.40070
2015-05-04,26.80300
2015-05-05,26.93940
2015-05-06,26.18550
2015-05-07,25.86650
2015-05-08,26.14820
2015-05-11,26.67440
2015-05-12,26.12330
2015-05-13,26.55450
2015-05-14,26.72150
2015-05-15,26.77240
2015-05-18,27.01400
2015-05-19,27.06510
2015-05-20,27.14620
2015-05-21,27.06680
2015-05-22,27.09220
2015-05-25,26.96830
2015-05-26,26.94720
2015-05-27,26.90440
2015-05-28,26.82930
2015-05-29,27.18000
2015-06-01,27.12290
2015-06-02,26.58100
2015-06-03,26.21550
2015-06-04,26.20850
2015-06-05,26.20660
2015-06-08,25.88870
2015-06-09,25.78080
2015-06-10,26.05960
2015-06-11,25.65290
2015-06-12,25.61040
2015-06-15,25.64590
2015-06-16,25.75980
2015-06-17,26.06360
2015-06-18,26.25120
2015-06-19,26.31370
2015-06-22,26.73970
2015-06-23,26.74210
2015-06-24,26.57600
2015-06-25,26.67730
2015-06-26,26.70890
2015-06-29,26.40190
2015-06-30,26.60210
2015-07-01,26.95110
2015-07-02,26.95060
2015-07-03,26.99220
2015-07-06,27.13800
2015-07-07,27.18170
2015-07-08,26.79940
2015-07-09,26.78650
2015-07-10,26.90920
2015-07-13,27.15400
2015-07-14,27.15160
2015-07-15,27.37970
2015-07-16,27.63640
2015-07-17,27.77390
2015-07-20,27.78660
2015-07-21,27.48650
2015-07-22,27.65330
2015-07-23,27.63440
2015-07-24,27.45500
2015-07-27,26.98460
2015-07-28,26.97660
2015-07-29,27.19420
2015-07-30,27.35840
2015-07-31,27.61330
2015-08-03,27.80880
2015-08-04,27.83110
2015-08-05,28.02290
2015-08-06,28.02690
2015-08-07,27.98080
2015-08-10,27.88080
2015-08-11,27.62700
2015-08-12,27.21770
2015-08-13,27.24200
2015-08-14,27.76210
2015-08-17,27.82840
2015-08-18,27.92400
2015-08-19,27.95450
2015-08-20,27.50730
2015-08-21,27.32980
2015-08-24,25.53360
2015-08-25,25.82330
2015-08-26,25.64420
2015-08-27,26.17620
2015-08-28,26.31310
2015-08-31,26.15010
2015-09-01,25.60600
2015-09-02,25.48820
2015-09-03,25.70450
2015-09-04,25.12190
2015-09-07,24.68290
2015-09-08,25.04340
2015-09-09,25.46950
2015-09-10,25.45180
2015-09-11,25.51500
2015-09-14,25.76470
2015-09-15,25.62230
2015-09-16,25.71580
2015-09-18,26.08850
2015-09-21,26.15300
2015-09-22,25.69520
2015-09-23,25.73570
2015-09-24,25.75910
2015-09-28,25.55050
2015-09-29,25.63260
2015-09-30,26.01630
2015-10-01,26.12700
2015-10-05,26.73950
2015-10-06,26.78710
2015-10-07,26.83070
2015-10-08,26.74820
2015-10-09,26.88770
2015-10-12,26.76460
2015-10-13,26.71930
2015-10-14,26.64310
2015-10-15,26.83520
2015-10-16,26.99770
2015-10-19,27.13380
2015-10-20,27.19260
2015-10-21,27.13280
2015-10-23,27.05290
2015-10-26,26.92480
2015-10-27,26.82970
2015-10-28,26.69960
2015-10-29,26.55340
2015-10-30,26.38740
2015-11-02,26.30330
2015-11-03,26.38070
2015-11-04,26.33490
2015-11-05,26.04330
2015-11-06,26.00560
2015-11-09,25.92810
2015-11-10,25.58800
2015-11-13,25.51950
2015-11-16,25.58010
2015-11-17,25.63570
2015-11-18,25.31090
2015-11-19,25.65910
2015-11-20,25.78300
2015-11-23,25.80200
2015-11-24,25.72170
2015-11-26,25.86910
2015-11-27,26.03120
2015-11-30,26.02550
2015-12-01,26.04100
2015-12-02,25.96570
2015-12-03,25.79660
2015-12-04,25.62950
2015-12-07,25.63910
2015-12-08,25.37530
2015-12-09,24.97770
2015-12-10,25.17440
2015-12-11,24.91810
2015-12-14,25.06030
2015-12-15,25.21570
2015-12-16,25.36300
2015-12-17,25.69230
2015-12-18,25.49820
2015-12-21,25.70380
2015-12-22,25.54880
2015-12-23,25.70500
2015-12-24,25.77830
2015-12-28,25.87990
2015-12-29,25.94870
2015-12-30,25.84690
2015-12-31,25.91270
2016-01-01,26.03100
2016-01-04,25.54410
2016-01-05,25.58540
2016-01-06,25.50910
2016-01-07,24.86920
2016-01-08,25.01610
2016-01-11,24.88410
2016-01-12,24.66240
2016-01-13,24.67190
2016-01-14,24.47570
2016-01-15,24.07100
2016-01-18,23.67350
2016-01-19,23.92590
2016-01-20,23.56180
2016-01-21,23.51060
2016-01-22,23.94710
2016-01-25,24.00600
2016-01-27,24.03690
2016-01-28,23.95030
2016-01-29,24.31320
2016-02-01,24.38150
2016-02-02,24.04700
2016-02-03,23.66370
2016-02-04,23.74780
2016-02-05,24.00160
2016-02-08,23.84580
2016-02-09,23.55160
2016-02-10,23.34460
2016-02-11,22.59820
2016-02-12,22.54260
2016-02-15,23.26450
2016-02-16,22.86650
2016-02-17,23.02020
2016-02-18,23.28950
2016-02-19,23.30110
2016-02-22,23.47410
2016-02-23,23.07340
2016-02-24,22.82380
2016-02-25,22.56920
2016-02-26,22.69610
2016-02-29,22.57170
2016-03-01,23.29610
2016-03-02,23.87280
2016-03-03,24.18810
2016-03-04,24.23750
2016-03-08,24.18040
2016-03-09,24.34790
2016-03-10,24.19220
2016-03-11,24.20970
2016-03-14,24.32010
2016-03-15,24.20430
2016-03-16,24.24080
2016-03-17,24.33670
2016-03-18,24.60850
2016-03-21,24.95250
2016-03-22,25.03620
2016-03-23,25.02580
2016-03-28,24.62770
2016-03-29,24.59530
2016-03-30,25.05000
2016-03-31,25.19030
2016-04-01,25.11200
2016-04-04,25.27320
2016-04-05,24.82480
2016-04-06,24.91150
2016-04-07,24.76590
2016-04-08,24.78130
2016-04-11,25.10770
2016-04-12,25.29170
2016-04-13,25.66960
2016-04-18,25.92500
2016-04-20,25.93990
2016-04-21,25.89330
2016-04-22,25.88540
2016-04-25,25.79520
2016-04-26,26.07880
2016-04-27,26.10720
2016-04-28,25.77250
2016-04-29,25.74880
2016-05-02,25.70330
2016-05-03,25.53890
2016-05-04,25.33340
2016-05-05,25.36490
2016-05-06,25.38440
2016-05-09,25.72110
2016-05-10,25.77960
2016-05-11,25.74160
2016-05-12,25.96480
2016-05-13,25.86170
2016-05-16,25.86780
2016-05-17,25.90770
2016-05-18,25.87930
2016-05-19,25.68900
2016-05-20,25.46680
2016-05-23,25.32070
2016-05-24,25.31440
2016-05-25,25.81000
2016-05-26,26.14400
2016-05-27,26.41270
2016-05-30,26.56940
2016-05-31,26.56430
2016-06-01,26.55910
2016-06-02,26.71490
2016-06-03,26.65380
2016-06-06,26.63330
2016-06-07,26.86610
2016-06-08,26.89240
2016-06-09,26.69710
2016-06-10,26.58430
2016-06-13,26.38360
2016-06-14,26.38270
2016-06-15,26.61840
2016-06-16,26.47580
2016-06-17,26.51320
2016-06-20,26.69760
2016-06-21,26.63100
2016-06-22,26.59030
2016-06-23,26.79090
2016-06-24,26.29430
2016-06-27,26.38380
2016-06-28,26.46510
2016-06-29,26.78710
2016-06-30,26.99640
2016-07-01,27.20570
2016-07-04,27.32330
2016-07-05,27.28050
2016-07-07,27.28940
2016-07-08,27.22570
2016-07-11,27.60890
2016-07-12,27.86350
2016-07-13,27.74200
2016-07-14,27.88330
2016-07-15,27.72490
2016-07-18,27.65370
2016-07-19,27.70940
2016-07-20,27.89250
2016-07-21,27.78560
2016-07-22,27.87860
2016-07-25,28.13190
2016-07-26,27.99910
2016-07-27,28.10470
2016-07-28,28.24820
2016-07-29,28.27330
2016-08-01,28.33050
2016-08-02,28.31370
2016-08-03,28.06110
2016-08-04,28.12000
2016-08-05,28.54070
2016-08-08,28.79790
2016-08-09,28.73970
2016-08-10,28.35940
2016-08-11,28.39220
2016-08-12,28.62820
2016-08-16,28.65400
2016-08-17,28.65130
2016-08-18,28.84390
2016-08-19,28.91300
2016-08-22,28.82400
2016-08-23,28.82060
2016-08-24,28.92640
2016-08-25,28.81670
2016-08-26,28.78090
2016-08-29,28.84870
2016-08-30,29.14070
2016-08-31,29.29800
2016-09-01,29.26670
2016-09-02,29.35420
2016-09-06,29.76140
2016-09-07,29.69480
2016-09-08,29.78200
2016-09-09,29.52130
2016-09-12,28.95320
2016-09-14,29.11050
2016-09-15,29.11950
2016-09-16,29.14920
2016-09-19,29.22970
2016-09-20,29.14600
2016-09-21,29.19140
2016-09-22,29.44970
2016-09-23,29.39780
2016-09-26,29.16570
2016-09-27,29.16850
2016-09-28,29.29550
2016-09-29,28.72860
2016-09-30,28.99130
2016-10-03,29.53330
2016-10-04,29.70450
2016-10-05,29.66480
2016-10-06,29.59540
2016-10-07,29.49790
2016-10-10,29.51550
2016-10-13,29.10000
2016-10-14,29.17920
2016-10-17,28.98760
2016-10-18,29.38650
2016-10-19,29.48640
2016-10-20,29.55080
2016-10-21,29.66860
2016-10-24,29.69270
2016-10-25,29.64840
2016-10-26,29.36670
2016-10-27,29.22850
2016-10-28,29.43820
2016-11-01,29.42750
2016-11-02,28.95140
2016-11-03,28.74020
2016-11-04,28.56140
2016-11-07,28.81140
2016-11-08,28.95260
2016-11-09,28.43240
2016-11-10,28.67860
2016-11-11,27.86000
2016-11-15,27.04690
2016-11-16,27.05580
2016-11-17,26.97490
2016-11-18,27.07060
2016-11-21,26.55380
2016-11-22,26.82890
2016-11-23,27.00030
2016-11-24,26.83200
2016-11-25,27.31520
2016-11-28,27.39270
2016-11-29,27.46520
2016-11-30,27.73560
2016-12-01,27.49230
2016-12-02,27.13870
2016-12-05,27.24550
2016-12-06,27.36480
2016-12-07,27.28860
2016-12-08,27.71060
2016-12-09,27.95820
2016-12-12,27.61070
2016-12-13,27.61620
2016-12-14,27.47080
2016-12-15,27.45160
2016-12-16,27.36310
2016-12-19,27.23030
2016-12-20,27.09210
2016-12-21,27.06320
2016-12-22,26.75940
2016-12-23,26.79510
2016-12-26,26.42850
2016-12-27,26.85780
2016-12-28,26.85170
2016-12-29,27.11540
2016-12-30,27.42220
2017-01-02,27.56440
2017-01-03,27.66160
2017-01-04,27.63680
2017-01-05,27.89440
2017-01-06,27.79340
2017-01-09,27.80160
2017-01-10,27.99980
2017-01-11,28.33990
2017-01-12,28.38040
2017-01-13,28.30740
2017-01-16,28.33060
2017-01-17,28.36650
2017-01-18,28.51290
2017-01-19,28.55670
2017-01-20,28.21540
2017-01-23,28.32690
2017-01-24,28.65690
2017-01-25,29.07980
2017-01-27,29.21630
2017-01-30,29.13770
2017-01-31,28.85540
2017-02-01,29.37700
2017-02-02,29.46320
2017-02-03,29.55580
2017-02-06,29.78400
2017-02-07,29.63780
2017-02-08,29.68980
2017-02-09,29.71860
2017-02-10,29.76080
2017-02-13,29.76540
2017-02-14,29.64280
2017-02-15,29.34730
2017-02-16,29.62830
2017-02-17,29.79380
2017-02-20,29.99690
2017-02-21,30.16350
2017-02-22,30.14990
2017-02-23,30.22790
2017-02-27,30.15220
2017-02-28,30.14950
2017-03-01,30.27890
2017-03-02,30.08680
2017-03-03,30.13680
2017-03-06,30.32160
2017-03-07,30.27420
2017-03-08,30.18240
2017-03-09,30.20260
2017-03-10,30.18800
2017-03-14,30.63220
2017-03-15,30.69760
2017-03-16,30.95250
2017-03-17,30.89860
2017-03-20,30.81890
2017-03-21,31.15950
2017-03-22,30.99890
2017-03-23,31.15840
2017-03-24,31.28210
2017-03-27,31.15660
2017-03-28,31.29920
2017-03-29,31.43650
2017-03-30,31.64580
2017-03-31,31.76090
2017-04-03,31.91350
2017-04-05,32.04430
2017-04-06,32.06040
2017-04-07,31.96700
2017-04-10,32.07790
2017-04-11,32.33910
2017-04-12,32.19620
2017-04-13,32.14950
2017-04-17,32.11900
2017-04-18,32.02940
2017-04-19,32.05590
2017-04-20,32.17240
2017-04-21,32.11090
2017-04-24,32.47710
2017-04-25,32.77430
2017-04-26,32.78480
2017-04-27,32.79240
2017-04-28,32.86990
2017-05-02,32.92750
2017-05-03,32.92640
2017-05-04,33.10020
2017-05-05,32.88450
2017-05-08,33.00350
2017-05-09,32.99520
2017-05-10,33.27580
2017-05-11,33.20710
2017-05-12,32.99070
2017-05-15,33.17840
2017-05-16,33.35800
2017-05-17,33.27310
2017-05-18,32.87590
2017-05-19,32.84710
2017-05-22,32.71400
2017-05-23,32.41650
2017-05-24,32.20370
2017-05-25,32.66230
2017-05-26,32.98800
2017-05-29,32.75970
2017-05-30,32.81310
2017-05-31,33.04320
2017-06-01,33.10250
2017-06-02,33.29930
2017-06-05,33.45530
2017-06-06,33.32240
2017-06-07,33.43580
2017-06-08,33.35870
2017-06-09,33.44050
2017-06-12,33.24500
2017-06-13,33.26490
2017-06-14,33.32790
2017-06-15,33.28960
2017-06-16,33.41730
2017-06-19,33.52270
2017-06-20,33.56430
2017-06-21,33.45740
2017-06-22,33.35120
2017-06-23,32.99900
2017-06-27,32.71550
2017-06-28,32.74400
2017-06-29,32.82590
2017-06-30,32.97220
2017-07-03,33.28350
2017-07-04,33.32920
2017-07-05,33.54260
2017-07-06,33.64310
2017-07-07,33.61570
2017-07-10,33.88540
2017-07-11,33.81590
2017-07-12,34.03480
2017-07-13,34.33560
2017-07-14,34.22010
2017-07-17,34.22510
2017-07-18,34.01820
2017-07-19,34.23920
2017-07-20,34.13230
2017-07-21,34.20260
2017-07-24,34.36210
2017-07-25,34.42430
2017-07-26,34.57760
2017-07-27,34.53520
2017-07-28,34.63420
2017-07-31,34.97510
2017-08-01,34.93990
2017-08-02,34.85290
2017-08-03,34.59140
2017-08-04,34.85720
2017-08-07,35.09550
2017-08-08,34.82190
2017-08-09,34.55300
2017-08-10,34.12310
2017-08-11,33.98300
2017-08-14,34.37150
2017-08-16,34.71000
2017-08-17,34.75810
2017-08-18,34.63740
2017-08-21,34.29110
2017-08-22,34.32760
2017-08-23,34.58070
2017-08-24,34.58770
2017-08-28,34.94840
2017-08-29,34.65620
2017-08-30,35.11270
2017-08-31,35.30840
2017-09-01,35.40080
2017-09-04,35.10670
2017-09-05,35.43060
2017-09-06,35.40600
2017-09-07,35.53200
2017-09-08,35.50160
2017-09-11,35.67290
2017-09-12,35.93650
2017-09-13,35.79180
2017-09-14,35.91560
2017-09-15,36.02890
2017-09-18,36.26160
2017-09-19,36.38730
2017-09-20,36.29100
2017-09-21,36.20980
2017-09-22,35.43440
2017-09-25,35.01970
2017-09-26,35.28460
2017-09-27,34.76190
2017-09-28,34.93570
2017-09-29,35.23470
2017-10-03,35.46190
2017-10-04,35.66290
2017-10-05,35.70880
2017-10-06,36.01500
2017-10-09,35.96120
2017-10-10,36.20830
2017-10-11,36.05100
2017-10-12,36.49100
2017-10-13,36.63790
2017-10-16,36.67660
2017-10-17,36.72990
2017-10-18,36.65260
2017-10-23,36.63570
2017-10-24,36.61970
2017-10-25,36.84380
2017-10-26,36.90480
2017-10-27,36.77690
2017-10-30,37.02730
2017-10-31,37.09110
2017-11-01,37.43760
2017-11-02,37.40170
2017-11-03,37.52940
2017-11-06,37.53190
2017-11-07,37.27730
2017-11-08,37.02690
2017-11-09,37.22150
2017-11-10,37.36910
2017-11-13,37.14910
2017-11-14,36.99530
2017-11-15,36.67340
2017-11-16,36.95950
2017-11-17,37.15380
2017-11-20,37.29540
2017-11-21,37.23710
2017-11-22,37.31670
2017-11-23,37.38140
2017-11-24,37.56140
2017-11-27,37.55910
2017-11-28,37.54350
2017-11-29,37.56550
2017-11-30,37.30420
2017-12-01,36.92020
2017-12-04,36.83720
2017-12-05,36.87590
2017-12-06,36.64620
2017-12-07,37.11710
2017-12-08,37.34600
2017-12-11,37.33750
2017-12-12,37.01310
2017-12-13,36.85450
2017-12-14,36.91350
2017-12-15,37.27130
2017-12-18,37.41770
2017-12-19,37.67090
2017-12-20,37.69850
2017-12-21,37.76720
2017-12-22,37.88330
2017-12-26,38.02470
2017-12-27,37.83840
2017-12-28,37.79300
2017-12-29,38.04420
2018-01-01,37.83900
2018-01-02,37.70330
2018-01-03,37.77920
2018-01-04,37.92990
2018-01-05,38.20110
2018-01-08,38.40580
2018-01-09,38.38800
2018-01-10,38.38050
2018-01-11,38.44070
2018-01-12,38.41710
2018-01-15,38.51160
2018-01-16,38.15790
2018-01-17,38.39330
2018-01-18,38.07190
2018-01-19,38.29930
2018-01-22,38.55520
2018-01-23,38.83970
2018-01-24,38.65010
2018-01-25,38.48140
2018-01-29,38.50920
2018-01-30,38.30070
2018-01-31,38.18200
2018-02-01,38.25020
2018-02-02,37.25580
2018-02-05,37.00410
2018-02-06,36.49310
2018-02-07,36.62350
2018-02-08,37.01150
2018-02-09,36.83660
2018-02-12,37.16500
2018-02-14,37.12120
2018-02-15,37.18060
2018-02-16,36.84320
2018-02-19,36.61070
2018-02-20,36.55010
2018-02-21,36.63980
2018-02-22,36.58320
2018-02-23,37.02980
2018-02-26,37.28330
2018-02-27,37.28630
2018-02-28,37.19150
2018-03-01,36.99030
2018-03-05,36.73250
2018-03-06,36.45520
2018-03-07,36.06790
2018-03-08,36.26560
2018-03-09,36.18510
2018-03-12,36.60430
2018-03-13,36.75890
2018-03-14,36.70650
2018-03-15,36.62800
2018-03-16,36.19080
2018-03-19,35.78600
2018-03-20,35.80990
2018-03-21,35.87330
2018-03-22,35.73620
2018-03-23,35.37080
2018-03-26,35.77120
2018-03-27,36.09260
2018-03-28,35.92000
2018-04-02,36.28180
2018-04-03,36.53590
2018-04-04,36.21030
2018-04-05,36.90720
2018-04-06,37.00690
2018-04-09,37.13850
2018-04-10,37.23450
2018-04-11,37.18160
2018-04-12,37.25510
2018-04-13,37.25370
2018-04-16,37.37770
2018-04-17,37.51680
2018-04-18,37.42750
2018-04-19,37.58190
2018-04-20,37.44280
2018-04-23,37.62570
2018-04-24,37.63270
2018-04-25,37.48550
2018-04-26,37.63620
2018-04-27,37.97380
2018-04-30,38.11040
2018-05-02,37.87280
2018-05-03,37.69830
2018-05-04,37.67770
2018-05-07,37.88250
2018-05-08,37.91600
2018-05-09,37.91010
2018-05-10,37.73000
2018-05-11,37.91300
2018-05-14,37.85220
2018-05-15,37.71020
2018-05-16,37.55950
2018-05-17,37.52770
2018-05-18,37.17530
2018-05-21,36.86980
2018-05-22,36.97580
2018-05-23,36.65890
2018-05-24,36.85940
2018-05-25,37.29000
2018-05-28,37.67520
2018-05-29,37.55010
2018-05-30,37.51300
2018-05-31,37.85430
2018-06-01,37.55600
2018-06-04,37.26100
2018-06-05,37.02790
2018-06-06,37.37920
2018-06-07,37.69660
2018-06-08,37.80860
2018-06-11,37.78930
2018-06-12,38.00340
2018-06-13,37.97390
2018-06-14,37.90230
2018-06-15,37.78380
2018-06-18,37.70160
2018-06-19,37.38510
2018-06-20,37.52150
2018-06-21,37.41150
2018-06-22,37.52120
2018-06-25,37.31920
2018-06-26,37.26350
2018-06-27,36.90320
2018-06-28,36.63490
2018-06-29,37.11290
2018-07-02,36.94640
2018-07-03,37.08140
2018-07-04,37.20210
2018-07-05,37.20660
2018-07-06,37.37030
2018-07-09,37.68650
2018-07-10,37.95670
2018-07-11,37.95540
2018-07-12,38.08240
2018-07-13,37.94140
2018-07-16,37.55940
2018-07-17,37.83940
2018-07-18,37.70690
2018-07-19,37.66360
2018-07-20,37.80130
2018-07-23,38.26450
2018-07-24,38.63120
2018-07-25,38.62360
2018-07-26,38.70560
2018-07-27,38.90050
2018-07-30,39.04670
2018-07-31,39.30650
2018-08-01,39.30470
2018-08-02,39.16340
2018-08-03,39.46820
2018-08-06,39.48530
2018-08-07,39.34670
2018-08-08,39.54020
2018-08-09,39.69170
2018-08-10,39.47060
2018-08-13,39.28500
2018-08-14,39.51750
2018-08-16,39.33810
2018-08-17,39.75220
2018-08-20,39.96700
2018-08-21,40.01460
2018-08-23,39.94270
2018-08-24,39.79450
2018-08-27,40.14660
2018-08-28,40.18260
2018-08-29,40.13310
2018-08-30,40.06840
2018-08-31,40.11520
2018-09-03,39.92450
2018-09-04,39.35340
2018-09-05,39.16980
2018-09-06,39.31520
2018-09-07,39.47870
2018-09-10,38.96140
2018-09-11,38.42110
2018-09-12,38.52390
2018-09-14,38.92050
2018-09-17,38.60600
2018-09-18,38.23200
2018-09-19,38.02730
2018-09-21,37.26450
2018-09-24,36.67100
2018-09-25,36.85810
2018-09-26,36.80700
2018-09-27,36.44800
2018-09-28,36.20470
2018-10-01,36.25240
2018-10-03,35.89050
2018-10-04,35.26710
2018-10-05,34.47080
2018-10-08,34.44590
2018-10-09,34.37860
2018-10-10,35.11880
2018-10-11,34.52080
2018-10-12,35.23250
2018-10-15,35.13970
2018-10-16,35.40330
2018-10-17,34.80730
2018-10-19,34.36970
2018-10-22,34.07100
2018-10-23,33.74740
2018-10-24,33.92550
2018-10-25,33.65310
2018-10-26,33.34760
2018-10-29,34.00630
2018-10-30,33.95860
2018-10-31,34.61470
2018-11-01,34.89390
2018-11-02,35.34770
2018-11-05,35.28980
2018-11-06,35.21800
2018-11-09,35.52380
2018-11-12,35.22730
2018-11-13,35.35670
2018-11-14,35.36130
2018-11-15,35.46700
2018-11-16,35.41920
2018-11-19,35.65780
2018-11-20,35.34580
2018-11-21,35.36740
2018-11-22,35.17270
2018-11-26,35.31910
2018-11-27,35.43710
2018-11-28,35.57110
2018-11-29,35.83780
2018-11-30,36.01450
2018-12-03,36.02070
2018-12-04,35.97870
2018-12-05,35.68690
2018-12-06,35.12140
2018-12-07,35.29550
2018-12-10,34.80520
2018-12-11,35.07560
2018-12-12,35.73330
2018-12-13,35.96500
2018-12-14,36.02480
2018-12-17,36.23190
2018-12-18,36.31170
2018-12-19,36.54850
2018-12-20,36.50120
2018-12-21,35.95590
2018-12-24,35.67760
2018-12-26,35.78870
2018-12-27,35.86620
2018-12-28,36.19490
2018-12-31,36.27830
2019-01-01,36.38370
2019-01-02,36.09390
2019-01-03,35.78720
2019-01-04,35.83450
2019-01-07,35.95310
2019-01-08,36.01350
2019-01-09,36.05960
2019-01-10,36.00360
2019-01-11,35.84210
2019-01-14,35.53520
2019-01-15,35.89120
2019-01-16,35.97980
2019-01-17,35.95260
2019-01-18,35.85860
2019-01-21,35.84290
2019-01-22,35.75880
2019-01-23,35.63170
2019-01-24,35.70660
2019-01-25,35.36510
2019-01-28,34.90300
2019-01-29,34.91810
2019-01-30,35.05000
2019-01-31,35.39380
2019-02-01,35.57210
2019-02-04,35.54050
2019-02-05,35.45070
2019-02-06,35.67500
2019-02-07,35.83030
2019-02-08,35.33270
2019-02-11,35.07700
2019-02-12,34.85350
2019-02-13,34.62760
2019-02-14,34.76670
2019-02-15,34.59890
2019-02-18,34.35900
2019-02-19,34.31870
2019-02-20,34.69190
2019-02-21,34.81240
2019-02-22,34.86700
2019-02-25,35.15750
2019-02-26,35.06010
2019-02-27,35.09190
2019-02-28,35.10430
2019-03-01,35.45940
2019-03-05,35.99870
2019-03-06,36.09470
2019-03-07,36.09690
2019-03-08,36.06490
2019-03-11,36.58250
2019-03-12,36.95810
2019-03-13,37.04630
2019-03-14,36.99320
2019-03-15,37.13420
2019-03-18,37.21200
2019-03-19,37.37770
2019-03-20,37.36020
2019-03-22,37.17450
2019-03-25,36.77260
2019-03-26,37.15890
2019-03-27,37.23440
2019-03-28,37.67930
2019-03-29,37.77030
2019-04-01,37.92790
2019-04-02,37.93480
2019-04-03,37.76570
2019-04-04,37.58200
2019-04-05,37.74040
2019-04-08,37.49930
2019-04-09,37.63930
2019-04-10,37.46320
2019-04-11,37.42880
2019-04-12,37.56950
2019-04-15,37.74800
2019-04-16,37.98730
2019-04-18,37.80140
2019-04-22,37.20320
2019-04-23,37.03460
2019-04-24,37.30150
2019-04-25,37.11780
2019-04-26,37.28910
2019-04-30,36.87330
2019-05-02,36.63950
2019-05-03,36.53950
2019-05-06,36.16120
2019-05-07,35.87410
2019-05-08,35.54600
2019-05-09,35.48030
2019-05-10,35.36760
2019-05-13,34.81810
2019-05-14,35.02790
2019-05-15,34.81560
2019-05-16,34.98030
2019-05-17,35.32780
2019-05-20,36.49470
2019-05-21,36.12090
2019-05-22,36.17790
2019-05-23,36.15300
2019-05-24,36.77520
2019-05-27,37.07360
2019-05-28,37.14160
2019-05-29,36.99590
2019-05-30,37.19260
2019-05-31,37.21320
2019-06-03,37.55460
2019-06-04,37.43090
2019-06-06,36.81350
2019-06-07,36.82730
2019-06-10,36.95300
2019-06-11,37.10700
2019-06-12,36.85840
2019-06-13,36.72870
2019-06-14,36.46980
2019-06-17,36.02450
2019-06-18,36.14320
2019-06-19,35.99460
2019-06-20,36.43880
2019-06-21,36.20680
2019-06-24,36.13220
2019-06-25,36.33660
2019-06-26,36.54590
2019-06-27,36.56290
2019-06-28,36.44490
2019-07-01,36.58040
2019-07-02,36.65140
2019-07-03,36.65960
2019-07-04,36.70470
2019-07-05,36.29950
2019-07-08,35.68310
2019-07-09,35.70940
2019-07-10,35.57810
2019-07-11,35.73660
2019-07-12,35.70830
2019-07-15,35.77860
2019-07-16,36.00450
2019-07-17,36.03250
2019-07-18,35.63590
2019-07-19,35.06640
2019-07-22,34.92300
2019-07-23,34.88700
2019-07-24,34.64540
2019-07-25,34.72850
2019-07-26,34.78150
2019-07-29,34.64350
2019-07-30,34.34560
2019-07-31,34.50520
2019-08-01,34.14820
2019-08-02,34.21940
2019-08-05,33.80620
2019-08-06,34.13540
2019-08-07,33.93120
2019-08-08,34.23900
2019-08-09,34.47040
2019-08-13,33.88630
2019-08-14,34.14340
2019-08-16,34.23110
2019-08-19,34.29680
2019-08-20,34.15270
2019-08-21,33.90220
2019-08-22,33.52960
2019-08-23,33.67010
2019-08-26,34.33650
2019-08-27,34.58240
2019-08-28,34.37070
2019-08-29,34.12480
2019-08-30,34.38330
2019-09-03,33.76570
2019-09-04,33.83760
2019-09-05,33.89850
2019-09-06,34.17150
2019-09-09,34.35540
2019-09-11,34.53300
2019-09-12,34.47870
2019-09-13,34.78190
2019-09-16,34.66790
2019-09-17,34.03670
2019-09-18,34.13260
2019-09-19,33.68230
2019-09-20,35.55420
2019-09-23,36.60630
2019-09-24,36.62400
2019-09-25,36.13740
2019-09-26,36.46610
2019-09-27,36.26960
2019-09-30,35.95860
2019-10-01,35.60220
2019-10-03,35.41450
2019-10-04,35.03300
2019-10-07,34.96410
2019-10-09,35.51370
2019-10-10,35.11310
2019-10-11,35.27790
2019-10-14,35.42930
2019-10-15,35.60090
2019-10-16,35.66880
2019-10-17,36.12930
2019-10-18,36.47870
2019-10-22,36.22620
2019-10-23,36.35590
2019-10-24,36.26270
2019-10-25,36.31040
2019-10-29,37.03920
2019-10-30,37.16810
2019-10-31,37.24010
2019-11-01,37.45700
2019-11-04,37.54860
2019-11-05,37.31270
2019-11-06,37.40990
2019-11-07,37.48500
2019-11-08,37.37240
2019-11-11,37.59990
2019-11-13,37.25400
2019-11-14,37.47220
2019-11-15,37.54680
2019-11-18,37.64020
2019-11-19,37.79350
2019-11-20,37.84940
2019-11-21,37.60710
2019-11-22,37.47180
2019-11-25,37.88160
2019-11-26,37.82870
2019-11-27,37.95140
2019-11-28,38.15900
2019-11-29,38.18230
2019-12-02,38.07230
2019-12-03,37.77940
2019-12-04,38.06660
2019-12-05,37.99390
2019-12-06,37.74560
2019-12-09,37.80720
2019-12-10,37.53050
2019-12-11,37.61090
2019-12-12,37.77150
2019-12-13,38.16780
2019-12-16,38.03060
2019-12-17,38.25490
2019-12-18,38.34630
2019-12-19,38.44210
2019-12-20,38.52030
2019-12-23,38.52270
2019-12-24,38.48450
2019-12-26,38.41490
2019-12-27,38.78470
2019-12-30,38.88170
2019-12-31,38.77870
2020-01-01,38.84080
2020-01-02,39.12700
2020-01-03,38.99650
2020-01-06,38.30480
2020-01-07,38.48010
2020-01-08,38.49040
2020-01-09,39.05120
2020-01-10,39.17770
2020-01-13,39.46070
2020-01-14,39.61810
2020-01-15,39.69850
2020-01-16,39.77920
2020-01-17,39.88650
2020-01-20,39.71900
2020-01-21,39.55930
2020-01-22,39.49990
2020-01-23,39.82630
2020-01-24,40.04940
2020-01-27,39.85300
2020-01-28,39.56110
2020-01-29,39.70760
2020-01-30,39.59330
2020-01-31,39.48110
2020-02-03,38.75280
2020-02-04,39.53260
2020-02-05,39.90090
2020-02-06,40.08850
2020-02-07,40.09880
2020-02-10,39.78770
2020-02-11,39.88230
2020-02-12,40.11980
2020-02-13,40.08240
2020-02-14,39.81790
2020-02-17,39.71360
2020-02-18,39.53220
2020-02-19,40.01550
2020-02-20,40.08410
2020-02-24,39.43670
2020-02-25,39.42090
2020-02-26,39.05080
2020-02-27,38.92900
2020-02-28,37.67780
2020-03-02,37.48390
2020-03-03,38.05080
2020-03-04,37.68790
2020-03-05,37.71980
2020-03-06,36.97080
2020-03-09,35.65610
2020-03-11,35.42210
2020-03-12,32.80220
2020-03-13,33.90970
2020-03-16,31.60360
2020-03-17,30.75720
2020-03-18,29.11890
2020-03-19,28.49430
2020-03-20,29.78320
2020-03-23,25.96410
2020-03-24,26.33720
2020-03-25,27.51120
2020-03-26,28.44540
2020-03-27,28.54190
2020-03-30,27.52750
2020-03-31,28.52220
2020-04-01,27.62680
2020-04-03,27.15270
2020-04-07,28.94440
2020-04-08,29.10030
2020-04-09,30.30520
2020-04-13,29.83340
2020-04-15,29.91340
2020-04-16,30.30490
2020-04-17,31.21470
2020-04-20,31.27010
2020-04-21,30.27460
2020-04-22,30.57680
2020-04-23,30.97450
2020-04-24,30.26000
2020-04-27,30.59220
2020-04-28,30.89600
2020-04-29,31.41940
2020-04-30,32.24200
2020-05-04,30.60970
2020-05-05,30.33450
2020-05-06,30.63230
2020-05-07,30.44240
2020-05-08,30.35570
2020-05-11,30.44920
2020-05-12,30.47170
2020-05-13,30.97100
2020-05-14,30.36940
2020-05-15,30.34440
2020-05-18,29.16260
2020-05-19,29.51150
2020-05-20,30.13970
2020-05-21,30.34880
2020-05-22,30.11600
2020-05-26,30.23300
2020-05-27,30.78730
2020-05-28,31.28230
2020-05-29,31.69790
2020-06-01,32.37250
2020-06-02,32.82980
2020-06-03,33.07520
2020-06-04,32.96580
2020-06-05,33.51190
2020-06-08,33.61470
2020-06-09,33.26800
2020-06-10,33.44530
2020-06-11,32.86470
2020-06-12,33.08220
2020-06-15,32.53880
2020-06-16,32.77320
2020-06-17,32.90150
2020-06-18,33.43080
2020-06-19,33.73480
2020-06-22,33.92600
2020-06-23,34.38580
2020-06-24,33.88870
2020-06-25,33.97880
2020-06-26,34.19780
2020-06-29,33.86880
2020-06-30,33.96560
2020-07-01,34.26510
2020-07-02,34.46840
2020-07-03,34.65960
2020-07-06,35.01200
2020-07-07,35.15960
2020-07-08,34.82620
2020-07-09,35.10750
2020-07-10,34.84720
2020-07-13,34.91980
2020-07-14,34.42550
2020-07-15,34.49070
2020-07-16,34.86500
2020-07-17,35.26290
2020-07-20,35.66230
2020-07-21,35.94310
2020-07-22,36.01060
2020-07-23,36.20340
2020-07-24,35.89660
2020-07-27,35.57490
2020-07-28,35.84440
2020-07-29,35.80460
2020-07-30,35.63720
2020-07-31,35.82330
2020-08-03,35.61260
2020-08-04,36.00510
2020-08-05,36.23720
2020-08-06,36.50720
2020-08-07,36.51130
2020-08-10,36.79750
2020-08-11,36.93170
2020-08-12,36.92030
2020-08-13,37.02570
2020-08-14,36.69390
2020-08-17,36.87690
2020-08-18,37.28780
2020-08-19,37.48460
2020-08-20,37.43410
2020-08-21,37.78190
2020-08-24,38.08140
2020-08-25,38.14120
2020-08-26,38.19050
2020-08-27,38.27200
2020-08-28,38.57070
2020-08-31,37.50980
2020-09-01,37.67140
2020-09-02,37.97710
2020-09-03,37.95470
2020-09-04,37.32040
2020-09-07,37.18340
2020-09-08,36.88900
2020-09-09,36.61390
2020-09-10,36.88860
2020-09-11,36.93940
2020-09-14,37.39800
2020-09-15,37.73790
2020-09-16,37.98980
2020-09-17,37.82390
2020-09-18,37.80190
2020-09-21,36.73570
2020-09-22,36.42460
2020-09-23,36.19020
2020-09-24,35.19810
2020-09-25,35.94820
2020-09-28,36.73620
2020-09-29,36.71910
2020-09-30,36.85710
2020-10-01,37.33490
2020-10-05,37.41730
2020-10-06,37.76930
2020-10-07,37.69830
2020-10-08,37.98230
2020-10-09,38.14310
2020-10-12,38.14510
2020-10-13,38.03160
2020-10-14,38.18130
2020-10-15,37.45810
2020-10-16,37.76900
2020-10-19,38.05450
2020-10-20,38.23620
2020-10-21,38.55160
2020-10-22,38.60450
2020-10-23,38.94050
2020-10-26,38.38220
2020-10-27,38.65730
2020-10-28,38.21080
2020-10-29,38.08290
2020-10-30,38.03180
2020-11-02,38.50540
2020-11-03,39.06270
2020-11-04,39.21850
2020-11-05,39.78520
2020-11-06,40.02170
2020-11-09,40.70920
2020-11-10,40.85790
2020-11-11,41.41390
2020-11-12,41.42440
2020-11-13,41.68070
2020-11-17,42.28540
2020-11-18,42.54400
2020-11-19,42.02110
2020-11-20,42.50710
2020-11-23,42.63340
2020-11-24,43.09010
2020-11-25,42.38160
2020-11-26,42.74960
2020-11-27,43.06110
2020-12-01,43.56320
2020-12-02,43.69300
2020-12-03,43.72150
2020-12-04,44.06120
2020-12-07,44.36810
2020-12-08,44.31730
2020-12-09,44.62810
2020-12-10,44.43520
2020-12-11,44.56520
2020-12-14,44.67510
2020-12-15,44.82720
2020-12-16,45.17670
2020-12-17,45.30820
2020-12-18,45.37960
2020-12-21,43.88720
2020-12-22,44.33820
2020-12-23,45.00570
2020-12-24,45.41420
2020-12-28,45.80600
2020-12-29,46.01190
2020-12-30,46.16620
2020-12-31,46.27600
2021-01-01,46.43200
2021-01-04,46.90480
2021-01-05,47.34940
2021-01-06,47.26160
2021-01-07,47.48370
2021-01-08,48.10260
2021-01-11,48.56430
2021-01-12,48.89560
2021-01-13,48.88070
2021-01-14,48.80340
2021-01-15,48.30760
2021-01-18,47.40300
2021-01-19,48.21680
2021-01-20,48.56070
2021-01-21,48.23120
2021-01-22,47.61560
2021-01-25,47.31370
2021-01-27,46.63140
2021-01-28,46.34480
2021-01-29,45.84010
2021-02-01,47.57250
2021-02-02,48.58490
2021-02-03,49.06780
2021-02-04,49.46350
2021-02-05,49.23260
2021-02-08,49.98620
2021-02-09,50.00690
2021-02-10,49.86710
2021-02-11,49.95890
2021-02-12,49.97710
2021-02-15,50.65670
2021-02-16,50.62340
2021-02-17,50.33610
2021-02-18,50.32490
2021-02-19,49.84170
2021-02-22,49.07940
2021-02-23,49.15050
2021-02-24,49.85320
2021-02-25,50.07420
2021-02-26,48.83210
2021-03-01,49.44110
2021-03-02,50.06650
2021-03-03,50.87720
2021-03-04,50.57840
2021-03-05,49.96290
2021-03-08,49.97270
2021-03-09,50.29810
2021-03-10,50.65810
2021-03-12,50.30570
2021-03-15,50.09240
2021-03-16,50.08590
2021-03-17,49.32760
2021-03-18,48.82590
2021-03-19,49.26740
2021-03-22,49.27560
2021-03-23,49.48640
2021-03-24,48.59040
2021-03-25,47.97720
2021-03-26,48.71400
2021-03-30,49.65370
2021-03-31,49.41460
2021-04-01,49.88410
2021-04-05,48.98340
2021-04-06,48.98600
2021-04-07,49.62090
2021-04-08,49.94660
2021-04-09,49.86860
2021-04-12,48.03330
2021-04-13,48.55580
2021-04-15,48.59090
2021-04-16,48.74990
2021-04-19,47.95360
2021-04-20,47.89060
2021-04-22,48.17580
2021-04-23,48.11460
2021-04-26,48.65540
2021-04-27,49.11900
2021-04-28,49.78970
2021-04-29,49.82360
2021-04-30,49.28680
2021-05-03,49.51420
2021-05-04,49.12490
2021-05-05,49.55660
2021-05-06,49.89560
2021-05-07,50.08230
2021-05-10,50.31080
2021-05-11,50.15610
2021-05-12,49.77390
2021-05-14,49.37380
2021-05-17,50.13200
2021-05-18,50.74360
2021-05-19,50.65910
2021-05-20,50.24680
2021-05-21,51.00750
2021-05-24,51.16550
2021-05-25,51.21540
2021-05-26,51.47170
2021-05-27,51.51180
2021-05-28,51.49430
2021-05-31,52.02430
2021-06-01,51.83410
2021-06-02,51.98180
2021-06-03,52.52820
2021-06-04,52.61370
2021-06-07,52.97550
2021-06-08,53.12800
2021-06-09,52.72820
2021-06-10,53.31940
2021-06-11,53.37030
2021-06-14,53.33810
2021-06-15,53.74510
2021-06-16,53.42000
2021-06-17,53.21660
2021-06-18,53.10250
2021-06-21,53.29600
2021-06-22,53.48060
2021-06-23,53.26660
2021-06-24,53.52010
2021-06-25,54.04510
2021-06-28,54.25530
2021-06-29,54.11510
2021-06-30,54.25930
2021-07-01,54.23960
2021-07-02,54.47130
2021-07-05,54.88760
2021-07-06,54.83030
2021-07-07,55.12640
2021-07-08,54.87550
2021-07-09,54.86580
2021-07-12,54.86200
2021-07-13,55.33890
2021-07-14,55.49430
2021-07-15,55.81210
2021-07-16,55.89940
2021-07-19,55.41120
2021-07-20,54.81410
2021-07-22,55.80110
2021-07-23,56.14370
2021-07-26,56.20880
2021-07-27,55.91890
2021-07-28,55.93320
2021-07-29,56.23890
2021-07-30,56.34600
2021-08-02,56.81630
2021-08-03,57.41490
2021-08-04,57.61790
2021-08-05,57.63610
2021-08-06,57.51240
2021-08-09,57.32070
2021-08-10,57.21710
2021-08-11,56.98530
2021-08-12,57.36210
2021-08-13,57.72530
2021-08-16,57.59040
2021-08-17,57.72250
2021-08-18,57.69000
2021-08-20,56.89210
2021-08-23,56.71510
2021-08-24,57.21260
2021-08-25,57.39270
2021-08-26,57.46220
2021-08-27,57.75850
2021-08-30,58.63370
2021-08-31,59.45770
2021-09-01,59.45750
2021-09-02,59.87640
2021-09-03,60.01700
2021-09-06,60.09940
2021-09-07,60.00600
2021-09-08,60.01660
2021-09-09,60.14790
2021-09-13,60.18870
2021-09-14,60.35660
2021-09-15,60.79870
2021-09-16,61.02960
2021-09-17,60.82560
2021-09-20,59.99550
2021-09-21,60.30050
2021-09-22,60.33840
2021-09-23,61.16460
2021-09-24,61.20300
2021-09-27,61.12600
2021-09-28,60.46080
2021-09-29,60.55670
2021-09-30,60.50210
2021-10-01,60.18080
2021-10-04,60.68670
2021-10-05,60.94580
2021-10-06,60.33270
2021-10-07,61.10850
2021-10-08,61.27760
2021-10-11,61.90520
2021-10-12,62.18540
2021-10-13,62.67880
2021-10-14,62.99700
2021-10-18,63.53920
2021-10-19,63.03660
2021-10-20,62.33450
2021-10-21,62.14790
2021-10-22,61.73090
2021-10-25,61.72430
2021-10-26,62.39130
2021-10-27,62.46750
2021-10-28,61.35670
2021-10-29,61.30480
2021-11-01,62.18250
2021-11-02,62.52430
2021-11-03,62.29620
2021-11-08,63.44020
2021-11-09,63.61490
2021-11-10,63.66490
2021-11-11,63.24690
2021-11-12,63.84390
2021-11-15,63.80460
2021-11-16,63.57910
2021-11-17,63.46280
2021-11-18,62.84410
2021-11-22,61.41570
2021-11-23,61.87790
2021-11-24,61.91150
2021-11-25,62.13620
2021-11-26,60.35470
2021-11-29,59.98050
2021-11-30,60.20880
2021-12-01,60.60170
2021-12-02,61.19620
2021-12-03,60.76800
2021-12-06,59.74450
2021-12-07,60.71090
2021-12-08,61.66410
2021-12-09,61.82130
2021-12-10,61.81390
2021-12-13,61.60580
2021-12-14,61.53140
2021-12-15,61.17730
2021-12-16,60.87100
2021-12-17,60.02330
2021-12-20,58.52610
2021-12-21,59.11710
2021-12-22,59.92880
2021-12-23,60.41260
2021-12-24,60.12000
2021-12-27,60.31050
2021-12-28,60.85760
2021-12-29,60.90850
2021-12-30,60.74450
2021-12-31,61.44700
2022-01-03,62.24710
2022-01-04,62.60510
2022-01-05,62.81120
2022-01-06,62.57770
2022-01-07,62.76090
2022-01-10,63.28050
2022-01-11,63.29730
2022-01-12,63.90150
2022-01-13,64.09150
2022-01-14,64.13610
2022-01-17,64.37500
2022-01-18,63.61570
2022-01-19,63.18410
2022-01-20,62.87750
2022-01-21,61.94420
2022-01-24,59.97440
2022-01-25,60.62540
2022-01-27,59.81680
2022-01-28,59.94230
2022-01-31,60.87660
2022-02-01,61.54970
2022-02-02,62.18420
2022-02-03,61.62210
2022-02-04,61.57250
2022-02-07,60.47050
2022-02-08,60.34900
2022-02-09,61.00070
2022-02-10,61.12520
2022-02-11,60.04620
2022-02-14,57.96840
2022-02-15,59.47510
2022-02-16,59.46490
2022-02-17,59.10900
2022-02-18,58.78260
2022-02-21,58.49550
2022-02-22,58.02950
2022-02-23,58.26960
2022-02-24,55.65540
2022-02-25,57.19140
2022-02-28,57.37600
2022-03-02,56.72750
2022-03-03,56.33960
2022-03-04,55.50160
2022-03-07,54.28660
2022-03-08,54.89770
2022-03-09,55.85850
2022-03-10,56.52010
2022-03-11,56.63410
2022-03-14,57.09830
2022-03-15,56.60350
2022-03-16,57.57000
2022-03-17,58.25460
2022-03-21,57.78720
2022-03-22,58.07100
2022-03-23,57.99060
2022-03-24,57.95980
2022-03-25,57.57160
2022-03-28,57.64260
2022-03-29,58.02360
2022-03-30,58.54360
2022-03-31,58.58790
2022-04-01,59.13510
2022-04-04,60.15120
2022-04-05,60.37640
2022-04-06,60.05330
2022-04-07,59.81420
2022-04-08,60.21610
2022-04-11,60.19500
2022-04-12,59.56930
2022-04-13,59.48920
2022-04-18,58.63750
2022-04-19,57.75700
2022-04-20,58.03790
2022-04-21,58.60380
2022-04-22,58.00550
2022-04-25,57.23790
2022-04-26,57.89610
2022-04-27,57.28840
2022-04-28,57.87980
2022-04-29,57.24440
2022-05-02,57.07770
2022-05-04,55.79340
2022-05-05,55.88180
2022-05-06,54.65290
2022-05-09,54.09680
2022-05-10,53.65300
2022-05-11,53.39920
2022-05-12,52.44650
2022-05-13,52.46670
2022-05-16,52.82290
2022-05-17,53.93230
2022-05-18,53.89410
2022-05-19,52.55860
2022-05-20,53.56120
2022-05-23,53.50560
2022-05-24,53.09500
2022-05-25,52.42410
2022-05-26,53.09240
2022-05-27,53.76610
2022-05-30,54.86160
2022-05-31,54.97160
2022-06-01,54.82220
2022-06-02,54.90730
2022-06-03,54.38590
2022-06-06,54.16310
2022-06-07,53.56440
2022-06-08,53.29140
2022-06-09,53.61710
2022-06-10,53.07380
2022-06-13,51.71840
2022-06-14,51.67970
2022-06-15,51.76440
2022-06-16,50.78000
2022-06-17,50.42320
2022-06-20,50.44740
2022-06-21,51.40780
2022-06-22,50.89190
2022-06-23,51.65490
2022-06-24,52.18600
2022-06-27,52.74610
2022-06-28,52.83410
2022-06-29,52.49720
2022-06-30,52.36120
2022-07-01,52.76670
2022-07-04,53.21510
2022-07-05,53.17480
2022-07-06,54.05180
2022-07-07,54.59650
2022-07-08,54.79390
2022-07-11,54.97860
2022-07-12,54.38550
2022-07-13,54.37140
2022-07-14,54.14570
2022-07-15,54.44160
2022-07-18,55.19360
2022-07-19,55.62660
2022-07-20,55.88630
2022-07-21,56.41480
2022-07-22,56.65490
2022-07-25,56.42590
2022-07-26,55.76470
2022-07-27,56.22150
2022-07-28,56.97200
2022-07-29,57.44890
2022-08-01,58.21910
2022-08-02,58.35520
2022-08-03,58.36210
2022-08-04,58.35130
2022-08-05,58.46170
2022-08-08,58.73410
2022-08-10,58.70210
2022-08-11,59.25010
2022-08-12,59.46140
2022-08-16,59.86040
2022-08-17,60.31250
2022-08-18,60.31010
2022-08-19,59.74370
2022-08-22,58.74690
2022-08-23,58.95540
2022-08-24,59.24620
2022-08-25,59.24300
2022-08-26,59.38460
2022-08-29,58.75480
2022-08-30,60.08600
2022-09-01,59.88210
2022-09-02,59.83620
2022-09-05,60.07730
2022-09-06,60.07440
2022-09-07,60.20510
2022-09-08,60.67040
2022-09-09,60.97010
2022-09-12,61.51210
2022-09-13,61.81030
2022-09-14,61.52630
2022-09-15,61.24840
2022-09-16,59.81230
2022-09-19,59.78270
2022-09-20,60.63850
2022-09-21,60.31230
2022-09-22,60.28230
2022-09-23,59.24100
2022-09-26,58.01300
2022-09-27,57.97640
2022-09-28,57.82330
2022-09-29,57.95670
2022-09-30,58.90970
2022-10-03,58.15000
2022-10-04,59.19270
2022-10-06,59.52870
2022-10-07,59.34210
2022-10-10,59.11590
2022-10-11,58.19830
2022-10-12,58.49920
2022-10-13,58.11040
2022-10-14,58.46370
2022-10-17,58.69090
2022-10-18,59.33800
2022-10-19,59.24530
2022-10-20,59.29860
2022-10-21,59.38480
2022-10-25,59.90170
2022-10-27,60.04180
2022-10-28,59.69350
2022-10-31,60.44060
2022-11-01,60.84120
2022-11-02,60.61090
2022-11-03,60.55280
2022-11-04,60.42120
2022-11-07,60.56330
2022-11-09,60.09240
2022-11-10,59.58430
2022-11-11,60.33710
2022-11-14,60.33890
2022-11-15,60.51790
2022-11-16,60.33580
2022-11-17,59.99110
2022-11-18,59.81930
2022-11-21,59.49860
2022-11-22,59.50750
2022-11-23,59.70160
2022-11-24,60.20480
2022-11-25,60.29450
2022-11-28,60.42750
2022-11-29,60.54440
2022-11-30,60.96350
2022-12-01,61.20620
2022-12-02,61.23040
2022-12-05,61.21460
2022-12-06,60.78830
2022-12-07,60.60630
2022-12-08,60.88940
2022-12-09,60.64250
2022-12-12,60.53950
2022-12-13,60.73000
2022-12-14,61.04200
2022-12-15,60.28790
2022-12-16,59.79890
2022-12-19,60.19510
2022-12-20,60.07100
2022-12-21,59.34140
2022-12-22,59.01290
2022-12-23,57.74750
2022-12-26,58.60770
2022-12-27,59.03070
2022-12-28,58.90990
2022-12-29,59.15400
2022-12-30,58.98510
2023-01-02,59.24470
2023-01-03,59.41010
2023-01-04,58.85010
2023-01-05,58.69320
2023-01-06,58.11010
2023-01-09,58.59030
2023-01-10,58.06660
2023-01-11,57.99200
2023-01-12,57.98830
2023-01-13,58.21120
2023-01-16,57.86080
2023-01-17,57.95280
2023-01-18,58.20970
2023-01-19,58.02230
2023-01-20,57.74960
2023-01-23,57.97580
2023-01-24,58.09980
2023-01-25,57.35700
2023-01-27,56.59820
2023-01-30,56.81670
2023-01-31,57.11360
2023-02-01,57.09700
2023-02-02,57.29320
2023-02-03,57.52030
2023-02-06,57.50890
2023-02-07,57.45640
2023-02-08,57.86250
2023-02-09,57.92290
2023-02-10,58.01590
2023-02-13,57.56290
2023-02-14,57.62840
2023-02-15,57.92360
2023-02-16,58.10980
2023-02-17,57.71530
2023-02-20,57.60570
2023-02-21,57.48620
2023-02-22,56.86480
2023-02-23,56.74790
2023-02-24,56.69800
2023-02-27,56.39830
2023-02-28,56.36160
2023-03-01,56.76090
2023-03-02,56.38960
2023-03-03,56.79900
2023-03-06,57.13240
2023-03-08,57.09670
2023-03-09,56.76830
2023-03-10,56.32450
2023-03-13,55.48830
2023-03-14,55.19100
2023-03-15,54.85940
2023-03-16,54.85340
2023-03-17,55.25930
2023-03-20,54.90880
2023-03-21,55.25840
2023-03-22,55.37180
2023-03-23,55.19030
2023-03-24,54.79130
2023-03-27,54.57310
2023-03-28,54.32480
2023-03-29,54.78590
2023-03-31,55.60840
2023-04-03,55.92730
2023-04-05,56.24310
2023-04-06,56.43250
2023-04-10,56.44870
2023-04-11,56.50170
2023-04-12,56.79870
2023-04-13,56.82790
2023-04-17,56.49790
2023-04-18,56.60580
2023-04-19,56.46240
2023-04-20,56.50790
2023-04-21,56.29990
2023-04-24,56.51630
2023-04-25,56.54030
2023-04-26,56.71360
2023-04-27,57.04270
2023-04-28,57.44480
2023-05-02,57.83070
2023-05-03,57.74820
2023-05-04,58.16090
2023-05-05,57.68530
2023-05-08,58.34270
2023-05-09,58.46110
2023-05-10,58.66580
2023-05-11,58.85480
2023-05-12,58.94800
2023-05-15,59.11900
2023-05-16,59.10690
2023-05-17,58.95960
2023-05-18,58.79260
2023-05-19,58.91310
2023-05-22,59.00250
2023-05-23,59.07560
2023-05-24,59.02560
2023-05-25,59.26790
2023-05-26,59.81140
2023-05-29,60.11810
2023-05-30,60.22730
2023-05-31,60.21740
2023-06-01,60.28200
2023-06-02,60.47230
2023-06-05,60.66900
2023-06-06,60.81370
2023-06-07,61.43010
2023-06-08,61.00320
2023-06-09,60.80660
2023-06-12,61.07890
2023-06-13,61.50550
2023-06-14,61.53600
2023-06-15,61.55730
2023-06-16,62.07200
2023-06-19,61.86480
2023-06-20,62.15430
2023-06-21,62.21610
2023-06-22,61.78640
2023-06-23,61.30370
2023-06-26,61.61340
2023-06-27,62.08560
2023-06-28,62.44840
2023-06-30,63.01460
2023-07-03,63.17370
2023-07-04,63.15490
2023-07-05,63.21100
2023-07-06,63.36580
2023-07-07,62.99870
2023-07-10,62.80730
2023-07-11,63.07260
2023-07-12,63.01060
2023-07-13,63.19810
2023-07-14,63.88520
2023-07-17,64.13050
2023-07-18,63.92360
2023-07-19,64.07420
2023-07-20,64.33230
2023-07-21,63.88820
2023-07-24,63.85250
2023-07-25,63.90370
2023-07-26,63.94770
2023-07-27,63.90070
2023-07-28,63.95700
2023-07-31,64.42620
2023-08-01,64.53370
2023-08-02,63.85860
2023-08-03,63.56280
2023-08-04,64.29570
2023-08-07,64.48750
2023-08-08,64.53460
2023-08-09,64.66040
2023-08-10,64.41120
2023-08-11,63.93900
2023-08-14,63.87690
2023-08-16,63.77490
2023-08-17,63.56990
2023-08-18,63.41870
2023-08-21,63.79450
2023-08-22,63.91380
2023-08-23,64.27960
2023-08-24,64.40850
2023-08-25,64.04730
2023-08-28,64.30610
2023-08-29,64.45260
2023-08-30,64.76320
2023-08-31,64.73540
2023-09-01,65.51910
2023-09-04,65.75290
2023-09-05,65.91830
2023-09-06,66.04890
2023-09-07,66.40190
2023-09-08,66.83100
2023-09-11,67.32700
2023-09-12,66.57780
2023-09-13,66.70880
2023-09-14,67.11900
2023-09-15,67.47810
2023-09-18,67.15740
2023-09-20,66.58110
2023-09-21,65.99090
2023-09-22,65.74630
2023-09-25,65.63140
2023-09-26,65.70280
2023-09-27,65.92420
2023-09-29,65.83950
2023-10-03,65.83780
2023-10-04,65.39820
2023-10-05,65.55910
2023-10-06,65.82990
2023-10-09,65.35850
2023-10-10,65.97850
2023-10-11,66.26890
2023-10-12,66.25960
2023-10-13,66.26280
2023-10-16,66.12170
2023-10-17,66.44340
2023-10-18,66.07230
2023-10-19,65.97510
2023-10-20,65.74210
2023-10-23,64.73380
2023-10-25,64.19650
2023-10-26,63.36480
2023-10-27,64.19460
2023-10-30,64.16130
2023-10-31,64.04310
2023-11-01,63.90840
2023-11-02,64.57520
2023-11-03,65.07950
2023-11-06,65.76230
2023-11-07,65.85750
2023-11-08,65.97850
2023-11-09,65.72070
2023-11-10,65.78780
2023-11-13,65.81600
2023-11-15,66.66550
2023-11-16,66.98360
2023-11-17,67.11910
2023-11-20,67.16610
2023-11-21,67.41880
2023-11-22,67.56770
2023-11-23,67.42960
2023-11-24,67.54880
2023-11-28,67.69440
2023-11-29,68.28440
2023-11-30,68.70800
2023-12-01,69.01500
2023-12-04,70.14150
2023-12-05,70.38110
2023-12-06,70.40280
2023-12-07,70.37190
2023-12-08,70.42380
2023-12-11,70.65120
2023-12-12,70.35330
2023-12-13,70.41620
2023-12-14,71.30810
2023-12-15,71.68330
2023-12-18,71.60770
2023-12-19,71.63700
2023-12-20,70.43230
2023-12-21,70.89800
2023-12-22,71.43280
2023-12-26,71.71260
2023-12-27,72.23740
2023-12-28,72.62330
2023-12-29,72.96530
2024-01-01,72.99830
2024-01-02,72.67970
2024-01-03,72.32090
2024-01-04,73.16430
2024-01-05,73.46200
2024-01-08,72.70710
2024-01-09,72.84970
2024-01-10,72.87070
2024-01-11,73.05910
2024-01-12,73.53430
2024-01-15,74.00290
2024-01-16,73.75280
2024-01-17,72.63910
2024-01-18,72.20310
2024-01-19,72.79420
2024-01-23,71.32490
2024-01-24,72.10270
2024-01-25,71.60400
2024-01-29,72.15190
2024-01-30,71.65080
2024-01-31,72.57740
2024-02-01,72.53560
2024-02-02,72.78870
2024-02-05,72.54400
2024-02-06,73.18800
2024-02-07,73.21380
2024-02-08,72.51830
2024-02-09,72.33290
2024-02-12,71.33540
2024-02-13,71.38660
2024-02-14,71.41640
2024-02-15,71.80140
2024-02-16,72.23050
2024-02-19,72.58650
2024-02-20,72.67940
2024-02-21,72.28980
2024-02-22,72.71700
2024-02-23,72.81930
2024-02-26,72.44940
2024-02-27,72.61680
2024-02-28,71.89300
2024-02-29,72.13350
2024-03-01,72.83780
2024-03-04,72.86540
2024-03-05,72.62900
2024-03-06,72.58120
2024-03-07,72.91620
2024-03-11,72.52340
2024-03-12,72.37240
2024-03-13,71.00610
2024-03-14,71.76830
2024-03-15,71.60090
2024-03-18,71.50230
2024-03-19,70.82020
2024-03-20,70.84410
2024-03-21,71.75860
2024-03-22,71.99420
2024-03-26,72.07400
2024-03-27,72.40860
2024-03-28,73.01630
2024-03-31,73.00390
2024-04-01,73.52970
2024-04-02,73.73510
2024-04-03,73.90730
2024-04-04,74.14120
2024-04-05,74.29250
2024-04-08,74.89380
2024-04-09,74.96000
2024-04-10,75.20840
2024-04-12,74.74410
2024-04-15,73.88380
2024-04-16,73.42690
2024-04-18,73.12940
2024-04-19,73.46710
2024-04-22,74.14040
2024-04-23,74.62800
2024-04-24,75.04510
2024-04-25,75.34740
2024-04-26,75.21770
2024-04-29,75.78790
2024-04-30,76.03290
2024-05-02,76.23180
2024-05-03,75.72660
2024-05-06,75.78230
2024-05-07,75.22300
2024-05-08,75.33910
2024-05-09,74.27190
2024-05-10,74.86940
2024-05-13,75.14660
2024-05-14,75.23940
2024-05-15,75.29110
2024-05-16,76.13360
2024-05-17,76.84360
2024-05-21,76.86220
2024-05-22,77.14340
2024-05-23,78.05470
2024-05-24,78.23880
2024-05-27,78.24600
2024-05-28,77.92640
2024-05-29,77.39590
2024-05-30,76.50800
2024-05-31,76.62680
2024-06-03,78.60420
2024-06-04,75.11880
2024-06-05,78.05140
2024-06-06,78.77780
2024-06-07,80.18220
2024-06-10,80.47750
2024-06-11,80.64470
2024-06-12,81.00050
2024-06-13,81.47080
2024-06-14,81.95420
2024-06-18,82.81130
2024-06-19,82.48750
2024-06-20,82.55900
2024-06-21,82.25460
2024-06-24,82.64540
2024-06-25,82.94040
2024-06-26,83.35510
2024-06-27,83.77470
2024-06-28,83.45860
2024-07-01,84.06680
2024-07-02,83.72370
2024-07-03,84.36270
2024-07-04,84.46340
2024-07-05,84.52830
2024-07-08,84.74510
2024-07-09,85.17820
2024-07-10,85.14200
2024-07-11,84.95590
2024-07-12,85.29700
2024-07-15,85.38060
2024-07-16,85.54930
2024-07-18,85.77420
2024-07-19,84.61540
2024-07-22,85.00110
2024-07-23,84.84160
2024-07-24,84.85710
2024-07-25,84.74000
2024-07-26,85.81020
2024-07-29,86.12260
2024-07-30,86.44730
2024-07-31,86.83320
2024-08-01,86.87590
2024-08-02,85.91440
2024-08-05,83.73710
2024-08-06,83.50860
2024-08-07,84.66900
2024-08-08,84.17850
2024-08-09,84.75630
2024-08-12,84.98530
2024-08-13,84.27490
2024-08-14,84.04530
2024-08-16,85.59350
2024-08-19,85.56420
2024-08-20,86.00040
2024-08-21,86.44290
2024-08-22,86.91470
2024-08-23,86.61650
2024-08-26,87.21930
2024-08-27,87.54170
2024-08-28,87.95960
2024-08-29,88.05070
2024-08-30,88.43940
2024-09-02,88.70650
2024-09-03,88.69480
2024-09-04,88.69120
2024-09-05,88.83750
2024-09-06,88.02730
2024-09-09,88.13900
2024-09-10,88.72720
2024-09-11,88.38880
2024-09-12,89.40150
2024-09-13,89.42080
2024-09-16,89.35010
2024-09-17,89.47870
2024-09-18,89.26260
2024-09-19,89.67630
2024-09-20,90.67510
2024-09-23,91.03360
2024-09-24,91.17790
2024-09-25,91.07230
2024-09-26,91.33810
2024-09-27,91.19880
2024-09-30,90.37910
2024-10-01,90.42640
2024-10-03,88.79180
2024-10-04,87.90920
2024-10-07,86.85280
2024-10-08,87.78600
2024-10-09,88.44620
2024-10-10,88.21380
2024-10-11,88.14310
2024-10-14,88.27120
2024-10-15,88.46090
2024-10-16,88.22970
2024-10-17,87.15940
2024-10-18,87.20650
2024-10-21,86.44160
2024-10-22,85.33890
2024-10-23,85.63150
2024-10-24,85.44130
2024-10-25,84.44150
2024-10-28,84.42130
2024-10-29,84.67800
2024-10-30,84.40610
2024-10-31,83.96530
2024-11-04,83.30590
2024-11-05,84.01340
2024-11-06,85.10630
2024-11-07,84.34690
2024-11-08,83.86050
2024-11-11,83.68550
2024-11-12,82.77040
2024-11-13,81.54620
2024-11-14,81.46470
2024-11-18,81.06400
2024-11-19,81.42960
2024-11-21,81.02140
2024-11-22,82.52670
2024-11-25,83.42670
2024-11-26,83.77800
2024-11-27,84.27470
2024-11-28,83.54670
2024-11-29,84.04640
2024-12-02,84.57460
2024-12-03,85.14740
2024-12-04,85.50260
2024-12-05,86.09980
2024-12-06,86.11720
2024-12-09,85.89120
2024-12-10,86.12990
2024-12-11,86.27720
2024-12-12,85.93840
2024-12-13,86.29160
2024-12-16,86.39840
2024-12-17,85.40280
2024-12-18,84.88580
2024-12-19,84.26220
2024-12-20,82.87970
2024-12-23,83.06390
2024-12-24,83.01650
2024-12-26,83.09240
2024-12-27,83.32900
2024-12-30,82.86760
2024-12-31,82.79880
2025-01-01,83.08910
2025-01-02,84.42370
2025-01-03,84.08230
2025-01-06,82.81010
2025-01-07,82.96080
2025-01-08,82.59120
2025-01-09,82.04320
2025-01-10,81.21420
2025-01-13,78.96900
2025-01-14,79.64920
2025-01-15,79.93360
2025-01-16,80.43270
2025-01-17,80.04440
2025-01-20,80.16990
2025-01-21,78.79150
2025-01-22,78.60080
2025-01-23,79.50500
2025-01-24,78.73780
2025-01-27,77.22800
2025-01-28,77.64150
2025-01-29,78.71730
2025-01-30,78.77440
2025-01-31,79.47990
2025-02-03,80.01410
2025-02-04,80.61990
2025-02-05,80.69530
2025-02-06,80.10720
2025-02-07,80.11860
2025-02-10,79.14420
2025-02-11,77.83260
2025-02-12,77.59980
2025-02-13,77.71230
2025-02-14,76.99780
2025-02-17,76.88750
2025-02-18,76.98280
2025-02-19,77.27230
2025-02-20,77.40130
2025-02-21,76.91570
2025-02-24,76.00080
2025-02-25,76.04260
2025-02-27,75.65480
2025-02-28,73.95040
2025-03-03,74.23770
2025-03-04,74.08110
2025-03-05,75.11510
2025-03-06,75.66450
2025-03-07,75.54900
2025-03-10,75.16590
2025-03-11,75.22210
2025-03-12,74.96890
2025-03-13,74.68080
2025-03-17,75.16950
2025-03-18,76.34860
2025-03-19,76.79090
2025-03-20,77.39110
2025-03-21,77.99660
2025-03-24,78.80050
2025-03-25,78.81110
2025-03-26,78.22910
2025-03-27,78.64910
2025-03-28,78.48320
2025-03-31,78.47020
2025-04-01,77.44530
2025-04-02,78.26790
2025-04-03,78.00600
2025-04-04,76.78050
2025-04-07,74.50480
2025-04-08,75.79540
2025-04-09,75.46720
2025-04-11,76.66750
2025-04-15,78.49660
2025-04-16,78.98540
2025-04-17,79.89460
2025-04-21,80.80270
2025-04-22,81.01100
2025-04-23,81.45800
2025-04-24,81.09050
2025-04-25,80.08600
2025-04-28,80.80040
2025-04-29,80.95820
2025-04-30,80.89120
2025-05-02,80.59280
2025-05-05,81.29280
2025-05-06,80.70930
2025-05-07,81.19780
2025-05-08,80.49780
2025-05-09,79.71820
2025-05-12,82.56610
2025-05-13,82.06660
2025-05-14,82.56840
2025-05-15,83.48340
2025-05-16,83.77940
2025-05-19,83.82960
2025-05-20,82.74610
2025-05-21,83.46980
2025-05-22,83.00450
2025-05-23,83.65150
2025-05-26,84.04360
2025-05-27,83.70470
2025-05-28,83.54150
2025-05-29,83.72290
2025-05-30,83.36160
2025-06-02,83.33340
2025-06-03,82.84820
2025-06-04,83.37790
2025-06-05,83.71960
2025-06-06,84.67600
2025-06-09,85.04450
2025-06-10,84.96130
2025-06-11,85.04220
2025-06-12,84.12040
2025-06-13,83.75500
2025-06-16,84.56360
2025-06-17,84.13140
2025-06-18,84.13340
2025-06-19,83.62410
2025-06-20,84.63810
2025-06-23,84.50920
2025-06-24,84.69480
2025-06-25,85.53330
2025-06-26,86.33840
2025-06-27,86.51990
2025-06-30,86.28820
2025-07-01,86.22210
2025-07-02,86.00500
2025-07-03,86.03540
2025-07-04,86.23600
2025-07-07,86.03540
2025-07-08,86.10880
2025-07-09,86.08090
2025-07-10,85.66340
2025-07-11,84.99950
2025-07-14,84.88190
2025-07-15,85.39610
2025-07-16,85.46350
2025-07-17,85.27340
2025-07-18,84.78970
2025-07-21,85.24040
2025-07-22,85.27770
2025-07-23,85.56650
2025-07-24,84.97320
2025-07-25,84.09630
2025-07-28,83.72910
2025-07-29,84.10980
2025-07-30,84.33740
2025-07-31,83.97780
2025-08-01,83.03030
2025-08-04,83.47910
2025-08-05,83.13680
2025-08-06,82.65130
2025-08-07,82.93460
2025-08-08,82.12340
2025-08-11,82.57670
2025-08-12,82.38110
2025-08-13,82.76010
2025-08-14,82.79560
2025-08-18,83.98290
2025-08-19,84.54930
2025-08-20,84.94320
2025-08-21,85.00820
2025-08-22,84.48220
2025-08-25,84.80170
2025-08-26,83.94020
2025-08-28,83.18220
2025-08-29,82.89280
2025-09-01,83.83120
2025-09-02,83.88370
2025-09-03,84.10840
2025-09-04,84.26300
2025-09-05,84.28060
2025-09-08,84.33300
2025-09-09,84.74210
2025-09-10,85.08810
2025-09-11,85.04190
2025-09-12,85.34990
2025-09-15,85.31990
2025-09-16,85.89090
2025-09-17,86.05500
2025-09-18,86.33630
2025-09-19,86.21520
2025-09-22,85.70520
2025-09-23,85.46880
2025-09-24,85.07450
2025-09-25,84.52640
2025-09-26,83.43900
2025-09-30,83.46250
2025-10-01,83.78200
2025-10-03,84.06790
2025-10-06,84.62340
2025-10-07,84.78730
2025-10-08,84.61240
2025-10-09,84.87470
2025-10-10,85.11180
2025-10-13,84.89550
2025-10-14,84.43290
2025-10-15,85.27740
2025-10-16,86.01420
2025-10-17,86.05820
2025-10-20,86.19760
2025-10-23,86.39500
2025-10-24,86.10930
2025-10-27,86.71300
2025-10-28,86.53180
2025-10-29,86.89860
2025-10-30,86.46470
2025-10-31,85.81610
2025-11-03,86.06300
2025-11-04,85.70070
2025-11-06,85.16320
2025-11-07,85.05590
2025-11-10,85.34970
2025-11-11,85.47970
2025-11-12,85.93870
2025-11-13,85.78510
2025-11-14,85.77740
2025-11-17,86.09280
2025-11-18,85.66240
2025-11-19,86.03490
2025-11-20,86.41320
2025-11-21,85.76790
2025-11-24,85.63720
2025-11-25,85.54830
2025-11-26,86.51180
2025-11-27,86.49750
2025-11-28,86.29740
2025-12-01,86.26410
2025-12-02,86.00800
2025-12-03,85.76440
2025-12-04,86.04460
2025-12-05,86.36020
2025-12-08,85.56560
2025-12-09,85.30940
2025-12-10,85.01100
2025-12-11,85.37250
2025-12-12,85.95060
2025-12-15,85.89190
2025-12-16,85.29560
2025-12-17,85.01870
2025-12-18,84.99680
2025-12-19,85.56450
2025-12-22,86.07450
2025-12-23,86.01770
2025-12-24,85.87150
2025-12-26,85.46930
2025-12-29,85.31520
2025-12-30,85.25080
2025-12-31,85.81070
2026-01-01,86.06170
2026-01-02,86.66590
2026-01-05,86.57080
2026-01-06,86.59070
2026-01-07,86.46180
2026-01-08,85.49360
2026-01-09,84.82440
2026-01-12,84.86500
2026-01-13,84.77610
2026-01-14,84.52040
2026-01-16,84.70860
2026-01-19,84.44600
2026-01-20,83.05480
2026-01-21,82.67960
2026-01-22,83.03680
2026-01-23,81.98550
2026-01-27,82.29030
2026-01-28,82.69290
2026-01-29,82.79350
2026-01-30,82.62810
2026-02-02,82.08660
2026-02-03,83.91540
2026-02-04,83.90200
2026-02-05,83.75170
2026-02-06,83.82700
2026-02-09,84.42580
2026-02-10,84.70770
2026-02-11,84.87450
2026-02-12,84.35350
2026-02-13,83.54780
2026-02-16,84.06410
2026-02-17,84.21330
2026-02-18,84.43930
2026-02-19,83.35590
2026-02-20,83.59070
2026-02-23,84.00630
2026-02-24,83.09610
2026-02-25,83.42800
2026-02-26,83.44360
2026-02-27,82.56280
2026-03-02,81.52250
2026-03-04,80.26140
2026-03-05,80.90020
2026-03-06,80.04960
2026-03-09,78.72300
2026-03-10,79.33140
2026-03-11,78.28960
2026-03-12,77.57330
2026-03-13,76.15550
2026-03-16,76.55770
2026-03-17,77.14700
2026-03-18,77.96070
2026-03-19,75.59740
2026-03-20,75.77230
2026-03-23,73.73070
2026-03-24,75.12140
2026-03-25,76.49070
2026-03-27,74.96150
2026-03-30,73.28570
2026-03-31,73.28190
2026-04-01,74.45520
2026-04-02,74.66560
2026-04-06,75.57350
2026-04-07,75.89020
2026-04-08,78.58480
2026-04-09,78.12710
2026-04-10,79.15960
2026-04-13,78.50280
2026-04-15,79.91220
2026-04-16,79.97720
2026-04-17,80.58640
2026-04-20,80.51690
2026-04-21,81.17710
2026-04-22,80.92570
2026-04-23,80.12030
2026-04-24,79.23700
2026-04-27,79.78580
2026-04-28,79.46300
2026-04-29,79.84600
2026-04-30,79.31690
2026-05-04,79.76970
2026-05-05,79.39480
2026-05-06,80.59640
2026-05-07,80.82890
2026-05-08,80.51650
2026-05-11,79.64040
2026-05-12,78.17000
2026-05-13,78.22010
2026-05-14,78.99570
2026-05-15,78.92150
2026-05-18,78.86170
2026-05-19,79.03520
2026-05-20,78.91080
2026-05-21,78.81850
2026-05-22,79.06580
2026-05-25,79.95030
2026-05-26,79.63000
2026-05-27,79.63420
2026-05-29,78.57710
2026-06-01,78.07920
2026-06-02,78.37300
2026-06-03,78.04000
2026-06-04,78.10800
2026-06-05,78.03140
2026-06-08,77.27370
2026-06-09,77.86810
2026-06-10,77.75180
2026-06-11,77.43060
2026-06-12,78.81080
2026-06-15,79.62170
2026-06-16,80.15360
2026-06-17,80.55470
2026-06-18,80.74690
2026-06-19,80.48510
2026-06-22,80.83330
2026-06-23,80.11120
2026-06-24,80.73060
2026-06-25,80.56360
2026-06-29,80.17860
2026-06-30,80.09380
2026-07-01,80.48890
2026-07-02,81.08710
2026-07-03,81.35070
2026-07-06,81.85750
2026-07-07,81.93800
2026-07-08,80.31240
2026-07-09,80.74080
2026-07-10,81.58380
2026-07-13,81.61470
2026-07-14,81.20340
2026-07-15,81.41710
2026-07-16,81.22630
2026-07-17,81.70690
2026-07-20,81.39980
2026-07-21,81.30950
2026-07-22,80.60960
2026-07-23,80.15330
2026-07-24,80.03540
2026-07-27,80.91650
2026-07-28,81.05850
2026-07-29,81.87700
2026-07-30,81.97530
2026-07-31,82.20260
2026-08-03,83.54980
2026-08-04,83.04990
2026-08-05,83.15690
2026-08-06,83.15560
2026-08-07,82.74350
2026-08-10,83.02630
2026-08-11,82.74630
2026-08-12,82.53050
2026-08-13,82.56850
2026-08-14,82.49490
2026-08-17,82.37250
2026-08-18,81.95470
2026-08-19,81.71070
2026-08-20,82.18120
2026-08-21,82.17640
2026-08-24,81.96370
2026-08-25,82.23590
2026-08-26,81.92650
2026-08-27,81.66650
2026-08-28,81.84810
2026-08-31,81.63190
2026-09-01,81.20920
2026-09-02,80.77210
2026-09-03,80.81700
2026-09-04,80.73180
2026-09-07,80.28100
2026-09-08,79.94890
