Date,NAV
2006-04-02,23.68000
2006-04-03,23.68000
2006-04-04,23.80000
2006-04-05,24.20000
2006-04-07,23.92000
2006-04-10,24.11000
2006-04-12,23.80000
2006-04-13,23.35000
2006-04-17,23.79000
2006-04-18,24.07000
2006-04-19,24.17000
2006-04-20,24.34000
2006-04-21,24.29000
2006-04-24,24.60000
2006-04-25,24.50000
2006-04-26,24.90000
2006-04-27,25.10000
2006-04-28,24.94000
2006-05-02,25.75000
2006-05-03,25.73000
2006-05-04,25.65000
2006-05-05,25.67000
2006-05-08,25.80000
2006-05-09,25.92000
2006-05-10,26.17000
2006-05-11,26.04000
2006-05-12,25.90000
2006-05-15,25.04000
2006-05-16,24.85000
2006-05-17,25.58000
2006-05-18,23.93000
2006-05-19,20.08000
2006-05-22,18.94000
2006-05-23,19.43000
2006-05-24,19.22000
2006-05-25,19.21000
2006-05-26,19.59000
2006-05-29,19.66000
2006-05-30,19.59000
2006-05-31,18.93000
2006-06-01,18.37000
2006-06-02,18.26000
2006-06-05,17.97000
2006-06-06,17.42000
2006-06-07,16.41000
2006-06-08,15.27000
2006-06-09,16.12000
2006-06-12,15.80000
2006-06-13,14.84000
2006-06-14,14.37000
2006-06-15,15.14000
2006-06-16,15.72000
2006-06-19,16.00000
2006-06-20,16.03000
2006-06-21,16.59000
2006-06-22,17.00000
2006-06-23,17.11000
2006-06-26,16.49000
2006-06-27,16.25000
2006-06-28,16.19000
2006-06-29,16.28000
2006-06-30,16.87000
2006-07-03,16.91000
2006-07-04,16.90000
2006-07-05,17.01000
2006-07-06,16.91000
2006-07-07,16.68000
2006-07-10,16.71000
2006-07-11,16.72000
2006-07-12,16.86000
2006-07-13,16.88000
2006-07-14,16.76000
2006-07-17,16.38000
2006-07-18,16.20000
2006-07-19,15.68000
2006-07-20,15.89000
2006-07-21,15.55000
2006-07-24,15.47000
2006-07-25,15.75000
2006-07-26,16.14000
2006-07-27,16.28000
2006-07-28,16.41000
2006-07-31,16.58000
2006-08-01,16.53000
2006-08-02,16.67000
2006-08-03,16.91000
2006-08-04,16.89000
2006-08-07,16.82000
2006-08-08,17.03000
2006-08-09,17.35000
2006-08-10,17.77000
2006-08-11,18.10000
2006-08-14,18.45000
2006-08-16,18.63000
2006-08-17,18.38000
2006-08-18,18.48000
2006-08-21,18.64000
2006-08-22,18.78000
2006-08-23,18.62000
2006-08-24,18.75000
2006-08-25,18.92000
2006-08-28,19.02000
2006-08-29,18.94000
2006-08-30,18.83000
2006-08-31,18.63000
2006-09-01,18.68000
2006-09-04,18.92000
2006-09-05,18.96000
2006-09-06,19.04000
2006-09-07,19.06000
2006-09-08,19.17000
2006-09-11,18.63000
2006-09-12,18.75000
2006-09-13,19.05000
2006-09-14,19.07000
2006-09-15,19.05000
2006-09-18,19.10000
2006-09-19,19.01000
2006-09-20,19.03000
2006-09-21,19.18000
2006-09-22,19.06000
2006-09-25,18.99000
2006-09-26,19.00000
2006-09-27,19.09000
2006-09-28,19.22000
2006-09-29,19.37000
2006-10-03,19.33000
2006-10-04,19.20000
2006-10-05,19.50000
2006-10-06,19.74000
2006-10-09,19.84000
2006-10-10,19.94000
2006-10-11,19.72000
2006-10-12,19.90000
2006-10-13,20.06000
2006-10-16,20.18000
2006-10-17,20.10000
2006-10-18,20.17000
2006-10-19,20.19000
2006-10-20,20.32000
2006-10-23,20.50000
2006-10-26,20.63000
2006-10-27,20.77000
2006-10-30,20.67000
2006-10-31,20.57000
2006-11-01,20.81000
2006-11-02,20.97000
2006-11-03,21.10000
2006-11-06,21.30000
2006-11-07,21.29000
2006-11-08,21.05000
2006-11-09,21.19000
2006-11-10,21.38000
2006-11-13,21.56000
2006-11-14,21.44000
2006-11-15,21.45000
2006-11-16,21.59000
2006-11-17,21.34000
2006-11-20,21.11000
2006-11-21,21.49000
2006-11-22,21.75000
2006-11-23,21.76000
2006-11-24,21.90000
2006-11-27,21.95000
2006-11-28,21.76000
2006-11-29,22.01000
2006-11-30,22.08000
2006-12-01,22.34000
2006-12-04,22.37000
2006-12-05,22.46000
2006-12-06,22.22000
2006-12-07,22.18000
2006-12-08,22.08000
2006-12-11,21.51000
2006-12-12,20.64000
2006-12-13,20.98000
2006-12-14,21.55000
2006-12-15,21.78000
2006-12-18,21.94000
2006-12-19,21.67000
2006-12-20,21.76000
2006-12-21,22.14000
2006-12-22,22.45000
2006-12-26,22.63000
2006-12-27,22.78000
2006-12-28,22.88000
2006-12-29,23.09000
2007-01-02,23.51000
2007-01-03,23.78000
2007-01-04,23.90000
2007-01-05,23.91000
2007-01-08,23.84000
2007-01-09,23.67000
2007-01-10,23.51000
2007-01-11,23.95000
2007-01-12,24.23000
2007-01-15,21.86000
2007-01-16,21.81000
2007-01-17,22.14000
2007-01-18,22.11000
2007-01-19,21.98000
2007-01-22,22.03000
2007-01-23,21.86000
2007-01-24,21.93000
2007-01-25,22.01000
2007-01-29,21.93000
2007-01-31,21.80000
2007-02-01,21.85000
2007-02-02,21.94000
2007-02-05,22.14000
2007-02-06,22.36000
2007-02-07,22.41000
2007-02-08,22.37000
2007-02-09,21.98000
2007-02-12,21.08000
2007-02-13,20.98000
2007-02-14,20.88000
2007-02-15,21.41000
2007-02-19,21.48000
2007-02-20,21.21000
2007-02-21,21.28000
2007-02-22,21.19000
2007-02-23,20.54000
2007-02-26,20.58000
2007-02-27,20.61000
2007-02-28,20.00000
2007-03-01,19.97000
2007-03-02,19.69000
2007-03-05,18.70000
2007-03-06,18.75000
2007-03-07,18.34000
2007-03-08,18.77000
2007-03-09,18.86000
2007-03-12,19.07000
2007-03-13,19.40000
2007-03-14,18.97000
2007-03-15,19.10000
2007-03-16,18.88000
2007-03-19,19.01000
2007-03-20,19.14000
2007-03-21,19.25000
2007-03-22,19.45000
2007-03-23,19.44000
2007-03-26,19.36000
2007-03-28,19.02000
2007-03-29,19.21000
2007-03-30,19.39000
2007-04-02,18.80000
2007-04-03,18.84000
2007-04-04,18.98000
2007-04-05,19.04000
2007-04-09,19.39000
2007-04-10,19.52000
2007-04-11,19.74000
2007-04-12,19.80000
2007-04-13,20.08000
2007-04-16,20.36000
2007-04-17,20.27000
2007-04-18,20.28000
2007-04-19,20.25000
2007-04-20,20.51000
2007-04-23,20.47000
2007-04-24,20.64000
2007-04-25,20.83000
2007-04-26,20.84000
2007-04-27,20.67000
2007-04-30,21.08000
2007-05-03,21.29000
2007-05-04,21.25000
2007-05-07,21.18000
2007-05-08,20.89000
2007-05-09,20.94000
2007-05-10,21.09000
2007-05-11,21.21000
2007-05-14,21.49000
2007-05-15,21.57000
2007-05-16,21.78000
2007-05-17,21.90000
2007-05-18,21.77000
2007-05-21,22.04000
2007-05-22,21.81000
2007-05-23,21.61000
2007-05-24,21.48000
2007-05-25,21.72000
2007-05-28,22.06000
2007-05-29,22.24000
2007-05-30,22.13000
2007-05-31,22.38000
2007-06-01,22.59000
2007-06-04,22.49000
2007-06-05,22.65000
2007-06-06,22.34000
2007-06-07,22.41000
2007-06-08,22.39000
2007-06-11,22.40000
2007-06-12,22.22000
2007-06-13,22.08000
2007-06-14,22.45000
2007-06-15,22.53000
2007-06-18,22.53000
2007-06-19,22.79000
2007-06-20,23.19000
2007-06-21,23.37000
2007-06-22,23.22000
2007-06-25,23.33000
2007-06-26,23.40000
2007-06-27,23.49000
2007-06-28,23.67000
2007-06-29,23.74000
2007-07-02,23.94000
2007-07-03,24.05000
2007-07-04,24.06000
2007-07-05,23.91000
2007-07-06,24.04000
2007-07-09,24.26000
2007-07-10,24.02000
2007-07-11,24.35000
2007-07-12,24.64000
2007-07-13,24.66000
2007-07-16,24.66000
2007-07-17,24.45000
2007-07-18,24.47000
2007-07-19,24.75000
2007-07-20,24.54000
2007-07-23,22.17000
2007-07-24,22.11000
2007-07-25,21.81000
2007-07-26,21.88000
2007-07-27,21.39000
2007-07-30,21.47000
2007-07-31,21.73000
2007-08-01,21.03000
2007-08-02,21.25000
2007-08-03,21.56000
2007-08-06,21.33000
2007-08-07,21.46000
2007-08-08,21.70000
2007-08-09,21.41000
2007-08-10,21.23000
2007-08-13,21.38000
2007-08-14,21.31000
2007-08-16,20.62000
2007-08-17,20.40000
2007-08-20,20.62000
2007-08-21,19.93000
2007-08-22,20.01000
2007-08-23,19.94000
2007-08-24,20.25000
2007-08-27,20.72000
2007-08-28,20.78000
2007-08-29,20.92000
2007-08-30,20.97000
2007-08-31,21.31000
2007-09-03,21.54000
2007-09-04,21.66000
2007-09-05,21.72000
2007-09-06,21.88000
2007-09-07,21.78000
2007-09-10,21.73000
2007-09-11,21.72000
2007-09-12,21.79000
2007-09-13,21.96000
2007-09-14,21.75000
2007-09-17,21.72000
2007-09-18,21.82000
2007-09-19,22.18000
2007-09-20,22.17000
2007-09-21,22.22000
2007-09-24,22.23000
2007-09-25,22.15000
2007-09-26,22.28000
2007-09-27,22.27000
2007-09-28,22.45000
2007-10-01,22.60000
2007-10-03,22.59000
2007-10-04,22.60000
2007-10-05,22.42000
2007-10-08,21.86000
2007-10-09,22.06000
2007-10-10,22.31000
2007-10-11,22.75000
2007-10-12,22.64000
2007-10-15,23.23000
2007-10-16,23.46000
2007-10-17,23.13000
2007-10-18,22.45000
2007-10-19,21.78000
2007-10-22,22.06000
2007-10-23,22.95000
2007-10-24,22.98000
2007-10-25,23.24000
2007-10-26,23.65000
2007-10-29,24.23000
2007-10-30,24.34000
2007-10-31,24.74000
2007-11-01,24.09000
2007-11-02,24.18000
2007-11-05,24.13000
2007-11-06,23.90000
2007-11-07,23.82000
2007-11-08,23.58000
2007-11-12,23.63000
2007-11-13,24.16000
2007-11-14,24.86000
2007-11-15,25.17000
2007-11-16,25.38000
2007-11-19,25.86000
2007-11-20,25.79000
2007-11-21,24.83000
2007-11-22,24.44000
2007-11-23,24.73000
2007-11-26,25.14000
2007-11-27,25.24000
2007-11-28,25.06000
2007-11-29,24.96000
2007-11-30,25.45000
2007-12-03,26.05000
2007-12-04,26.47000
2007-12-05,26.98000
2007-12-06,27.32000
2007-12-07,27.39000
2007-12-10,27.85000
2007-12-11,27.92000
2007-12-12,28.11000
2007-12-13,28.50000
2007-12-14,28.64000
2007-12-17,27.46000
2007-12-18,27.57000
2007-12-19,27.55000
2007-12-20,27.65000
2007-12-24,28.06000
2007-12-26,28.56000
2007-12-27,28.63000
2007-12-28,29.20000
2007-12-31,30.19000
2008-01-01,30.75000
2008-01-02,30.88000
2008-01-03,31.04000
2008-01-04,31.21000
2008-01-07,31.14000
2008-01-08,30.25000
2008-01-09,30.19000
2008-01-10,29.32000
2008-01-11,29.31000
2008-01-14,29.62000
2008-01-15,29.26000
2008-01-16,28.64000
2008-01-17,28.85000
2008-01-18,27.60000
2008-01-21,23.25000
2008-01-22,21.75000
2008-01-23,23.23000
2008-01-24,22.46000
2008-01-25,23.70000
2008-01-28,23.55000
2008-01-29,23.74000
2008-01-30,23.28000
2008-01-31,23.16000
2008-02-01,23.13000
2008-02-04,23.60000
2008-02-05,23.68000
2008-02-06,23.34000
2008-02-07,22.82000
2008-02-08,22.32000
2008-02-11,21.29000
2008-02-12,20.98000
2008-02-13,20.87000
2008-02-14,21.84000
2008-02-15,22.17000
2008-02-18,22.20000
2008-02-19,22.50000
2008-02-20,22.31000
2008-02-21,22.40000
2008-02-22,22.23000
2008-02-25,22.06000
2008-02-26,22.41000
2008-02-27,22.49000
2008-02-28,22.46000
2008-02-29,22.44000
2008-03-03,21.39000
2008-03-04,20.93000
2008-03-05,20.75000
2008-03-07,19.96000
2008-03-10,19.98000
2008-03-11,20.64000
2008-03-12,20.43000
2008-03-13,19.26000
2008-03-14,19.41000
2008-03-17,18.17000
2008-03-18,17.58000
2008-03-19,17.43000
2008-03-24,16.89000
2008-03-25,17.82000
2008-03-26,18.21000
2008-03-27,18.30000
2008-03-28,19.17000
2008-03-31,18.78000
2008-04-01,18.62000
2008-04-02,18.58000
2008-04-03,18.31000
2008-04-04,18.01000
2008-04-07,18.24000
2008-04-08,18.35000
2008-04-09,18.54000
2008-04-10,18.52000
2008-04-11,18.58000
2008-04-15,18.83000
2008-04-16,19.07000
2008-04-17,19.31000
2008-04-21,19.68000
2008-04-22,19.74000
2008-04-23,19.87000
2008-04-24,19.69000
2008-04-25,19.85000
2008-04-28,19.80000
2008-04-29,20.00000
2008-04-30,20.05000
2008-05-02,20.21000
2008-05-05,20.31000
2008-05-06,20.04000
2008-05-07,20.00000
2008-05-08,19.96000
2008-05-09,19.59000
2008-05-12,19.43000
2008-05-13,19.45000
2008-05-14,19.53000
2008-05-15,19.67000
2008-05-16,19.79000
2008-05-20,19.67000
2008-05-21,19.76000
2008-05-22,19.49000
2008-05-23,19.14000
2008-05-26,18.67000
2008-05-27,18.37000
2008-05-28,18.51000
2008-05-29,18.48000
2008-05-30,18.55000
2008-06-02,18.15000
2008-06-03,17.93000
2008-06-04,17.59000
2008-06-05,17.65000
2008-06-06,17.54000
2008-06-09,16.92000
2008-06-10,16.78000
2008-06-11,16.98000
2008-06-12,17.22000
2008-06-13,17.35000
2008-06-16,17.48000
2008-06-17,17.72000
2008-06-18,17.61000
2008-06-19,17.33000
2008-06-20,16.90000
2008-06-23,16.31000
2008-06-24,16.09000
2008-06-25,16.24000
2008-06-26,16.27000
2008-06-27,15.76000
2008-06-30,15.37000
2008-07-01,14.69000
2008-07-02,15.15000
2008-07-03,14.87000
2008-07-04,15.05000
2008-07-07,15.30000
2008-07-08,15.23000
2008-07-09,15.64000
2008-07-10,15.60000
2008-07-11,15.36000
2008-07-14,15.27000
2008-07-15,14.74000
2008-07-16,14.52000
2008-07-17,14.72000
2008-07-18,14.98000
2008-07-21,13.49000
2008-07-22,13.65000
2008-07-23,14.31000
2008-07-24,14.16000
2008-07-25,14.16000
2008-07-28,14.22000
2008-07-29,13.81000
2008-07-30,14.07000
2008-07-31,14.08000
2008-08-01,14.27000
2008-08-04,14.37000
2008-08-05,14.65000
2008-08-06,14.62000
2008-08-07,14.64000
2008-08-08,14.66000
2008-08-11,14.98000
2008-08-12,14.83000
2008-08-13,14.76000
2008-08-14,14.46000
2008-08-18,14.30000
2008-08-19,14.24000
2008-08-20,14.29000
2008-08-21,14.01000
2008-08-22,13.98000
2008-08-25,14.07000
2008-08-26,14.09000
2008-08-27,14.00000
2008-08-28,13.87000
2008-08-29,14.19000
2008-09-01,14.21000
2008-09-02,14.48000
2008-09-04,14.47000
2008-09-05,14.23000
2008-09-08,14.37000
2008-09-09,14.28000
2008-09-10,14.22000
2008-09-11,14.03000
2008-09-12,13.91000
2008-09-15,13.44000
2008-09-16,13.24000
2008-09-17,13.03000
2008-09-18,12.91000
2008-09-19,13.25000
2008-09-22,13.29000
2008-09-23,12.87000
2008-09-24,12.84000
2008-09-25,12.68000
2008-09-26,12.28000
2008-09-29,11.75000
2008-09-30,11.96000
2008-10-01,11.96000
2008-10-03,11.69000
2008-10-06,10.95000
2008-10-07,10.72000
2008-10-08,10.20000
2008-10-10,9.52000
2008-10-13,9.98000
2008-10-14,10.06000
2008-10-15,9.59000
2008-10-16,9.33000
2008-10-17,8.92000
2008-10-20,8.91000
2008-10-21,9.12000
2008-10-22,8.82000
2008-10-23,8.41000
2008-10-24,7.68000
2008-10-27,7.28000
2008-10-29,7.55000
2008-10-31,7.75000
2008-11-03,8.13000
2008-11-04,8.44000
2008-11-05,8.34000
2008-11-06,8.12000
2008-11-07,8.22000
2008-11-10,8.52000
2008-11-11,8.25000
2008-11-12,8.05000
2008-11-14,7.91000
2008-11-17,7.76000
2008-11-18,7.52000
2008-11-19,7.39000
2008-11-20,7.19000
2008-11-21,7.31000
2008-11-24,7.29000
2008-11-25,7.15000
2008-11-26,7.27000
2008-11-28,7.30000
2008-12-01,7.17000
2008-12-02,7.11000
2008-12-03,7.16000
2008-12-04,7.39000
2008-12-05,7.27000
2008-12-08,7.34000
2008-12-10,7.56000
2008-12-11,7.60000
2008-12-12,7.74000
2008-12-15,7.93000
2008-12-16,8.10000
2008-12-17,7.95000
2008-12-18,8.15000
2008-12-19,8.26000
2008-12-22,8.22000
2008-12-23,8.03000
2008-12-24,7.96000
2008-12-26,7.84000
2008-12-29,7.94000
2008-12-30,8.08000
2008-12-31,8.11000
2009-01-01,8.29000
2009-01-02,8.43000
2009-01-05,8.56000
2009-01-06,8.55000
2009-01-07,8.01000
2009-01-09,7.82000
2009-01-12,7.61000
2009-01-13,7.51000
2009-01-14,7.65000
2009-01-15,7.45000
2009-01-16,7.58000
2009-01-19,7.59000
2009-01-20,7.51000
2009-01-21,7.31000
2009-01-22,7.21000
2009-01-23,7.09000
2009-01-27,7.16000
2009-01-28,7.27000
2009-01-29,7.23000
2009-01-30,7.36000
2009-02-02,7.20000
2009-02-03,7.22000
2009-02-04,7.19000
2009-02-05,7.14000
2009-02-06,7.23000
2009-02-09,7.36000
2009-02-10,7.43000
2009-02-11,7.43000
2009-02-12,7.41000
2009-02-13,7.50000
2009-02-16,7.31000
2009-02-17,7.13000
2009-02-18,7.12000
2009-02-19,7.13000
2009-02-20,7.00000
2009-02-24,6.89000
2009-02-25,6.90000
2009-02-26,6.91000
2009-02-27,6.94000
2009-03-02,6.80000
2009-03-03,6.67000
2009-03-04,6.68000
2009-03-05,6.56000
2009-03-06,6.57000
2009-03-09,6.49000
2009-03-12,6.56000
2009-03-13,6.73000
2009-03-16,6.81000
2009-03-17,6.81000
2009-03-18,6.94000
2009-03-19,6.95000
2009-03-20,6.97000
2009-03-23,7.15000
2009-03-24,7.14000
2009-03-25,7.16000
2009-03-26,7.31000
2009-03-27,7.45000
2009-03-30,7.29000
2009-03-31,7.43000
2009-04-01,7.54000
2009-04-02,7.80000
2009-04-06,7.91000
2009-04-08,8.09000
2009-04-09,8.16000
2009-04-13,8.31000
2009-04-15,8.61000
2009-04-16,8.40000
2009-04-17,8.45000
2009-04-20,8.48000
2009-04-21,8.48000
2009-04-22,8.42000
2009-04-23,8.53000
2009-04-24,8.60000
2009-04-27,8.60000
2009-04-28,8.32000
2009-04-29,8.45000
2009-05-04,8.77000
2009-05-05,8.86000
2009-05-06,8.76000
2009-05-07,8.93000
2009-05-08,8.94000
2009-05-11,8.85000
2009-05-12,8.92000
2009-05-13,8.94000
2009-05-14,9.02000
2009-05-15,9.08000
2009-05-19,10.36000
2009-05-20,10.81000
2009-05-21,10.78000
2009-05-22,10.87000
2009-05-25,11.07000
2009-05-26,10.83000
2009-05-27,11.10000
2009-05-28,11.42000
2009-05-29,11.70000
2009-06-01,11.85000
2009-06-02,11.89000
2009-06-03,12.05000
2009-06-04,12.24000
2009-06-05,12.22000
2009-06-08,11.80000
2009-06-09,12.02000
2009-06-10,12.19000
2009-06-11,12.09000
2009-06-12,11.93000
2009-06-15,11.70000
2009-06-16,11.86000
2009-06-17,11.55000
2009-06-18,11.35000
2009-06-19,11.45000
2009-06-22,11.41000
2009-06-23,11.38000
2009-06-24,11.62000
2009-06-25,11.66000
2009-06-26,11.85000
2009-06-29,11.99000
2009-06-30,11.76000
2009-07-01,11.75000
2009-07-02,11.83000
2009-07-03,11.94000
2009-07-06,11.48000
2009-07-07,11.60000
2009-07-08,11.30000
2009-07-09,11.32000
2009-07-10,11.20000
2009-07-13,10.95000
2009-07-14,11.28000
2009-07-15,11.61000
2009-07-16,11.66000
2009-07-17,11.99000
2009-07-20,12.26000
2009-07-21,12.23000
2009-07-22,12.14000
2009-07-23,12.34000
2009-07-24,12.43000
2009-07-27,12.55000
2009-07-28,12.68000
2009-07-29,12.60000
2009-07-30,12.65000
2009-07-31,12.79000
2009-08-03,12.92000
2009-08-04,12.89000
2009-08-05,12.99000
2009-08-06,12.86000
2009-08-07,12.69000
2009-08-10,12.51000
2009-08-11,12.59000
2009-08-12,12.68000
2009-08-13,13.01000
2009-08-14,13.09000
2009-08-17,12.74000
2009-08-18,12.92000
2009-08-19,12.83000
2009-08-20,12.94000
2009-08-21,13.07000
2009-08-24,13.30000
2009-08-25,13.41000
2009-08-26,13.48000
2009-08-27,13.59000
2009-08-28,13.73000
2009-08-31,13.72000
2009-09-01,13.63000
2009-09-02,13.53000
2009-09-03,13.54000
2009-09-04,13.62000
2009-09-07,13.80000
2009-09-08,13.78000
2009-09-09,13.73000
2009-09-10,13.71000
2009-09-11,13.64000
2009-09-14,13.73000
2009-09-15,13.94000
2009-09-16,14.06000
2009-09-17,14.09000
2009-09-18,14.17000
2009-09-22,14.21000
2009-09-23,14.04000
2009-09-24,14.18000
2009-09-25,14.26000
2009-09-29,14.31000
2009-09-30,14.46000
2009-10-01,14.44000
2009-10-05,14.32000
2009-10-06,14.34000
2009-10-07,14.50000
2009-10-08,14.53000
2009-10-09,14.52000
2009-10-12,14.72000
2009-10-14,14.95000
2009-10-15,14.99000
2009-10-16,15.10000
2009-10-20,15.22000
2009-10-21,15.05000
2009-10-22,14.83000
2009-10-23,14.96000
2009-10-26,14.78000
2009-10-27,14.46000
2009-10-28,14.48000
2009-10-29,14.38000
2009-10-30,14.38000
2009-11-03,14.06000
2009-11-04,14.24000
2009-11-05,14.41000
2009-11-06,14.70000
2009-11-09,14.89000
2009-11-10,14.82000
2009-11-11,15.06000
2009-11-12,15.00000
2009-11-13,15.06000
2009-11-16,15.20000
2009-11-17,15.27000
2009-11-18,15.31000
2009-11-19,15.15000
2009-11-20,15.22000
2009-11-23,15.27000
2009-11-24,15.39000
2009-11-25,15.50000
2009-11-26,15.32000
2009-11-27,15.19000
2009-11-30,15.41000
2009-12-01,15.63000
2009-12-02,15.72000
2009-12-03,15.85000
2009-12-04,15.78000
2009-12-07,15.66000
2009-12-08,15.81000
2009-12-09,15.76000
2009-12-10,15.79000
2009-12-11,15.77000
2009-12-14,15.79000
2009-12-15,15.62000
2009-12-16,15.66000
2009-12-17,15.81000
2009-12-18,15.78000
2009-12-21,15.74000
2009-12-22,15.80000
2009-12-23,16.00000
2009-12-24,16.07000
2009-12-29,16.17000
2009-12-30,16.25000
2009-12-31,16.29000
2010-01-04,16.53000
2010-01-05,16.74000
2010-01-06,16.78000
2010-01-07,16.73000
2010-01-08,16.70000
2010-01-11,16.87000
2010-01-12,16.76000
2010-01-13,16.91000
2010-01-14,17.00000
2010-01-15,17.14000
2010-01-18,17.21000
2010-01-19,17.17000
2010-01-20,17.21000
2010-01-21,16.93000
2010-01-22,16.86000
2010-01-25,15.13000
2010-01-27,14.59000
2010-01-28,14.60000
2010-01-29,14.78000
2010-02-01,15.19000
2010-02-02,15.06000
2010-02-03,15.21000
2010-02-04,14.93000
2010-02-05,14.71000
2010-02-08,14.82000
2010-02-09,14.91000
2010-02-10,14.93000
2010-02-11,15.01000
2010-02-15,14.98000
2010-02-16,15.03000
2010-02-17,15.16000
2010-02-18,15.13000
2010-02-19,14.97000
2010-02-22,14.90000
2010-02-23,14.87000
2010-02-24,14.83000
2010-02-25,14.73000
2010-02-26,14.94000
2010-03-02,15.32000
2010-03-03,15.48000
2010-03-04,15.68000
2010-03-05,15.75000
2010-03-08,15.84000
2010-03-09,15.71000
2010-03-10,15.70000
2010-03-11,15.72000
2010-03-12,15.67000
2010-03-15,15.58000
2010-03-16,15.65000
2010-03-17,15.67000
2010-03-18,15.72000
2010-03-19,15.79000
2010-03-22,15.73000
2010-03-23,15.80000
2010-03-25,15.78000
2010-03-26,15.85000
2010-03-29,15.83000
2010-03-30,15.91000
2010-03-31,16.00000
2010-04-01,16.22000
2010-04-05,16.43000
2010-04-06,16.47000
2010-04-07,16.54000
2010-04-08,16.53000
2010-04-09,16.64000
2010-04-12,16.64000
2010-04-13,16.66000
2010-04-15,16.60000
2010-04-16,16.52000
2010-04-19,16.39000
2010-04-20,16.63000
2010-04-21,16.80000
2010-04-22,16.80000
2010-04-23,16.83000
2010-04-26,16.88000
2010-04-27,16.86000
2010-04-28,16.67000
2010-04-29,16.78000
2010-04-30,16.87000
2010-05-03,16.79000
2010-05-04,16.60000
2010-05-05,16.56000
2010-05-06,16.49000
2010-05-07,16.19000
2010-05-10,16.46000
2010-05-11,16.37000
2010-05-12,16.39000
2010-05-13,16.60000
2010-05-14,16.41000
2010-05-17,16.34000
2010-05-18,16.42000
2010-05-19,16.07000
2010-05-20,16.09000
2010-05-21,15.91000
2010-05-24,15.95000
2010-05-25,15.53000
2010-05-26,15.73000
2010-05-27,15.86000
2010-05-28,16.07000
2010-05-31,16.09000
2010-06-01,15.99000
2010-06-02,16.09000
2010-06-03,16.28000
2010-06-04,16.27000
2010-06-07,16.15000
2010-06-08,16.09000
2010-06-09,16.20000
2010-06-10,16.32000
2010-06-11,16.32000
2010-06-14,16.39000
2010-06-15,16.43000
2010-06-16,16.47000
2010-06-17,16.55000
2010-06-18,16.50000
2010-06-21,16.68000
2010-06-22,16.67000
2010-06-23,16.79000
2010-06-24,16.73000
2010-06-25,16.61000
2010-06-28,16.80000
2010-06-29,16.67000
2010-06-30,16.73000
2010-07-01,16.71000
2010-07-02,16.74000
2010-07-05,16.79000
2010-07-06,16.90000
2010-07-07,16.84000
2010-07-08,16.98000
2010-07-09,17.08000
2010-07-12,17.10000
2010-07-13,17.20000
2010-07-14,17.16000
2010-07-15,17.16000
2010-07-16,17.25000
2010-07-19,17.24000
2010-07-20,17.19000
2010-07-21,17.28000
2010-07-22,17.38000
2010-07-23,17.33000
2010-07-26,17.19000
2010-07-27,17.20000
2010-07-28,17.21000
2010-07-29,17.17000
2010-07-30,17.21000
2010-08-02,17.35000
2010-08-03,17.39000
2010-08-04,17.40000
2010-08-05,17.36000
2010-08-06,17.43000
2010-08-09,17.58000
2010-08-10,17.47000
2010-08-11,17.41000
2010-08-12,17.40000
2010-08-13,17.55000
2010-08-16,17.53000
2010-08-17,17.59000
2010-08-18,17.81000
2010-08-19,17.92000
2010-08-20,17.94000
2010-08-23,17.96000
2010-08-24,17.88000
2010-08-25,17.74000
2010-08-26,17.72000
2010-08-27,17.58000
2010-08-30,17.59000
2010-08-31,17.51000
2010-09-01,17.68000
2010-09-02,17.85000
2010-09-03,17.98000
2010-09-06,18.27000
2010-09-07,18.32000
2010-09-08,18.37000
2010-09-09,18.53000
2010-09-13,18.70000
2010-09-14,18.62000
2010-09-15,18.58000
2010-09-16,18.39000
2010-09-17,18.65000
2010-09-20,18.70000
2010-09-21,18.55000
2010-09-22,18.44000
2010-09-23,18.40000
2010-09-24,18.58000
2010-09-27,18.57000
2010-09-28,18.58000
2010-09-29,18.59000
2010-09-30,18.61000
2010-10-01,18.82000
2010-10-04,18.93000
2010-10-05,19.06000
2010-10-06,19.22000
2010-10-07,19.12000
2010-10-08,19.02000
2010-10-11,19.13000
2010-10-12,19.06000
2010-10-13,19.12000
2010-10-14,19.06000
2010-10-15,18.84000
2010-10-18,18.75000
2010-10-19,18.77000
2010-10-20,18.72000
2010-10-21,18.87000
2010-10-22,18.92000
2010-10-25,19.00000
2010-10-26,18.89000
2010-10-27,18.60000
2010-10-28,18.56000
2010-10-29,18.39000
2010-11-01,18.50000
2010-11-02,18.64000
2010-11-03,18.83000
2010-11-04,18.86000
2010-11-08,18.89000
2010-11-09,18.95000
2010-11-10,18.99000
2010-11-11,18.92000
2010-11-12,18.67000
2010-11-15,18.63000
2010-11-16,18.36000
2010-11-18,18.30000
2010-11-19,18.08000
2010-11-22,18.18000
2010-11-23,18.06000
2010-11-24,17.83000
2010-11-25,17.57000
2010-11-26,17.35000
2010-11-29,17.35000
2010-11-30,17.58000
2010-12-01,17.89000
2010-12-02,18.00000
2010-12-03,17.74000
2010-12-06,17.80000
2010-12-07,17.62000
2010-12-08,17.36000
2010-12-09,16.87000
2010-12-10,17.21000
2010-12-13,17.35000
2010-12-14,17.52000
2010-12-15,17.32000
2010-12-16,17.29000
2010-12-20,17.24000
2010-12-21,17.30000
2010-12-22,17.30000
2010-12-23,17.30000
2010-12-24,17.39000
2010-12-27,17.41000
2010-12-28,17.39000
2010-12-29,17.42000
2010-12-30,17.58000
2010-12-31,17.74000
2011-01-03,17.80000
2011-01-04,17.77000
2011-01-05,17.53000
2011-01-06,17.37000
2011-01-07,17.07000
2011-01-10,16.75000
2011-01-11,16.73000
2011-01-12,16.80000
2011-01-13,16.69000
2011-01-14,16.39000
2011-01-17,16.26000
2011-01-18,16.17000
2011-01-19,16.18000
2011-01-20,16.14000
2011-01-21,16.20000
2011-01-24,16.26000
2011-01-25,16.26000
2011-01-27,16.04000
2011-01-28,15.59000
2011-01-31,15.52000
2011-02-01,15.32000
2011-02-02,15.36000
2011-02-03,15.37000
2011-02-04,15.26000
2011-02-07,15.14000
2011-02-08,14.99000
2011-02-09,14.57000
2011-02-10,14.53000
2011-02-11,14.88000
2011-02-14,15.34000
2011-02-15,15.41000
2011-02-16,15.51000
2011-02-17,15.60000
2011-02-18,15.44000
2011-02-21,15.37000
2011-02-22,15.33000
2011-02-23,15.18000
2011-02-24,14.88000
2011-02-25,14.79000
2011-02-28,14.79000
2011-03-01,15.06000
2011-03-03,14.96000
2011-03-04,14.95000
2011-03-07,14.80000
2011-03-08,14.86000
2011-03-09,14.94000
2011-03-10,14.92000
2011-03-11,14.81000
2011-03-14,14.81000
2011-03-15,14.62000
2011-03-16,14.77000
2011-03-17,14.75000
2011-03-18,14.72000
2011-03-21,14.67000
2011-03-22,14.72000
2011-03-23,14.82000
2011-03-24,14.88000
2011-03-25,15.08000
2011-03-28,15.10000
2011-03-29,15.17000
2011-03-30,15.41000
2011-03-31,15.48000
2011-04-01,15.70000
2011-04-04,15.91000
2011-04-05,16.14000
2011-04-06,16.23000
2011-04-07,16.32000
2011-04-08,16.22000
2011-04-11,16.17000
2011-04-13,16.34000
2011-04-15,16.31000
2011-04-18,16.21000
2011-04-19,16.22000
2011-04-20,16.30000
2011-04-21,16.25000
2011-04-25,16.43000
2011-04-26,16.37000
2011-04-27,16.41000
2011-04-28,16.37000
2011-04-29,16.19000
2011-05-02,16.02000
2011-05-03,15.81000
2011-05-04,15.66000
2011-05-05,15.60000
2011-05-06,15.74000
2011-05-09,15.75000
2011-05-10,15.70000
2011-05-11,15.83000
2011-05-12,15.62000
2011-05-13,15.66000
2011-05-16,15.57000
2011-05-17,15.51000
2011-05-18,15.49000
2011-05-19,15.42000
2011-05-20,15.46000
2011-05-23,15.32000
2011-05-24,15.33000
2011-05-25,15.32000
2011-05-26,15.39000
2011-05-27,15.53000
2011-05-30,15.58000
2011-05-31,15.67000
2011-06-01,15.77000
2011-06-02,15.78000
2011-06-03,15.78000
2011-06-06,15.74000
2011-06-07,15.78000
2011-06-08,15.78000
2011-06-09,15.81000
2011-06-10,15.75000
2011-06-13,15.81000
2011-06-14,15.89000
2011-06-15,15.85000
2011-06-16,15.85000
2011-06-17,15.73000
2011-06-20,15.48000
2011-06-21,15.45000
2011-06-22,15.36000
2011-06-23,15.33000
2011-06-24,15.53000
2011-06-27,15.62000
2011-06-28,15.74000
2011-06-29,15.80000
2011-06-30,15.82000
2011-07-01,15.84000
2011-07-04,15.99000
2011-07-05,16.03000
2011-07-06,16.09000
2011-07-07,16.22000
2011-07-08,16.17000
2011-07-11,16.18000
2011-07-12,16.05000
2011-07-13,16.21000
2011-07-14,16.32000
2011-07-15,16.31000
2011-07-18,16.32000
2011-07-19,16.42000
2011-07-20,16.34000
2011-07-21,16.29000
2011-07-22,16.40000
2011-07-25,16.44000
2011-07-26,16.41000
2011-07-27,16.40000
2011-07-28,16.23000
2011-07-29,16.16000
2011-08-01,16.10000
2011-08-02,15.96000
2011-08-03,15.89000
2011-08-04,15.73000
2011-08-05,15.43000
2011-08-08,15.27000
2011-08-09,15.11000
2011-08-10,15.36000
2011-08-11,15.32000
2011-08-12,15.28000
2011-08-16,15.12000
2011-08-17,14.94000
2011-08-18,14.64000
2011-08-19,14.39000
2011-08-22,14.47000
2011-08-23,14.62000
2011-08-24,14.60000
2011-08-25,14.44000
2011-08-26,14.03000
2011-08-29,14.31000
2011-08-30,14.52000
2011-09-02,14.52000
2011-09-05,14.57000
2011-09-06,14.63000
2011-09-07,14.89000
2011-09-08,14.92000
2011-09-09,14.83000
2011-09-12,14.54000
2011-09-13,14.58000
2011-09-14,14.64000
2011-09-15,14.66000
2011-09-16,14.69000
2011-09-19,14.64000
2011-09-20,14.80000
2011-09-21,14.88000
2011-09-22,14.53000
2011-09-23,14.34000
2011-09-26,14.22000
2011-09-27,14.35000
2011-09-28,14.26000
2011-09-29,14.27000
2011-09-30,14.16000
2011-10-03,13.89000
2011-10-04,13.74000
2011-10-05,13.63000
2011-10-07,13.82000
2011-10-10,13.92000
2011-10-11,14.02000
2011-10-12,14.21000
2011-10-13,14.25000
2011-10-14,14.33000
2011-10-17,14.35000
2011-10-18,14.28000
2011-10-19,14.37000
2011-10-20,14.29000
2011-10-21,14.16000
2011-10-24,14.13000
2011-10-25,14.10000
2011-10-28,14.38000
2011-10-31,14.46000
2011-11-01,14.39000
2011-11-02,14.41000
2011-11-03,14.48000
2011-11-04,14.55000
2011-11-08,14.55000
2011-11-09,14.42000
2011-11-11,14.25000
2011-11-14,14.09000
2011-11-15,13.64000
2011-11-16,13.51000
2011-11-17,13.36000
2011-11-18,13.15000
2011-11-21,12.98000
2011-11-22,12.99000
2011-11-23,12.79000
2011-11-24,12.89000
2011-11-25,12.90000
2011-11-28,13.12000
2011-11-29,13.07000
2011-11-30,12.97000
2011-12-01,13.04000
2011-12-02,13.20000
2011-12-05,13.24000
2011-12-07,13.33000
2011-12-08,13.12000
2011-12-09,13.02000
2011-12-12,12.87000
2011-12-13,12.78000
2011-12-14,12.65000
2011-12-15,12.48000
2011-12-16,12.34000
2011-12-19,12.03000
2011-12-20,11.84000
2011-12-21,11.90000
2011-12-22,11.92000
2011-12-23,11.98000
2011-12-26,12.07000
2011-12-27,12.00000
2011-12-28,11.92000
2011-12-29,11.92000
2011-12-30,11.96000
2012-01-02,11.93000
2012-01-03,12.20000
2012-01-04,12.24000
2012-01-05,12.28000
2012-01-06,12.25000
2012-01-09,12.43000
2012-01-10,12.73000
2012-01-11,12.86000
2012-01-12,12.91000
2012-01-13,13.14000
2012-01-16,13.20000
2012-01-17,13.46000
2012-01-18,13.42000
2012-01-19,13.56000
2012-01-20,13.62000
2012-01-23,13.68000
2012-01-24,13.82000
2012-01-25,13.89000
2012-01-27,14.03000
2012-01-30,13.80000
2012-01-31,14.05000
2012-02-01,14.26000
2012-02-02,14.38000
2012-02-03,14.47000
2012-02-06,14.73000
2012-02-07,14.62000
2012-02-08,14.75000
2012-02-09,14.95000
2012-02-10,15.02000
2012-02-13,14.96000
2012-02-14,15.04000
2012-02-15,15.37000
2012-02-16,15.41000
2012-02-17,15.38000
2012-02-21,15.50000
2012-02-22,15.00000
2012-02-23,14.93000
2012-02-24,14.99000
2012-02-27,14.54000
2012-02-28,14.96000
2012-02-29,15.14000
2012-03-01,15.06000
2012-03-02,14.96000
2012-03-05,14.82000
2012-03-06,14.70000
2012-03-07,14.66000
2012-03-09,14.95000
2012-03-12,15.13000
2012-03-13,15.27000
2012-03-14,15.35000
2012-03-15,15.30000
2012-03-16,15.20000
2012-03-19,15.12000
2012-03-20,15.17000
2012-03-21,15.25000
2012-03-22,15.02000
2012-03-23,15.09000
2012-03-26,14.95000
2012-03-27,14.97000
2012-03-28,14.83000
2012-03-29,14.89000
2012-03-30,15.12000
2012-04-02,15.29000
2012-04-03,15.42000
2012-04-04,15.42000
2012-04-09,15.30000
2012-04-10,15.28000
2012-04-11,15.24000
2012-04-12,15.33000
2012-04-13,15.30000
2012-04-16,15.38000
2012-04-17,15.47000
2012-04-18,15.59000
2012-04-19,15.63000
2012-04-20,15.57000
2012-04-23,15.42000
2012-04-24,15.44000
2012-04-25,15.45000
2012-04-26,15.40000
2012-04-27,15.48000
2012-04-30,15.60000
2012-05-02,15.52000
2012-05-03,15.40000
2012-05-04,15.13000
2012-05-07,15.19000
2012-05-08,14.93000
2012-05-09,14.72000
2012-05-10,14.85000
2012-05-11,14.74000
2012-05-14,14.74000
2012-05-15,14.73000
2012-05-16,14.56000
2012-05-17,14.65000
2012-05-18,14.56000
2012-05-21,14.63000
2012-05-22,14.54000
2012-05-23,14.52000
2012-05-24,14.59000
2012-05-25,14.75000
2012-05-28,14.78000
2012-05-29,14.69000
2012-05-30,14.55000
2012-05-31,14.55000
2012-06-01,14.30000
2012-06-04,14.24000
2012-06-05,14.29000
2012-06-06,14.51000
2012-06-07,14.58000
2012-06-08,14.61000
2012-06-11,14.59000
2012-06-12,14.56000
2012-06-13,14.57000
2012-06-14,14.47000
2012-06-15,14.51000
2012-06-18,14.33000
2012-06-19,14.36000
2012-06-20,14.49000
2012-06-21,14.59000
2012-06-22,14.56000
2012-06-25,14.53000
2012-06-26,14.57000
2012-06-27,14.66000
2012-06-28,14.66000
2012-06-29,14.86000
2012-07-02,15.02000
2012-07-03,15.15000
2012-07-04,15.19000
2012-07-05,15.38000
2012-07-06,15.23000
2012-07-09,15.16000
2012-07-10,15.29000
2012-07-11,15.26000
2012-07-12,15.13000
2012-07-13,15.17000
2012-07-16,15.11000
2012-07-17,15.00000
2012-07-18,15.07000
2012-07-19,15.08000
2012-07-20,15.10000
2012-07-23,14.93000
2012-07-24,14.95000
2012-07-25,14.87000
2012-07-26,14.64000
2012-07-27,14.54000
2012-07-30,14.61000
2012-07-31,14.62000
2012-08-01,14.67000
2012-08-02,14.74000
2012-08-03,14.76000
2012-08-06,14.84000
2012-08-07,14.89000
2012-08-08,14.92000
2012-08-09,14.89000
2012-08-10,14.90000
2012-08-13,14.88000
2012-08-14,14.98000
2012-08-16,15.00000
2012-08-17,15.00000
2012-08-21,15.06000
2012-08-22,14.95000
2012-08-23,15.02000
2012-08-24,14.99000
2012-08-27,14.84000
2012-08-28,14.72000
2012-08-29,14.58000
2012-08-30,14.66000
2012-08-31,14.69000
2012-09-03,14.72000
2012-09-04,14.76000
2012-09-05,14.72000
2012-09-06,14.81000
2012-09-07,14.95000
2012-09-10,15.18000
2012-09-11,15.28000
2012-09-12,15.38000
2012-09-13,15.36000
2012-09-14,15.43000
2012-09-17,15.48000
2012-09-18,15.63000
2012-09-20,15.55000
2012-09-21,15.73000
2012-09-24,15.77000
2012-09-25,15.72000
2012-09-26,15.69000
2012-09-27,15.74000
2012-09-28,15.93000
2012-10-01,16.02000
2012-10-03,16.25000
2012-10-04,16.40000
2012-10-05,16.32000
2012-10-08,16.30000
2012-10-09,16.36000
2012-10-10,16.17000
2012-10-11,16.24000
2012-10-12,16.32000
2012-10-15,16.46000
2012-10-16,16.36000
2012-10-17,16.27000
2012-10-18,16.42000
2012-10-19,16.32000
2012-10-22,16.31000
2012-10-23,16.29000
2012-10-25,16.31000
2012-10-26,16.25000
2012-10-29,16.22000
2012-10-30,16.01000
2012-10-31,16.08000
2012-11-01,16.16000
2012-11-02,16.18000
2012-11-05,16.18000
2012-11-06,16.39000
2012-11-07,16.55000
2012-11-08,16.51000
2012-11-09,16.39000
2012-11-12,16.46000
2012-11-15,16.40000
2012-11-16,16.36000
2012-11-19,16.19000
2012-11-20,16.07000
2012-11-21,16.09000
2012-11-22,16.16000
2012-11-23,16.18000
2012-11-26,16.29000
2012-11-27,16.37000
2012-11-29,16.55000
2012-11-30,16.68000
2012-12-03,16.72000
2012-12-04,16.71000
2012-12-05,16.78000
2012-12-06,16.85000
2012-12-07,16.94000
2012-12-10,16.96000
2012-12-11,16.82000
2012-12-12,16.91000
2012-12-13,16.73000
2012-12-14,16.88000
2012-12-17,17.02000
2012-12-18,17.07000
2012-12-19,17.19000
2012-12-20,17.10000
2012-12-21,16.81000
2012-12-24,16.72000
2012-12-26,16.75000
2012-12-27,16.72000
2012-12-28,16.75000
2012-12-31,16.80000
2013-01-01,16.98000
2013-01-02,17.16000
2013-01-03,17.29000
2013-01-04,17.36000
2013-01-07,17.44000
2013-01-08,17.38000
2013-01-09,17.40000
2013-01-10,17.33000
2013-01-11,17.15000
2013-01-14,17.35000
2013-01-15,17.38000
2013-01-16,17.27000
2013-01-17,17.24000
2013-01-18,17.17000
2013-01-21,15.28000
2013-01-22,15.16000
2013-01-23,15.06000
2013-01-24,14.77000
2013-01-25,14.88000
2013-01-28,14.87000
2013-01-29,14.84000
2013-01-30,14.83000
2013-01-31,14.82000
2013-02-01,14.78000
2013-02-04,14.65000
2013-02-05,14.53000
2013-02-06,14.52000
2013-02-07,14.43000
2013-02-08,14.43000
2013-02-11,14.39000
2013-02-12,14.35000
2013-02-13,14.39000
2013-02-14,14.17000
2013-02-15,14.09000
2013-02-18,14.20000
2013-02-19,14.31000
2013-02-20,14.43000
2013-02-21,14.21000
2013-02-22,14.22000
2013-02-25,14.18000
2013-02-26,13.96000
2013-02-27,14.05000
2013-02-28,13.86000
2013-03-01,13.94000
2013-03-04,13.81000
2013-03-05,13.93000
2013-03-06,14.06000
2013-03-07,14.15000
2013-03-08,14.20000
2013-03-11,14.16000
2013-03-12,14.13000
2013-03-13,14.06000
2013-03-14,14.10000
2013-03-15,14.02000
2013-03-18,13.93000
2013-03-19,13.85000
2013-03-20,13.60000
2013-03-21,13.44000
2013-03-22,13.31000
2013-03-25,13.30000
2013-03-26,13.30000
2013-03-28,13.46000
2013-04-01,13.67000
2013-04-02,13.80000
2013-04-03,13.70000
2013-04-04,13.45000
2013-04-05,13.44000
2013-04-08,13.45000
2013-04-09,13.34000
2013-04-10,13.41000
2013-04-11,13.40000
2013-04-12,13.32000
2013-04-15,13.27000
2013-04-16,13.40000
2013-04-17,13.37000
2013-04-18,13.48000
2013-04-22,13.62000
2013-04-23,13.55000
2013-04-25,13.59000
2013-04-26,13.55000
2013-04-29,13.65000
2013-04-30,13.72000
2013-05-02,13.77000
2013-05-03,13.71000
2013-05-06,13.84000
2013-05-07,13.91000
2013-05-08,13.89000
2013-05-09,13.84000
2013-05-10,13.81000
2013-05-13,13.63000
2013-05-14,13.71000
2013-05-15,13.82000
2013-05-16,13.80000
2013-05-17,13.75000
2013-05-20,13.76000
2013-05-21,13.70000
2013-05-22,13.65000
2013-05-23,13.49000
2013-05-24,13.54000
2013-05-27,13.63000
2013-05-28,13.69000
2013-05-29,13.72000
2013-05-30,13.74000
2013-05-31,13.61000
2013-06-03,13.57000
2013-06-04,13.54000
2013-06-05,13.51000
2013-06-06,13.46000
2013-06-07,13.41000
2013-06-10,13.32000
2013-06-11,13.17000
2013-06-12,13.18000
2013-06-13,12.91000
2013-06-14,12.97000
2013-06-17,12.98000
2013-06-18,13.04000
2013-06-19,13.07000
2013-06-20,12.90000
2013-06-21,12.80000
2013-06-24,12.62000
2013-06-25,12.59000
2013-06-26,12.55000
2013-06-27,12.47000
2013-06-28,12.58000
2013-07-01,12.78000
2013-07-02,12.73000
2013-07-03,12.52000
2013-07-04,12.63000
2013-07-05,12.66000
2013-07-08,12.66000
2013-07-09,12.75000
2013-07-10,12.72000
2013-07-11,12.91000
2013-07-12,13.00000
2013-07-15,13.16000
2013-07-16,13.02000
2013-07-17,12.96000
2013-07-18,13.04000
2013-07-19,12.99000
2013-07-22,12.93000
2013-07-23,12.91000
2013-07-24,12.64000
2013-07-25,12.54000
2013-07-26,12.32000
2013-07-29,12.36000
2013-07-30,12.15000
2013-07-31,12.10000
2013-08-01,11.98000
2013-08-02,11.92000
2013-08-05,12.03000
2013-08-06,11.81000
2013-08-07,11.87000
2013-08-08,12.00000
2013-08-12,12.20000
2013-08-13,12.40000
2013-08-14,12.51000
2013-08-16,12.24000
2013-08-19,12.05000
2013-08-20,12.02000
2013-08-21,11.77000
2013-08-22,11.79000
2013-08-23,11.89000
2013-08-26,11.99000
2013-08-27,11.73000
2013-08-28,11.60000
2013-08-29,11.76000
2013-08-30,11.74000
2013-09-02,11.90000
2013-09-03,11.71000
2013-09-04,11.73000
2013-09-05,11.88000
2013-09-06,11.92000
2013-09-10,12.04000
2013-09-11,12.28000
2013-09-12,12.28000
2013-09-13,12.33000
2013-09-16,12.32000
2013-09-17,12.35000
2013-09-18,12.48000
2013-09-19,12.64000
2013-09-20,12.55000
2013-09-23,12.50000
2013-09-24,12.60000
2013-09-25,12.68000
2013-09-26,12.66000
2013-09-27,12.66000
2013-09-30,12.58000
2013-10-01,12.73000
2013-10-03,12.90000
2013-10-04,12.95000
2013-10-07,13.02000
2013-10-08,13.08000
2013-10-09,13.22000
2013-10-10,13.43000
2013-10-11,13.54000
2013-10-14,13.73000
2013-10-15,13.55000
2013-10-17,13.45000
2013-10-18,13.49000
2013-10-21,13.65000
2013-10-22,13.68000
2013-10-23,13.64000
2013-10-24,13.67000
2013-10-25,13.62000
2013-10-28,13.52000
2013-10-29,13.65000
2013-10-30,13.67000
2013-10-31,13.88000
2013-11-01,14.02000
2013-11-05,14.38000
2013-11-06,14.45000
2013-11-07,14.29000
2013-11-08,14.25000
2013-11-11,14.19000
2013-11-12,14.07000
2013-11-13,14.03000
2013-11-14,14.37000
2013-11-18,14.45000
2013-11-19,14.59000
2013-11-20,14.60000
2013-11-21,14.39000
2013-11-22,14.44000
2013-11-25,14.56000
2013-11-26,14.58000
2013-11-27,14.63000
2013-11-28,14.74000
2013-11-29,14.96000
2013-12-02,15.07000
2013-12-03,15.06000
2013-12-04,15.09000
2013-12-05,15.07000
2013-12-06,15.18000
2013-12-09,15.30000
2013-12-10,15.26000
2013-12-11,15.27000
2013-12-12,15.14000
2013-12-13,14.92000
2013-12-16,15.01000
2013-12-17,15.04000
2013-12-18,15.23000
2013-12-19,15.24000
2013-12-20,15.63000
2013-12-23,15.79000
2013-12-24,15.82000
2013-12-26,15.83000
2013-12-27,15.89000
2013-12-30,15.83000
2013-12-31,15.95000
2014-01-01,16.18000
2014-01-02,15.99000
2014-01-03,16.19000
2014-01-06,16.32000
2014-01-07,16.30000
2014-01-08,16.45000
2014-01-09,16.36000
2014-01-10,16.16000
2014-01-13,16.13000
2014-01-14,16.03000
2014-01-15,15.96000
2014-01-16,16.00000
2014-01-17,15.74000
2014-01-20,15.91000
2014-01-21,16.01000
2014-01-22,14.75000
2014-01-23,14.66000
2014-01-24,14.53000
2014-01-27,14.17000
2014-01-28,14.25000
2014-01-29,14.17000
2014-01-30,14.00000
2014-01-31,14.33000
2014-02-03,14.24000
2014-02-04,14.20000
2014-02-05,14.26000
2014-02-06,14.21000
2014-02-07,14.33000
2014-02-10,14.40000
2014-02-11,14.58000
2014-02-12,14.70000
2014-02-13,14.56000
2014-02-14,14.55000
2014-02-17,14.56000
2014-02-18,14.61000
2014-02-19,14.68000
2014-02-20,14.81000
2014-02-21,14.98000
2014-02-24,15.06000
2014-02-25,15.13000
2014-02-26,15.17000
2014-02-28,15.26000
2014-03-03,15.28000
2014-03-04,15.36000
2014-03-05,15.49000
2014-03-06,15.65000
2014-03-07,15.52000
2014-03-10,15.47000
2014-03-11,15.48000
2014-03-12,15.46000
2014-03-13,15.28000
2014-03-14,15.28000
2014-03-18,15.45000
2014-03-19,15.41000
2014-03-20,15.32000
2014-03-21,15.42000
2014-03-24,15.59000
2014-03-25,15.66000
2014-03-26,15.70000
2014-03-27,15.81000
2014-03-28,16.07000
2014-03-31,16.20000
2014-04-01,16.06000
2014-04-02,16.45000
2014-04-03,16.47000
2014-04-04,16.45000
2014-04-07,16.46000
2014-04-09,16.83000
2014-04-10,16.92000
2014-04-11,16.90000
2014-04-15,16.78000
2014-04-16,16.53000
2014-04-17,17.01000
2014-04-21,17.33000
2014-04-22,17.30000
2014-04-23,17.51000
2014-04-25,17.47000
2014-04-28,17.49000
2014-04-29,17.35000
2014-04-30,17.10000
2014-05-02,17.15000
2014-05-05,17.13000
2014-05-06,17.16000
2014-05-07,17.08000
2014-05-08,17.18000
2014-05-09,17.43000
2014-05-12,17.52000
2014-05-13,17.77000
2014-05-14,18.07000
2014-05-15,17.99000
2014-05-16,18.32000
2014-05-19,19.03000
2014-05-20,19.12000
2014-05-21,19.32000
2014-05-22,19.75000
2014-05-23,20.06000
2014-05-26,19.65000
2014-05-27,19.63000
2014-05-28,19.83000
2014-05-29,19.69000
2014-05-30,19.91000
2014-06-02,20.36000
2014-06-03,20.64000
2014-06-04,21.08000
2014-06-05,21.24000
2014-06-06,21.47000
2014-06-09,21.70000
2014-06-10,21.54000
2014-06-11,21.45000
2014-06-12,21.58000
2014-06-13,21.25000
2014-06-16,21.32000
2014-06-17,21.67000
2014-06-18,21.55000
2014-06-19,21.47000
2014-06-20,21.33000
2014-06-23,21.43000
2014-06-24,21.68000
2014-06-25,21.67000
2014-06-26,21.59000
2014-06-27,21.75000
2014-06-30,22.09000
2014-07-01,22.40000
2014-07-02,22.65000
2014-07-03,22.64000
2014-07-04,22.82000
2014-07-07,22.85000
2014-07-08,22.13000
2014-07-09,21.81000
2014-07-10,22.13000
2014-07-11,21.58000
2014-07-14,21.54000
2014-07-15,22.05000
2014-07-16,22.40000
2014-07-17,22.77000
2014-07-18,22.95000
2014-07-21,22.83000
2014-07-22,22.82000
2014-07-23,22.76000
2014-07-24,22.68000
2014-07-25,22.51000
2014-07-28,22.44000
2014-07-30,22.68000
2014-07-31,22.69000
2014-08-01,22.55000
2014-08-04,22.72000
2014-08-05,22.82000
2014-08-06,22.81000
2014-08-07,22.88000
2014-08-08,22.55000
2014-08-11,22.69000
2014-08-12,22.79000
2014-08-13,22.62000
2014-08-14,22.84000
2014-08-18,23.09000
2014-08-19,23.33000
2014-08-20,23.39000
2014-08-21,23.51000
2014-08-22,23.61000
2014-08-25,23.60000
2014-08-26,23.62000
2014-08-27,23.65000
2014-08-28,23.62000
2014-09-01,23.92000
2014-09-02,24.14000
2014-09-03,24.17000
2014-09-04,24.16000
2014-09-05,24.33000
2014-09-08,24.64000
2014-09-09,24.79000
2014-09-10,24.87000
2014-09-11,25.26000
2014-09-12,25.24000
2014-09-15,25.38000
2014-09-16,24.66000
2014-09-17,24.80000
2014-09-18,25.21000
2014-09-19,25.21000
2014-09-22,25.17000
2014-09-23,24.65000
2014-09-24,24.29000
2014-09-25,23.90000
2014-09-26,24.25000
2014-09-29,24.44000
2014-09-30,24.51000
2014-10-01,24.57000
2014-10-07,24.12000
2014-10-08,24.17000
2014-10-09,24.51000
2014-10-10,24.11000
2014-10-13,24.26000
2014-10-14,24.25000
2014-10-16,23.67000
2014-10-17,23.88000
2014-10-20,24.08000
2014-10-21,24.17000
2014-10-22,24.37000
2014-10-27,24.34000
2014-10-28,24.56000
2014-10-29,24.73000
2014-10-30,24.98000
2014-10-31,25.40000
2014-11-03,25.75000
2014-11-05,26.01000
2014-11-07,26.04000
2014-11-10,26.23000
2014-11-11,26.41000
2014-11-12,26.55000
2014-11-13,26.50000
2014-11-14,26.63000
2014-11-17,26.81000
2014-11-18,27.07000
2014-11-19,26.95000
2014-11-20,27.08000
2014-11-21,27.05000
2014-11-24,27.27000
2014-11-25,26.98000
2014-11-26,27.15000
2014-11-27,27.17000
2014-11-28,27.31000
2014-12-01,27.18000
2014-12-02,27.34000
2014-12-03,27.79000
2014-12-04,27.87000
2014-12-05,27.72000
2014-12-08,27.49000
2014-12-09,27.14000
2014-12-10,27.36000
2014-12-11,27.05000
2014-12-12,26.74000
2014-12-15,26.66000
2014-12-16,26.14000
2014-12-17,25.97000
2014-12-18,26.64000
2014-12-19,26.79000
2014-12-22,26.93000
2014-12-23,26.83000
2014-12-24,26.72000
2014-12-26,26.78000
2014-12-29,27.05000
2014-12-30,27.15000
2014-12-31,27.39000
2015-01-01,27.45000
2015-01-02,27.65000
2015-01-05,27.55000
2015-01-06,26.80000
2015-01-07,26.75000
2015-01-08,27.26000
2015-01-09,27.41000
2015-01-12,27.66000
2015-01-13,27.82000
2015-01-14,27.77000
2015-01-15,28.14000
2015-01-16,28.28000
2015-01-19,28.40000
2015-01-20,28.50000
2015-01-21,28.53000
2015-01-22,28.60000
2015-01-23,28.66000
2015-01-27,25.59000
2015-01-28,25.75000
2015-01-29,25.82000
2015-01-30,25.71000
2015-02-02,25.83000
2015-02-03,25.62000
2015-02-04,25.49000
2015-02-05,25.22000
2015-02-06,24.94000
2015-02-09,24.51000
2015-02-10,24.64000
2015-02-11,24.87000
2015-02-12,25.19000
2015-02-13,25.32000
2015-02-16,25.28000
2015-02-18,25.49000
2015-02-19,25.52000
2015-02-20,25.64000
2015-02-23,25.48000
2015-02-24,25.34000
2015-02-25,25.37000
2015-02-26,25.11000
2015-02-27,25.56000
2015-03-02,26.03000
2015-03-03,26.21000
2015-03-04,25.87000
2015-03-05,26.08000
2015-03-09,25.81000
2015-03-10,25.67000
2015-03-11,25.60000
2015-03-12,25.86000
2015-03-13,25.52000
2015-03-16,25.38000
2015-03-17,25.57000
2015-03-18,25.54000
2015-03-19,25.43000
2015-03-20,25.04000
2015-03-23,24.85000
2015-03-24,24.74000
2015-03-25,24.63000
2015-03-26,24.29000
2015-03-27,24.36000
2015-03-30,24.80000
2015-03-31,24.96000
2015-04-01,25.34000
2015-04-06,25.58000
2015-04-07,25.73000
2015-04-08,25.92000
2015-04-09,25.98000
2015-04-10,26.06000
2015-04-13,26.09000
2015-04-15,26.12000
2015-04-16,25.94000
2015-04-17,25.53000
2015-04-20,25.08000
2015-04-21,24.91000
2015-04-22,24.86000
2015-04-23,24.85000
2015-04-24,24.32000
2015-04-27,23.76000
2015-04-28,24.18000
2015-04-29,24.45000
2015-04-30,24.40000
2015-05-04,24.88000
2015-05-05,24.80000
2015-05-06,24.19000
2015-05-07,23.84000
2015-05-08,24.14000
2015-05-11,24.59000
2015-05-12,24.29000
2015-05-13,24.71000
2015-05-14,25.00000
2015-05-15,25.02000
2015-05-18,25.24000
2015-05-19,25.28000
2015-05-20,25.27000
2015-05-21,25.16000
2015-05-22,25.15000
2015-05-25,25.15000
2015-05-26,25.15000
2015-05-27,25.15000
2015-05-28,25.08000
2015-05-29,25.38000
2015-06-01,25.38000
2015-06-02,24.97000
2015-06-03,24.63000
2015-06-04,24.61000
2015-06-05,24.63000
2015-06-08,24.27000
2015-06-09,24.12000
2015-06-10,24.35000
2015-06-11,23.94000
2015-06-12,23.87000
2015-06-15,23.83000
2015-06-16,23.96000
2015-06-17,24.17000
2015-06-18,24.29000
2015-06-19,24.41000
2015-06-22,24.84000
2015-06-23,24.93000
2015-06-24,24.69000
2015-06-25,24.88000
2015-06-26,24.83000
2015-06-29,24.58000
2015-06-30,24.89000
2015-07-01,25.28000
2015-07-02,25.42000
2015-07-03,25.44000
2015-07-06,25.81000
2015-07-07,25.90000
2015-07-08,25.48000
2015-07-09,25.56000
2015-07-10,25.64000
2015-07-13,26.03000
2015-07-14,26.04000
2015-07-15,26.26000
2015-07-16,26.43000
2015-07-17,26.53000
2015-07-20,26.52000
2015-07-21,26.09000
2015-07-22,26.30000
2015-07-23,26.48000
2015-07-24,26.36000
2015-07-27,26.00000
2015-07-28,26.11000
2015-07-29,26.26000
2015-07-30,26.70000
2015-07-31,26.79000
2015-08-03,27.13000
2015-08-04,27.31000
2015-08-05,27.50000
2015-08-06,27.36000
2015-08-07,27.24000
2015-08-10,27.17000
2015-08-11,26.85000
2015-08-12,26.33000
2015-08-13,26.24000
2015-08-14,26.85000
2015-08-17,26.92000
2015-08-18,27.03000
2015-08-19,27.00000
2015-08-20,26.62000
2015-08-21,26.40000
2015-08-24,24.44000
2015-08-25,24.60000
2015-08-26,24.59000
2015-08-27,25.29000
2015-08-28,25.38000
2015-08-31,25.31000
2015-09-01,24.76000
2015-09-02,24.57000
2015-09-03,24.89000
2015-09-04,24.38000
2015-09-07,23.98000
2015-09-08,24.25000
2015-09-09,24.72000
2015-09-10,24.67000
2015-09-11,24.76000
2015-09-14,24.99000
2015-09-15,24.79000
2015-09-16,24.78000
2015-09-18,25.08000
2015-09-21,25.09000
2015-09-22,24.76000
2015-09-23,24.81000
2015-09-24,24.92000
2015-09-28,24.84000
2015-09-29,24.81000
2015-09-30,24.90000
2015-10-01,24.91000
2015-10-05,25.38000
2015-10-06,25.44000
2015-10-07,25.48000
2015-10-08,25.44000
2015-10-09,25.39000
2015-10-12,25.44000
2015-10-13,25.36000
2015-10-14,25.36000
2015-10-15,25.39000
2015-10-16,25.37000
2015-10-19,25.42000
2015-10-20,25.56000
2015-10-21,25.37000
2015-10-23,25.23000
2015-10-26,25.18000
2015-10-27,25.14000
2015-10-28,25.03000
2015-10-29,24.98000
2015-10-30,24.69000
2015-11-02,24.69000
2015-11-03,24.76000
2015-11-04,24.72000
2015-11-05,24.38000
2015-11-06,24.45000
2015-11-09,24.64000
2015-11-10,24.42000
2015-11-13,24.53000
2015-11-16,24.69000
2015-11-17,24.81000
2015-11-18,24.72000
2015-11-19,24.97000
2015-11-20,25.25000
2015-11-23,25.26000
2015-11-24,25.26000
2015-11-26,25.33000
2015-11-27,25.41000
2015-11-30,25.47000
2015-12-01,25.54000
2015-12-02,25.59000
2015-12-03,25.50000
2015-12-04,25.23000
2015-12-07,25.23000
2015-12-08,24.92000
2015-12-09,24.40000
2015-12-10,24.55000
2015-12-11,24.38000
2015-12-14,24.45000
2015-12-15,24.51000
2015-12-16,24.61000
2015-12-17,24.94000
2015-12-18,24.88000
2015-12-21,25.05000
2015-12-22,25.02000
2015-12-23,25.10000
2015-12-24,25.17000
2015-12-28,25.32000
2015-12-29,25.37000
2015-12-30,25.39000
2015-12-31,25.52000
2016-01-01,25.68000
2016-01-04,25.18000
2016-01-05,25.19000
2016-01-06,25.11000
2016-01-07,24.40000
2016-01-08,24.67000
2016-01-11,24.46000
2016-01-12,24.24000
2016-01-13,23.97000
2016-01-14,23.73000
2016-01-15,23.11000
2016-01-18,20.51000
2016-01-19,20.71000
2016-01-20,20.35000
2016-01-21,20.44000
2016-01-22,20.93000
2016-01-25,21.06000
2016-01-27,21.03000
2016-01-28,20.84000
2016-01-29,21.02000
2016-02-01,21.08000
2016-02-02,20.87000
2016-02-03,20.57000
2016-02-04,20.67000
2016-02-05,20.91000
2016-02-08,20.82000
2016-02-09,20.55000
2016-02-10,20.31000
2016-02-11,19.59000
2016-02-12,19.40000
2016-02-15,20.24000
2016-02-16,19.81000
2016-02-17,19.89000
2016-02-18,20.08000
2016-02-19,20.04000
2016-02-22,20.16000
2016-02-23,19.89000
2016-02-24,19.71000
2016-02-25,19.43000
2016-02-26,19.45000
2016-02-29,19.34000
2016-03-01,19.91000
2016-03-02,20.24000
2016-03-03,20.46000
2016-03-04,20.54000
2016-03-08,20.52000
2016-03-09,20.66000
2016-03-10,20.61000
2016-03-11,20.59000
2016-03-14,20.66000
2016-03-15,20.55000
2016-03-16,20.60000
2016-03-17,20.72000
2016-03-18,21.00000
2016-03-21,21.30000
2016-03-22,21.38000
2016-03-23,21.52000
2016-03-28,21.11000
2016-03-29,20.99000
2016-03-30,21.29000
2016-03-31,21.33000
2016-04-01,21.36000
2016-04-04,21.37000
2016-04-05,21.01000
2016-04-06,20.83000
2016-04-07,20.71000
2016-04-08,20.78000
2016-04-11,20.98000
2016-04-12,21.12000
2016-04-13,21.39000
2016-04-18,21.62000
2016-04-20,21.75000
2016-04-21,21.74000
2016-04-22,21.91000
2016-04-25,21.81000
2016-04-26,22.00000
2016-04-27,22.10000
2016-04-28,21.83000
2016-04-29,21.87000
2016-05-02,21.88000
2016-05-03,21.80000
2016-05-04,21.59000
2016-05-05,21.62000
2016-05-06,21.64000
2016-05-09,21.86000
2016-05-10,21.82000
2016-05-11,21.78000
2016-05-12,21.92000
2016-05-13,21.81000
2016-05-16,21.68000
2016-05-17,21.69000
2016-05-18,21.71000
2016-05-19,21.49000
2016-05-20,21.35000
2016-05-23,21.30000
2016-05-24,21.20000
2016-05-25,21.46000
2016-05-26,21.57000
2016-05-27,21.73000
2016-05-30,21.84000
2016-05-31,21.86000
2016-06-01,21.74000
2016-06-02,21.88000
2016-06-03,21.77000
2016-06-06,21.84000
2016-06-07,22.12000
2016-06-08,22.21000
2016-06-09,22.23000
2016-06-10,22.18000
2016-06-13,22.06000
2016-06-14,22.33000
2016-06-15,22.53000
2016-06-16,22.49000
2016-06-17,22.56000
2016-06-20,22.58000
2016-06-21,22.62000
2016-06-22,22.61000
2016-06-23,22.63000
2016-06-24,22.45000
2016-06-27,22.76000
2016-06-28,22.85000
2016-06-29,23.15000
2016-06-30,23.35000
2016-07-01,23.54000
2016-07-04,23.67000
2016-07-05,23.67000
2016-07-07,23.68000
2016-07-08,23.57000
2016-07-11,23.90000
2016-07-12,24.16000
2016-07-13,23.89000
2016-07-14,24.08000
2016-07-15,24.02000
2016-07-18,23.90000
2016-07-19,23.92000
2016-07-20,24.11000
2016-07-21,24.07000
2016-07-22,24.20000
2016-07-25,24.41000
2016-07-26,24.26000
2016-07-27,24.37000
2016-07-28,24.44000
2016-07-29,24.50000
2016-08-01,24.60000
2016-08-02,24.43000
2016-08-03,24.14000
2016-08-04,24.26000
2016-08-05,24.53000
2016-08-08,24.68000
2016-08-09,24.66000
2016-08-10,24.30000
2016-08-11,24.19000
2016-08-12,24.27000
2016-08-16,24.38000
2016-08-17,24.42000
2016-08-18,24.61000
2016-08-19,24.77000
2016-08-22,24.59000
2016-08-23,24.51000
2016-08-24,24.75000
2016-08-25,24.64000
2016-08-26,24.70000
2016-08-29,24.63000
2016-08-30,24.85000
2016-08-31,25.03000
2016-09-01,25.04000
2016-09-02,25.19000
2016-09-06,25.49000
2016-09-07,25.52000
2016-09-08,25.89000
2016-09-09,25.68000
2016-09-12,24.94000
2016-09-14,25.23000
2016-09-15,25.27000
2016-09-16,25.33000
2016-09-19,25.44000
2016-09-20,25.46000
2016-09-21,25.43000
2016-09-22,25.75000
2016-09-23,25.67000
2016-09-26,25.56000
2016-09-27,25.48000
2016-09-28,25.74000
2016-09-29,24.93000
2016-09-30,25.31000
2016-10-03,26.05000
2016-10-04,26.28000
2016-10-05,26.35000
2016-10-06,26.31000
2016-10-07,26.32000
2016-10-10,26.31000
2016-10-13,25.80000
2016-10-14,25.91000
2016-10-17,25.68000
2016-10-18,26.11000
2016-10-19,26.22000
2016-10-20,26.41000
2016-10-21,26.51000
2016-10-24,26.49000
2016-10-25,26.49000
2016-10-26,26.32000
2016-10-27,26.07000
2016-10-28,26.30000
2016-11-01,26.44000
2016-11-02,25.89000
2016-11-03,25.51000
2016-11-04,25.16000
2016-11-07,25.35000
2016-11-08,25.47000
2016-11-09,25.08000
2016-11-10,25.50000
2016-11-11,24.81000
2016-11-15,23.86000
2016-11-16,23.87000
2016-11-17,23.82000
2016-11-18,24.10000
2016-11-21,23.46000
2016-11-22,23.73000
2016-11-23,23.84000
2016-11-24,23.77000
2016-11-25,24.09000
2016-11-28,24.26000
2016-11-29,24.43000
2016-11-30,24.72000
2016-12-01,24.55000
2016-12-02,24.31000
2016-12-05,24.39000
2016-12-06,24.48000
2016-12-07,24.42000
2016-12-08,24.66000
2016-12-09,24.77000
2016-12-12,24.55000
2016-12-13,24.56000
2016-12-14,24.40000
2016-12-15,24.41000
2016-12-16,24.54000
2016-12-19,24.46000
2016-12-20,24.25000
2016-12-21,24.19000
2016-12-22,23.95000
2016-12-23,23.94000
2016-12-26,23.45000
2016-12-27,23.83000
2016-12-28,24.13000
2016-12-29,24.42000
2016-12-30,24.43000
2017-01-02,24.55000
2017-01-03,24.72000
2017-01-04,24.78000
2017-01-05,24.89000
2017-01-06,24.74000
2017-01-09,22.75000
2017-01-10,22.79000
2017-01-11,23.00000
2017-01-12,23.08000
2017-01-13,23.05000
2017-01-16,23.06000
2017-01-17,23.08000
2017-01-18,23.26000
2017-01-19,23.34000
2017-01-20,23.06000
2017-01-23,23.12000
2017-01-24,23.37000
2017-01-25,23.57000
2017-01-27,23.80000
2017-01-30,23.81000
2017-01-31,23.50000
2017-02-01,23.94000
2017-02-02,24.20000
2017-02-03,24.38000
2017-02-06,24.63000
2017-02-07,24.58000
2017-02-08,24.73000
2017-02-09,24.75000
2017-02-10,24.84000
2017-02-13,24.76000
2017-02-14,24.77000
2017-02-15,24.55000
2017-02-16,24.77000
2017-02-17,25.01000
2017-02-20,25.13000
2017-02-21,25.22000
2017-02-22,25.13000
2017-02-23,25.11000
2017-02-27,25.05000
2017-02-28,25.12000
2017-03-01,25.19000
2017-03-02,24.91000
2017-03-03,24.97000
2017-03-06,25.01000
2017-03-07,25.00000
2017-03-08,24.90000
2017-03-09,24.86000
2017-03-10,24.75000
2017-03-14,24.99000
2017-03-15,25.10000
2017-03-16,25.40000
2017-03-17,25.37000
2017-03-20,25.42000
2017-03-21,25.64000
2017-03-22,25.43000
2017-03-23,25.58000
2017-03-24,25.65000
2017-03-27,25.68000
2017-03-28,25.79000
2017-03-29,25.82000
2017-03-30,26.00000
2017-03-31,26.16000
2017-04-03,26.22000
2017-04-05,26.44000
2017-04-06,26.46000
2017-04-07,26.48000
2017-04-10,26.68000
2017-04-11,26.89000
2017-04-12,26.80000
2017-04-13,26.87000
2017-04-17,26.97000
2017-04-18,26.75000
2017-04-19,26.89000
2017-04-20,27.09000
2017-04-21,27.07000
2017-04-24,27.26000
2017-04-25,27.26000
2017-04-26,27.16000
2017-04-27,27.09000
2017-04-28,27.19000
2017-05-02,27.24000
2017-05-03,27.24000
2017-05-04,27.34000
2017-05-05,27.08000
2017-05-08,27.07000
2017-05-09,27.10000
2017-05-10,27.26000
2017-05-11,27.33000
2017-05-12,27.21000
2017-05-15,27.49000
2017-05-16,27.64000
2017-05-17,27.53000
2017-05-18,26.99000
2017-05-19,26.76000
2017-05-22,26.51000
2017-05-23,26.12000
2017-05-24,25.78000
2017-05-25,26.11000
2017-05-26,26.45000
2017-05-29,26.25000
2017-05-30,26.42000
2017-05-31,26.60000
2017-06-01,26.73000
2017-06-02,26.87000
2017-06-05,26.94000
2017-06-06,26.76000
2017-06-07,26.77000
2017-06-08,26.76000
2017-06-09,26.82000
2017-06-12,26.80000
2017-06-13,26.85000
2017-06-14,26.98000
2017-06-15,27.04000
2017-06-16,27.16000
2017-06-19,27.40000
2017-06-20,27.51000
2017-06-21,27.42000
2017-06-22,27.17000
2017-06-23,26.86000
2017-06-27,26.59000
2017-06-28,26.65000
2017-06-29,26.73000
2017-06-30,26.87000
2017-07-03,27.08000
2017-07-04,27.10000
2017-07-05,27.30000
2017-07-06,27.34000
2017-07-07,27.36000
2017-07-10,27.54000
2017-07-11,27.34000
2017-07-12,27.53000
2017-07-13,27.64000
2017-07-14,27.47000
2017-07-17,27.50000
2017-07-18,27.34000
2017-07-19,27.54000
2017-07-20,27.59000
2017-07-21,27.72000
2017-07-24,27.82000
2017-07-25,27.86000
2017-07-26,27.89000
2017-07-27,27.74000
2017-07-28,27.81000
2017-07-31,27.81000
2017-08-01,27.93000
2017-08-02,27.87000
2017-08-03,27.63000
2017-08-04,27.71000
2017-08-07,27.88000
2017-08-08,27.67000
2017-08-09,27.29000
2017-08-10,26.65000
2017-08-11,26.53000
2017-08-14,27.17000
2017-08-16,27.61000
2017-08-17,27.65000
2017-08-18,27.59000
2017-08-21,27.24000
2017-08-22,27.18000
2017-08-23,27.40000
2017-08-24,27.48000
2017-08-28,27.66000
2017-08-29,27.34000
2017-08-30,27.72000
2017-08-31,27.84000
2017-09-01,28.09000
2017-09-04,27.84000
2017-09-05,28.09000
2017-09-06,28.19000
2017-09-07,28.32000
2017-09-08,28.39000
2017-09-11,28.72000
2017-09-12,29.04000
2017-09-13,28.82000
2017-09-14,28.87000
2017-09-15,28.84000
2017-09-18,28.98000
2017-09-19,29.12000
2017-09-20,29.08000
2017-09-21,29.02000
2017-09-22,28.29000
2017-09-25,27.97000
2017-09-26,28.17000
2017-09-27,27.75000
2017-09-28,27.83000
2017-09-29,28.06000
2017-10-03,28.20000
2017-10-04,28.38000
2017-10-05,28.59000
2017-10-06,28.96000
2017-10-09,28.95000
2017-10-10,29.15000
2017-10-11,29.03000
2017-10-12,29.27000
2017-10-13,29.27000
2017-10-16,29.29000
2017-10-17,29.37000
2017-10-18,29.25000
2017-10-23,29.29000
2017-10-24,29.39000
2017-10-25,29.63000
2017-10-26,29.89000
2017-10-27,29.98000
2017-10-30,30.24000
2017-10-31,30.35000
2017-11-01,30.52000
2017-11-02,30.52000
2017-11-03,30.59000
2017-11-06,30.65000
2017-11-07,30.33000
2017-11-08,30.06000
2017-11-09,30.30000
2017-11-10,30.22000
2017-11-13,30.06000
2017-11-14,29.93000
2017-11-15,29.63000
2017-11-16,29.72000
2017-11-17,29.95000
2017-11-20,26.43000
2017-11-21,26.51000
2017-11-22,26.56000
2017-11-23,26.76000
2017-11-24,27.00000
2017-11-27,27.07000
2017-11-28,27.13000
2017-11-29,27.21000
2017-11-30,27.10000
2017-12-01,26.71000
2017-12-04,26.70000
2017-12-05,26.81000
2017-12-06,26.57000
2017-12-07,26.89000
2017-12-08,27.04000
2017-12-11,27.11000
2017-12-12,26.90000
2017-12-13,26.71000
2017-12-14,26.72000
2017-12-15,26.97000
2017-12-18,27.20000
2017-12-19,27.54000
2017-12-20,27.67000
2017-12-21,27.91000
2017-12-22,28.06000
2017-12-26,28.11000
2017-12-27,28.12000
2017-12-28,28.13000
2017-12-29,28.24000
2018-01-01,28.24000
2018-01-02,28.12000
2018-01-03,28.38000
2018-01-04,28.61000
2018-01-05,28.92000
2018-01-08,29.16000
2018-01-09,29.04000
2018-01-10,28.98000
2018-01-11,28.93000
2018-01-12,28.96000
2018-01-15,28.97000
2018-01-16,28.45000
2018-01-17,28.55000
2018-01-18,28.04000
2018-01-19,28.16000
2018-01-22,28.35000
2018-01-23,28.46000
2018-01-24,28.27000
2018-01-25,28.08000
2018-01-29,27.87000
2018-01-30,27.77000
2018-01-31,27.56000
2018-02-01,27.57000
2018-02-02,26.66000
2018-02-05,26.58000
2018-02-06,26.25000
2018-02-07,26.68000
2018-02-08,27.28000
2018-02-09,27.40000
2018-02-12,27.61000
2018-02-14,27.59000
2018-02-15,27.24000
2018-02-16,26.95000
2018-02-19,26.77000
2018-02-20,26.80000
2018-02-21,26.75000
2018-02-22,26.53000
2018-02-23,26.97000
2018-02-26,27.19000
2018-02-27,27.15000
2018-02-28,27.17000
2018-03-01,27.05000
2018-03-05,26.78000
2018-03-06,26.57000
2018-03-07,26.18000
2018-03-08,26.25000
2018-03-09,26.22000
2018-03-12,26.31000
2018-03-13,26.57000
2018-03-14,26.55000
2018-03-15,26.57000
2018-03-16,26.26000
2018-03-19,24.59000
2018-03-20,24.56000
2018-03-21,24.61000
2018-03-22,24.53000
2018-03-23,24.27000
2018-03-26,24.56000
2018-03-27,24.88000
2018-03-28,24.72000
2018-04-02,25.19000
2018-04-03,25.39000
2018-04-04,25.15000
2018-04-05,25.55000
2018-04-06,25.68000
2018-04-09,25.74000
2018-04-10,25.75000
2018-04-11,25.75000
2018-04-12,25.81000
2018-04-13,25.78000
2018-04-16,25.81000
2018-04-17,25.89000
2018-04-18,25.83000
2018-04-19,25.94000
2018-04-20,25.80000
2018-04-23,26.02000
2018-04-24,26.04000
2018-04-25,25.87000
2018-04-26,25.90000
2018-04-27,26.03000
2018-04-30,26.17000
2018-05-02,26.01000
2018-05-03,25.79000
2018-05-04,25.71000
2018-05-07,25.94000
2018-05-08,25.93000
2018-05-09,25.80000
2018-05-10,25.62000
2018-05-11,25.74000
2018-05-14,25.61000
2018-05-15,25.43000
2018-05-16,25.25000
2018-05-17,25.39000
2018-05-18,25.14000
2018-05-21,24.85000
2018-05-22,24.91000
2018-05-23,24.83000
2018-05-24,24.79000
2018-05-25,25.07000
2018-05-28,25.34000
2018-05-29,25.15000
2018-05-30,25.10000
2018-05-31,25.06000
2018-06-01,24.74000
2018-06-04,24.47000
2018-06-05,24.18000
2018-06-06,24.39000
2018-06-07,24.75000
2018-06-08,24.85000
2018-06-11,24.76000
2018-06-12,24.85000
2018-06-13,24.78000
2018-06-14,24.71000
2018-06-15,24.57000
2018-06-18,24.46000
2018-06-19,24.26000
2018-06-20,24.27000
2018-06-21,24.17000
2018-06-22,24.17000
2018-06-25,23.99000
2018-06-26,23.90000
2018-06-27,23.60000
2018-06-28,23.36000
2018-06-29,23.72000
2018-07-02,23.61000
2018-07-03,23.80000
2018-07-04,23.84000
2018-07-05,23.71000
2018-07-06,23.79000
2018-07-09,24.05000
2018-07-10,24.24000
2018-07-11,24.12000
2018-07-12,24.14000
2018-07-13,23.93000
2018-07-16,23.51000
2018-07-17,23.85000
2018-07-18,23.65000
2018-07-19,23.53000
2018-07-20,23.57000
2018-07-23,23.66000
2018-07-24,23.95000
2018-07-25,24.02000
2018-07-26,24.13000
2018-07-27,24.35000
2018-07-30,24.47000
2018-07-31,24.60000
2018-08-01,24.52000
2018-08-02,24.56000
2018-08-03,24.73000
2018-08-06,24.76000
2018-08-07,24.61000
2018-08-08,24.65000
2018-08-09,24.74000
2018-08-10,24.59000
2018-08-13,24.51000
2018-08-14,24.61000
2018-08-16,24.49000
2018-08-17,24.65000
2018-08-20,24.71000
2018-08-21,24.86000
2018-08-23,24.85000
2018-08-24,24.76000
2018-08-27,24.85000
2018-08-28,24.77000
2018-08-29,24.74000
2018-08-30,24.93000
2018-08-31,24.96000
2018-09-03,24.95000
2018-09-04,24.49000
2018-09-05,24.44000
2018-09-06,24.51000
2018-09-07,24.70000
2018-09-10,24.44000
2018-09-11,24.17000
2018-09-12,24.21000
2018-09-14,24.50000
2018-09-17,24.41000
2018-09-18,24.10000
2018-09-19,24.05000
2018-09-21,23.73000
2018-09-24,23.38000
2018-09-25,23.37000
2018-09-26,23.48000
2018-09-27,23.13000
2018-09-28,22.87000
2018-10-01,22.82000
2018-10-03,22.68000
2018-10-04,22.33000
2018-10-05,21.88000
2018-10-08,21.58000
2018-10-09,21.42000
2018-10-10,22.07000
2018-10-11,21.81000
2018-10-12,22.34000
2018-10-15,22.62000
2018-10-16,22.78000
2018-10-17,22.51000
2018-10-19,22.22000
2018-10-22,22.08000
2018-10-23,21.85000
2018-10-24,21.97000
2018-10-25,21.85000
2018-10-26,21.84000
2018-10-29,22.21000
2018-10-30,22.36000
2018-10-31,22.69000
2018-11-01,22.81000
2018-11-02,23.00000
2018-11-05,22.93000
2018-11-06,22.93000
2018-11-09,23.34000
2018-11-12,23.09000
2018-11-13,23.10000
2018-11-14,23.08000
2018-11-15,23.15000
2018-11-16,23.13000
2018-11-19,23.23000
2018-11-20,22.98000
2018-11-21,23.04000
2018-11-22,22.98000
2018-11-26,23.05000
2018-11-27,22.15000
2018-11-28,22.11000
2018-11-29,22.26000
2018-11-30,22.41000
2018-12-03,22.41000
2018-12-04,22.41000
2018-12-05,22.07000
2018-12-06,21.84000
2018-12-07,21.87000
2018-12-10,21.55000
2018-12-11,21.95000
2018-12-12,22.53000
2018-12-13,22.66000
2018-12-14,22.60000
2018-12-17,22.61000
2018-12-18,22.62000
2018-12-19,22.87000
2018-12-20,22.89000
2018-12-21,22.61000
2018-12-24,22.52000
2018-12-26,22.54000
2018-12-27,22.61000
2018-12-28,22.76000
2018-12-31,22.87000
2019-01-01,22.85000
2019-01-02,22.63000
2019-01-03,22.51000
2019-01-04,22.59000
2019-01-07,22.65000
2019-01-08,22.56000
2019-01-09,22.58000
2019-01-10,22.63000
2019-01-11,22.50000
2019-01-14,22.35000
2019-01-15,22.54000
2019-01-16,22.53000
2019-01-17,22.47000
2019-01-18,22.41000
2019-01-21,22.23000
2019-01-22,22.20000
2019-01-23,22.13000
2019-01-24,22.00000
2019-01-25,21.76000
2019-01-28,21.44000
2019-01-29,21.45000
2019-01-30,21.57000
2019-01-31,21.71000
2019-02-01,21.75000
2019-02-04,21.58000
2019-02-05,21.49000
2019-02-06,21.46000
2019-02-07,21.58000
2019-02-08,21.35000
2019-02-11,21.00000
2019-02-12,20.98000
2019-02-13,21.00000
2019-02-14,21.02000
2019-02-15,20.91000
2019-02-18,20.72000
2019-02-19,20.81000
2019-02-20,20.94000
2019-02-21,21.09000
2019-02-22,21.18000
2019-02-25,21.25000
2019-02-26,21.20000
2019-02-27,21.21000
2019-02-28,21.32000
2019-03-01,21.60000
2019-03-05,22.04000
2019-03-06,22.24000
2019-03-07,22.23000
2019-03-08,22.23000
2019-03-11,22.61000
2019-03-12,22.84000
2019-03-13,22.80000
2019-03-14,22.69000
2019-03-15,22.71000
2019-03-18,22.71000
2019-03-19,22.82000
2019-03-20,22.77000
2019-03-22,22.69000
2019-03-25,22.50000
2019-03-26,22.71000
2019-03-27,22.86000
2019-03-28,23.02000
2019-03-29,23.18000
2019-04-01,23.27000
2019-04-02,23.27000
2019-04-03,23.04000
2019-04-04,23.01000
2019-04-05,23.19000
2019-04-08,23.07000
2019-04-09,23.06000
2019-04-10,23.11000
2019-04-11,23.12000
2019-04-12,23.20000
2019-04-15,23.34000
2019-04-16,23.36000
2019-04-18,23.20000
2019-04-22,22.90000
2019-04-23,22.95000
2019-04-24,22.98000
2019-04-25,22.99000
2019-04-26,23.04000
2019-04-30,22.85000
2019-05-02,22.74000
2019-05-03,22.72000
2019-05-06,22.64000
2019-05-07,22.47000
2019-05-08,22.21000
2019-05-09,22.17000
2019-05-10,22.21000
2019-05-13,21.85000
2019-05-14,21.93000
2019-05-15,21.85000
2019-05-16,21.95000
2019-05-17,22.12000
2019-05-20,22.67000
2019-05-21,22.53000
2019-05-22,22.59000
2019-05-23,22.55000
2019-05-24,23.09000
2019-05-27,23.45000
2019-05-28,23.42000
2019-05-29,23.20000
2019-05-30,23.37000
2019-05-31,23.43000
2019-06-03,23.52000
2019-06-04,23.46000
2019-06-06,23.11000
2019-06-07,23.08000
2019-06-10,22.95000
2019-06-11,23.04000
2019-06-12,22.89000
2019-06-13,22.82000
2019-06-14,22.70000
2019-06-17,22.48000
2019-06-18,22.46000
2019-06-19,22.27000
2019-06-20,22.54000
2019-06-21,22.60000
2019-06-24,22.57000
2019-06-25,22.74000
2019-06-26,22.87000
2019-06-27,22.93000
2019-06-28,22.92000
2019-07-01,22.97000
2019-07-02,23.00000
2019-07-03,23.01000
2019-07-04,22.94000
2019-07-05,22.65000
2019-07-08,22.21000
2019-07-09,22.30000
2019-07-10,22.18000
2019-07-11,22.30000
2019-07-12,22.38000
2019-07-15,22.30000
2019-07-16,22.45000
2019-07-17,22.47000
2019-07-18,22.23000
2019-07-19,21.89000
2019-07-22,21.91000
2019-07-23,21.87000
2019-07-24,21.60000
2019-07-25,21.63000
2019-07-26,21.68000
2019-07-29,21.45000
2019-07-30,21.22000
2019-07-31,21.44000
2019-08-01,21.22000
2019-08-02,21.12000
2019-08-05,20.89000
2019-08-06,21.21000
2019-08-07,21.12000
2019-08-08,21.25000
2019-08-09,21.39000
2019-08-13,20.98000
2019-08-14,21.16000
2019-08-16,21.16000
2019-08-19,21.17000
2019-08-20,21.03000
2019-08-21,20.70000
2019-08-22,20.31000
2019-08-23,20.59000
2019-08-26,20.79000
2019-08-27,20.93000
2019-08-28,20.78000
2019-08-29,20.68000
2019-08-30,20.90000
2019-09-03,20.59000
2019-09-04,20.66000
2019-09-05,20.74000
2019-09-06,20.91000
2019-09-09,21.08000
2019-09-11,21.31000
2019-09-12,21.29000
2019-09-13,21.41000
2019-09-16,21.35000
2019-09-17,21.04000
2019-09-18,21.13000
2019-09-19,20.91000
2019-09-20,21.98000
2019-09-23,22.61000
2019-09-24,22.48000
2019-09-25,22.06000
2019-09-26,22.25000
2019-09-27,22.22000
2019-09-30,22.05000
2019-10-01,21.69000
2019-10-03,21.64000
2019-10-04,21.45000
2019-10-07,21.40000
2019-10-09,21.64000
2019-10-10,21.38000
2019-10-11,21.47000
2019-10-14,21.44000
2019-10-15,21.45000
2019-10-16,21.45000
2019-10-17,21.69000
2019-10-18,21.94000
2019-10-22,22.05000
2019-10-23,22.11000
2019-10-24,21.99000
2019-10-25,21.91000
2019-10-29,22.32000
2019-10-30,22.42000
2019-10-31,22.78000
2019-11-01,22.82000
2019-11-04,22.80000
2019-11-05,22.60000
2019-11-06,22.54000
2019-11-07,22.61000
2019-11-08,22.48000
2019-11-11,22.56000
2019-11-13,22.47000
2019-11-14,20.27000
2019-11-15,20.23000
2019-11-18,20.33000
2019-11-19,20.42000
2019-11-20,20.39000
2019-11-21,20.26000
2019-11-22,20.26000
2019-11-25,20.54000
2019-11-26,20.38000
2019-11-27,20.49000
2019-11-28,20.67000
2019-11-29,20.67000
2019-12-02,20.56000
2019-12-03,20.37000
2019-12-04,20.44000
2019-12-05,20.40000
2019-12-06,20.16000
2019-12-09,20.13000
2019-12-10,19.94000
2019-12-11,20.01000
2019-12-12,20.13000
2019-12-13,20.32000
2019-12-16,20.17000
2019-12-17,20.30000
2019-12-18,20.21000
2019-12-19,20.22000
2019-12-20,20.24000
2019-12-23,20.22000
2019-12-24,20.24000
2019-12-26,20.21000
2019-12-27,20.42000
2019-12-30,20.43000
2019-12-31,20.46000
2020-01-01,20.50000
2020-01-02,20.77000
2020-01-03,20.70000
2020-01-06,20.30000
2020-01-07,20.37000
2020-01-08,20.35000
2020-01-09,20.62000
2020-01-10,20.66000
2020-01-13,20.82000
2020-01-14,20.97000
2020-01-15,21.10000
2020-01-16,21.26000
2020-01-17,21.29000
2020-01-20,21.16000
2020-01-21,21.23000
2020-01-22,21.23000
2020-01-23,21.39000
2020-01-24,21.54000
2020-01-27,21.43000
2020-01-28,21.39000
2020-01-29,21.46000
2020-01-30,21.32000
2020-01-31,21.21000
2020-02-03,20.78000
2020-02-04,20.95000
2020-02-05,21.08000
2020-02-06,21.27000
2020-02-07,21.42000
2020-02-10,21.15000
2020-02-11,21.06000
2020-02-12,20.92000
2020-02-13,20.87000
2020-02-14,20.74000
2020-02-17,20.59000
2020-02-18,20.44000
2020-02-19,20.79000
2020-02-20,20.96000
2020-02-24,20.67000
2020-02-25,20.59000
2020-02-26,20.38000
2020-02-27,20.31000
2020-02-28,19.70000
2020-03-02,19.28000
2020-03-03,19.64000
2020-03-04,19.40000
2020-03-05,19.39000
2020-03-06,18.99000
2020-03-09,18.17000
2020-03-11,17.97000
2020-03-12,16.66000
2020-03-13,17.19000
2020-03-16,16.18000
2020-03-17,15.69000
2020-03-18,14.79000
2020-03-19,14.35000
2020-03-20,14.93000
2020-03-23,13.02000
2020-03-24,13.23000
2020-03-25,13.61000
2020-03-26,13.99000
2020-03-27,13.91000
2020-03-30,13.56000
2020-03-31,13.94000
2020-04-01,13.67000
2020-04-03,13.32000
2020-04-07,14.00000
2020-04-08,14.28000
2020-04-09,14.74000
2020-04-13,14.59000
2020-04-15,14.79000
2020-04-16,14.99000
2020-04-17,15.29000
2020-04-20,15.42000
2020-04-21,14.91000
2020-04-22,15.13000
2020-04-23,15.31000
2020-04-24,14.89000
2020-04-27,14.96000
2020-04-28,15.08000
2020-04-29,15.26000
2020-04-30,15.66000
2020-05-04,14.95000
2020-05-05,14.78000
2020-05-06,14.88000
2020-05-07,14.83000
2020-05-08,14.81000
2020-05-11,14.84000
2020-05-12,14.81000
2020-05-13,15.10000
2020-05-14,14.96000
2020-05-15,14.93000
2020-05-18,14.29000
2020-05-19,14.43000
2020-05-20,14.63000
2020-05-21,14.83000
2020-05-22,14.76000
2020-05-26,14.93000
2020-05-27,14.99000
2020-05-28,15.29000
2020-05-29,15.43000
2020-06-01,16.10000
2020-06-02,16.35000
2020-06-03,16.37000
2020-06-04,16.35000
2020-06-05,16.75000
2020-06-08,16.66000
2020-06-09,16.53000
2020-06-10,16.69000
2020-06-11,16.43000
2020-06-12,16.52000
2020-06-15,16.35000
2020-06-16,16.40000
2020-06-17,16.41000
2020-06-18,16.63000
2020-06-19,16.85000
2020-06-22,17.06000
2020-06-23,17.23000
2020-06-24,16.97000
2020-06-25,17.12000
2020-06-26,17.20000
2020-06-29,16.96000
2020-06-30,16.96000
2020-07-01,17.06000
2020-07-02,17.36000
2020-07-03,17.46000
2020-07-06,17.68000
2020-07-07,17.86000
2020-07-08,17.74000
2020-07-09,17.90000
2020-07-10,17.83000
2020-07-13,17.81000
2020-07-14,17.65000
2020-07-15,17.56000
2020-07-16,17.69000
2020-07-17,17.93000
2020-07-20,18.14000
2020-07-21,18.14000
2020-07-22,18.19000
2020-07-23,18.46000
2020-07-24,18.38000
2020-07-27,18.25000
2020-07-28,18.34000
2020-07-29,18.41000
2020-07-30,18.34000
2020-07-31,18.38000
2020-08-03,18.41000
2020-08-04,18.48000
2020-08-05,18.61000
2020-08-06,18.79000
2020-08-07,18.80000
2020-08-10,19.06000
2020-08-11,19.06000
2020-08-12,19.10000
2020-08-13,19.47000
2020-08-14,19.41000
2020-08-17,19.50000
2020-08-18,19.78000
2020-08-19,19.89000
2020-08-20,20.12000
2020-08-21,20.22000
2020-08-24,20.52000
2020-08-25,20.56000
2020-08-26,20.66000
2020-08-27,20.66000
2020-08-28,20.71000
2020-08-31,19.94000
2020-09-01,20.08000
2020-09-02,20.25000
2020-09-03,20.32000
2020-09-04,20.00000
2020-09-07,19.86000
2020-09-08,19.58000
2020-09-09,19.54000
2020-09-10,19.65000
2020-09-11,19.70000
2020-09-14,20.32000
2020-09-15,20.65000
2020-09-16,20.65000
2020-09-17,20.55000
2020-09-18,20.55000
2020-09-21,19.91000
2020-09-22,19.63000
2020-09-23,19.57000
2020-09-24,19.21000
2020-09-25,19.65000
2020-09-28,20.07000
2020-09-29,20.05000
2020-09-30,20.09000
2020-10-01,20.22000
2020-10-05,20.35000
2020-10-06,20.50000
2020-10-07,20.38000
2020-10-08,20.27000
2020-10-09,20.21000
2020-10-12,19.96000
2020-10-13,19.90000
2020-10-14,19.93000
2020-10-15,19.66000
2020-10-16,19.93000
2020-10-19,20.02000
2020-10-20,20.08000
2020-10-21,20.18000
2020-10-22,20.25000
2020-10-23,20.38000
2020-10-26,20.14000
2020-10-27,20.27000
2020-10-28,20.19000
2020-10-29,20.13000
2020-10-30,20.19000
2020-11-02,20.24000
2020-11-03,20.32000
2020-11-04,20.33000
2020-11-05,20.71000
2020-11-06,20.73000
2020-11-09,20.98000
2020-11-10,20.97000
2020-11-11,21.01000
2020-11-12,21.13000
2020-11-13,19.54000
2020-11-17,19.98000
2020-11-18,20.21000
2020-11-19,20.08000
2020-11-20,20.27000
2020-11-23,20.44000
2020-11-24,20.64000
2020-11-25,20.40000
2020-11-26,20.59000
2020-11-27,21.09000
2020-12-01,21.26000
2020-12-02,21.44000
2020-12-03,21.53000
2020-12-04,21.67000
2020-12-07,21.85000
2020-12-08,21.78000
2020-12-09,21.84000
2020-12-10,21.67000
2020-12-11,21.67000
2020-12-14,22.04000
2020-12-15,22.20000
2020-12-16,22.44000
2020-12-17,22.34000
2020-12-18,22.28000
2020-12-21,21.38000
2020-12-22,21.52000
2020-12-23,22.14000
2020-12-24,22.16000
2020-12-28,22.41000
2020-12-29,22.43000
2020-12-30,22.43000
2020-12-31,22.42000
2021-01-01,22.76000
2021-01-04,23.14000
2021-01-05,23.26000
2021-01-06,23.33000
2021-01-07,23.55000
2021-01-08,23.77000
2021-01-11,23.69000
2021-01-12,23.85000
2021-01-13,23.78000
2021-01-14,23.82000
2021-01-15,23.58000
2021-01-18,23.08000
2021-01-19,23.52000
2021-01-20,23.69000
2021-01-21,23.45000
2021-01-22,23.17000
2021-01-25,22.92000
2021-01-27,22.63000
2021-01-28,22.51000
2021-01-29,22.45000
2021-02-01,23.10000
2021-02-02,23.72000
2021-02-03,24.07000
2021-02-04,24.33000
2021-02-05,24.11000
2021-02-08,24.44000
2021-02-09,24.51000
2021-02-10,24.71000
2021-02-11,24.88000
2021-02-12,24.85000
2021-02-15,25.08000
2021-02-16,25.07000
2021-02-17,25.08000
2021-02-18,24.99000
2021-02-19,24.67000
2021-02-22,24.34000
2021-02-23,24.58000
2021-02-24,24.82000
2021-02-25,25.20000
2021-02-26,24.94000
2021-03-01,25.22000
2021-03-02,25.57000
2021-03-03,26.00000
2021-03-04,26.16000
2021-03-05,25.72000
2021-03-08,25.82000
2021-03-09,25.76000
2021-03-10,25.93000
2021-03-12,25.77000
2021-03-15,25.69000
2021-03-16,25.76000
2021-03-17,25.23000
2021-03-18,24.97000
2021-03-19,25.17000
2021-03-22,25.31000
2021-03-23,25.38000
2021-03-24,24.89000
2021-03-25,24.58000
2021-03-26,24.95000
2021-03-30,25.21000
2021-03-31,25.26000
2021-04-01,25.50000
2021-04-05,25.09000
2021-04-06,25.16000
2021-04-07,25.55000
2021-04-08,25.79000
2021-04-09,25.84000
2021-04-12,24.64000
2021-04-13,24.86000
2021-04-15,24.80000
2021-04-16,25.02000
2021-04-19,24.59000
2021-04-20,24.63000
2021-04-22,24.69000
2021-04-23,24.83000
2021-04-26,25.15000
2021-04-27,25.53000
2021-04-28,25.82000
2021-04-29,25.68000
2021-04-30,25.52000
2021-05-03,25.71000
2021-05-04,25.57000
2021-05-05,25.73000
2021-05-06,25.98000
2021-05-07,26.01000
2021-05-10,26.16000
2021-05-11,26.35000
2021-05-12,26.11000
2021-05-14,25.87000
2021-05-17,26.18000
2021-05-18,26.60000
2021-05-19,26.63000
2021-05-20,26.65000
2021-05-21,26.99000
2021-05-24,27.20000
2021-05-25,27.32000
2021-05-26,27.45000
2021-05-27,27.49000
2021-05-28,27.52000
2021-05-31,27.66000
2021-06-01,27.55000
2021-06-02,27.73000
2021-06-03,28.03000
2021-06-04,28.24000
2021-06-07,28.65000
2021-06-08,28.74000
2021-06-09,28.51000
2021-06-10,29.00000
2021-06-11,29.00000
2021-06-14,28.91000
2021-06-15,29.07000
2021-06-16,28.86000
2021-06-17,28.57000
2021-06-18,28.34000
2021-06-21,28.52000
2021-06-22,28.58000
2021-06-23,28.53000
2021-06-24,28.61000
2021-06-25,29.03000
2021-06-28,29.13000
2021-06-29,29.06000
2021-06-30,29.14000
2021-07-01,29.25000
2021-07-02,29.28000
2021-07-05,29.49000
2021-07-06,29.55000
2021-07-07,29.66000
2021-07-08,29.59000
2021-07-09,29.62000
2021-07-12,29.77000
2021-07-13,29.99000
2021-07-14,30.23000
2021-07-15,30.24000
2021-07-16,30.37000
2021-07-19,30.31000
2021-07-20,29.79000
2021-07-22,30.05000
2021-07-23,30.16000
2021-07-26,30.23000
2021-07-27,30.15000
2021-07-28,29.97000
2021-07-29,30.35000
2021-07-30,30.53000
2021-08-02,30.76000
2021-08-03,30.95000
2021-08-04,30.70000
2021-08-05,30.56000
2021-08-06,30.56000
2021-08-09,30.43000
2021-08-10,29.96000
2021-08-11,29.95000
2021-08-12,30.23000
2021-08-13,30.18000
2021-08-16,30.14000
2021-08-17,30.20000
2021-08-18,30.22000
2021-08-20,29.61000
2021-08-23,29.29000
2021-08-24,29.63000
2021-08-25,29.68000
2021-08-26,29.61000
2021-08-27,29.91000
2021-08-30,30.38000
2021-08-31,30.65000
2021-09-01,30.85000
2021-09-02,30.95000
2021-09-03,30.93000
2021-09-06,31.09000
2021-09-07,31.04000
2021-09-08,31.05000
2021-09-09,31.17000
2021-09-13,31.23000
2021-09-14,31.52000
2021-09-15,31.84000
2021-09-16,31.85000
2021-09-17,31.49000
2021-09-20,31.03000
2021-09-21,31.34000
2021-09-22,31.99000
2021-09-23,32.29000
2021-09-24,32.12000
2021-09-27,32.19000
2021-09-28,31.90000
2021-09-29,31.87000
2021-09-30,32.03000
2021-10-01,32.04000
2021-10-04,32.46000
2021-10-05,32.68000
2021-10-06,32.26000
2021-10-07,32.76000
2021-10-08,32.88000
2021-10-11,33.00000
2021-10-12,33.09000
2021-10-13,33.59000
2021-10-14,33.67000
2021-10-18,33.74000
2021-10-19,33.30000
2021-10-20,33.05000
2021-10-21,32.90000
2021-10-22,32.80000
2021-10-25,32.46000
2021-10-26,32.85000
2021-10-27,32.76000
2021-10-28,32.37000
2021-10-29,32.33000
2021-11-01,32.75000
2021-11-02,33.06000
2021-11-03,32.97000
2021-11-08,33.76000
2021-11-09,34.04000
2021-11-10,33.96000
2021-11-11,33.70000
2021-11-12,33.95000
2021-11-15,33.95000
2021-11-16,33.78000
2021-11-17,33.69000
2021-11-18,30.65000
2021-11-22,29.68000
2021-11-23,30.18000
2021-11-24,30.18000
2021-11-25,30.28000
2021-11-26,29.41000
2021-11-29,29.09000
2021-11-30,29.35000
2021-12-01,29.51000
2021-12-02,29.69000
2021-12-03,29.68000
2021-12-06,29.29000
2021-12-07,29.61000
2021-12-08,30.10000
2021-12-09,30.18000
2021-12-10,30.36000
2021-12-13,30.50000
2021-12-14,30.38000
2021-12-15,30.17000
2021-12-16,30.04000
2021-12-17,29.51000
2021-12-20,28.68000
2021-12-21,29.00000
2021-12-22,29.32000
2021-12-23,29.62000
2021-12-24,29.29000
2021-12-27,29.27000
2021-12-28,29.63000
2021-12-29,29.57000
2021-12-30,29.68000
2021-12-31,30.02000
2022-01-03,30.30000
2022-01-04,30.33000
2022-01-05,30.36000
2022-01-06,30.32000
2022-01-07,30.41000
2022-01-10,30.74000
2022-01-11,30.78000
2022-01-12,31.18000
2022-01-13,31.29000
2022-01-14,31.30000
2022-01-17,31.34000
2022-01-18,30.84000
2022-01-19,30.75000
2022-01-20,30.48000
2022-01-21,29.87000
2022-01-24,28.95000
2022-01-25,29.21000
2022-01-27,29.02000
2022-01-28,29.43000
2022-01-31,29.99000
2022-02-01,30.26000
2022-02-02,30.46000
2022-02-03,30.15000
2022-02-04,29.89000
2022-02-07,29.63000
2022-02-08,29.34000
2022-02-09,29.70000
2022-02-10,29.77000
2022-02-11,29.11000
2022-02-14,28.06000
2022-02-15,28.75000
2022-02-16,28.68000
2022-02-17,28.55000
2022-02-18,28.38000
2022-02-21,28.09000
2022-02-22,27.92000
2022-02-23,27.98000
2022-02-24,26.75000
2022-02-25,27.54000
2022-02-28,27.65000
2022-03-02,27.59000
2022-03-03,27.53000
2022-03-04,26.96000
2022-03-07,26.43000
2022-03-08,26.75000
2022-03-09,27.35000
2022-03-10,27.55000
2022-03-11,27.73000
2022-03-14,27.81000
2022-03-15,27.55000
2022-03-16,28.09000
2022-03-17,28.36000
2022-03-21,28.19000
2022-03-22,28.31000
2022-03-23,28.42000
2022-03-24,28.57000
2022-03-25,28.58000
2022-03-28,28.55000
2022-03-29,28.83000
2022-03-30,29.00000
2022-03-31,29.15000
2022-04-01,29.38000
2022-04-04,29.62000
2022-04-05,29.91000
2022-04-06,30.00000
2022-04-07,29.86000
2022-04-08,30.17000
2022-04-11,30.10000
2022-04-12,29.74000
2022-04-13,29.72000
2022-04-18,29.36000
2022-04-19,28.96000
2022-04-20,29.04000
2022-04-21,29.28000
2022-04-22,29.08000
2022-04-25,28.58000
2022-04-26,28.98000
2022-04-27,28.87000
2022-04-28,29.29000
2022-04-29,29.07000
2022-05-02,28.77000
2022-05-04,28.12000
2022-05-05,28.11000
2022-05-06,27.60000
2022-05-09,27.23000
2022-05-10,26.85000
2022-05-11,26.64000
2022-05-12,26.08000
2022-05-13,26.23000
2022-05-16,26.55000
2022-05-17,27.15000
2022-05-18,27.11000
2022-05-19,26.43000
2022-05-20,26.92000
2022-05-23,27.04000
2022-05-24,26.80000
2022-05-25,26.46000
2022-05-26,26.77000
2022-05-27,27.03000
2022-05-30,27.71000
2022-05-31,27.80000
2022-06-01,27.84000
2022-06-02,27.96000
2022-06-03,27.65000
2022-06-06,27.45000
2022-06-07,27.31000
2022-06-08,27.29000
2022-06-09,27.42000
2022-06-10,27.24000
2022-06-13,26.58000
2022-06-14,26.48000
2022-06-15,26.56000
2022-06-16,26.00000
2022-06-17,25.91000
2022-06-20,25.68000
2022-06-21,26.26000
2022-06-22,26.00000
2022-06-23,26.38000
2022-06-24,26.67000
2022-06-27,26.93000
2022-06-28,27.01000
2022-06-29,26.93000
2022-06-30,26.80000
2022-07-01,27.01000
2022-07-04,27.26000
2022-07-05,27.23000
2022-07-06,27.58000
2022-07-07,27.95000
2022-07-08,28.03000
2022-07-11,28.21000
2022-07-12,28.12000
2022-07-13,28.11000
2022-07-14,28.03000
2022-07-15,28.26000
2022-07-18,28.67000
2022-07-19,28.79000
2022-07-20,28.83000
2022-07-21,29.13000
2022-07-22,29.22000
2022-07-25,29.18000
2022-07-26,28.82000
2022-07-27,28.94000
2022-07-28,29.22000
2022-07-29,29.54000
2022-08-01,29.85000
2022-08-02,29.95000
2022-08-03,29.73000
2022-08-04,29.69000
2022-08-05,29.72000
2022-08-08,29.79000
2022-08-10,29.70000
2022-08-11,29.97000
2022-08-12,30.00000
2022-08-16,30.19000
2022-08-17,30.30000
2022-08-18,30.42000
2022-08-19,30.03000
2022-08-22,29.59000
2022-08-23,29.81000
2022-08-24,29.99000
2022-08-25,30.09000
2022-08-26,30.18000
2022-08-29,29.90000
2022-08-30,30.43000
2022-09-01,30.45000
2022-09-02,30.41000
2022-09-05,30.63000
2022-09-06,30.64000
2022-09-07,30.88000
2022-09-08,31.09000
2022-09-09,31.13000
2022-09-12,31.41000
2022-09-13,31.47000
2022-09-14,31.66000
2022-09-15,31.64000
2022-09-16,30.90000
2022-09-19,31.04000
2022-09-20,31.44000
2022-09-21,31.18000
2022-09-22,31.19000
2022-09-23,30.42000
2022-09-26,29.62000
2022-09-27,29.83000
2022-09-28,29.72000
2022-09-29,29.91000
2022-09-30,30.41000
2022-10-03,30.04000
2022-10-04,30.63000
2022-10-06,31.00000
2022-10-07,30.89000
2022-10-10,30.65000
2022-10-11,30.20000
2022-10-12,30.35000
2022-10-13,30.17000
2022-10-14,30.20000
2022-10-17,30.29000
2022-10-18,30.57000
2022-10-19,30.67000
2022-10-20,30.64000
2022-10-21,30.55000
2022-10-25,30.74000
2022-10-27,30.99000
2022-10-28,30.75000
2022-10-31,31.05000
2022-11-01,31.25000
2022-11-02,31.30000
2022-11-03,31.43000
2022-11-04,31.42000
2022-11-07,31.61000
2022-11-09,31.34000
2022-11-10,28.30000
2022-11-11,28.44000
2022-11-14,28.46000
2022-11-15,28.53000
2022-11-16,28.27000
2022-11-17,28.14000
2022-11-18,28.03000
2022-11-21,28.01000
2022-11-22,28.02000
2022-11-23,28.16000
2022-11-24,28.24000
2022-11-25,28.39000
2022-11-28,28.56000
2022-11-29,28.59000
2022-11-30,28.81000
2022-12-01,28.99000
2022-12-02,29.14000
2022-12-05,29.21000
2022-12-06,29.07000
2022-12-07,28.90000
2022-12-08,29.08000
2022-12-09,28.91000
2022-12-12,29.04000
2022-12-13,29.08000
2022-12-14,29.17000
2022-12-15,28.90000
2022-12-16,28.56000
2022-12-19,28.71000
2022-12-20,28.62000
2022-12-21,28.25000
2022-12-22,28.00000
2022-12-23,27.09000
2022-12-26,27.59000
2022-12-27,27.95000
2022-12-28,28.00000
2022-12-29,28.14000
2022-12-30,28.26000
2023-01-02,28.45000
2023-01-03,28.44000
2023-01-04,28.21000
2023-01-05,28.37000
2023-01-06,28.19000
2023-01-09,28.30000
2023-01-10,28.25000
2023-01-11,28.38000
2023-01-12,28.37000
2023-01-13,28.46000
2023-01-16,28.24000
2023-01-17,28.14000
2023-01-18,28.33000
2023-01-19,28.36000
2023-01-20,28.14000
2023-01-23,28.18000
2023-01-24,28.05000
2023-01-25,27.86000
2023-01-27,27.50000
2023-01-30,27.44000
2023-01-31,27.87000
2023-02-01,27.51000
2023-02-02,27.33000
2023-02-03,27.32000
2023-02-06,27.40000
2023-02-07,27.40000
2023-02-08,27.73000
2023-02-09,27.70000
2023-02-10,27.74000
2023-02-13,27.38000
2023-02-14,27.23000
2023-02-15,27.39000
2023-02-16,27.51000
2023-02-17,27.40000
2023-02-20,27.43000
2023-02-21,27.31000
2023-02-22,26.98000
2023-02-23,26.90000
2023-02-24,26.70000
2023-02-27,26.42000
2023-02-28,26.54000
2023-03-01,26.91000
2023-03-02,26.91000
2023-03-03,27.05000
2023-03-06,27.18000
2023-03-08,27.18000
2023-03-09,27.02000
2023-03-10,26.91000
2023-03-13,26.52000
2023-03-14,26.45000
2023-03-15,26.48000
2023-03-16,26.46000
2023-03-17,26.60000
2023-03-20,26.34000
2023-03-21,26.47000
2023-03-22,26.54000
2023-03-23,26.41000
2023-03-24,26.06000
2023-03-27,25.99000
2023-03-28,25.82000
2023-03-29,26.21000
2023-03-31,26.43000
2023-04-03,26.47000
2023-04-05,26.47000
2023-04-06,26.59000
2023-04-10,26.73000
2023-04-11,26.85000
2023-04-12,26.99000
2023-04-13,26.97000
2023-04-17,27.07000
2023-04-18,27.20000
2023-04-19,27.15000
2023-04-20,27.13000
2023-04-21,26.96000
2023-04-24,27.00000
2023-04-25,27.02000
2023-04-26,27.03000
2023-04-27,27.17000
2023-04-28,27.45000
2023-05-02,27.71000
2023-05-03,27.74000
2023-05-04,27.91000
2023-05-05,27.71000
2023-05-08,27.94000
2023-05-09,27.91000
2023-05-10,27.96000
2023-05-11,28.12000
2023-05-12,28.01000
2023-05-15,28.15000
2023-05-16,28.10000
2023-05-17,27.96000
2023-05-18,27.80000
2023-05-19,27.67000
2023-05-22,27.83000
2023-05-23,28.02000
2023-05-24,27.96000
2023-05-25,28.06000
2023-05-26,28.26000
2023-05-29,28.26000
2023-05-30,28.34000
2023-05-31,28.43000
2023-06-01,28.43000
2023-06-02,28.59000
2023-06-05,28.70000
2023-06-06,28.92000
2023-06-07,29.20000
2023-06-08,28.99000
2023-06-09,28.94000
2023-06-12,29.19000
2023-06-13,29.38000
2023-06-14,29.57000
2023-06-15,29.63000
2023-06-16,29.79000
2023-06-19,29.74000
2023-06-20,29.84000
2023-06-21,30.00000
2023-06-22,29.77000
2023-06-23,29.38000
2023-06-26,29.57000
2023-06-27,29.62000
2023-06-28,29.72000
2023-06-30,29.80000
2023-07-03,29.89000
2023-07-04,29.80000
2023-07-05,30.04000
2023-07-06,30.27000
2023-07-07,30.18000
2023-07-10,29.99000
2023-07-11,30.26000
2023-07-12,30.30000
2023-07-13,30.23000
2023-07-14,30.47000
2023-07-17,30.56000
2023-07-18,30.40000
2023-07-19,30.59000
2023-07-20,30.61000
2023-07-21,30.46000
2023-07-24,30.45000
2023-07-25,30.78000
2023-07-26,30.90000
2023-07-27,30.94000
2023-07-28,31.10000
2023-07-31,31.42000
2023-08-01,31.40000
2023-08-02,30.98000
2023-08-03,30.89000
2023-08-04,31.00000
2023-08-07,30.97000
2023-08-08,31.03000
2023-08-09,31.17000
2023-08-10,31.26000
2023-08-11,31.19000
2023-08-14,30.94000
2023-08-16,31.10000
2023-08-17,31.05000
2023-08-18,31.04000
2023-08-21,31.27000
2023-08-22,31.46000
2023-08-23,31.53000
2023-08-24,31.57000
2023-08-25,31.33000
2023-08-28,31.58000
2023-08-29,31.78000
2023-08-30,31.98000
2023-08-31,31.98000
2023-09-01,32.25000
2023-09-04,32.51000
2023-09-05,32.82000
2023-09-06,32.90000
2023-09-07,32.94000
2023-09-08,33.09000
2023-09-11,33.41000
2023-09-12,32.51000
2023-09-13,32.61000
2023-09-14,32.95000
2023-09-15,32.97000
2023-09-18,32.84000
2023-09-20,32.66000
2023-09-21,32.43000
2023-09-22,32.22000
2023-09-25,32.31000
2023-09-26,32.38000
2023-09-27,32.46000
2023-09-29,32.58000
2023-10-03,32.70000
2023-10-04,32.37000
2023-10-05,32.36000
2023-10-06,32.53000
2023-10-09,32.14000
2023-10-10,32.42000
2023-10-11,32.67000
2023-10-12,32.77000
2023-10-13,32.73000
2023-10-16,32.76000
2023-10-17,32.89000
2023-10-18,32.64000
2023-10-19,32.60000
2023-10-20,32.23000
2023-10-23,31.52000
2023-10-25,31.35000
2023-10-26,31.07000
2023-10-27,31.44000
2023-10-30,31.43000
2023-10-31,31.33000
2023-11-01,31.33000
2023-11-02,31.67000
2023-11-03,31.99000
2023-11-06,32.39000
2023-11-07,32.50000
2023-11-08,32.87000
2023-11-09,32.85000
2023-11-10,32.87000
2023-11-13,33.06000
2023-11-15,33.46000
2023-11-16,30.91000
2023-11-17,31.01000
2023-11-20,30.92000
2023-11-21,31.03000
2023-11-22,30.99000
2023-11-23,31.33000
2023-11-24,31.53000
2023-11-28,31.73000
2023-11-29,31.93000
2023-11-30,32.33000
2023-12-01,32.51000
2023-12-04,32.92000
2023-12-05,33.03000
2023-12-06,33.06000
2023-12-07,33.29000
2023-12-08,33.19000
2023-12-11,33.41000
2023-12-12,33.37000
2023-12-13,33.71000
2023-12-14,34.01000
2023-12-15,33.93000
2023-12-18,33.95000
2023-12-19,33.90000
2023-12-20,32.86000
2023-12-21,33.34000
2023-12-22,33.63000
2023-12-26,33.80000
2023-12-27,33.96000
2023-12-28,34.26000
2023-12-29,34.40000
2024-01-01,34.55000
2024-01-02,34.58000
2024-01-03,34.60000
2024-01-04,35.00000
2024-01-05,35.21000
2024-01-08,34.97000
2024-01-09,35.26000
2024-01-10,35.20000
2024-01-11,35.52000
2024-01-12,35.58000
2024-01-15,35.67000
2024-01-16,35.44000
2024-01-17,35.06000
2024-01-18,35.11000
2024-01-19,35.59000
2024-01-23,34.51000
2024-01-24,35.12000
2024-01-25,35.08000
2024-01-29,35.68000
2024-01-30,35.63000
2024-01-31,36.33000
2024-02-01,36.19000
2024-02-02,36.64000
2024-02-05,36.68000
2024-02-06,37.05000
2024-02-07,37.05000
2024-02-08,36.85000
2024-02-09,36.54000
2024-02-12,35.72000
2024-02-13,35.68000
2024-02-14,36.09000
2024-02-15,36.77000
2024-02-16,37.10000
2024-02-19,37.23000
2024-02-20,37.19000
2024-02-21,36.93000
2024-02-22,37.12000
2024-02-23,37.27000
2024-02-26,37.21000
2024-02-27,37.19000
2024-02-28,36.51000
2024-02-29,36.66000
2024-03-01,36.98000
2024-03-04,37.14000
2024-03-05,37.10000
2024-03-06,36.88000
2024-03-07,37.07000
2024-03-11,36.91000
2024-03-12,36.53000
2024-03-13,35.12000
2024-03-14,35.76000
2024-03-15,35.63000
2024-03-18,35.69000
2024-03-19,35.38000
2024-03-20,35.30000
2024-03-21,36.01000
2024-03-22,36.35000
2024-03-26,36.64000
2024-03-27,36.80000
2024-03-28,36.99000
2024-03-31,36.99000
2024-04-01,37.57000
2024-04-02,38.02000
2024-04-03,38.07000
2024-04-04,37.96000
2024-04-05,38.08000
2024-04-08,38.36000
2024-04-09,38.17000
2024-04-10,38.32000
2024-04-12,38.07000
2024-04-15,37.70000
2024-04-16,37.80000
2024-04-18,37.78000
2024-04-19,37.73000
2024-04-22,38.07000
2024-04-23,38.34000
2024-04-24,38.63000
2024-04-25,38.73000
2024-04-26,38.83000
2024-04-29,38.86000
2024-04-30,39.05000
2024-05-02,39.36000
2024-05-03,39.21000
2024-05-06,39.25000
2024-05-07,38.54000
2024-05-08,38.87000
2024-05-09,38.15000
2024-05-10,38.39000
2024-05-13,38.76000
2024-05-14,39.21000
2024-05-15,39.50000
2024-05-16,39.99000
2024-05-17,40.59000
2024-05-21,41.02000
2024-05-22,41.15000
2024-05-23,41.41000
2024-05-24,41.52000
2024-05-27,41.61000
2024-05-28,41.31000
2024-05-29,41.21000
2024-05-30,40.66000
2024-05-31,40.89000
2024-06-03,42.28000
2024-06-04,39.33000
2024-06-05,40.70000
2024-06-06,41.72000
2024-06-07,42.23000
2024-06-10,42.59000
2024-06-11,42.91000
2024-06-12,43.29000
2024-06-13,43.58000
2024-06-14,44.13000
2024-06-18,44.40000
2024-06-19,43.87000
2024-06-20,44.25000
2024-06-21,44.09000
2024-06-24,44.38000
2024-06-25,44.28000
2024-06-26,44.22000
2024-06-27,44.06000
2024-06-28,44.17000
2024-07-01,44.55000
2024-07-02,44.45000
2024-07-03,44.71000
2024-07-04,44.84000
2024-07-05,45.00000
2024-07-08,44.75000
2024-07-09,45.02000
2024-07-10,44.75000
2024-07-11,44.68000
2024-07-12,44.61000
2024-07-15,44.74000
2024-07-16,44.91000
2024-07-18,44.62000
2024-07-19,43.56000
2024-07-22,43.85000
2024-07-23,43.68000
2024-07-24,44.06000
2024-07-25,43.92000
2024-07-26,44.71000
2024-07-29,45.16000
2024-07-30,45.40000
2024-07-31,45.59000
2024-08-01,45.24000
2024-08-02,44.53000
2024-08-05,43.01000
2024-08-06,42.83000
2024-08-07,43.71000
2024-08-08,43.48000
2024-08-09,43.82000
2024-08-12,43.90000
2024-08-13,43.39000
2024-08-14,43.20000
2024-08-16,43.85000
2024-08-19,44.03000
2024-08-20,44.26000
2024-08-21,44.42000
2024-08-22,44.66000
2024-08-23,44.48000
2024-08-26,44.85000
2024-08-27,44.80000
2024-08-28,44.83000
2024-08-29,44.78000
2024-08-30,45.30000
2024-09-02,45.13000
2024-09-03,45.19000
2024-09-04,45.33000
2024-09-05,45.40000
2024-09-06,45.01000
2024-09-09,44.76000
2024-09-10,45.24000
2024-09-11,45.03000
2024-09-12,45.54000
2024-09-13,45.85000
2024-09-16,45.98000
2024-09-17,45.94000
2024-09-18,45.77000
2024-09-19,45.63000
2024-09-20,46.27000
2024-09-23,46.63000
2024-09-24,46.78000
2024-09-25,46.64000
2024-09-26,46.60000
2024-09-27,46.69000
2024-09-30,46.54000
2024-10-01,46.71000
2024-10-03,45.85000
2024-10-04,45.40000
2024-10-07,44.32000
2024-10-08,45.06000
2024-10-09,45.62000
2024-10-10,45.69000
2024-10-11,45.84000
2024-10-14,46.01000
2024-10-15,46.14000
2024-10-16,46.22000
2024-10-17,45.27000
2024-10-18,45.43000
2024-10-21,44.73000
2024-10-22,43.55000
2024-10-23,43.65000
2024-10-24,43.57000
2024-10-25,42.92000
2024-10-28,43.02000
2024-10-29,43.35000
2024-10-30,43.58000
2024-10-31,43.56000
2024-11-04,43.35000
2024-11-05,43.74000
2024-11-06,44.64000
2024-11-07,44.30000
2024-11-08,43.66000
2024-11-11,43.44000
2024-11-12,42.96000
2024-11-13,41.97000
2024-11-14,42.12000
2024-11-18,38.58000
2024-11-19,38.92000
2024-11-21,38.65000
2024-11-22,39.31000
2024-11-25,39.93000
2024-11-26,39.90000
2024-11-27,40.06000
2024-11-28,39.98000
2024-11-29,40.26000
2024-12-02,40.79000
2024-12-03,41.15000
2024-12-04,41.34000
2024-12-05,41.40000
2024-12-06,41.53000
2024-12-09,41.70000
2024-12-10,41.91000
2024-12-11,42.11000
2024-12-12,41.90000
2024-12-13,41.86000
2024-12-16,42.02000
2024-12-17,41.58000
2024-12-18,41.35000
2024-12-19,41.03000
2024-12-20,40.10000
2024-12-23,40.25000
2024-12-24,40.27000
2024-12-26,40.33000
2024-12-27,40.27000
2024-12-30,39.95000
2024-12-31,40.06000
2025-01-01,40.20000
2025-01-02,40.55000
2025-01-03,40.47000
2025-01-06,39.50000
2025-01-07,39.71000
2025-01-08,39.31000
2025-01-09,38.96000
2025-01-10,38.28000
2025-01-13,36.72000
2025-01-14,37.48000
2025-01-15,37.77000
2025-01-16,38.32000
2025-01-17,38.32000
2025-01-20,38.45000
2025-01-21,37.73000
2025-01-22,37.30000
2025-01-23,37.98000
2025-01-24,37.30000
2025-01-27,36.22000
2025-01-28,36.04000
2025-01-29,36.93000
2025-01-30,37.16000
2025-01-31,37.76000
2025-02-03,37.23000
2025-02-04,37.61000
2025-02-05,38.00000
2025-02-06,37.66000
2025-02-07,37.69000
2025-02-10,37.02000
2025-02-11,35.97000
2025-02-12,35.78000
2025-02-13,36.00000
2025-02-14,35.09000
2025-02-17,35.11000
2025-02-18,35.04000
2025-02-19,35.46000
2025-02-20,36.05000
2025-02-21,35.90000
2025-02-24,35.36000
2025-02-25,35.27000
2025-02-27,34.73000
2025-02-28,34.02000
2025-03-03,34.16000
2025-03-04,34.21000
2025-03-05,34.96000
2025-03-06,35.33000
2025-03-07,35.24000
2025-03-10,34.67000
2025-03-11,34.85000
2025-03-12,34.62000
2025-03-13,34.24000
2025-03-17,34.63000
2025-03-18,35.34000
2025-03-19,36.03000
2025-03-20,36.13000
2025-03-21,36.51000
2025-03-24,36.83000
2025-03-25,36.50000
2025-03-26,36.36000
2025-03-27,36.64000
2025-03-28,36.58000
2025-03-31,36.57000
2025-04-01,35.98000
2025-04-02,36.53000
2025-04-03,36.43000
2025-04-04,35.05000
2025-04-07,33.63000
2025-04-08,34.24000
2025-04-09,33.88000
2025-04-11,34.78000
2025-04-15,35.95000
2025-04-16,36.09000
2025-04-17,36.36000
2025-04-21,37.16000
2025-04-22,37.52000
2025-04-23,37.75000
2025-04-24,37.71000
2025-04-25,36.94000
2025-04-28,37.35000
2025-04-29,37.40000
2025-04-30,37.38000
2025-05-02,37.42000
2025-05-05,37.81000
2025-05-06,37.07000
2025-05-07,37.71000
2025-05-08,37.28000
2025-05-09,37.25000
2025-05-12,38.62000
2025-05-13,38.60000
2025-05-14,39.18000
2025-05-15,39.57000
2025-05-16,40.02000
2025-05-19,40.08000
2025-05-20,39.46000
2025-05-21,39.85000
2025-05-22,39.73000
2025-05-23,39.92000
2025-05-26,40.08000
2025-05-27,40.09000
2025-05-28,40.17000
2025-05-29,40.55000
2025-05-30,40.50000
2025-06-02,40.74000
2025-06-03,40.86000
2025-06-04,41.22000
2025-06-05,41.71000
2025-06-06,42.22000
2025-06-09,42.64000
2025-06-10,42.60000
2025-06-11,42.38000
2025-06-12,41.74000
2025-06-13,41.72000
2025-06-16,42.04000
2025-06-17,41.91000
2025-06-18,41.70000
2025-06-19,41.13000
2025-06-20,41.69000
2025-06-23,41.96000
2025-06-24,42.19000
2025-06-25,42.47000
2025-06-26,42.69000
2025-06-27,42.75000
2025-06-30,43.00000
2025-07-01,42.96000
2025-07-02,43.04000
2025-07-03,43.16000
2025-07-04,42.99000
2025-07-07,42.80000
2025-07-08,42.74000
2025-07-09,42.67000
2025-07-10,42.51000
2025-07-11,42.08000
2025-07-14,42.33000
2025-07-15,42.88000
2025-07-16,42.79000
2025-07-17,42.93000
2025-07-18,42.70000
2025-07-21,43.24000
2025-07-22,43.04000
2025-07-23,43.10000
2025-07-24,42.90000
2025-07-25,42.11000
2025-07-28,41.72000
2025-07-29,42.34000
2025-07-30,42.35000
2025-07-31,41.88000
2025-08-01,41.33000
2025-08-04,41.96000
2025-08-05,41.88000
2025-08-06,41.48000
2025-08-07,41.56000
2025-08-08,41.00000
2025-08-11,41.23000
2025-08-12,41.08000
2025-08-13,41.36000
2025-08-14,41.35000
2025-08-18,41.94000
2025-08-19,42.33000
2025-08-20,42.41000
2025-08-21,42.22000
2025-08-22,42.21000
2025-08-25,42.25000
2025-08-26,41.58000
2025-08-28,41.10000
2025-08-29,40.77000
2025-09-01,41.38000
2025-09-02,41.42000
2025-09-03,41.86000
2025-09-04,41.62000
2025-09-05,41.55000
2025-09-08,41.80000
2025-09-09,41.98000
2025-09-10,42.16000
2025-09-11,42.06000
2025-09-12,42.20000
2025-09-15,42.40000
2025-09-16,42.73000
2025-09-17,42.93000
2025-09-18,42.90000
2025-09-19,42.86000
2025-09-22,42.65000
2025-09-23,42.60000
2025-09-24,42.19000
2025-09-25,42.01000
2025-09-26,41.19000
2025-09-30,41.27000
2025-10-01,41.71000
2025-10-03,42.03000
2025-10-06,42.19000
2025-10-07,42.25000
2025-10-08,42.07000
2025-10-09,42.41000
2025-10-10,42.62000
2025-10-13,42.67000
2025-10-14,42.54000
2025-10-15,42.86000
2025-10-16,43.28000
2025-10-17,43.12000
2025-10-20,43.16000
2025-10-23,43.26000
2025-10-24,43.22000
2025-10-27,43.65000
2025-10-28,43.63000
2025-10-29,43.88000
2025-10-30,43.82000
2025-10-31,43.54000
2025-11-03,43.94000
2025-11-04,43.66000
2025-11-06,43.11000
2025-11-07,43.33000
2025-11-10,43.56000
2025-11-11,43.88000
2025-11-12,44.12000
2025-11-13,44.07000
2025-11-14,40.46000
2025-11-17,40.69000
2025-11-18,40.47000
2025-11-19,40.64000
2025-11-20,40.69000
2025-11-21,40.16000
2025-11-24,39.92000
2025-11-25,39.92000
2025-11-26,40.45000
2025-11-27,40.55000
2025-11-28,40.49000
2025-12-01,40.47000
2025-12-02,40.29000
2025-12-03,39.95000
2025-12-04,39.97000
2025-12-05,40.11000
2025-12-08,39.46000
2025-12-09,39.66000
2025-12-10,39.38000
2025-12-11,39.76000
2025-12-12,40.20000
2025-12-15,40.29000
2025-12-16,40.03000
2025-12-17,39.75000
2025-12-18,39.82000
2025-12-19,40.27000
2025-12-22,40.68000
2025-12-23,40.83000
2025-12-24,40.68000
2025-12-26,40.61000
2025-12-29,40.49000
2025-12-30,40.47000
2025-12-31,40.86000
2026-01-01,41.02000
2026-01-02,41.28000
2026-01-05,41.47000
2026-01-06,41.36000
2026-01-07,41.44000
2026-01-08,40.58000
2026-01-09,40.08000
2026-01-12,40.00000
2026-01-13,40.08000
2026-01-14,40.33000
2026-01-16,40.35000
2026-01-19,40.02000
2026-01-20,38.95000
2026-01-21,38.62000
2026-01-22,39.04000
2026-01-23,38.59000
2026-01-27,38.99000
2026-01-28,39.87000
2026-01-29,40.18000
2026-01-30,39.83000
2026-02-02,39.35000
2026-02-03,40.97000
2026-02-04,41.20000
2026-02-05,40.99000
2026-02-06,41.07000
2026-02-09,41.92000
2026-02-10,42.06000
2026-02-11,42.26000
2026-02-12,42.26000
2026-02-13,41.31000
2026-02-16,41.19000
2026-02-17,41.17000
2026-02-18,41.63000
2026-02-19,41.08000
2026-02-20,41.44000
2026-02-23,41.49000
2026-02-24,41.40000
2026-02-25,41.84000
2026-02-26,41.99000
2026-02-27,41.49000
2026-03-02,41.06000
2026-03-04,40.02000
2026-03-05,40.79000
2026-03-06,40.58000
2026-03-09,39.78000
2026-03-10,40.23000
2026-03-11,39.65000
2026-03-12,39.71000
2026-03-13,38.47000
2026-03-16,38.40000
2026-03-17,39.12000
2026-03-18,39.78000
2026-03-19,38.57000
2026-03-20,38.69000
2026-03-23,37.22000
2026-03-24,38.09000
2026-03-25,38.98000
2026-03-27,38.20000
2026-03-30,37.31000
2026-03-31,37.31000
2026-04-01,38.04000
2026-04-02,37.81000
2026-04-06,38.32000
2026-04-07,38.43000
2026-04-08,40.13000
2026-04-09,40.27000
2026-04-10,41.05000
2026-04-13,40.77000
2026-04-15,41.63000
2026-04-16,41.90000
2026-04-17,42.49000
2026-04-20,42.61000
2026-04-21,42.77000
2026-04-22,42.86000
2026-04-23,42.50000
2026-04-24,42.16000
2026-04-27,42.78000
2026-04-28,42.89000
2026-04-29,43.09000
2026-04-30,42.68000
2026-05-04,43.04000
2026-05-05,43.03000
2026-05-06,43.72000
2026-05-07,44.22000
2026-05-08,43.91000
2026-05-11,43.55000
2026-05-12,42.53000
2026-05-13,42.98000
2026-05-14,43.52000
2026-05-15,43.23000
2026-05-18,43.01000
2026-05-19,43.35000
2026-05-20,43.68000
2026-05-21,43.71000
2026-05-22,43.75000
2026-05-25,44.15000
2026-05-26,44.28000
2026-05-27,44.49000
2026-05-29,43.73000
2026-06-01,43.06000
2026-06-02,43.06000
2026-06-03,43.03000
2026-06-04,43.25000
2026-06-05,43.02000
2026-06-08,42.04000
2026-06-09,42.51000
2026-06-10,42.05000
2026-06-11,41.90000
2026-06-12,43.05000
2026-06-15,44.07000
2026-06-16,44.17000
2026-06-17,44.36000
2026-06-18,44.41000
2026-06-19,44.57000
2026-06-22,44.80000
2026-06-23,44.28000
2026-06-24,44.28000
2026-06-25,43.86000
2026-06-29,43.61000
2026-06-30,43.68000
2026-07-01,43.58000
2026-07-02,43.94000
2026-07-03,43.67000
2026-07-06,43.94000
2026-07-07,43.45000
2026-07-08,42.81000
2026-07-09,43.38000
2026-07-10,43.87000
2026-07-13,43.70000
2026-07-14,43.59000
2026-07-15,43.92000
2026-07-16,43.85000
2026-07-17,43.57000
2026-07-20,43.82000
2026-07-21,44.07000
2026-07-22,43.60000
2026-07-23,43.03000
2026-07-24,42.91000
2026-07-27,43.44000
2026-07-28,43.18000
2026-07-29,43.66000
2026-07-30,43.44000
2026-07-31,43.84000
2026-08-03,44.21000
2026-08-04,44.30000
2026-08-05,44.47000
2026-08-06,44.48000
2026-08-07,44.58000
2026-08-10,44.85000
2026-08-11,44.84000
2026-08-12,45.16000
2026-08-13,45.12000
2026-08-14,44.87000
2026-08-17,45.05000
2026-08-18,45.03000
2026-08-19,44.86000
2026-08-20,45.09000
2026-08-21,45.19000
2026-08-24,45.40000
2026-08-25,45.50000
2026-08-26,45.77000
2026-08-27,45.74000
2026-08-28,45.77000
2026-08-31,45.74000
2026-09-01,45.19000
2026-09-02,44.85000
2026-09-03,45.10000
2026-09-04,44.91000
2026-09-07,44.78000
2026-09-08,44.81000
