Date,NAV
2006-04-03,10.88120
2006-04-04,10.88320
2006-04-05,10.88560
2006-04-07,10.88920
2006-04-10,10.89480
2006-04-12,10.89830
2006-04-13,10.90020
2006-04-17,10.90720
2006-04-18,10.90890
2006-04-19,10.91080
2006-04-20,10.91290
2006-04-21,10.91480
2006-04-24,10.92050
2006-04-25,10.92240
2006-04-26,10.92420
2006-04-27,10.92610
2006-04-28,10.92800
2006-05-02,10.93550
2006-05-03,10.93740
2006-05-04,10.93910
2006-05-05,10.94090
2006-05-08,10.94640
2006-05-09,10.94830
2006-05-10,10.95010
2006-05-11,10.95190
2006-05-12,10.95380
2006-05-15,10.95920
2006-05-16,10.96110
2006-05-17,10.96290
2006-05-18,10.96480
2006-05-19,10.96670
2006-05-22,10.97230
2006-05-23,10.97410
2006-05-24,10.97600
2006-05-25,10.97780
2006-05-26,10.97970
2006-05-29,10.98540
2006-05-30,10.98730
2006-05-31,10.98920
2006-06-01,10.99110
2006-06-02,10.99290
2006-06-05,10.99810
2006-06-06,10.99990
2006-06-07,11.00190
2006-06-08,11.00370
2006-06-09,11.00540
2006-06-12,11.01060
2006-06-13,11.01240
2006-06-14,11.01450
2006-06-15,11.01630
2006-06-16,11.01810
2006-06-19,11.02370
2006-06-20,11.02560
2006-06-21,11.02760
2006-06-22,11.02960
2006-06-23,11.03120
2006-06-26,11.03710
2006-06-27,11.03900
2006-06-28,11.04090
2006-06-29,11.04280
2006-06-30,11.04480
2006-07-03,11.05010
2006-07-04,11.05200
2006-07-05,11.05390
2006-07-06,11.05580
2006-07-07,11.05770
2006-07-10,11.06330
2006-07-11,11.06520
2006-07-12,11.06720
2006-07-13,11.06920
2006-07-14,11.07120
2006-07-17,11.07700
2006-07-18,11.07900
2006-07-19,11.08110
2006-07-20,11.08310
2006-07-21,11.08510
2006-07-24,11.09100
2006-07-25,11.09300
2006-07-26,11.09500
2006-07-27,11.09700
2006-07-28,11.09900
2006-07-31,11.10510
2006-08-01,11.10720
2006-08-02,11.10920
2006-08-03,11.11130
2006-08-04,11.11330
2006-08-07,11.11940
2006-08-08,11.12160
2006-08-09,11.12370
2006-08-10,11.12570
2006-08-11,11.12780
2006-08-14,11.13380
2006-08-16,11.13790
2006-08-17,11.13990
2006-08-18,11.14200
2006-08-21,11.14830
2006-08-22,11.15040
2006-08-23,11.15250
2006-08-24,11.15460
2006-08-25,11.15670
2006-08-28,11.16300
2006-08-29,11.16510
2006-08-30,11.16720
2006-08-31,11.16950
2006-09-01,11.17150
2006-09-04,11.17780
2006-09-05,11.17990
2006-09-06,11.18200
2006-09-07,11.18410
2006-09-08,11.18610
2006-09-11,11.19240
2006-09-12,11.19470
2006-09-13,11.19670
2006-09-14,11.19880
2006-09-15,11.20090
2006-09-17,11.20510
2006-09-18,11.20720
2006-09-19,11.20930
2006-09-20,11.21150
2006-09-21,11.21360
2006-09-22,11.21580
2006-09-24,11.22010
2006-09-25,11.22220
2006-09-26,11.22440
2006-09-27,11.22650
2006-09-28,11.22870
2006-09-29,11.23090
2006-10-02,11.23760
2006-10-03,11.24010
2006-10-04,11.24220
2006-10-05,11.24430
2006-10-06,11.24640
2006-10-08,11.25060
2006-10-09,11.25270
2006-10-10,11.25490
2006-10-11,11.25710
2006-10-12,11.25930
2006-10-13,11.26150
2006-10-15,11.26590
2006-10-16,11.26810
2006-10-17,11.27030
2006-10-18,11.27250
2006-10-19,11.27470
2006-10-20,11.27690
2006-10-22,11.28140
2006-10-23,11.28360
2006-10-25,11.28810
2006-10-26,11.29030
2006-10-27,11.29250
2006-10-29,11.29680
2006-10-30,11.29910
2006-10-31,11.30130
2006-11-01,11.30350
2006-11-02,11.30570
2006-11-03,11.30800
2006-11-05,11.31250
2006-11-06,11.31480
2006-11-07,11.31700
2006-11-08,11.31930
2006-11-09,11.32160
2006-11-10,11.32390
2006-11-12,11.32850
2006-11-13,11.33070
2006-11-14,11.33300
2006-11-15,11.33530
2006-11-16,11.33750
2006-11-17,11.33970
2006-11-19,11.34420
2006-11-20,11.34650
2006-11-21,11.34860
2006-11-22,11.35080
2006-11-23,11.35300
2006-11-24,11.35520
2006-11-26,11.35950
2006-11-27,11.36170
2006-11-28,11.36390
2006-11-29,11.36610
2006-11-30,11.36830
2006-12-01,11.37060
2006-12-03,11.37500
2006-12-04,11.37720
2006-12-05,11.37940
2006-12-06,11.38160
2006-12-07,11.38380
2006-12-08,11.38600
2006-12-10,11.39040
2006-12-11,11.39260
2006-12-12,11.39490
2006-12-13,11.39720
2006-12-14,11.39950
2006-12-15,11.40190
2006-12-17,11.40670
2006-12-18,11.40910
2006-12-19,11.41150
2006-12-20,11.41390
2006-12-21,11.41630
2006-12-22,11.41880
2006-12-25,11.42660
2006-12-26,11.42930
2006-12-27,11.43200
2006-12-28,11.43470
2006-12-29,11.43800
2007-01-01,11.44750
2007-01-02,11.45060
2007-01-03,11.45310
2007-01-04,11.45540
2007-01-05,11.45780
2007-01-07,11.46260
2007-01-08,11.46510
2007-01-09,11.46760
2007-01-10,11.47000
2007-01-11,11.47250
2007-01-12,11.47490
2007-01-14,11.47980
2007-01-15,11.48230
2007-01-16,11.48470
2007-01-17,11.48720
2007-01-18,11.48970
2007-01-19,11.49210
2007-01-21,11.49700
2007-01-22,11.49950
2007-01-23,11.50190
2007-01-24,11.50440
2007-01-25,11.50680
2007-01-26,11.50920
2007-01-28,11.51410
2007-01-29,11.51650
2007-01-30,11.51900
2007-01-31,11.52140
2007-02-01,11.52390
2007-02-02,11.52640
2007-02-04,11.53130
2007-02-05,11.53380
2007-02-06,11.53630
2007-02-07,11.53880
2007-02-08,11.54120
2007-02-09,11.54370
2007-02-11,11.54850
2007-02-12,11.55100
2007-02-13,11.55350
2007-02-14,11.55590
2007-02-15,11.55830
2007-02-16,11.56080
2007-02-18,11.56590
2007-02-19,11.56840
2007-02-20,11.57100
2007-02-21,11.57350
2007-02-22,11.57610
2007-02-23,11.57850
2007-02-25,11.58310
2007-02-26,11.58550
2007-02-27,11.58790
2007-02-28,11.59050
2007-03-01,11.59300
2007-03-02,11.59540
2007-03-04,11.60010
2007-03-05,11.60260
2007-03-06,11.60510
2007-03-07,11.60760
2007-03-08,11.61010
2007-03-09,11.61260
2007-03-11,11.61740
2007-03-12,11.61990
2007-03-13,11.62240
2007-03-14,11.62490
2007-03-15,11.62740
2007-03-16,11.63010
2007-03-19,11.63860
2007-03-20,11.64210
2007-03-21,11.64760
2007-03-22,11.65180
2007-03-23,11.65480
2007-03-25,11.66080
2007-03-26,11.66380
2007-03-27,11.66690
2007-03-28,11.67120
2007-03-29,11.67400
2007-03-30,11.68160
2007-04-02,11.70440
2007-04-03,11.70770
2007-04-04,11.71060
2007-04-05,11.71330
2007-04-06,11.71590
2007-04-08,11.72130
2007-04-09,11.72410
2007-04-10,11.72690
2007-04-11,11.72960
2007-04-12,11.73220
2007-04-13,11.73490
2007-04-15,11.74020
2007-04-16,11.74290
2007-04-17,11.74600
2007-04-18,11.74900
2007-04-19,11.75190
2007-04-20,11.75480
2007-04-22,11.76040
2007-04-23,11.76340
2007-04-24,11.76650
2007-04-25,11.76940
2007-04-26,11.77220
2007-04-27,11.77510
2007-04-29,11.78080
2007-04-30,11.78370
2007-05-02,11.78940
2007-05-03,11.79230
2007-05-04,11.79530
2007-05-06,11.80080
2007-05-07,11.80360
2007-05-08,11.80640
2007-05-09,11.80920
2007-05-10,11.81160
2007-05-11,11.81410
2007-05-13,11.81920
2007-05-14,11.82220
2007-05-15,11.82520
2007-05-16,11.82810
2007-05-17,11.83100
2007-05-18,11.83390
2007-05-20,11.83950
2007-05-21,11.84230
2007-05-22,11.84510
2007-05-23,11.84800
2007-05-24,11.85080
2007-05-25,11.85370
2007-05-27,11.85930
2007-05-28,11.86220
2007-05-29,11.86460
2007-05-30,11.86710
2007-05-31,11.86960
2007-06-01,11.87200
2007-06-03,11.87670
2007-06-04,11.87890
2007-06-05,11.88110
2007-06-06,11.88310
2007-06-07,11.88550
2007-06-08,11.88770
2007-06-10,11.89220
2007-06-11,11.89450
2007-06-12,11.89700
2007-06-13,11.89920
2007-06-14,11.90130
2007-06-15,11.90350
2007-06-17,11.90780
2007-06-18,11.91000
2007-06-19,11.91230
2007-06-20,11.91450
2007-06-21,11.91670
2007-06-22,11.91900
2007-06-24,11.92380
2007-06-25,11.92600
2007-06-26,11.92840
2007-06-27,11.93100
2007-06-28,11.93370
2007-06-29,11.93650
2007-07-01,11.94150
2007-07-02,11.94400
2007-07-03,11.94640
2007-07-04,11.94900
2007-07-05,11.95140
2007-07-06,11.95370
2007-07-08,11.95840
2007-07-09,11.96090
2007-07-10,11.96350
2007-07-11,11.96580
2007-07-12,11.96820
2007-07-13,11.97050
2007-07-15,11.97470
2007-07-16,11.97690
2007-07-17,11.97950
2007-07-18,11.98200
2007-07-19,11.98440
2007-07-20,11.98670
2007-07-22,11.99140
2007-07-23,11.99400
2007-07-24,11.99630
2007-07-25,11.99840
2007-07-26,12.00050
2007-07-27,12.00240
2007-07-29,12.00640
2007-07-30,12.00860
2007-07-31,12.01070
2007-08-01,12.01290
2007-08-02,12.01510
2007-08-03,12.01740
2007-08-05,12.02220
2007-08-06,12.02490
2007-08-07,12.02740
2007-08-08,12.02960
2007-08-09,12.03190
2007-08-10,12.03430
2007-08-12,12.03910
2007-08-13,12.04150
2007-08-14,12.04390
2007-08-15,12.04620
2007-08-16,12.04860
2007-08-17,12.05110
2007-08-19,12.05610
2007-08-20,12.05860
2007-08-21,12.06100
2007-08-22,12.06350
2007-08-23,12.06610
2007-08-24,12.06850
2007-08-26,12.07350
2007-08-27,12.07610
2007-08-28,12.07860
2007-08-29,12.08110
2007-08-30,12.08370
2007-08-31,12.08630
2007-09-02,12.09140
2007-09-03,12.09390
2007-09-04,12.09640
2007-09-05,12.09890
2007-09-06,12.10140
2007-09-07,12.10400
2007-09-09,12.10900
2007-09-10,12.11170
2007-09-11,12.11420
2007-09-12,12.11660
2007-09-13,12.11920
2007-09-14,12.12160
2007-09-16,12.12670
2007-09-17,12.12920
2007-09-18,12.13170
2007-09-19,12.13420
2007-09-20,12.13680
2007-09-21,12.13940
2007-09-23,12.14460
2007-09-24,12.14740
2007-09-25,12.15000
2007-09-26,12.15260
2007-09-27,12.15520
2007-09-28,12.15830
2007-09-30,12.16390
2007-10-01,12.16640
2007-10-02,12.16890
2007-10-03,12.17170
2007-10-04,12.17420
2007-10-05,12.17690
2007-10-07,12.18160
2007-10-08,12.18430
2007-10-09,12.18690
2007-10-10,12.18950
2007-10-11,12.19210
2007-10-12,12.19450
2007-10-14,12.19950
2007-10-15,12.20210
2007-10-16,12.20460
2007-10-17,12.20710
2007-10-18,12.20960
2007-10-19,12.21220
2007-10-21,12.21730
2007-10-22,12.21980
2007-10-23,12.22230
2007-10-24,12.22490
2007-10-25,12.22750
2007-10-26,12.23010
2007-10-28,12.23520
2007-10-29,12.23780
2007-10-30,12.24040
2007-10-31,12.24300
2007-11-01,12.24550
2007-11-02,12.24810
2007-11-04,12.25310
2007-11-05,12.25570
2007-11-06,12.25830
2007-11-07,12.26090
2007-11-08,12.26360
2007-11-11,12.27150
2007-11-12,12.27430
2007-11-13,12.27710
2007-11-14,12.27970
2007-11-15,12.28250
2007-11-16,12.28520
2007-11-18,12.29060
2007-11-19,12.29330
2007-11-20,12.29610
2007-11-21,12.29890
2007-11-22,12.30160
2007-11-23,12.30420
2007-11-25,12.30960
2007-11-26,12.31230
2007-11-27,12.31510
2007-11-28,12.31780
2007-11-29,12.32060
2007-11-30,12.32330
2007-12-02,12.32880
2007-12-03,12.33150
2007-12-04,12.33430
2007-12-05,12.33700
2007-12-06,12.33970
2007-12-07,12.34240
2007-12-09,12.34810
2007-12-10,12.35090
2007-12-11,12.35370
2007-12-12,12.35640
2007-12-13,12.35930
2007-12-14,12.36210
2007-12-16,12.36770
2007-12-17,12.37040
2007-12-18,12.37310
2007-12-19,12.37580
2007-12-20,12.37860
2007-12-23,12.38680
2007-12-24,12.38960
2007-12-25,12.39240
2007-12-26,12.39520
2007-12-27,12.39790
2007-12-28,12.40070
2007-12-30,12.40630
2007-12-31,12.40910
2008-01-01,12.41200
2008-01-02,12.41480
2008-01-03,12.41750
2008-01-04,12.42010
2008-01-06,12.42560
2008-01-07,12.42830
2008-01-08,12.43100
2008-01-09,12.43370
2008-01-10,12.43640
2008-01-11,12.43910
2008-01-13,12.44450
2008-01-14,12.44720
2008-01-15,12.45060
2008-01-16,12.45330
2008-01-17,12.45600
2008-01-18,12.45860
2008-01-20,12.46380
2008-01-21,12.46660
2008-01-22,12.46940
2008-01-23,12.47230
2008-01-24,12.47520
2008-01-25,12.47810
2008-01-27,12.48380
2008-01-28,12.48670
2008-01-29,12.48940
2008-01-30,12.49240
2008-01-31,12.49540
2008-02-01,12.49840
2008-02-03,12.50400
2008-02-04,12.50680
2008-02-05,12.50960
2008-02-06,12.51240
2008-02-07,12.51500
2008-02-08,12.51770
2008-02-10,12.52290
2008-02-11,12.52570
2008-02-12,12.52830
2008-02-13,12.53100
2008-02-14,12.53360
2008-02-15,12.53630
2008-02-17,12.54190
2008-02-18,12.54470
2008-02-19,12.54750
2008-02-20,12.55030
2008-02-21,12.55310
2008-02-22,12.55590
2008-02-24,12.56150
2008-02-25,12.56430
2008-02-26,12.56710
2008-02-27,12.56990
2008-02-28,12.57270
2008-02-29,12.57540
2008-03-02,12.58090
2008-03-03,12.58370
2008-03-04,12.58650
2008-03-05,12.58920
2008-03-06,12.59180
2008-03-07,12.59450
2008-03-09,12.59990
2008-03-10,12.60280
2008-03-11,12.60560
2008-03-12,12.60840
2008-03-13,12.61130
2008-03-14,12.61420
2008-03-16,12.62010
2008-03-17,12.62310
2008-03-18,12.62600
2008-03-19,12.62900
2008-03-23,12.64110
2008-03-24,12.64410
2008-03-25,12.64710
2008-03-26,12.65010
2008-03-27,12.65330
2008-03-28,12.65620
2008-03-30,12.66260
2008-03-31,12.66570
2008-04-01,12.66870
2008-04-02,12.67160
2008-04-03,12.67460
2008-04-04,12.67760
2008-04-06,12.68300
2008-04-07,12.68580
2008-04-08,12.68860
2008-04-09,12.69120
2008-04-10,12.69400
2008-04-11,12.69680
2008-04-14,12.70530
2008-04-15,12.70810
2008-04-16,12.71090
2008-04-17,12.71380
2008-04-18,12.71660
2008-04-20,12.72220
2008-04-21,12.72500
2008-04-22,12.72790
2008-04-23,12.73080
2008-04-24,12.73370
2008-04-25,12.73640
2008-04-27,12.74190
2008-04-28,12.74480
2008-04-29,12.74770
2008-04-30,12.75050
2008-05-01,12.75330
2008-05-02,12.75620
2008-05-04,12.76190
2008-05-05,12.76480
2008-05-06,12.76750
2008-05-07,12.77040
2008-05-08,12.77330
2008-05-09,12.77620
2008-05-11,12.78190
2008-05-12,12.78480
2008-05-13,12.78770
2008-05-14,12.79060
2008-05-15,12.79360
2008-05-16,12.79650
2008-05-19,12.80530
2008-05-20,12.80820
2008-05-21,12.81110
2008-05-22,12.81400
2008-05-23,12.81680
2008-05-25,12.82260
2008-05-26,12.82560
2008-05-27,12.82840
2008-05-28,12.83140
2008-05-29,12.83440
2008-05-30,12.83760
2008-06-01,12.84360
2008-06-02,12.84650
2008-06-03,12.84940
2008-06-04,12.85220
2008-06-05,12.85510
2008-06-06,12.85790
2008-06-08,12.86370
2008-06-09,12.86660
2008-06-10,12.86950
2008-06-11,12.87250
2008-06-12,12.87550
2008-06-13,12.87860
2008-06-15,12.88460
2008-06-16,12.88760
2008-06-17,12.89070
2008-06-18,12.89380
2008-06-19,12.89680
2008-06-20,12.89980
2008-06-22,12.90590
2008-06-23,12.90900
2008-06-24,12.91200
2008-06-25,12.91510
2008-06-26,12.91820
2008-06-27,12.92120
2008-06-29,12.92740
2008-06-30,12.93050
2008-07-01,12.93370
2008-07-02,12.93670
2008-07-03,12.93960
2008-07-04,12.94260
2008-07-06,12.94860
2008-07-07,12.95160
2008-07-08,12.95480
2008-07-09,12.95790
2008-07-10,12.96100
2008-07-11,12.96420
2008-07-13,12.97040
2008-07-14,12.97370
2008-07-15,12.97680
2008-07-16,12.98000
2008-07-17,12.98320
2008-07-18,12.98620
2008-07-20,12.99250
2008-07-21,12.99560
2008-07-22,12.99880
2008-07-23,13.00200
2008-07-24,13.00510
2008-07-25,13.00830
2008-07-27,13.01460
2008-07-28,13.01780
2008-07-29,13.02100
2008-07-30,13.02420
2008-07-31,13.02740
2008-08-01,13.03050
2008-08-03,13.03680
2008-08-04,13.04010
2008-08-05,13.04340
2008-08-06,13.04680
2008-08-07,13.05010
2008-08-08,13.05330
2008-08-10,13.05980
2008-08-11,13.06320
2008-08-12,13.06660
2008-08-13,13.06990
2008-08-14,13.07320
2008-08-15,13.07650
2008-08-17,13.08310
2008-08-18,13.08640
2008-08-19,13.08980
2008-08-20,13.09310
2008-08-21,13.09650
2008-08-22,13.09960
2008-08-24,13.10630
2008-08-25,13.10970
2008-08-26,13.11300
2008-08-27,13.11630
2008-08-28,13.11960
2008-08-29,13.12280
2008-08-31,13.12940
2008-09-01,13.13280
2008-09-02,13.13610
2008-09-03,13.13940
2008-09-04,13.14270
2008-09-05,13.14600
2008-09-07,13.15260
2008-09-08,13.15590
2008-09-09,13.15920
2008-09-10,13.16250
2008-09-11,13.16590
2008-09-12,13.16910
2008-09-14,13.17580
2008-09-15,13.17930
2008-09-16,13.18290
2008-09-17,13.18640
2008-09-18,13.18990
2008-09-19,13.19360
2008-09-21,13.20070
2008-09-22,13.20440
2008-09-23,13.20800
2008-09-24,13.21150
2008-09-25,13.21510
2008-09-26,13.21870
2008-09-28,13.22570
2008-09-29,13.22940
2008-09-30,13.23310
2008-10-01,13.23690
2008-10-02,13.24070
2008-10-03,13.24450
2008-10-05,13.25160
2008-10-06,13.25510
2008-10-07,13.25870
2008-10-08,13.26210
2008-10-09,13.26560
2008-10-10,13.26940
2008-10-12,13.27630
2008-10-13,13.27980
2008-10-14,13.28330
2008-10-15,13.28680
2008-10-16,13.29020
2008-10-17,13.29350
2008-10-19,13.29980
2008-10-20,13.30320
2008-10-21,13.30650
2008-10-22,13.30980
2008-10-23,13.31280
2008-10-24,13.31580
2008-10-26,13.32300
2008-10-27,13.32650
2008-10-28,13.32990
2008-10-29,13.33330
2008-10-30,13.33700
2008-10-31,13.34060
2008-11-02,13.34640
2008-11-03,13.34980
2008-11-04,13.35300
2008-11-05,13.35650
2008-11-06,13.35970
2008-11-07,13.36300
2008-11-09,13.36990
2008-11-10,13.37330
2008-11-11,13.37670
2008-11-12,13.38020
2008-11-13,13.38360
2008-11-14,13.38610
2008-11-16,13.39370
2008-11-17,13.39710
2008-11-18,13.40050
2008-11-19,13.40390
2008-11-20,13.40720
2008-11-21,13.41050
2008-11-23,13.41750
2008-11-24,13.42090
2008-11-25,13.42430
2008-11-26,13.42790
2008-11-27,13.43140
2008-11-28,13.43490
2008-11-30,13.44190
2008-12-01,13.44530
2008-12-02,13.44860
2008-12-03,13.45190
2008-12-04,13.45520
2008-12-05,13.45860
2008-12-07,13.46530
2008-12-08,13.46850
2008-12-09,13.47180
2008-12-10,13.47510
2008-12-11,13.47840
2008-12-12,13.48180
2008-12-14,13.48850
2008-12-15,13.49190
2008-12-16,13.49540
2008-12-17,13.49890
2008-12-18,13.50230
2008-12-19,13.50580
2008-12-21,13.51290
2008-12-22,13.51630
2008-12-23,13.51980
2008-12-24,13.52320
2008-12-25,13.52670
2008-12-26,13.53000
2008-12-28,13.53670
2008-12-29,13.54010
2008-12-30,13.54350
2008-12-31,13.54690
2009-01-01,13.55020
2009-01-02,13.55350
2009-01-04,13.56000
2009-01-05,13.56330
2009-01-06,13.56650
2009-01-07,13.56970
2009-01-08,13.57300
2009-01-09,13.57600
2009-01-11,13.58180
2009-01-12,13.58480
2009-01-13,13.58790
2009-01-14,13.59090
2009-01-15,13.59390
2009-01-16,13.59730
2009-01-18,13.60310
2009-01-19,13.60640
2009-01-20,13.60950
2009-01-21,13.61260
2009-01-22,13.61570
2009-01-23,13.61910
2009-01-26,13.62780
2009-01-27,13.63090
2009-01-28,13.63400
2009-01-29,13.63710
2009-01-30,13.64000
2009-02-01,13.64600
2009-02-02,13.64900
2009-02-03,13.65210
2009-02-04,13.65510
2009-02-05,13.65830
2009-02-06,13.66130
2009-02-08,13.66750
2009-02-09,13.67060
2009-02-10,13.67360
2009-02-11,13.67650
2009-02-12,13.67930
2009-02-13,13.68220
2009-02-15,13.68800
2009-02-16,13.69100
2009-02-17,13.69390
2009-02-18,13.69670
2009-02-19,13.69960
2009-02-23,13.71100
2009-02-24,13.71390
2009-02-25,13.71670
2009-02-26,13.71960
2009-02-27,13.72240
2009-03-01,13.72810
2009-03-02,13.73090
2009-03-03,13.73370
2009-03-04,13.73640
2009-03-05,13.73910
2009-03-06,13.74190
2009-03-08,13.74740
2009-03-09,13.75000
2009-03-11,13.75530
2009-03-12,13.75790
2009-03-13,13.76030
2009-03-15,13.76520
2009-03-16,13.76790
2009-03-17,13.77030
2009-03-18,13.77270
2009-03-19,13.77550
2009-03-20,13.77800
2009-03-22,13.78320
2009-03-23,13.78560
2009-03-24,13.78830
2009-03-25,13.79090
2009-03-26,13.79360
2009-03-29,13.80180
2009-03-30,13.80450
2009-03-31,13.80770
2009-04-01,13.81070
2009-04-02,13.81310
2009-04-05,13.82050
2009-04-06,13.82270
2009-04-07,13.82490
2009-04-08,13.82750
2009-04-09,13.82960
2009-04-12,13.83710
2009-04-13,13.83950
2009-04-14,13.84190
2009-04-15,13.84410
2009-04-16,13.84650
2009-04-17,13.84900
2009-04-19,13.85350
2009-04-20,13.85640
2009-04-21,13.85880
2009-04-22,13.86120
2009-04-23,13.86370
2009-04-24,13.86610
2009-04-26,13.87100
2009-04-27,13.87340
2009-04-28,13.87580
2009-04-29,13.87810
2009-05-03,13.88740
2009-05-04,13.88970
2009-05-05,13.89190
2009-05-06,13.89420
2009-05-07,13.89650
2009-05-08,13.89860
2009-05-10,13.90300
2009-05-11,13.90510
2009-05-12,13.90740
2009-05-13,13.90940
2009-05-14,13.91160
2009-05-15,13.91360
2009-05-17,13.91750
2009-05-18,13.91970
2009-05-19,13.92190
2009-05-20,13.92410
2009-05-21,13.92610
2009-05-22,13.92810
2009-05-24,13.93190
2009-05-25,13.93400
2009-05-26,13.93620
2009-05-27,13.93820
2009-05-28,13.94030
2009-05-29,13.94240
2009-05-31,13.94660
2009-06-01,13.94860
2009-06-02,13.95060
2009-06-03,13.95280
2009-06-04,13.95450
2009-06-05,13.95680
2009-06-07,13.96110
2009-06-08,13.96320
2009-06-09,13.96520
2009-06-10,13.96720
2009-06-11,13.96920
2009-06-12,13.97120
2009-06-14,13.97510
2009-06-15,13.97710
2009-06-16,13.97890
2009-06-17,13.98110
2009-06-18,13.98300
2009-06-19,13.98500
2009-06-21,13.98910
2009-06-22,13.99110
2009-06-23,13.99310
2009-06-24,13.99500
2009-06-25,13.99700
2009-06-26,13.99900
2009-06-28,14.00290
2009-06-29,14.00520
2009-06-30,14.00730
2009-07-01,14.00940
2009-07-02,14.01150
2009-07-03,14.01340
2009-07-05,14.01710
2009-07-06,14.01930
2009-07-07,14.02140
2009-07-08,14.02350
2009-07-09,14.02570
2009-07-10,14.02780
2009-07-12,14.03210
2009-07-13,14.03440
2009-07-14,14.03650
2009-07-15,14.03880
2009-07-16,14.04090
2009-07-17,14.04270
2009-07-19,14.04640
2009-07-20,14.04840
2009-07-21,14.05050
2009-07-22,14.05250
2009-07-23,14.05430
2009-07-24,14.05630
2009-07-26,14.06010
2009-07-27,14.06210
2009-07-28,14.06400
2009-07-29,14.06590
2009-07-30,14.06790
2009-07-31,14.06980
2009-08-02,14.07350
2009-08-03,14.07540
2009-08-04,14.07850
2009-08-05,14.08040
2009-08-06,14.08250
2009-08-07,14.08430
2009-08-09,14.08790
2009-08-10,14.09000
2009-08-11,14.09160
2009-08-12,14.09360
2009-08-13,14.09520
2009-08-14,14.09730
2009-08-16,14.10130
2009-08-17,14.10350
2009-08-18,14.10540
2009-08-19,14.10730
2009-08-20,14.10920
2009-08-21,14.11120
2009-08-23,14.11520
2009-08-24,14.11710
2009-08-25,14.11910
2009-08-26,14.12100
2009-08-27,14.12260
2009-08-28,14.12410
2009-08-30,14.12700
2009-08-31,14.12880
2009-09-01,14.13060
2009-09-02,14.13240
2009-09-03,14.13410
2009-09-04,14.13590
2009-09-06,14.13940
2009-09-07,14.14110
2009-09-08,14.14300
2009-09-09,14.14470
2009-09-10,14.14650
2009-09-11,14.14800
2009-09-13,14.15120
2009-09-14,14.15280
2009-09-15,14.15460
2009-09-16,14.15640
2009-09-17,14.15850
2009-09-18,14.16010
2009-09-21,14.16510
2009-09-22,14.16660
2009-09-23,14.16850
2009-09-24,14.17020
2009-09-25,14.17180
2009-09-28,14.17680
2009-09-29,14.17850
2009-09-30,14.18030
2009-10-01,14.18200
2009-10-04,14.18720
2009-10-05,14.18900
2009-10-06,14.19070
2009-10-07,14.19250
2009-10-08,14.19440
2009-10-09,14.19620
2009-10-11,14.19980
2009-10-12,14.20160
2009-10-13,14.20340
2009-10-14,14.20520
2009-10-15,14.20700
2009-10-16,14.20890
2009-10-19,14.21460
2009-10-20,14.21640
2009-10-21,14.21830
2009-10-22,14.22000
2009-10-23,14.22160
2009-10-25,14.22480
2009-10-26,14.22670
2009-10-27,14.22850
2009-10-28,14.23020
2009-10-29,14.23200
2009-10-30,14.23380
2009-11-02,14.23920
2009-11-03,14.24100
2009-11-04,14.24280
2009-11-05,14.24440
2009-11-06,14.24620
2009-11-08,14.24960
2009-11-09,14.25120
2009-11-10,14.25290
2009-11-11,14.25460
2009-11-12,14.25640
2009-11-13,14.25810
2009-11-15,14.26150
2009-11-16,14.26320
2009-11-17,14.26490
2009-11-18,14.26670
2009-11-19,14.26850
2009-11-20,14.27030
2009-11-22,14.27390
2009-11-23,14.27570
2009-11-24,14.27760
2009-11-25,14.27940
2009-11-26,14.28120
2009-11-27,14.28290
2009-11-29,14.28620
2009-11-30,14.28790
2009-12-01,14.28970
2009-12-02,14.29150
2009-12-03,14.29320
2009-12-04,14.29490
2009-12-06,14.29800
2009-12-07,14.29970
2009-12-08,14.30140
2009-12-09,14.30320
2009-12-10,14.30480
2009-12-11,14.30650
2009-12-13,14.30980
2009-12-14,14.31140
2009-12-15,14.31310
2009-12-16,14.31480
2009-12-17,14.31650
2009-12-18,14.31810
2009-12-20,14.32150
2009-12-21,14.32320
2009-12-22,14.32480
2009-12-23,14.32660
2009-12-24,14.32840
2009-12-28,14.33560
2009-12-29,14.33730
2009-12-30,14.33900
2009-12-31,14.34080
2010-01-01,14.34250
2010-01-03,14.34610
2010-01-04,14.34780
2010-01-05,14.34940
2010-01-06,14.35120
2010-01-07,14.35270
2010-01-08,14.35450
2010-01-10,14.35800
2010-01-11,14.35970
2010-01-12,14.36150
2010-01-13,14.36310
2010-01-14,14.36480
2010-01-15,14.36640
2010-01-17,14.36970
2010-01-18,14.37140
2010-01-19,14.37310
2010-01-20,14.37490
2010-01-21,14.37650
2010-01-22,14.37810
2010-01-24,14.38120
2010-01-25,14.38290
2010-01-26,14.38460
2010-01-27,14.38630
2010-01-28,14.38800
2010-01-29,14.38960
2010-01-31,14.39290
2010-02-01,14.39460
2010-02-02,14.39620
2010-02-03,14.39780
2010-02-04,14.39930
2010-02-05,14.40100
2010-02-07,14.40440
2010-02-08,14.40600
2010-02-09,14.40760
2010-02-10,14.40920
2010-02-11,14.41080
2010-02-14,14.41540
2010-02-15,14.41700
2010-02-16,14.41860
2010-02-17,14.42000
2010-02-18,14.42170
2010-02-19,14.42310
2010-02-21,14.42620
2010-02-22,14.42790
2010-02-23,14.42950
2010-02-24,14.43100
2010-02-25,14.43280
2010-02-26,14.43450
2010-03-01,14.43940
2010-03-02,14.44080
2010-03-03,14.44240
2010-03-04,14.44400
2010-03-05,14.44560
2010-03-07,14.44860
2010-03-08,14.45020
2010-03-09,14.45160
2010-03-10,14.45350
2010-03-11,14.45510
2010-03-12,14.45680
2010-03-14,14.46020
2010-03-15,14.46190
2010-03-16,14.46370
2010-03-17,14.46540
2010-03-18,14.46720
2010-03-19,14.46890
2010-03-21,14.47220
2010-03-22,14.47400
2010-03-23,14.47610
2010-03-24,14.47820
2010-03-25,14.48010
2010-03-26,14.48220
2010-03-28,14.48620
2010-03-29,14.48820
2010-03-30,14.49020
2010-03-31,14.49230
2010-04-04,14.50050
2010-04-05,14.50240
2010-04-06,14.50420
2010-04-07,14.50600
2010-04-08,14.50800
2010-04-09,14.50970
2010-04-11,14.51340
2010-04-12,14.51540
2010-04-13,14.51720
2010-04-14,14.51910
2010-04-15,14.52100
2010-04-16,14.52260
2010-04-18,14.52630
2010-04-19,14.52820
2010-04-20,14.53000
2010-04-21,14.53180
2010-04-22,14.53380
2010-04-23,14.53550
2010-04-25,14.53870
2010-04-26,14.54090
2010-04-27,14.54270
2010-04-28,14.54470
2010-04-29,14.54650
2010-04-30,14.54850
2010-05-02,14.55220
2010-05-03,14.55410
2010-05-04,14.55610
2010-05-05,14.55800
2010-05-06,14.55990
2010-05-07,14.56170
2010-05-09,14.56530
2010-05-10,14.56730
2010-05-11,14.56920
2010-05-12,14.57110
2010-05-13,14.57300
2010-05-14,14.57480
2010-05-16,14.57860
2010-05-17,14.58050
2010-05-18,14.58240
2010-05-19,14.58440
2010-05-20,14.58640
2010-05-21,14.58840
2010-05-23,14.59230
2010-05-24,14.59450
2010-05-25,14.59660
2010-05-26,14.59880
2010-05-28,14.60330
2010-05-31,14.60990
2010-06-01,14.61210
2010-06-02,14.61470
2010-06-03,14.61730
2010-06-04,14.61960
2010-06-07,14.62650
2010-06-08,14.62890
2010-06-09,14.63120
2010-06-10,14.63360
2010-06-11,14.63590
2010-06-14,14.64300
2010-06-15,14.64540
2010-06-16,14.64750
2010-06-17,14.65020
2010-06-18,14.65360
2010-06-21,14.66130
2010-06-22,14.66400
2010-06-23,14.66630
2010-06-24,14.66860
2010-06-25,14.67090
2010-06-28,14.67860
2010-06-29,14.68070
2010-06-30,14.68330
2010-07-02,14.68830
2010-07-05,14.69540
2010-07-06,14.69800
2010-07-07,14.70030
2010-07-08,14.70270
2010-07-09,14.70510
2010-07-12,14.71230
2010-07-13,14.71480
2010-07-14,14.71710
2010-07-15,14.71950
2010-07-16,14.72190
2010-07-19,14.72910
2010-07-20,14.73130
2010-07-21,14.73360
2010-07-22,14.73600
2010-07-23,14.73850
2010-07-26,14.74550
2010-07-27,14.74780
2010-07-28,14.75010
2010-07-29,14.75250
2010-07-30,14.75470
2010-08-02,14.76170
2010-08-03,14.76450
2010-08-04,14.76700
2010-08-05,14.76870
2010-08-06,14.77220
2010-08-09,14.78030
2010-08-10,14.78100
2010-08-11,14.78150
2010-08-12,14.78360
2010-08-13,14.78480
2010-08-16,14.79270
2010-08-17,14.79400
2010-08-18,14.79580
2010-08-20,14.79900
2010-08-23,14.80580
2010-08-24,14.80900
2010-08-25,14.81210
2010-08-26,14.81420
2010-08-27,14.81600
2010-08-30,14.82290
2010-08-31,14.82510
2010-09-01,14.82750
2010-09-02,14.82980
2010-09-03,14.83230
2010-09-06,14.84010
2010-09-07,14.84250
2010-09-08,14.84480
2010-09-09,14.84720
2010-09-13,14.85730
2010-09-14,14.85890
2010-09-15,14.86190
2010-09-16,14.86460
2010-09-17,14.86780
2010-09-20,14.87570
2010-09-21,14.87780
2010-09-22,14.88030
2010-09-23,14.88300
2010-09-24,14.88590
2010-09-27,14.89280
2010-09-28,14.89580
2010-09-29,14.89910
2010-10-01,14.90440
2010-10-04,14.91220
2010-10-05,14.91470
2010-10-06,14.91620
2010-10-07,14.91890
2010-10-08,14.92120
2010-10-11,14.92930
2010-10-12,14.93030
2010-10-13,14.93280
2010-10-14,14.93440
2010-10-15,14.93600
2010-10-18,14.94280
2010-10-19,14.94300
2010-10-20,14.94600
2010-10-21,14.95020
2010-10-22,14.95420
2010-10-25,14.96210
2010-10-26,14.96460
2010-10-27,14.96630
2010-10-28,14.96890
2010-10-29,14.97110
2010-11-01,14.97900
2010-11-02,14.98350
2010-11-03,14.98710
2010-11-04,14.98950
2010-11-08,15.00040
2010-11-09,15.00030
2010-11-10,15.00280
2010-11-11,15.00470
2010-11-12,15.00620
2010-11-15,15.01330
2010-11-16,15.01600
2010-11-18,15.02040
2010-11-19,15.02230
2010-11-22,15.02890
2010-11-23,15.03060
2010-11-24,15.03190
2010-11-25,15.03280
2010-11-26,15.03330
2010-11-29,15.04010
2010-11-30,15.04300
2010-12-01,15.04540
2010-12-02,15.04770
2010-12-03,15.05000
2010-12-06,15.05580
2010-12-07,15.05570
2010-12-08,15.05680
2010-12-09,15.05920
2010-12-10,15.05750
2010-12-13,15.06690
2010-12-14,15.06730
2010-12-15,15.06760
2010-12-16,15.07560
2010-12-20,15.08970
2010-12-21,15.08650
2010-12-22,15.08710
2010-12-23,15.08910
2010-12-24,15.08990
2010-12-27,15.09710
2010-12-28,15.10050
2010-12-29,15.10370
2010-12-30,15.11320
2010-12-31,15.12210
2011-01-03,15.12630
2011-01-04,15.12970
2011-01-05,15.13820
2011-01-06,15.14140
2011-01-07,15.13740
2011-01-10,15.14250
2011-01-11,15.13990
2011-01-12,15.13860
2011-01-13,15.14010
2011-01-14,15.14300
2011-01-17,15.15280
2011-01-18,15.15540
2011-01-19,15.15640
2011-01-20,15.15760
2011-01-21,15.15920
2011-01-24,15.16890
2011-01-25,15.17150
2011-01-27,15.18110
2011-01-28,15.18400
2011-01-31,15.19310
2011-02-01,15.19560
2011-02-02,15.19810
2011-02-03,15.19780
2011-02-04,15.20140
2011-02-07,15.21050
2011-02-08,15.21340
2011-02-09,15.21610
2011-02-10,15.21950
2011-02-11,15.22280
2011-02-14,15.23230
2011-02-15,15.23390
2011-02-17,15.24070
2011-02-18,15.24410
2011-02-21,15.25400
2011-02-22,15.25690
2011-02-23,15.25940
2011-02-24,15.26150
2011-02-25,15.26350
2011-02-28,15.27440
2011-03-01,15.27840
2011-03-03,15.28610
2011-03-04,15.29060
2011-03-07,15.30180
2011-03-08,15.30640
2011-03-09,15.31250
2011-03-10,15.31850
2011-03-11,15.32760
2011-03-14,15.33790
2011-03-15,15.34070
2011-03-16,15.34660
2011-03-17,15.35360
2011-03-18,15.35500
2011-03-21,15.35860
2011-03-22,15.35630
2011-03-23,15.35750
2011-03-24,15.36430
2011-03-25,15.36830
2011-03-28,15.40550
2011-03-29,15.42930
2011-03-30,15.43570
2011-03-31,15.48120
2011-04-05,15.50280
2011-04-06,15.50660
2011-04-07,15.50630
2011-04-08,15.50820
2011-04-11,15.51590
2011-04-13,15.52040
2011-04-15,15.52850
2011-04-18,15.53610
2011-04-19,15.53820
2011-04-20,15.54020
2011-04-21,15.54310
2011-04-25,15.55690
2011-04-26,15.56130
2011-04-27,15.56520
2011-04-28,15.56890
2011-04-29,15.57290
2011-05-02,15.58230
2011-05-03,15.57840
2011-05-04,15.58170
2011-05-05,15.58360
2011-05-06,15.58730
2011-05-09,15.59860
2011-05-10,15.60440
2011-05-11,15.60810
2011-05-12,15.61210
2011-05-13,15.61670
2011-05-16,15.62780
2011-05-18,15.63400
2011-05-19,15.63760
2011-05-20,15.63920
2011-05-23,15.64870
2011-05-24,15.65000
2011-05-25,15.65150
2011-05-26,15.65450
2011-05-27,15.65650
2011-05-30,15.66610
2011-05-31,15.66980
2011-06-01,15.67320
2011-06-02,15.67870
2011-06-03,15.68180
2011-06-06,15.69540
2011-06-07,15.69930
2011-06-08,15.70300
2011-06-09,15.70940
2011-06-10,15.71520
2011-06-13,15.72720
2011-06-14,15.73260
2011-06-15,15.73610
2011-06-16,15.74580
2011-06-17,15.74920
2011-06-20,15.76510
2011-06-21,15.77130
2011-06-22,15.77150
2011-06-23,15.77260
2011-06-24,15.77620
2011-06-27,15.79060
2011-06-28,15.79850
2011-06-29,15.80510
2011-06-30,15.81430
2011-07-04,15.81980
2011-07-05,15.82360
2011-07-06,15.82510
2011-07-07,15.82930
2011-07-08,15.83350
2011-07-11,15.84500
2011-07-12,15.85260
2011-07-13,15.85960
2011-07-14,15.86690
2011-07-15,15.87380
2011-07-18,15.88580
2011-07-19,15.89060
2011-07-20,15.89530
2011-07-21,15.89690
2011-07-22,15.90000
2011-07-25,15.91010
2011-07-26,15.90390
2011-07-27,15.90510
2011-07-28,15.90930
2011-07-29,15.91310
2011-08-01,15.92470
2011-08-02,15.92860
2011-08-03,15.93160
2011-08-04,15.93630
2011-08-05,15.94680
2011-08-08,15.96570
2011-08-09,15.97060
2011-08-10,15.97200
2011-08-11,15.97620
2011-08-12,15.97720
2011-08-16,15.99040
2011-08-17,15.99220
2011-08-18,15.99650
2011-08-22,16.01640
2011-08-23,16.02570
2011-08-24,16.02780
2011-08-25,16.03130
2011-08-26,16.03260
2011-08-29,16.03950
2011-08-30,16.04220
2011-09-02,16.05370
2011-09-05,16.06730
2011-09-06,16.07280
2011-09-07,16.07620
2011-09-08,16.07980
2011-09-09,16.08370
2011-09-12,16.09340
2011-09-13,16.09630
2011-09-14,16.09850
2011-09-15,16.10130
2011-09-16,16.10520
2011-09-19,16.11890
2011-09-20,16.12200
2011-09-21,16.12360
2011-09-22,16.12810
2011-09-23,16.13160
2011-09-26,16.14010
2011-09-27,16.14430
2011-09-28,16.15030
2011-09-29,16.15470
2011-10-03,16.16990
2011-10-04,16.17380
2011-10-05,16.18140
2011-10-07,16.18920
2011-10-10,16.19970
2011-10-11,16.20280
2011-10-12,16.20520
2011-10-13,16.20850
2011-10-14,16.21200
2011-10-17,16.22120
2011-10-18,16.22510
2011-10-19,16.22880
2011-10-20,16.23400
2011-10-21,16.23820
2011-10-24,16.25010
2011-10-25,16.25750
2011-10-28,16.26800
2011-10-31,16.27980
2011-11-01,16.28270
2011-11-02,16.28580
2011-11-03,16.29010
2011-11-04,16.29400
2011-11-08,16.30980
2011-11-09,16.31310
2011-11-11,16.31900
2011-11-14,16.32920
2011-11-15,16.33210
2011-11-16,16.33650
2011-11-17,16.34150
2011-11-18,16.34570
2011-11-21,16.35610
2011-11-22,16.36000
2011-11-23,16.36140
2011-11-24,16.36540
2011-11-25,16.36680
2011-11-28,16.37940
2011-11-29,16.38410
2011-11-30,16.38870
2011-12-01,16.39460
2011-12-02,16.39950
2011-12-05,16.41440
2011-12-07,16.42460
2011-12-08,16.43250
2011-12-09,16.43710
2011-12-12,16.44930
2011-12-13,16.45370
2011-12-14,16.45760
2011-12-15,16.46240
2011-12-16,16.46930
2011-12-19,16.47980
2011-12-20,16.48140
2011-12-21,16.48400
2011-12-22,16.48400
2011-12-23,16.48570
2011-12-26,16.49670
2011-12-27,16.50070
2011-12-28,16.50470
2011-12-29,16.50860
2011-12-30,16.51460
2012-01-02,16.52710
2012-01-03,16.53140
2012-01-04,16.53530
2012-01-05,16.54000
2012-01-06,16.54410
2012-01-09,16.55810
2012-01-10,16.56240
2012-01-11,16.56380
2012-01-12,16.56410
2012-01-13,16.56670
2012-01-16,16.57910
2012-01-17,16.58240
2012-01-18,16.58650
2012-01-19,16.59290
2012-01-20,16.59840
2012-01-23,16.61140
2012-01-24,16.61640
2012-01-25,16.61570
2012-01-27,16.62360
2012-01-30,16.63590
2012-01-31,16.63910
2012-02-01,16.64300
2012-02-02,16.64740
2012-02-03,16.65180
2012-02-06,16.66420
2012-02-07,16.66830
2012-02-08,16.67050
2012-02-09,16.67150
2012-02-10,16.67440
2012-02-13,16.68440
2012-02-14,16.68690
2012-02-15,16.68870
2012-02-17,16.69260
2012-02-21,16.70890
2012-02-22,16.71410
2012-02-23,16.71850
2012-02-24,16.72200
2012-02-27,16.73180
2012-02-28,16.73150
2012-02-29,16.72940
2012-03-01,16.72570
2012-03-02,16.73210
2012-03-05,16.73990
2012-03-06,16.73650
2012-03-07,16.73660
2012-03-09,16.73970
2012-03-12,16.75370
2012-03-13,16.75140
2012-03-14,16.76190
2012-03-15,16.76170
2012-03-16,16.76440
2012-03-19,16.77860
2012-03-20,16.78360
2012-03-21,16.79850
2012-03-22,16.79880
2012-03-26,16.81920
2012-03-27,16.83490
2012-03-28,16.85560
2012-03-29,16.85850
2012-03-30,16.86000
2012-04-03,16.88760
2012-04-04,16.90020
2012-04-09,16.92610
2012-04-10,16.93210
2012-04-11,16.93910
2012-04-12,16.95120
2012-04-13,16.95680
2012-04-16,16.96870
2012-04-17,16.98360
2012-04-18,16.99650
2012-04-19,16.99690
2012-04-20,16.99970
2012-04-23,17.00450
2012-04-24,17.00650
2012-04-25,17.00840
2012-04-26,17.01290
2012-04-27,17.01700
2012-04-30,17.02930
2012-05-02,17.03260
2012-05-03,17.03430
2012-05-04,17.04010
2012-05-07,17.05220
2012-05-08,17.05440
2012-05-09,17.05590
2012-05-10,17.05730
2012-05-11,17.05850
2012-05-14,17.06900
2012-05-15,17.07550
2012-05-16,17.08040
2012-05-17,17.08360
2012-05-18,17.08680
2012-05-21,17.09620
2012-05-22,17.09830
2012-05-23,17.10170
2012-05-24,17.10400
2012-05-25,17.10710
2012-05-28,17.12190
2012-05-29,17.12710
2012-05-30,17.13140
2012-05-31,17.14370
2012-06-01,17.14810
2012-06-04,17.16620
2012-06-05,17.17230
2012-06-06,17.18310
2012-06-07,17.18920
2012-06-08,17.19700
2012-06-11,17.20620
2012-06-12,17.21290
2012-06-13,17.23470
2012-06-14,17.24020
2012-06-15,17.24290
2012-06-18,17.24070
2012-06-19,17.23900
2012-06-20,17.25200
2012-06-21,17.26370
2012-06-22,17.26620
2012-06-25,17.27710
2012-06-26,17.28670
2012-06-27,17.29220
2012-06-28,17.29860
2012-06-29,17.30630
2012-07-03,17.32240
2012-07-04,17.33440
2012-07-05,17.33960
2012-07-06,17.34970
2012-07-09,17.36260
2012-07-10,17.36260
2012-07-11,17.36450
2012-07-12,17.37190
2012-07-13,17.37820
2012-07-16,17.39340
2012-07-17,17.39930
2012-07-18,17.40780
2012-07-19,17.41360
2012-07-20,17.42060
2012-07-23,17.43430
2012-07-24,17.43990
2012-07-25,17.44840
2012-07-26,17.45300
2012-07-27,17.45450
2012-07-30,17.46620
2012-07-31,17.46640
2012-08-01,17.47090
2012-08-02,17.47830
2012-08-03,17.49100
2012-08-06,17.50560
2012-08-07,17.51530
2012-08-08,17.51780
2012-08-09,17.51670
2012-08-10,17.51730
2012-08-13,17.52930
2012-08-14,17.53240
2012-08-16,17.54040
2012-08-17,17.54490
2012-08-21,17.56220
2012-08-22,17.56820
2012-08-23,17.57430
2012-08-24,17.57830
2012-08-27,17.58770
2012-08-28,17.59070
2012-08-29,17.59360
2012-08-30,17.59900
2012-08-31,17.60410
2012-09-03,17.61600
2012-09-04,17.62060
2012-09-05,17.62850
2012-09-06,17.63510
2012-09-07,17.63780
2012-09-10,17.64880
2012-09-11,17.65240
2012-09-12,17.66040
2012-09-13,17.66440
2012-09-14,17.67000
2012-09-17,17.68260
2012-09-18,17.68710
2012-09-20,17.69200
2012-09-21,17.69690
2012-09-24,17.70970
2012-09-25,17.71400
2012-09-26,17.71990
2012-09-27,17.72910
2012-09-28,17.73860
2012-10-01,17.75370
2012-10-03,17.76450
2012-10-04,17.77470
2012-10-05,17.77980
2012-10-08,17.79320
2012-10-09,17.80030
2012-10-10,17.80580
2012-10-11,17.81280
2012-10-12,17.81710
2012-10-15,17.83190
2012-10-16,17.83880
2012-10-17,17.84600
2012-10-18,17.84950
2012-10-19,17.85490
2012-10-22,17.86150
2012-10-23,17.86380
2012-10-25,17.87010
2012-10-29,17.88160
2012-10-30,17.88520
2012-10-31,17.87980
2012-11-01,17.88310
2012-11-02,17.88650
2012-11-05,17.89670
2012-11-06,17.90050
2012-11-07,17.90400
2012-11-08,17.90900
2012-11-09,17.91170
2012-11-12,17.92220
2012-11-15,17.93290
2012-11-16,17.93650
2012-11-19,17.94720
2012-11-20,17.95230
2012-11-21,17.95610
2012-11-22,17.95770
2012-11-23,17.95960
2012-11-26,17.97090
2012-11-27,17.97450
2012-11-29,17.98110
2012-11-30,17.98700
2012-12-03,17.99810
2012-12-04,18.00340
2012-12-05,18.00680
2012-12-06,18.00960
2012-12-07,18.01230
2012-12-10,18.02450
2012-12-11,18.02520
2012-12-12,18.03050
2012-12-13,18.03710
2012-12-14,18.04040
2012-12-17,18.05390
2012-12-18,18.05670
2012-12-19,18.05920
2012-12-20,18.06120
2012-12-21,18.06760
2012-12-24,18.08220
2012-12-26,18.09210
2012-12-27,18.09520
2012-12-28,18.09970
2012-12-31,18.11670
2013-01-01,18.13050
2013-01-02,18.13830
2013-01-03,18.14830
2013-01-04,18.15410
2013-01-07,18.16680
2013-01-08,18.17170
2013-01-09,18.17470
2013-01-10,18.18380
2013-01-11,18.19100
2013-01-14,18.21070
2013-01-15,18.21420
2013-01-16,18.21390
2013-01-17,18.21760
2013-01-18,18.22060
2013-01-21,18.23250
2013-01-22,18.23420
2013-01-23,18.23740
2013-01-24,18.24170
2013-01-28,18.25650
2013-01-29,18.26390
2013-01-30,18.26350
2013-01-31,18.25680
2013-02-01,18.25240
2013-02-04,18.25380
2013-02-05,18.25390
2013-02-06,18.25450
2013-02-07,18.26460
2013-02-08,18.27120
2013-02-11,18.28210
2013-02-12,18.28220
2013-02-13,18.28380
2013-02-14,18.27460
2013-02-15,18.27600
2013-02-18,18.28690
2013-02-20,18.29730
2013-02-21,18.30150
2013-02-22,18.29870
2013-02-25,18.30920
2013-02-26,18.31160
2013-02-27,18.31630
2013-02-28,18.31700
2013-03-01,18.32510
2013-03-04,18.33900
2013-03-05,18.34700
2013-03-06,18.36170
2013-03-07,18.37220
2013-03-08,18.37620
2013-03-11,18.38590
2013-03-12,18.38880
2013-03-13,18.39840
2013-03-14,18.42240
2013-03-15,18.43000
2013-03-18,18.43970
2013-03-19,18.44370
2013-03-20,18.44810
2013-03-21,18.45370
2013-03-22,18.45850
2013-03-25,18.47170
2013-03-26,18.47280
2013-03-28,18.48630
2013-04-02,18.53010
2013-04-03,18.54610
2013-04-04,18.55620
2013-04-05,18.55950
2013-04-08,18.57630
2013-04-09,18.57610
2013-04-10,18.58470
2013-04-12,18.59920
2013-04-15,18.61260
2013-04-16,18.62540
2013-04-17,18.63980
2013-04-18,18.64600
2013-04-22,18.66460
2013-04-23,18.66830
2013-04-25,18.68010
2013-04-26,18.68530
2013-04-29,18.69620
2013-04-30,18.71700
2013-05-02,18.74270
2013-05-03,18.75220
2013-05-06,18.76340
2013-05-07,18.76870
2013-05-08,18.78170
2013-05-09,18.79930
2013-05-10,18.79990
2013-05-13,18.81450
2013-05-14,18.83990
2013-05-15,18.86030
2013-05-16,18.86360
2013-05-17,18.86810
2013-05-20,18.87420
2013-05-21,18.87830
2013-05-22,18.87460
2013-05-23,18.86440
2013-05-24,18.86710
2013-05-27,18.87910
2013-05-28,18.87580
2013-05-29,18.86690
2013-05-30,18.87030
2013-05-31,18.86770
2013-06-03,18.88490
2013-06-04,18.89140
2013-06-05,18.90320
2013-06-06,18.91070
2013-06-07,18.90750
2013-06-10,18.91130
2013-06-11,18.89730
2013-06-12,18.89160
2013-06-13,18.89550
2013-06-14,18.90090
2013-06-17,18.92550
2013-06-18,18.93950
2013-06-19,18.94270
2013-06-20,18.92650
2013-06-21,18.92430
2013-06-24,18.91580
2013-06-25,18.91240
2013-06-26,18.89940
2013-06-27,18.89850
2013-06-28,18.93820
2013-07-02,18.95900
2013-07-03,18.94810
2013-07-04,18.96760
2013-07-05,18.97080
2013-07-08,18.97010
2013-07-09,18.97520
2013-07-10,18.97310
2013-07-11,18.98450
2013-07-12,18.98530
2013-07-15,18.98340
2013-07-16,18.74660
2013-07-17,18.73040
2013-07-18,18.78770
2013-07-19,18.80580
2013-07-22,18.80270
2013-07-23,18.74340
2013-07-24,18.67480
2013-07-25,18.70520
2013-07-26,18.73300
2013-07-29,18.72470
2013-07-30,18.71670
2013-07-31,18.69370
2013-08-01,18.72620
2013-08-02,18.72800
2013-08-05,18.76080
2013-08-06,18.75050
2013-08-07,18.77600
2013-08-08,18.79760
2013-08-12,18.79270
2013-08-13,18.77350
2013-08-14,18.74890
2013-08-16,18.72920
2013-08-19,18.65980
2013-08-20,18.66040
2013-08-21,18.75380
2013-08-22,18.73240
2013-08-23,18.75620
2013-08-26,18.75720
2013-08-27,18.72650
2013-08-28,18.66960
2013-08-29,18.67230
2013-08-30,18.70690
2013-09-02,18.74540
2013-09-03,18.76130
2013-09-04,18.79540
2013-09-05,18.86050
2013-09-06,18.85360
2013-09-10,18.88690
2013-09-11,18.88830
2013-09-12,18.89000
2013-09-13,18.88720
2013-09-16,18.90880
2013-09-17,18.91210
2013-09-18,18.93970
2013-09-19,18.98800
2013-09-20,19.00180
2013-09-23,19.03070
2013-09-24,19.03940
2013-09-25,19.05700
2013-09-26,19.06640
2013-09-27,19.07490
2013-09-30,19.09010
2013-10-01,19.10310
2013-10-03,19.12200
2013-10-04,19.14850
2013-10-07,19.17010
2013-10-08,19.21880
2013-10-09,19.20820
2013-10-10,19.21680
2013-10-11,19.21890
2013-10-14,19.22690
2013-10-15,19.21080
2013-10-17,19.22250
2013-10-18,19.23380
2013-10-21,19.24910
2013-10-22,19.25670
2013-10-23,19.25740
2013-10-24,19.26090
2013-10-25,19.26460
2013-10-28,19.27600
2013-10-29,19.29230
2013-10-30,19.29750
2013-10-31,19.30390
2013-11-01,19.30710
2013-11-05,19.32480
2013-11-06,19.32670
2013-11-07,19.31440
2013-11-08,19.31790
2013-11-11,19.31350
2013-11-12,19.30610
2013-11-13,19.29690
2013-11-14,19.29740
2013-11-18,19.31810
2013-11-19,19.33190
2013-11-20,19.34190
2013-11-21,19.34290
2013-11-22,19.35070
2013-11-25,19.36830
2013-11-26,19.37300
2013-11-27,19.38530
2013-11-28,19.39790
2013-11-29,19.40260
2013-12-02,19.41900
2013-12-03,19.42520
2013-12-04,19.43590
2013-12-05,19.45800
2013-12-06,19.45640
2013-12-09,19.46030
2013-12-10,19.45720
2013-12-11,19.46350
2013-12-12,19.48400
2013-12-13,19.46860
2013-12-16,19.48320
2013-12-17,19.48900
2013-12-18,19.50150
2013-12-19,19.50350
2013-12-20,19.50640
2013-12-23,19.51960
2013-12-24,19.52250
2013-12-26,19.53360
2013-12-27,19.53460
2013-12-30,19.54650
2013-12-31,19.55530
2014-01-01,19.56740
2014-01-02,19.57620
2014-01-03,19.58340
2014-01-06,19.59640
2014-01-07,19.59620
2014-01-08,19.59200
2014-01-09,19.58940
2014-01-10,19.59840
2014-01-13,19.61550
2014-01-15,19.62800
2014-01-16,19.63530
2014-01-17,19.63920
2014-01-20,19.65270
2014-01-21,19.66600
2014-01-22,19.66510
2014-01-23,19.66930
2014-01-24,19.67040
2014-01-27,19.67860
2014-01-28,19.65960
2014-01-29,19.66490
2014-01-30,19.65780
2014-01-31,19.65790
2014-02-03,19.67320
2014-02-04,19.68300
2014-02-05,19.68990
2014-02-06,19.70280
2014-02-07,19.70730
2014-02-10,19.71520
2014-02-11,19.71720
2014-02-12,19.71830
2014-02-13,19.71000
2014-02-14,19.71210
2014-02-17,19.72430
2014-02-18,19.72910
2014-02-20,19.73860
2014-02-21,19.74190
2014-02-24,19.75550
2014-02-25,19.76150
2014-02-26,19.76760
2014-02-28,19.77660
2014-03-03,19.78200
2014-03-04,19.77700
2014-03-05,19.80340
2014-03-06,19.81040
2014-03-07,19.82630
2014-03-10,19.83980
2014-03-11,19.85760
2014-03-12,19.86160
2014-03-13,19.86760
2014-03-14,19.87920
2014-03-18,19.89980
2014-03-19,19.90720
2014-03-20,19.91680
2014-03-21,19.93820
2014-03-24,19.96290
2014-03-25,19.96430
2014-03-26,19.96320
2014-03-27,19.96810
2014-03-28,19.99470
2014-04-02,20.00920
2014-04-03,20.01370
2014-04-04,20.01630
2014-04-07,20.02730
2014-04-09,20.03320
2014-04-10,20.03730
2014-04-11,20.04280
2014-04-15,20.06040
2014-04-16,20.06620
2014-04-17,20.07440
2014-04-21,20.09250
2014-04-22,20.09350
2014-04-23,20.09890
2014-04-25,20.10810
2014-04-28,20.11820
2014-04-29,20.12180
2014-04-30,20.12660
2014-05-02,20.13980
2014-05-05,20.15650
2014-05-06,20.16060
2014-05-07,20.16710
2014-05-08,20.18200
2014-05-09,20.18980
2014-05-12,20.20980
2014-05-13,20.21640
2014-05-15,20.22940
2014-05-16,20.23530
2014-05-19,20.24900
2014-05-20,20.25450
2014-05-21,20.26310
2014-05-22,20.26800
2014-05-23,20.27570
2014-05-26,20.28880
2014-05-27,20.29510
2014-05-28,20.30170
2014-05-29,20.30670
2014-05-30,20.31370
2014-06-02,20.32810
2014-06-03,20.33440
2014-06-04,20.34700
2014-06-05,20.35270
2014-06-06,20.35710
2014-06-09,20.37070
2014-06-10,20.37400
2014-06-11,20.37770
2014-06-12,20.38350
2014-06-13,20.38630
2014-06-16,20.39620
2014-06-17,20.40180
2014-06-18,20.40580
2014-06-19,20.41020
2014-06-20,20.41430
2014-06-23,20.42630
2014-06-24,20.43120
2014-06-25,20.43500
2014-06-26,20.44010
2014-06-27,20.44390
2014-06-30,20.45990
2014-07-02,20.47250
2014-07-03,20.47950
2014-07-04,20.48540
2014-07-07,20.49880
2014-07-08,20.50140
2014-07-09,20.50460
2014-07-10,20.50710
2014-07-11,20.50000
2014-07-14,20.50910
2014-07-15,20.51730
2014-07-16,20.52460
2014-07-17,20.53110
2014-07-18,20.53680
2014-07-21,20.54910
2014-07-22,20.55420
2014-07-23,20.55740
2014-07-24,20.56140
2014-07-25,20.56620
2014-07-28,20.57800
2014-07-30,20.58730
2014-07-31,20.59010
2014-08-01,20.59330
2014-08-04,20.60740
2014-08-05,20.61220
2014-08-06,20.61490
2014-08-07,20.61790
2014-08-08,20.62440
2014-08-11,20.63780
2014-08-12,20.64290
2014-08-13,20.64720
2014-08-14,20.65200
2014-08-19,20.67470
2014-08-20,20.67850
2014-08-21,20.68430
2014-08-22,20.69110
2014-08-25,20.70560
2014-08-26,20.71200
2014-08-27,20.71710
2014-08-28,20.72070
2014-09-01,20.73960
2014-09-02,20.74420
2014-09-03,20.75020
2014-09-04,20.75490
2014-09-05,20.75960
2014-09-08,20.77310
2014-09-09,20.77760
2014-09-10,20.78160
2014-09-11,20.78550
2014-09-12,20.79050
2014-09-15,20.80440
2014-09-16,20.80930
2014-09-17,20.81470
2014-09-18,20.82020
2014-09-19,20.82540
2014-09-22,20.83980
2014-09-23,20.84460
2014-09-24,20.84930
2014-09-25,20.85380
2014-09-26,20.85830
2014-09-29,20.87220
2014-09-30,20.88020
2014-10-01,20.88580
2014-10-07,20.91330
2014-10-08,20.91950
2014-10-09,20.92430
2014-10-10,20.92880
2014-10-13,20.94250
2014-10-14,20.94720
2014-10-16,20.95670
2014-10-17,20.96150
2014-10-20,20.97540
2014-10-21,20.98070
2014-10-22,20.99090
2014-10-27,21.01930
2014-10-28,21.03350
2014-10-29,21.04950
2014-10-30,21.06290
2014-10-31,21.08730
2014-11-03,21.12510
2014-11-05,21.15480
2014-11-07,21.17790
2014-11-10,21.20870
2014-11-11,21.21820
2014-11-12,21.22550
2014-11-13,21.21880
2014-11-14,21.22180
2014-11-17,21.24560
2014-11-18,21.25560
2014-11-19,21.25820
2014-11-20,21.26460
2014-11-21,21.26740
2014-11-24,21.27770
2014-11-25,21.28600
2014-11-26,21.28980
2014-11-27,21.29260
2014-11-28,21.31710
2014-12-01,21.33920
2014-12-02,21.36990
2014-12-03,21.37450
2014-12-04,21.37190
2014-12-05,21.37600
2014-12-08,21.39470
2014-12-09,21.40830
2014-12-10,21.40700
2014-12-11,21.41280
2014-12-12,21.42470
2014-12-15,21.44880
2014-12-16,21.38310
2014-12-17,21.37450
2014-12-18,21.39190
2014-12-19,21.38930
2014-12-22,21.40370
2014-12-23,21.40450
2014-12-24,21.41150
2014-12-26,21.41760
2014-12-29,21.43690
2014-12-30,21.45070
2014-12-31,21.46250
2015-01-01,21.47680
2015-01-02,21.47340
2015-01-05,21.48690
2015-01-06,21.47570
2015-01-07,21.49680
2015-01-08,21.51380
2015-01-09,21.51920
2015-01-12,21.54790
2015-01-13,21.56420
2015-01-14,21.57100
2015-01-15,21.61820
2015-01-16,21.64780
2015-01-19,21.66000
2015-01-20,21.66170
2015-01-21,21.67710
2015-01-22,21.68260
2015-01-23,21.68900
2015-01-27,21.70540
2015-01-28,21.71400
2015-01-29,21.72010
2015-01-30,21.72170
2015-02-02,21.74400
2015-02-03,21.72700
2015-02-04,21.71260
2015-02-05,21.70500
2015-02-06,21.70160
2015-02-09,21.70020
2015-02-10,21.70130
2015-02-11,21.70610
2015-02-12,21.69990
2015-02-13,21.71280
2015-02-16,21.73430
2015-02-18,21.74680
2015-02-20,21.76630
2015-02-23,21.78670
2015-02-24,21.80450
2015-02-25,21.81400
2015-02-26,21.81960
2015-02-27,21.82200
2015-03-02,21.83480
2015-03-03,21.82340
2015-03-04,21.86260
2015-03-05,21.87680
2015-03-09,21.87560
2015-03-10,21.87270
2015-03-11,21.87210
2015-03-12,21.88120
2015-03-13,21.87860
2015-03-16,21.89440
2015-03-17,21.89810
2015-03-18,21.90100
2015-03-19,21.91140
2015-03-20,21.91550
2015-03-23,21.93020
2015-03-24,21.93360
2015-03-25,21.94540
2015-03-26,21.95640
2015-03-27,21.97020
2015-03-30,21.98320
2015-03-31,22.01220
2015-04-06,22.06640
2015-04-07,22.10240
2015-04-08,22.11030
2015-04-09,22.12130
2015-04-10,22.12890
2015-04-13,22.14510
2015-04-15,22.15820
2015-04-16,22.16730
2015-04-17,22.16180
2015-04-20,22.17230
2015-04-21,22.17860
2015-04-22,22.18810
2015-04-23,22.18280
2015-04-24,22.18360
2015-04-27,22.19230
2015-04-28,22.19250
2015-04-29,22.18650
2015-04-30,22.16610
2015-05-05,22.17220
2015-05-06,22.16210
2015-05-07,22.15470
2015-05-08,22.15130
2015-05-11,22.16940
2015-05-12,22.17870
2015-05-13,22.17760
2015-05-14,22.18210
2015-05-15,22.18500
2015-05-18,22.20490
2015-05-19,22.21280
2015-05-20,22.22530
2015-05-21,22.24030
2015-05-22,22.24640
2015-05-25,22.26100
2015-05-26,22.26960
2015-05-27,22.27250
2015-05-28,22.29420
2015-05-29,22.30880
2015-06-01,22.33490
2015-06-02,22.30280
2015-06-03,22.30020
2015-06-04,22.29490
2015-06-05,22.29900
2015-06-08,22.31070
2015-06-09,22.32550
2015-06-10,22.32040
2015-06-11,22.30740
2015-06-12,22.30930
2015-06-15,22.33030
2015-06-16,22.32860
2015-06-17,22.34030
2015-06-18,22.36620
2015-06-19,22.37430
2015-06-22,22.39360
2015-06-23,22.38750
2015-06-24,22.39050
2015-06-25,22.38740
2015-06-26,22.38610
2015-06-29,22.38670
2015-06-30,22.39780
2015-07-01,22.41160
2015-07-02,22.42720
2015-07-03,22.43910
2015-07-06,22.46170
2015-07-07,22.46960
2015-07-08,22.47640
2015-07-09,22.47940
2015-07-10,22.49020
2015-07-13,22.49160
2015-07-14,22.50830
2015-07-15,22.51830
2015-07-16,22.51980
2015-07-17,22.52890
2015-07-20,22.54170
2015-07-21,22.54670
2015-07-22,22.55550
2015-07-23,22.56060
2015-07-24,22.56720
2015-07-27,22.58320
2015-07-28,22.59740
2015-07-29,22.61040
2015-07-30,22.62000
2015-07-31,22.62720
2015-08-03,22.63970
2015-08-04,22.63690
2015-08-05,22.63270
2015-08-06,22.63910
2015-08-07,22.64130
2015-08-10,22.65800
2015-08-11,22.66370
2015-08-12,22.66840
2015-08-13,22.68500
2015-08-14,22.69140
2015-08-17,22.70540
2015-08-19,22.71590
2015-08-20,22.72300
2015-08-21,22.72380
2015-08-24,22.71260
2015-08-25,22.71760
2015-08-26,22.71910
2015-08-27,22.72810
2015-08-28,22.73110
2015-08-31,22.74490
2015-09-01,22.75390
2015-09-02,22.75090
2015-09-03,22.73750
2015-09-04,22.72890
2015-09-07,22.73710
2015-09-08,22.74190
2015-09-09,22.75250
2015-09-10,22.73380
2015-09-11,22.73370
2015-09-14,22.74760
2015-09-15,22.75520
2015-09-16,22.74890
2015-09-18,22.76900
2015-09-21,22.78760
2015-09-22,22.79610
2015-09-23,22.79670
2015-09-24,22.80760
2015-09-28,22.83840
2015-09-29,22.91000
2015-09-30,22.93340
2015-10-01,22.93490
2015-10-05,22.96570
2015-10-06,22.96910
2015-10-07,22.97700
2015-10-08,22.98760
2015-10-09,22.99840
2015-10-12,23.00600
2015-10-13,23.01530
2015-10-14,23.02420
2015-10-15,23.03780
2015-10-16,23.04860
2015-10-19,23.06140
2015-10-20,23.06920
2015-10-21,23.07220
2015-10-23,23.09410
2015-10-26,23.10690
2015-10-27,23.11170
2015-10-28,23.11830
2015-10-29,23.11580
2015-10-30,23.10870
2015-11-02,23.12270
2015-11-03,23.12830
2015-11-04,23.12540
2015-11-05,23.12350
2015-11-06,23.12550
2015-11-09,23.13330
2015-11-10,23.13830
2015-11-13,23.16010
2015-11-16,23.17940
2015-11-17,23.18200
2015-11-18,23.18560
2015-11-19,23.19270
2015-11-20,23.19450
2015-11-23,23.20830
2015-11-24,23.20770
2015-11-26,23.21690
2015-11-27,23.21360
2015-11-30,23.21810
2015-12-01,23.22500
2015-12-02,23.23740
2015-12-03,23.24900
2015-12-04,23.25000
2015-12-07,23.25310
2015-12-08,23.24080
2015-12-09,23.23820
2015-12-10,23.23910
2015-12-11,23.21810
2015-12-14,23.21960
2015-12-15,23.21830
2015-12-16,23.22740
2015-12-17,23.22940
2015-12-18,23.23980
2015-12-21,23.25230
2015-12-22,23.26220
2015-12-23,23.26300
2015-12-28,23.28920
2015-12-29,23.29170
2015-12-30,23.30220
2015-12-31,23.31430
2016-01-01,23.32390
2016-01-04,23.34700
2016-01-05,23.35390
2016-01-06,23.35640
2016-01-07,23.36450
2016-01-08,23.37640
2016-01-11,23.39160
2016-01-12,23.38100
2016-01-13,23.37740
2016-01-14,23.37540
2016-01-15,23.36970
2016-01-18,23.38570
2016-01-19,23.39430
2016-01-20,23.38860
2016-01-21,23.39700
2016-01-22,23.40750
2016-01-25,23.42150
2016-01-27,23.42680
2016-01-28,23.42120
2016-01-29,23.42520
2016-02-01,23.44240
2016-02-02,23.44150
2016-02-03,23.43230
2016-02-04,23.43530
2016-02-05,23.43400
2016-02-08,23.44820
2016-02-09,23.45220
2016-02-10,23.46040
2016-02-11,23.46180
2016-02-12,23.45800
2016-02-15,23.46960
2016-02-16,23.47170
2016-02-17,23.46650
2016-02-18,23.47080
2016-02-22,23.47710
2016-02-23,23.45020
2016-02-24,23.44080
2016-02-25,23.42560
2016-02-26,23.43170
2016-02-29,23.49780
2016-03-01,23.51220
2016-03-02,23.52790
2016-03-03,23.53170
2016-03-04,23.54170
2016-03-08,23.56530
2016-03-09,23.57590
2016-03-10,23.57920
2016-03-11,23.57590
2016-03-14,23.60320
2016-03-15,23.61580
2016-03-16,23.62930
2016-03-17,23.65190
2016-03-18,23.67010
2016-03-21,23.70710
2016-03-22,23.71060
2016-03-23,23.71040
2016-03-28,23.72780
2016-03-29,23.72720
2016-03-30,23.72710
2016-03-31,23.78100
2016-04-04,23.84080
2016-04-05,23.87560
2016-04-06,23.89120
2016-04-07,23.89990
2016-04-11,23.92060
2016-04-12,23.93810
2016-04-13,23.94100
2016-04-18,23.97350
2016-04-20,23.97570
2016-04-21,23.96810
2016-04-22,23.97300
2016-04-25,23.98090
2016-04-26,23.97980
2016-04-27,23.98370
2016-04-28,23.98130
2016-04-29,23.97840
2016-05-02,23.99080
2016-05-03,23.99050
2016-05-04,24.00110
2016-05-05,24.00450
2016-05-06,24.00840
2016-05-09,24.02460
2016-05-10,24.03000
2016-05-11,24.04000
2016-05-12,24.04820
2016-05-13,24.05280
2016-05-16,24.07040
2016-05-17,24.07390
2016-05-18,24.07840
2016-05-19,24.08330
2016-05-20,24.07920
2016-05-23,24.10060
2016-05-24,24.10150
2016-05-25,24.10520
2016-05-26,24.11220
2016-05-27,24.11420
2016-05-30,24.12640
2016-05-31,24.12910
2016-06-01,24.13200
2016-06-02,24.13900
2016-06-03,24.14260
2016-06-06,24.15930
2016-06-07,24.16440
2016-06-08,24.17380
2016-06-09,24.18280
2016-06-10,24.18910
2016-06-13,24.20290
2016-06-14,24.20470
2016-06-15,24.20860
2016-06-16,24.21170
2016-06-17,24.21720
2016-06-20,24.22530
2016-06-21,24.23340
2016-06-22,24.23730
2016-06-23,24.24570
2016-06-24,24.24840
2016-06-27,24.26820
2016-06-28,24.27620
2016-06-29,24.28250
2016-06-30,24.29100
2016-07-01,24.29790
2016-07-04,24.31810
2016-07-05,24.33600
2016-07-07,24.35000
2016-07-08,24.35550
2016-07-11,24.37740
2016-07-12,24.40370
2016-07-13,24.42250
2016-07-14,24.43510
2016-07-15,24.44000
2016-07-18,24.45650
2016-07-19,24.45930
2016-07-20,24.47830
2016-07-21,24.48540
2016-07-22,24.49320
2016-07-25,24.51090
2016-07-26,24.51890
2016-07-27,24.52530
2016-07-28,24.55030
2016-07-29,24.56240
2016-08-01,24.58230
2016-08-02,24.58250
2016-08-03,24.57690
2016-08-04,24.58290
2016-08-05,24.59330
2016-08-08,24.61110
2016-08-09,24.63790
2016-08-10,24.65470
2016-08-11,24.68480
2016-08-12,24.68360
2016-08-16,24.70190
2016-08-18,24.69700
2016-08-19,24.69940
2016-08-22,24.70600
2016-08-23,24.70910
2016-08-24,24.71960
2016-08-25,24.73170
2016-08-26,24.74260
2016-08-29,24.75260
2016-08-30,24.75940
2016-08-31,24.76190
2016-09-01,24.77170
2016-09-02,24.78100
2016-09-06,24.80370
2016-09-07,24.81700
2016-09-08,24.82670
2016-09-09,24.83390
2016-09-12,24.84110
2016-09-14,24.83980
2016-09-15,24.84560
2016-09-16,24.85510
2016-09-19,24.86910
2016-09-20,24.87130
2016-09-21,24.87400
2016-09-22,24.89620
2016-09-23,24.90460
2016-09-26,24.92420
2016-09-27,24.93650
2016-09-28,24.94530
2016-09-29,24.93510
2016-09-30,24.94310
2016-10-03,24.97590
2016-10-04,24.98650
2016-10-05,25.04000
2016-10-06,25.05550
2016-10-07,25.05480
2016-10-10,25.07690
2016-10-13,25.08660
2016-10-14,25.08030
2016-10-17,25.08560
2016-10-18,25.09470
2016-10-19,25.09870
2016-10-20,25.09670
2016-10-21,25.10120
2016-10-24,25.10760
2016-10-25,25.10020
2016-10-26,25.10130
2016-10-27,25.09980
2016-10-28,25.09980
2016-11-01,25.11650
2016-11-02,25.12120
2016-11-03,25.12390
2016-11-04,25.12680
2016-11-07,25.13860
2016-11-08,25.14220
2016-11-09,25.18050
2016-11-10,25.20040
2016-11-11,25.20400
2016-11-15,25.25730
2016-11-16,25.31990
2016-11-17,25.33220
2016-11-18,25.32750
2016-11-21,25.36910
2016-11-22,25.37240
2016-11-23,25.38900
2016-11-24,25.41980
2016-11-25,25.42320
2016-11-28,25.40700
2016-11-29,25.40170
2016-11-30,25.41790
2016-12-01,25.42480
2016-12-02,25.42580
2016-12-05,25.44060
2016-12-06,25.44600
2016-12-07,25.36230
2016-12-08,25.34520
2016-12-09,25.35930
2016-12-13,25.37500
2016-12-14,25.38790
2016-12-15,25.38450
2016-12-16,25.37800
2016-12-19,25.39080
2016-12-20,25.39740
2016-12-21,25.40110
2016-12-22,25.40000
2016-12-23,25.39910
2016-12-26,25.40020
2016-12-27,25.38970
2016-12-28,25.38870
2016-12-29,25.40340
2016-12-30,25.42130
2017-01-02,25.46950
2017-01-03,25.48230
2017-01-04,25.49950
2017-01-05,25.50800
2017-01-06,25.52010
2017-01-09,25.53810
2017-01-10,25.55000
2017-01-11,25.55600
2017-01-12,25.56870
2017-01-13,25.57230
2017-01-16,25.58130
2017-01-17,25.58620
2017-01-18,25.59190
2017-01-19,25.59310
2017-01-20,25.59640
2017-01-23,25.60630
2017-01-24,25.60690
2017-01-25,25.61180
2017-01-27,25.62060
2017-01-30,25.63680
2017-01-31,25.64240
2017-02-01,25.65250
2017-02-02,25.66730
2017-02-03,25.67530
2017-02-06,25.69940
2017-02-07,25.71090
2017-02-08,25.54570
2017-02-09,25.50670
2017-02-10,25.56060
2017-02-13,25.59000
2017-02-14,25.59550
2017-02-15,25.61170
2017-02-16,25.61270
2017-02-17,25.60470
2017-02-20,25.61510
2017-02-22,25.60020
2017-02-23,25.60600
2017-02-27,25.61420
2017-02-28,25.62290
2017-03-01,25.61240
2017-03-02,25.61300
2017-03-03,25.62860
2017-03-06,25.61510
2017-03-07,25.59770
2017-03-08,25.58300
2017-03-09,25.55990
2017-03-10,25.54520
2017-03-14,25.55600
2017-03-15,25.58930
2017-03-16,25.60770
2017-03-17,25.60400
2017-03-20,25.60430
2017-03-21,25.61260
2017-03-22,25.65800
2017-03-23,25.66750
2017-03-24,25.67830
2017-03-27,25.71080
2017-03-29,25.72240
2017-03-30,25.74570
2017-03-31,25.75160
2017-04-03,25.78110
2017-04-05,25.78250
2017-04-06,25.74730
2017-04-07,25.73080
2017-04-10,25.75120
2017-04-11,25.77480
2017-04-12,25.80070
2017-04-13,25.82530
2017-04-17,25.84110
2017-04-18,25.84100
2017-04-19,25.85600
2017-04-20,25.86930
2017-04-21,25.85500
2017-04-24,25.86600
2017-04-25,25.86870
2017-04-26,25.85010
2017-04-27,25.85190
2017-04-28,25.85780
2017-05-02,25.86560
2017-05-03,25.87020
2017-05-04,25.87330
2017-05-05,25.88660
2017-05-08,25.89390
2017-05-09,25.90290
2017-05-11,25.90940
2017-05-12,25.91580
2017-05-15,25.95760
2017-05-16,25.95770
2017-05-17,25.96110
2017-05-18,25.96560
2017-05-19,25.96940
2017-05-22,25.98850
2017-05-23,25.99760
2017-05-24,26.00150
2017-05-25,26.01770
2017-05-26,26.03450
2017-05-29,26.03850
2017-05-30,26.04300
2017-05-31,26.05160
2017-06-01,26.06960
2017-06-02,26.08180
2017-06-05,26.09720
2017-06-06,26.10460
2017-06-07,26.14590
2017-06-08,26.20260
2017-06-09,26.22520
2017-06-12,26.24000
2017-06-13,26.25590
2017-06-14,26.25730
2017-06-15,26.26670
2017-06-16,26.26110
2017-06-19,26.27630
2017-06-20,26.27870
2017-06-21,26.28620
2017-06-22,26.29180
2017-06-23,26.29090
2017-06-27,26.30300
2017-06-28,26.29520
2017-06-29,26.29460
2017-06-30,26.29630
2017-07-03,26.27950
2017-07-04,26.29790
2017-07-05,26.32010
2017-07-06,26.33470
2017-07-07,26.34540
2017-07-10,26.37470
2017-07-11,26.38810
2017-07-12,26.40280
2017-07-13,26.41810
2017-07-14,26.42050
2017-07-17,26.44970
2017-07-18,26.46230
2017-07-19,26.47790
2017-07-20,26.48800
2017-07-21,26.51170
2017-07-24,26.52810
2017-07-25,26.53890
2017-07-26,26.53610
2017-07-27,26.54810
2017-07-28,26.55480
2017-07-31,26.56640
2017-08-01,26.57440
2017-08-02,26.58470
2017-08-03,26.62120
2017-08-04,26.62800
2017-08-07,26.64140
2017-08-08,26.65040
2017-08-09,26.65750
2017-08-10,26.65240
2017-08-11,26.65050
2017-08-14,26.66600
2017-08-16,26.66910
2017-08-18,26.68190
2017-08-21,26.69870
2017-08-22,26.70270
2017-08-23,26.70270
2017-08-24,26.70840
2017-08-28,26.72680
2017-08-29,26.73310
2017-08-30,26.73730
2017-08-31,26.74720
2017-09-01,26.78080
2017-09-04,26.79520
2017-09-05,26.79270
2017-09-06,26.79860
2017-09-07,26.79510
2017-09-08,26.79860
2017-09-11,26.80640
2017-09-12,26.80070
2017-09-13,26.80050
2017-09-14,26.80310
2017-09-15,26.80090
2017-09-18,26.80450
2017-09-19,26.81150
2017-09-20,26.81710
2017-09-21,26.77980
2017-09-22,26.77300
2017-09-25,26.79500
2017-09-26,26.79040
2017-09-27,26.79760
2017-09-28,26.81070
2017-09-29,26.81470
2017-10-03,26.86090
2017-10-04,26.85040
2017-10-05,26.84380
2017-10-06,26.84460
2017-10-09,26.85460
2017-10-10,26.85880
2017-10-11,26.86330
2017-10-12,26.86680
2017-10-13,26.88770
2017-10-16,26.90720
2017-10-17,26.91450
2017-10-18,26.91480
2017-10-23,26.92320
2017-10-24,26.93030
2017-10-25,26.92910
2017-10-26,26.93350
2017-10-27,26.93570
2017-10-30,26.93930
2017-10-31,26.94700
2017-11-01,26.95370
2017-11-02,26.95540
2017-11-03,26.96470
2017-11-06,26.97340
2017-11-07,26.96880
2017-11-08,26.97020
2017-11-09,26.97410
2017-11-10,26.98340
2017-11-13,26.99350
2017-11-14,26.96350
2017-11-15,26.96920
2017-11-16,26.95000
2017-11-17,26.96660
2017-11-20,27.01380
2017-11-21,27.01720
2017-11-22,26.99610
2017-11-23,26.98670
2017-11-24,26.98920
2017-11-27,26.99130
2017-11-28,26.99040
2017-11-29,26.99170
2017-11-30,26.99660
2017-12-04,27.00920
2017-12-05,27.01390
2017-12-06,27.01720
2017-12-07,27.02170
2017-12-08,27.02370
2017-12-11,27.00540
2017-12-12,26.99600
2017-12-13,26.98240
2017-12-14,26.97180
2017-12-15,26.96980
2017-12-18,26.98480
2017-12-19,26.98930
2017-12-20,26.96550
2017-12-21,26.94460
2017-12-22,26.92710
2017-12-26,26.92910
2017-12-27,26.92980
2017-12-28,26.89780
2017-12-29,26.93360
2018-01-01,26.96100
2018-01-02,26.96940
2018-01-03,26.96920
2018-01-04,26.96590
2018-01-05,26.99650
2018-01-08,27.01400
2018-01-09,27.01100
2018-01-10,26.98140
2018-01-11,26.97280
2018-01-12,26.97740
2018-01-15,27.00200
2018-01-16,26.98230
2018-01-17,27.00880
2018-01-18,27.01030
2018-01-19,27.01290
2018-01-22,27.02170
2018-01-23,27.03760
2018-01-24,27.03640
2018-01-25,27.03290
2018-01-29,27.04320
2018-01-30,27.02770
2018-01-31,27.03410
2018-02-01,26.98470
2018-02-02,26.99290
2018-02-05,26.99980
2018-02-06,27.01090
2018-02-07,27.04240
2018-02-08,27.06180
2018-02-09,27.06550
2018-02-12,27.07980
2018-02-14,27.08870
2018-02-15,27.07040
2018-02-16,27.07550
2018-02-20,27.06860
2018-02-21,27.06440
2018-02-22,27.04000
2018-02-23,27.06150
2018-02-26,27.07040
2018-02-27,27.05860
2018-02-28,27.05870
2018-03-01,27.05530
2018-03-05,27.07400
2018-03-06,27.08980
2018-03-07,27.12350
2018-03-08,27.15320
2018-03-09,27.15490
2018-03-12,27.18380
2018-03-13,27.21340
2018-03-14,27.21840
2018-03-15,27.24090
2018-03-16,27.26690
2018-03-19,27.27010
2018-03-20,27.27230
2018-03-21,27.27040
2018-03-22,27.28160
2018-03-23,27.28940
2018-03-26,27.29500
2018-03-27,27.37530
2018-03-28,27.38930
2018-04-03,27.44530
2018-04-04,27.44970
2018-04-05,27.49880
2018-04-06,27.51020
2018-04-09,27.52160
2018-04-10,27.49270
2018-04-11,27.46700
2018-04-12,27.47280
2018-04-13,27.47450
2018-04-16,27.48550
2018-04-17,27.48870
2018-04-18,27.46720
2018-04-19,27.42740
2018-04-20,27.37760
2018-04-23,27.36890
2018-04-24,27.36230
2018-04-25,27.33030
2018-04-26,27.29200
2018-04-27,27.28800
2018-05-02,27.33100
2018-05-03,27.33720
2018-05-04,27.33730
2018-05-07,27.36160
2018-05-08,27.36390
2018-05-09,27.33990
2018-05-10,27.32910
2018-05-11,27.31920
2018-05-14,27.30370
2018-05-15,27.27020
2018-05-16,27.23180
2018-05-17,27.21020
2018-05-18,27.23510
2018-05-21,27.23290
2018-05-22,27.23710
2018-05-23,27.23060
2018-05-24,27.23030
2018-05-25,27.25680
2018-05-28,27.28480
2018-05-29,27.29000
2018-05-30,27.31040
2018-05-31,27.28520
2018-06-01,27.27350
2018-06-04,27.28460
2018-06-05,27.28800
2018-06-06,27.26180
2018-06-07,27.23930
2018-06-08,27.24960
2018-06-11,27.26480
2018-06-12,27.27970
2018-06-13,27.29760
2018-06-14,27.31350
2018-06-15,27.32680
2018-06-18,27.36040
2018-06-19,27.38010
2018-06-20,27.38920
2018-06-21,27.41210
2018-06-22,27.42650
2018-06-25,27.43430
2018-06-26,27.43890
2018-06-27,27.42580
2018-06-28,27.41420
2018-06-29,27.41750
2018-07-02,27.44730
2018-07-03,27.45930
2018-07-04,27.48920
2018-07-05,27.49830
2018-07-06,27.49820
2018-07-09,27.51490
2018-07-10,27.53260
2018-07-11,27.54050
2018-07-12,27.56180
2018-07-13,27.58550
2018-07-16,27.59120
2018-07-17,27.60900
2018-07-18,27.60730
2018-07-19,27.60730
2018-07-20,27.61170
2018-07-23,27.63090
2018-07-24,27.62970
2018-07-25,27.63380
2018-07-26,27.64690
2018-07-27,27.65510
2018-07-30,27.67240
2018-07-31,27.68680
2018-08-01,27.70640
2018-08-02,27.71810
2018-08-03,27.71850
2018-08-06,27.73540
2018-08-07,27.73920
2018-08-08,27.75020
2018-08-09,27.76250
2018-08-10,27.77070
2018-08-13,27.77350
2018-08-14,27.77700
2018-08-16,27.78020
2018-08-20,27.80200
2018-08-21,27.80870
2018-08-23,27.81630
2018-08-24,27.81120
2018-08-27,27.83130
2018-08-28,27.83240
2018-08-29,27.83750
2018-08-30,27.83110
2018-08-31,27.83020
2018-09-03,27.84040
2018-09-04,27.81110
2018-09-05,27.78850
2018-09-06,27.79320
2018-09-07,27.80750
2018-09-10,27.77570
2018-09-11,27.77510
2018-09-12,27.75220
2018-09-14,27.76910
2018-09-17,27.77160
2018-09-18,27.78060
2018-09-19,27.78400
2018-09-21,27.77220
2018-09-24,27.71760
2018-09-25,27.66430
2018-09-26,27.68820
2018-09-27,27.74630
2018-09-28,27.78030
2018-10-01,27.81160
2018-10-03,27.79920
2018-10-04,27.76470
2018-10-05,27.82940
2018-10-08,27.84330
2018-10-09,27.82090
2018-10-10,27.83220
2018-10-11,27.85450
2018-10-12,27.86580
2018-10-15,27.90780
2018-10-16,27.92990
2018-10-17,27.92850
2018-10-19,27.94110
2018-10-22,27.95160
2018-10-23,27.94340
2018-10-24,27.94460
2018-10-25,27.94710
2018-10-26,27.94740
2018-10-29,27.95720
2018-10-30,27.96380
2018-10-31,27.96600
2018-11-01,27.97440
2018-11-02,28.00020
2018-11-05,28.00780
2018-11-06,28.01400
2018-11-09,28.03760
2018-11-12,28.05070
2018-11-13,28.07070
2018-11-14,28.08950
2018-11-15,28.10120
2018-11-16,28.10530
2018-11-19,28.12270
2018-11-20,28.13670
2018-11-22,28.15930
2018-11-26,28.18730
2018-11-27,28.19070
2018-11-28,28.21140
2018-11-29,28.24040
2018-11-30,28.25930
2018-12-03,28.27260
2018-12-04,28.28280
2018-12-05,28.32180
2018-12-06,28.33920
2018-12-07,28.33280
2018-12-10,28.30360
2018-12-11,28.30290
2018-12-12,28.32850
2018-12-13,28.32330
2018-12-14,28.33080
2018-12-17,28.35280
2018-12-18,28.36550
2018-12-19,28.41250
2018-12-20,28.42830
2018-12-21,28.43720
2018-12-24,28.45200
2018-12-26,28.48110
2018-12-27,28.49630
2018-12-28,28.48700
2018-12-31,28.50660
2019-01-01,28.50860
2019-01-02,28.51970
2019-01-03,28.52440
2019-01-04,28.54180
2019-01-07,28.55800
2019-01-08,28.57710
2019-01-09,28.59120
2019-01-10,28.60000
2019-01-11,28.61840
2019-01-14,28.65460
2019-01-15,28.66540
2019-01-16,28.65730
2019-01-17,28.66370
2019-01-18,28.66720
2019-01-21,28.66700
2019-01-22,28.69190
2019-01-23,28.70120
2019-01-24,28.70550
2019-01-25,28.71060
2019-01-28,28.72740
2019-01-29,28.72730
2019-01-30,28.72440
2019-01-31,28.72950
2019-02-01,28.69290
2019-02-04,28.69570
2019-02-05,28.69920
2019-02-06,28.71180
2019-02-07,28.78680
2019-02-08,28.80690
2019-02-11,28.82210
2019-02-12,28.82640
2019-02-13,28.87620
2019-02-14,28.86890
2019-02-15,28.85610
2019-02-18,28.82630
2019-02-20,28.84660
2019-02-21,28.85260
2019-02-22,28.86620
2019-02-25,28.88320
2019-02-26,28.87820
2019-02-27,28.86170
2019-02-28,28.87260
2019-03-01,28.88870
2019-03-05,28.93160
2019-03-06,28.94730
2019-03-07,28.96490
2019-03-08,28.98310
2019-03-11,29.00740
2019-03-12,29.02790
2019-03-13,29.03250
2019-03-14,29.09350
2019-03-15,29.08860
2019-03-18,29.11270
2019-03-19,29.11340
2019-03-20,29.11430
2019-03-22,29.12180
2019-03-25,29.14140
2019-03-26,29.14220
2019-03-27,29.15740
2019-03-28,29.16870
2019-03-29,29.21910
2019-04-02,29.31700
2019-04-03,29.30950
2019-04-04,29.29580
2019-04-05,29.28240
2019-04-08,29.27560
2019-04-09,29.28050
2019-04-10,29.29420
2019-04-11,29.28810
2019-04-12,29.28920
2019-04-15,29.29930
2019-04-16,29.30290
2019-04-18,29.31190
2019-04-22,29.31590
2019-04-23,29.31140
2019-04-24,29.31510
2019-04-25,29.29630
2019-04-26,29.29280
2019-04-30,29.31780
2019-05-02,29.32280
2019-05-03,29.31620
2019-05-06,29.34180
2019-05-07,29.35230
2019-05-08,29.36750
2019-05-09,29.37370
2019-05-10,29.38490
2019-05-13,29.40010
2019-05-14,29.41970
2019-05-15,29.42690
2019-05-16,29.43390
2019-05-17,29.45170
2019-05-20,29.49300
2019-05-21,29.49780
2019-05-22,29.50590
2019-05-23,29.53610
2019-05-24,29.55490
2019-05-27,29.60870
2019-05-28,29.61190
2019-05-29,29.61800
2019-05-30,29.62060
2019-05-31,29.64010
2019-06-03,29.67110
2019-06-04,29.66640
2019-06-06,29.70070
2019-06-07,29.67520
2019-06-10,29.67510
2019-06-11,29.67630
2019-06-12,29.68510
2019-06-13,29.68890
2019-06-14,29.69850
2019-06-17,29.71180
2019-06-18,29.74560
2019-06-19,29.75080
2019-06-20,29.76190
2019-06-21,29.75550
2019-06-24,29.76630
2019-06-25,29.76940
2019-06-26,29.75310
2019-06-27,29.76290
2019-06-28,29.76880
2019-07-01,29.78690
2019-07-02,29.79360
2019-07-03,29.81370
2019-07-04,29.83380
2019-07-05,29.86560
2019-07-08,29.89600
2019-07-09,29.90510
2019-07-10,29.91840
2019-07-11,29.92670
2019-07-12,29.93720
2019-07-15,29.96690
2019-07-16,30.00580
2019-07-17,30.01470
2019-07-18,30.02020
2019-07-19,30.02480
2019-07-22,30.02930
2019-07-23,30.03100
2019-07-24,30.03910
2019-07-25,30.03090
2019-07-26,30.04050
2019-07-29,30.06680
2019-07-30,30.08450
2019-07-31,30.10390
2019-08-01,30.12100
2019-08-02,30.14430
2019-08-05,30.15310
2019-08-06,30.15050
2019-08-07,30.17250
2019-08-08,30.20810
2019-08-09,30.20920
2019-08-13,30.22170
2019-08-14,30.20570
2019-08-16,30.22390
2019-08-19,30.24850
2019-08-20,30.26040
2019-08-21,30.26850
2019-08-22,30.27680
2019-08-23,30.28640
2019-08-26,30.30440
2019-08-27,30.32080
2019-08-28,30.32910
2019-08-29,30.32520
2019-08-30,30.33460
2019-09-03,30.36660
2019-09-04,30.38320
2019-09-05,30.38730
2019-09-06,30.39330
2019-09-09,30.42140
2019-09-11,30.42500
2019-09-12,30.42830
2019-09-13,30.43750
2019-09-16,30.44910
2019-09-17,30.43960
2019-09-18,30.44710
2019-09-19,30.44780
2019-09-20,30.42010
2019-09-23,30.43540
2019-09-24,30.42770
2019-09-25,30.43290
2019-09-26,30.43800
2019-09-27,30.44400
2019-09-30,30.45400
2019-10-01,30.46990
2019-10-03,30.50450
2019-10-04,30.51200
2019-10-07,30.53360
2019-10-09,30.54690
2019-10-10,30.55220
2019-10-11,30.56310
2019-10-14,30.58290
2019-10-15,30.60440
2019-10-16,30.62460
2019-10-17,30.61320
2019-10-18,30.62170
2019-10-22,30.64950
2019-10-23,30.66060
2019-10-24,30.66680
2019-10-25,30.67560
2019-10-29,30.70950
2019-10-30,30.73240
2019-10-31,30.75400
2019-11-01,30.76700
2019-11-04,30.77450
2019-11-05,30.77900
2019-11-06,30.75020
2019-11-07,30.75990
2019-11-08,30.76760
2019-11-11,30.78610
2019-11-13,30.80190
2019-11-14,30.80690
2019-11-15,30.82520
2019-11-18,30.84980
2019-11-19,30.85600
2019-11-20,30.86130
2019-11-21,30.86490
2019-11-22,30.87260
2019-11-25,30.88900
2019-11-26,30.89390
2019-11-27,30.90180
2019-11-28,30.91020
2019-11-29,30.94590
2019-12-02,30.96400
2019-12-03,30.96890
2019-12-04,30.97900
2019-12-05,30.96320
2019-12-06,30.96180
2019-12-09,30.96870
2019-12-10,30.97910
2019-12-11,30.98170
2019-12-12,30.98960
2019-12-13,30.98920
2019-12-16,31.00570
2019-12-17,31.01500
2019-12-18,31.02200
2019-12-19,31.02720
2019-12-20,31.03010
2019-12-23,31.04540
2019-12-24,31.04630
2019-12-26,31.05360
2019-12-27,31.06070
2019-12-30,31.07320
2019-12-31,31.07790
2020-01-01,31.08980
2020-01-02,31.09900
2020-01-03,31.10830
2020-01-06,31.11600
2020-01-07,31.11740
2020-01-08,31.13100
2020-01-09,31.14650
2020-01-10,31.14300
2020-01-13,31.15630
2020-01-14,31.14000
2020-01-15,31.15030
2020-01-16,31.16040
2020-01-17,31.16460
2020-01-20,31.17990
2020-01-21,31.18950
2020-01-22,31.20290
2020-01-23,31.22780
2020-01-24,31.24230
2020-01-27,31.27390
2020-01-28,31.27430
2020-01-29,31.27680
2020-01-30,31.28490
2020-01-31,31.28360
2020-02-03,31.34310
2020-02-04,31.35640
2020-02-05,31.36730
2020-02-06,31.49290
2020-02-07,31.54760
2020-02-10,31.57880
2020-02-11,31.58510
2020-02-12,31.59320
2020-02-13,31.61460
2020-02-14,31.63690
2020-02-17,31.66020
2020-02-18,31.65720
2020-02-20,31.64160
2020-02-24,31.66310
2020-02-25,31.65630
2020-02-26,31.70040
2020-02-27,31.69660
2020-02-28,31.68050
2020-03-02,31.69760
2020-03-03,31.71170
2020-03-04,31.79250
2020-03-05,31.78800
2020-03-06,31.80590
2020-03-09,31.77680
2020-03-11,31.73670
2020-03-12,31.62050
2020-03-13,31.49980
2020-03-16,31.48700
2020-03-17,31.35810
2020-03-18,31.25920
2020-03-19,31.01170
2020-03-20,31.13940
2020-03-23,30.97360
2020-03-24,30.95990
2020-03-26,30.99720
2020-03-27,31.74240
2020-03-30,31.72340
2020-03-31,31.77600
2020-04-03,31.76130
2020-04-07,31.64520
2020-04-08,31.58380
2020-04-09,31.58150
2020-04-13,31.60370
2020-04-15,31.64660
2020-04-16,31.73610
2020-04-17,31.87890
2020-04-20,32.00670
2020-04-21,32.07670
2020-04-22,32.09940
2020-04-23,32.13410
2020-04-24,31.98180
2020-04-27,31.98670
2020-04-28,31.95700
2020-04-29,31.96480
2020-04-30,31.97950
2020-05-04,32.04380
2020-05-05,32.09650
2020-05-06,32.17100
2020-05-08,32.24560
2020-05-11,32.19100
2020-05-12,32.21740
2020-05-13,32.28100
2020-05-14,32.30510
2020-05-15,32.32750
2020-05-18,32.37130
2020-05-19,32.40420
2020-05-20,32.42040
2020-05-21,32.44750
2020-05-22,32.55300
2020-05-26,32.58280
2020-05-27,32.59600
2020-05-28,32.59340
2020-05-29,32.58980
2020-06-01,32.58340
2020-06-02,32.57740
2020-06-03,32.60570
2020-06-04,32.61560
2020-06-05,32.61740
2020-06-08,32.62360
2020-06-09,32.64460
2020-06-10,32.66360
2020-06-11,32.69090
2020-06-12,32.70190
2020-06-15,32.73290
2020-06-16,32.77890
2020-06-17,32.81040
2020-06-18,32.86980
2020-06-19,32.91730
2020-06-22,32.96140
2020-06-23,33.00730
2020-06-24,33.02030
2020-06-25,33.06280
2020-06-26,33.09560
2020-06-29,33.12240
2020-06-30,33.14870
2020-07-01,33.18300
2020-07-02,33.22950
2020-07-03,33.25780
2020-07-06,33.30060
2020-07-07,33.35250
2020-07-08,33.39500
2020-07-09,33.42650
2020-07-10,33.46900
2020-07-13,33.49370
2020-07-14,33.46820
2020-07-15,33.49980
2020-07-16,33.50370
2020-07-17,33.51800
2020-07-20,33.54900
2020-07-21,33.52890
2020-07-22,33.50120
2020-07-23,33.51200
2020-07-24,33.51390
2020-07-27,33.48470
2020-07-28,33.47290
2020-07-29,33.49340
2020-07-30,33.50880
2020-07-31,33.53060
2020-08-03,33.53710
2020-08-04,33.55630
2020-08-05,33.56780
2020-08-06,33.54210
2020-08-07,33.52900
2020-08-10,33.52860
2020-08-11,33.53860
2020-08-12,33.54170
2020-08-13,33.55760
2020-08-14,33.53190
2020-08-17,33.54000
2020-08-18,33.55430
2020-08-19,33.56480
2020-08-20,33.58220
2020-08-21,33.48800
2020-08-24,33.44370
2020-08-25,33.47780
2020-08-26,33.45320
2020-08-27,33.42990
2020-08-28,33.42540
2020-08-31,33.52980
2020-09-01,33.63980
2020-09-02,33.64870
2020-09-03,33.66780
2020-09-04,33.68000
2020-09-07,33.64840
2020-09-08,33.56950
2020-09-09,33.57370
2020-09-10,33.55870
2020-09-11,33.55100
2020-09-14,33.56220
2020-09-15,33.55380
2020-09-16,33.58420
2020-09-17,33.58320
2020-09-18,33.59540
2020-09-21,33.61450
2020-09-22,33.62750
2020-09-23,33.62890
2020-09-24,33.63080
2020-09-25,33.63450
2020-09-28,33.64110
2020-09-29,33.64000
2020-09-30,33.66340
2020-10-01,33.71830
2020-10-05,33.74430
2020-10-06,33.76790
2020-10-07,33.78810
2020-10-08,33.81410
2020-10-09,33.91960
2020-10-12,33.93740
2020-10-13,33.97200
2020-10-14,33.98980
2020-10-15,34.01380
2020-10-16,33.99860
2020-10-19,34.02950
2020-10-20,34.06000
2020-10-21,34.06760
2020-10-22,34.06360
2020-10-23,34.09350
2020-10-26,34.10770
2020-10-27,34.09570
2020-10-28,34.11090
2020-10-29,34.11850
2020-11-02,34.12900
2020-11-03,34.13800
2020-11-04,34.14920
2020-11-05,34.18960
2020-11-06,34.20920
2020-11-09,34.21000
2020-11-10,34.21070
2020-11-11,34.22750
2020-11-12,34.25660
2020-11-13,34.27950
2020-11-17,34.30220
2020-11-18,34.32330
2020-11-19,34.36310
2020-11-20,34.39130
2020-11-23,34.40520
2020-11-24,34.42010
2020-11-25,34.45120
2020-11-26,34.46330
2020-11-27,34.45240
2020-12-01,34.44720
2020-12-02,34.41680
2020-12-03,34.41240
2020-12-04,34.46030
2020-12-07,34.47400
2020-12-08,34.47070
2020-12-09,34.47480
2020-12-10,34.49050
2020-12-11,34.47620
2020-12-14,34.49440
2020-12-15,34.49860
2020-12-16,34.50360
2020-12-17,34.50190
2020-12-18,34.51170
2020-12-21,34.50660
2020-12-22,34.51410
2020-12-23,34.52890
2020-12-24,34.53800
2020-12-28,34.56110
2020-12-29,34.56890
2020-12-30,34.58200
2020-12-31,34.59380
2021-01-01,34.59900
2021-01-04,34.62980
2021-01-05,34.65830
2021-01-06,34.66090
2021-01-07,34.66840
2021-01-08,34.68350
2021-01-11,34.62520
2021-01-12,34.58490
2021-01-13,34.56570
2021-01-14,34.52020
2021-01-15,34.50300
2021-01-18,34.46980
2021-01-19,34.47760
2021-01-20,34.48090
2021-01-21,34.47840
2021-01-22,34.46770
2021-01-25,34.47570
2021-01-27,34.47330
2021-01-28,34.48380
2021-01-29,34.48840
2021-02-01,34.41560
2021-02-02,34.33120
2021-02-03,34.35220
2021-02-04,34.36340
2021-02-05,34.33860
2021-02-08,34.34840
2021-02-09,34.33760
2021-02-10,34.32970
2021-02-11,34.35930
2021-02-12,34.37690
2021-02-15,34.40530
2021-02-16,34.41480
2021-02-17,34.40880
2021-02-18,34.41610
2021-02-22,34.37160
2021-02-23,34.35630
2021-02-24,34.37320
2021-02-25,34.39100
2021-02-26,34.37910
2021-03-01,34.40350
2021-03-02,34.40920
2021-03-03,34.42570
2021-03-04,34.43680
2021-03-05,34.43870
2021-03-08,34.44440
2021-03-09,34.44500
2021-03-10,34.45170
2021-03-12,34.44300
2021-03-15,34.39780
2021-03-16,34.40390
2021-03-17,34.40730
2021-03-18,34.43730
2021-03-19,34.47850
2021-03-22,34.50990
2021-03-23,34.56330
2021-03-24,34.57840
2021-03-25,34.58780
2021-03-26,34.60300
2021-03-30,34.63430
2021-03-31,34.65800
2021-04-05,34.71320
2021-04-06,34.74860
2021-04-07,34.72670
2021-04-08,34.70430
2021-04-09,34.73590
2021-04-12,34.73820
2021-04-15,34.72840
2021-04-16,34.70760
2021-04-19,34.73830
2021-04-20,34.73900
2021-04-22,34.76420
2021-04-23,34.80400
2021-04-26,34.85460
2021-04-27,34.87460
2021-04-28,34.89350
2021-04-29,34.88970
2021-04-30,34.92040
2021-05-03,34.93470
2021-05-04,34.93250
2021-05-05,34.94290
2021-05-06,34.96160
2021-05-07,34.96700
2021-05-10,34.98300
2021-05-11,34.99480
2021-05-12,35.00310
2021-05-14,34.99990
2021-05-17,35.00670
2021-05-18,35.03090
2021-05-19,35.04330
2021-05-20,35.05160
2021-05-21,35.05370
2021-05-24,35.06500
2021-05-25,35.08150
2021-05-27,35.08420
2021-05-28,35.08650
2021-05-31,35.08420
2021-06-01,35.08350
2021-06-02,35.09070
2021-06-03,35.10470
2021-06-04,35.12740
2021-06-07,35.15290
2021-06-08,35.16460
2021-06-09,35.18540
2021-06-10,35.20090
2021-06-11,35.21600
2021-06-14,35.22780
2021-06-15,35.19920
2021-06-16,35.17440
2021-06-17,35.17200
2021-06-18,35.18220
2021-06-21,35.18180
2021-06-22,35.16530
2021-06-23,35.16470
2021-06-24,35.16770
2021-06-25,35.16210
2021-06-28,35.14710
2021-06-29,35.14580
2021-06-30,35.13320
2021-07-01,35.14810
2021-07-02,35.14440
2021-07-05,35.17060
2021-07-06,35.14800
2021-07-07,35.17130
2021-07-08,35.21750
2021-07-09,35.22410
2021-07-12,35.21740
2021-07-13,35.25180
2021-07-14,35.26060
2021-07-15,35.28630
2021-07-16,35.32430
2021-07-19,35.33120
2021-07-20,35.34900
2021-07-22,35.34960
2021-07-23,35.36010
2021-07-26,35.37490
2021-07-27,35.39600
2021-07-28,35.39950
2021-07-29,35.40550
2021-07-30,35.41200
2021-08-02,35.43190
2021-08-03,35.44480
2021-08-04,35.45630
2021-08-05,35.47170
2021-08-06,35.44950
2021-08-09,35.45880
2021-08-10,35.47600
2021-08-11,35.48420
2021-08-12,35.50040
2021-08-13,35.52510
2021-08-17,35.54720
2021-08-18,35.56270
2021-08-20,35.57450
2021-08-23,35.58120
2021-08-24,35.58250
2021-08-25,35.57970
2021-08-26,35.58240
2021-08-27,35.58270
2021-08-30,35.60870
2021-08-31,35.62680
2021-09-01,35.64760
2021-09-02,35.65750
2021-09-03,35.65700
2021-09-06,35.66700
2021-09-07,35.66290
2021-09-08,35.66360
2021-09-09,35.66840
2021-09-13,35.67880
2021-09-14,35.67880
2021-09-15,35.68620
2021-09-16,35.68770
2021-09-17,35.68880
2021-09-20,35.70140
2021-09-21,35.69960
2021-09-22,35.69730
2021-09-23,35.70270
2021-09-24,35.67550
2021-09-27,35.65660
2021-09-28,35.66590
2021-09-29,35.65130
2021-09-30,35.64740
2021-10-01,35.65080
2021-10-04,35.66620
2021-10-05,35.65650
2021-10-06,35.65150
2021-10-07,35.65470
2021-10-08,35.65690
2021-10-11,35.66820
2021-10-12,35.67670
2021-10-13,35.68820
2021-10-14,35.68850
2021-10-18,35.69430
2021-10-20,35.69510
2021-10-21,35.70670
2021-10-22,35.71050
2021-10-25,35.72300
2021-10-26,35.72360
2021-10-27,35.71480
2021-10-28,35.71310
2021-10-29,35.70000
2021-11-01,35.70210
2021-11-02,35.70220
2021-11-03,35.70810
2021-11-08,35.74970
2021-11-09,35.76300
2021-11-10,35.77020
2021-11-11,35.76550
2021-11-12,35.76960
2021-11-15,35.78370
2021-11-16,35.79060
2021-11-17,35.78250
2021-11-18,35.78940
2021-11-22,35.81060
2021-11-23,35.81660
2021-11-24,35.80760
2021-11-25,35.81070
2021-11-26,35.80480
2021-11-29,35.81380
2021-11-30,35.81750
2021-12-01,35.82460
2021-12-02,35.83920
2021-12-03,35.84210
2021-12-06,35.86060
2021-12-07,35.86620
2021-12-08,35.88270
2021-12-09,35.88480
2021-12-10,35.88530
2021-12-13,35.88880
2021-12-14,35.89400
2021-12-15,35.89850
2021-12-16,35.89890
2021-12-17,35.89180
2021-12-20,35.88630
2021-12-21,35.86700
2021-12-22,35.85940
2021-12-23,35.86020
2021-12-24,35.86160
2021-12-27,35.87310
2021-12-28,35.87400
2021-12-29,35.87380
2021-12-30,35.87640
2021-12-31,35.88570
2022-01-03,35.90060
2022-01-04,35.88970
2022-01-05,35.88950
2022-01-06,35.88780
2022-01-07,35.88830
2022-01-10,35.89290
2022-01-11,35.90600
2022-01-12,35.91550
2022-01-13,35.93410
2022-01-14,35.93750
2022-01-17,35.94000
2022-01-18,35.94310
2022-01-19,35.94890
2022-01-20,35.95840
2022-01-21,35.96400
2022-01-24,35.97340
2022-01-25,35.98560
2022-01-27,35.97720
2022-01-28,35.98110
2022-01-31,36.00430
2022-02-01,35.95930
2022-02-02,35.95340
2022-02-03,35.95710
2022-02-04,35.96450
2022-02-08,35.99300
2022-02-09,35.99650
2022-02-10,36.04940
2022-02-11,36.06370
2022-02-14,36.08270
2022-02-15,36.08260
2022-02-16,36.08650
2022-02-17,36.08660
2022-02-18,36.09900
2022-02-21,36.10570
2022-02-22,36.10760
2022-02-23,36.11870
2022-02-24,36.11700
2022-02-25,36.11350
2022-02-28,36.12240
2022-03-02,36.10370
2022-03-03,36.09610
2022-03-04,36.10510
2022-03-07,36.10150
2022-03-08,36.10340
2022-03-09,36.10670
2022-03-10,36.11630
2022-03-11,36.11680
2022-03-14,36.12590
2022-03-15,36.14780
2022-03-16,36.14640
2022-03-17,36.16110
2022-03-21,36.18290
2022-03-22,36.18300
2022-03-23,36.18370
2022-03-24,36.19100
2022-03-25,36.19850
2022-03-28,36.21500
2022-03-29,36.21620
2022-03-30,36.22230
2022-03-31,36.22980
2022-04-04,36.24630
2022-04-05,36.25650
2022-04-06,36.25390
2022-04-07,36.26140
2022-04-08,36.21220
2022-04-11,36.19320
2022-04-12,36.19150
2022-04-13,36.15520
2022-04-18,36.17950
2022-04-19,36.20120
2022-04-20,36.21810
2022-04-21,36.22100
2022-04-22,36.22040
2022-04-25,36.23960
2022-04-26,36.24540
2022-04-27,36.25890
2022-04-28,36.25500
2022-04-29,36.25440
2022-05-02,36.26690
2022-05-04,36.12170
2022-05-05,36.09670
2022-05-06,36.05590
2022-05-09,36.04420
2022-05-10,36.05310
2022-05-11,36.05910
2022-05-12,36.06170
2022-05-13,36.04080
2022-05-17,36.04900
2022-05-18,36.05860
2022-05-19,36.06760
2022-05-20,36.06440
2022-05-23,36.08280
2022-05-24,36.09530
2022-05-25,36.09760
2022-05-26,36.10120
2022-05-27,36.11010
2022-05-30,36.11390
2022-05-31,36.13090
2022-06-01,36.10900
2022-06-02,36.09490
2022-06-03,36.09240
2022-06-06,36.09170
2022-06-07,36.06500
2022-06-08,36.10990
2022-06-09,36.11780
2022-06-10,36.12960
2022-06-13,36.12510
2022-06-14,36.11930
2022-06-15,36.11830
2022-06-16,36.11680
2022-06-17,36.12340
2022-06-20,36.17500
2022-06-21,36.17400
2022-06-22,36.18430
2022-06-23,36.18330
2022-06-24,36.19060
2022-06-27,36.20580
2022-06-28,36.21330
2022-06-29,36.22110
2022-06-30,36.22950
2022-07-01,36.24820
2022-07-04,36.27810
2022-07-05,36.29620
2022-07-06,36.33140
2022-07-07,36.33080
2022-07-08,36.33510
2022-07-11,36.34110
2022-07-12,36.34720
2022-07-13,36.36550
2022-07-14,36.37290
2022-07-15,36.37450
2022-07-18,36.38600
2022-07-19,36.38390
2022-07-20,36.38650
2022-07-21,36.38620
2022-07-22,36.38880
2022-07-25,36.40880
2022-07-26,36.40110
2022-07-27,36.39690
2022-07-28,36.40840
2022-07-29,36.41760
2022-08-01,36.44390
2022-08-02,36.46190
2022-08-03,36.45760
2022-08-04,36.46940
2022-08-05,36.45410
2022-08-08,36.47160
2022-08-10,36.49150
2022-08-11,36.49770
2022-08-12,36.50300
2022-08-17,36.54890
2022-08-18,36.55000
2022-08-19,36.55090
2022-08-22,36.56580
2022-08-23,36.57240
2022-08-24,36.57600
2022-08-25,36.57910
2022-08-26,36.58820
2022-08-29,36.59980
2022-08-30,36.60490
2022-09-01,36.61860
2022-09-02,36.62110
2022-09-05,36.63310
2022-09-06,36.63990
2022-09-07,36.64580
2022-09-08,36.65520
2022-09-09,36.65590
2022-09-12,36.67100
2022-09-13,36.67590
2022-09-14,36.67370
2022-09-15,36.66120
2022-09-16,36.64640
2022-09-19,36.66330
2022-09-20,36.64190
2022-09-21,36.62600
2022-09-22,36.61630
2022-09-23,36.58960
2022-09-26,36.59410
2022-09-27,36.59450
2022-09-28,36.59830
2022-09-29,36.63010
2022-09-30,36.65120
2022-10-03,36.66440
2022-10-04,36.68420
2022-10-06,36.68690
2022-10-07,36.67180
2022-10-10,36.66120
2022-10-11,36.65300
2022-10-12,36.64630
2022-10-13,36.65410
2022-10-14,36.65810
2022-10-17,36.70510
2022-10-18,36.71870
2022-10-19,36.71740
2022-10-20,36.71340
2022-10-21,36.71270
2022-10-25,36.76190
2022-10-27,36.79530
2022-10-28,36.79650
2022-10-31,36.81170
2022-11-01,36.81930
2022-11-02,36.82410
2022-11-03,36.82050
2022-11-04,36.82530
2022-11-07,36.85050
2022-11-09,36.86920
2022-11-10,36.89330
2022-11-11,36.93750
2022-11-14,36.93720
2022-11-15,36.96520
2022-11-16,36.97120
2022-11-17,36.98220
2022-11-18,36.98510
2022-11-21,37.00020
2022-11-22,37.00800
2022-11-23,37.02010
2022-11-24,37.03490
2022-11-25,37.03680
2022-11-28,37.06630
2022-11-29,37.06890
2022-11-30,37.07840
2022-12-01,37.09470
2022-12-02,37.09770
2022-12-05,37.12460
2022-12-06,37.12310
2022-12-07,37.11930
2022-12-08,37.12600
2022-12-09,37.12790
2022-12-12,37.14670
2022-12-13,37.16300
2022-12-14,37.18050
2022-12-15,37.18010
2022-12-16,37.18810
2022-12-19,37.20420
2022-12-20,37.20970
2022-12-21,37.20850
2022-12-22,37.21100
2022-12-23,37.20630
2022-12-26,37.21870
2022-12-27,37.22830
2022-12-28,37.21060
2022-12-29,37.22890
2022-12-30,37.23740
2023-01-02,37.25680
2023-01-03,37.25830
2023-01-04,37.26990
2023-01-05,37.28070
2023-01-06,37.27270
2023-01-09,37.30510
2023-01-10,37.30750
2023-01-11,37.31710
2023-01-12,37.33520
2023-01-13,37.34970
2023-01-16,37.35680
2023-01-17,37.36900
2023-01-18,37.37760
2023-01-19,37.39140
2023-01-20,37.37840
2023-01-23,37.39980
2023-01-24,37.40340
2023-01-25,37.41000
2023-01-27,37.40290
2023-01-30,37.39920
2023-01-31,37.41210
2023-02-01,37.46270
2023-02-02,37.46170
2023-02-03,37.46840
2023-02-06,37.48550
2023-02-07,37.48920
2023-02-08,37.47250
2023-02-09,37.48080
2023-02-10,37.48940
2023-02-13,37.50930
2023-02-14,37.49000
2023-02-15,37.50070
2023-02-16,37.50790
2023-02-17,37.49720
2023-02-20,37.52400
2023-02-21,37.53310
2023-02-22,37.51840
2023-02-23,37.52060
2023-02-24,37.52700
2023-02-27,37.51580
2023-02-28,37.52160
2023-03-01,37.52090
2023-03-02,37.52290
2023-03-03,37.53470
2023-03-06,37.55050
2023-03-08,37.53750
2023-03-09,37.56020
2023-03-10,37.55790
2023-03-13,37.61000
2023-03-14,37.62190
2023-03-15,37.63910
2023-03-16,37.63420
2023-03-17,37.64420
2023-03-20,37.68010
2023-03-21,37.68860
2023-03-23,37.72310
2023-03-24,37.72930
2023-03-27,37.74490
2023-03-28,37.71290
2023-03-29,37.76130
2023-03-31,37.80490
2023-04-03,37.82610
2023-04-05,37.86960
2023-04-06,37.94180
2023-04-10,37.96590
2023-04-11,37.96690
2023-04-12,37.98770
2023-04-13,38.00050
2023-04-17,38.02580
2023-04-18,38.03580
2023-04-19,38.05150
2023-04-20,38.07320
2023-04-21,38.09300
2023-04-24,38.13420
2023-04-25,38.14780
2023-04-26,38.16580
2023-04-27,38.17260
2023-04-28,38.17620
2023-05-02,38.20140
2023-05-03,38.23670
2023-05-04,38.23580
2023-05-08,38.26110
2023-05-09,38.26670
2023-05-10,38.26940
2023-05-11,38.27430
2023-05-12,38.29530
2023-05-15,38.31710
2023-05-16,38.32830
2023-05-17,38.34080
2023-05-18,38.35740
2023-05-19,38.37300
2023-05-22,38.41900
2023-05-23,38.42000
2023-05-24,38.41890
2023-05-25,38.42440
2023-05-26,38.43140
2023-05-29,38.43670
2023-05-30,38.44440
2023-05-31,38.44970
2023-06-01,38.47440
2023-06-02,38.47370
2023-06-05,38.49730
2023-06-06,38.51420
2023-06-07,38.51960
2023-06-08,38.51620
2023-06-09,38.51000
2023-06-12,38.52890
2023-06-13,38.53270
2023-06-14,38.54050
2023-06-15,38.54290
2023-06-16,38.54620
2023-06-19,38.57080
2023-06-20,38.58670
2023-06-21,38.56690
2023-06-22,38.56920
2023-06-23,38.57700
2023-06-26,38.60080
2023-06-27,38.60690
2023-06-28,38.62600
2023-06-30,38.62780
2023-07-03,38.63910
2023-07-04,38.64850
2023-07-05,38.66570
2023-07-06,38.65760
2023-07-07,38.65810
2023-07-10,38.67430
2023-07-11,38.70060
2023-07-12,38.70780
2023-07-13,38.74390
2023-07-14,38.75310
2023-07-17,38.77430
2023-07-18,38.79860
2023-07-19,38.80700
2023-07-20,38.82330
2023-07-21,38.82770
2023-07-24,38.85110
2023-07-25,38.84820
2023-07-26,38.86530
2023-07-27,38.87050
2023-07-28,38.85490
2023-07-31,38.87050
2023-08-01,38.88080
2023-08-02,38.89130
2023-08-03,38.88970
2023-08-04,38.88660
2023-08-07,38.90820
2023-08-08,38.91510
2023-08-09,38.92490
2023-08-10,38.93700
2023-08-11,38.93860
2023-08-14,38.96030
2023-08-17,38.97700
2023-08-18,38.98220
2023-08-21,39.00950
2023-08-22,39.00700
2023-08-23,39.03020
2023-08-24,39.04590
2023-08-25,39.06040
2023-08-28,39.08630
2023-08-29,39.08860
2023-08-30,39.09770
2023-08-31,39.09720
2023-09-01,39.11030
2023-09-04,39.13550
2023-09-05,39.14170
2023-09-06,39.13950
2023-09-07,39.15430
2023-09-08,39.15480
2023-09-11,39.17510
2023-09-12,39.16250
2023-09-13,39.21810
2023-09-14,39.25080
2023-09-15,39.23780
2023-09-18,39.25660
2023-09-20,39.27990
2023-09-21,39.28640
2023-09-22,39.28920
2023-09-25,39.29610
2023-09-26,39.29230
2023-09-27,39.29920
2023-09-29,39.30730
2023-10-03,39.32550
2023-10-04,39.32690
2023-10-05,39.34720
2023-10-06,39.29380
2023-10-09,39.30430
2023-10-10,39.29580
2023-10-11,39.31270
2023-10-12,39.33000
2023-10-13,39.34410
2023-10-16,39.36510
2023-10-17,39.37460
2023-10-18,39.38730
2023-10-19,39.39280
2023-10-20,39.39770
2023-10-23,39.41520
2023-10-25,39.43540
2023-10-26,39.44450
2023-10-27,39.45080
2023-10-30,39.46280
2023-10-31,39.47350
2023-11-01,39.47620
2023-11-02,39.48770
2023-11-03,39.49680
2023-11-06,39.51800
2023-11-07,39.52840
2023-11-08,39.54060
2023-11-09,39.55160
2023-11-10,39.55370
2023-11-13,39.57590
2023-11-15,39.60110
2023-11-16,39.61840
2023-11-17,39.62660
2023-11-20,39.64210
2023-11-21,39.63040
2023-11-22,39.63600
2023-11-23,39.64060
2023-11-24,39.62740
2023-11-28,39.66040
2023-11-29,39.67710
2023-11-30,39.68400
2023-12-01,39.68190
2023-12-04,39.70640
2023-12-05,39.71300
2023-12-06,39.72800
2023-12-07,39.73400
2023-12-08,39.74170
2023-12-11,39.76120
2023-12-12,39.75850
2023-12-13,39.76540
2023-12-14,39.78270
2023-12-15,39.80200
2023-12-18,39.83470
2023-12-19,39.83990
2023-12-20,39.83500
2023-12-21,39.83600
2023-12-22,39.85330
2023-12-26,39.88420
2023-12-27,39.88510
2023-12-28,39.89030
2023-12-29,39.90840
2024-01-01,39.93470
2024-01-02,39.93950
2024-01-03,39.95150
2024-01-04,39.95620
2024-01-05,39.96350
2024-01-08,39.98720
2024-01-09,39.99420
2024-01-10,40.00100
2024-01-11,40.00710
2024-01-12,40.02410
2024-01-15,40.04990
2024-01-16,40.06220
2024-01-17,40.07140
2024-01-18,40.06610
2024-01-19,40.07150
2024-01-23,40.10100
2024-01-24,40.10030
2024-01-25,40.10410
2024-01-29,40.14440
2024-01-30,40.14980
2024-01-31,40.16450
2024-02-01,40.19350
2024-02-02,40.21140
2024-02-05,40.22770
2024-02-06,40.23530
2024-02-07,40.24140
2024-02-08,40.25560
2024-02-09,40.26430
2024-02-12,40.28150
2024-02-13,40.28650
2024-02-14,40.28840
2024-02-15,40.30310
2024-02-16,40.30400
2024-02-20,40.34870
2024-02-21,40.35800
2024-02-22,40.37760
2024-02-23,40.38260
2024-02-26,40.41370
2024-02-27,40.42010
2024-02-28,40.43030
2024-02-29,40.44090
2024-03-01,40.44160
2024-03-04,40.47030
2024-03-05,40.47260
2024-03-06,40.49390
2024-03-07,40.50560
2024-03-11,40.56090
2024-03-12,40.57430
2024-03-13,40.58230
2024-03-14,40.58440
2024-03-15,40.59500
2024-03-18,40.61200
2024-03-19,40.61170
2024-03-20,40.62590
2024-03-21,40.64370
2024-03-22,40.64570
2024-03-26,40.67100
2024-03-27,40.68490
2024-03-28,40.72460
2024-03-31,40.74820
2024-04-02,40.77330
2024-04-03,40.79320
2024-04-04,40.79650
2024-04-05,40.80270
2024-04-08,40.81020
2024-04-10,40.82390
2024-04-12,40.81980
2024-04-15,40.83960
2024-04-16,40.84020
2024-04-18,40.85760
2024-04-19,40.84170
2024-04-22,40.87870
2024-04-23,40.89070
2024-04-24,40.89720
2024-04-25,40.90580
2024-04-26,40.90840
2024-04-29,40.93340
2024-04-30,40.94210
2024-05-02,40.96050
2024-05-03,40.96910
2024-05-06,41.00530
2024-05-07,41.01310
2024-05-08,41.01100
2024-05-09,41.01120
2024-05-10,41.03000
2024-05-13,41.05030
2024-05-14,41.06710
2024-05-15,41.08220
2024-05-16,41.10360
2024-05-17,41.10710
2024-05-21,41.14810
2024-05-22,41.17050
2024-05-24,41.19140
2024-05-27,41.21210
2024-05-28,41.21100
2024-05-29,41.21990
2024-05-30,41.22430
2024-05-31,41.22940
2024-06-03,41.26200
2024-06-04,41.20660
2024-06-05,41.22670
2024-06-06,41.25050
2024-06-07,41.26950
2024-06-10,41.29650
2024-06-11,41.30740
2024-06-12,41.32190
2024-06-13,41.33410
2024-06-14,41.34880
2024-06-18,41.37840
2024-06-19,41.39140
2024-06-20,41.39900
2024-06-21,41.41460
2024-06-24,41.43510
2024-06-25,41.44390
2024-06-26,41.44710
2024-06-27,41.44330
2024-06-28,41.46290
2024-07-01,41.48050
2024-07-02,41.49760
2024-07-03,41.50790
2024-07-04,41.52510
2024-07-05,41.53760
2024-07-08,41.57190
2024-07-09,41.58010
2024-07-10,41.58770
2024-07-11,41.60310
2024-07-12,41.61520
2024-07-15,41.64310
2024-07-16,41.66280
2024-07-18,41.68270
2024-07-19,41.69120
2024-07-22,41.71610
2024-07-23,41.71810
2024-07-24,41.72440
2024-07-25,41.74720
2024-07-26,41.78450
2024-07-29,41.82930
2024-07-30,41.82930
2024-07-31,41.82840
2024-08-01,41.84850
2024-08-02,41.85860
2024-08-05,41.89450
2024-08-06,41.89640
2024-08-07,41.90010
2024-08-08,41.91250
2024-08-09,41.92110
2024-08-12,41.94080
2024-08-13,41.94870
2024-08-14,41.95540
2024-08-16,41.97130
2024-08-19,41.99830
2024-08-20,42.02050
2024-08-21,42.03040
2024-08-22,42.03920
2024-08-23,42.05350
2024-08-26,42.07390
2024-08-27,42.09340
2024-08-28,42.10860
2024-08-29,42.11250
2024-08-30,42.12160
2024-09-02,42.13780
2024-09-03,42.15560
2024-09-04,42.15480
2024-09-05,42.16260
2024-09-06,42.16760
2024-09-09,42.19250
2024-09-10,42.19840
2024-09-11,42.21490
2024-09-12,42.21870
2024-09-13,42.24940
2024-09-16,42.28310
2024-09-17,42.28750
2024-09-19,42.33130
2024-09-20,42.34710
2024-09-23,42.38080
2024-09-24,42.38900
2024-09-25,42.41030
2024-09-26,42.44010
2024-09-27,42.44200
2024-09-30,42.46730
2024-10-01,42.48810
2024-10-03,42.50360
2024-10-04,42.49930
2024-10-07,42.50200
2024-10-08,42.52130
2024-10-09,42.56340
2024-10-10,42.59000
2024-10-11,42.61930
2024-10-14,42.66460
2024-10-15,42.67590
2024-10-16,42.67120
2024-10-17,42.67270
2024-10-18,42.66020
2024-10-21,42.67680
2024-10-22,42.66940
2024-10-23,42.69060
2024-10-24,42.70370
2024-10-25,42.71480
2024-10-28,42.71780
2024-10-29,42.72930
2024-10-30,42.73780
2024-10-31,42.74750
2024-11-04,42.76810
2024-11-05,42.77560
2024-11-06,42.78010
2024-11-07,42.79180
2024-11-08,42.81400
2024-11-11,42.83920
2024-11-12,42.84640
2024-11-13,42.84490
2024-11-14,42.84680
2024-11-18,42.88080
2024-11-19,42.89090
2024-11-21,42.89850
2024-11-22,42.89930
2024-11-25,42.92370
2024-11-26,42.93060
2024-11-27,42.92530
2024-11-28,42.93340
2024-11-29,42.96500
2024-12-02,43.01380
2024-12-03,43.03120
2024-12-04,43.05570
2024-12-05,43.07640
2024-12-06,43.05860
2024-12-09,43.08040
2024-12-10,43.10070
2024-12-11,43.10840
2024-12-12,43.10570
2024-12-13,43.10480
2024-12-16,43.12890
2024-12-17,43.13390
2024-12-18,43.14000
2024-12-19,43.12020
2024-12-20,43.11560
2024-12-23,43.13830
2024-12-24,43.12880
2024-12-26,43.14480
2024-12-27,43.15470
2024-12-30,43.17370
2024-12-31,43.19140
2025-01-01,43.20020
2025-01-02,43.19870
2025-01-03,43.21070
2025-01-06,43.23950
2025-01-07,43.25570
2025-01-08,43.25820
2025-01-09,43.26700
2025-01-10,43.27220
2025-01-13,43.25000
2025-01-14,43.24510
2025-01-15,43.26220
2025-01-16,43.30780
2025-01-17,43.32490
2025-01-20,43.35420
2025-01-21,43.36480
2025-01-22,43.37750
2025-01-23,43.38920
2025-01-24,43.39950
2025-01-27,43.43950
2025-01-28,43.44710
2025-01-29,43.45130
2025-01-30,43.46360
2025-01-31,43.46210
2025-02-03,43.51210
2025-02-04,43.52270
2025-02-05,43.56170
2025-02-06,43.59320
2025-02-07,43.58250
2025-02-10,43.58950
2025-02-11,43.59340
2025-02-12,43.58700
2025-02-13,43.60030
2025-02-14,43.60230
2025-02-17,43.61960
2025-02-18,43.62520
2025-02-20,43.64680
2025-02-21,43.65150
2025-02-24,43.67210
2025-02-25,43.68330
2025-02-27,43.68000
2025-02-28,43.67920
2025-03-03,43.69310
2025-03-04,43.69080
2025-03-05,43.69300
2025-03-06,43.70730
2025-03-07,43.72230
2025-03-10,43.73870
2025-03-11,43.74450
2025-03-12,43.75300
2025-03-13,43.76140
2025-03-17,43.79580
2025-03-18,43.80570
2025-03-19,43.85110
2025-03-20,43.88550
2025-03-21,43.91750
2025-03-24,43.94150
2025-03-25,43.95920
2025-03-26,43.98250
2025-03-27,44.05360
2025-03-28,44.10670
2025-03-31,44.13080
2025-04-02,44.27610
2025-04-03,44.31030
2025-04-04,44.32630
2025-04-07,44.34650
2025-04-08,44.33100
2025-04-09,44.39230
2025-04-11,44.45240
2025-04-15,44.50450
2025-04-16,44.55520
2025-04-17,44.60100
2025-04-21,44.65720
2025-04-22,44.69050
2025-04-23,44.72480
2025-04-24,44.72250
2025-04-25,44.71030
2025-04-28,44.72310
2025-04-29,44.75750
2025-04-30,44.74370
2025-05-02,44.75880
2025-05-05,44.80070
2025-05-06,44.79790
2025-05-07,44.81760
2025-05-08,44.75680
2025-05-09,44.72720
2025-05-13,44.86990
2025-05-14,44.92180
2025-05-15,44.97220
2025-05-16,45.03960
2025-05-19,45.08480
2025-05-20,45.11980
2025-05-21,45.19320
2025-05-22,45.18050
2025-05-23,45.19000
2025-05-26,45.21490
2025-05-27,45.22150
2025-05-28,45.24400
2025-05-29,45.23220
2025-05-30,45.23010
2025-06-02,45.25480
2025-06-03,45.25410
2025-06-04,45.25360
2025-06-05,45.26790
2025-06-06,45.40950
2025-06-09,45.40390
2025-06-10,45.32650
2025-06-11,45.29430
2025-06-12,45.26000
2025-06-13,45.22740
2025-06-16,45.25470
2025-06-17,45.30870
2025-06-18,45.32080
2025-06-19,45.30340
2025-06-20,45.29110
2025-06-23,45.30000
2025-06-24,45.33360
2025-06-25,45.31650
2025-06-26,45.31590
2025-06-27,45.31460
2025-06-30,45.35250
2025-07-01,45.38810
2025-07-02,45.41630
2025-07-03,45.45870
2025-07-04,45.46180
2025-07-07,45.49720
2025-07-08,45.49480
2025-07-09,45.49540
2025-07-10,45.50120
2025-07-11,45.50430
2025-07-14,45.52230
2025-07-15,45.52500
2025-07-16,45.53340
2025-07-17,45.55140
2025-07-18,45.57110
2025-07-21,45.58880
2025-07-22,45.60180
2025-07-23,45.61250
2025-07-24,45.61760
2025-07-25,45.60760
2025-07-28,45.62070
2025-07-29,45.62010
2025-07-30,45.62170
2025-07-31,45.63990
2025-08-01,45.65760
2025-08-04,45.69740
2025-08-05,45.70950
2025-08-06,45.65980
2025-08-07,45.68720
2025-08-08,45.68940
2025-08-11,45.67790
2025-08-12,45.64490
2025-08-13,45.62480
2025-08-14,45.65870
2025-08-18,45.66170
2025-08-19,45.64810
2025-08-20,45.67370
2025-08-21,45.68080
2025-08-22,45.68230
2025-08-25,45.68430
2025-08-26,45.64180
2025-08-28,45.68490
2025-08-29,45.66480
2025-09-01,45.67320
2025-09-02,45.67890
2025-09-03,45.69270
2025-09-04,45.70260
2025-09-05,45.73160
2025-09-09,45.76840
2025-09-10,45.76990
2025-09-11,45.77340
2025-09-12,45.78640
2025-09-15,45.80190
2025-09-16,45.79990
2025-09-17,45.81930
2025-09-18,45.84640
2025-09-19,45.84480
2025-09-22,45.88510
2025-09-23,45.90170
2025-09-24,45.90840
2025-09-25,45.92600
2025-09-26,45.94070
2025-09-30,45.96140
2025-10-01,46.00270
2025-10-03,46.04960
2025-10-06,46.08910
2025-10-07,46.11290
2025-10-08,46.13410
2025-10-09,46.12220
2025-10-10,46.13460
2025-10-13,46.17040
2025-10-14,46.17550
2025-10-15,46.20160
2025-10-16,46.20980
2025-10-17,46.22930
2025-10-20,46.25080
2025-10-23,46.25310
2025-10-24,46.26010
2025-10-27,46.27890
2025-10-28,46.28370
2025-10-29,46.29840
2025-10-30,46.29600
2025-10-31,46.30810
2025-11-03,46.34640
2025-11-04,46.37210
2025-11-06,46.38720
2025-11-07,46.39110
2025-11-10,46.41840
2025-11-11,46.42460
2025-11-12,46.43310
2025-11-13,46.44220
2025-11-14,46.43280
2025-11-17,46.45090
2025-11-18,46.45910
2025-11-19,46.47530
2025-11-20,46.48260
2025-11-21,46.46950
2025-11-24,46.49750
2025-11-25,46.52500
2025-11-26,46.54440
2025-11-27,46.54770
2025-11-28,46.55250
2025-12-01,46.54530
2025-12-02,46.54920
2025-12-03,46.55460
2025-12-04,46.55120
2025-12-05,46.60560
2025-12-08,46.60260
2025-12-09,46.56340
2025-12-10,46.53640
2025-12-11,46.52540
2025-12-12,46.52900
2025-12-15,46.52160
2025-12-16,46.52570
2025-12-17,46.52110
2025-12-18,46.54360
2025-12-19,46.54130
2025-12-22,46.54120
2025-12-23,46.50160
2025-12-24,46.57540
2025-12-26,46.60170
2025-12-29,46.62260
2025-12-30,46.59670
2025-12-31,46.61180
2026-01-01,46.62490
2026-01-02,46.62560
2026-01-05,46.61380
2026-01-06,46.61700
2026-01-07,46.61210
2026-01-08,46.61910
2026-01-09,46.61580
2026-01-12,46.63840
2026-01-13,46.61640
2026-01-14,46.59030
2026-01-16,46.55790
2026-01-19,46.55450
2026-01-20,46.55320
2026-01-21,46.55410
2026-01-22,46.59210
2026-01-23,46.59940
2026-01-27,46.62140
2026-01-28,46.60040
2026-01-29,46.61280
2026-01-30,46.64700
2026-02-02,46.64710
2026-02-03,46.70970
2026-02-04,46.76230
2026-02-05,46.78780
2026-02-06,46.73620
2026-02-09,46.75600
2026-02-10,46.77060
2026-02-11,46.79370
2026-02-12,46.84510
2026-02-13,46.88430
2026-02-16,46.91950
2026-02-17,46.93020
2026-02-18,46.93900
2026-02-20,46.92910
2026-02-23,46.94780
2026-02-24,46.96500
2026-02-25,46.98670
2026-02-26,47.00470
2026-02-27,47.01910
2026-03-02,47.04360
2026-03-04,47.00240
2026-03-05,47.02720
2026-03-06,47.03460
2026-03-09,46.99480
2026-03-10,47.01300
2026-03-11,47.03450
2026-03-12,46.99690
2026-03-13,46.98300
2026-03-16,46.98050
2026-03-17,46.98260
2026-03-18,47.00690
2026-03-20,46.98820
2026-03-23,46.89790
2026-03-24,46.89220
2026-03-25,46.88670
2026-03-27,46.86030
2026-03-30,46.89870
2026-03-31,46.90820
2026-04-02,46.84340
2026-04-06,46.85930
2026-04-07,46.86530
2026-04-08,47.01450
2026-04-09,47.06350
2026-04-10,47.09960
2026-04-13,47.09410
2026-04-15,47.17760
2026-04-16,47.18540
2026-04-17,47.17940
2026-04-20,47.20230
2026-04-21,47.20710
2026-04-22,47.20510
2026-04-23,47.16970
2026-04-24,47.15660
2026-04-27,47.19370
2026-04-28,47.18280
2026-04-29,47.14720
2026-04-30,47.10850
2026-05-04,47.15850
2026-05-05,47.15790
2026-05-06,47.23080
2026-05-07,47.25610
2026-05-08,47.25070
2026-05-11,47.22860
2026-05-12,47.20110
2026-05-13,47.19670
2026-05-14,47.19190
2026-05-15,47.15010
2026-05-18,47.06480
2026-05-19,47.07190
2026-05-20,47.04200
2026-05-21,47.00170
2026-05-22,47.02850
2026-05-25,47.09430
2026-05-26,47.10100
2026-05-27,47.12490
2026-05-29,47.17420
2026-06-01,47.19620
2026-06-02,47.22240
2026-06-03,47.20790
2026-06-04,47.24210
2026-06-05,47.38680
2026-06-08,47.48100
2026-06-09,47.59560
2026-06-10,47.63000
2026-06-11,47.59260
2026-06-12,47.64560
2026-06-15,47.69410
2026-06-16,47.71010
2026-06-17,47.71530
2026-06-18,47.73750
2026-06-19,47.73820
2026-06-22,47.76060
2026-06-23,47.77920
2026-06-24,47.80990
2026-06-25,47.86810
2026-06-29,47.93740
2026-06-30,47.98960
2026-07-01,48.00370
2026-07-02,48.03200
2026-07-03,48.06000
2026-07-06,48.07930
2026-07-07,48.07140
2026-07-08,47.97620
2026-07-09,47.98420
2026-07-10,48.02610
2026-07-13,48.02700
2026-07-14,47.95160
2026-07-15,47.97790
2026-07-16,48.01260
2026-07-17,48.03480
2026-07-20,48.02240
2026-07-21,48.05800
2026-07-22,48.02070
2026-07-23,48.01850
2026-07-24,48.02950
2026-07-27,48.11910
2026-07-28,48.12320
2026-07-29,48.12150
2026-07-30,48.10700
2026-07-31,48.12600
2026-08-03,48.16010
2026-08-04,48.17030
2026-08-05,48.20880
2026-08-06,48.24440
2026-08-07,48.25350
2026-08-10,48.29650
2026-08-11,48.27540
2026-08-12,48.28850
2026-08-13,48.30380
2026-08-14,48.31580
2026-08-17,48.30140
2026-08-18,48.27400
2026-08-19,48.27590
2026-08-20,48.21130
2026-08-21,48.16520
2026-08-24,48.19020
2026-08-25,48.20230
2026-08-27,48.19320
2026-08-28,48.17730
2026-08-31,48.16610
2026-09-01,48.17780
2026-09-02,48.19710
2026-09-03,48.27940
2026-09-04,48.29830
2026-09-07,48.32460
2026-09-08,48.32420
2026-09-09,48.33170
2026-09-10,48.31910
2026-09-11,48.26370
