Date,NAV
2006-07-05,10.63680
2006-07-06,10.63870
2006-07-07,10.64060
2006-07-09,10.64450
2006-07-10,10.64640
2006-07-11,10.64830
2006-07-12,10.65020
2006-07-13,10.65220
2006-07-14,10.65410
2006-07-16,10.65790
2006-07-17,10.65980
2006-07-18,10.66170
2006-07-19,10.66360
2006-07-20,10.66560
2006-07-21,10.66750
2006-07-23,10.67130
2006-07-24,10.67320
2006-07-25,10.63670
2006-07-26,10.63860
2006-07-27,10.64060
2006-07-28,10.64250
2006-07-30,10.64630
2006-07-31,10.64830
2006-08-01,10.65020
2006-08-02,10.65220
2006-08-03,10.65410
2006-08-04,10.65610
2006-08-06,10.66000
2006-08-07,10.66190
2006-08-08,10.66390
2006-08-09,10.66590
2006-08-10,10.66790
2006-08-11,10.66990
2006-08-13,10.67370
2006-08-14,10.67570
2006-08-15,10.67770
2006-08-16,10.67970
2006-08-17,10.68170
2006-08-18,10.68370
2006-08-20,10.68750
2006-08-21,10.68950
2006-08-22,10.69140
2006-08-23,10.69340
2006-08-24,10.69530
2006-08-25,10.64290
2006-08-27,10.64670
2006-08-28,10.64870
2006-08-29,10.65060
2006-08-30,10.65260
2006-08-31,10.65450
2006-09-01,10.65650
2006-09-03,10.66030
2006-09-04,10.66220
2006-09-05,10.66420
2006-09-06,10.66620
2006-09-07,10.66810
2006-09-08,10.67010
2006-09-10,10.67400
2006-09-11,10.67590
2006-09-12,10.67790
2006-09-13,10.67990
2006-09-14,10.68190
2006-09-15,10.68380
2006-09-17,10.68780
2006-09-18,10.68980
2006-09-19,10.69190
2006-09-20,10.69410
2006-09-21,10.69610
2006-09-22,10.69820
2006-09-24,10.70220
2006-09-25,10.64680
2006-09-26,10.64890
2006-09-27,10.65090
2006-09-28,10.65300
2006-09-29,10.65520
2006-10-02,10.66150
2006-10-03,10.66360
2006-10-04,10.66560
2006-10-05,10.66770
2006-10-06,10.66970
2006-10-08,10.67370
2006-10-09,10.67580
2006-10-10,10.67780
2006-10-11,10.67980
2006-10-12,10.68190
2006-10-13,10.68400
2006-10-15,10.68810
2006-10-16,10.69010
2006-10-17,10.69220
2006-10-18,10.69420
2006-10-19,10.69630
2006-10-20,10.69840
2006-10-22,10.70260
2006-10-23,10.70470
2006-10-25,10.70900
2006-10-26,10.64970
2006-10-27,10.65180
2006-10-29,10.65590
2006-10-30,10.65790
2006-10-31,10.66000
2006-11-01,10.66210
2006-11-02,10.66420
2006-11-03,10.66630
2006-11-05,10.67060
2006-11-06,10.67270
2006-11-07,10.67480
2006-11-08,10.67690
2006-11-09,10.67900
2006-11-10,10.68120
2006-11-12,10.68520
2006-11-13,10.68740
2006-11-14,10.68950
2006-11-15,10.69160
2006-11-16,10.69370
2006-11-17,10.69580
2006-11-19,10.70010
2006-11-20,10.70220
2006-11-21,10.70430
2006-11-22,10.70640
2006-11-23,10.70850
2006-11-24,10.71070
2006-11-26,10.65180
2006-11-27,10.65380
2006-11-28,10.65600
2006-11-29,10.65800
2006-11-30,10.66020
2006-12-01,10.66230
2006-12-03,10.66640
2006-12-04,10.66860
2006-12-05,10.67070
2006-12-06,10.67280
2006-12-07,10.67490
2006-12-08,10.67690
2006-12-10,10.68110
2006-12-11,10.68320
2006-12-12,10.68530
2006-12-13,10.68750
2006-12-14,10.68960
2006-12-15,10.69180
2006-12-17,10.69630
2006-12-18,10.69850
2006-12-19,10.70070
2006-12-20,10.70290
2006-12-21,10.70510
2006-12-22,10.70740
2006-12-25,10.71440
2006-12-26,10.65080
2006-12-27,10.65310
2006-12-28,10.65560
2006-12-29,10.65820
2007-01-01,10.66590
2007-01-02,10.66850
2007-01-03,10.67070
2007-01-04,10.67290
2007-01-05,10.67520
2007-01-07,10.67960
2007-01-08,10.68190
2007-01-09,10.68420
2007-01-10,10.68650
2007-01-11,10.68870
2007-01-12,10.69100
2007-01-14,10.69550
2007-01-15,10.69780
2007-01-16,10.70000
2007-01-17,10.70220
2007-01-18,10.70460
2007-01-19,10.70690
2007-01-21,10.71140
2007-01-22,10.71370
2007-01-23,10.71600
2007-01-24,10.71820
2007-01-25,10.65060
2007-01-26,10.65290
2007-01-28,10.65740
2007-01-29,10.65970
2007-01-30,10.66190
2007-01-31,10.66420
2007-02-01,10.66650
2007-02-02,10.66880
2007-02-04,10.67330
2007-02-05,10.67560
2007-02-06,10.67790
2007-02-07,10.68020
2007-02-08,10.68240
2007-02-09,10.68470
2007-02-11,10.68910
2007-02-12,10.69140
2007-02-13,10.69360
2007-02-14,10.69590
2007-02-15,10.69820
2007-02-16,10.70060
2007-02-18,10.70520
2007-02-19,10.70740
2007-02-20,10.70980
2007-02-21,10.71220
2007-02-22,10.71440
2007-02-23,10.71670
2007-02-25,10.72100
2007-02-26,10.65030
2007-02-27,10.65250
2007-02-28,10.65470
2007-03-01,10.65710
2007-03-02,10.65930
2007-03-04,10.66380
2007-03-05,10.66610
2007-03-06,10.66830
2007-03-07,10.67060
2007-03-08,10.67290
2007-03-09,10.67520
2007-03-11,10.67960
2007-03-12,10.68190
2007-03-13,10.68360
2007-03-14,10.68600
2007-03-15,10.68830
2007-03-16,10.69080
2007-03-19,10.69880
2007-03-20,10.70200
2007-03-21,10.70610
2007-03-22,10.70990
2007-03-23,10.71260
2007-03-25,10.71830
2007-03-26,10.65200
2007-03-27,10.65500
2007-03-28,10.65850
2007-03-29,10.66120
2007-03-30,10.66660
2007-04-02,10.68440
2007-04-03,10.68760
2007-04-04,10.69020
2007-04-05,10.69300
2007-04-06,10.69560
2007-04-08,10.70080
2007-04-09,10.70340
2007-04-10,10.70590
2007-04-11,10.70830
2007-04-12,10.71070
2007-04-13,10.71310
2007-04-15,10.71800
2007-04-16,10.72060
2007-04-17,10.72350
2007-04-18,10.72620
2007-04-19,10.72890
2007-04-20,10.73160
2007-04-22,10.73690
2007-04-23,10.73960
2007-04-24,10.74240
2007-04-25,10.64880
2007-04-26,10.65140
2007-04-27,10.65420
2007-04-29,10.65940
2007-04-30,10.66200
2007-05-02,10.66730
2007-05-03,10.66990
2007-05-04,10.67260
2007-05-06,10.67760
2007-05-07,10.68020
2007-05-08,10.68270
2007-05-09,10.68520
2007-05-10,10.68740
2007-05-11,10.68960
2007-05-13,10.69400
2007-05-14,10.69660
2007-05-15,10.69920
2007-05-16,10.70190
2007-05-17,10.70460
2007-05-18,10.70720
2007-05-20,10.71220
2007-05-21,10.71490
2007-05-22,10.71750
2007-05-23,10.72010
2007-05-24,10.72270
2007-05-25,10.65910
2007-05-27,10.66410
2007-05-28,10.66680
2007-05-29,10.66920
2007-05-30,10.67130
2007-05-31,10.67300
2007-06-01,10.67480
2007-06-03,10.67800
2007-06-04,10.67980
2007-06-05,10.68160
2007-06-06,10.68330
2007-06-07,10.68500
2007-06-08,10.68680
2007-06-10,10.69020
2007-06-11,10.69200
2007-06-12,10.69370
2007-06-13,10.69550
2007-06-14,10.69720
2007-06-15,10.69900
2007-06-17,10.70220
2007-06-18,10.70400
2007-06-19,10.70590
2007-06-20,10.70780
2007-06-21,10.70960
2007-06-22,10.71160
2007-06-24,10.71560
2007-06-25,10.65960
2007-06-26,10.66190
2007-06-27,10.66440
2007-06-28,10.66690
2007-06-29,10.66950
2007-07-01,10.67370
2007-07-02,10.67590
2007-07-03,10.67780
2007-07-04,10.67980
2007-07-05,10.68180
2007-07-06,10.68390
2007-07-08,10.68800
2007-07-09,10.69010
2007-07-10,10.69190
2007-07-11,10.69370
2007-07-12,10.69550
2007-07-13,10.69720
2007-07-15,10.70070
2007-07-16,10.70270
2007-07-17,10.70470
2007-07-18,10.70660
2007-07-19,10.70860
2007-07-20,10.71050
2007-07-22,10.71400
2007-07-23,10.71580
2007-07-24,10.71760
2007-07-25,10.65940
2007-07-26,10.66100
2007-07-27,10.66270
2007-07-29,10.66600
2007-07-30,10.66780
2007-07-31,10.66960
2007-08-01,10.67140
2007-08-02,10.67300
2007-08-03,10.67480
2007-08-05,10.67830
2007-08-06,10.68050
2007-08-07,10.68270
2007-08-08,10.68470
2007-08-09,10.68670
2007-08-10,10.68890
2007-08-12,10.69330
2007-08-13,10.69560
2007-08-14,10.69770
2007-08-15,10.69990
2007-08-16,10.70220
2007-08-17,10.70430
2007-08-19,10.70910
2007-08-20,10.71150
2007-08-21,10.71380
2007-08-22,10.71610
2007-08-23,10.71830
2007-08-24,10.72060
2007-08-26,10.66280
2007-08-27,10.66510
2007-08-28,10.66730
2007-08-29,10.66950
2007-08-30,10.67170
2007-08-31,10.67400
2007-09-02,10.67840
2007-09-03,10.68070
2007-09-04,10.68290
2007-09-05,10.68510
2007-09-06,10.68730
2007-09-07,10.68950
2007-09-09,10.69380
2007-09-10,10.69620
2007-09-11,10.69840
2007-09-12,10.70060
2007-09-13,10.70290
2007-09-14,10.70510
2007-09-16,10.70960
2007-09-17,10.71190
2007-09-18,10.71410
2007-09-19,10.71650
2007-09-20,10.71880
2007-09-21,10.72120
2007-09-23,10.72580
2007-09-24,10.72810
2007-09-25,10.66750
2007-09-26,10.66970
2007-09-27,10.67210
2007-09-28,10.67450
2007-09-30,10.67930
2007-10-01,10.68170
2007-10-02,10.68480
2007-10-03,10.68710
2007-10-04,10.68930
2007-10-05,10.69150
2007-10-07,10.69570
2007-10-08,10.69800
2007-10-09,10.70020
2007-10-10,10.70230
2007-10-11,10.70460
2007-10-12,10.70680
2007-10-14,10.71100
2007-10-15,10.71330
2007-10-16,10.71550
2007-10-17,10.71770
2007-10-18,10.71990
2007-10-19,10.72200
2007-10-21,10.72640
2007-10-22,10.72860
2007-10-23,10.73080
2007-10-24,10.73310
2007-10-25,10.66770
2007-10-26,10.67000
2007-10-28,10.67430
2007-10-29,10.67650
2007-10-30,10.67870
2007-10-31,10.68090
2007-11-01,10.68310
2007-11-02,10.68530
2007-11-04,10.68960
2007-11-05,10.69180
2007-11-06,10.69410
2007-11-07,10.69630
2007-11-08,10.69870
2007-11-11,10.70570
2007-11-12,10.70810
2007-11-13,10.71050
2007-11-14,10.71290
2007-11-15,10.71520
2007-11-16,10.71770
2007-11-18,10.72240
2007-11-19,10.72490
2007-11-20,10.72740
2007-11-21,10.72970
2007-11-22,10.73210
2007-11-23,10.73450
2007-11-25,10.73930
2007-11-26,10.66810
2007-11-27,10.67060
2007-11-28,10.67300
2007-11-29,10.67560
2007-11-30,10.67800
2007-12-02,10.68270
2007-12-03,10.68500
2007-12-04,10.68740
2007-12-05,10.68980
2007-12-06,10.69210
2007-12-07,10.69430
2007-12-09,10.69870
2007-12-10,10.70110
2007-12-11,10.70340
2007-12-12,10.70580
2007-12-13,10.70810
2007-12-14,10.71040
2007-12-16,10.71520
2007-12-17,10.71750
2007-12-18,10.71990
2007-12-19,10.72220
2007-12-20,10.72470
2007-12-23,10.73170
2007-12-24,10.73420
2007-12-25,10.73660
2007-12-26,10.66830
2007-12-27,10.67070
2007-12-28,10.67320
2007-12-30,10.67810
2007-12-31,10.68060
2008-01-01,10.68320
2008-01-02,10.68560
2008-01-03,10.68790
2008-01-04,10.69000
2008-01-06,10.69440
2008-01-07,10.69670
2008-01-08,10.69890
2008-01-09,10.70130
2008-01-10,10.70360
2008-01-11,10.70600
2008-01-13,10.71040
2008-01-14,10.71270
2008-01-15,10.71500
2008-01-16,10.71720
2008-01-17,10.71950
2008-01-18,10.72170
2008-01-20,10.72610
2008-01-21,10.72850
2008-01-22,10.73110
2008-01-23,10.73360
2008-01-24,10.73620
2008-01-25,10.68570
2008-01-27,10.69060
2008-01-28,10.69310
2008-01-29,10.69550
2008-01-30,10.69800
2008-01-31,10.70060
2008-02-01,10.70310
2008-02-03,10.70790
2008-02-04,10.71030
2008-02-05,10.71270
2008-02-06,10.71500
2008-02-07,10.71730
2008-02-08,10.71960
2008-02-10,10.72390
2008-02-11,10.72610
2008-02-12,10.72840
2008-02-13,10.73060
2008-02-14,10.73280
2008-02-15,10.73510
2008-02-17,10.73970
2008-02-18,10.74200
2008-02-19,10.74430
2008-02-20,10.74670
2008-02-21,10.74910
2008-02-22,10.75140
2008-02-24,10.75610
2008-02-25,10.69000
2008-02-26,10.69240
2008-02-27,10.69480
2008-02-28,10.69720
2008-02-29,10.69950
2008-03-02,10.70410
2008-03-03,10.70650
2008-03-04,10.70880
2008-03-05,10.71110
2008-03-06,10.71340
2008-03-07,10.71570
2008-03-09,10.72020
2008-03-10,10.72250
2008-03-11,10.72500
2008-03-12,10.72740
2008-03-13,10.72970
2008-03-14,10.73210
2008-03-16,10.73690
2008-03-17,10.73940
2008-11-04,12.82750
2008-11-05,12.83070
2008-11-06,12.83380
2008-11-07,12.83690
2008-11-09,12.84340
2008-11-10,12.84670
2008-11-11,12.84990
2008-11-12,12.85310
2008-11-13,12.85650
2008-11-14,12.86000
2008-11-16,12.86630
2008-11-17,12.86940
2008-11-18,12.87260
2008-11-19,12.87590
2008-11-20,12.87910
2008-11-21,12.88240
2008-11-23,12.88890
2008-11-24,12.89230
2008-11-25,12.84400
2008-11-26,12.84720
2008-11-27,12.85050
2008-11-28,12.85380
2008-11-30,12.86040
2008-12-01,12.86360
2008-12-02,12.86670
2008-12-03,12.86990
2008-12-04,12.87320
2008-12-05,12.87640
2008-12-07,12.88270
2008-12-08,12.88590
2008-12-09,12.88890
2008-12-10,12.89200
2008-12-11,12.89510
2008-12-12,12.89810
2008-12-14,12.90420
2008-12-15,12.90750
2008-12-16,12.91080
2008-12-17,12.91410
2008-12-18,12.91750
2008-12-19,12.92090
2008-12-21,12.92770
2008-12-22,12.98290
2008-12-23,12.98610
2008-12-24,12.98930
2008-12-25,12.99290
2008-12-26,12.99600
2008-12-28,13.00230
2008-12-29,13.00550
2008-12-30,13.00870
2008-12-31,13.01190
2009-01-01,13.01490
2009-01-02,13.01780
2009-01-04,13.02370
2009-01-05,13.02680
2009-01-06,13.03010
2009-01-07,13.03300
2009-01-08,13.03610
2009-01-09,13.03900
2009-01-11,13.04480
2009-01-12,13.04770
2009-01-13,13.05060
2009-01-14,13.05350
2009-01-15,13.05640
2009-01-16,13.05940
2009-01-18,13.06540
2009-01-19,13.06850
2009-01-20,13.07140
2009-01-21,13.07420
2009-01-22,13.07700
2009-01-23,13.07970
2009-01-26,13.08770
2009-01-27,13.09060
2009-01-28,13.09330
2009-01-29,13.09600
2009-01-30,13.09870
2009-02-01,13.10420
2009-02-02,13.10690
2009-02-03,13.10940
2009-02-04,13.11200
2009-02-05,13.11460
2009-02-06,13.11720
2009-02-08,13.12260
2009-02-09,13.12520
2009-02-10,13.12790
2009-02-11,13.13040
2009-02-12,13.13310
2009-02-13,13.13560
2009-02-15,13.14070
2009-02-16,13.14330
2009-02-17,13.14580
2009-02-18,13.14830
2009-02-19,13.15090
2009-02-23,13.16090
2009-02-24,13.16350
2009-02-25,13.16600
2009-02-26,13.16840
2009-02-27,13.17090
2009-03-01,13.17570
2009-03-02,13.17820
2009-03-03,13.18060
2009-03-04,13.18300
2009-03-05,13.18540
2009-03-06,13.18770
2009-03-08,13.19220
2009-03-09,13.19460
2009-03-11,13.19900
2009-03-12,13.20140
2009-03-13,13.20370
2009-03-15,13.20820
2009-03-16,13.21060
2009-03-17,13.21280
2009-03-18,13.21520
2009-03-19,13.21760
2009-03-20,13.21990
2009-03-22,13.22460
2009-03-23,13.22700
2009-03-24,13.22950
2009-03-25,13.23180
2009-03-26,13.23440
2009-03-29,13.24180
2009-03-30,13.24440
2009-03-31,13.24710
2009-04-01,13.25000
2009-04-02,13.25220
2009-04-05,13.25890
2009-04-06,13.26100
2009-04-07,13.26300
2009-04-08,13.26520
2009-04-09,13.26720
2009-04-12,13.27370
2009-04-13,13.27570
2009-04-14,13.27780
2009-04-15,13.27980
2009-04-16,13.28180
2009-04-17,13.28380
2009-04-19,13.28810
2009-04-20,13.29030
2009-04-21,13.29250
2009-04-22,13.29450
2009-04-23,13.29660
2009-04-24,13.29860
2009-04-26,13.30280
2009-04-27,13.30490
2009-04-28,13.30690
2009-04-29,13.30890
2009-05-03,13.31720
2009-05-04,13.31910
2009-05-05,13.32110
2009-05-06,13.32300
2009-05-07,13.32490
2009-05-08,13.32680
2009-05-10,13.33040
2009-05-11,13.33230
2009-05-12,13.33420
2009-05-13,13.33610
2009-05-14,13.33790
2009-05-15,13.33980
2009-05-17,13.34350
2009-05-18,13.34540
2009-05-19,13.34720
2009-05-20,13.34900
2009-05-21,13.35080
2009-05-22,13.35250
2009-05-24,13.35590
2009-05-25,13.35780
2009-05-26,13.35950
2009-05-27,13.36140
2009-05-28,13.36320
2009-05-29,13.36500
2009-05-31,13.36870
2009-06-01,13.37060
2009-06-02,13.37250
2009-06-03,13.37430
2009-06-04,13.37610
2009-06-05,13.37800
2009-06-07,13.38130
2009-06-08,13.38320
2009-06-09,13.38510
2009-06-10,13.38690
2009-06-11,13.38870
2009-06-12,13.39050
2009-06-14,13.39400
2009-06-15,13.39580
2009-06-16,13.39760
2009-06-17,13.39940
2009-06-18,13.40120
2009-06-19,13.40300
2009-06-21,13.40690
2009-06-22,13.40870
2009-06-23,13.41060
2009-06-24,13.41240
2009-06-25,13.41420
2009-06-26,13.41610
2009-06-28,13.41990
2009-06-29,13.42190
2009-06-30,13.42380
2009-07-01,13.42590
2009-07-02,13.42780
2009-07-03,13.42970
2009-07-05,13.43370
2009-07-06,13.43590
2009-07-07,13.43770
2009-07-08,13.43960
2009-07-09,13.44160
2009-07-10,13.44350
2009-07-12,13.44730
2009-07-13,13.44920
2009-07-14,13.45110
2009-07-15,13.45300
2009-07-16,13.45480
2009-07-17,13.42900
2009-07-19,13.46010
2009-07-20,13.46200
2009-07-21,13.46380
2009-07-22,13.46560
2009-07-23,13.46740
2009-07-24,13.46930
2009-07-26,13.47300
2009-07-27,13.47480
2009-07-28,13.47650
2009-07-29,13.47840
2009-07-30,13.48020
2009-07-31,13.48200
2009-08-02,13.48560
2009-08-03,13.48740
2009-08-04,13.48910
2009-08-05,13.49090
2009-08-06,13.49250
2009-08-07,13.49410
2009-08-09,13.49750
2009-08-10,13.49910
2009-08-11,13.50070
2009-08-12,13.50230
2009-08-13,13.50400
2009-08-14,13.50550
2009-08-16,13.50840
2009-08-17,13.51020
2009-08-18,13.51190
2009-08-19,13.51370
2009-08-20,13.51550
2009-08-21,13.51720
2009-08-23,13.52070
2009-08-24,13.52240
2009-08-25,13.52410
2009-08-26,13.52550
2009-08-27,13.52730
2009-08-28,13.52900
2009-08-30,13.53250
2009-08-31,13.53420
2009-09-01,13.53580
2009-09-02,13.53750
2009-09-03,13.53900
2009-09-04,13.54060
2009-09-06,13.54370
2009-09-07,13.54530
2009-09-08,13.54690
2009-09-09,13.54850
2009-09-10,13.55010
2009-09-11,13.55160
2009-09-13,13.55470
2009-09-14,13.55620
2009-09-15,13.55780
2009-09-16,13.55940
2009-09-17,13.56100
2009-09-18,13.56270
2009-09-21,13.56710
2009-09-22,13.56870
2009-09-23,13.57020
2009-09-24,13.57180
2009-09-25,13.57360
2009-09-28,13.57900
2009-09-29,13.58080
2009-09-30,13.58270
2009-10-01,13.58440
2009-10-04,13.58930
2009-10-05,13.59080
2009-10-06,13.59240
2009-10-07,13.59390
2009-10-08,13.59560
2009-10-09,13.59700
2009-10-11,13.60000
2009-10-12,13.60160
2009-10-13,13.60310
2009-10-14,13.60460
2009-10-15,13.60620
2009-10-16,13.60780
2009-10-19,13.61240
2009-10-20,13.61410
2009-10-21,13.61570
2009-10-22,13.61720
2009-10-23,13.61880
2009-10-25,13.62190
2009-10-26,13.62340
2009-10-27,13.62510
2009-10-28,13.62670
2009-10-29,13.62830
2009-10-30,13.62990
2009-11-02,13.63460
2009-11-03,13.63630
2009-11-04,13.63780
2009-11-05,13.63940
2009-11-06,13.64090
2009-11-08,13.64400
2009-11-09,13.64550
2009-11-10,13.64710
2009-11-11,13.64880
2009-11-12,13.65040
2009-11-13,13.65200
2009-11-15,13.65530
2009-11-16,13.65700
2009-11-17,13.65850
2009-11-18,13.66000
2009-11-19,13.66160
2009-11-20,13.66320
2009-11-22,13.66640
2009-11-23,13.66800
2009-11-24,13.66960
2009-11-25,13.67120
2009-11-26,13.67270
2009-11-27,13.67430
2009-11-29,13.67740
2009-11-30,13.67890
2009-12-01,13.68050
2009-12-02,13.68200
2009-12-03,13.68350
2009-12-04,13.68490
2009-12-06,13.68770
2009-12-07,13.68930
2009-12-08,13.69080
2009-12-09,13.69220
2009-12-10,13.69380
2009-12-11,13.69530
2009-12-13,13.69840
2009-12-14,13.69990
2009-12-15,13.70150
2009-12-16,13.70300
2009-12-17,13.70450
2009-12-18,13.70600
2009-12-20,13.70890
2009-12-21,13.71030
2009-12-22,13.71180
2009-12-23,13.71330
2009-12-24,13.71480
2009-12-28,13.72070
2009-12-29,13.72230
2009-12-30,13.72390
2009-12-31,13.72550
2010-01-01,13.72670
2010-01-03,13.72980
2010-01-04,13.73150
2010-01-05,13.73310
2010-01-06,13.73470
2010-01-07,13.73610
2010-01-08,13.73760
2010-01-10,13.74070
2010-01-11,13.74220
2010-01-12,13.74360
2010-01-13,13.74510
2010-01-14,13.74650
2010-01-15,13.74790
2010-01-17,13.75080
2010-01-18,13.75220
2010-01-19,13.75360
2010-01-20,13.75510
2010-01-21,13.75650
2010-01-22,13.75800
2010-01-24,13.76100
2010-01-25,13.76250
2010-01-26,13.76400
2010-01-27,13.76550
2010-01-28,13.76700
2010-01-29,13.76840
2010-01-31,13.77130
2010-02-01,13.77270
2010-02-02,13.77410
2010-02-03,13.77560
2010-02-04,13.77720
2010-02-05,13.77860
2010-02-07,13.78150
2010-02-08,13.78300
2010-02-09,13.78440
2010-02-10,13.78590
2010-02-11,13.78730
2010-02-14,13.79140
2010-02-15,13.79290
2010-02-16,13.79430
2010-02-17,13.79570
2010-02-18,13.79720
2010-02-19,13.79880
2010-02-21,13.80160
2010-02-22,13.80300
2010-02-23,13.80450
2010-02-24,13.80600
2010-02-25,13.80740
2010-02-26,13.80900
2010-03-01,13.81340
2010-03-02,13.81480
2010-03-03,13.81630
2010-03-04,13.81780
2010-03-05,13.81920
2010-03-07,13.82220
2010-03-08,13.82360
2010-03-09,13.82510
2010-03-10,13.82650
2010-03-11,13.82810
2010-03-12,13.82960
2010-03-14,13.83250
2010-03-15,13.83400
2010-03-16,13.83560
2010-03-17,13.83720
2010-03-18,13.83900
2010-03-19,13.84090
2010-03-21,13.84410
2010-03-22,13.84580
2010-03-23,13.84740
2010-03-24,13.84910
2010-03-25,13.85080
2010-03-26,13.85260
2010-03-28,13.85590
2010-03-29,13.85780
2010-03-30,13.85960
2010-03-31,13.86210
2010-04-04,10.00000
2011-09-07,10.00240
2011-09-08,10.00480
2011-09-09,10.00730
2011-09-11,10.01200
2011-09-12,10.01450
2011-09-13,10.01690
2011-09-14,10.01930
2011-09-15,10.02170
2011-09-16,10.02410
2011-09-18,10.02890
2011-09-19,10.03130
2011-09-20,10.03370
2011-09-21,10.03610
2011-09-22,10.03860
2011-09-23,10.04100
2011-09-25,10.04580
2011-09-26,10.00030
2011-11-16,10.00250
2011-11-17,10.00490
2011-11-18,10.00740
2011-11-20,10.01230
2011-11-21,10.01480
2011-11-22,10.01720
2011-11-23,10.01970
2011-11-24,10.02220
2011-11-25,10.00770
2011-11-27,10.01260
2011-11-28,10.01510
2011-11-29,10.01750
2012-08-06,1000.00000
2012-08-14,1000.24390
2012-08-15,1000.48850
2012-08-16,1000.73090
2012-08-17,1000.97560
2012-08-20,1001.70470
2012-08-21,1001.94730
2012-08-22,1002.19550
2012-08-23,1002.43670
2012-08-24,1002.69000
2012-08-26,1003.15380
2012-08-27,1001.24780
2012-08-28,1001.49100
2012-08-29,1001.72920
2012-08-30,1001.97490
2012-08-31,1002.21930
2012-09-02,1002.69320
2012-09-03,1002.94010
2012-09-04,1003.18700
2012-09-05,1003.41910
2012-09-06,1003.65860
2012-09-07,1003.89240
2012-09-09,1004.35910
2012-09-10,1004.59470
2012-09-11,1004.83020
2012-09-12,1005.06450
2012-09-13,1005.29590
2012-09-14,1005.52900
2012-09-16,1005.99210
2012-09-17,1006.23910
2012-09-18,1006.47610
2012-09-19,1006.71120
2012-09-20,1006.94650
2012-09-21,1007.17980
2012-09-23,1007.64660
2012-09-24,1007.88110
2012-09-25,1001.24300
2012-09-26,1001.47600
2012-09-27,1001.70650
2012-09-28,1001.93530
2012-09-30,1002.42690
2012-10-17,1000.23200
2012-10-18,1000.46400
2012-10-19,1000.69600
2012-10-21,1001.15200
2012-10-22,1001.38190
2012-10-23,1001.61400
2012-10-24,1001.84110
2012-10-25,1000.75110
2012-10-28,1001.43860
2012-10-29,1001.66700
2012-10-30,1001.89650
2012-10-31,1002.12390
2012-11-01,1002.35100
2012-11-02,1002.57840
2012-11-04,1003.03040
2012-11-05,1003.25750
2012-11-06,1003.48460
2012-11-07,1003.71170
2012-11-08,1003.93900
2012-11-09,1004.16450
2012-11-11,1004.61930
2012-11-12,1004.84780
2012-11-14,1005.30030
2012-11-15,1005.52690
2012-11-16,1005.75650
2012-11-18,1006.20960
2012-11-19,1006.43750
2012-11-20,1006.66810
2012-11-21,1006.89600
2012-11-22,1007.12420
2012-11-23,1007.35210
2012-11-25,1007.80900
2012-11-26,1001.15540
2012-11-27,1001.38320
2012-11-28,1001.61030
2012-11-29,1001.83820
2012-11-30,1002.06670
2012-12-02,1002.52450
2012-12-03,1002.75280
2012-12-04,1002.98110
2012-12-05,1003.21180
2012-12-06,1003.44100
2012-12-07,1003.67270
2012-12-09,1004.12490
2012-12-10,1004.35410
2012-12-11,1004.58310
2012-12-12,1004.80910
2012-12-13,1005.04560
2012-12-14,1005.27520
2012-12-16,1005.73530
2012-12-17,1005.96430
2012-12-18,1006.19150
2012-12-19,1006.42180
2012-12-20,1006.65290
2012-12-21,1006.88380
2012-12-23,1007.34460
2012-12-24,1007.57610
2012-12-25,1007.80570
2012-12-26,1001.38510
2012-12-27,1001.61810
2012-12-28,1001.85200
2012-12-30,1002.31510
2012-12-31,1002.55310
2013-01-01,1002.78880
2013-01-02,1003.02450
2013-01-03,1003.26110
2013-01-04,1003.49430
2013-01-06,1003.95500
2013-01-07,1004.19010
2013-01-08,1004.42110
2013-01-09,1004.65270
2013-01-10,1004.88360
2013-01-11,1005.11550
2013-01-13,1005.57790
2013-01-14,1005.80840
2013-01-15,1006.03890
2013-01-16,1006.27250
2013-01-17,1006.50280
2013-01-18,1006.73180
2013-01-20,1007.19100
2013-01-21,1007.42320
2013-01-22,1007.65310
2013-01-23,1007.88390
2013-01-24,1008.11640
2013-01-27,1008.80450
2013-01-28,1001.39940
2013-01-29,1001.62880
2013-01-30,1001.86010
2013-01-31,1002.10380
2013-02-01,1002.33020
2013-02-03,1002.77860
2013-02-04,1003.00420
2013-02-05,1003.23210
2013-02-06,1003.46040
2013-02-07,1003.68880
2013-02-08,1003.91580
2013-02-10,1004.36960
2013-02-11,1004.59710
2013-02-12,1004.82370
2013-02-13,1005.05140
2013-02-14,1005.27870
2013-02-15,1005.51110
2013-02-17,1005.96070
2013-02-18,1006.18820
2013-02-19,1006.41530
2013-02-20,1006.64250
2013-02-21,1006.87040
2013-02-22,1007.09880
2013-02-24,1007.55590
2013-02-25,1001.40260
2013-02-26,1001.63140
2013-02-27,1001.86220
2013-02-28,1002.09330
2013-03-01,1002.32140
2013-03-03,1002.78280
2013-03-04,1003.01510
2013-03-05,1003.24800
2013-03-06,1003.48520
2013-03-07,1003.72310
2013-03-08,1003.95550
2013-03-10,1004.42840
2013-03-11,1004.66430
2013-03-12,1004.90120
2013-03-13,1005.13720
2013-03-14,1005.37840
2013-03-15,1005.61340
2013-03-17,1006.09620
2013-03-18,1006.34020
2013-03-19,1006.58540
2013-03-20,1006.83230
2013-03-21,1007.09070
2013-03-22,1007.33710
2013-03-24,1007.83030
2013-03-25,1001.44720
2013-03-26,1001.71120
2013-03-27,1001.96230
2013-03-28,1002.29040
2013-04-01,1003.29740
2013-04-02,1003.67270
2013-04-03,1003.91330
2013-04-04,1004.25030
2013-04-05,1004.48850
2013-04-07,1004.94660
2013-04-08,1005.18470
2013-04-09,1005.41820
2013-04-10,1005.65620
2013-04-11,1005.88620
2013-04-12,1006.12670
2013-04-14,1006.58990
2013-04-15,1006.83010
2013-04-16,1007.06600
2013-04-17,1007.30360
2013-04-18,1007.54190
2013-04-21,1008.24370
2013-04-22,1008.47800
2013-04-23,1008.71320
2013-04-24,1008.94740
2013-04-25,1001.39820
2013-04-26,1001.62930
2013-04-28,1002.09150
2013-04-29,1002.32450
2013-04-30,1002.55600
2013-05-01,1002.78760
2013-05-02,1003.02140
2013-05-03,1003.25790
2013-05-05,1003.71830
2013-05-06,1003.95100
2013-05-07,1004.19260
2013-05-08,1004.42130
2013-05-09,1004.65160
2013-05-10,1004.88590
2013-05-12,1005.34100
2013-05-13,1005.57790
2013-05-14,1005.80830
2013-05-15,1006.03770
2013-05-16,1006.26620
2013-05-17,1006.49480
2013-05-19,1006.94840
2013-05-20,1007.18110
2013-05-21,1007.40880
2013-05-22,1007.64310
2013-05-23,1007.87090
2013-05-24,1008.09810
2013-05-26,1008.54780
2013-05-27,1001.37420
2013-05-28,1001.60210
2013-05-29,1001.82600
2013-05-30,1002.05070
2013-05-31,1002.27430
2013-06-02,1002.72130
2013-06-03,1002.94620
2013-06-04,1003.16890
2013-06-05,1003.39080
2013-06-06,1003.61460
2013-06-07,1003.83770
2013-06-09,1004.28100
2013-06-10,1004.50550
2013-06-11,1004.72540
2013-06-12,1004.94400
2013-06-13,1005.16270
2013-06-14,1005.38050
2013-06-16,1005.82180
2013-06-17,1006.04550
2013-06-18,1006.26820
2013-06-19,1006.49140
2013-06-20,1006.71380
2013-06-21,1006.93470
2013-06-23,1007.37610
2013-06-24,1007.59700
2013-06-25,1001.37170
2013-06-26,1001.59210
2013-06-27,1001.81710
2013-06-28,1002.04910
2013-07-01,1002.73840
2013-07-02,1002.97390
2013-07-03,1003.20820
2013-07-04,1003.43320
2013-07-05,1003.67650
2013-07-07,1004.11640
2013-07-08,1004.33780
2013-07-09,1004.56330
2013-07-10,1004.78510
2013-07-11,1005.00510
2013-07-12,1005.22530
2013-07-14,1005.66580
2013-07-15,1005.88620
2013-07-16,1004.26870
2013-07-17,1004.56300
2013-07-18,1005.03090
2013-07-19,1005.36780
2013-07-21,1005.88570
2013-07-22,1006.14360
2013-07-23,1006.37050
2013-07-24,1005.69190
2013-07-25,1000.67160
2013-07-26,1000.95800
2013-07-28,1001.53190
2013-07-29,1001.83150
2013-07-30,1002.11630
2013-07-31,1002.41530
2013-08-01,1002.70860
2013-08-02,1002.99490
2013-08-04,1003.54990
2013-08-05,1003.86030
2013-08-06,1004.14190
2013-08-07,1004.42350
2013-08-08,1004.70560
2013-08-11,1005.55210
2013-08-12,1005.80330
2013-08-13,1006.09730
2013-08-14,1006.37840
2013-08-15,1006.65980
2013-08-16,1006.92710
2013-08-18,1007.49170
2013-08-19,1007.76760
2013-08-20,1008.05080
2013-08-21,1008.35990
2013-08-22,1008.64410
2013-08-23,1008.92820
2013-08-25,1009.48410
2013-08-26,1001.57320
2013-08-27,1001.84880
2013-08-28,1002.11250
2013-08-29,1002.43860
2013-08-30,1002.71550
2013-09-01,1003.26810
2013-09-02,1003.56240
2013-09-03,1003.85960
2013-09-04,1004.16300
2013-09-05,1004.59020
2013-09-06,1004.86760
2013-09-09,1005.69950
2013-09-10,1005.97270
2013-09-11,1006.25640
2013-09-12,1006.54240
2013-09-13,1006.83000
2013-09-15,1007.40990
2013-09-16,1007.70600
2013-09-17,1007.99870
2013-09-18,1008.28750
2013-09-19,1008.66000
2013-09-20,1008.97500
2013-09-22,1009.54180
2013-09-23,1009.82260
2013-09-24,1010.11560
2013-09-25,1001.56360
2013-09-26,1001.84430
2013-09-27,1002.12840
2013-09-29,1002.69280
2013-09-30,1002.99200
2013-10-01,1003.29400
2013-10-02,1003.57800
2013-10-03,1003.90100
2013-10-04,1004.17350
2013-10-06,1004.71890
2013-10-07,1004.99590
2013-10-08,1005.33000
2013-10-09,1005.60490
2013-10-10,1005.89330
2013-10-11,1006.16700
2013-10-13,1006.71130
2013-10-14,1007.00630
2013-10-15,1007.27890
2013-10-16,1007.54910
2013-10-17,1007.82230
2013-10-18,1008.08680
2013-10-20,1008.61580
2013-10-21,1008.89630
2013-10-22,1009.16260
2013-10-23,1009.42700
2013-10-24,1009.69620
2013-10-25,1001.53000
2013-10-27,1002.05400
2013-10-28,1002.31990
2013-10-29,1002.58900
2013-10-30,1002.85760
2013-10-31,1003.12350
2013-11-01,1003.38780
2013-11-04,1004.16880
2013-11-05,1004.43200
2013-11-06,1004.69030
2013-11-07,1004.95170
2013-11-08,1005.20940
2013-11-10,1005.72610
2013-11-11,1005.98650
2013-11-12,1006.24220
2013-11-13,1006.50300
2013-11-14,1006.75920
2013-11-17,1007.51410
2013-11-18,1007.76690
2013-11-19,1008.01820
2013-11-20,1008.27180
2013-11-21,1008.52050
2013-11-22,1008.77210
2013-11-24,1009.27010
2013-11-25,1001.49270
2013-11-26,1001.74580
2013-11-27,1001.99440
2013-11-28,1002.24570
2013-11-29,1002.49290
2013-12-01,1002.97930
2013-12-02,1003.22480
2013-12-03,1003.47250
2013-12-04,1003.72060
2013-12-05,1003.96520
2013-12-06,1004.21940
2013-12-08,1004.71600
2013-12-09,1004.96690
2013-12-10,1005.21290
2013-12-11,1005.46010
2013-12-12,1005.70460
2013-12-13,1005.95030
2013-12-15,1006.44180
2013-12-16,1006.68730
2013-12-17,1006.93290
2013-12-18,1007.17700
2013-12-19,1007.42230
2013-12-20,1007.66660
2013-12-22,1008.15500
2013-12-23,1008.39920
2013-12-24,1008.64290
2013-12-25,1008.88680
2013-12-26,1001.48520
2013-12-27,1001.73260
2013-12-29,1002.21510
2013-12-30,1002.46300
2013-12-31,1002.71830
2014-01-01,1002.97270
2014-01-02,1003.21900
2014-01-03,1003.46060
2014-01-05,1003.93160
2014-01-06,1004.17770
2014-01-07,1004.41470
2014-01-08,1004.65590
2014-01-09,1004.89160
2014-01-10,1005.14150
2014-01-12,1005.61490
2014-01-13,1005.85860
2014-01-14,1006.09580
2014-01-15,1006.33830
2014-01-16,1006.57990
2014-01-17,1006.82090
2014-01-19,1007.29430
2014-01-20,1007.53530
2014-01-21,1007.77680
2014-01-22,1008.01840
2014-01-23,1008.25800
2014-01-24,1008.50030
2014-01-26,1008.97250
2014-01-27,1001.47080
2014-01-28,1001.70710
2014-01-29,1001.93700
2014-01-30,1002.16780
2014-01-31,1002.40290
2014-02-02,1002.87050
2014-02-03,1003.10300
2014-02-04,1003.33400
2014-02-05,1003.57000
2014-02-06,1003.80630
2014-02-07,1004.04170
2014-02-09,1004.51390
2014-02-10,1004.75170
2014-02-11,1004.98710
2014-02-12,1005.22410
2014-02-13,1005.46090
2014-02-14,1005.69750
2014-02-16,1006.17080
2014-02-17,1006.40670
2014-02-18,1006.64240
2014-02-19,1006.87790
2014-02-20,1007.11520
2014-02-21,1007.35390
2014-02-23,1007.82740
2014-02-24,1008.06450
2014-02-25,1001.47430
2014-02-26,1001.72040
2014-02-27,1001.96080
2014-02-28,1002.20040
2014-03-02,1002.67970
2014-03-03,1002.92080
2014-03-04,1003.16110
2014-03-05,1003.40490
2014-03-06,1003.64970
2014-03-07,1003.89980
2014-03-09,1004.39600
2014-03-10,1004.63890
2014-03-11,1004.89280
2014-03-12,1005.14200
2014-03-13,1005.39960
2014-03-14,1005.66850
2014-03-17,1006.43540
2014-03-18,1006.69400
2014-03-19,1006.95210
2014-03-20,1007.21090
2014-03-21,1007.47530
2014-03-23,1007.99040
2014-03-24,1008.24560
2014-03-25,1001.58220
2014-03-26,1001.85800
2014-03-27,1002.11490
2014-03-28,1002.63520
2014-04-01,1003.67150
2014-04-02,1003.95210
2014-04-03,1004.21290
2014-04-04,1004.48840
2014-04-06,1004.98170
2014-04-07,1005.23640
2014-04-08,1005.48440
2014-04-09,1005.74260
2014-04-10,1005.99670
2014-04-11,1006.24390
2014-04-14,1006.97960
2014-04-15,1007.23250
2014-04-16,1007.48980
2014-04-17,1007.75360
2014-04-20,1008.47200
2014-04-21,1008.72630
2014-04-22,1008.97670
2014-04-23,1009.22430
2014-04-24,1009.46790
2014-04-25,1001.52810
2014-04-27,1002.01380
2014-04-28,1002.26290
2014-04-29,1002.51180
2014-04-30,1002.75590
2014-05-01,1002.99640
2014-05-02,1003.24030
2014-05-04,1003.72790
2014-05-05,1003.97410
2014-05-06,1004.21840
2014-05-07,1004.46160
2014-05-08,1004.70710
2014-05-09,1004.95030
2014-05-11,1005.43730
2014-05-12,1005.68180
2014-05-13,1005.92200
2014-05-14,1006.16430
2014-05-15,1006.40970
2014-05-16,1006.65220
2014-05-18,1007.14030
2014-05-19,1007.38510
2014-05-20,1007.62910
2014-05-21,1007.87240
2014-05-22,1008.11540
2014-05-23,1008.35360
2014-05-25,1008.85500
2014-05-26,1001.61570
2014-05-27,1001.85480
2014-05-28,1002.09300
2014-05-29,1002.33370
2014-05-30,1002.56720
2014-06-01,1003.04870
2014-06-02,1003.29220
2014-06-03,1003.52870
2014-06-04,1003.76680
2014-06-05,1004.00520
2014-06-06,1004.24180
2014-06-08,1004.71240
2014-06-09,1004.95260
2014-06-10,1005.18880
2014-06-11,1005.42520
2014-06-12,1005.66170
2014-06-13,1005.89780
2014-06-15,1006.36720
2014-06-16,1006.60230
2014-06-17,1006.83820
2014-06-18,1007.07100
2014-06-19,1007.30930
2014-06-20,1007.54210
2014-06-22,1008.00760
2014-06-23,1008.24260
2014-06-24,1008.47690
2014-06-25,1001.61000
2014-06-26,1001.84770
2014-06-27,1002.08180
2014-06-29,1002.55410
2014-06-30,1002.78870
2014-07-01,1003.02870
2014-07-02,1003.26790
2014-07-03,1003.50280
2014-07-04,1003.73510
2014-07-06,1004.19910
2014-07-07,1004.43320
2014-07-08,1004.66760
2014-07-09,1004.90190
2014-07-10,1005.13260
2014-07-11,1005.35790
2014-07-13,1005.81290
2014-07-14,1006.03670
2014-07-15,1006.26970
2014-07-16,1006.50310
2014-07-17,1006.73460
2014-07-18,1006.97130
2014-07-20,1007.43270
2014-07-21,1007.66780
2014-07-22,1007.89920
2014-07-23,1008.13090
2014-07-24,1008.35830
2014-07-25,1001.60300
2014-07-27,1002.06650
2014-07-28,1002.29180
2014-07-29,1002.52640
2014-07-30,1002.75910
2014-07-31,1002.99040
2014-08-01,1003.22130
2014-08-03,1003.68620
2014-08-04,1003.91720
2014-08-05,1004.14810
2014-08-06,1004.37830
2014-08-07,1004.61340
2014-08-08,1004.84220
2014-08-10,1005.30790
2014-08-11,1005.53960
2014-08-12,1005.77410
2014-08-13,1006.00710
2014-08-14,1006.23830
2014-08-18,1007.17480
2014-08-19,1007.41050
2014-08-20,1007.64430
2014-08-21,1007.87820
2014-08-22,1008.11170
2014-08-24,1008.57630
2014-08-25,1001.60500
2014-08-26,1001.84230
2014-08-27,1002.08080
2014-08-28,1002.31400
2014-08-31,1003.01640
2014-09-01,1003.25480
2014-09-02,1003.49040
2014-09-03,1003.72270
2014-09-04,1003.95730
2014-09-05,1004.18780
2014-09-07,1004.65690
2014-09-08,1004.89250
2014-09-09,1005.12740
2014-09-10,1005.35950
2014-09-11,1005.59640
2014-09-12,1005.82870
2014-09-14,1006.29880
2014-09-15,1006.53820
2014-09-16,1006.77740
2014-09-17,1007.01480
2014-09-18,1007.25150
2014-09-19,1007.49160
2014-09-21,1007.96460
2014-09-22,1008.20230
2014-09-23,1008.44280
2014-09-24,1008.68330
2014-09-25,1001.61750
2014-09-26,1001.85770
2014-09-28,1002.33360
2014-09-29,1002.57400
2014-09-30,1002.84430
2014-10-01,1003.09200
2014-10-06,1004.26260
2014-10-07,1004.50170
2014-10-08,1004.74690
2014-10-09,1004.98700
2014-10-10,1005.23190
2014-10-12,1005.70200
2014-10-13,1005.94510
2014-10-14,1006.17590
2014-10-15,1006.41110
2014-10-16,1006.64870
2014-10-17,1006.88890
2014-10-19,1007.35920
2014-10-20,1007.59730
2014-10-21,1007.83730
2014-10-22,1008.06950
2014-10-26,1009.00820
2014-10-27,1002.07410
2014-10-28,1002.30930
2014-10-29,1002.54840
2014-10-30,1002.79260
2014-10-31,1003.02020
2014-11-02,1003.48870
2014-11-03,1003.72170
2014-11-04,1003.95320
2014-11-05,1004.18660
2014-11-06,1004.42070
2014-11-07,1004.65390
2014-11-09,1005.11660
2014-11-10,1005.34950
2014-11-11,1005.58390
2014-11-12,1005.81690
2014-11-13,1006.04390
2014-11-14,1006.27720
2014-11-16,1006.74110
2014-11-17,1006.97470
2014-11-18,1007.20790
2014-11-19,1007.44110
2014-11-20,1007.67240
2014-11-21,1007.89860
2014-11-23,1008.35920
2014-11-24,1008.59160
2014-11-25,1002.05730
2014-11-26,1002.28810
2014-11-27,1002.51650
2014-11-28,1002.75610
2014-11-30,1003.21030
2014-12-01,1003.44000
2014-12-02,1003.66960
2014-12-03,1003.90040
2014-12-04,1004.12970
2014-12-05,1004.35510
2014-12-07,1004.81390
2014-12-08,1005.04380
2014-12-09,1005.27230
2014-12-10,1005.50100
2014-12-11,1005.72730
2014-12-12,1005.95030
2014-12-14,1006.41500
2014-12-15,1006.64600
2014-12-16,1006.87300
2014-12-17,1007.09340
2014-12-18,1007.33340
2014-12-19,1007.55710
2014-12-21,1008.01180
2014-12-22,1008.24270
2014-12-23,1008.47330
2014-12-24,1008.69940
2014-12-25,1008.92580
2014-12-26,1002.04770
2014-12-28,1002.50240
2014-12-29,1002.73370
2014-12-30,1002.97300
2014-12-31,1003.21620
2015-01-01,1003.45170
2015-01-02,1003.68200
2015-01-04,1004.14520
2015-01-05,1004.37680
2015-01-06,1004.60760
2015-01-07,1004.83670
2015-01-08,1005.06820
2015-01-09,1005.28950
2015-01-11,1005.75060
2015-01-12,1005.98310
2015-01-13,1006.21410
2015-01-14,1006.44480
2015-01-15,1006.67730
2015-01-16,1006.90810
2015-01-18,1007.36610
2015-01-19,1007.59580
2015-01-20,1007.82560
2015-01-21,1008.05520
2015-01-22,1008.28600
2015-01-23,1008.51420
2015-01-26,1009.19900
2015-01-27,1002.03470
2015-01-28,1002.26260
2015-01-29,1002.49130
2015-01-30,1002.72070
2015-02-01,1003.17230
2015-02-02,1003.40010
2015-02-03,1003.62980
2015-02-04,1003.85540
2015-02-05,1004.08200
2015-02-06,1004.30620
2015-02-08,1004.76020
2015-02-09,1004.99100
2015-02-10,1005.21730
2015-02-11,1005.44310
2015-02-12,1005.67190
2015-02-13,1005.89840
2015-02-15,1006.35840
2015-02-16,1006.58800
2015-02-17,1006.81090
2015-02-18,1007.03660
2015-02-19,1007.26210
2015-02-20,1007.49320
2015-02-22,1007.94630
2015-02-23,1008.17180
2015-02-24,1008.40770
2015-02-25,1002.04690
2015-02-26,1002.27340
2015-02-27,1002.49730
2015-03-01,1002.95740
2015-03-02,1003.19350
2015-03-03,1003.42540
2015-03-04,1003.69490
2015-03-05,1003.92790
2015-03-08,1004.62660
2015-03-09,1004.86070
2015-03-10,1005.09460
2015-03-11,1005.32480
2015-03-12,1005.55320
2015-03-13,1005.78550
2015-03-15,1006.25690
2015-03-16,1006.49270
2015-03-17,1006.72430
2015-03-18,1006.95170
2015-03-19,1007.18720
2015-03-20,1007.41930
2015-03-22,1007.88640
2015-03-23,1008.12240
2015-03-24,1008.35540
2015-03-25,1002.05110
2015-03-26,1002.29390
2015-03-27,1002.53490
2015-03-29,1003.01880
2015-03-30,1003.27590
2015-03-31,1003.81510
2015-04-05,1005.10380
2015-04-06,1005.38560
2015-04-07,1005.63570
2015-04-08,1005.87480
2015-04-09,1006.11500
2015-04-10,1006.34190
2015-04-12,1006.81140
2015-04-13,1007.04370
2015-04-14,1007.27770
2015-04-15,1007.50950
2015-04-16,1007.73950
2015-04-17,1007.97910
2015-04-19,1008.43650
2015-04-20,1008.66850
2015-04-21,1008.89780
2015-04-22,1009.12660
2015-04-23,1009.36330
2015-04-24,1009.59320
2015-04-26,1010.05470
2015-04-27,1001.96640
2015-04-28,1002.19760
2015-04-29,1002.42900
2015-04-30,1002.66530
2015-05-04,1003.56820
2015-05-05,1003.79690
2015-05-06,1004.02490
2015-05-07,1004.24800
2015-05-08,1004.47790
2015-05-10,1004.92790
2015-05-11,1005.15050
2015-05-12,1005.37910
2015-05-13,1005.60630
2015-05-14,1005.84420
2015-05-15,1006.06650
2015-05-17,1006.51940
2015-05-18,1006.75250
2015-05-19,1006.98310
2015-05-20,1007.21300
2015-05-21,1007.45020
2015-05-22,1007.67040
2015-05-24,1008.12980
2015-05-25,1001.96050
2015-05-26,1002.19240
2015-05-27,1002.42440
2015-05-28,1002.65400
2015-05-29,1002.88920
2015-05-31,1003.34000
2015-06-01,1003.56930
2015-06-02,1003.79650
2015-06-03,1004.02190
2015-06-04,1004.24740
2015-06-05,1004.47610
2015-06-07,1004.92170
2015-06-08,1005.14400
2015-06-09,1005.36780
2015-06-10,1005.59170
2015-06-11,1005.80880
2015-06-12,1006.03100
2015-06-14,1006.47760
2015-06-15,1006.69780
2015-06-16,1006.91780
2015-06-17,1007.13770
2015-06-18,1007.35600
2015-06-19,1007.57430
2015-06-21,1008.00670
2015-06-22,1008.22440
2015-06-23,1008.44510
2015-06-24,1008.67080
2015-06-25,1001.95730
2015-06-26,1002.16560
2015-06-28,1002.60650
2015-06-29,1002.83520
2015-06-30,1003.08260
2015-07-01,1003.30540
2015-07-02,1003.53630
2015-07-03,1003.76280
2015-07-05,1004.18450
2015-07-06,1004.40390
2015-07-07,1004.62330
2015-07-08,1004.84750
2015-07-09,1005.05900
2015-07-10,1005.28770
2015-07-12,1005.71530
2015-07-13,1005.93200
2015-07-14,1006.14950
2015-07-15,1006.36730
2015-07-16,1006.58600
2015-07-17,1006.80350
2015-07-19,1007.23060
2015-07-20,1007.45000
2015-07-21,1007.66510
2015-07-22,1007.88470
2015-07-23,1008.10170
2015-07-24,1008.31900
2015-07-26,1008.74450
2015-07-27,1001.93720
2015-07-28,1002.15270
2015-07-29,1002.36800
2015-07-30,1002.58460
2015-07-31,1002.80550
2015-08-02,1003.23040
2015-08-03,1003.44930
2015-08-04,1003.66350
2015-08-05,1003.88450
2015-08-06,1004.09760
2015-08-07,1004.30540
2015-08-09,1004.72950
2015-08-10,1004.94050
2015-08-11,1005.15190
2015-08-12,1005.36620
2015-08-13,1005.57660
2015-08-14,1005.79020
2015-08-16,1006.20400
2015-08-17,1006.41300
2015-08-18,1006.61890
2015-08-19,1006.83070
2015-08-20,1007.04210
2015-08-21,1007.23670
2015-08-23,1007.66090
2015-08-24,1007.86780
2015-08-25,1001.90790
2015-08-26,1002.11460
2015-08-27,1002.32340
2015-08-28,1002.52550
2015-08-30,1002.94200
2015-08-31,1003.15100
2015-09-01,1003.36220
2015-09-02,1003.56770
2015-09-03,1003.77800
2015-09-04,1003.98830
2015-09-06,1004.39650
2015-09-07,1004.60560
2015-09-08,1004.80930
2015-09-09,1005.01210
2015-09-10,1005.19240
2015-09-11,1005.40350
2015-09-13,1005.81960
2015-09-14,1006.02110
2015-09-15,1006.22720
2015-09-16,1006.43750
2015-09-17,1006.64590
2015-09-18,1006.85070
2015-09-20,1007.26950
2015-09-21,1007.47810
2015-09-22,1007.68660
2015-09-23,1007.89530
2015-09-24,1008.09920
2015-09-27,1008.73490
2015-09-28,1001.92930
2015-09-29,1002.20630
2015-09-30,1002.45720
2015-10-01,1002.66940
2015-10-04,1003.30100
2015-10-05,1003.51310
2015-10-06,1003.74080
2015-10-07,1003.94630
2015-10-08,1004.15460
2015-10-09,1004.35910
2015-10-11,1004.76930
2015-10-12,1004.97710
2015-10-13,1005.18260
2015-10-14,1005.38650
2015-10-15,1005.59170
2015-10-16,1005.79030
2015-10-18,1006.20720
2015-10-19,1006.41720
2015-10-20,1006.62540
2015-10-21,1006.83100
2015-10-22,1007.03580
2015-10-23,1007.24020
2015-10-25,1007.65500
2015-10-26,1001.88310
2015-10-27,1002.08850
2015-10-28,1002.29400
2015-10-29,1002.50000
2015-10-30,1002.70310
2015-11-01,1003.11520
2015-11-02,1003.32200
2015-11-03,1003.52750
2015-11-04,1003.73130
2015-11-05,1003.93680
2015-11-06,1004.13460
2015-11-08,1004.55290
2015-11-09,1004.75770
2015-11-10,1004.96180
2015-11-12,1005.37150
2015-11-13,1005.53530
2015-11-15,1005.98260
2015-11-16,1006.18780
2015-11-17,1006.39160
2015-11-18,1006.59880
2015-11-19,1006.80210
2015-11-20,1006.99910
2015-11-22,1007.41040
2015-11-23,1007.61920
2015-11-24,1007.81520
2015-11-25,1008.02020
2015-11-26,1001.88040
2015-11-27,1002.07880
2015-11-29,1002.47780
2015-11-30,1002.67850
2015-12-01,1002.87610
2015-12-02,1003.07100
2015-12-03,1003.27900
2015-12-04,1003.47550
2015-12-06,1003.86920
2015-12-07,1004.06460
2015-12-08,1004.26630
2015-12-09,1004.45420
2015-12-10,1004.66090
2015-12-11,1004.85310
2015-12-13,1005.25270
2015-12-14,1005.44420
2015-12-15,1005.64240
2015-12-16,1005.84770
2015-12-17,1006.05340
2015-12-18,1006.25600
2015-12-20,1006.67890
2015-12-21,1006.89320
2015-12-22,1007.09930
2015-12-23,1007.30170
2015-12-27,1008.12750
2015-12-28,1001.92240
2015-12-29,1002.12340
2015-12-30,1002.37040
2015-12-31,1002.60270
2016-01-01,1002.80680
2016-01-03,1003.20930
2016-01-04,1003.41440
2016-01-05,1003.62060
2016-01-06,1003.83520
2016-01-07,1004.03600
2016-01-08,1004.23850
2016-01-10,1004.63860
2016-01-11,1004.84160
2016-01-12,1005.04520
2016-01-13,1005.24890
2016-01-14,1005.44960
2016-01-15,1005.65190
2016-01-17,1006.05620
2016-01-18,1006.26130
2016-01-19,1006.46520
2016-01-20,1006.66290
2016-01-21,1006.86410
2016-01-22,1007.06330
2016-01-24,1007.46350
2016-01-25,1001.89700
2016-01-26,1002.09800
2016-01-27,1002.29970
2016-01-28,1002.49620
2016-01-29,1002.70210
2016-01-31,1003.10450
2016-02-01,1003.30680
2016-02-02,1003.50980
2016-02-03,1003.71110
2016-02-04,1003.91740
2016-02-05,1004.11350
2016-02-07,1004.51980
2016-02-08,1004.72900
2016-02-09,1004.93960
2016-02-10,1005.14420
2016-02-11,1005.35040
2016-02-12,1005.55380
2016-02-14,1005.96310
2016-02-15,1006.17130
2016-02-16,1006.38300
2016-02-17,1006.58790
2016-02-18,1006.80070
2016-02-21,1007.42550
2016-02-22,1007.63200
2016-02-23,1007.83460
2016-02-24,1008.04380
2016-02-25,1001.89800
2016-02-26,1002.07550
2016-02-28,1002.49370
2016-02-29,1002.73150
2016-03-01,1002.95070
2016-03-02,1003.16250
2016-03-03,1003.37740
2016-03-04,1003.61030
2016-03-07,1004.26800
2016-03-08,1004.48280
2016-03-09,1004.69150
2016-03-10,1004.90550
2016-03-11,1005.12310
2016-03-13,1005.55690
2016-03-14,1005.79080
2016-03-15,1006.01110
2016-03-16,1006.24450
2016-03-17,1006.47940
2016-03-18,1006.69190
2016-03-20,1007.13920
2016-03-21,1007.37240
2016-03-22,1007.59310
2016-03-23,1007.80730
2016-03-27,1008.70390
2016-03-28,1002.03890
2016-03-29,1002.25740
2016-03-30,1002.52010
2016-03-31,1003.32910
2016-04-03,1004.05550
2016-04-04,1004.29470
2016-04-05,1004.56630
2016-04-06,1004.78890
2016-04-07,1005.01550
2016-04-10,1005.66810
2016-04-11,1005.89510
2016-04-12,1006.10990
2016-04-13,1006.33670
2016-04-17,1007.20090
2016-04-18,1007.41810
2016-04-19,1007.63380
2016-04-20,1007.85110
2016-04-21,1008.06430
2016-04-22,1008.27830
2016-04-24,1008.70590
2016-04-25,1001.91460
2016-04-26,1002.12610
2016-04-27,1002.34210
2016-04-28,1002.55680
2016-04-29,1002.77470
2016-05-01,1003.19660
2016-05-02,1003.41650
2016-05-03,1003.63180
2016-05-04,1003.85020
2016-05-05,1004.06760
2016-05-06,1004.29320
2016-05-08,1004.72100
2016-05-09,1004.93410
2016-05-10,1005.14550
2016-05-11,1005.35680
2016-05-12,1005.57160
2016-05-13,1005.78730
2016-05-15,1006.20360
2016-05-16,1006.42220
2016-05-17,1006.63450
2016-05-18,1006.85700
2016-05-19,1007.06770
2016-05-20,1007.28780
2016-05-22,1007.70680
2016-05-23,1007.91840
2016-05-24,1008.13010
2016-05-25,1001.90340
2016-05-26,1002.11320
2016-05-27,1002.32520
2016-05-29,1002.73360
2016-05-30,1002.94380
2016-05-31,1003.15690
2016-06-01,1003.37330
2016-06-02,1003.58460
2016-06-03,1003.80270
2016-06-05,1004.21050
2016-06-06,1004.42660
2016-06-07,1004.64280
2016-06-08,1004.84850
2016-06-09,1005.05300
2016-06-10,1005.26760
2016-06-12,1005.67450
2016-06-13,1005.88640
2016-06-14,1006.09790
2016-06-15,1006.30950
2016-06-16,1006.50270
2016-06-17,1006.71200
2016-06-19,1007.11090
2016-06-20,1007.31080
2016-06-21,1007.51430
2016-06-22,1007.72370
2016-06-23,1007.92280
2016-06-24,1008.13650
2016-06-26,1008.54160
2016-06-27,1001.89260
2016-06-28,1002.10020
2016-06-29,1002.30570
2016-06-30,1002.57900
2016-07-01,1002.79310
2016-07-03,1003.20800
2016-07-04,1003.41580
2016-07-05,1003.59830
2016-07-06,1003.81860
2016-07-07,1004.01860
2016-07-08,1004.22870
2016-07-10,1004.61630
2016-07-11,1004.82210
2016-07-12,1005.02120
2016-07-13,1005.23030
2016-07-14,1005.44050
2016-07-15,1005.64500
2016-07-17,1006.02660
2016-07-18,1006.22040
2016-07-19,1006.41700
2016-07-20,1006.62110
2016-07-21,1006.81040
2016-07-22,1007.01810
2016-07-24,1007.39810
2016-07-25,1001.89540
2016-07-26,1002.09160
2016-07-27,1002.28420
2016-07-28,1002.47990
2016-07-29,1002.68440
2016-07-31,1003.04400
2016-08-01,1003.24450
2016-08-02,1003.43660
2016-08-03,1003.62940
2016-08-04,1003.82140
2016-08-05,1004.01590
2016-08-07,1004.39070
2016-08-08,1004.58180
2016-08-09,1004.77520
2016-08-10,1004.96900
2016-08-11,1005.16190
2016-08-12,1005.33890
2016-08-15,1005.91330
2016-08-16,1006.11510
2016-08-17,1006.29510
2016-08-18,1006.48650
2016-08-19,1006.67920
2016-08-21,1007.05900
2016-08-22,1007.24970
2016-08-23,1007.44080
2016-08-24,1007.63370
2016-08-25,1001.89580
2016-08-26,1002.07690
2016-08-28,1002.44980
2016-08-29,1002.63780
2016-08-30,1002.82150
2016-08-31,1003.01890
2016-09-01,1003.20390
2016-09-02,1003.37430
2016-09-05,1003.93160
2016-09-06,1004.11680
2016-09-07,1004.29640
2016-09-08,1004.47790
2016-09-09,1004.66550
2016-09-11,1005.02710
2016-09-12,1005.21230
2016-09-13,1005.39430
2016-09-14,1005.58590
2016-09-15,1005.77280
2016-09-16,1005.95880
2016-09-18,1006.32400
2016-09-19,1006.51050
2016-09-20,1006.69740
2016-09-21,1006.88400
2016-09-22,1007.07000
2016-09-23,1007.25510
2016-09-25,1007.63130
2016-09-26,1001.90990
2016-09-27,1002.09710
2016-09-28,1002.28370
2016-09-29,1002.47960
2016-09-30,1002.70230
2016-10-02,1003.10610
2016-10-03,1003.30400
2016-10-04,1003.49100
2016-10-05,1003.69110
2016-10-06,1003.87630
2016-10-07,1004.06050
2016-10-09,1004.42130
2016-10-10,1004.60660
2016-10-12,1004.97040
2016-10-13,1005.15390
2016-10-14,1005.32170
2016-10-16,1005.70280
2016-10-17,1005.88420
2016-10-18,1006.06960
2016-10-19,1006.25650
2016-10-20,1006.43670
2016-10-21,1006.61450
2016-10-23,1006.98410
2016-10-24,1007.16130
2016-10-25,1001.87520
2016-10-26,1002.05540
2016-10-27,1002.24030
2016-10-28,1002.40610
2016-10-31,1002.98520
2016-11-01,1003.16730
2016-11-02,1003.34980
2016-11-03,1003.53410
2016-11-04,1003.71770
2016-11-06,1004.08750
2016-11-07,1004.27300
2016-11-08,1004.45680
2016-11-09,1004.65070
2016-11-10,1004.86120
2016-11-11,1005.04240
2016-11-14,1005.59660
2016-11-15,1005.82520
2016-11-16,1006.02660
2016-11-17,1006.21070
2016-11-18,1006.41190
2016-11-20,1006.77450
2016-11-21,1006.97250
2016-11-22,1007.16790
2016-11-23,1007.36670
2016-11-24,1007.59930
2016-11-25,1001.87000
2016-11-27,1002.28050
2016-11-28,1002.41960
2016-11-29,1002.60370
2016-11-30,1002.78040
2016-12-01,1002.96080
2016-12-02,1003.08100
2016-12-04,1003.42420
2016-12-05,1003.60330
2016-12-06,1003.77520
2016-12-07,1003.87000
2016-12-08,1004.04060
2016-12-09,1004.22610
2016-12-12,1004.76290
2016-12-13,1004.93980
2016-12-14,1005.12200
2016-12-15,1005.29490
2016-12-16,1005.47560
2016-12-18,1005.82460
2016-12-19,1006.00010
2016-12-20,1006.17110
2016-12-21,1006.35140
2016-12-22,1006.51960
2016-12-23,1006.69150
2016-12-25,1007.03930
2016-12-26,1001.87170
2016-12-27,1002.04550
2016-12-28,1002.22050
2016-12-29,1002.39920
2016-12-30,1002.60260
2017-01-01,1002.95870
2017-01-02,1003.14350
2017-01-03,1003.32570
2017-01-04,1003.51190
2017-01-05,1003.68780
2017-01-06,1003.86590
2017-01-08,1004.20930
2017-01-09,1004.38510
2017-01-10,1004.56560
2017-01-11,1004.73250
2017-01-12,1004.90880
2017-01-13,1005.06760
2017-01-15,1005.42200
2017-01-16,1005.60010
2017-01-17,1005.77340
2017-01-18,1005.94870
2017-01-19,1006.13030
2017-01-20,1006.30900
2017-01-22,1006.65310
2017-01-23,1006.83470
2017-01-24,1007.01530
2017-01-25,1001.86740
2017-01-26,1002.04260
2017-01-27,1002.21500
2017-01-29,1002.57150
2017-01-30,1002.74850
2017-01-31,1002.92640
2017-02-01,1003.10570
2017-02-02,1003.28550
2017-02-03,1003.46450
2017-02-05,1003.82290
2017-02-06,1004.00760
2017-02-07,1004.17990
2017-02-08,1004.33040
2017-02-09,1004.50480
2017-02-10,1004.68890
2017-02-12,1005.03590
2017-02-13,1005.22210
2017-02-14,1005.39920
2017-02-15,1005.57220
2017-02-16,1005.74690
2017-02-17,1005.93840
2017-02-19,1006.28920
2017-02-20,1006.47250
2017-02-21,1006.64600
2017-02-22,1006.82490
2017-02-23,1007.00640
2017-02-26,1007.54930
2017-02-27,1001.89080
2017-02-28,1002.07470
2017-03-01,1002.24270
2017-03-02,1002.41940
2017-03-03,1002.59870
2017-03-05,1002.94510
2017-03-06,1003.11640
2017-03-07,1003.29220
2017-03-08,1003.46900
2017-03-09,1003.64590
2017-03-10,1003.82630
2017-03-13,1004.35120
2017-03-14,1004.53870
2017-03-15,1004.72870
2017-03-16,1004.91490
2017-03-17,1005.09740
2017-03-19,1005.47810
2017-03-20,1005.66000
2017-03-21,1005.86740
2017-03-22,1006.05910
2017-03-23,1006.23570
2017-03-24,1006.41810
2017-03-26,1006.76350
2017-03-27,1001.87550
2017-03-28,1002.04830
2017-03-29,1002.23410
2017-03-30,1002.41710
2017-03-31,1002.71940
2017-04-02,1003.08170
2017-04-03,1003.27100
2017-04-04,1003.44530
2017-04-05,1003.62140
2017-04-06,1003.79680
2017-04-07,1003.97880
2017-04-09,1004.32540
2017-04-10,1004.50310
2017-04-11,1004.68650
2017-04-12,1004.86270
2017-04-13,1005.03080
2017-04-16,1005.55660
2017-04-17,1005.73570
2017-04-18,1005.91110
2017-04-19,1006.08450
2017-04-20,1006.25920
2017-04-21,1006.43810
2017-04-23,1006.79140
2017-04-24,1006.96550
2017-04-25,1001.84380
2017-04-26,1002.02170
2017-04-27,1002.19320
2017-04-28,1002.36950
2017-05-01,1002.89570
2017-05-02,1003.06930
2017-05-03,1003.24360
2017-05-04,1003.41500
2017-05-05,1003.58050
2017-05-07,1003.93120
2017-05-08,1004.10560
2017-05-09,1004.28280
2017-05-10,1004.45300
2017-05-11,1004.62950
2017-05-12,1004.79740
2017-05-14,1005.16000
2017-05-15,1005.33760
2017-05-16,1005.51700
2017-05-17,1005.69910
2017-05-18,1005.87940
2017-05-19,1006.05180
2017-05-21,1006.40310
2017-05-22,1006.58150
2017-05-23,1006.75610
2017-05-24,1006.93260
2017-05-25,1001.84580
2017-05-26,1002.01030
2017-05-28,1002.36000
2017-05-29,1002.53600
2017-05-30,1002.71040
2017-05-31,1002.88330
2017-06-01,1003.06960
2017-06-02,1003.23770
2017-06-03,1003.41230
2017-06-04,1003.58690
2017-06-05,1003.76370
2017-06-06,1003.94040
2017-06-07,1004.11550
2017-06-08,1004.29070
2017-06-09,1004.46020
2017-06-10,1004.63430
2017-06-11,1004.80860
2017-06-12,1004.98520
2017-06-13,1005.15960
2017-06-14,1005.33480
2017-06-15,1005.50950
2017-06-16,1005.69070
2017-06-17,1005.86100
2017-06-18,1006.03140
2017-06-19,1006.20400
2017-06-20,1006.37720
2017-06-21,1006.55000
2017-06-22,1006.72490
2017-06-23,1006.88620
2017-06-24,1007.07060
2017-06-25,1007.25500
2017-06-26,1007.43950
2017-06-27,1001.86770
2017-06-28,1002.04360
2017-06-29,1002.23170
2017-06-30,1002.41180
2017-07-01,1002.59200
2017-07-02,1002.77240
2017-07-03,1002.95480
2017-07-04,1003.13530
2017-07-05,1003.31610
2017-07-06,1003.49220
2017-07-07,1003.68010
2017-07-08,1003.85520
2017-07-09,1004.03030
2017-07-10,1004.20870
2017-07-11,1004.38720
2017-07-12,1004.56400
2017-07-13,1004.74440
2017-07-14,1004.92380
2017-07-15,1005.09680
2017-07-16,1005.27000
2017-07-17,1005.45080
2017-07-18,1005.63460
2017-07-19,1005.81440
2017-07-20,1005.99180
2017-07-21,1006.16960
2017-07-22,1006.34520
2017-07-23,1006.52130
2017-07-24,1006.69850
2017-07-25,1001.85510
2017-07-26,1002.02920
2017-07-27,1002.20360
2017-07-28,1002.37070
2017-07-29,1002.54590
2017-07-30,1002.72110
2017-07-31,1002.89780
2017-08-01,1003.07260
2017-08-02,1003.24830
2017-08-03,1003.42230
2017-08-04,1003.60110
2017-08-05,1003.77530
2017-08-06,1003.94940
2017-08-07,1004.12630
2017-08-08,1004.30800
2017-08-09,1004.48920
2017-08-10,1004.66640
2017-08-11,1004.82900
2017-08-12,1005.00460
2017-08-13,1005.18010
2017-08-14,1005.35750
2017-08-15,1005.52490
2017-08-16,1005.69390
2017-08-17,1005.87010
2017-08-18,1006.04430
2017-08-19,1006.21670
2017-08-20,1006.38910
2017-08-21,1006.56170
2017-08-22,1006.73370
2017-08-23,1006.90330
2017-08-24,1007.07680
2017-08-25,1007.24380
2017-08-26,1007.41070
2017-08-27,1007.57770
2017-08-28,1001.82310
2017-08-29,1001.99400
2017-08-30,1002.16380
2017-08-31,1002.32990
2017-09-01,1002.49650
2017-09-02,1002.66900
2017-09-03,1002.84160
2017-09-04,1003.01460
2017-09-05,1003.18430
2017-09-06,1003.35450
2017-09-07,1003.52510
2017-09-08,1003.68710
2017-09-09,1003.85890
2017-09-10,1004.03090
2017-09-11,1004.20070
2017-09-12,1004.37350
2017-09-13,1004.54560
2017-09-14,1004.71620
2017-09-15,1004.88590
2017-09-16,1005.05690
2017-09-17,1005.22770
2017-09-18,1005.40160
2017-09-19,1005.57610
2017-09-20,1005.74980
2017-09-21,1005.92630
2017-09-22,1006.07700
2017-09-23,1006.25360
2017-09-24,1006.43010
2017-09-25,1001.82700
2017-09-26,1001.99920
2017-09-27,1002.17210
2017-09-28,1002.35410
2017-09-29,1002.53490
2017-09-30,1002.71130
2017-10-01,1002.88810
2017-10-02,1003.06470
2017-10-03,1003.24810
2017-10-04,1003.42720
2017-10-05,1003.60460
2017-10-06,1003.77850
2017-10-07,1003.94470
2017-10-08,1004.11110
2017-10-09,1004.28550
2017-10-10,1004.45900
2017-10-11,1004.62980
2017-10-12,1004.80190
2017-10-13,1004.96310
2017-10-14,1005.14050
2017-10-15,1005.31690
2017-10-16,1005.48960
2017-10-17,1005.65400
2017-10-18,1005.81220
2017-10-19,1005.98400
2017-10-20,1006.15590
2017-10-21,1006.32770
2017-10-22,1006.49990
2017-10-23,1006.66900
2017-10-24,1006.83610
2017-10-25,1001.81830
2017-10-26,1001.98670
2017-10-27,1002.15900
2017-10-28,1002.32880
2017-10-29,1002.49880
2017-10-30,1002.67060
2017-10-31,1002.84470
2017-11-01,1003.01730
2017-11-02,1003.19030
2017-11-03,1003.36350
2017-11-04,1003.53030
2017-11-05,1003.69680
2017-11-06,1003.86800
2017-11-07,1004.04050
2017-11-08,1004.21450
2017-11-09,1004.38590
2017-11-10,1004.56030
2017-11-11,1004.72710
2017-11-12,1004.89410
2017-11-13,1005.06410
2017-11-14,1005.23610
2017-11-15,1005.40500
2017-11-16,1005.56920
2017-11-17,1005.73790
2017-11-18,1005.90660
2017-11-19,1006.07540
2017-11-20,1006.24670
2017-11-21,1006.41850
2017-11-22,1006.58810
2017-11-23,1006.76140
2017-11-24,1006.91770
2017-11-25,1007.09610
2017-11-26,1007.27470
2017-11-27,1001.82230
2017-11-28,1001.99110
2017-11-29,1002.16250
2017-11-30,1002.33040
2017-12-01,1002.49520
2017-12-02,1002.66820
2017-12-03,1002.84150
2017-12-04,1003.01120
2017-12-05,1003.18200
2017-12-06,1003.35290
2017-12-07,1003.52220
2017-12-08,1003.69560
2017-12-09,1003.86700
2017-12-10,1004.03830
2017-12-11,1004.21010
2017-12-12,1004.38290
2017-12-13,1004.55510
2017-12-14,1004.72890
2017-12-15,1004.88510
2017-12-16,1005.06380
2017-12-17,1005.24260
2017-12-18,1005.41160
2017-12-19,1005.58270
2017-12-20,1005.74770
2017-12-21,1005.92210
2017-12-22,1006.09180
2017-12-23,1006.26640
2017-12-24,1006.44090
2017-12-25,1006.61560
2017-12-26,1001.84270
2017-12-27,1002.01880
2017-12-28,1002.20250
2017-12-29,1002.40980
2017-12-30,1002.58580
2017-12-31,1002.76190
2018-01-01,1002.94010
2018-01-02,1003.11690
2018-01-03,1003.28490
2018-01-04,1003.45320
2018-01-05,1003.62960
2018-01-06,1003.80010
2018-01-07,1003.97050
2018-01-08,1004.14520
2018-01-09,1004.31900
2018-01-10,1004.49460
2018-01-11,1004.66910
2018-01-12,1004.84460
2018-01-13,1005.01650
2018-01-14,1005.18860
2018-01-15,1005.36460
2018-01-16,1005.54220
2018-01-17,1005.71970
2018-01-18,1005.89300
2018-01-19,1006.06880
2018-01-20,1006.24400
2018-01-21,1006.41890
2018-01-22,1006.59630
2018-01-23,1006.77470
2018-01-24,1006.95240
2018-01-25,1001.85110
2018-01-26,1002.02480
2018-01-27,1002.19870
2018-01-28,1002.37250
2018-01-29,1002.54730
2018-01-30,1002.73610
2018-01-31,1002.91800
2018-02-01,1003.09000
2018-02-02,1003.26470
2018-02-03,1003.44400
2018-02-04,1003.62310
2018-02-05,1003.79660
2018-02-06,1003.97340
2018-02-07,1004.15010
2018-02-08,1004.32850
2018-02-09,1004.50810
2018-02-10,1004.68730
2018-02-11,1004.86650
2018-02-12,1005.05300
2018-02-13,1005.23380
2018-02-14,1005.41920
2018-02-15,1005.60090
2018-02-16,1005.78240
2018-02-17,1005.96110
2018-02-18,1006.13990
2018-02-19,1006.31870
2018-02-20,1006.49810
2018-02-21,1006.67790
2018-02-22,1006.85240
2018-02-23,1007.02730
2018-02-24,1007.20730
2018-02-25,1007.38750
2018-02-26,1001.84800
2018-02-27,1002.02910
2018-02-28,1002.20840
2018-03-01,1002.39500
2018-03-02,1002.57830
2018-03-03,1002.76210
2018-03-04,1002.94590
2018-03-05,1003.12940
2018-03-06,1003.31430
2018-03-07,1003.52370
2018-03-08,1003.72030
2018-03-09,1003.90630
2018-03-10,1004.09130
2018-03-11,1004.27440
2018-03-12,1004.47930
2018-03-13,1004.66900
2018-03-14,1004.86110
2018-03-15,1005.08280
2018-03-16,1005.35240
2018-03-17,1005.53780
2018-03-18,1005.72340
2018-03-19,1005.96980
2018-03-20,1006.16550
2018-03-21,1006.35480
2018-03-22,1006.53320
2018-03-23,1006.66350
2018-03-24,1006.85350
2018-03-25,1007.04330
2018-03-26,1001.76870
2018-03-27,1002.00220
2018-03-28,1002.94040
2018-03-29,1003.12500
2018-03-30,1003.30960
2018-03-31,1003.49460
2018-04-01,1003.67950
2018-04-02,1003.86490
2018-04-03,1004.08940
2018-04-04,1004.29690
2018-04-05,1004.48780
2018-04-06,1004.68520
2018-04-07,1004.86540
2018-04-08,1005.04560
2018-04-09,1005.23190
2018-04-10,1005.42110
2018-04-11,1005.60870
2018-04-12,1005.79290
2018-04-13,1005.98540
2018-04-14,1006.16580
2018-04-15,1006.34610
2018-04-16,1006.52940
2018-04-17,1006.71010
2018-04-18,1006.88840
2018-04-19,1007.07020
2018-04-20,1007.25880
2018-04-21,1007.43970
2018-04-22,1007.62080
2018-04-23,1007.81190
2018-04-24,1008.00000
2018-04-25,1001.70820
2018-04-26,1001.88630
2018-04-27,1002.06880
2018-04-28,1002.24650
2018-04-29,1002.42450
2018-04-30,1002.60230
2018-05-01,1002.78020
2018-05-02,1002.95670
2018-05-03,1003.14300
2018-05-04,1003.30580
2018-05-05,1003.48320
2018-05-06,1003.66080
2018-05-07,1003.84010
2018-05-08,1004.01670
2018-05-09,1004.19040
2018-05-10,1004.37860
2018-05-11,1004.52190
2018-05-12,1004.69950
2018-05-13,1004.87700
2018-05-14,1005.05630
2018-05-15,1005.21590
2018-05-16,1005.36400
2018-05-17,1005.46590
2018-05-18,1005.57670
2018-05-19,1005.76030
2018-05-20,1005.94280
2018-05-21,1006.03190
2018-05-22,1006.17690
2018-05-23,1006.35030
2018-05-24,1006.47980
2018-05-25,1006.64140
2018-05-28,1001.88880
2018-05-29,1002.34490
2018-05-30,1002.87250
2018-05-31,1002.90430
2018-06-01,1002.92870
2018-06-04,1003.34890
2018-06-05,1003.61660
2018-06-06,1004.45300
2018-06-07,1004.68710
2018-06-08,1004.88240
2018-06-11,1005.54920
2018-06-12,1005.82590
2018-06-13,1006.03990
2018-06-14,1006.43970
2018-06-15,1006.67880
2018-06-18,1007.54850
2018-06-19,1007.81080
2018-06-20,1008.05740
2018-06-21,1008.27990
2018-06-22,1008.43780
2018-06-25,1009.03700
2018-06-26,1002.55910
2018-06-27,1002.76950
2018-06-28,1002.99890
2018-06-29,1003.32910
2018-07-02,1004.06430
2018-07-03,1004.32790
2018-07-04,1004.68780
2018-07-05,1005.03860
2018-07-06,1005.24940
2018-07-09,1005.94870
2018-07-10,1006.15390
2018-07-11,1006.35670
2018-07-12,1006.59320
2018-07-13,1006.78430
2018-07-16,1007.34210
2018-07-17,1007.55330
2018-07-18,1007.77910
2018-07-19,1007.96340
2018-07-20,1008.10090
2018-07-23,1008.62210
2018-07-24,1008.63400
2018-07-25,1008.81090
2018-07-26,1002.26500
2018-07-27,1002.47270
2018-07-30,1003.06570
2018-07-31,1003.32230
2018-08-01,1003.57900
2018-08-02,1004.02050
2018-08-03,1004.35150
2018-08-06,1004.95230
2018-08-07,1005.20130
2018-08-08,1005.39990
2018-08-09,1005.65680
2018-08-10,1005.85740
2018-08-13,1006.37720
2018-08-14,1006.55520
2018-08-16,1006.93710
2018-08-20,1007.73740
2018-08-21,1007.88910
2018-08-23,1008.25160
2018-08-24,1008.42890
2018-08-27,1008.99640
2018-08-28,1002.07760
2018-08-29,1002.34700
2018-08-30,1002.57450
2018-08-31,1002.83190
2018-09-03,1003.47230
2018-09-04,1003.71260
2018-09-05,1003.87670
2018-09-06,1004.08150
2018-09-07,1004.29550
2018-09-10,1004.51410
2018-09-11,1004.48850
2018-09-12,1004.64980
2018-09-14,1005.01740
2018-09-17,1005.61010
2018-09-18,1005.80200
2018-09-19,1005.98590
2018-09-21,1006.42170
2018-09-24,1006.67060
2018-09-25,1006.04080
2018-09-26,1001.04470
2018-09-27,1002.10070
2018-09-28,1002.56920
2018-10-01,1003.35760
2018-10-03,1003.63520
2018-10-04,1003.71770
2018-10-05,1004.79260
2018-10-08,1005.41460
2018-10-09,1005.60000
2018-10-10,1005.79280
2018-10-11,1005.96610
2018-10-12,1006.16410
2018-10-15,1006.67010
2018-10-16,1006.90250
2018-10-17,1007.13530
2018-10-19,1007.57450
2018-10-22,1008.20110
2018-10-23,1008.35950
2018-10-24,1008.59870
2018-10-25,1008.82570
2018-10-26,1001.58400
2018-10-29,1002.10260
2018-10-30,1002.30170
2018-10-31,1002.46820
2018-11-01,1002.72830
2018-11-02,1002.96440
2018-11-05,1003.68370
2018-11-06,1003.95100
2018-11-09,1004.64150
2018-11-12,1005.31240
2018-11-13,1005.53910
2018-11-14,1005.86200
2018-11-15,1006.28480
2018-11-16,1006.57670
2018-11-19,1007.22580
2018-11-20,1007.41340
2018-11-22,1007.84760
2018-11-26,1008.81300
2018-11-27,1002.50220
2018-11-28,1002.71740
2018-11-29,1002.94960
2018-11-30,1003.18770
2018-12-03,1003.99210
2018-12-04,1004.29240
2018-12-05,1004.79230
2018-12-06,1005.10600
2018-12-07,1005.42170
2018-12-10,1005.92840
2018-12-11,1006.06440
2018-12-12,1006.37930
2018-12-13,1006.80500
2018-12-14,1007.11390
2018-12-17,1007.71760
2018-12-18,1008.00460
2018-12-19,1008.45060
2018-12-20,1008.68080
2018-12-21,1008.87450
2018-12-24,1009.52820
2018-12-26,1009.94310
2018-12-27,1003.11570
2018-12-28,1003.54650
2018-12-31,1004.26680
2019-01-01,1004.60420
2019-01-02,1004.97570
2019-01-03,1005.07540
2019-01-04,1005.29580
2019-01-07,1005.91310
2019-01-08,1006.16560
2019-01-09,1006.43150
2019-01-10,1006.66790
2019-01-11,1006.88040
2019-01-14,1007.60660
2019-01-15,1007.85340
2019-01-16,1008.04640
2019-01-17,1008.30590
2019-01-18,1008.51770
2019-01-21,1009.12770
2019-01-22,1009.43630
2019-01-23,1009.61130
2019-01-24,1009.80720
2019-01-25,1009.96740
2019-01-28,1003.10900
2019-01-29,1003.35350
2019-01-30,1003.58430
2019-01-31,1003.81990
2019-02-01,1004.00820
2019-02-04,1004.45650
2019-02-05,1004.65290
2019-02-06,1004.86780
2019-02-07,1005.47780
2019-02-08,1005.69940
2019-02-11,1006.29510
2019-02-12,1006.47510
2019-02-13,1006.91000
2019-02-14,1007.08930
2019-02-15,1007.24840
2019-02-18,1007.81180
2019-02-20,1008.16390
2019-02-21,1008.32580
2019-02-22,1008.43560
2019-02-25,1008.98430
2019-02-26,1002.86890
2019-02-27,1002.97240
2019-02-28,1003.13780
2019-03-01,1003.39980
2019-03-05,1004.22260
2019-03-06,1004.56970
2019-03-07,1004.75570
2019-03-08,1005.17250
2019-03-11,1005.77350
2019-03-12,1006.13620
2019-03-13,1006.43060
2019-03-14,1007.15850
2019-03-15,1007.47830
2019-03-18,1008.07220
2019-03-19,1008.34110
2019-03-20,1008.19370
2019-03-22,1008.48570
2019-03-25,1009.09230
2019-03-26,1003.10050
2019-03-27,1003.31590
2019-03-28,1003.57170
2019-03-29,1005.15510
2019-04-02,1006.75790
2019-04-03,1006.96690
2019-04-04,1007.15120
2019-04-05,1007.36890
2019-04-08,1007.79670
2019-04-09,1007.80500
2019-04-10,1007.91900
2019-04-11,1008.00290
2019-04-12,1008.09120
2019-04-15,1008.58700
2019-04-16,1008.73700
2019-04-18,1009.11030
2019-04-22,1009.76200
2019-04-23,1009.80410
2019-04-24,1009.66110
2019-04-25,1009.77700
2019-04-26,1002.61510
2019-04-30,1003.05020
2019-05-02,1003.28570
2019-05-03,1003.48410
2019-05-06,1004.14190
2019-05-07,1004.55010
2019-05-08,1004.95160
2019-05-09,1005.18270
2019-05-10,1005.43190
2019-05-13,1006.07240
2019-05-14,1006.44080
2019-05-15,1006.77560
2019-05-16,1007.20220
2019-05-17,1007.67780
2019-05-20,1008.38440
2019-05-21,1008.71890
2019-05-22,1009.01050
2019-05-23,1009.63860
2019-05-24,1009.90070
2019-05-27,1010.54350
2019-05-28,1004.25710
2019-05-29,1004.55170
2019-05-30,1004.80140
2019-05-31,1005.28150
2019-06-03,1006.34290
2019-06-04,1006.52500
2019-06-06,1007.10270
2019-06-07,1007.08870
2019-06-10,1007.52150
2019-06-11,1007.62910
2019-06-12,1007.76870
2019-06-13,1007.97510
2019-06-14,1008.14420
2019-06-17,1008.73680
2019-06-18,1008.97000
2019-06-19,1009.19420
2019-06-20,1009.33830
2019-06-21,1009.47780
2019-06-24,1010.02310
2019-06-25,1010.14080
2019-06-26,1003.78200
2019-06-27,1004.06340
2019-06-28,1004.27850
2019-07-01,1004.88310
2019-07-02,1005.09250
2019-07-03,1005.58380
2019-07-04,1006.01310
2019-07-05,1006.39340
2019-07-08,1007.08360
2019-07-09,1007.39460
2019-07-10,1007.89870
2019-07-11,1008.24620
2019-07-12,1008.50740
2019-07-15,1009.21260
2019-07-16,1010.02360
2019-07-17,1010.57190
2019-07-18,1010.71870
2019-07-19,1010.82400
2019-07-22,1011.22600
2019-07-23,1011.27570
2019-07-24,1011.45770
2019-07-25,1011.62360
2019-07-26,1005.09630
2019-07-29,1005.73300
2019-07-30,1006.13700
2019-07-31,1006.57790
2019-08-01,1007.21350
2019-08-02,1007.49800
2019-08-05,1008.01770
2019-08-06,1008.22430
2019-08-07,1008.74290
2019-08-08,1009.31930
2019-08-09,1009.53450
2019-08-13,1010.09800
2019-08-14,1010.13460
2019-08-16,1010.55690
2019-08-19,1011.11430
2019-08-20,1011.33900
2019-08-21,1011.55280
2019-08-22,1011.67660
2019-08-23,1011.84920
2019-08-26,1012.47630
2019-08-27,1006.68760
2019-08-28,1006.87510
2019-08-29,1007.10240
2019-08-30,1007.29060
2019-09-03,1008.10480
2019-09-04,1008.42310
2019-09-05,1008.58820
2019-09-06,1008.76340
2019-09-09,1009.32950
2019-09-11,1009.66040
2019-09-12,1009.92770
2019-09-13,1010.15210
2019-09-16,1010.78460
2019-09-17,1010.77150
2019-09-18,1010.92280
2019-09-19,1011.11610
2019-09-20,1010.60330
2019-09-23,1011.06550
2019-09-24,1011.10230
2019-09-25,1011.32230
2019-09-26,1006.83360
2019-09-27,1007.02390
2019-09-30,1008.00190
2019-10-01,1008.51540
2019-10-03,1008.95200
2019-10-04,1009.26420
2019-10-07,1009.87200
2019-10-09,1010.23290
2019-10-10,1010.48640
2019-10-11,1010.81940
2019-10-14,1011.38420
2019-10-15,1011.69710
2019-10-16,1011.96700
2019-10-17,1012.17040
2019-10-18,1012.34180
2019-10-22,1012.97970
2019-10-23,1013.14660
2019-10-24,1013.42820
2019-10-25,1013.61680
2019-10-29,1006.49250
2019-10-30,1007.00200
2019-10-31,1007.29870
2019-11-01,1007.48490
2019-11-04,1007.99670
2019-11-05,1008.09600
2019-11-06,1007.96810
2019-11-07,1008.11680
2019-11-08,1008.25540
2019-11-11,1008.76870
2019-11-13,1009.16660
2019-11-14,1009.40330
2019-11-15,1009.68600
2019-11-18,1010.14450
2019-11-19,1010.34460
2019-11-20,1010.57530
2019-11-21,1010.79170
2019-11-22,1010.98960
2019-11-25,1011.50910
2019-11-26,1006.39690
2019-11-27,1006.61000
2019-11-28,1006.80400
2019-11-29,1007.07940
2019-12-02,1007.59770
2019-12-03,1007.76340
2019-12-04,1007.90660
2019-12-05,1007.60000
2019-12-06,1007.82190
2019-12-09,1008.30100
2019-12-10,1008.50820
2019-12-11,1008.71320
2019-12-12,1008.88150
2019-12-13,1009.03500
2019-12-16,1009.43800
2019-12-17,1009.60060
2019-12-18,1009.74060
2019-12-19,1009.88070
2019-12-20,1009.97800
2019-12-23,1010.39800
2019-12-24,1010.49070
2019-12-26,1010.74670
2019-12-27,1006.36640
2019-12-30,1006.81090
2019-12-31,1006.98210
2020-01-01,1007.23220
2020-01-02,1007.51980
2020-01-03,1007.63960
2020-01-06,1008.07390
2020-01-07,1008.27670
2020-01-08,1008.46280
2020-01-09,1008.66630
2020-01-10,1008.78590
2020-01-13,1009.19370
2020-01-14,1009.21840
2020-01-15,1009.35630
2020-01-16,1009.46160
2020-01-17,1009.62960
2020-01-20,1010.07170
2020-01-21,1010.22990
2020-01-22,1010.39550
2020-01-23,1010.59430
2020-01-24,1010.76780
2020-01-27,1011.21900
2020-01-28,1006.39450
2020-01-29,1006.61840
2020-01-30,1006.74500
2020-01-31,1006.89630
2020-02-03,1007.38440
2020-02-04,1007.64990
2020-02-05,1007.79880
2020-02-06,1008.14880
2020-02-07,1008.40250
2020-02-10,1008.92570
2020-02-11,1009.24600
2020-02-12,1009.48640
2020-02-13,1009.67440
2020-02-14,1009.84730
2020-02-17,1010.32050
2020-02-18,1010.44080
2020-02-20,1010.67710
2020-02-24,1011.23030
2020-02-25,1011.38640
2020-02-26,1006.11630
2020-02-27,1006.17340
2020-02-28,1006.21560
2020-03-02,1006.66260
2020-03-03,1006.81200
2020-03-04,1007.70270
2020-03-05,1007.96780
2020-03-06,1008.08150
2020-03-09,1008.64300
2020-03-11,1008.87960
2020-03-12,1008.36070
2020-03-13,1007.84880
2020-03-16,1008.18640
2020-03-17,1007.96950
2020-03-18,1007.16600
2020-03-19,1003.56570
2020-03-20,1003.34810
2020-03-23,1001.66270
2020-03-24,1000.09440
2020-03-26,1001.54910
2020-03-27,1010.14960
2020-03-30,1011.26660
2020-03-31,1011.65660
2020-04-03,1012.51460
2020-04-07,1013.46080
2020-04-08,1013.17370
2020-04-09,1012.75190
2020-04-13,1013.27230
2020-04-15,1013.43860
2020-04-16,1013.63120
2020-04-17,1015.12280
2020-04-20,1016.35050
2020-04-21,1017.30350
2020-04-22,1017.90590
2020-04-23,1018.82240
2020-04-24,1018.54430
2020-04-27,1018.38360
2020-04-28,1007.98250
2020-04-29,1008.02810
2020-04-30,1008.54290
2020-05-04,1009.21380
2020-05-05,1009.76160
2020-05-06,1010.25390
2020-05-08,1010.94250
2020-05-11,1011.36800
2020-05-12,1012.29590
2020-05-13,1012.73610
2020-05-14,1013.00150
2020-05-15,1013.70080
2020-05-18,1014.91660
2020-05-19,1015.32470
2020-05-20,1015.67020
2020-05-21,1016.27910
2020-05-22,1017.34610
2020-05-26,1018.33450
2020-05-27,1009.36610
2020-05-28,1009.39170
2020-05-29,1009.04980
2020-06-01,1009.44290
2020-06-02,1009.53240
2020-06-03,1009.53350
2020-06-04,1009.57000
2020-06-05,1009.63280
2020-06-08,1010.03050
2020-06-09,1010.12540
2020-06-10,1010.27310
2020-06-11,1010.74680
2020-06-12,1011.05280
2020-06-15,1011.68190
2020-06-16,1011.98630
2020-06-17,1012.23020
2020-06-18,1012.87740
2020-06-19,1013.21060
2020-06-22,1013.36350
2020-06-23,1013.70350
2020-06-24,1013.86010
2020-06-25,1014.04530
2020-06-26,1009.74110
2020-06-29,1009.86720
2020-06-30,1009.99350
2020-07-01,1010.35310
2020-07-02,1010.53330
2020-07-03,1011.02170
2020-07-06,1011.45190
2020-07-07,1011.64920
2020-07-08,1012.01740
2020-07-09,1012.21060
2020-07-10,1012.56400
2020-07-13,1012.93270
2020-07-14,1012.94290
2020-07-15,1013.06610
2020-07-16,1013.17830
2020-07-17,1013.31140
2020-07-20,1013.58980
2020-07-21,1013.71790
2020-07-22,1013.83320
2020-07-23,1013.93270
2020-07-24,1013.94130
2020-07-27,1014.25870
2020-07-28,1009.32610
2020-07-29,1009.39840
2020-07-30,1009.51280
2020-07-31,1009.64980
2020-08-03,1009.89990
2020-08-04,1010.07260
2020-08-05,1010.22740
2020-08-06,1010.36540
2020-08-07,1010.34900
2020-08-10,1010.57580
2020-08-11,1010.71370
2020-08-12,1010.84320
2020-08-13,1010.96140
2020-08-14,1011.16570
2020-08-17,1011.50120
2020-08-18,1011.87470
2020-08-19,1012.06870
2020-08-20,1012.30300
2020-08-21,1012.37930
2020-08-24,1012.60330
2020-08-25,1012.56740
2020-08-26,1009.02470
2020-08-27,1009.14360
2020-08-28,1009.19460
2020-08-31,1009.51140
2020-09-01,1009.75140
2020-09-02,1009.84150
2020-09-03,1009.95140
2020-09-04,1010.05440
2020-09-07,1010.33270
2020-09-08,1010.37460
2020-09-09,1010.47920
2020-09-10,1010.53180
2020-09-11,1010.59590
2020-09-14,1010.92340
2020-09-15,1010.99760
2020-09-16,1011.10410
2020-09-17,1011.26210
2020-09-18,1011.37220
2020-09-21,1011.66700
2020-09-22,1011.75840
2020-09-23,1011.82350
2020-09-24,1011.93890
2020-09-25,1012.04140
2020-09-28,1009.01800
2020-09-29,1009.16300
2020-09-30,1009.40190
2020-10-01,1009.60050
2020-10-05,1010.13580
2020-10-06,1010.30290
2020-10-07,1010.68270
2020-10-08,1010.85490
2020-10-09,1011.02910
2020-10-12,1011.34060
2020-10-13,1011.43970
2020-10-14,1011.70120
2020-10-15,1011.83560
2020-10-16,1011.95400
2020-10-19,1012.31010
2020-10-20,1012.45080
2020-10-21,1012.59380
2020-10-22,1012.71140
2020-10-23,1012.82500
2020-10-26,1013.13410
2020-10-27,1008.73560
2020-10-28,1008.86820
2020-10-29,1008.99200
2020-11-02,1009.34260
2020-11-03,1009.46810
2020-11-04,1009.58590
2020-11-05,1009.70670
2020-11-06,1009.81340
2020-11-09,1010.12130
2020-11-10,1010.23040
2020-11-11,1010.36500
2020-11-12,1010.55060
2020-11-13,1010.67270
2020-11-17,1011.05110
2020-11-18,1011.22610
2020-11-19,1011.41210
2020-11-20,1011.54060
2020-11-23,1011.86230
2020-11-24,1011.95830
2020-11-25,1012.07510
2020-11-26,1008.77870
2020-11-27,1008.89510
2020-12-01,1009.16020
2020-12-02,1009.10160
2020-12-03,1009.12330
2020-12-04,1009.28410
2020-12-07,1009.64930
2020-12-08,1009.62400
2020-12-09,1009.70120
2020-12-10,1009.82000
2020-12-11,1009.95050
2020-12-14,1010.22910
2020-12-15,1010.29840
2020-12-16,1010.34340
2020-12-17,1010.46870
2020-12-18,1010.54980
2020-12-21,1010.79060
2020-12-22,1010.86950
2020-12-23,1010.98180
2020-12-24,1011.07280
2020-12-28,1011.48920
2020-12-29,1008.97050
2020-12-30,1009.08100
2020-12-31,1009.27670
2021-01-01,1009.39180
2021-01-04,1009.78570
2021-01-05,1009.95530
2021-01-06,1010.04360
2021-01-07,1010.08760
2021-01-08,1010.17190
2021-01-11,1010.11710
2021-01-12,1010.20090
2021-01-13,1010.29500
2021-01-14,1010.14690
2021-01-15,1010.31130
2021-01-18,1010.46260
2021-01-19,1010.49280
2021-01-20,1010.63040
2021-01-21,1010.71320
2021-01-22,1010.80480
2021-01-25,1011.07190
2021-01-27,1009.06720
2021-01-28,1009.13870
2021-01-29,1009.34000
2021-02-01,1009.59990
2021-02-02,1009.67320
2021-02-03,1009.73180
2021-02-04,1009.83510
2021-02-05,1009.96720
2021-02-08,1010.25290
2021-02-09,1010.33520
2021-02-10,1010.63220
2021-02-11,1010.73950
2021-02-12,1010.85230
2021-02-15,1011.17800
2021-02-16,1011.31290
2021-02-17,1011.53370
2021-02-18,1011.71030
2021-02-22,1012.05960
2021-02-23,1012.20840
2021-02-24,1012.39120
2021-02-25,1012.51750
2021-02-26,1009.11330
2021-03-01,1009.37190
2021-03-02,1009.46830
2021-03-03,1009.55280
2021-03-04,1009.63460
2021-03-05,1009.71530
2021-03-08,1009.99890
2021-03-09,1010.07720
2021-03-10,1010.25540
2021-03-12,1010.47730
2021-03-15,1010.71190
2021-03-16,1010.83550
2021-03-17,1010.93870
2021-03-18,1011.04640
2021-03-19,1011.25790
2021-03-22,1011.63650
2021-03-23,1011.81970
2021-03-24,1012.14090
2021-03-25,1012.26910
2021-03-26,1009.37510
2021-03-30,1009.88650
2021-03-31,1010.13770
2021-04-05,1010.66720
2021-04-06,1010.88890
2021-04-07,1010.90100
2021-04-08,1010.93820
2021-04-09,1010.89520
2021-04-12,1011.09850
2021-04-15,1011.43260
2021-04-16,1011.56400
2021-04-19,1011.92680
2021-04-20,1012.13500
2021-04-22,1012.44020
2021-04-23,1012.53730
2021-04-26,1012.88910
2021-04-27,1009.50900
2021-04-28,1009.69070
2021-04-29,1009.80150
2021-04-30,1009.89250
2021-05-03,1010.20610
2021-05-04,1010.20780
2021-05-05,1010.29920
2021-05-06,1010.39420
2021-05-07,1010.47500
2021-05-10,1010.66630
2021-05-11,1010.80310
2021-05-12,1010.90140
2021-05-14,1011.10750
2021-05-17,1011.40120
2021-05-18,1011.50320
2021-05-19,1011.61290
2021-05-20,1011.70460
2021-05-21,1011.85420
2021-05-24,1012.13700
2021-05-25,1012.22090
2021-05-27,1009.69590
2021-05-28,1009.80880
2021-05-31,1010.07250
2021-06-01,1010.17940
2021-06-02,1010.24560
2021-06-03,1010.35550
2021-06-04,1010.44100
2021-06-07,1010.76700
2021-06-08,1010.88530
2021-06-09,1011.07030
2021-06-10,1011.20310
2021-06-11,1011.31940
2021-06-14,1011.56000
2021-06-15,1011.63140
2021-06-16,1011.59630
2021-06-17,1011.66210
2021-06-18,1011.77380
2021-06-21,1012.14190
2021-06-22,1012.20860
2021-06-23,1012.27700
2021-06-24,1012.41910
2021-06-25,1012.49260
2021-06-28,1009.97550
2021-06-29,1010.13760
2021-06-30,1010.27300
2021-07-01,1010.50930
2021-07-02,1010.72230
2021-07-05,1011.03140
2021-07-06,1010.97580
2021-07-07,1011.23400
2021-07-08,1011.39870
2021-07-09,1011.50520
2021-07-12,1011.82510
2021-07-13,1011.96340
2021-07-14,1012.10550
2021-07-15,1012.26390
2021-07-16,1012.40800
2021-07-19,1012.62580
2021-07-20,1012.75260
2021-07-22,1012.98800
2021-07-23,1013.14490
2021-07-26,1013.43480
2021-07-27,1010.10910
2021-07-28,1010.18600
2021-07-29,1010.27860
2021-07-30,1010.36570
2021-08-02,1010.65330
2021-08-03,1010.74790
2021-08-04,1010.82650
2021-08-05,1010.94270
2021-08-06,1011.00300
2021-08-09,1011.28120
2021-08-10,1011.41790
2021-08-11,1011.58580
2021-08-12,1011.75720
2021-08-13,1011.93330
2021-08-17,1012.39440
2021-08-18,1012.56440
2021-08-20,1012.81640
2021-08-23,1013.11920
2021-08-24,1013.20400
2021-08-25,1013.32640
2021-08-26,1010.19620
2021-08-27,1010.28990
2021-08-30,1010.59840
2021-08-31,1010.69090
2021-09-01,1010.86750
2021-09-02,1010.99160
2021-09-03,1011.08280
2021-09-06,1011.35120
2021-09-07,1011.44940
2021-09-08,1011.53940
2021-09-09,1011.61090
2021-09-13,1011.99010
2021-09-14,1012.07640
2021-09-15,1012.13520
2021-09-16,1012.24050
2021-09-17,1012.32440
2021-09-20,1012.58620
2021-09-21,1012.67050
2021-09-22,1012.71300
2021-09-23,1012.78080
2021-09-24,1012.75120
2021-09-27,1013.03550
2021-09-28,1010.23840
2021-09-29,1010.20870
2021-09-30,1010.34960
2021-10-01,1010.45900
2021-10-04,1010.77060
2021-10-05,1010.84360
2021-10-06,1010.86430
2021-10-07,1010.96730
2021-10-08,1011.19080
2021-10-11,1011.51140
2021-10-12,1011.63590
2021-10-13,1011.78380
2021-10-14,1011.88270
2021-10-18,1012.11180
2021-10-20,1012.23700
2021-10-21,1012.29660
2021-10-22,1012.37600
2021-10-25,1012.59780
2021-10-26,1010.24790
2021-10-27,1010.13690
2021-10-28,1010.17720
2021-10-29,1010.22210
2021-11-01,1010.46190
2021-11-02,1010.63830
2021-11-03,1010.79960
2021-11-08,1011.47960
2021-11-09,1011.67420
2021-11-10,1011.83590
2021-11-11,1011.98040
2021-11-12,1012.09330
2021-11-15,1012.42530
2021-11-16,1012.52340
2021-11-17,1012.59640
2021-11-18,1012.71250
2021-11-22,1013.11590
2021-11-23,1013.21620
2021-11-24,1013.32960
2021-11-25,1013.42310
2021-11-26,1010.36610
2021-11-29,1010.66010
2021-11-30,1010.78090
2021-12-01,1010.93640
2021-12-02,1011.05130
2021-12-03,1011.15260
2021-12-06,1011.44090
2021-12-07,1011.53090
2021-12-08,1011.81610
2021-12-09,1011.87860
2021-12-10,1011.99280
2021-12-13,1012.30830
2021-12-14,1012.39030
2021-12-15,1012.45570
2021-12-16,1012.42640
2021-12-17,1012.52630
2021-12-20,1012.80520
2021-12-21,1012.86050
2021-12-22,1012.93670
2021-12-23,1012.97530
2021-12-24,1013.13390
2021-12-27,1013.50610
2021-12-28,1010.48210
2021-12-29,1010.58280
2021-12-30,1010.71260
2021-12-31,1010.88420
2022-01-03,1011.41890
2022-01-04,1011.53630
2022-01-05,1011.67820
2022-01-06,1011.81170
2022-01-07,1011.90650
2022-01-10,1012.22080
2022-01-11,1012.34480
2022-01-12,1012.46710
2022-01-13,1012.63110
2022-01-14,1012.74530
2022-01-17,1013.06520
2022-01-18,1013.13580
2022-01-19,1013.12670
2022-01-20,1013.24480
2022-01-21,1013.35790
2022-01-24,1013.67410
2022-01-25,1013.75920
2022-01-27,1010.62000
2022-01-28,1010.71900
2022-01-31,1011.05170
2022-02-01,1011.02240
2022-02-02,1010.92110
2022-02-03,1010.99910
2022-02-04,1011.06160
2022-02-08,1011.52830
2022-02-09,1011.64790
2022-02-10,1012.15230
2022-02-11,1012.33870
2022-02-14,1012.80810
2022-02-15,1012.99450
2022-02-16,1013.20050
2022-02-17,1013.33520
2022-02-18,1013.36920
2022-02-21,1013.66000
2022-02-22,1013.72020
2022-02-23,1013.85350
2022-02-24,1013.95910
2022-02-25,1014.08320
2022-02-28,1010.90510
2022-03-02,1011.06860
2022-03-03,1010.98320
2022-03-04,1011.05630
2022-03-07,1011.30450
2022-03-08,1011.33460
2022-03-09,1011.45190
2022-03-10,1011.63130
2022-03-11,1011.79670
2022-03-14,1012.26450
2022-03-15,1012.50760
2022-03-16,1012.68760
2022-03-17,1012.89120
2022-03-21,1013.40500
2022-03-22,1013.46490
2022-03-23,1013.65580
2022-03-24,1013.88920
2022-03-25,1014.05820
2022-03-28,1011.36130
2022-03-29,1011.51020
2022-03-30,1011.68160
2022-03-31,1011.97860
2022-04-04,1012.50250
2022-04-05,1012.59560
2022-04-06,1012.79590
2022-04-07,1012.97270
2022-04-08,1012.49700
2022-04-11,1012.70780
2022-04-12,1012.88310
2022-04-13,1012.78600
2022-04-18,1013.45300
2022-04-19,1013.72290
2022-04-20,1013.96200
2022-04-21,1014.19000
2022-04-22,1014.26140
2022-04-25,1014.58360
2022-04-26,1011.46880
2022-04-27,1011.58990
2022-04-28,1011.66690
2022-04-29,1011.71820
2022-05-02,1012.08780
2022-05-04,1010.87680
2022-05-05,1010.29680
2022-05-06,1010.27870
2022-05-09,1010.57490
2022-05-10,1010.69330
2022-05-11,1010.58890
2022-05-12,1010.59980
2022-05-13,1010.45900
2022-05-17,1011.00410
2022-05-18,1011.11260
2022-05-19,1011.19350
2022-05-20,1011.27500
2022-05-23,1011.75560
2022-05-24,1011.98690
2022-05-25,1012.18340
2022-05-26,1011.58740
2022-05-27,1011.72450
2022-05-30,1012.13360
2022-05-31,1012.30530
2022-06-01,1012.54870
2022-06-02,1012.66420
2022-06-03,1012.76350
2022-06-06,1013.10870
2022-06-07,1012.69360
2022-06-08,1013.36480
2022-06-09,1013.58950
2022-06-10,1013.75850
2022-06-13,1014.05550
2022-06-14,1014.17850
2022-06-15,1014.22930
2022-06-16,1014.29790
2022-06-17,1014.32610
2022-06-20,1014.77280
2022-06-21,1014.94480
2022-06-22,1015.14320
2022-06-23,1015.37650
2022-06-24,1015.59100
2022-06-27,1016.08090
2022-06-28,1011.73310
2022-06-29,1011.87630
2022-06-30,1012.13720
2022-07-01,1012.40900
2022-07-04,1013.01590
2022-07-05,1013.32410
2022-07-06,1013.63230
2022-07-07,1013.78310
2022-07-08,1013.92950
2022-07-11,1014.31230
2022-07-12,1014.40170
2022-07-13,1014.62050
2022-07-14,1014.73910
2022-07-15,1014.88690
2022-07-18,1015.29560
2022-07-19,1015.33540
2022-07-20,1015.37800
2022-07-21,1015.37600
2022-07-22,1015.53090
2022-07-25,1016.02690
2022-07-26,1011.65990
2022-07-27,1011.60600
2022-07-28,1011.78870
2022-07-29,1012.00540
2022-08-01,1012.71490
2022-08-02,1013.04670
2022-08-03,1013.18220
2022-08-04,1013.36360
2022-08-05,1013.31010
2022-08-08,1013.71840
2022-08-10,1014.05560
2022-08-11,1014.23840
2022-08-12,1014.37850
2022-08-17,1015.30710
2022-08-18,1015.47510
2022-08-19,1015.65690
2022-08-22,1016.11640
2022-08-23,1016.29320
2022-08-24,1016.45700
2022-08-25,1016.57290
2022-08-26,1011.78860
2022-08-29,1012.24970
2022-08-30,1012.38380
2022-09-01,1012.70400
2022-09-02,1012.90640
2022-09-05,1013.46750
2022-09-06,1013.65490
2022-09-07,1013.82080
2022-09-08,1013.98130
2022-09-09,1014.12960
2022-09-12,1014.56110
2022-09-13,1014.65070
2022-09-14,1014.59600
2022-09-15,1014.64150
2022-09-16,1014.74670
2022-09-19,1015.23810
2022-09-20,1015.13260
2022-09-21,1015.07740
2022-09-22,1015.13480
2022-09-23,1015.14400
2022-09-26,1015.23640
2022-09-27,1011.55340
2022-09-28,1011.73800
2022-09-29,1012.22550
2022-09-30,1012.68620
2022-10-03,1013.47170
2022-10-04,1013.77050
2022-10-06,1014.08250
2022-10-07,1014.11250
2022-10-10,1014.34720
2022-10-11,1014.14620
2022-10-12,1014.20300
2022-10-13,1014.33950
2022-10-14,1014.41990
2022-10-17,1014.96750
2022-10-18,1015.16230
2022-10-19,1015.26880
2022-10-20,1015.39000
2022-10-21,1015.44830
2022-10-25,1016.18210
2022-10-27,1012.02520
2022-10-28,1012.13220
2022-10-31,1012.69280
2022-11-01,1012.93680
2022-11-02,1013.16360
2022-11-03,1013.34460
2022-11-04,1013.54020
2022-11-07,1014.09390
2022-11-09,1014.44460
2022-11-10,1014.65770
2022-11-11,1014.95920
2022-11-14,1015.50740
2022-11-15,1015.73250
2022-11-16,1015.97590
2022-11-17,1016.25100
2022-11-18,1016.45280
2022-11-21,1016.99680
2022-11-22,1017.11590
2022-11-23,1017.29500
2022-11-24,1017.46370
2022-11-25,1017.69310
2022-11-28,1012.57640
2022-11-29,1012.79790
2022-11-30,1013.01480
2022-12-01,1013.23830
2022-12-02,1013.43450
2022-12-05,1014.04460
2022-12-06,1014.27280
2022-12-07,1014.28810
2022-12-08,1014.47950
2022-12-09,1014.68220
2022-12-12,1015.25180
2022-12-13,1015.45230
2022-12-14,1015.67520
2022-12-15,1015.82200
2022-12-16,1015.97800
2022-12-19,1016.52640
2022-12-20,1016.68820
2022-12-21,1016.87470
2022-12-22,1017.12200
2022-12-23,1017.33360
2022-12-26,1017.88650
2022-12-27,1012.77680
2022-12-28,1013.06030
2022-12-29,1013.33370
2022-12-30,1013.70480
2023-01-02,1014.37550
2023-01-03,1014.59250
2023-01-04,1014.71140
2023-01-05,1014.91510
2023-01-06,1015.07640
2023-01-09,1015.61760
2023-01-10,1015.75700
2023-01-11,1015.89430
2023-01-12,1016.07310
2023-01-13,1016.17470
2023-01-16,1016.69100
2023-01-17,1016.85100
2023-01-18,1016.99010
2023-01-19,1017.19150
2023-01-20,1017.37910
2023-01-23,1017.82880
2023-01-24,1018.04240
2023-01-25,1018.21800
2023-01-27,1013.19830
2023-01-30,1013.69860
2023-01-31,1013.89780
2023-02-01,1014.15920
2023-02-02,1014.36100
2023-02-03,1014.58960
2023-02-06,1015.14670
2023-02-07,1015.33200
2023-02-08,1015.41310
2023-02-09,1015.55040
2023-02-10,1015.82750
2023-02-13,1016.44580
2023-02-14,1016.54980
2023-02-15,1016.73840
2023-02-16,1016.92560
2023-02-17,1017.09920
2023-02-20,1017.61040
2023-02-21,1017.76380
2023-02-22,1017.85420
2023-02-23,1017.99680
2023-02-24,1018.12390
2023-02-27,1018.59750
2023-02-28,1013.41430
2023-03-01,1013.54980
2023-03-02,1013.64170
2023-03-03,1013.82160
2023-03-06,1014.37620
2023-03-08,1014.73660
2023-03-09,1014.99260
2023-03-10,1015.41820
2023-03-13,1016.41010
2023-03-14,1016.63190
2023-03-15,1016.76160
2023-03-16,1016.93530
2023-03-17,1017.08990
2023-03-20,1017.79120
2023-03-21,1018.17020
2023-03-23,1018.71660
2023-03-24,1018.84140
2023-03-27,1019.17730
2023-03-28,1013.47080
2023-03-29,1014.21460
2023-03-31,1015.47100
2023-04-03,1016.06680
2023-04-05,1016.45200
2023-04-06,1017.18480
2023-04-10,1018.03580
2023-04-11,1018.23680
2023-04-12,1018.61220
2023-04-13,1018.86620
2023-04-17,1019.62620
2023-04-18,1019.94020
2023-04-19,1020.12640
2023-04-20,1020.33310
2023-04-21,1020.51660
2023-04-24,1021.07120
2023-04-25,1021.24920
2023-04-26,1013.65990
2023-04-27,1013.80720
2023-04-28,1013.97130
2023-05-02,1014.61450
2023-05-03,1014.85920
2023-05-04,1015.04240
2023-05-08,1015.87940
2023-05-09,1016.04480
2023-05-10,1016.24020
2023-05-11,1016.40330
2023-05-12,1016.60980
2023-05-15,1017.25760
2023-05-16,1017.58850
2023-05-17,1017.85940
2023-05-18,1018.15280
2023-05-19,1018.40680
2023-05-22,1019.36850
2023-05-23,1019.40940
2023-05-24,1019.54780
2023-05-25,1019.72890
2023-05-26,1013.84740
2023-05-29,1014.32030
2023-05-30,1014.53040
2023-05-31,1014.69820
2023-06-01,1014.99830
2023-06-02,1015.24610
2023-06-05,1015.82980
2023-06-06,1016.06440
2023-06-07,1016.27600
2023-06-08,1016.38080
2023-06-09,1016.46810
2023-06-12,1017.00580
2023-06-13,1017.24220
2023-06-14,1017.52120
2023-06-15,1017.71140
2023-06-16,1017.93640
2023-06-19,1018.52790
2023-06-20,1018.71250
2023-06-21,1018.88410
2023-06-22,1019.10890
2023-06-23,1019.23040
2023-06-26,1019.74940
2023-06-27,1013.98080
2023-06-28,1014.21370
2023-06-30,1014.64300
2023-07-03,1015.33860
2023-07-04,1015.64040
2023-07-05,1015.82950
2023-07-06,1015.99950
2023-07-07,1016.20470
2023-07-10,1016.75210
2023-07-11,1016.97270
2023-07-12,1017.18470
2023-07-13,1017.44990
2023-07-14,1017.68300
2023-07-17,1018.23360
2023-07-18,1018.44220
2023-07-19,1018.60270
2023-07-20,1018.82840
2023-07-21,1019.02610
2023-07-24,1019.58510
2023-07-25,1019.76680
2023-07-26,1014.22370
2023-07-27,1014.37840
2023-07-28,1014.50960
2023-07-31,1015.06470
2023-08-01,1015.28620
2023-08-02,1015.43110
2023-08-03,1015.58100
2023-08-04,1015.72940
2023-08-07,1016.29290
2023-08-08,1016.48710
2023-08-09,1016.66960
2023-08-10,1016.79240
2023-08-11,1016.84800
2023-08-14,1017.37280
2023-08-17,1017.80730
2023-08-18,1018.03050
2023-08-21,1018.64090
2023-08-22,1018.85290
2023-08-23,1019.03570
2023-08-24,1019.24410
2023-08-25,1019.46010
2023-08-28,1014.81240
2023-08-29,1015.01030
2023-08-30,1015.24130
2023-08-31,1015.44250
2023-09-01,1015.68700
2023-09-04,1016.27210
2023-09-05,1016.50520
2023-09-06,1016.67920
2023-09-07,1016.85290
2023-09-08,1017.04370
2023-09-11,1017.59330
2023-09-12,1017.75560
2023-09-13,1017.92780
2023-09-14,1018.13400
2023-09-15,1018.33420
2023-09-18,1018.85440
2023-09-20,1019.24300
2023-09-21,1019.38090
2023-09-22,1019.58020
2023-09-25,1020.16480
2023-09-26,1014.91090
2023-09-27,1015.20650
2023-09-29,1015.67520
2023-10-03,1016.44070
2023-10-04,1016.73500
2023-10-05,1016.93560
2023-10-06,1017.03070
2023-10-09,1017.58110
2023-10-10,1017.73070
2023-10-11,1017.95260
2023-10-12,1018.14910
2023-10-13,1018.30410
2023-10-16,1018.84250
2023-10-17,1019.03140
2023-10-18,1019.23320
2023-10-19,1019.39250
2023-10-20,1019.56390
2023-10-23,1020.09330
2023-10-25,1020.46220
2023-10-26,1015.11900
2023-10-27,1015.31590
2023-10-30,1015.80960
2023-10-31,1016.00240
2023-11-01,1016.25060
2023-11-02,1016.47140
2023-11-03,1016.71550
2023-11-06,1017.33170
2023-11-07,1017.53120
2023-11-08,1017.73780
2023-11-09,1017.87870
2023-11-10,1018.02750
2023-11-13,1018.63850
2023-11-15,1019.02970
2023-11-16,1019.19510
2023-11-17,1019.42960
2023-11-20,1020.01690
2023-11-21,1020.16170
2023-11-22,1020.34650
2023-11-23,1020.50950
2023-11-24,1020.70900
2023-11-28,1021.47670
2023-11-29,1015.29870
2023-11-30,1015.47650
2023-12-01,1015.60300
2023-12-04,1016.19040
2023-12-05,1016.41120
2023-12-06,1016.59850
2023-12-07,1016.81170
2023-12-08,1016.99330
2023-12-11,1017.56560
2023-12-12,1017.65830
2023-12-13,1017.83100
2023-12-14,1018.03630
2023-12-15,1018.21140
2023-12-18,1018.72050
2023-12-19,1018.96410
2023-12-20,1019.19380
2023-12-21,1019.43560
2023-12-22,1019.59200
2023-12-26,1020.41970
2023-12-27,1015.41890
2023-12-28,1015.69380
2023-12-29,1016.13520
2024-01-01,1016.85520
2024-01-02,1017.05210
2024-01-03,1017.26850
2024-01-04,1017.43380
2024-01-05,1017.64370
2024-01-08,1018.23660
2024-01-09,1018.46730
2024-01-10,1018.67040
2024-01-11,1018.84780
2024-01-12,1019.07990
2024-01-15,1019.68570
2024-01-16,1019.81060
2024-01-17,1020.01160
2024-01-18,1020.15530
2024-01-19,1020.37180
2024-01-23,1021.03750
2024-01-24,1021.11700
2024-01-25,1021.31510
2024-01-29,1016.26080
2024-01-30,1016.45840
2024-01-31,1016.66660
2024-02-01,1016.91680
2024-02-02,1017.14760
2024-02-05,1017.71240
2024-02-06,1017.90710
2024-02-07,1018.16910
2024-02-08,1018.39890
2024-02-09,1018.51930
2024-02-12,1019.09560
2024-02-13,1019.25310
2024-02-14,1019.50860
2024-02-15,1019.75140
2024-02-16,1020.02690
2024-02-20,1020.92460
2024-02-21,1021.17140
2024-02-22,1021.62030
2024-02-23,1021.81380
2024-02-26,1022.40030
2024-02-27,1016.45710
2024-02-28,1016.76860
2024-02-29,1016.98360
2024-03-01,1017.25380
2024-03-04,1018.00150
2024-03-05,1018.29920
2024-03-06,1018.58910
2024-03-07,1018.82980
2024-03-11,1019.69180
2024-03-12,1019.96680
2024-03-13,1020.24050
2024-03-14,1020.31840
2024-03-15,1020.49810
2024-03-18,1021.22840
2024-03-19,1021.46550
2024-03-20,1021.69140
2024-03-21,1021.92580
2024-03-22,1022.04950
2024-03-26,1022.72950
2024-03-27,1016.53620
2024-03-28,1017.93550
2024-03-31,1018.49890
2024-04-02,1019.26420
2024-04-03,1019.45620
2024-04-04,1019.81720
2024-04-05,1020.18790
2024-04-08,1020.70330
2024-04-10,1021.36530
2024-04-12,1021.80570
2024-04-15,1022.37180
2024-04-16,1022.57640
2024-04-18,1022.88680
2024-04-19,1022.98940
2024-04-22,1023.49870
2024-04-23,1023.81590
2024-04-24,1023.86760
2024-04-25,1023.95400
2024-04-26,1016.72120
2024-04-29,1017.11590
2024-04-30,1017.26740
2024-05-02,1017.70750
2024-05-03,1017.94720
2024-05-06,1018.60050
2024-05-07,1018.84770
2024-05-08,1018.98010
2024-05-09,1019.08550
2024-05-10,1019.17270
2024-05-13,1019.79140
2024-05-14,1020.08000
2024-05-15,1020.28480
2024-05-16,1020.42320
2024-05-17,1020.59630
2024-05-21,1021.50850
2024-05-22,1021.71160
2024-05-24,1022.11700
2024-05-27,1022.65690
2024-05-28,1016.83160
2024-05-29,1017.05510
2024-05-30,1017.32560
2024-05-31,1017.53780
2024-06-03,1018.14560
2024-06-04,1018.11600
2024-06-05,1018.29540
2024-06-06,1018.53950
2024-06-07,1018.74630
2024-06-10,1019.36580
2024-06-11,1019.67180
2024-06-12,1019.92880
2024-06-13,1020.12810
2024-06-14,1020.31900
2024-06-18,1021.11350
2024-06-19,1021.33350
2024-06-20,1021.58250
2024-06-21,1021.80910
2024-06-24,1022.36650
2024-06-25,1022.50380
2024-06-26,1016.93070
2024-06-27,1017.09400
2024-06-28,1017.51300
2024-07-01,1018.27440
2024-07-02,1018.72710
2024-07-03,1019.02730
2024-07-04,1019.24790
2024-07-05,1019.44880
2024-07-08,1019.98910
2024-07-09,1020.16640
2024-07-10,1020.36610
2024-07-11,1020.59320
2024-07-12,1020.76290
2024-07-15,1021.41310
2024-07-16,1021.60090
2024-07-18,1022.01510
2024-07-19,1022.20840
2024-07-22,1022.79430
2024-07-23,1023.05150
2024-07-24,1023.25920
2024-07-25,1023.42420
2024-07-26,1017.12270
2024-07-29,1017.72210
2024-07-30,1017.89740
2024-07-31,1018.06270
2024-08-01,1018.28480
2024-08-02,1018.47410
2024-08-05,1019.08030
2024-08-06,1019.24440
2024-08-07,1019.43940
2024-08-08,1019.61350
2024-08-09,1019.80240
2024-08-12,1020.33000
2024-08-13,1020.41060
2024-08-14,1020.60800
2024-08-16,1021.01180
2024-08-19,1021.62530
2024-08-20,1021.88130
2024-08-21,1022.16510
2024-08-22,1022.37650
2024-08-23,1022.57130
2024-08-26,1023.10710
2024-08-27,1017.24520
2024-08-28,1017.43670
2024-08-29,1017.56240
2024-08-30,1017.71590
2024-09-02,1018.30580
2024-09-03,1018.53680
2024-09-04,1018.70800
2024-09-05,1018.88240
2024-09-06,1019.04860
2024-09-09,1019.66680
2024-09-10,1019.84740
2024-09-11,1020.02510
2024-09-12,1020.15860
2024-09-13,1020.44690
2024-09-16,1021.01720
2024-09-17,1021.26200
2024-09-19,1021.69580
2024-09-20,1021.91840
2024-09-23,1022.51770
2024-09-24,1022.71750
2024-09-25,1022.88950
2024-09-26,1017.48770
2024-09-27,1017.70790
2024-09-30,1018.75450
2024-10-01,1019.03900
2024-10-03,1019.48840
2024-10-04,1019.74450
2024-10-07,1020.33410
2024-10-08,1020.54960
2024-10-09,1020.90680
2024-10-10,1021.11920
2024-10-11,1021.37570
2024-10-14,1021.90130
2024-10-15,1022.04120
2024-10-16,1022.23360
2024-10-17,1022.41850
2024-10-18,1022.61600
2024-10-21,1023.07730
2024-10-22,1023.26550
2024-10-23,1023.44570
2024-10-24,1023.65540
2024-10-25,1023.87600
2024-10-28,1018.04400
2024-10-29,1018.23690
2024-10-30,1018.43370
2024-10-31,1018.69920
2024-11-04,1019.49950
2024-11-05,1019.73710
2024-11-06,1019.92920
2024-11-07,1020.18050
2024-11-08,1020.37260
2024-11-11,1020.93680
2024-11-12,1021.12280
2024-11-13,1021.33390
2024-11-14,1021.53850
2024-11-18,1022.29080
2024-11-19,1022.49040
2024-11-21,1022.80890
2024-11-22,1023.02120
2024-11-25,1023.60490
2024-11-26,1018.22190
2024-11-27,1018.39570
2024-11-28,1018.53350
2024-11-29,1018.70860
2024-12-02,1019.35090
2024-12-03,1019.56010
2024-12-04,1019.77950
2024-12-05,1020.10920
2024-12-06,1020.36860
2024-12-09,1020.94740
2024-12-10,1021.11970
2024-12-11,1021.30240
2024-12-12,1021.31640
2024-12-13,1021.31470
2024-12-16,1021.93860
2024-12-17,1022.14310
2024-12-18,1022.28350
2024-12-19,1022.36900
2024-12-20,1022.57100
2024-12-23,1022.95540
2024-12-24,1023.05430
2024-12-26,1023.40930
2024-12-27,1018.48780
2024-12-30,1019.04240
2024-12-31,1019.72140
2025-01-01,1019.99260
2025-01-02,1020.25400
2025-01-03,1020.38330
2025-01-06,1020.91910
2025-01-07,1021.03830
2025-01-08,1021.05440
2025-01-09,1021.08020
2025-01-10,1021.36860
2025-01-13,1021.84930
2025-01-14,1021.98440
2025-01-15,1022.31860
2025-01-16,1022.62480
2025-01-17,1022.83580
2025-01-20,1023.40390
2025-01-21,1023.62290
2025-01-22,1023.73630
2025-01-23,1023.86370
2025-01-24,1024.04500
2025-01-27,1024.68480
2025-01-28,1018.74430
2025-01-29,1019.04100
2025-01-30,1019.25050
2025-01-31,1019.49370
2025-02-03,1020.05240
2025-02-04,1020.31910
2025-02-05,1020.62660
2025-02-06,1021.13720
2025-02-07,1021.17940
2025-02-10,1021.50120
2025-02-11,1021.72230
2025-02-12,1021.93970
2025-02-13,1022.21790
2025-02-14,1022.37320
2025-02-17,1022.91450
2025-02-18,1023.10290
2025-02-20,1023.51380
2025-02-21,1023.73500
2025-02-24,1024.46160
2025-02-25,1024.57490
2025-02-27,1019.09940
2025-02-28,1019.25290
2025-03-03,1019.69490
2025-03-04,1019.84120
2025-03-05,1019.88760
2025-03-06,1020.03060
2025-03-07,1020.19750
2025-03-10,1020.86060
2025-03-11,1021.00630
2025-03-12,1021.20370
2025-03-13,1021.44230
2025-03-17,1022.30700
2025-03-18,1022.59870
2025-03-19,1022.96890
2025-03-20,1023.33140
2025-03-21,1024.02950
2025-03-24,1025.14650
2025-03-25,1025.27480
2025-03-26,1019.62950
2025-03-27,1019.78490
2025-03-28,1021.39230
2025-03-31,1021.92250
2025-04-02,1023.62150
2025-04-03,1024.45510
2025-04-04,1024.72360
2025-04-07,1025.29270
2025-04-08,1025.52050
2025-04-09,1026.23480
2025-04-11,1026.89120
2025-04-15,1027.74470
2025-04-16,1027.95080
2025-04-17,1028.25480
2025-04-21,1029.29030
2025-04-22,1029.51080
2025-04-23,1029.71330
2025-04-24,1030.06250
2025-04-25,1030.06820
2025-04-28,1020.16240
2025-04-29,1020.33460
2025-04-30,1020.41360
2025-05-02,1020.89040
2025-05-05,1021.48890
2025-05-06,1021.79010
2025-05-07,1021.96100
2025-05-08,1021.77670
2025-05-09,1021.52080
2025-05-13,1022.67330
2025-05-14,1023.34830
2025-05-15,1023.52880
2025-05-16,1024.01510
2025-05-19,1024.66080
2025-05-20,1025.10150
2025-05-21,1025.42300
2025-05-22,1025.51240
2025-05-23,1025.83940
2025-05-26,1026.36080
2025-05-27,1020.37880
2025-05-28,1020.75390
2025-05-29,1021.04880
2025-05-30,1021.21140
2025-06-02,1021.79910
2025-06-03,1022.26730
2025-06-04,1022.56320
2025-06-05,1022.94830
2025-06-06,1024.51170
2025-06-09,1025.21070
2025-06-10,1024.83300
2025-06-11,1024.51800
2025-06-12,1024.59810
2025-06-13,1024.66990
2025-06-16,1025.17560
2025-06-17,1025.31300
2025-06-18,1025.57010
2025-06-19,1025.77740
2025-06-20,1025.94560
2025-06-23,1026.50750
2025-06-24,1026.72560
2025-06-25,1026.69380
2025-06-26,1020.58970
2025-06-27,1020.86100
2025-06-30,1021.43280
2025-07-01,1022.08770
2025-07-02,1022.75860
2025-07-03,1022.99830
2025-07-04,1023.13770
2025-07-07,1023.64550
2025-07-08,1023.74680
2025-07-09,1023.77430
2025-07-10,1024.00310
2025-07-11,1024.08660
2025-07-14,1024.68680
2025-07-15,1024.87050
2025-07-16,1025.01250
2025-07-17,1025.17330
2025-07-18,1025.35550
2025-07-21,1025.81270
2025-07-22,1025.92230
2025-07-23,1026.14850
2025-07-24,1026.32170
2025-07-25,1026.45260
2025-07-28,1020.96790
2025-07-29,1021.06460
2025-07-30,1021.20570
2025-07-31,1021.38590
2025-08-01,1021.59480
2025-08-04,1022.17730
2025-08-05,1022.40600
2025-08-06,1022.39280
2025-08-07,1022.52440
2025-08-08,1022.64620
2025-08-11,1023.04320
2025-08-12,1023.07110
2025-08-13,1023.18590
2025-08-14,1023.38040
2025-08-18,1024.03580
2025-08-19,1024.25960
2025-08-20,1024.42790
2025-08-21,1024.60680
2025-08-22,1024.76510
2025-08-25,1025.23840
2025-08-26,1021.09570
2025-08-28,1021.38670
2025-08-29,1021.49160
2025-09-01,1021.93900
2025-09-02,1021.99730
2025-09-03,1022.12240
2025-09-04,1022.26020
2025-09-05,1022.41840
2025-09-09,1022.88970
2025-09-10,1023.00270
2025-09-11,1023.21870
2025-09-12,1023.29600
2025-09-15,1023.77140
2025-09-16,1024.03380
2025-09-17,1024.31010
2025-09-18,1024.55930
2025-09-19,1024.72150
2025-09-22,1025.20030
2025-09-23,1025.37020
2025-09-24,1025.49570
2025-09-25,1025.60170
2025-09-26,1021.22120
2025-09-30,1022.19050
2025-10-01,1022.52040
2025-10-03,1022.99190
2025-10-06,1023.56290
2025-10-07,1023.68540
2025-10-08,1023.79440
2025-10-09,1023.93420
2025-10-10,1024.07120
2025-10-13,1024.57060
2025-10-14,1024.72030
2025-10-15,1024.88010
2025-10-16,1024.94520
2025-10-17,1025.06910
2025-10-20,1025.54440
2025-10-23,1026.00250
2025-10-24,1026.12010
2025-10-27,1026.60990
2025-10-28,1021.45730
2025-10-29,1021.62790
2025-10-30,1021.73900
2025-10-31,1021.91080
2025-11-03,1022.42640
2025-11-04,1022.60850
2025-11-06,1022.94560
2025-11-07,1023.11550
2025-11-10,1023.63150
2025-11-11,1023.81370
2025-11-12,1024.05450
2025-11-13,1024.23160
2025-11-14,1024.38590
2025-11-17,1024.87320
2025-11-18,1025.09630
2025-11-19,1025.25900
2025-11-20,1025.41030
2025-11-21,1025.55330
2025-11-24,1026.03110
2025-11-25,1026.28170
2025-11-26,1021.67020
2025-11-27,1021.87170
2025-11-28,1022.03250
2025-12-01,1022.43470
2025-12-02,1022.55970
2025-12-03,1022.62240
2025-12-04,1022.71770
2025-12-05,1023.10680
2025-12-08,1023.60150
2025-12-09,1023.53940
2025-12-10,1023.50110
2025-12-11,1023.59350
2025-12-12,1023.75190
2025-12-15,1024.10470
2025-12-16,1024.25700
2025-12-17,1024.35970
2025-12-18,1024.52080
2025-12-19,1024.68110
2025-12-22,1025.15880
2025-12-23,1025.27590
2025-12-24,1025.74230
2025-12-26,1026.02450
2025-12-29,1022.10480
2025-12-30,1022.07540
2025-12-31,1022.72140
2026-01-01,1022.87360
2026-01-02,1022.91150
2026-01-05,1023.26360
2026-01-06,1023.40790
2026-01-07,1023.22870
2026-01-08,1023.19730
2026-01-09,1023.23400
2026-01-12,1023.72290
2026-01-13,1023.62150
2026-01-14,1023.70590
2026-01-16,1023.72790
2026-01-19,1023.90830
2026-01-20,1023.77610
2026-01-21,1024.05180
2026-01-22,1024.60860
2026-01-23,1024.60280
2026-01-27,1025.22160
2026-01-28,1021.85490
2026-01-29,1021.95270
2026-01-30,1022.43030
2026-02-02,1022.99570
2026-02-03,1023.67380
2026-02-04,1024.03150
2026-02-05,1024.48480
2026-02-06,1024.32010
2026-02-09,1024.70710
2026-02-10,1024.90850
2026-02-11,1025.31320
2026-02-12,1025.81110
2026-02-13,1026.33570
2026-02-16,1026.76920
2026-02-17,1026.80130
2026-02-18,1026.78970
2026-02-20,1027.13870
2026-02-23,1027.63470
2026-02-24,1027.88140
2026-02-25,1028.10990
2026-02-26,1022.09650
2026-02-27,1022.27800
2026-03-02,1022.56780
2026-03-04,1022.38200
2026-03-05,1022.57770
2026-03-06,1022.86580
2026-03-09,1022.95180
2026-03-10,1023.18340
2026-03-11,1023.46000
2026-03-12,1023.25120
2026-03-13,1022.61710
2026-03-16,1023.07120
2026-03-17,1023.52470
2026-03-18,1024.36080
2026-03-20,1024.27610
2026-03-23,1023.69970
2026-03-24,1023.43930
2026-03-25,1023.66820
2026-03-27,1022.85040
2026-03-30,1023.86400
2026-03-31,1024.04770
2026-04-02,1024.39800
2026-04-06,1024.82180
2026-04-07,1025.26140
2026-04-08,1026.82170
2026-04-09,1027.94610
2026-04-10,1028.53470
2026-04-13,1029.12480
2026-04-15,1029.86870
2026-04-16,1030.20620
2026-04-17,1030.13580
2026-04-20,1030.64100
2026-04-21,1030.75420
2026-04-22,1030.83600
2026-04-23,1030.57020
2026-04-24,1030.56980
2026-04-27,1030.67390
2026-04-28,1022.92490
2026-04-29,1022.72870
2026-04-30,1022.50530
2026-05-04,1023.39650
2026-05-05,1023.45900
2026-05-06,1023.92640
2026-05-07,1024.06980
2026-05-08,1024.29920
2026-05-11,1024.39860
2026-05-12,1024.16990
2026-05-13,1024.09480
2026-05-14,1023.88880
2026-05-15,1023.80520
2026-05-18,1023.81530
2026-05-19,1024.01670
2026-05-20,1023.65050
2026-05-21,1022.89860
2026-05-22,1022.79330
2026-05-25,1023.17570
2026-05-26,1022.76810
2026-05-27,1023.17580
2026-05-29,1023.91190
2026-06-01,1024.84570
2026-06-02,1025.14560
2026-06-03,1025.32750
2026-06-04,1025.50020
2026-06-05,1026.68970
2026-06-08,1027.65930
2026-06-09,1028.72910
2026-06-10,1028.93730
2026-06-11,1028.55290
2026-06-12,1028.98900
2026-06-15,1029.97770
2026-06-16,1030.64640
2026-06-17,1030.90620
2026-06-18,1031.18300
2026-06-19,1031.32600
2026-06-22,1031.93950
2026-06-23,1032.15780
2026-06-24,1032.72250
2026-06-25,1033.53920
2026-06-29,1024.06050
2026-06-30,1024.68360
2026-07-01,1025.44860
2026-07-02,1026.06790
2026-07-03,1026.02920
2026-07-06,1026.37170
2026-07-07,1025.76090
2026-07-08,1025.21240
2026-07-09,1025.75700
2026-07-10,1025.94770
2026-07-13,1026.24010
2026-07-14,1025.64490
2026-07-15,1025.80950
2026-07-16,1026.23670
2026-07-17,1026.78560
2026-07-20,1026.98600
2026-07-21,1027.50870
2026-07-22,1027.53410
2026-07-23,1027.82470
2026-07-24,1028.08620
2026-07-27,1028.85590
2026-07-28,1024.29800
2026-07-29,1024.33210
2026-07-30,1024.45620
2026-07-31,1024.82690
2026-08-03,1025.58270
2026-08-04,1025.82550
2026-08-05,1026.29890
2026-08-06,1026.52790
2026-08-07,1026.76490
2026-08-10,1027.46670
2026-08-11,1027.73150
2026-08-12,1027.86560
2026-08-13,1028.10190
2026-08-14,1028.39030
2026-08-17,1028.72970
2026-08-18,1028.84540
2026-08-19,1029.02440
2026-08-20,1028.55890
2026-08-21,1028.50110
2026-08-24,1029.11700
2026-08-25,1029.67020
2026-08-27,1024.77990
2026-08-28,1024.92980
2026-08-31,1025.54630
2026-09-01,1025.89380
2026-09-02,1026.74890
2026-09-03,1027.15310
2026-09-04,1027.42430
2026-09-07,1028.16580
2026-09-08,1028.33750
2026-09-09,1028.37170
