Date,NAV
2006-04-03,13.46000
2006-04-04,13.54000
2006-04-05,13.70000
2006-04-07,13.52000
2006-04-10,13.63000
2006-04-12,13.22000
2006-04-13,12.99000
2006-04-17,13.30000
2006-04-18,13.43000
2006-04-19,13.43000
2006-04-20,13.43000
2006-04-21,13.36000
2006-04-24,13.29000
2006-04-25,13.06000
2006-04-26,13.31000
2006-04-27,13.21000
2006-04-28,13.17000
2006-05-02,13.57000
2006-05-03,13.56000
2006-05-04,13.52000
2006-05-05,13.50000
2006-05-08,13.59000
2006-05-09,13.65000
2006-05-10,13.72000
2006-05-11,13.66000
2006-05-12,13.51000
2006-05-15,13.05000
2006-05-16,12.99000
2006-05-17,13.28000
2006-05-18,12.57000
2006-05-19,12.18000
2006-05-22,11.69000
2006-05-23,11.97000
2006-05-24,11.82000
2006-05-25,11.77000
2006-05-26,11.88000
2006-05-29,11.94000
2006-05-30,11.85000
2006-05-31,11.45000
2006-06-01,11.14000
2006-06-02,11.29000
2006-06-05,11.11000
2006-06-06,10.88000
2006-06-07,10.42000
2006-06-08,9.74000
2006-06-09,10.27000
2006-06-12,10.04000
2006-06-13,9.62000
2006-06-14,9.49000
2006-06-15,9.99000
2006-06-16,10.35000
2006-06-19,10.51000
2006-06-20,10.49000
2006-06-21,10.64000
2006-06-22,10.86000
2006-06-23,10.95000
2006-06-26,10.67000
2006-06-27,10.72000
2006-06-28,10.67000
2006-06-29,10.69000
2006-06-30,10.95000
2006-07-03,11.00000
2006-07-04,11.01000
2006-07-05,11.13000
2006-07-06,11.07000
2006-07-07,10.91000
2006-07-10,11.00000
2006-07-11,10.98000
2006-07-12,11.05000
2006-07-13,11.04000
2006-07-14,10.97000
2006-07-17,10.70000
2006-07-18,10.70000
2006-07-19,10.49000
2006-07-20,10.69000
2006-07-21,10.55000
2006-07-24,10.59000
2006-07-25,10.84000
2006-07-26,11.03000
2006-07-27,11.07000
2006-07-28,11.17000
2006-07-31,11.21000
2006-08-01,11.20000
2006-08-02,11.37000
2006-08-03,10.82000
2006-08-04,10.75000
2006-08-07,10.77000
2006-08-08,10.85000
2006-08-09,11.01000
2006-08-10,11.05000
2006-08-11,11.11000
2006-08-14,11.28000
2006-08-16,11.45000
2006-08-17,11.42000
2006-08-18,11.44000
2006-08-21,11.45000
2006-08-22,11.44000
2006-08-23,11.41000
2006-08-24,11.44000
2006-08-25,11.56000
2006-08-28,11.63000
2006-08-29,11.68000
2006-08-30,11.79000
2006-08-31,11.72000
2006-09-01,11.78000
2006-09-04,11.97000
2006-09-05,11.96000
2006-09-06,12.00000
2006-09-07,12.01000
2006-09-08,12.17000
2006-09-11,11.90000
2006-09-12,11.98000
2006-09-13,12.19000
2006-09-14,12.34000
2006-09-15,12.31000
2006-09-18,12.37000
2006-09-19,12.25000
2006-09-20,12.32000
2006-09-21,12.41000
2006-09-22,12.35000
2006-09-25,12.24000
2006-09-26,12.31000
2006-09-27,12.37000
2006-09-28,12.48000
2006-09-29,12.57000
2006-10-03,12.53000
2006-10-04,12.39000
2006-10-05,12.51000
2006-10-06,12.58000
2006-10-09,12.59000
2006-10-10,12.57000
2006-10-11,12.45000
2006-10-12,12.51000
2006-10-13,12.56000
2006-10-16,12.56000
2006-10-17,12.48000
2006-10-18,12.50000
2006-10-19,12.39000
2006-10-20,12.49000
2006-10-23,12.56000
2006-10-26,12.58000
2006-10-27,12.69000
2006-10-30,12.81000
2006-10-31,12.78000
2006-11-01,12.90000
2006-11-02,12.94000
2006-11-03,12.90000
2006-11-06,12.91000
2006-11-07,12.89000
2006-11-08,12.82000
2006-11-09,12.91000
2006-11-10,13.01000
2006-11-13,13.03000
2006-11-14,12.98000
2006-11-15,12.98000
2006-11-16,12.98000
2006-11-17,12.90000
2006-11-20,12.81000
2006-11-21,12.88000
2006-11-22,12.94000
2006-11-23,13.00000
2006-11-24,13.03000
2006-11-27,13.07000
2006-11-28,13.05000
2006-11-29,12.99000
2006-11-30,12.98000
2006-12-01,13.11000
2006-12-04,12.35000
2006-12-05,12.37000
2006-12-06,12.31000
2006-12-07,12.31000
2006-12-08,12.21000
2006-12-11,11.88000
2006-12-12,11.52000
2006-12-13,11.69000
2006-12-14,11.93000
2006-12-15,12.04000
2006-12-18,12.13000
2006-12-19,11.97000
2006-12-20,11.92000
2006-12-21,11.89000
2006-12-22,12.03000
2006-12-26,12.12000
2006-12-27,12.21000
2006-12-28,12.19000
2006-12-29,12.25000
2007-01-02,12.32000
2007-01-03,12.36000
2007-01-04,12.34000
2007-01-05,12.40000
2007-01-08,12.35000
2007-01-09,12.35000
2007-01-10,12.18000
2007-01-11,12.40000
2007-01-12,12.59000
2007-01-15,12.68000
2007-01-16,12.67000
2007-01-17,12.79000
2007-01-18,12.99000
2007-01-19,12.89000
2007-01-22,12.87000
2007-01-23,12.64000
2007-01-24,12.62000
2007-01-25,12.74000
2007-01-29,12.76000
2007-01-31,12.78000
2007-02-01,12.89000
2007-02-02,12.98000
2007-02-05,12.96000
2007-02-06,12.95000
2007-02-07,13.04000
2007-02-08,13.05000
2007-02-09,12.88000
2007-02-12,12.55000
2007-02-13,12.50000
2007-02-14,12.53000
2007-02-15,12.81000
2007-02-19,12.82000
2007-02-20,12.77000
2007-02-21,12.72000
2007-02-22,12.54000
2007-02-23,12.36000
2007-02-26,12.43000
2007-02-27,12.39000
2007-02-28,12.00000
2007-03-01,12.13000
2007-03-02,12.04000
2007-03-05,10.89000
2007-03-06,10.86000
2007-03-07,10.72000
2007-03-08,10.97000
2007-03-09,10.93000
2007-03-12,10.93000
2007-03-13,11.12000
2007-03-14,10.90000
2007-03-15,10.96000
2007-03-16,10.86000
2007-03-19,11.06000
2007-03-20,11.14000
2007-03-21,11.20000
2007-03-22,11.42000
2007-03-23,11.43000
2007-03-26,11.36000
2007-03-28,11.25000
2007-03-29,11.35000
2007-03-30,11.48000
2007-04-02,11.13000
2007-04-03,11.23000
2007-04-04,11.28000
2007-04-05,11.33000
2007-04-09,11.48000
2007-04-10,11.50000
2007-04-11,11.52000
2007-04-12,11.45000
2007-04-13,11.60000
2007-04-16,11.80000
2007-04-17,11.73000
2007-04-18,11.82000
2007-04-19,11.83000
2007-04-20,11.96000
2007-04-23,11.95000
2007-04-24,12.03000
2007-04-25,12.11000
2007-04-26,12.06000
2007-04-27,11.93000
2007-04-30,12.01000
2007-05-03,12.26000
2007-05-04,12.25000
2007-05-07,12.28000
2007-05-08,12.17000
2007-05-09,12.19000
2007-05-10,12.21000
2007-05-11,12.31000
2007-05-14,12.48000
2007-05-15,12.49000
2007-05-16,12.69000
2007-05-17,12.77000
2007-05-18,12.70000
2007-05-21,12.78000
2007-05-22,12.79000
2007-05-23,12.74000
2007-05-24,12.71000
2007-05-25,12.81000
2007-05-28,12.80000
2007-05-29,12.98000
2007-05-30,12.84000
2007-05-31,12.90000
2007-06-01,12.95000
2007-06-04,12.88000
2007-06-05,12.86000
2007-06-06,12.67000
2007-06-07,12.62000
2007-06-08,12.54000
2007-06-11,11.75000
2007-06-12,11.69000
2007-06-13,11.64000
2007-06-14,11.77000
2007-06-15,11.82000
2007-06-18,11.78000
2007-06-19,11.89000
2007-06-20,11.94000
2007-06-21,12.02000
2007-06-22,12.11000
2007-06-25,12.16000
2007-06-26,12.20000
2007-06-27,12.16000
2007-06-28,12.23000
2007-06-29,12.34000
2007-07-02,12.33000
2007-07-03,12.40000
2007-07-04,12.40000
2007-07-05,12.36000
2007-07-06,12.35000
2007-07-09,12.42000
2007-07-10,12.40000
2007-07-11,12.42000
2007-07-12,12.53000
2007-07-13,12.64000
2007-07-16,12.69000
2007-07-17,12.62000
2007-07-18,12.59000
2007-07-19,12.65000
2007-07-20,12.67000
2007-07-23,12.77000
2007-07-24,12.70000
2007-07-25,12.70000
2007-07-26,12.85000
2007-07-27,12.51000
2007-07-30,12.58000
2007-07-31,12.75000
2007-08-01,12.34000
2007-08-02,12.41000
2007-08-03,12.56000
2007-08-06,12.45000
2007-08-07,12.53000
2007-08-08,12.73000
2007-08-09,12.49000
2007-08-10,12.35000
2007-08-13,12.51000
2007-08-14,12.54000
2007-08-16,12.15000
2007-08-17,11.96000
2007-08-20,12.20000
2007-08-21,11.80000
2007-08-22,11.97000
2007-08-23,11.81000
2007-08-24,12.01000
2007-08-27,12.26000
2007-08-28,12.30000
2007-08-29,12.41000
2007-08-30,12.44000
2007-08-31,12.64000
2007-09-03,12.79000
2007-09-04,12.88000
2007-09-05,12.91000
2007-09-06,13.03000
2007-09-07,13.02000
2007-09-10,13.02000
2007-09-11,13.05000
2007-09-12,13.07000
2007-09-13,13.12000
2007-09-14,12.97000
2007-09-17,12.99000
2007-09-18,12.31000
2007-09-19,12.61000
2007-09-20,12.61000
2007-09-21,12.75000
2007-09-24,12.93000
2007-09-25,12.96000
2007-09-26,13.11000
2007-09-27,13.15000
2007-09-28,13.35000
2007-10-01,13.55000
2007-10-03,13.80000
2007-10-04,13.89000
2007-10-05,13.69000
2007-10-08,13.24000
2007-10-09,13.76000
2007-10-10,14.06000
2007-10-11,14.25000
2007-10-12,14.19000
2007-10-15,14.79000
2007-10-16,15.04000
2007-10-17,14.69000
2007-10-18,14.28000
2007-10-19,13.87000
2007-10-22,13.83000
2007-10-23,14.38000
2007-10-24,14.50000
2007-10-25,14.73000
2007-10-26,15.03000
2007-10-29,15.38000
2007-10-30,15.35000
2007-10-31,15.46000
2007-11-01,15.31000
2007-11-02,15.56000
2007-11-05,15.59000
2007-11-06,15.60000
2007-11-07,15.51000
2007-11-08,15.36000
2007-11-12,15.35000
2007-11-13,15.58000
2007-11-14,15.95000
2007-11-15,15.96000
2007-11-16,16.07000
2007-11-19,16.26000
2007-11-20,15.98000
2007-11-21,15.20000
2007-11-22,14.92000
2007-11-23,15.06000
2007-11-26,15.27000
2007-11-27,15.22000
2007-11-28,15.19000
2007-11-29,15.07000
2007-11-30,15.41000
2007-12-03,15.74000
2007-12-04,15.97000
2007-12-05,16.25000
2007-12-06,16.23000
2007-12-07,16.20000
2007-12-10,16.27000
2007-12-11,16.47000
2007-12-12,16.62000
2007-12-13,16.61000
2007-12-14,16.70000
2007-12-17,16.03000
2007-12-18,15.98000
2007-12-19,15.96000
2007-12-20,15.99000
2007-12-24,16.41000
2007-12-26,16.69000
2007-12-27,16.72000
2007-12-28,16.92000
2007-12-31,17.23000
2008-01-01,17.33000
2008-01-02,17.46000
2008-01-03,17.56000
2008-01-04,17.62000
2008-01-07,17.52000
2008-01-08,17.21000
2008-01-09,17.09000
2008-01-10,16.63000
2008-01-11,16.68000
2008-01-14,16.91000
2008-01-15,16.66000
2008-01-16,16.31000
2008-01-17,16.36000
2008-01-18,15.60000
2008-01-21,13.90000
2008-01-22,12.89000
2008-01-23,13.82000
2008-01-24,12.48000
2008-01-25,13.43000
2008-01-28,13.42000
2008-01-29,13.48000
2008-01-30,13.09000
2008-01-31,13.00000
2008-02-01,13.26000
2008-02-04,13.68000
2008-02-05,13.84000
2008-02-06,13.74000
2008-02-07,13.33000
2008-02-08,13.13000
2008-02-11,12.43000
2008-02-12,12.33000
2008-02-13,12.46000
2008-02-14,13.05000
2008-02-15,13.36000
2008-02-18,13.55000
2008-02-19,13.58000
2008-02-20,13.33000
2008-02-21,13.36000
2008-02-22,13.21000
2008-02-25,13.28000
2008-02-26,13.44000
2008-02-27,13.56000
2008-02-28,13.61000
2008-02-29,13.55000
2008-03-03,12.94000
2008-03-04,12.69000
2008-03-05,12.65000
2008-03-07,12.24000
2008-03-10,12.21000
2008-03-11,12.56000
2008-03-12,12.55000
2008-03-13,11.92000
2008-03-14,12.08000
2008-03-17,11.33000
2008-03-18,11.26000
2008-03-19,11.25000
2008-03-24,11.14000
2008-03-25,11.75000
2008-03-26,11.77000
2008-03-27,11.67000
2008-03-28,12.05000
2008-03-31,11.83000
2008-04-01,11.71000
2008-04-02,11.77000
2008-04-03,11.75000
2008-04-04,11.56000
2008-04-07,11.83000
2008-04-08,11.83000
2008-04-09,11.95000
2008-04-10,11.94000
2008-04-11,12.02000
2008-04-15,12.13000
2008-04-16,12.22000
2008-04-17,12.46000
2008-04-21,12.70000
2008-04-22,12.77000
2008-04-23,12.67000
2008-04-24,12.56000
2008-04-25,12.71000
2008-04-28,12.71000
2008-04-29,12.92000
2008-04-30,12.88000
2008-05-02,13.05000
2008-05-05,13.04000
2008-05-06,12.93000
2008-05-07,12.87000
2008-05-08,12.76000
2008-05-09,12.56000
2008-05-12,11.88000
2008-05-13,11.82000
2008-05-14,11.92000
2008-05-15,12.04000
2008-05-16,12.23000
2008-05-20,12.12000
2008-05-21,12.21000
2008-05-22,12.05000
2008-05-23,11.91000
2008-05-26,11.68000
2008-05-27,11.65000
2008-05-28,11.93000
2008-05-29,11.79000
2008-05-30,11.88000
2008-06-02,11.54000
2008-06-03,11.49000
2008-06-04,11.22000
2008-06-05,11.38000
2008-06-06,11.28000
2008-06-09,11.08000
2008-06-10,10.97000
2008-06-11,11.11000
2008-06-12,11.14000
2008-06-13,11.19000
2008-06-16,11.26000
2008-06-17,11.44000
2008-06-18,11.38000
2008-06-19,11.19000
2008-06-20,10.91000
2008-06-23,10.65000
2008-06-24,10.51000
2008-06-25,10.53000
2008-06-26,10.65000
2008-06-27,10.31000
2008-06-30,10.12000
2008-07-01,9.82000
2008-07-02,10.13000
2008-07-03,9.88000
2008-07-04,10.01000
2008-07-07,10.09000
2008-07-08,10.06000
2008-07-09,10.39000
2008-07-10,10.43000
2008-07-11,10.20000
2008-07-14,10.12000
2008-07-15,9.79000
2008-07-16,9.69000
2008-07-17,9.90000
2008-07-18,10.09000
2008-07-21,10.23000
2008-07-22,10.44000
2008-07-23,10.84000
2008-07-24,10.76000
2008-07-25,10.65000
2008-07-28,10.74000
2008-07-29,10.50000
2008-07-30,10.71000
2008-07-31,10.74000
2008-08-01,10.95000
2008-08-04,11.02000
2008-08-05,11.13000
2008-08-06,11.10000
2008-08-07,11.13000
2008-08-08,11.20000
2008-08-11,11.34000
2008-08-12,11.21000
2008-08-13,11.15000
2008-08-14,11.03000
2008-08-18,10.96000
2008-08-19,10.90000
2008-08-20,10.94000
2008-08-21,10.74000
2008-08-22,10.73000
2008-08-25,10.78000
2008-08-26,10.79000
2008-08-27,10.73000
2008-08-28,10.65000
2008-08-29,10.88000
2008-09-01,10.85000
2008-09-02,11.08000
2008-09-04,11.00000
2008-09-05,10.88000
2008-09-08,11.00000
2008-09-09,10.95000
2008-09-10,10.86000
2008-09-11,10.74000
2008-09-12,10.61000
2008-09-15,10.35000
2008-09-16,10.35000
2008-09-17,10.21000
2008-09-18,10.19000
2008-09-19,10.47000
2008-09-22,10.50000
2008-09-23,10.37000
2008-09-24,10.38000
2008-09-25,10.29000
2008-09-26,10.11000
2008-09-29,9.88000
2008-09-30,10.04000
2008-10-01,10.14000
2008-10-03,9.88000
2008-10-06,9.50000
2008-10-07,9.43000
2008-10-08,9.17000
2008-10-10,8.82000
2008-10-13,9.18000
2008-10-14,9.23000
2008-10-15,8.97000
2008-10-16,8.99000
2008-10-17,8.73000
2008-10-20,8.81000
2008-10-21,9.03000
2008-10-22,8.77000
2008-10-23,8.55000
2008-10-24,7.92000
2008-10-27,7.71000
2008-10-29,8.06000
2008-10-31,8.36000
2008-11-03,8.63000
2008-11-04,8.86000
2008-11-05,8.62000
2008-11-06,8.44000
2008-11-07,8.60000
2008-11-10,8.88000
2008-11-11,8.56000
2008-11-12,8.42000
2008-11-14,8.31000
2008-11-17,8.17000
2008-11-18,7.99000
2008-11-19,7.94000
2008-11-20,7.78000
2008-11-21,7.96000
2008-11-24,7.98000
2008-11-25,7.91000
2008-11-26,8.03000
2008-11-28,8.06000
2008-12-01,7.95000
2008-12-02,7.88000
2008-12-03,7.91000
2008-12-04,8.10000
2008-12-05,7.99000
2008-12-08,8.06000
2008-12-10,8.24000
2008-12-11,8.24000
2008-12-12,8.26000
2008-12-15,8.40000
2008-12-16,8.52000
2008-12-17,8.41000
2008-12-18,8.59000
2008-12-19,8.65000
2008-12-22,8.57000
2008-12-23,8.45000
2008-12-24,8.41000
2008-12-26,8.31000
2008-12-29,8.39000
2008-12-30,8.51000
2008-12-31,8.52000
2009-01-01,8.66000
2009-01-02,8.73000
2009-01-05,8.86000
2009-01-06,8.85000
2009-01-07,8.55000
2009-01-09,8.52000
2009-01-12,8.39000
2009-01-13,8.37000
2009-01-14,8.50000
2009-01-15,8.35000
2009-01-16,8.47000
2009-01-19,8.49000
2009-01-20,8.41000
2009-01-21,8.31000
2009-01-22,8.28000
2009-01-23,8.18000
2009-01-27,8.24000
2009-01-28,8.39000
2009-01-29,8.40000
2009-01-30,8.48000
2009-02-02,8.39000
2009-02-03,8.40000
2009-02-04,8.41000
2009-02-05,8.38000
2009-02-06,8.50000
2009-02-09,8.61000
2009-02-10,8.65000
2009-02-11,8.65000
2009-02-12,8.60000
2009-02-13,8.68000
2009-02-16,8.52000
2009-02-17,8.36000
2009-02-18,8.32000
2009-02-19,8.33000
2009-02-20,8.26000
2009-02-24,8.19000
2009-02-25,8.22000
2009-02-26,8.21000
2009-02-27,8.22000
2009-03-02,8.05000
2009-03-03,7.93000
2009-03-04,7.95000
2009-03-05,7.83000
2009-03-06,7.86000
2009-03-09,7.76000
2009-03-12,7.88000
2009-03-13,8.06000
2009-03-16,8.20000
2009-03-17,8.14000
2009-03-18,8.20000
2009-03-19,8.22000
2009-03-20,8.21000
2009-03-23,8.46000
2009-03-24,8.44000
2009-03-25,8.52000
2009-03-26,8.71000
2009-03-27,8.83000
2009-03-30,8.57000
2009-03-31,8.68000
2009-04-01,8.76000
2009-04-02,9.00000
2009-04-06,9.07000
2009-04-08,9.22000
2009-04-09,9.27000
2009-04-13,9.37000
2009-04-15,9.54000
2009-04-16,9.39000
2009-04-17,9.48000
2009-04-20,9.49000
2009-04-21,9.44000
2009-04-22,9.38000
2009-04-23,9.53000
2009-04-24,9.64000
2009-04-27,9.61000
2009-04-28,9.42000
2009-04-29,9.62000
2009-05-04,9.97000
2009-05-05,9.99000
2009-05-06,9.90000
2009-05-07,9.98000
2009-05-08,9.90000
2009-05-11,9.82000
2009-05-12,9.97000
2009-05-13,9.93000
2009-05-14,9.97000
2009-05-15,10.05000
2009-05-19,11.14000
2009-05-20,11.23000
2009-05-21,11.22000
2009-05-22,11.25000
2009-05-25,11.33000
2009-05-26,11.15000
2009-05-27,11.41000
2009-05-28,11.48000
2009-05-29,11.71000
2009-06-01,11.52000
2009-06-02,11.56000
2009-06-03,11.59000
2009-06-04,11.66000
2009-06-05,11.69000
2009-06-08,11.31000
2009-06-09,11.52000
2009-06-10,11.69000
2009-06-11,11.65000
2009-06-12,11.53000
2009-06-15,11.45000
2009-06-16,11.59000
2009-06-17,11.27000
2009-06-18,11.10000
2009-06-19,11.23000
2009-06-22,11.17000
2009-06-23,11.16000
2009-06-24,11.30000
2009-06-25,11.22000
2009-06-26,11.44000
2009-06-29,11.52000
2009-06-30,11.36000
2009-07-01,11.47000
2009-07-02,11.59000
2009-07-03,11.74000
2009-07-06,11.24000
2009-07-07,11.32000
2009-07-08,11.16000
2009-07-09,11.17000
2009-07-10,11.02000
2009-07-13,10.92000
2009-07-14,11.25000
2009-07-15,11.54000
2009-07-16,11.56000
2009-07-17,11.84000
2009-07-20,12.15000
2009-07-21,12.06000
2009-07-22,11.96000
2009-07-23,12.18000
2009-07-24,12.28000
2009-07-27,11.83000
2009-07-28,11.86000
2009-07-29,11.76000
2009-07-30,11.93000
2009-07-31,12.07000
2009-08-03,12.18000
2009-08-04,12.16000
2009-08-05,12.21000
2009-08-06,11.97000
2009-08-07,11.76000
2009-08-10,11.60000
2009-08-11,11.68000
2009-08-12,11.59000
2009-08-13,11.91000
2009-08-14,11.88000
2009-08-17,11.53000
2009-08-18,11.68000
2009-08-19,11.53000
2009-08-20,11.66000
2009-08-21,11.82000
2009-08-24,12.00000
2009-08-25,11.97000
2009-08-26,12.04000
2009-08-27,12.08000
2009-08-28,12.15000
2009-08-31,12.10000
2009-09-01,12.02000
2009-09-02,12.01000
2009-09-03,12.07000
2009-09-04,12.23000
2009-09-07,12.51000
2009-09-08,12.47000
2009-09-09,12.44000
2009-09-10,12.46000
2009-09-11,12.52000
2009-09-14,12.53000
2009-09-15,12.79000
2009-09-16,12.96000
2009-09-17,13.03000
2009-09-18,13.08000
2009-09-22,13.24000
2009-09-23,13.12000
2009-09-24,13.15000
2009-09-25,13.11000
2009-09-29,13.22000
2009-09-30,13.40000
2009-10-01,13.38000
2009-10-05,13.25000
2009-10-06,13.35000
2009-10-07,13.34000
2009-10-08,13.42000
2009-10-09,13.32000
2009-10-12,13.54000
2009-10-14,13.74000
2009-10-15,13.76000
2009-10-16,13.85000
2009-10-20,13.85000
2009-10-21,13.70000
2009-10-22,13.55000
2009-10-23,13.66000
2009-10-26,13.59000
2009-10-27,13.25000
2009-10-28,13.16000
2009-10-29,13.05000
2009-10-30,13.03000
2009-11-03,12.75000
2009-11-04,13.05000
2009-11-05,13.20000
2009-11-06,13.27000
2009-11-09,13.52000
2009-11-10,13.48000
2009-11-11,13.75000
2009-11-12,13.61000
2009-11-13,13.71000
2009-11-16,13.33000
2009-11-17,13.40000
2009-11-18,13.42000
2009-11-19,13.30000
2009-11-20,13.45000
2009-11-23,13.57000
2009-11-24,13.59000
2009-11-25,13.70000
2009-11-26,13.49000
2009-11-27,13.33000
2009-11-30,13.51000
2009-12-01,13.68000
2009-12-02,13.70000
2009-12-03,13.75000
2009-12-04,13.71000
2009-12-07,13.69000
2009-12-08,13.82000
2009-12-09,13.74000
2009-12-10,13.78000
2009-12-11,13.74000
2009-12-14,13.73000
2009-12-15,13.58000
2009-12-16,13.61000
2009-12-17,13.66000
2009-12-18,13.56000
2009-12-21,13.48000
2009-12-22,13.60000
2009-12-23,13.92000
2009-12-24,14.03000
2009-12-29,14.05000
2009-12-30,14.06000
2009-12-31,14.14000
2010-01-04,14.25000
2010-01-05,14.36000
2010-01-06,14.34000
2010-01-07,14.28000
2010-01-08,14.20000
2010-01-11,14.32000
2010-01-12,14.21000
2010-01-13,14.31000
2010-01-14,14.38000
2010-01-15,14.40000
2010-01-18,14.51000
2010-01-19,14.37000
2010-01-20,14.37000
2010-01-21,14.09000
2010-01-22,13.92000
2010-01-25,13.78000
2010-01-27,13.35000
2010-01-28,13.38000
2010-01-29,13.48000
2010-02-01,13.63000
2010-02-02,13.47000
2010-02-03,13.69000
2010-02-04,13.53000
2010-02-05,13.25000
2010-02-08,13.35000
2010-02-09,13.43000
2010-02-10,13.41000
2010-02-11,13.54000
2010-02-15,13.49000
2010-02-16,13.64000
2010-02-17,13.73000
2010-02-18,13.73000
2010-02-19,13.64000
2010-02-22,13.64000
2010-02-23,13.62000
2010-02-24,13.59000
2010-02-25,13.58000
2010-02-26,13.71000
2010-03-02,13.91000
2010-03-03,14.06000
2010-03-04,14.10000
2010-03-05,14.15000
2010-03-08,14.26000
2010-03-09,14.21000
2010-03-10,14.22000
2010-03-11,14.22000
2010-03-12,14.24000
2010-03-15,14.17000
2010-03-16,14.26000
2010-03-17,14.34000
2010-03-18,13.87000
2010-03-19,13.88000
2010-03-22,13.78000
2010-03-23,13.81000
2010-03-25,13.83000
2010-03-26,13.93000
2010-03-29,14.01000
2010-03-30,13.99000
2010-03-31,14.03000
2010-04-01,14.14000
2010-04-05,14.29000
2010-04-06,14.30000
2010-04-07,14.34000
2010-04-08,14.22000
2010-04-09,14.31000
2010-04-12,14.21000
2010-04-13,14.18000
2010-04-15,14.10000
2010-04-16,14.09000
2010-04-19,13.97000
2010-04-20,14.09000
2010-04-21,14.15000
2010-04-22,14.21000
2010-04-23,14.26000
2010-04-26,14.35000
2010-04-27,14.35000
2010-04-28,14.24000
2010-04-29,14.28000
2010-04-30,14.41000
2010-05-03,14.33000
2010-05-04,14.16000
2010-05-05,14.19000
2010-05-06,14.17000
2010-05-07,13.93000
2010-05-10,14.26000
2010-05-11,14.16000
2010-05-12,14.23000
2010-05-13,14.33000
2010-05-14,14.19000
2010-05-17,14.11000
2010-05-18,14.16000
2010-05-19,13.82000
2010-05-20,13.93000
2010-05-21,13.83000
2010-05-24,13.78000
2010-05-25,13.45000
2010-05-26,13.69000
2010-05-27,13.92000
2010-05-28,14.06000
2010-05-31,14.18000
2010-06-01,13.95000
2010-06-02,14.06000
2010-06-03,14.24000
2010-06-04,14.26000
2010-06-07,14.07000
2010-06-08,13.98000
2010-06-09,14.04000
2010-06-10,14.19000
2010-06-11,14.25000
2010-06-14,14.41000
2010-06-15,14.42000
2010-06-16,14.45000
2010-06-17,14.49000
2010-06-18,14.46000
2010-06-21,14.65000
2010-06-22,14.59000
2010-06-23,14.65000
2010-06-24,14.64000
2010-06-25,14.63000
2010-06-28,14.78000
2010-06-29,14.69000
2010-06-30,14.76000
2010-07-01,14.68000
2010-07-02,14.67000
2010-07-05,14.68000
2010-07-06,14.77000
2010-07-07,14.70000
2010-07-08,14.85000
2010-07-09,14.92000
2010-07-12,14.92000
2010-07-13,14.92000
2010-07-14,14.84000
2010-07-15,14.79000
2010-07-16,14.86000
2010-07-19,14.87000
2010-07-20,14.82000
2010-07-21,14.91000
2010-07-22,15.01000
2010-07-23,14.99000
2010-07-26,14.89000
2010-07-27,14.97000
2010-07-28,14.47000
2010-07-29,14.56000
2010-07-30,14.51000
2010-08-02,14.66000
2010-08-03,14.72000
2010-08-04,14.77000
2010-08-05,14.75000
2010-08-06,14.75000
2010-08-09,14.91000
2010-08-10,14.84000
2010-08-11,14.77000
2010-08-12,14.80000
2010-08-13,14.90000
2010-08-16,14.89000
2010-08-17,14.95000
2010-08-18,15.12000
2010-08-19,15.28000
2010-08-20,15.25000
2010-08-23,15.33000
2010-08-24,15.22000
2010-08-25,15.11000
2010-08-26,15.16000
2010-08-27,15.05000
2010-08-30,15.09000
2010-08-31,15.08000
2010-09-01,15.21000
2010-09-02,15.24000
2010-09-03,15.31000
2010-09-06,15.51000
2010-09-07,15.58000
2010-09-08,15.63000
2010-09-09,15.70000
2010-09-13,15.95000
2010-09-14,15.94000
2010-09-15,16.02000
2010-09-16,15.91000
2010-09-17,16.05000
2010-09-20,16.23000
2010-09-21,16.22000
2010-09-22,16.19000
2010-09-23,16.14000
2010-09-24,16.27000
2010-09-27,16.33000
2010-09-28,16.33000
2010-09-29,16.28000
2010-09-30,16.27000
2010-10-01,16.50000
2010-10-04,16.56000
2010-10-05,16.58000
2010-10-06,16.69000
2010-10-07,16.55000
2010-10-08,16.50000
2010-10-11,16.58000
2010-10-12,16.53000
2010-10-13,16.78000
2010-10-14,16.66000
2010-10-15,16.42000
2010-10-18,16.47000
2010-10-19,16.41000
2010-10-20,16.39000
2010-10-21,16.58000
2010-10-22,16.60000
2010-10-25,16.71000
2010-10-26,16.59000
2010-10-27,16.42000
2010-10-28,16.40000
2010-10-29,16.38000
2010-11-01,16.59000
2010-11-02,16.72000
2010-11-03,16.84000
2010-11-04,17.10000
2010-11-08,17.09000
2010-11-09,17.13000
2010-11-10,17.12000
2010-11-11,16.91000
2010-11-12,16.62000
2010-11-15,16.69000
2010-11-16,16.40000
2010-11-18,16.42000
2010-11-19,16.15000
2010-11-22,16.36000
2010-11-23,16.18000
2010-11-24,16.00000
2010-11-25,15.85000
2010-11-26,15.81000
2010-11-29,15.93000
2010-11-30,16.01000
2010-12-01,16.26000
2010-12-02,16.33000
2010-12-03,16.23000
2010-12-06,16.14000
2010-12-07,16.08000
2010-12-08,15.95000
2010-12-09,15.62000
2010-12-10,15.83000
2010-12-13,15.94000
2010-12-14,16.08000
2010-12-15,15.94000
2010-12-16,16.03000
2010-12-20,16.05000
2010-12-21,16.13000
2010-12-22,15.48000
2010-12-23,15.48000
2010-12-24,15.48000
2010-12-27,15.48000
2010-12-28,15.45000
2010-12-29,15.54000
2010-12-30,15.62000
2010-12-31,15.72000
2011-01-03,15.74000
2011-01-04,15.72000
2011-01-05,15.58000
2011-01-06,15.44000
2011-01-07,15.17000
2011-01-10,14.93000
2011-01-11,14.94000
2011-01-12,15.12000
2011-01-13,14.94000
2011-01-14,14.76000
2011-01-17,14.77000
2011-01-18,14.88000
2011-01-19,14.83000
2011-01-20,14.84000
2011-01-21,14.83000
2011-01-24,14.95000
2011-01-25,14.91000
2011-01-27,14.74000
2011-01-28,14.54000
2011-01-31,14.53000
2011-02-01,14.33000
2011-02-02,14.32000
2011-02-03,14.44000
2011-02-04,14.20000
2011-02-07,14.17000
2011-02-08,13.98000
2011-02-09,13.84000
2011-02-10,13.74000
2011-02-11,13.94000
2011-02-14,14.26000
2011-02-15,14.34000
2011-02-16,14.30000
2011-02-17,14.41000
2011-02-18,14.21000
2011-02-21,14.32000
2011-02-22,14.17000
2011-02-23,14.06000
2011-02-24,13.73000
2011-02-25,13.79000
2011-02-28,13.87000
2011-03-01,14.27000
2011-03-03,14.27000
2011-03-04,14.31000
2011-03-07,14.19000
2011-03-08,14.29000
2011-03-09,14.33000
2011-03-10,14.29000
2011-03-11,14.20000
2011-03-14,14.34000
2011-03-15,14.16000
2011-03-16,14.30000
2011-03-17,14.21000
2011-03-18,14.11000
2011-03-21,14.08000
2011-03-22,14.17000
2011-03-23,14.28000
2011-03-24,14.37000
2011-03-25,14.63000
2011-03-28,14.68000
2011-03-29,14.75000
2011-03-30,14.96000
2011-03-31,15.07000
2011-04-01,15.09000
2011-04-04,15.27000
2011-04-05,15.32000
2011-04-06,15.33000
2011-04-07,15.36000
2011-04-08,15.26000
2011-04-11,15.17000
2011-04-13,15.40000
2011-04-15,15.23000
2011-04-18,15.07000
2011-04-19,15.08000
2011-04-20,15.29000
2011-04-21,15.31000
2011-04-25,15.36000
2011-04-26,15.37000
2011-04-27,15.36000
2011-04-28,15.28000
2011-04-29,15.21000
2011-05-02,15.08000
2011-05-03,14.84000
2011-05-04,14.75000
2011-05-05,14.57000
2011-05-06,14.77000
2011-05-09,14.76000
2011-05-10,14.79000
2011-05-11,14.84000
2011-05-12,14.71000
2011-05-13,14.82000
2011-05-16,14.73000
2011-05-17,14.56000
2011-05-18,14.49000
2011-05-19,14.47000
2011-05-20,14.52000
2011-05-23,14.33000
2011-05-24,14.34000
2011-05-25,14.28000
2011-05-26,14.36000
2011-05-27,14.48000
2011-05-30,14.49000
2011-05-31,14.17000
2011-06-01,14.30000
2011-06-02,14.23000
2011-06-03,14.17000
2011-06-06,14.16000
2011-06-07,14.21000
2011-06-08,14.19000
2011-06-09,14.17000
2011-06-10,14.11000
2011-06-13,14.14000
2011-06-14,14.19000
2011-06-15,14.10000
2011-06-16,14.02000
2011-06-17,13.93000
2011-06-20,13.67000
2011-06-21,13.69000
2011-06-22,13.69000
2011-06-23,13.73000
2011-06-24,14.07000
2011-06-27,14.19000
2011-06-28,14.20000
2011-06-29,14.26000
2011-06-30,14.33000
2011-07-01,14.36000
2011-07-04,14.42000
2011-07-05,14.43000
2011-07-06,14.42000
2011-07-07,14.59000
2011-07-08,14.44000
2011-07-11,14.38000
2011-07-12,14.23000
2011-07-13,14.35000
2011-07-14,14.37000
2011-07-15,14.35000
2011-07-18,14.32000
2011-07-19,14.41000
2011-07-20,14.34000
2011-07-21,14.34000
2011-07-22,14.55000
2011-07-25,14.62000
2011-07-26,14.44000
2011-07-27,14.45000
2011-07-28,14.38000
2011-07-29,14.32000
2011-08-01,14.36000
2011-08-02,14.24000
2011-08-03,14.20000
2011-08-04,14.09000
2011-08-05,13.85000
2011-08-08,13.73000
2011-08-09,13.68000
2011-08-10,13.83000
2011-08-11,13.80000
2011-08-12,13.71000
2011-08-16,13.67000
2011-08-17,13.71000
2011-08-18,13.47000
2011-08-19,13.29000
2011-08-22,13.39000
2011-08-23,13.50000
2011-08-24,13.40000
2011-08-25,13.30000
2011-08-26,13.12000
2011-08-29,13.40000
2011-08-30,13.49000
2011-09-02,13.57000
2011-09-05,13.53000
2011-09-06,13.58000
2011-09-07,13.73000
2011-09-08,13.76000
2011-09-09,13.57000
2011-09-12,13.40000
2011-09-13,13.39000
2011-09-14,13.51000
2011-09-15,13.67000
2011-09-16,13.68000
2011-09-19,13.58000
2011-09-20,13.75000
2011-09-21,13.80000
2011-09-22,13.45000
2011-09-23,13.39000
2011-09-26,13.29000
2011-09-27,13.55000
2011-09-28,13.52000
2011-09-29,13.64000
2011-09-30,13.52000
2011-10-03,13.38000
2011-10-04,13.22000
2011-10-05,13.15000
2011-10-07,13.34000
2011-10-10,13.50000
2011-10-11,13.46000
2011-10-12,13.70000
2011-10-13,13.66000
2011-10-14,13.74000
2011-10-17,13.73000
2011-10-18,13.59000
2011-10-19,13.78000
2011-10-20,13.66000
2011-10-21,13.60000
2011-10-24,13.62000
2011-10-25,13.75000
2011-10-28,14.08000
2011-10-31,13.98000
2011-11-01,13.89000
2011-11-02,13.88000
2011-11-03,13.95000
2011-11-04,14.04000
2011-11-08,14.02000
2011-11-09,13.84000
2011-11-11,13.73000
2011-11-14,13.66000
2011-11-15,13.45000
2011-11-16,13.36000
2011-11-17,13.20000
2011-11-18,13.10000
2011-11-21,12.84000
2011-11-22,12.88000
2011-11-23,12.71000
2011-11-24,12.83000
2011-11-25,12.79000
2011-11-28,13.04000
2011-11-29,12.97000
2011-11-30,12.96000
2011-12-01,12.77000
2011-12-02,13.02000
2011-12-05,13.01000
2011-12-07,13.01000
2011-12-08,12.80000
2011-12-09,12.68000
2011-12-12,12.44000
2011-12-13,12.50000
2011-12-14,12.39000
2011-12-15,12.37000
2011-12-16,12.18000
2011-12-19,12.05000
2011-12-20,11.88000
2011-12-21,12.15000
2011-12-22,12.26000
2011-12-23,12.21000
2011-12-26,12.33000
2011-12-27,12.28000
2011-12-28,12.19000
2011-12-29,12.13000
2011-12-30,12.13000
2012-01-02,12.10000
2012-01-03,12.32000
2012-01-04,12.28000
2012-01-05,12.28000
2012-01-06,12.23000
2012-01-09,12.23000
2012-01-10,12.42000
2012-01-11,12.45000
2012-01-12,12.48000
2012-01-13,12.52000
2012-01-16,12.54000
2012-01-17,12.69000
2012-01-18,12.61000
2012-01-19,12.73000
2012-01-20,12.85000
2012-01-23,12.87000
2012-01-24,13.04000
2012-01-25,13.12000
2012-01-27,13.14000
2012-01-30,12.92000
2012-01-31,13.15000
2012-02-01,13.19000
2012-02-02,13.32000
2012-02-03,13.50000
2012-02-06,13.65000
2012-02-07,13.59000
2012-02-08,13.69000
2012-02-09,13.79000
2012-02-10,13.77000
2012-02-13,13.78000
2012-02-14,13.84000
2012-02-15,14.07000
2012-02-16,14.12000
2012-02-17,14.23000
2012-02-21,14.27000
2012-02-22,13.92000
2012-02-23,13.85000
2012-02-24,13.75000
2012-02-27,13.42000
2012-02-28,13.68000
2012-02-29,13.77000
2012-03-01,13.66000
2012-03-02,13.68000
2012-03-05,13.48000
2012-03-06,13.42000
2012-03-07,13.38000
2012-03-09,13.62000
2012-03-12,13.70000
2012-03-13,13.82000
2012-03-14,13.93000
2012-03-15,13.77000
2012-03-16,13.61000
2012-03-19,13.48000
2012-03-20,13.54000
2012-03-21,13.75000
2012-03-22,13.49000
2012-03-23,13.61000
2012-03-26,13.37000
2012-03-27,13.42000
2012-03-28,13.32000
2012-03-29,13.33000
2012-03-30,13.64000
2012-04-02,13.69000
2012-04-03,13.78000
2012-04-04,13.72000
2012-04-09,13.46000
2012-04-10,13.42000
2012-04-11,13.35000
2012-04-12,13.47000
2012-04-13,13.35000
2012-04-16,13.37000
2012-04-17,13.54000
2012-04-18,13.56000
2012-04-19,13.56000
2012-04-20,13.44000
2012-04-23,13.25000
2012-04-24,13.28000
2012-04-25,13.18000
2012-04-26,13.12000
2012-04-27,13.10000
2012-04-30,13.24000
2012-05-02,13.18000
2012-05-03,13.00000
2012-05-04,12.76000
2012-05-07,12.85000
2012-05-08,12.67000
2012-05-09,12.58000
2012-05-10,12.55000
2012-05-11,12.47000
2012-05-14,12.40000
2012-05-15,12.46000
2012-05-16,12.34000
2012-05-17,12.36000
2012-05-18,12.42000
2012-05-21,12.45000
2012-05-22,12.35000
2012-05-23,12.31000
2012-05-24,12.47000
2012-05-25,12.50000
2012-05-28,12.64000
2012-05-29,12.64000
2012-05-30,12.57000
2012-05-31,12.53000
2012-06-01,12.42000
2012-06-04,12.41000
2012-06-05,12.46000
2012-06-06,12.72000
2012-06-07,12.80000
2012-06-08,12.83000
2012-06-11,12.84000
2012-06-12,13.00000
2012-06-13,13.02000
2012-06-14,12.88000
2012-06-15,13.01000
2012-06-18,12.84000
2012-06-19,12.90000
2012-06-20,12.97000
2012-06-21,13.11000
2012-06-22,13.10000
2012-06-25,13.03000
2012-06-26,13.09000
2012-06-27,12.74000
2012-06-28,12.77000
2012-06-29,13.04000
2012-07-02,13.07000
2012-07-03,13.10000
2012-07-04,13.14000
2012-07-05,13.19000
2012-07-06,13.17000
2012-07-09,13.04000
2012-07-10,13.17000
2012-07-11,13.13000
2012-07-12,13.05000
2012-07-13,13.04000
2012-07-16,12.98000
2012-07-17,12.95000
2012-07-18,12.99000
2012-07-19,13.02000
2012-07-20,12.95000
2012-07-23,12.77000
2012-07-24,12.81000
2012-07-25,12.80000
2012-07-26,12.68000
2012-07-27,12.71000
2012-07-30,12.93000
2012-07-31,12.98000
2012-08-01,13.02000
2012-08-02,13.03000
2012-08-03,12.97000
2012-08-06,13.04000
2012-08-07,13.17000
2012-08-08,13.15000
2012-08-09,13.11000
2012-08-10,13.07000
2012-08-13,13.12000
2012-08-14,13.18000
2012-08-16,13.09000
2012-08-17,13.09000
2012-08-21,13.20000
2012-08-22,13.20000
2012-08-23,13.19000
2012-08-24,13.13000
2012-08-27,13.05000
2012-08-28,13.00000
2012-08-29,12.91000
2012-08-30,12.93000
2012-08-31,12.85000
2012-09-03,12.85000
2012-09-04,12.90000
2012-09-05,12.80000
2012-09-06,12.89000
2012-09-07,13.06000
2012-09-10,13.10000
2012-09-11,13.16000
2012-09-12,13.17000
2012-09-13,13.18000
2012-09-14,13.40000
2012-09-17,13.50000
2012-09-18,13.60000
2012-09-20,13.53000
2012-09-21,13.79000
2012-09-24,13.75000
2012-09-25,13.76000
2012-09-26,13.79000
2012-09-27,13.77000
2012-09-28,13.93000
2012-10-01,13.98000
2012-10-03,14.00000
2012-10-04,14.15000
2012-10-05,14.03000
2012-10-08,13.90000
2012-10-09,13.94000
2012-10-10,13.80000
2012-10-11,13.94000
2012-10-12,13.90000
2012-10-15,13.92000
2012-10-16,13.86000
2012-10-17,13.86000
2012-10-18,13.98000
2012-10-19,13.94000
2012-10-22,13.93000
2012-10-23,13.88000
2012-10-25,13.92000
2012-10-26,13.88000
2012-10-29,13.84000
2012-10-30,13.64000
2012-10-31,13.70000
2012-11-01,13.75000
2012-11-02,13.90000
2012-11-05,13.92000
2012-11-06,13.97000
2012-11-07,14.08000
2012-11-08,14.03000
2012-11-09,13.86000
2012-11-12,13.85000
2012-11-15,13.73000
2012-11-16,13.60000
2012-11-19,13.56000
2012-11-20,13.52000
2012-11-21,13.59000
2012-11-22,13.65000
2012-11-23,13.63000
2012-11-26,13.64000
2012-11-27,13.79000
2012-11-29,13.98000
2012-11-30,14.11000
2012-12-03,14.12000
2012-12-04,14.18000
2012-12-05,14.22000
2012-12-06,14.30000
2012-12-07,14.25000
2012-12-10,14.26000
2012-12-11,14.22000
2012-12-12,14.18000
2012-12-13,14.08000
2012-12-14,14.17000
2012-12-17,14.19000
2012-12-18,14.27000
2012-12-19,14.35000
2012-12-20,14.32000
2012-12-21,14.17000
2012-12-24,14.19000
2012-12-26,13.79000
2012-12-27,13.75000
2012-12-28,13.86000
2012-12-31,13.89000
2013-01-01,13.98000
2013-01-02,14.09000
2013-01-03,14.13000
2013-01-04,14.18000
2013-01-07,14.14000
2013-01-08,14.14000
2013-01-09,14.04000
2013-01-10,14.01000
2013-01-11,13.96000
2013-01-14,14.13000
2013-01-15,14.22000
2013-01-16,14.08000
2013-01-17,14.13000
2013-01-18,14.18000
2013-01-21,14.17000
2013-01-22,14.08400
2013-01-23,14.05410
2013-01-24,13.90310
2013-01-25,14.03870
2013-01-28,14.05340
2013-01-29,14.00440
2013-01-30,13.98180
2013-01-31,14.04270
2013-02-01,13.97680
2013-02-04,13.90720
2013-02-05,13.86160
2013-02-06,13.85390
2013-02-07,13.76890
2013-02-08,13.66020
2013-02-11,13.62540
2013-02-12,13.66030
2013-02-13,13.63210
2013-02-14,13.54950
2013-02-15,13.55620
2013-02-18,13.56330
2013-02-19,13.66560
2013-02-20,13.66740
2013-02-21,13.47130
2013-02-22,13.45780
2013-02-25,13.47050
2013-02-26,13.31310
2013-02-27,13.39960
2013-02-28,13.15600
2013-03-01,13.23870
2013-03-04,13.16190
2013-03-05,13.32160
2013-03-06,13.37660
2013-03-07,13.45950
2013-03-08,13.59220
2013-03-11,13.56480
2013-03-12,13.50520
2013-03-13,13.32710
2013-03-14,13.41630
2013-03-15,13.34160
2013-03-18,13.26510
2013-03-19,13.10660
2013-03-20,12.91840
2013-03-21,12.83210
2013-03-22,12.85980
2013-03-25,12.83570
2013-03-26,12.84300
2013-03-28,12.97060
2013-04-01,13.01660
2013-04-02,13.12910
2013-04-03,13.01740
2013-04-04,12.79810
2013-04-05,12.76630
2013-04-08,12.72400
2013-04-09,12.62930
2013-04-10,12.71910
2013-04-11,12.75060
2013-04-12,12.63870
2013-04-15,12.71840
2013-04-16,12.91660
2013-04-17,12.97290
2013-04-18,13.12650
2013-04-22,13.22380
2013-04-23,13.20430
2013-04-25,13.34360
2013-04-26,13.25990
2013-04-29,13.36140
2013-04-30,13.42320
2013-05-02,13.52240
2013-05-03,13.37200
2013-05-06,13.41460
2013-05-07,13.54130
2013-05-08,13.56380
2013-05-09,13.57240
2013-05-10,13.65130
2013-05-13,13.44180
2013-05-14,13.47830
2013-05-15,13.71860
2013-05-16,13.74690
2013-05-17,13.82350
2013-05-20,13.77880
2013-05-21,13.70810
2013-05-22,13.67670
2013-05-23,13.42650
2013-05-24,13.43980
2013-05-27,13.56000
2013-05-28,13.65260
2013-05-29,13.58500
2013-05-30,13.61910
2013-05-31,13.46800
2013-06-03,13.45730
2013-06-04,13.42850
2013-06-05,13.39180
2013-06-06,13.40860
2013-06-07,13.31740
2013-06-10,13.28890
2013-06-11,13.11830
2013-06-12,13.04770
2013-06-13,12.91030
2013-06-14,13.08600
2013-06-17,13.14020
2013-06-18,13.09000
2013-06-19,13.11620
2013-06-20,12.34590
2013-06-21,12.35660
2013-06-24,12.12270
2013-06-25,12.08330
2013-06-26,12.10990
2013-06-27,12.21820
2013-06-28,12.48490
2013-07-01,12.62610
2013-07-02,12.53650
2013-07-03,12.37070
2013-07-04,12.46040
2013-07-05,12.46610
2013-07-08,12.38740
2013-07-09,12.48390
2013-07-10,12.40670
2013-07-11,12.57770
2013-07-12,12.68660
2013-07-15,12.71680
2013-07-16,12.59900
2013-07-17,12.60150
2013-07-18,12.72050
2013-07-19,12.68580
2013-07-22,12.65990
2013-07-23,12.72870
2013-07-24,12.56620
2013-07-25,12.42600
2013-07-26,12.37250
2013-07-29,12.26960
2013-07-30,12.08600
2013-07-31,12.02500
2013-08-01,11.94300
2013-08-02,11.85630
2013-08-05,11.89630
2013-08-06,11.64710
2013-08-07,11.66890
2013-08-08,11.71900
2013-08-12,11.79560
2013-08-13,11.94310
2013-08-14,12.04730
2013-08-16,11.64820
2013-08-19,11.44980
2013-08-20,11.44070
2013-08-21,11.28750
2013-08-22,11.42930
2013-08-23,11.50340
2013-08-26,11.56280
2013-08-27,11.27270
2013-08-28,11.19800
2013-08-29,11.36960
2013-08-30,11.49950
2013-09-02,11.61780
2013-09-03,11.29770
2013-09-04,11.41890
2013-09-05,11.68710
2013-09-06,11.82730
2013-09-10,12.15660
2013-09-11,12.25000
2013-09-12,12.13470
2013-09-13,12.17980
2013-09-16,12.17410
2013-09-17,12.19080
2013-09-18,12.29880
2013-09-19,12.66550
2013-09-20,12.52160
2013-09-23,12.29450
2013-09-24,12.27380
2013-09-25,12.32240
2013-09-26,12.35640
2013-09-27,12.28660
2013-09-30,12.14410
2013-10-01,12.19370
2013-10-03,12.42350
2013-10-04,12.41770
2013-10-07,12.43530
2013-10-08,12.43170
2013-10-09,12.52430
2013-10-10,12.57100
2013-10-11,12.65640
2013-10-14,12.72330
2013-10-15,12.65430
2013-10-17,12.61570
2013-10-18,12.82640
2013-10-21,12.84680
2013-10-22,12.87620
2013-10-23,12.86060
2013-10-24,12.79880
2013-10-25,12.79100
2013-10-28,12.67700
2013-10-29,12.87210
2013-10-30,12.88570
2013-10-31,13.00280
2013-11-01,13.05090
2013-11-05,13.00330
2013-11-06,12.96420
2013-11-07,12.91420
2013-11-08,12.80970
2013-11-11,12.70210
2013-11-12,12.61240
2013-11-13,12.53570
2013-11-14,12.65410
2013-11-18,12.85060
2013-11-19,12.89320
2013-11-20,12.75820
2013-11-21,12.53620
2013-11-22,12.52850
2013-11-25,12.71780
2013-11-26,12.58540
2013-11-27,12.56610
2013-11-28,12.64770
2013-11-29,12.84070
2013-12-02,12.91490
2013-12-03,12.90970
2013-12-04,12.84850
2013-12-05,12.96000
2013-12-06,13.05050
2013-12-09,13.26180
2013-12-10,13.14510
2013-12-11,13.11210
2013-12-12,13.01550
2013-12-13,12.86530
2013-12-16,12.96550
2013-12-17,12.94780
2013-12-18,13.08950
2013-12-19,13.00490
2013-12-20,13.17600
2013-12-23,13.25730
2013-12-24,13.25400
2013-12-26,13.29560
2013-12-27,13.36450
2013-12-30,13.32500
2013-12-31,13.37560
2014-01-01,13.36600
2014-01-02,13.19800
2014-01-03,13.20390
2014-01-06,13.17850
2014-01-07,13.10110
2014-01-08,13.11540
2014-01-09,13.08770
2014-01-10,13.07170
2014-01-13,13.21630
2014-01-14,13.17790
2014-01-15,12.81110
2014-01-16,12.82720
2014-01-17,12.70460
2014-01-20,12.83030
2014-01-21,12.83200
2014-01-22,12.85610
2014-01-23,12.85890
2014-01-24,12.71450
2014-01-27,12.47850
2014-01-28,12.44150
2014-01-29,12.45960
2014-01-30,12.35310
2014-01-31,12.44640
2014-02-03,12.30860
2014-02-04,12.29890
2014-02-05,12.32470
2014-02-06,12.33110
2014-02-07,12.40620
2014-02-10,12.38940
2014-02-11,12.40140
2014-02-12,12.42440
2014-02-13,12.28540
2014-02-14,12.33160
2014-02-17,12.36720
2014-02-18,12.45490
2014-02-19,12.51820
2014-02-20,12.42590
2014-02-21,12.58310
2014-02-24,12.59860
2014-02-25,12.64080
2014-02-26,12.68410
2014-02-28,12.75500
2014-03-03,12.65670
2014-03-04,12.83470
2014-03-05,12.92400
2014-03-06,13.06180
2014-03-07,13.19480
2014-03-10,13.23760
2014-03-11,13.22260
2014-03-12,13.20330
2014-03-13,13.14790
2014-03-14,13.15240
2014-03-18,13.21530
2014-03-19,13.21410
2014-03-20,13.17380
2014-03-21,13.22100
2014-03-24,13.38870
2014-03-25,13.42360
2014-03-26,13.47470
2014-03-27,13.55690
2014-03-28,13.71430
2014-03-31,13.73960
2014-04-01,13.76380
2014-04-02,13.82570
2014-04-03,13.74000
2014-04-04,13.68960
2014-04-07,13.67240
2014-04-09,13.83680
2014-04-10,13.86450
2014-04-11,13.85260
2014-04-15,13.81070
2014-04-16,13.69980
2014-04-17,13.88330
2014-04-21,13.95470
2014-04-22,13.95340
2014-04-23,14.00210
2014-04-25,13.86050
2014-04-28,13.80850
2014-04-29,13.75340
2014-04-30,13.68870
2014-05-02,13.73230
2014-05-05,13.74320
2014-05-06,13.72260
2014-05-07,13.64400
2014-05-08,13.68180
2014-05-09,14.02710
2014-05-12,14.27720
2014-05-13,14.56200
2014-05-14,14.67100
2014-05-15,14.61300
2014-05-16,14.83390
2014-05-19,15.16470
2014-05-20,15.16900
2014-05-21,15.15850
2014-05-22,15.29840
2014-05-23,15.55260
2014-05-26,15.44660
2014-05-27,15.29860
2014-05-28,15.35420
2014-05-29,15.19030
2014-05-30,15.15560
2014-06-02,15.43690
2014-06-03,15.60140
2014-06-04,15.69480
2014-06-05,15.91970
2014-06-06,16.20150
2014-06-09,16.33540
2014-06-10,16.24820
2014-06-11,16.19670
2014-06-12,15.61400
2014-06-13,15.32610
2014-06-16,15.37410
2014-06-17,15.62260
2014-06-18,15.47750
2014-06-19,15.37930
2014-06-20,15.31540
2014-06-23,15.38320
2014-06-24,15.57720
2014-06-25,15.59070
2014-06-26,15.44970
2014-06-27,15.46970
2014-06-30,15.73280
2014-07-01,15.75880
2014-07-02,15.90640
2014-07-03,15.90730
2014-07-04,15.96360
2014-07-07,15.98070
2014-07-08,15.54500
2014-07-09,15.46220
2014-07-10,15.44070
2014-07-11,15.17820
2014-07-14,15.17770
2014-07-15,15.38860
2014-07-16,15.53490
2014-07-17,15.62210
2014-07-18,15.63480
2014-07-21,15.64100
2014-07-22,15.69660
2014-07-23,15.74980
2014-07-24,15.77550
2014-07-25,15.59180
2014-07-28,15.49160
2014-07-30,15.58740
2014-07-31,15.52800
2014-08-01,15.34700
2014-08-04,15.52830
2014-08-05,15.68250
2014-08-06,15.56670
2014-08-07,15.54750
2014-08-08,15.33300
2014-08-11,15.40400
2014-08-12,15.56570
2014-08-13,15.48950
2014-08-14,15.59210
2014-08-18,15.83650
2014-08-19,15.92480
2014-08-20,15.90040
2014-08-21,15.97720
2014-08-22,16.00880
2014-08-25,15.99320
2014-08-26,15.92250
2014-08-27,16.09480
2014-08-28,16.09030
2014-09-01,16.32670
2014-09-02,16.47710
2014-09-03,16.56140
2014-09-04,16.50790
2014-09-05,16.56050
2014-09-08,16.76160
2014-09-09,16.72690
2014-09-10,16.63090
2014-09-11,16.71220
2014-09-12,16.73410
2014-09-15,16.70430
2014-09-16,16.33750
2014-09-17,16.40170
2014-09-18,16.67480
2014-09-19,16.68080
2014-09-22,16.71910
2014-09-23,16.46640
2014-09-24,16.37110
2014-09-25,16.15420
2014-09-26,16.29330
2014-09-29,16.39540
2014-09-30,16.37360
2014-10-01,16.37850
2014-10-07,16.14400
2014-10-08,16.12340
2014-10-09,16.36730
2014-10-10,16.18770
2014-10-13,16.30390
2014-10-14,16.31840
2014-10-16,16.08270
2014-10-17,16.11760
2014-10-20,16.30030
2014-10-21,16.43500
2014-10-22,16.53920
2014-10-27,16.52860
2014-10-28,16.60510
2014-10-29,16.73160
2014-10-30,16.83210
2014-10-31,17.09410
2014-11-03,17.12670
2014-11-05,17.19860
2014-11-07,17.27630
2014-11-10,17.32900
2014-11-11,17.36850
2014-11-12,17.40710
2014-11-13,17.29880
2014-11-14,17.43620
2014-11-17,17.54370
2014-11-18,17.57440
2014-11-19,17.46110
2014-11-20,17.46870
2014-11-21,17.54580
2014-11-24,17.65110
2014-11-25,17.46070
2014-11-26,17.51130
2014-11-27,17.58790
2014-11-28,17.84260
2014-12-01,17.80960
2014-12-02,17.80550
2014-12-03,17.97430
2014-12-04,18.09910
2014-12-05,18.02440
2014-12-08,17.79100
2014-12-09,17.55860
2014-12-10,17.66210
2014-12-11,17.49670
2014-12-12,17.31280
2014-12-15,17.19240
2014-12-16,16.83390
2014-12-17,16.87560
2014-12-18,17.21840
2014-12-19,17.28160
2014-12-22,17.40390
2014-12-23,17.33090
2014-12-24,17.26510
2014-12-26,17.29350
2014-12-29,17.39470
2014-12-30,16.65150
2014-12-31,16.77010
2015-01-01,16.79860
2015-01-02,16.99850
2015-01-05,16.97880
2015-01-06,16.49550
2015-01-07,16.45660
2015-01-08,16.69240
2015-01-09,16.77550
2015-01-12,16.87050
2015-01-13,16.83590
2015-01-14,16.78380
2015-01-15,17.02140
2015-01-16,17.04790
2015-01-19,17.09560
2015-01-20,17.21730
2015-01-21,17.26620
2015-01-22,17.31460
2015-01-23,17.33730
2015-01-27,17.47020
2015-01-28,17.51310
2015-01-29,17.49470
2015-01-30,17.26980
2015-02-02,17.31270
2015-02-03,17.23430
2015-02-04,17.17430
2015-02-05,17.09810
2015-02-06,16.98360
2015-02-09,16.80710
2015-02-10,16.95860
2015-02-11,17.12340
2015-02-12,17.30090
2015-02-13,17.38870
2015-02-16,17.35080
2015-02-18,17.44530
2015-02-19,17.43860
2015-02-20,17.40820
2015-02-23,17.25480
2015-02-24,17.24910
2015-02-25,17.26310
2015-02-26,17.11850
2015-02-27,17.42420
2015-03-02,17.66500
2015-03-03,17.75740
2015-03-04,17.52790
2015-03-05,17.52640
2015-03-09,17.16720
2015-03-10,17.10210
2015-03-11,17.05390
2015-03-12,17.21920
2015-03-13,16.95010
2015-03-16,16.91530
2015-03-17,17.05280
2015-03-18,17.02080
2015-03-19,16.93950
2015-03-20,16.79750
2015-03-23,16.72910
2015-03-24,16.69410
2015-03-25,16.63650
2015-03-26,16.35750
2015-03-27,16.40330
2015-03-30,16.71580
2015-03-31,16.75350
2015-04-01,16.90390
2015-04-06,16.93120
2015-04-07,16.92160
2015-04-08,17.04500
2015-04-09,17.12360
2015-04-10,17.14000
2015-04-13,17.16050
2015-04-15,17.06720
2015-04-16,16.96550
2015-04-17,16.76330
2015-04-20,16.54980
2015-04-21,16.53690
2015-04-22,16.55510
2015-04-23,16.51290
2015-04-24,16.26270
2015-04-27,16.01810
2015-04-28,16.21740
2015-04-29,16.27020
2015-04-30,16.22560
2015-05-04,16.47130
2015-05-05,16.50670
2015-05-06,16.00700
2015-05-07,15.85450
2015-05-08,16.03010
2015-05-11,16.31400
2015-05-12,15.98240
2015-05-13,16.18260
2015-05-14,16.26410
2015-05-15,16.28280
2015-05-18,16.42350
2015-05-19,16.42580
2015-05-20,16.45400
2015-05-21,16.46410
2015-05-22,16.44160
2015-05-25,16.34890
2015-05-26,16.32630
2015-05-27,16.39290
2015-05-28,16.43100
2015-05-29,16.62700
2015-06-01,16.67350
2015-06-02,16.30800
2015-06-03,16.10680
2015-06-04,16.10720
2015-06-05,16.07690
2015-06-08,15.92900
2015-06-09,15.91400
2015-06-10,16.08580
2015-06-11,15.82580
2015-06-12,15.80310
2015-06-15,15.77600
2015-06-16,15.84530
2015-06-17,15.90540
2015-06-18,16.00970
2015-06-19,16.10180
2015-06-22,16.33580
2015-06-23,16.36430
2015-06-24,16.25290
2015-06-25,15.72010
2015-06-26,15.70050
2015-06-29,15.58020
2015-06-30,15.62880
2015-07-01,15.86360
2015-07-02,15.87660
2015-07-03,15.87460
2015-07-06,15.95130
2015-07-07,15.96860
2015-07-08,15.73870
2015-07-09,15.66090
2015-07-10,15.72590
2015-07-13,15.94350
2015-07-14,15.96670
2015-07-15,16.05350
2015-07-16,16.22590
2015-07-17,16.21690
2015-07-20,16.20330
2015-07-21,16.15490
2015-07-22,16.33220
2015-07-23,16.31200
2015-07-24,16.18320
2015-07-27,15.89230
2015-07-28,15.85660
2015-07-29,15.98630
2015-07-30,16.12900
2015-07-31,16.34250
2015-08-03,16.46080
2015-08-04,16.52480
2015-08-05,16.62550
2015-08-06,16.70700
2015-08-07,16.70870
2015-08-10,16.65470
2015-08-11,16.53950
2015-08-12,16.28230
2015-08-13,16.29860
2015-08-14,16.60530
2015-08-17,16.63680
2015-08-18,16.66580
2015-08-19,16.70230
2015-08-20,16.37490
2015-08-21,16.25560
2015-08-24,15.10760
2015-08-25,15.37230
2015-08-26,15.18860
2015-08-27,15.45690
2015-08-28,15.55850
2015-08-31,15.50200
2015-09-01,15.14990
2015-09-02,15.04540
2015-09-03,15.23270
2015-09-04,14.88980
2015-09-07,14.63430
2015-09-08,14.84010
2015-09-09,15.10170
2015-09-10,15.03940
2015-09-11,15.06590
2015-09-14,15.22580
2015-09-15,15.09040
2015-09-16,15.13890
2015-09-18,15.35960
2015-09-21,15.41760
2015-09-22,15.17670
2015-09-23,15.26980
2015-09-24,15.34110
2015-09-28,15.20680
2015-09-29,15.19000
2015-09-30,15.38240
2015-10-01,15.38660
2015-10-05,15.66280
2015-10-06,15.65660
2015-10-07,15.64840
2015-10-08,15.57220
2015-10-09,15.64640
2015-10-12,15.54840
2015-10-13,15.51020
2015-10-14,15.47900
2015-10-15,15.57400
2015-10-16,15.69030
2015-10-19,15.77810
2015-10-20,15.81450
2015-10-21,15.74680
2015-10-23,15.79570
2015-10-26,15.76790
2015-10-27,15.76820
2015-10-28,15.60990
2015-10-29,15.51510
2015-10-30,15.47880
2015-11-02,15.49620
2015-11-03,15.52530
2015-11-04,15.52200
2015-11-05,15.36300
2015-11-06,15.38730
2015-11-09,15.46170
2015-11-10,15.24900
2015-11-13,15.24490
2015-11-16,15.31120
2015-11-17,15.32390
2015-11-18,15.10120
2015-11-19,15.27580
2015-11-20,15.33560
2015-11-23,15.33510
2015-11-24,15.28050
2015-11-26,15.33740
2015-11-27,15.45740
2015-11-30,15.45370
2015-12-01,15.49300
2015-12-02,15.41250
2015-12-03,15.29890
2015-12-04,15.16310
2015-12-07,15.12430
2015-12-08,14.99100
2015-12-09,14.82010
2015-12-10,14.87820
2015-12-11,14.74020
2015-12-14,14.80360
2015-12-15,14.89170
2015-12-16,15.00950
2015-12-17,15.14270
2015-12-18,15.03720
2015-12-21,15.20920
2015-12-22,15.13840
2015-12-23,15.25430
2015-12-24,15.28760
2015-12-28,15.38250
2015-12-29,14.82640
2015-12-30,14.77080
2015-12-31,14.82150
2016-01-01,14.87440
2016-01-04,14.66000
2016-01-05,14.65770
2016-01-06,14.59650
2016-01-07,14.22840
2016-01-08,14.35270
2016-01-11,14.24960
2016-01-12,14.11130
2016-01-13,14.08550
2016-01-14,14.04430
2016-01-15,13.75430
2016-01-18,13.52190
2016-01-19,13.62770
2016-01-20,13.38530
2016-01-21,13.41500
2016-01-22,13.66050
2016-01-25,13.70550
2016-01-27,13.73400
2016-01-28,13.72310
2016-01-29,13.92470
2016-02-01,13.90050
2016-02-02,13.73570
2016-02-03,13.53250
2016-02-04,13.63940
2016-02-05,13.76890
2016-02-08,13.72490
2016-02-09,13.53040
2016-02-10,13.38440
2016-02-11,12.97850
2016-02-12,12.88180
2016-02-15,13.28950
2016-02-16,13.05390
2016-02-17,13.12750
2016-02-18,13.27510
2016-02-19,13.28020
2016-02-22,13.30880
2016-02-23,13.09010
2016-02-24,12.96530
2016-02-25,12.80530
2016-02-26,12.86100
2016-02-29,12.75980
2016-03-01,13.16040
2016-03-02,13.44740
2016-03-03,13.63640
2016-03-04,13.74610
2016-03-08,13.67030
2016-03-09,13.72000
2016-03-10,13.61750
2016-03-11,13.61960
2016-03-14,13.66340
2016-03-15,13.62880
2016-03-16,13.70830
2016-03-17,13.84210
2016-03-18,14.01280
2016-03-21,14.18470
2016-03-22,14.19390
2016-03-23,14.24150
2016-03-28,14.07630
2016-03-29,14.06310
2016-03-30,14.33250
2016-03-31,14.36070
2016-04-01,14.38810
2016-04-04,14.40730
2016-04-05,14.12820
2016-04-06,14.13460
2016-04-07,14.05660
2016-04-08,14.08210
2016-04-11,14.24140
2016-04-12,14.36270
2016-04-13,14.58010
2016-04-18,14.64620
2016-04-20,14.68190
2016-04-21,14.67600
2016-04-22,14.69280
2016-04-25,14.64840
2016-04-26,14.77950
2016-04-27,14.81590
2016-04-28,14.58950
2016-04-29,14.61700
2016-05-02,14.58960
2016-05-03,14.47430
2016-05-04,14.33140
2016-05-05,14.32220
2016-05-06,14.32620
2016-05-09,14.55490
2016-05-10,14.56980
2016-05-11,14.52350
2016-05-12,14.59020
2016-05-13,14.48830
2016-05-16,14.50140
2016-05-17,14.54640
2016-05-18,14.54160
2016-05-19,14.37640
2016-05-20,14.32600
2016-05-23,14.28410
2016-05-24,14.30130
2016-05-25,14.55380
2016-05-26,14.68730
2016-05-27,14.81350
2016-05-30,14.92310
2016-05-31,14.88400
2016-06-01,14.87300
2016-06-02,14.95580
2016-06-03,14.95380
2016-06-06,14.97640
2016-06-07,15.12240
2016-06-08,15.22460
2016-06-09,15.12140
2016-06-10,15.05270
2016-06-13,14.96410
2016-06-14,14.96480
2016-06-15,15.11770
2016-06-16,15.03500
2016-06-17,15.05840
2016-06-20,15.13420
2016-06-21,15.13260
2016-06-22,15.10740
2016-06-23,15.19350
2016-06-24,14.94090
2016-06-27,15.03240
2016-06-28,15.01780
2016-06-29,15.20620
2016-06-30,15.36820
2016-07-01,15.47870
2016-07-04,15.58130
2016-07-05,15.50200
2016-07-07,15.46800
2016-07-08,14.87660
2016-07-11,15.06970
2016-07-12,15.15680
2016-07-13,15.14480
2016-07-14,15.24720
2016-07-15,15.04120
2016-07-18,14.96180
2016-07-19,15.00700
2016-07-20,15.09400
2016-07-21,15.01830
2016-07-22,15.07410
2016-07-25,15.23170
2016-07-26,15.15190
2016-07-27,15.17910
2016-07-28,15.27410
2016-07-29,15.24710
2016-08-01,15.23610
2016-08-02,15.18560
2016-08-03,15.01440
2016-08-04,15.06810
2016-08-05,15.34180
2016-08-08,15.41310
2016-08-09,15.37750
2016-08-10,15.21040
2016-08-11,15.17780
2016-08-12,15.25810
2016-08-16,15.27560
2016-08-17,15.31750
2016-08-18,15.46440
2016-08-19,15.54230
2016-08-22,15.45850
2016-08-23,15.45550
2016-08-24,15.54350
2016-08-25,15.42790
2016-08-26,15.39230
2016-08-29,15.42580
2016-08-30,15.67650
2016-08-31,15.77070
2016-09-01,15.71930
2016-09-02,15.77120
2016-09-06,15.96430
2016-09-07,15.98420
2016-09-08,16.02670
2016-09-09,15.91350
2016-09-12,15.56960
2016-09-14,15.66620
2016-09-15,15.63420
2016-09-16,15.68010
2016-09-19,15.73060
2016-09-20,15.71190
2016-09-21,15.71790
2016-09-22,15.91390
2016-09-23,15.89120
2016-09-26,15.75810
2016-09-27,15.76110
2016-09-28,15.88040
2016-09-29,15.49320
2016-09-30,15.67130
2016-10-03,16.00070
2016-10-04,16.08100
2016-10-05,16.07140
2016-10-06,15.96720
2016-10-07,15.96820
2016-10-10,15.99600
2016-10-13,15.76600
2016-10-14,15.85130
2016-10-17,15.77640
2016-10-18,15.99700
2016-10-19,15.99550
2016-10-20,16.13060
2016-10-21,16.16650
2016-10-24,16.19740
2016-10-25,16.17300
2016-10-26,16.02890
2016-10-27,15.89050
2016-10-28,15.94390
2016-11-01,15.97710
2016-11-02,15.72310
2016-11-03,15.56720
2016-11-04,15.44210
2016-11-07,15.59760
2016-11-08,15.67910
2016-11-09,15.47520
2016-11-10,15.70890
2016-11-11,15.27390
2016-11-15,15.02120
2016-11-16,14.96490
2016-11-17,14.94450
2016-11-18,14.90760
2016-11-21,14.63590
2016-11-22,14.75920
2016-11-23,14.82690
2016-11-24,14.82200
2016-11-25,15.08600
2016-11-28,15.11260
2016-11-29,15.14070
2016-11-30,15.28640
2016-12-01,15.14640
2016-12-02,14.98160
2016-12-05,15.06050
2016-12-06,15.12740
2016-12-07,15.04890
2016-12-08,15.26710
2016-12-09,15.35400
2016-12-12,15.20230
2016-12-13,15.22460
2016-12-14,15.14540
2016-12-15,15.17390
2016-12-16,15.15150
2016-12-19,15.12860
2016-12-20,15.04920
2016-12-21,15.02930
2016-12-22,14.87500
2016-12-23,14.87320
2016-12-26,14.65180
2016-12-27,14.85380
2016-12-28,14.89180
2016-12-29,15.05770
2016-12-30,14.61690
2017-01-02,14.63090
2017-01-03,14.69610
2017-01-04,14.68170
2017-01-05,14.84340
2017-01-06,14.76400
2017-01-09,14.77170
2017-01-10,14.85900
2017-01-11,14.99340
2017-01-12,15.04230
2017-01-13,14.99540
2017-01-16,15.03620
2017-01-17,15.07120
2017-01-18,15.12400
2017-01-19,15.24440
2017-01-20,15.04560
2017-01-23,15.11070
2017-01-24,15.22890
2017-01-25,15.38280
2017-01-27,15.49880
2017-01-30,15.48590
2017-01-31,15.26410
2017-02-01,15.54340
2017-02-02,15.69100
2017-02-03,15.74530
2017-02-06,15.87130
2017-02-07,15.84210
2017-02-08,15.84030
2017-02-09,15.86510
2017-02-10,15.83740
2017-02-13,15.77600
2017-02-14,15.77290
2017-02-15,15.63890
2017-02-16,15.74320
2017-02-17,15.78790
2017-02-20,15.90550
2017-02-21,15.98770
2017-02-22,15.87830
2017-02-23,15.88630
2017-02-27,15.83320
2017-02-28,15.81600
2017-03-01,15.89850
2017-03-02,15.76920
2017-03-03,15.79360
2017-03-06,15.86180
2017-03-07,15.84000
2017-03-08,15.77400
2017-03-09,15.74920
2017-03-10,15.71960
2017-03-14,15.92560
2017-03-15,15.98190
2017-03-16,16.14520
2017-03-17,16.17920
2017-03-20,16.14810
2017-03-21,16.16080
2017-03-22,15.98090
2017-03-23,16.10010
2017-03-24,16.20180
2017-03-27,16.17910
2017-03-28,16.30290
2017-03-29,16.35190
2017-03-30,16.39640
2017-03-31,16.46350
2017-04-03,16.53300
2017-04-05,16.51000
2017-04-06,16.49400
2017-04-07,16.42340
2017-04-10,16.47980
2017-04-11,16.61440
2017-04-12,16.53820
2017-04-13,16.51300
2017-04-17,16.55300
2017-04-18,16.51410
2017-04-19,16.59980
2017-04-20,16.64120
2017-04-21,16.63140
2017-04-24,16.73380
2017-04-25,16.82320
2017-04-26,16.80530
2017-04-27,16.80240
2017-04-28,16.85880
2017-05-02,16.88860
2017-05-03,16.88810
2017-05-04,17.08480
2017-05-05,16.90900
2017-05-08,17.02990
2017-05-09,17.03600
2017-05-10,17.14180
2017-05-11,17.11030
2017-05-12,17.06920
2017-05-15,17.17400
2017-05-16,17.25910
2017-05-17,17.22510
2017-05-18,17.06490
2017-05-19,16.99270
2017-05-22,16.89280
2017-05-23,16.73210
2017-05-24,16.59970
2017-05-25,16.90250
2017-05-26,17.03920
2017-05-29,16.93510
2017-05-30,17.04200
2017-05-31,17.13180
2017-06-01,17.12950
2017-06-02,17.23170
2017-06-05,17.20840
2017-06-06,17.14220
2017-06-07,17.16820
2017-06-08,17.08010
2017-06-09,17.06350
2017-06-12,16.96580
2017-06-13,16.97670
2017-06-14,17.00860
2017-06-15,16.96860
2017-06-16,16.97890
2017-06-19,17.03100
2017-06-20,17.05710
2017-06-21,16.27590
2017-06-22,16.17400
2017-06-23,16.05530
2017-06-27,15.92750
2017-06-28,15.97620
2017-06-29,16.09460
2017-06-30,16.17940
2017-07-03,16.30900
2017-07-04,16.32450
2017-07-05,16.37870
2017-07-06,16.39620
2017-07-07,16.32680
2017-07-10,16.50610
2017-07-11,16.50230
2017-07-12,16.56440
2017-07-13,16.65580
2017-07-14,16.63340
2017-07-17,16.64080
2017-07-18,16.49360
2017-07-19,16.60760
2017-07-20,16.52210
2017-07-21,16.54520
2017-07-24,16.64910
2017-07-25,16.67870
2017-07-26,16.72110
2017-07-27,16.60080
2017-07-28,16.59670
2017-07-31,16.73430
2017-08-01,16.73620
2017-08-02,16.72630
2017-08-03,16.62580
2017-08-04,16.80960
2017-08-07,16.86530
2017-08-08,16.70610
2017-08-09,16.56740
2017-08-10,16.31080
2017-08-11,16.22880
2017-08-14,16.44800
2017-08-16,16.62630
2017-08-17,16.74190
2017-08-18,16.61000
2017-08-21,16.38930
2017-08-22,16.36660
2017-08-23,16.47610
2017-08-24,16.51970
2017-08-28,16.67600
2017-08-29,16.53010
2017-08-30,16.69750
2017-08-31,16.68900
2017-09-01,16.79900
2017-09-04,16.70530
2017-09-05,16.79060
2017-09-06,16.75160
2017-09-07,16.77120
2017-09-08,16.77690
2017-09-11,16.84970
2017-09-12,17.02440
2017-09-13,16.87920
2017-09-14,16.87550
2017-09-15,16.89190
2017-09-18,16.91960
2017-09-19,16.98110
2017-09-20,16.91940
2017-09-21,16.86850
2017-09-22,16.52360
2017-09-25,16.38040
2017-09-26,16.45900
2017-09-27,16.26370
2017-09-28,16.34290
2017-09-29,16.52580
2017-10-03,16.66640
2017-10-04,16.67230
2017-10-05,16.61050
2017-10-06,16.80050
2017-10-09,16.78300
2017-10-10,16.85180
2017-10-11,16.78810
2017-10-12,16.95520
2017-10-13,17.01920
2017-10-16,17.11970
2017-10-17,17.17820
2017-10-18,17.09840
2017-10-23,17.12550
2017-10-24,17.17790
2017-10-25,17.41200
2017-10-26,17.44460
2017-10-27,17.50890
2017-10-30,17.61360
2017-10-31,17.58490
2017-11-01,17.71890
2017-11-02,17.71100
2017-11-03,17.72390
2017-11-06,17.72990
2017-11-07,17.63520
2017-11-08,17.52940
2017-11-09,17.53300
2017-11-10,17.52460
2017-11-13,17.39300
2017-11-14,17.29050
2017-11-15,17.20700
2017-11-16,17.36610
2017-11-17,17.40360
2017-11-20,17.41180
2017-11-21,17.50680
2017-11-22,17.49040
2017-11-23,17.53190
2017-11-24,17.59470
2017-11-27,17.58100
2017-11-28,17.54790
2017-11-29,17.53300
2017-11-30,17.44710
2017-12-01,17.25490
2017-12-04,17.32050
2017-12-05,17.26020
2017-12-06,17.13300
2017-12-07,17.35570
2017-12-08,17.50060
2017-12-11,17.55650
2017-12-12,17.44690
2017-12-13,17.37540
2017-12-14,17.41140
2017-12-15,17.51100
2017-12-18,17.59740
2017-12-19,17.75590
2017-12-20,17.79320
2017-12-21,17.86960
2017-12-22,17.92210
2017-12-26,17.95970
2017-12-27,17.90890
2017-12-28,17.92230
2017-12-29,17.20500
2018-01-01,17.13700
2018-01-02,17.09660
2018-01-03,17.14880
2018-01-04,17.24450
2018-01-05,17.26880
2018-01-08,17.41380
2018-01-09,17.42670
2018-01-10,17.49010
2018-01-11,17.50370
2018-01-12,17.55920
2018-01-15,17.59490
2018-01-16,17.51650
2018-01-17,17.64640
2018-01-18,17.55470
2018-01-19,17.63400
2018-01-22,17.70720
2018-01-23,17.86770
2018-01-24,17.93760
2018-01-25,17.91430
2018-01-29,17.87710
2018-01-30,17.84660
2018-01-31,17.79820
2018-02-01,17.71460
2018-02-02,17.34040
2018-02-05,17.32190
2018-02-06,17.02710
2018-02-07,17.13110
2018-02-08,17.31200
2018-02-09,17.23930
2018-02-12,17.28130
2018-02-14,17.30440
2018-02-15,17.36400
2018-02-16,17.23630
2018-02-19,17.04020
2018-02-20,17.08290
2018-02-21,17.19420
2018-02-22,17.15240
2018-02-23,17.35020
2018-02-26,17.36610
2018-02-27,17.33010
2018-02-28,17.29390
2018-03-01,17.23190
2018-03-05,17.12060
2018-03-06,16.97370
2018-03-07,16.82280
2018-03-08,16.87880
2018-03-09,16.84800
2018-03-12,17.12780
2018-03-13,17.15900
2018-03-14,17.18940
2018-03-15,17.17060
2018-03-16,16.91620
2018-03-19,16.68290
2018-03-20,16.72570
2018-03-21,16.73910
2018-03-22,15.90280
2018-03-23,15.77380
2018-03-26,15.84670
2018-03-27,15.91290
2018-03-28,15.85330
2018-04-02,15.91040
2018-04-03,15.99960
2018-04-04,15.87400
2018-04-05,16.12450
2018-04-06,16.20050
2018-04-09,16.15130
2018-04-10,16.19900
2018-04-11,16.19190
2018-04-12,16.31000
2018-04-13,16.31520
2018-04-16,16.28730
2018-04-17,16.32790
2018-04-18,16.31550
2018-04-19,16.41610
2018-04-20,16.54160
2018-04-23,16.61000
2018-04-24,16.55350
2018-04-25,16.55910
2018-04-26,16.62180
2018-04-27,16.66560
2018-04-30,16.76890
2018-05-02,16.53890
2018-05-03,16.46430
2018-05-04,16.35930
2018-05-07,16.47570
2018-05-08,16.50420
2018-05-09,16.52170
2018-05-10,16.46920
2018-05-11,16.57920
2018-05-14,16.58530
2018-05-15,16.60960
2018-05-16,16.57000
2018-05-17,16.59090
2018-05-18,16.45970
2018-05-21,16.35580
2018-05-22,16.33790
2018-05-23,16.21540
2018-05-24,16.25370
2018-05-25,16.44890
2018-05-28,16.50830
2018-05-29,16.44300
2018-05-30,16.42170
2018-05-31,16.56720
2018-06-01,16.39860
2018-06-04,16.30520
2018-06-05,16.17500
2018-06-06,16.29530
2018-06-07,16.48220
2018-06-08,16.53040
2018-06-11,16.54440
2018-06-12,16.60600
2018-06-13,16.59590
2018-06-14,16.47740
2018-06-15,16.46450
2018-06-18,16.48590
2018-06-19,16.33580
2018-06-20,16.28370
2018-06-21,16.28080
2018-06-22,16.30500
2018-06-25,16.22010
2018-06-26,16.21880
2018-06-27,16.08480
2018-06-28,15.81800
2018-06-29,16.06950
2018-07-02,16.03750
2018-07-03,16.10030
2018-07-04,16.04950
2018-07-05,15.96210
2018-07-06,16.01340
2018-07-09,16.13490
2018-07-10,16.24000
2018-07-11,16.22420
2018-07-12,16.20900
2018-07-13,16.17300
2018-07-16,16.07160
2018-07-17,16.14830
2018-07-18,16.07800
2018-07-19,16.03700
2018-07-20,16.10050
2018-07-23,16.22620
2018-07-24,16.45630
2018-07-25,16.48070
2018-07-26,16.55630
2018-07-27,16.72060
2018-07-30,16.78880
2018-07-31,16.89470
2018-08-01,16.97880
2018-08-02,16.93490
2018-08-03,17.16820
2018-08-06,17.15800
2018-08-07,17.11200
2018-08-08,17.12540
2018-08-09,17.17470
2018-08-10,17.17800
2018-08-13,17.12140
2018-08-14,17.19330
2018-08-16,17.15450
2018-08-17,17.26150
2018-08-20,17.24210
2018-08-21,17.35250
2018-08-23,17.37480
2018-08-24,17.32730
2018-08-27,17.54840
2018-08-28,17.50680
2018-08-29,17.46320
2018-08-30,17.59360
2018-08-31,17.75280
2018-09-03,17.59940
2018-09-04,17.46130
2018-09-05,17.35810
2018-09-06,17.43770
2018-09-07,17.53250
2018-09-10,17.38860
2018-09-11,17.16960
2018-09-12,17.24260
2018-09-14,17.40740
2018-09-17,17.34110
2018-09-18,17.16530
2018-09-19,17.17330
2018-09-21,17.04360
2018-09-24,16.92790
2018-09-25,16.97360
2018-09-26,16.88370
2018-09-27,16.78480
2018-09-28,16.70550
2018-10-01,16.84820
2018-10-03,16.71830
2018-10-04,16.36510
2018-10-05,15.92510
2018-10-08,15.78440
2018-10-09,15.72010
2018-10-10,15.97310
2018-10-11,15.71220
2018-10-12,15.88010
2018-10-15,16.03680
2018-10-16,16.20990
2018-10-17,16.08370
2018-10-19,15.95280
2018-10-22,15.88880
2018-10-23,15.71740
2018-10-24,15.76230
2018-10-25,15.63480
2018-10-26,15.58440
2018-10-29,15.88840
2018-10-30,15.90730
2018-10-31,16.22490
2018-11-01,16.16410
2018-11-02,16.22970
2018-11-05,16.14020
2018-11-06,16.10690
2018-11-09,16.25260
2018-11-12,16.17340
2018-11-13,16.25710
2018-11-14,16.18230
2018-11-15,16.20520
2018-11-16,16.17300
2018-11-19,16.20600
2018-11-20,16.04750
2018-11-21,15.89580
2018-11-22,15.80180
2018-11-26,15.88950
2018-11-27,15.95110
2018-11-28,16.02570
2018-11-29,16.06650
2018-11-30,16.13030
2018-12-03,16.24930
2018-12-04,16.33560
2018-12-05,16.17530
2018-12-06,15.98990
2018-12-07,16.00020
2018-12-10,15.78200
2018-12-11,15.89440
2018-12-12,16.16650
2018-12-13,16.27690
2018-12-14,16.37290
2018-12-17,16.47340
2018-12-18,16.45930
2018-12-19,16.55410
2018-12-20,16.51450
2018-12-21,15.52040
2018-12-24,15.45990
2018-12-26,15.46920
2018-12-27,15.57350
2018-12-28,15.69800
2018-12-31,15.74740
2019-01-01,15.76850
2019-01-02,15.63520
2019-01-03,15.46260
2019-01-04,15.48540
2019-01-07,15.55350
2019-01-08,15.57680
2019-01-09,15.57620
2019-01-10,15.57630
2019-01-11,15.56070
2019-01-14,15.49200
2019-01-15,15.68650
2019-01-16,15.66760
2019-01-17,15.70710
2019-01-18,15.62500
2019-01-21,15.64070
2019-01-22,15.61340
2019-01-23,15.48880
2019-01-24,15.52230
2019-01-25,15.44150
2019-01-28,15.35490
2019-01-29,15.42160
2019-01-30,15.48800
2019-01-31,15.62400
2019-02-01,15.63850
2019-02-04,15.57990
2019-02-05,15.54740
2019-02-06,15.74770
2019-02-07,15.78430
2019-02-08,15.64930
2019-02-11,15.53400
2019-02-12,15.47190
2019-02-13,15.40050
2019-02-14,15.30240
2019-02-15,15.26790
2019-02-18,15.15820
2019-02-19,15.13250
2019-02-20,15.32870
2019-02-21,15.39160
2019-02-22,15.45910
2019-02-25,15.58200
2019-02-26,15.56300
2019-02-27,15.51920
2019-02-28,15.57040
2019-03-01,15.72220
2019-03-05,15.84080
2019-03-06,15.92350
2019-03-07,15.84950
2019-03-08,15.82380
2019-03-11,16.02130
2019-03-12,16.10190
2019-03-13,16.02590
2019-03-14,16.00760
2019-03-15,16.16380
2019-03-18,16.15200
2019-03-19,16.25610
2019-03-20,16.16980
2019-03-22,16.11020
2019-03-25,16.02610
2019-03-26,16.09000
2019-03-27,16.09380
2019-03-28,16.25450
2019-03-29,16.35810
2019-04-01,16.39810
2019-04-02,16.44160
2019-04-03,16.27690
2019-04-04,16.19580
2019-04-05,16.30510
2019-04-08,16.23690
2019-04-09,16.32810
2019-04-10,16.25140
2019-04-11,16.21690
2019-04-12,16.29880
2019-04-15,16.33510
2019-04-16,16.40530
2019-04-18,16.33400
2019-04-22,16.16060
2019-04-23,16.13130
2019-04-24,16.24780
2019-04-25,16.12850
2019-04-26,16.26560
2019-04-30,16.30350
2019-05-02,16.19490
2019-05-03,16.09780
2019-05-06,16.07150
2019-05-07,15.96260
2019-05-08,15.80670
2019-05-09,15.78000
2019-05-10,15.69740
2019-05-13,15.54040
2019-05-14,15.55530
2019-05-15,15.48480
2019-05-16,15.60180
2019-05-17,15.66640
2019-05-20,16.03050
2019-05-21,15.85700
2019-05-22,15.85810
2019-05-23,15.79530
2019-05-24,15.98370
2019-05-27,16.13230
2019-05-28,16.21430
2019-05-29,16.15590
2019-05-30,16.27540
2019-05-31,16.29500
2019-06-03,16.40820
2019-06-04,16.28740
2019-06-06,16.10600
2019-06-07,16.11710
2019-06-10,16.18080
2019-06-11,16.22430
2019-06-12,16.15830
2019-06-13,16.13890
2019-06-14,16.05730
2019-06-17,15.92030
2019-06-18,15.98870
2019-06-19,15.95070
2019-06-20,16.07200
2019-06-21,15.98490
2019-06-24,15.96290
2019-06-25,16.04850
2019-06-26,16.07140
2019-06-27,16.08630
2019-06-28,15.47430
2019-07-01,15.45340
2019-07-02,15.50040
2019-07-03,15.46310
2019-07-04,15.50120
2019-07-05,15.23610
2019-07-08,14.99210
2019-07-09,14.97630
2019-07-10,14.86610
2019-07-11,14.96780
2019-07-12,15.00080
2019-07-15,15.07530
2019-07-16,15.14390
2019-07-17,15.18670
2019-07-18,15.02140
2019-07-19,14.88890
2019-07-22,14.88180
2019-07-23,14.93530
2019-07-24,14.87440
2019-07-25,14.91500
2019-07-26,14.89300
2019-07-29,14.78270
2019-07-30,14.68720
2019-07-31,14.78480
2019-08-01,14.59300
2019-08-02,14.53670
2019-08-05,14.44280
2019-08-06,14.56250
2019-08-07,14.55880
2019-08-08,14.75130
2019-08-09,14.76280
2019-08-13,14.50130
2019-08-14,14.66190
2019-08-16,14.68110
2019-08-19,14.67740
2019-08-20,14.67290
2019-08-21,14.56590
2019-08-22,14.41760
2019-08-23,14.57850
2019-08-26,14.74000
2019-08-27,14.79310
2019-08-28,14.78420
2019-08-29,14.77910
2019-08-30,14.88610
2019-09-03,14.71060
2019-09-04,14.78430
2019-09-05,14.88250
2019-09-06,15.00510
2019-09-09,15.03870
2019-09-11,14.95850
2019-09-12,14.91170
2019-09-13,15.07440
2019-09-16,15.03580
2019-09-17,14.83960
2019-09-18,14.91810
2019-09-19,14.74950
2019-09-20,15.24470
2019-09-23,15.42970
2019-09-24,15.45770
2019-09-25,15.34820
2019-09-26,15.53630
2019-09-27,15.45740
2019-09-30,15.49450
2019-10-01,15.37070
2019-10-03,15.33430
2019-10-04,15.23330
2019-10-07,15.12820
2019-10-09,15.18550
2019-10-10,15.06710
2019-10-11,15.14990
2019-10-14,15.19640
2019-10-15,15.29270
2019-10-16,15.35420
2019-10-17,15.44960
2019-10-18,15.63180
2019-10-22,15.44190
2019-10-23,15.54400
2019-10-24,15.49120
2019-10-25,15.51350
2019-10-29,15.79460
2019-10-30,15.91230
2019-10-31,15.97720
2019-11-01,15.96180
2019-11-04,16.00500
2019-11-05,15.91030
2019-11-06,15.95640
2019-11-07,15.92130
2019-11-08,15.70640
2019-11-11,15.73370
2019-11-13,15.60210
2019-11-14,15.64920
2019-11-15,15.59970
2019-11-18,15.63120
2019-11-19,15.61790
2019-11-20,15.65560
2019-11-21,15.52630
2019-11-22,15.42240
2019-11-25,15.57030
2019-11-26,15.50660
2019-11-27,15.56780
2019-11-28,15.66190
2019-11-29,15.61320
2019-12-02,15.47720
2019-12-03,15.39260
2019-12-04,15.51530
2019-12-05,15.49190
2019-12-06,15.37890
2019-12-09,15.38800
2019-12-10,15.20200
2019-12-11,15.26250
2019-12-12,15.31250
2019-12-13,15.43990
2019-12-16,15.38710
2019-12-17,15.49500
2019-12-18,15.48580
2019-12-19,15.51170
2019-12-20,15.53270
2019-12-23,15.57060
2019-12-24,14.86420
2019-12-26,14.83680
2019-12-27,14.97860
2019-12-30,15.00280
2019-12-31,14.94980
2020-01-01,14.99940
2020-01-02,15.06080
2020-01-03,15.07340
2020-01-06,14.83640
2020-01-07,14.85680
2020-01-08,14.82820
2020-01-09,14.94830
2020-01-10,15.04870
2020-01-13,15.19260
2020-01-14,15.32360
2020-01-15,15.38090
2020-01-16,15.36450
2020-01-17,15.35710
2020-01-20,15.28670
2020-01-21,15.20860
2020-01-22,15.15030
2020-01-23,15.26800
2020-01-24,15.36450
2020-01-27,15.26100
2020-01-28,15.21600
2020-01-29,15.28870
2020-01-30,15.14600
2020-01-31,14.98580
2020-02-03,14.71430
2020-02-04,15.02480
2020-02-05,15.10710
2020-02-06,15.15320
2020-02-07,15.20810
2020-02-10,15.08630
2020-02-11,15.13910
2020-02-12,15.22150
2020-02-13,15.22220
2020-02-14,15.14900
2020-02-17,15.08360
2020-02-18,15.06310
2020-02-19,15.24470
2020-02-20,15.21690
2020-02-24,14.96080
2020-02-25,14.94470
2020-02-26,14.76930
2020-02-27,14.74520
2020-02-28,14.18980
2020-03-02,14.10100
2020-03-03,14.35950
2020-03-04,14.28150
2020-03-05,14.27330
2020-03-06,13.97920
2020-03-09,13.38470
2020-03-11,13.31800
2020-03-12,12.24110
2020-03-13,12.57770
2020-03-16,11.80120
2020-03-17,11.62400
2020-03-18,11.18220
2020-03-19,10.87860
2020-03-20,11.58650
2020-03-23,10.38290
2020-03-24,10.65660
2020-03-25,11.02600
2020-03-26,11.32110
2020-03-27,11.31840
2020-03-30,11.16100
2020-03-31,11.64330
2020-04-01,11.32410
2020-04-03,11.27040
2020-04-07,11.93870
2020-04-08,12.02350
2020-04-09,12.28710
2020-04-13,12.15350
2020-04-15,12.25420
2020-04-16,12.36020
2020-04-17,12.53390
2020-04-20,12.57910
2020-04-21,12.21830
2020-04-22,12.36200
2020-04-23,12.51640
2020-04-24,12.22970
2020-04-27,12.40510
2020-04-28,12.43470
2020-04-29,12.56560
2020-04-30,12.94510
2020-05-04,12.35200
2020-05-05,12.29070
2020-05-06,12.34060
2020-05-07,12.29250
2020-05-08,12.30500
2020-05-11,12.34260
2020-05-12,12.37810
2020-05-13,12.50850
2020-05-14,12.29920
2020-05-15,12.35170
2020-05-18,12.05580
2020-05-19,12.14030
2020-05-20,12.28790
2020-05-21,12.38980
2020-05-22,12.41950
2020-05-26,12.44950
2020-05-27,12.58140
2020-05-28,12.67580
2020-05-29,12.84740
2020-06-01,13.01560
2020-06-02,13.10420
2020-06-03,13.15580
2020-06-04,13.24170
2020-06-05,13.34610
2020-06-08,13.52550
2020-06-09,13.43210
2020-06-10,13.47800
2020-06-11,13.25680
2020-06-12,13.22850
2020-06-15,13.07220
2020-06-16,13.09450
2020-06-17,13.11660
2020-06-18,13.32950
2020-06-19,13.38540
2020-06-22,13.57520
2020-06-23,13.76300
2020-06-24,13.64260
2020-06-25,13.68200
2020-06-26,13.87130
2020-06-29,13.72500
2020-06-30,13.68560
2020-07-01,13.72320
2020-07-02,13.90220
2020-07-03,14.02920
2020-07-06,14.13020
2020-07-07,14.12760
2020-07-08,14.06470
2020-07-09,14.04960
2020-07-10,14.00500
2020-07-13,14.11820
2020-07-14,13.99240
2020-07-15,14.15750
2020-07-16,14.40890
2020-07-17,14.54620
2020-07-20,14.67240
2020-07-21,14.75770
2020-07-22,14.71550
2020-07-23,14.74810
2020-07-24,14.80790
2020-07-27,14.82560
2020-07-28,14.96610
2020-07-29,14.92640
2020-07-30,14.80900
2020-07-31,14.86890
2020-08-03,14.86140
2020-08-04,14.87450
2020-08-05,14.97410
2020-08-06,15.19010
2020-08-07,15.19680
2020-08-10,15.27970
2020-08-11,15.30130
2020-08-12,15.21330
2020-08-13,15.25860
2020-08-14,15.17790
2020-08-17,15.30530
2020-08-18,15.37260
2020-08-19,15.41530
2020-08-20,15.40040
2020-08-21,15.53990
2020-08-24,15.53350
2020-08-25,15.47980
2020-08-26,15.55440
2020-08-27,15.52220
2020-08-28,15.49980
2020-08-31,15.07960
2020-09-01,15.10460
2020-09-02,15.24280
2020-09-03,15.28020
2020-09-04,15.04280
2020-09-07,15.03820
2020-09-08,15.01040
2020-09-09,14.90910
2020-09-10,15.01180
2020-09-11,15.11390
2020-09-14,15.35950
2020-09-15,15.46660
2020-09-16,15.48350
2020-09-17,15.45770
2020-09-18,15.45540
2020-09-21,15.11460
2020-09-22,14.54230
2020-09-23,14.50510
2020-09-24,14.06600
2020-09-25,14.36110
2020-09-28,14.58600
2020-09-29,14.52820
2020-09-30,14.57720
2020-10-01,14.67430
2020-10-05,14.81740
2020-10-06,14.88160
2020-10-07,14.82720
2020-10-08,14.97460
2020-10-09,14.97320
2020-10-12,15.01950
2020-10-13,15.05110
2020-10-14,15.00080
2020-10-15,14.78730
2020-10-16,14.89100
2020-10-19,14.94670
2020-10-20,14.95350
2020-10-21,14.97050
2020-10-22,15.03510
2020-10-23,15.09250
2020-10-26,14.87930
2020-10-27,14.89420
2020-10-28,14.74960
2020-10-29,14.66860
2020-10-30,14.72050
2020-11-02,14.71140
2020-11-03,14.77070
2020-11-04,14.85480
2020-11-05,15.13960
2020-11-06,15.17220
2020-11-09,15.35160
2020-11-10,15.20000
2020-11-11,15.42890
2020-11-12,15.50480
2020-11-13,15.56070
2020-11-17,15.63750
2020-11-18,15.54650
2020-11-19,15.50700
2020-11-20,15.64850
2020-11-23,15.84930
2020-11-24,15.98490
2020-11-25,15.79790
2020-11-26,15.87560
2020-11-27,15.94680
2020-12-01,16.14540
2020-12-02,16.27780
2020-12-03,16.36500
2020-12-04,16.46690
2020-12-07,16.61830
2020-12-08,16.58150
2020-12-09,16.70220
2020-12-10,16.72880
2020-12-11,16.83210
2020-12-14,16.93660
2020-12-15,16.87830
2020-12-16,16.98330
2020-12-17,16.92170
2020-12-18,16.97590
2020-12-21,16.38980
2020-12-22,16.66910
2020-12-23,17.01140
2020-12-24,17.06380
2020-12-28,17.19760
2020-12-29,17.21960
2020-12-30,17.28260
2020-12-31,17.24290
2021-01-01,17.32460
2021-01-04,17.65240
2021-01-05,17.76880
2021-01-06,17.71870
2021-01-07,17.75220
2021-01-08,18.01830
2021-01-11,18.21550
2021-01-12,18.21240
2021-01-13,18.27910
2021-01-14,18.38100
2021-01-15,18.10480
2021-01-18,17.80260
2021-01-19,18.03260
2021-01-20,18.14050
2021-01-21,17.91110
2021-01-22,17.77670
2021-01-25,17.64340
2021-01-27,17.48920
2021-01-28,17.33790
2021-01-29,17.13220
2021-02-01,17.46000
2021-02-02,17.66090
2021-02-03,17.86450
2021-02-04,18.03190
2021-02-05,17.98150
2021-02-08,18.20250
2021-02-09,18.11230
2021-02-10,18.09800
2021-02-11,18.17750
2021-02-12,18.09070
2021-02-15,18.09910
2021-02-16,18.10100
2021-02-17,18.10980
2021-02-18,18.30340
2021-02-19,18.15210
2021-02-22,17.91990
2021-02-23,18.10850
2021-02-24,18.20320
2021-02-25,18.37240
2021-02-26,17.97900
2021-03-01,18.19810
2021-03-02,18.58760
2021-03-03,18.79320
2021-03-04,18.73600
2021-03-05,18.48280
2021-03-08,18.56300
2021-03-09,18.48130
2021-03-10,18.68470
2021-03-12,18.60290
2021-03-15,18.62930
2021-03-16,18.72940
2021-03-17,18.42480
2021-03-18,18.19320
2021-03-19,18.39730
2021-03-22,18.55680
2021-03-23,18.04740
2021-03-24,17.72840
2021-03-25,17.45890
2021-03-26,17.68060
2021-03-30,18.12320
2021-03-31,18.11910
2021-04-01,18.30760
2021-04-05,18.20210
2021-04-06,18.22320
2021-04-07,18.37470
2021-04-08,18.56710
2021-04-09,18.58560
2021-04-12,17.98480
2021-04-13,18.01070
2021-04-15,18.05540
2021-04-16,18.16330
2021-04-19,17.94990
2021-04-20,17.84450
2021-04-22,17.90830
2021-04-23,17.89560
2021-04-26,18.06100
2021-04-27,18.19590
2021-04-28,18.26080
2021-04-29,18.31680
2021-04-30,18.25980
2021-05-03,18.37590
2021-05-04,18.34750
2021-05-05,18.53540
2021-05-06,18.76870
2021-05-07,18.94960
2021-05-10,19.16390
2021-05-11,19.27310
2021-05-12,19.01850
2021-05-14,18.87330
2021-05-17,19.00300
2021-05-18,19.21780
2021-05-19,19.22240
2021-05-20,19.07800
2021-05-21,19.23330
2021-05-24,19.29150
2021-05-25,19.38170
2021-05-26,19.43570
2021-05-27,19.51300
2021-05-28,19.51040
2021-05-31,19.66370
2021-06-01,19.63950
2021-06-02,19.64720
2021-06-03,19.74030
2021-06-04,19.78720
2021-06-07,20.01780
2021-06-08,20.06740
2021-06-09,19.94530
2021-06-10,20.12010
2021-06-11,20.25870
2021-06-14,20.29990
2021-06-15,20.39470
2021-06-16,20.39700
2021-06-17,20.34250
2021-06-18,20.19320
2021-06-21,20.29020
2021-06-22,20.33700
2021-06-23,20.26210
2021-06-24,20.44020
2021-06-25,20.56350
2021-06-28,20.59000
2021-06-29,20.53110
2021-06-30,20.56830
2021-07-01,20.61320
2021-07-02,20.62610
2021-07-05,20.71310
2021-07-06,20.63110
2021-07-07,20.73830
2021-07-08,20.65360
2021-07-09,20.68550
2021-07-12,20.63790
2021-07-13,20.65510
2021-07-14,20.92740
2021-07-15,21.03300
2021-07-16,21.01600
2021-07-19,20.96980
2021-07-20,20.84840
2021-07-22,21.10470
2021-07-23,21.20430
2021-07-26,21.22160
2021-07-27,21.16140
2021-07-28,21.17050
2021-07-29,21.30790
2021-07-30,21.41070
2021-08-02,21.57690
2021-08-03,21.77150
2021-08-04,21.65700
2021-08-05,21.69560
2021-08-06,21.70430
2021-08-09,21.69540
2021-08-10,21.58900
2021-08-11,21.54760
2021-08-12,21.83310
2021-08-13,21.97110
2021-08-16,21.96030
2021-08-17,22.19590
2021-08-18,22.19480
2021-08-20,21.88860
2021-08-23,21.90070
2021-08-24,22.05390
2021-08-25,22.15540
2021-08-26,22.12200
2021-08-27,22.27400
2021-08-30,22.47840
2021-08-31,22.72380
2021-09-01,22.63330
2021-09-02,22.87460
2021-09-03,22.98750
2021-09-06,23.06980
2021-09-07,22.92430
2021-09-08,22.95110
2021-09-09,23.03340
2021-09-13,23.13900
2021-09-14,23.26150
2021-09-15,23.54800
2021-09-16,23.60660
2021-09-17,23.43250
2021-09-20,23.06310
2021-09-21,23.31620
2021-09-22,23.52950
2021-09-23,23.74240
2021-09-24,23.61760
2021-09-27,23.37240
2021-09-28,23.31380
2021-09-29,23.41200
2021-09-30,23.31980
2021-10-01,23.21110
2021-10-04,23.43400
2021-10-05,23.59380
2021-10-06,23.37280
2021-10-07,23.53140
2021-10-08,23.65630
2021-10-11,23.65690
2021-10-12,23.68760
2021-10-13,23.87070
2021-10-14,24.12920
2021-10-18,24.44920
2021-10-19,24.45530
2021-10-20,24.13000
2021-10-21,23.84900
2021-10-22,23.57810
2021-10-25,23.41250
2021-10-26,23.59070
2021-10-27,23.67130
2021-10-28,23.18070
2021-10-29,23.05270
2021-11-01,23.41550
2021-11-02,23.36690
2021-11-03,23.26840
2021-11-08,23.83300
2021-11-09,23.81250
2021-11-10,23.73380
2021-11-11,23.61090
2021-11-12,23.86970
2021-11-15,23.91380
2021-11-16,23.85570
2021-11-17,23.86390
2021-11-18,23.46380
2021-11-22,22.96090
2021-11-23,22.44820
2021-11-24,22.30860
2021-11-25,22.43290
2021-11-26,21.81960
2021-11-29,21.65560
2021-11-30,21.63960
2021-12-01,21.82410
2021-12-02,22.13340
2021-12-03,22.03550
2021-12-06,21.65280
2021-12-07,21.93730
2021-12-08,22.22440
2021-12-09,22.32830
2021-12-10,22.36540
2021-12-13,22.34820
2021-12-14,22.28770
2021-12-15,22.10760
2021-12-16,22.11950
2021-12-17,21.91050
2021-12-20,21.31180
2021-12-21,21.56850
2021-12-22,21.80450
2021-12-23,22.07780
2021-12-24,22.04930
2021-12-27,22.20030
2021-12-28,22.43960
2021-12-29,22.38060
2021-12-30,22.45430
2021-12-31,22.59000
2022-01-03,22.78920
2022-01-04,22.91060
2022-01-05,22.77750
2022-01-06,22.60970
2022-01-07,22.67390
2022-01-10,22.82150
2022-01-11,22.83460
2022-01-12,22.94300
2022-01-13,23.09730
2022-01-14,23.14780
2022-01-17,23.24800
2022-01-18,22.84750
2022-01-19,22.67640
2022-01-20,22.50680
2022-01-21,22.13070
2022-01-24,21.49540
2022-01-25,21.65340
2022-01-27,21.23050
2022-01-28,21.41080
2022-01-31,21.79760
2022-02-01,22.00980
2022-02-02,22.14600
2022-02-03,21.89020
2022-02-04,21.86170
2022-02-07,21.67060
2022-02-08,21.62500
2022-02-09,21.80150
2022-02-10,21.94860
2022-02-11,21.63100
2022-02-14,21.08160
2022-02-15,21.52210
2022-02-16,21.52190
2022-02-17,21.51420
2022-02-18,21.46340
2022-02-21,21.30210
2022-02-22,21.18420
2022-02-23,21.19090
2022-02-24,20.23440
2022-02-25,20.78390
2022-02-28,21.15910
2022-03-02,21.17400
2022-03-03,21.29000
2022-03-04,21.15760
2022-03-07,20.98840
2022-03-08,21.23550
2022-03-09,21.45590
2022-03-10,21.54490
2022-03-11,21.68270
2022-03-14,21.78460
2022-03-15,21.40950
2022-03-16,21.71350
2022-03-17,21.82850
2022-03-21,21.69120
2022-03-22,21.91480
2022-03-23,21.93580
2022-03-24,22.07150
2022-03-25,21.89770
2022-03-28,21.90430
2022-03-29,21.95980
2022-03-30,22.01790
2022-03-31,22.06150
2022-04-01,22.30030
2022-04-04,22.49990
2022-04-05,22.63390
2022-04-06,22.54260
2022-04-07,22.43290
2022-04-08,22.59360
2022-04-11,22.55660
2022-04-12,22.25470
2022-04-13,22.37090
2022-04-18,22.03970
2022-04-19,21.68910
2022-04-20,21.80520
2022-04-21,21.94850
2022-04-22,21.77480
2022-04-25,21.27100
2022-04-26,21.40780
2022-04-27,21.26260
2022-04-28,21.51640
2022-04-29,21.30950
2022-05-02,21.15290
2022-05-04,20.86910
2022-05-05,21.06180
2022-05-06,20.92280
2022-05-09,20.71280
2022-05-10,20.44870
2022-05-11,20.26840
2022-05-12,19.96640
2022-05-13,19.93360
2022-05-16,19.97510
2022-05-17,20.47090
2022-05-18,20.48240
2022-05-19,19.95750
2022-05-20,20.29190
2022-05-23,20.20790
2022-05-24,19.96130
2022-05-25,19.69750
2022-05-26,19.92350
2022-05-27,20.07480
2022-05-30,20.41510
2022-05-31,20.53140
2022-06-01,20.44340
2022-06-02,20.59750
2022-06-03,20.50710
2022-06-06,20.51250
2022-06-07,20.38560
2022-06-08,20.35800
2022-06-09,20.54210
2022-06-10,20.31060
2022-06-13,19.69920
2022-06-14,19.60870
2022-06-15,19.59510
2022-06-16,19.15770
2022-06-17,18.99510
2022-06-20,18.87940
2022-06-21,19.27270
2022-06-22,19.05920
2022-06-23,19.23580
2022-06-24,19.24630
2022-06-27,19.51370
2022-06-28,19.61540
2022-06-29,19.55120
2022-06-30,19.42550
2022-07-01,19.49440
2022-07-04,19.59950
2022-07-05,19.52440
2022-07-06,19.73160
2022-07-07,19.94530
2022-07-08,20.02840
2022-07-11,19.96900
2022-07-12,19.82160
2022-07-13,19.84070
2022-07-14,19.74350
2022-07-15,19.89410
2022-07-18,20.20280
2022-07-19,20.25860
2022-07-20,20.51920
2022-07-21,20.71200
2022-07-22,20.68630
2022-07-25,20.70230
2022-07-26,20.36100
2022-07-27,20.56610
2022-07-28,20.79160
2022-07-29,21.10560
2022-08-01,21.29780
2022-08-02,21.26700
2022-08-03,21.30600
2022-08-04,21.39030
2022-08-05,21.42910
2022-08-08,21.49090
2022-08-10,21.39920
2022-08-11,21.49500
2022-08-12,21.55730
2022-08-16,21.71310
2022-08-17,21.87970
2022-08-18,21.84720
2022-08-19,21.65360
2022-08-22,21.38690
2022-08-23,21.39230
2022-08-24,20.79740
2022-08-25,20.69610
2022-08-26,20.80230
2022-08-29,20.51120
2022-08-30,20.89430
2022-09-01,20.73190
2022-09-02,20.66810
2022-09-05,20.74550
2022-09-06,20.74430
2022-09-07,20.82000
2022-09-08,20.95580
2022-09-09,21.10550
2022-09-12,21.25680
2022-09-13,21.28700
2022-09-14,21.12690
2022-09-15,21.01230
2022-09-16,20.55350
2022-09-19,20.58380
2022-09-20,20.76230
2022-09-21,20.70540
2022-09-22,20.74420
2022-09-23,20.48800
2022-09-26,20.10670
2022-09-27,20.18520
2022-09-28,20.08040
2022-09-29,20.10830
2022-09-30,20.24330
2022-10-03,20.05300
2022-10-04,20.43750
2022-10-06,20.60160
2022-10-07,20.53350
2022-10-10,20.48490
2022-10-11,20.17160
2022-10-12,20.29770
2022-10-13,20.18880
2022-10-14,20.30570
2022-10-17,20.38750
2022-10-18,20.50310
2022-10-19,20.47030
2022-10-20,20.66150
2022-10-21,20.55590
2022-10-25,20.66630
2022-10-27,20.72710
2022-10-28,20.67150
2022-10-31,20.87880
2022-11-01,21.08890
2022-11-02,21.11410
2022-11-03,21.02810
2022-11-04,20.93900
2022-11-07,21.01130
2022-11-09,20.91180
2022-11-10,20.80200
2022-11-11,21.10420
2022-11-14,21.09460
2022-11-15,21.13510
2022-11-16,21.07890
2022-11-17,20.96100
2022-11-18,20.86020
2022-11-21,20.72350
2022-11-22,20.79040
2022-11-23,20.80670
2022-11-24,21.07050
2022-11-25,21.18530
2022-11-28,21.26360
2022-11-29,21.34650
2022-11-30,21.44880
2022-12-01,21.58140
2022-12-02,21.60690
2022-12-05,21.61930
2022-12-06,21.44190
2022-12-07,21.40330
2022-12-08,21.41400
2022-12-09,21.24390
2022-12-12,21.25750
2022-12-13,21.33420
2022-12-14,21.45220
2022-12-15,21.18610
2022-12-16,20.99980
2022-12-19,21.11290
2022-12-20,21.08210
2022-12-21,20.93390
2022-12-22,20.82940
2022-12-23,20.37610
2022-12-26,20.60670
2022-12-27,20.76490
2022-12-28,20.74500
2022-12-29,20.79210
2022-12-30,20.78800
2023-01-02,20.90360
2023-01-03,20.94690
2023-01-04,20.77690
2023-01-05,20.89040
2023-01-06,20.74030
2023-01-09,20.93610
2023-01-10,20.83460
2023-01-11,20.82050
2023-01-12,20.79540
2023-01-13,20.88700
2023-01-16,20.92240
2023-01-17,21.05200
2023-01-18,21.17340
2023-01-19,21.13650
2023-01-20,21.00400
2023-01-23,21.16090
2023-01-24,21.17760
2023-01-25,21.02470
2023-01-27,20.81880
2023-01-30,20.80400
2023-01-31,20.91860
2023-02-01,20.89360
2023-02-02,20.98830
2023-02-03,21.03260
2023-02-06,21.05540
2023-02-07,20.93900
2023-02-08,21.09630
2023-02-09,21.11100
2023-02-10,21.09830
2023-02-13,20.98010
2023-02-14,21.08000
2023-02-15,21.21260
2023-02-16,21.41770
2023-02-17,21.33060
2023-02-20,21.33160
2023-02-21,21.31800
2023-02-22,21.15030
2023-02-23,21.14800
2023-02-24,21.13340
2023-02-27,20.87870
2023-02-28,20.76820
2023-03-01,20.96720
2023-03-02,20.87190
2023-03-03,20.98670
2023-03-06,21.22960
2023-03-08,21.30790
2023-03-09,21.19010
2023-03-10,21.11210
2023-03-13,20.89030
2023-03-14,20.74830
2023-03-15,20.75130
2023-03-16,20.75850
2023-03-17,20.79050
2023-03-20,20.65870
2023-03-21,20.64630
2023-03-22,20.65440
2023-03-23,20.60150
2023-03-24,20.43810
2023-03-27,20.37650
2023-03-28,20.24780
2023-03-29,20.41590
2023-03-31,20.70010
2023-04-03,20.71240
2023-04-05,20.87430
2023-04-06,20.90060
2023-04-10,21.02130
2023-04-11,21.06470
2023-04-12,21.12100
2023-04-13,20.96680
2023-04-17,20.71680
2023-04-18,20.74730
2023-04-19,20.65530
2023-04-20,20.68220
2023-04-21,20.66910
2023-04-24,20.74190
2023-04-25,20.77310
2023-04-26,20.83140
2023-04-27,20.94760
2023-04-28,21.10840
2023-05-02,21.29950
2023-05-03,21.26530
2023-05-04,21.38510
2023-05-05,21.24340
2023-05-08,21.49180
2023-05-09,21.52210
2023-05-10,21.62010
2023-05-11,21.69780
2023-05-12,21.60930
2023-05-15,21.76170
2023-05-16,21.78160
2023-05-17,21.69870
2023-05-18,21.55890
2023-05-19,21.60690
2023-05-22,21.79330
2023-05-23,21.83400
2023-05-24,21.82950
2023-05-25,21.87850
2023-05-26,22.05950
2023-05-29,22.11830
2023-05-30,22.13120
2023-05-31,22.11820
2023-06-01,22.14800
2023-06-02,22.20310
2023-06-05,22.24130
2023-06-06,22.15560
2023-06-07,22.36000
2023-06-08,22.20230
2023-06-09,22.04780
2023-06-12,22.21280
2023-06-13,22.36480
2023-06-14,22.39780
2023-06-15,22.38270
2023-06-16,22.48080
2023-06-19,22.47010
2023-06-20,22.51450
2023-06-21,22.54360
2023-06-22,22.45030
2023-06-23,22.30130
2023-06-26,22.40950
2023-06-27,22.52080
2023-06-28,22.61070
2023-06-30,22.87130
2023-07-03,22.99890
2023-07-04,23.04160
2023-07-05,23.25340
2023-07-06,23.39540
2023-07-07,23.21450
2023-07-10,23.21050
2023-07-11,23.33730
2023-07-12,23.27310
2023-07-13,23.28130
2023-07-14,23.66370
2023-07-17,23.74960
2023-07-18,23.75980
2023-07-19,23.83590
2023-07-20,23.93790
2023-07-21,23.76920
2023-07-24,23.70320
2023-07-25,23.85740
2023-07-26,23.94590
2023-07-27,23.92960
2023-07-28,23.98600
2023-07-31,24.24800
2023-08-01,24.29500
2023-08-02,23.97780
2023-08-03,23.94410
2023-08-04,24.08560
2023-08-07,24.21740
2023-08-08,24.24080
2023-08-09,24.40350
2023-08-10,24.30820
2023-08-11,24.16550
2023-08-14,24.13940
2023-08-16,24.16150
2023-08-17,24.11960
2023-08-18,24.00600
2023-08-21,24.15600
2023-08-22,24.23430
2023-08-23,24.28610
2023-08-24,24.32570
2023-08-25,24.14820
2023-08-28,24.19830
2023-08-29,24.25880
2023-08-30,24.33020
2023-08-31,24.25000
2023-09-01,24.55550
2023-09-04,24.79380
2023-09-05,24.84440
2023-09-06,24.89990
2023-09-07,25.02740
2023-09-08,25.17230
2023-09-11,25.33510
2023-09-12,24.99820
2023-09-13,25.15420
2023-09-14,25.26800
2023-09-15,25.36390
2023-09-18,25.34990
2023-09-20,25.17630
2023-09-21,24.97360
2023-09-22,24.95750
2023-09-25,24.94300
2023-09-26,24.95240
2023-09-27,25.01160
2023-09-29,24.95610
2023-10-03,24.89090
2023-10-04,24.74420
2023-10-05,24.79350
2023-10-06,24.91740
2023-10-09,24.71230
2023-10-10,24.93810
2023-10-11,24.98650
2023-10-12,25.05620
2023-10-13,24.92850
2023-10-16,24.97770
2023-10-17,25.10880
2023-10-18,24.95090
2023-10-19,24.95170
2023-10-20,24.71180
2023-10-23,24.30830
2023-10-25,24.21840
2023-10-26,23.90140
2023-10-27,24.11160
2023-10-30,24.13510
2023-10-31,24.12850
2023-11-01,24.02930
2023-11-02,24.22070
2023-11-03,24.38720
2023-11-06,24.56770
2023-11-07,24.62750
2023-11-08,24.69440
2023-11-09,24.61710
2023-11-10,24.70760
2023-11-13,24.86300
2023-11-15,25.22450
2023-11-16,25.44650
2023-11-17,25.43830
2023-11-20,25.43960
2023-11-21,25.47460
2023-11-22,25.50310
2023-11-23,25.57440
2023-11-24,25.49180
2023-11-28,25.60590
2023-11-29,25.82890
2023-11-30,26.01330
2023-12-01,26.19480
2023-12-04,26.67200
2023-12-05,26.77080
2023-12-06,26.84050
2023-12-07,26.90780
2023-12-08,26.86000
2023-12-11,26.92750
2023-12-12,26.81400
2023-12-13,26.87980
2023-12-14,27.14300
2023-12-15,27.48290
2023-12-18,27.50070
2023-12-19,27.60990
2023-12-20,27.12340
2023-12-21,27.33390
2023-12-22,27.57440
2023-12-26,27.76100
2023-12-27,27.86630
2023-12-28,28.07360
2023-12-29,28.15500
2024-01-01,28.24820
2024-01-02,28.16820
2024-01-03,28.05140
2024-01-04,28.20400
2024-01-05,28.25860
2024-01-08,27.91780
2024-01-09,27.99920
2024-01-10,27.98690
2024-01-11,28.14960
2024-01-12,28.39570
2024-01-15,28.62170
2024-01-16,28.53820
2024-01-17,28.16690
2024-01-18,28.03110
2024-01-19,28.36360
2024-01-23,27.78760
2024-01-24,27.50140
2024-01-25,27.39520
2024-01-29,27.69570
2024-01-30,27.59280
2024-01-31,27.86700
2024-02-01,27.92290
2024-02-02,28.14610
2024-02-05,28.28350
2024-02-06,28.64750
2024-02-07,28.53940
2024-02-08,28.51670
2024-02-09,28.41510
2024-02-12,27.94670
2024-02-13,28.14370
2024-02-14,28.32840
2024-02-15,28.71310
2024-02-16,28.91670
2024-02-19,28.96780
2024-02-20,29.00810
2024-02-21,28.79810
2024-02-22,29.05780
2024-02-23,29.10440
2024-02-26,28.93180
2024-02-27,28.97600
2024-02-28,28.73040
2024-02-29,28.74300
2024-03-01,29.06500
2024-03-04,29.27020
2024-03-05,29.27580
2024-03-06,29.16580
2024-03-07,29.22450
2024-03-11,28.96980
2024-03-12,28.80060
2024-03-13,28.10980
2024-03-14,28.43030
2024-03-15,28.17730
2024-03-18,28.22350
2024-03-19,27.90510
2024-03-20,27.93740
2024-03-21,28.39920
2024-03-22,28.43720
2024-03-26,28.40900
2024-03-27,28.43230
2024-03-28,28.64830
2024-03-31,28.64420
2024-04-01,28.94720
2024-04-02,29.16520
2024-04-03,29.22830
2024-04-04,29.26020
2024-04-05,29.42790
2024-04-08,29.50180
2024-04-09,29.45260
2024-04-10,29.59410
2024-04-12,29.44330
2024-04-15,29.19490
2024-04-16,29.14030
2024-04-18,29.01010
2024-04-19,29.03170
2024-04-22,29.17460
2024-04-23,29.24790
2024-04-24,29.40160
2024-04-25,29.51930
2024-04-26,29.70320
2024-04-29,29.85400
2024-04-30,29.82360
2024-05-02,30.01690
2024-05-03,29.97340
2024-05-06,29.90440
2024-05-07,29.72880
2024-05-08,29.88440
2024-05-09,29.39030
2024-05-10,29.52370
2024-05-13,29.58680
2024-05-14,29.85410
2024-05-15,29.91250
2024-05-16,30.20200
2024-05-17,30.47000
2024-05-21,30.74110
2024-05-22,30.88100
2024-05-23,31.16540
2024-05-24,31.12910
2024-05-27,31.13710
2024-05-28,31.02740
2024-05-29,30.92820
2024-05-30,30.60340
2024-05-31,30.75370
2024-06-03,31.68050
2024-06-04,29.82650
2024-06-05,30.95730
2024-06-06,31.38910
2024-06-07,32.04660
2024-06-10,32.14250
2024-06-11,32.24430
2024-06-12,32.46310
2024-06-13,32.64530
2024-06-14,32.85160
2024-06-18,33.04680
2024-06-19,32.95110
2024-06-20,33.02610
2024-06-21,32.91230
2024-06-24,33.01580
2024-06-25,33.07930
2024-06-26,33.08580
2024-06-27,33.24420
2024-06-28,33.25380
2024-07-01,33.53820
2024-07-02,33.51910
2024-07-03,33.81720
2024-07-04,33.82580
2024-07-05,33.98310
2024-07-08,34.09880
2024-07-09,34.32890
2024-07-10,34.27360
2024-07-11,34.43560
2024-07-12,34.63810
2024-07-15,34.78390
2024-07-16,34.87180
2024-07-18,34.98280
2024-07-19,34.42580
2024-07-22,34.61450
2024-07-23,34.63620
2024-07-24,34.77970
2024-07-25,34.90680
2024-07-26,35.39690
2024-07-29,35.50640
2024-07-30,35.71390
2024-07-31,35.89400
2024-08-01,35.91450
2024-08-02,35.50000
2024-08-05,34.54670
2024-08-06,34.43450
2024-08-07,35.17610
2024-08-08,35.08970
2024-08-09,35.44990
2024-08-12,35.52250
2024-08-13,35.28990
2024-08-14,35.21400
2024-08-16,35.84380
2024-08-19,35.97610
2024-08-20,36.14080
2024-08-21,36.30780
2024-08-22,36.32440
2024-08-23,36.28970
2024-08-26,36.47510
2024-08-27,36.54260
2024-08-28,36.61510
2024-08-29,36.62360
2024-08-30,36.82560
2024-09-02,36.86600
2024-09-03,36.87630
2024-09-04,36.78660
2024-09-05,36.75160
2024-09-06,36.38850
2024-09-09,36.36240
2024-09-10,36.55230
2024-09-11,36.36300
2024-09-12,36.82010
2024-09-13,36.78090
2024-09-16,36.79370
2024-09-17,36.86850
2024-09-18,36.65760
2024-09-19,36.59490
2024-09-20,36.95500
2024-09-23,37.29840
2024-09-24,37.32340
2024-09-25,37.27070
2024-09-26,37.37670
2024-09-27,37.48560
2024-09-30,37.19320
2024-10-01,37.29060
2024-10-03,36.77480
2024-10-04,36.51820
2024-10-07,36.01410
2024-10-08,36.46760
2024-10-09,36.58490
2024-10-10,36.55700
2024-10-11,35.70000
2024-10-14,35.91700
2024-10-15,35.90450
2024-10-16,35.89320
2024-10-17,35.53760
2024-10-18,35.47390
2024-10-21,35.25110
2024-10-22,34.64450
2024-10-23,34.67610
2024-10-24,34.61690
2024-10-25,34.16360
2024-10-28,34.19510
2024-10-29,34.41570
2024-10-30,34.31260
2024-10-31,34.31130
2024-11-04,34.15900
2024-11-05,34.46760
2024-11-06,34.88440
2024-11-07,34.57210
2024-11-08,34.46870
2024-11-11,34.37380
2024-11-12,33.95600
2024-11-13,33.39640
2024-11-14,33.39210
2024-11-18,33.19320
2024-11-19,33.41720
2024-11-21,33.27060
2024-11-22,33.89470
2024-11-25,34.37930
2024-11-26,34.37720
2024-11-27,34.52520
2024-11-28,34.20310
2024-11-29,34.41370
2024-12-02,34.50490
2024-12-03,34.73990
2024-12-04,34.75460
2024-12-05,34.93250
2024-12-06,34.89290
2024-12-09,34.83830
2024-12-10,34.85160
2024-12-11,34.87010
2024-12-12,34.76220
2024-12-13,34.85600
2024-12-16,34.79490
2024-12-17,34.38070
2024-12-18,34.17710
2024-12-19,33.98120
2024-12-20,33.36810
2024-12-23,33.43950
2024-12-24,33.45760
2024-12-26,33.48200
2024-12-27,33.56340
2024-12-30,33.43380
2024-12-31,33.48220
2025-01-01,33.56640
2025-01-02,34.06730
2025-01-03,33.87660
2025-01-06,33.21770
2025-01-07,33.38160
2025-01-08,33.27270
2025-01-09,33.10450
2025-01-10,32.88380
2025-01-13,32.12340
2025-01-14,32.37130
2025-01-15,32.48880
2025-01-16,32.70320
2025-01-17,32.61470
2025-01-20,32.76060
2025-01-21,32.34100
2025-01-22,32.29280
2025-01-23,32.47180
2025-01-24,32.20700
2025-01-27,31.63270
2025-01-28,31.63980
2025-01-29,32.11110
2025-01-30,32.21710
2025-01-31,32.56370
2025-02-03,32.26120
2025-02-04,32.60830
2025-02-05,32.70060
2025-02-06,32.53920
2025-02-07,32.59740
2025-02-10,32.20860
2025-02-11,31.60300
2025-02-12,31.53460
2025-02-13,31.50310
2025-02-14,31.16300
2025-02-17,31.23880
2025-02-18,31.25020
2025-02-19,31.31120
2025-02-20,31.44350
2025-02-21,31.21960
2025-02-24,30.89250
2025-02-25,30.81330
2025-02-27,30.63150
2025-02-28,29.92910
2025-03-03,29.97270
2025-03-04,29.95770
2025-03-05,30.53140
2025-03-06,30.83590
2025-03-07,30.76260
2025-03-10,30.59240
2025-03-11,30.45480
2025-03-12,30.46700
2025-03-13,30.40290
2025-03-17,30.56710
2025-03-18,31.02860
2025-03-19,31.21540
2025-03-20,31.51440
2025-03-21,31.76760
2025-03-24,32.16390
2025-03-25,32.02330
2025-03-26,31.77800
2025-03-27,31.92900
2025-03-28,31.82040
2025-03-31,31.81550
2025-04-01,31.46340
2025-04-02,31.63730
2025-04-03,31.49520
2025-04-04,30.87380
2025-04-07,30.00050
2025-04-08,30.46110
2025-04-09,30.28160
2025-04-11,30.78460
2025-04-15,31.38780
2025-04-16,31.58530
2025-04-17,31.86590
2025-04-21,32.34730
2025-04-22,32.50010
2025-04-23,32.70660
2025-04-24,32.63570
2025-04-25,32.28060
2025-04-28,32.57840
2025-04-29,32.58500
2025-04-30,32.55730
2025-05-02,32.42870
2025-05-05,32.61770
2025-05-06,32.30980
2025-05-07,32.48510
2025-05-08,32.16930
2025-05-09,31.90540
2025-05-12,32.98700
2025-05-13,32.67460
2025-05-14,32.87940
2025-05-15,33.21270
2025-05-16,33.43210
2025-05-19,33.48420
2025-05-20,33.16190
2025-05-21,33.36220
2025-05-22,33.11320
2025-05-23,33.35100
2025-05-26,33.53160
2025-05-27,33.41370
2025-05-28,33.38650
2025-05-29,33.52150
2025-05-30,33.35480
2025-06-02,33.35020
2025-06-03,33.18790
2025-06-04,33.33630
2025-06-05,33.41120
2025-06-06,33.70170
2025-06-09,33.93300
2025-06-10,33.98790
2025-06-11,34.06110
2025-06-12,33.70490
2025-06-13,33.51880
2025-06-16,33.85000
2025-06-17,33.73320
2025-06-18,33.67020
2025-06-19,33.44790
2025-06-20,33.78940
2025-06-23,33.73640
2025-06-24,33.83220
2025-06-25,34.05180
2025-06-26,34.28480
2025-06-27,34.41990
2025-06-30,34.45470
2025-07-01,34.45070
2025-07-02,34.40160
2025-07-03,34.45390
2025-07-04,34.63560
2025-07-07,34.62690
2025-07-08,34.68480
2025-07-09,34.72820
2025-07-10,34.53160
2025-07-11,34.29270
2025-07-14,34.30320
2025-07-15,34.48960
2025-07-16,34.51760
2025-07-17,34.46010
2025-07-18,34.31190
2025-07-21,34.45760
2025-07-22,34.39180
2025-07-23,34.49310
2025-07-24,34.28750
2025-07-25,33.92350
2025-07-28,33.71220
2025-07-29,33.88480
2025-07-30,33.91840
2025-07-31,33.76510
2025-08-01,33.45110
2025-08-04,33.61150
2025-08-05,33.55440
2025-08-06,33.42670
2025-08-07,33.45190
2025-08-08,33.28920
2025-08-11,33.46630
2025-08-12,33.49530
2025-08-13,33.62930
2025-08-14,33.61440
2025-08-18,34.02350
2025-08-19,34.13660
2025-08-20,34.28860
2025-08-21,34.24470
2025-08-22,34.03530
2025-08-25,34.11710
2025-08-26,33.77290
2025-08-28,33.45860
2025-08-29,33.37580
2025-09-01,33.72580
2025-09-02,33.74100
2025-09-03,33.88860
2025-09-04,33.95670
2025-09-05,33.95270
2025-09-08,34.00290
2025-09-09,34.11370
2025-09-10,34.27080
2025-09-11,34.24760
2025-09-12,34.33240
2025-09-15,34.26990
2025-09-16,34.59780
2025-09-17,34.69980
2025-09-18,34.79580
2025-09-19,34.72680
2025-09-22,34.47750
2025-09-23,34.35660
2025-09-24,34.21680
2025-09-25,34.03180
2025-09-26,33.65300
2025-09-30,33.69560
2025-10-01,33.92550
2025-10-03,34.09270
2025-10-06,34.26100
2025-10-07,34.30450
2025-10-08,34.18240
2025-10-09,34.32790
2025-10-10,34.46400
2025-10-13,34.38000
2025-10-14,34.32720
2025-10-15,34.57210
2025-10-16,34.78880
2025-10-17,33.93800
2025-10-20,33.97600
2025-10-23,34.07860
2025-10-24,33.96680
2025-10-27,34.12640
2025-10-28,34.04110
2025-10-29,34.19230
2025-10-30,34.03880
2025-10-31,33.82760
2025-11-03,33.92360
2025-11-04,33.77380
2025-11-06,33.55320
2025-11-07,33.59370
2025-11-10,33.74460
2025-11-11,33.88770
2025-11-12,34.07880
2025-11-13,34.05800
2025-11-14,34.00590
2025-11-17,34.12380
2025-11-18,33.97040
2025-11-19,34.09570
2025-11-20,34.22740
2025-11-21,34.02850
2025-11-24,33.95450
2025-11-25,33.91650
2025-11-26,34.17690
2025-11-27,34.13550
2025-11-28,34.15060
2025-12-01,34.21150
2025-12-02,34.11110
2025-12-03,34.06450
2025-12-04,34.16640
2025-12-05,34.33800
2025-12-08,34.01290
2025-12-09,33.91900
2025-12-10,33.85710
2025-12-11,34.00560
2025-12-12,34.13180
2025-12-15,34.09490
2025-12-16,33.98190
2025-12-17,33.91880
2025-12-18,33.91760
2025-12-19,34.04720
2025-12-22,34.30730
2025-12-23,34.32410
2025-12-24,34.30200
2025-12-26,34.17060
2025-12-29,34.05810
2025-12-30,34.13090
2025-12-31,34.35640
2026-01-01,34.37640
2026-01-02,34.64870
2026-01-05,34.57470
2026-01-06,34.55060
2026-01-07,34.52080
2026-01-08,34.12300
2026-01-09,33.90050
2026-01-12,33.97370
2026-01-13,34.09730
2026-01-14,34.03900
2026-01-16,34.21540
2026-01-19,34.14830
2026-01-20,33.68590
2026-01-21,33.59330
2026-01-22,33.80290
2026-01-23,33.49300
2026-01-27,33.62680
2026-01-28,33.96810
2026-01-29,34.02640
2026-01-30,33.89820
2026-02-02,33.61590
2026-02-03,34.19950
2026-02-04,34.22190
2026-02-05,34.11820
2026-02-06,34.22050
2026-02-09,34.53300
2026-02-10,34.73110
2026-02-11,34.81850
2026-02-12,34.48930
2026-02-13,34.08360
2026-02-16,34.34850
2026-02-17,34.47010
2026-02-18,34.54120
2026-02-19,34.16050
2026-02-20,34.22130
2026-02-23,34.41740
2026-02-24,34.08700
2026-02-25,34.29530
2026-02-26,34.34000
2026-02-27,33.95790
2026-03-02,33.60870
2026-03-04,33.13480
2026-03-05,33.35950
2026-03-06,33.10810
2026-03-09,32.46440
2026-03-10,32.90560
2026-03-11,32.63680
2026-03-12,32.46430
2026-03-13,31.85800
2026-03-16,31.89890
2026-03-17,32.11880
2026-03-18,32.34330
2026-03-19,31.48870
2026-03-20,31.58940
2026-03-23,30.75380
2026-03-24,31.24130
2026-03-25,31.61590
2026-03-27,31.17650
2026-03-30,30.63170
2026-03-31,30.63020
2026-04-01,31.10180
2026-04-02,31.18850
2026-04-06,31.47570
2026-04-07,31.67470
2026-04-08,32.48960
2026-04-09,32.46310
2026-04-10,32.77000
2026-04-13,32.58940
2026-04-15,33.07810
2026-04-16,33.06630
2026-04-17,33.32200
2026-04-20,33.27870
2026-04-21,33.47770
2026-04-22,33.19980
2026-04-23,32.94040
2026-04-24,32.58700
2026-04-27,32.90300
2026-04-28,32.80090
2026-04-29,33.06840
2026-04-30,32.85720
2026-05-04,32.92210
2026-05-05,32.86720
2026-05-06,33.31430
2026-05-07,33.36670
2026-05-08,33.28130
2026-05-11,32.99490
2026-05-12,32.43480
2026-05-13,32.42890
2026-05-14,32.71310
2026-05-15,32.70890
2026-05-18,32.64030
2026-05-19,32.72370
2026-05-20,32.66170
2026-05-21,32.65370
2026-05-22,32.60840
2026-05-25,32.93110
2026-05-26,32.87910
2026-05-27,32.78680
2026-05-29,32.38440
2026-06-01,32.20110
2026-06-02,32.35390
2026-06-03,32.19790
2026-06-04,32.26180
2026-06-05,32.21990
2026-06-08,32.00080
2026-06-09,32.20420
2026-06-10,32.08830
2026-06-11,32.05610
2026-06-12,32.44840
2026-06-15,32.76370
2026-06-16,32.90360
2026-06-17,33.03060
2026-06-18,33.17530
2026-06-19,33.07870
2026-06-22,33.24500
2026-06-23,32.93160
2026-06-24,33.12640
2026-06-25,33.07900
2026-06-29,32.96800
2026-06-30,32.88090
2026-07-01,32.89920
2026-07-02,33.14090
2026-07-03,33.26960
2026-07-06,33.43140
2026-07-07,33.38650
2026-07-08,32.84000
2026-07-09,32.96060
2026-07-10,33.27900
2026-07-13,33.36490
2026-07-14,33.17080
2026-07-15,33.18480
2026-07-16,33.11870
2026-07-17,33.28310
2026-07-20,33.26550
2026-07-21,33.30680
2026-07-22,33.09470
2026-07-23,32.96150
2026-07-24,32.89320
2026-07-27,33.13930
2026-07-28,33.16090
2026-07-29,33.39900
2026-07-30,33.47850
2026-07-31,33.53930
2026-08-03,33.96080
2026-08-04,33.84210
2026-08-05,33.91910
2026-08-06,33.81970
2026-08-07,33.84540
2026-08-10,33.90180
2026-08-11,33.80210
2026-08-12,33.73650
2026-08-13,33.75790
2026-08-14,33.68140
2026-08-17,33.60600
2026-08-18,33.43620
2026-08-19,33.37140
2026-08-20,33.47120
2026-08-21,33.47850
2026-08-24,33.43150
2026-08-25,33.47520
2026-08-26,33.37280
2026-08-27,33.24260
2026-08-28,33.40280
2026-08-31,33.26730
2026-09-01,33.19670
2026-09-02,32.99860
2026-09-03,33.07390
2026-09-04,33.06160
2026-09-07,32.92270
2026-09-08,32.81970
2026-09-09,32.54440
