Date,NAV
2006-04-03,73.07000
2006-04-04,73.76000
2006-04-05,74.12000
2006-04-07,73.43000
2006-04-10,73.24000
2006-04-12,72.00000
2006-04-13,71.20000
2006-04-17,71.51000
2006-04-18,72.32000
2006-04-19,72.64000
2006-04-20,72.75000
2006-04-21,73.03000
2006-04-24,73.10000
2006-04-25,72.28000
2006-04-26,72.85000
2006-04-27,73.43000
2006-04-28,74.11000
2006-05-02,76.43000
2006-05-03,77.01000
2006-05-04,76.92000
2006-05-05,77.25000
2006-05-08,77.41000
2006-05-09,77.42000
2006-05-10,77.72000
2006-05-11,77.07000
2006-05-12,76.64000
2006-05-15,75.01000
2006-05-16,74.55000
2006-05-17,76.02000
2006-05-18,73.04000
2006-05-19,71.48000
2006-05-22,69.50000
2006-05-23,70.30000
2006-05-24,69.58000
2006-05-25,69.87000
2006-05-26,70.80000
2006-05-29,71.20000
2006-05-30,70.89000
2006-05-31,69.44000
2006-06-01,68.07000
2006-06-02,68.59000
2006-06-05,67.87000
2006-06-06,66.53000
2006-06-07,64.92000
2006-06-08,62.23000
2006-06-09,64.09000
2006-06-12,62.84000
2006-06-13,60.71000
2006-06-14,59.88000
2006-06-15,62.18000
2006-06-16,63.71000
2006-06-19,64.34000
2006-06-20,64.07000
2006-06-21,64.71000
2006-06-22,65.20000
2006-06-23,65.63000
2006-06-26,64.76000
2006-06-27,64.86000
2006-06-28,64.55000
2006-06-29,64.79000
2006-06-30,65.75000
2006-07-03,66.03000
2006-07-04,65.66000
2006-07-05,66.08000
2006-07-06,65.67000
2006-07-07,64.66000
2006-07-10,65.09000
2006-07-11,64.70000
2006-07-12,65.14000
2006-07-13,64.82000
2006-07-14,64.74000
2006-07-17,63.83000
2006-07-18,63.43000
2006-07-19,62.46000
2006-07-20,63.38000
2006-07-21,62.60000
2006-07-24,62.71000
2006-07-25,63.35000
2006-07-26,64.37000
2006-07-27,64.60000
2006-07-28,64.60000
2006-07-31,64.77000
2006-08-01,64.44000
2006-08-02,64.68000
2006-08-03,65.06000
2006-08-04,64.86000
2006-08-07,64.63000
2006-08-08,65.28000
2006-08-09,66.24000
2006-08-10,66.42000
2006-08-11,67.03000
2006-08-14,68.44000
2006-08-16,69.32000
2006-08-17,69.12000
2006-08-18,69.08000
2006-08-21,69.82000
2006-08-22,69.96000
2006-08-23,69.24000
2006-08-24,69.41000
2006-08-25,69.84000
2006-08-28,70.19000
2006-08-29,70.20000
2006-08-30,70.24000
2006-08-31,69.98000
2006-09-01,70.28000
2006-09-04,70.34000
2006-09-05,70.29000
2006-09-06,70.64000
2006-09-07,70.61000
2006-09-08,71.32000
2006-09-11,70.36000
2006-09-12,70.78000
2006-09-13,71.75000
2006-09-14,71.84000
2006-09-15,72.04000
2006-09-18,72.82000
2006-09-19,74.08000
2006-09-20,73.89000
2006-09-21,74.35000
2006-09-22,74.15000
2006-09-25,73.95000
2006-09-26,74.12000
2006-09-27,74.35000
2006-09-28,74.58000
2006-09-29,75.14000
2006-10-03,75.15000
2006-10-04,74.66000
2006-10-05,75.08000
2006-10-06,75.25000
2006-10-09,75.48000
2006-10-10,75.67000
2006-10-11,75.40000
2006-10-12,75.82000
2006-10-13,75.68000
2006-10-16,75.93000
2006-10-17,75.97000
2006-10-18,75.93000
2006-10-19,75.80000
2006-10-20,76.23000
2006-10-23,76.65000
2006-10-26,77.24000
2006-10-27,78.10000
2006-10-30,78.50000
2006-10-31,78.51000
2006-11-01,80.00000
2006-11-02,80.04000
2006-11-03,79.71000
2006-11-06,79.61000
2006-11-07,79.59000
2006-11-08,79.40000
2006-11-09,79.75000
2006-11-10,80.05000
2006-11-12,79.68000
2006-11-13,80.08000
2006-11-14,80.02000
2006-11-15,80.42000
2006-11-16,80.69000
2006-11-17,79.91000
2006-11-20,79.41000
2006-11-21,80.44000
2006-11-22,80.75000
2006-11-23,80.89000
2006-11-24,81.28000
2006-11-27,81.53000
2006-11-28,80.87000
2006-11-29,81.25000
2006-11-30,81.50000
2006-12-01,81.85000
2006-12-04,82.37000
2006-12-05,82.33000
2006-12-06,82.21000
2006-12-07,82.09000
2006-12-08,81.58000
2006-12-11,79.68000
2006-12-12,77.35000
2006-12-13,78.35000
2006-12-14,79.22000
2006-12-15,79.97000
2006-12-18,80.03000
2006-12-19,79.22000
2006-12-20,78.87000
2006-12-21,78.84000
2006-12-22,79.15000
2006-12-26,79.59000
2006-12-27,80.30000
2006-12-28,80.36000
2006-12-29,80.40000
2007-01-02,80.94000
2007-01-03,81.51000
2007-01-04,81.11000
2007-01-05,81.20000
2007-01-08,80.71000
2007-01-09,80.42000
2007-01-10,79.87000
2007-01-11,80.76000
2007-01-12,82.03000
2007-01-15,82.90000
2007-01-16,82.75000
2007-01-17,83.35000
2007-01-18,83.14000
2007-01-19,83.02000
2007-01-22,82.89000
2007-01-23,82.54000
2007-01-24,82.66000
2007-01-25,83.37000
2007-01-29,82.92000
2007-01-31,83.06000
2007-02-01,83.96000
2007-02-02,84.15000
2007-02-05,84.38000
2007-02-06,84.85000
2007-02-07,85.03000
2007-02-08,85.24000
2007-02-09,85.16000
2007-02-12,83.74000
2007-02-13,83.51000
2007-02-14,83.28000
2007-02-15,84.43000
2007-02-19,84.60000
2007-02-20,84.19000
2007-02-21,84.58000
2007-02-22,84.01000
2007-02-23,82.20000
2007-02-26,81.99000
2007-02-27,81.30000
2007-02-28,80.06000
2007-03-01,80.40000
2007-03-02,79.78000
2007-03-05,77.69000
2007-03-06,78.30000
2007-03-07,77.94000
2007-03-08,78.67000
2007-03-09,78.48000
2007-03-12,78.75000
2007-03-13,79.49000
2007-03-14,78.11000
2007-03-15,78.00000
2007-03-16,77.67000
2007-03-19,77.85000
2007-03-20,78.38000
2007-03-21,78.96000
2007-03-22,79.94000
2007-03-23,79.71000
2007-03-26,79.38000
2007-03-28,78.46000
2007-03-29,79.25000
2007-03-30,79.72000
2007-04-02,77.72000
2007-04-03,78.41000
2007-04-04,79.01000
2007-04-05,79.47000
2007-04-09,80.73000
2007-04-10,80.96000
2007-04-11,81.28000
2007-04-12,80.61000
2007-04-13,81.36000
2007-04-16,82.22000
2007-04-17,82.07000
2007-04-18,82.38000
2007-04-19,82.70000
2007-04-20,83.16000
2007-04-23,83.10000
2007-04-24,83.93000
2007-04-25,84.80000
2007-04-26,84.73000
2007-04-27,84.04000
2007-04-30,84.21000
2007-05-03,85.30000
2007-05-04,84.65000
2007-05-07,85.01000
2007-05-08,84.25000
2007-05-09,84.85000
2007-05-10,84.69000
2007-05-11,84.83000
2007-05-14,85.52000
2007-05-15,86.24000
2007-05-16,87.22000
2007-05-17,88.28000
2007-05-18,87.89000
2007-05-21,88.74000
2007-05-22,88.95000
2007-05-23,89.07000
2007-05-24,89.21000
2007-05-25,90.90000
2007-05-28,92.02000
2007-05-29,92.25000
2007-05-30,91.31000
2007-05-31,92.17000
2007-06-01,92.46000
2007-06-04,92.12000
2007-06-05,91.94000
2007-06-06,90.88000
2007-06-07,90.50000
2007-06-08,89.80000
2007-06-11,89.69000
2007-06-12,89.40000
2007-06-13,89.04000
2007-06-14,89.86000
2007-06-15,90.26000
2007-06-18,89.51000
2007-06-19,90.23000
2007-06-20,90.99000
2007-06-21,91.38000
2007-06-22,91.24000
2007-06-25,91.15000
2007-06-26,91.68000
2007-06-27,91.55000
2007-06-28,91.66000
2007-06-29,92.40000
2007-07-02,92.21000
2007-07-03,92.97000
2007-07-04,92.78000
2007-07-05,92.61000
2007-07-06,92.91000
2007-07-09,93.52000
2007-07-10,93.44000
2007-07-11,93.79000
2007-07-12,94.42000
2007-07-13,94.55000
2007-07-16,95.01000
2007-07-17,95.16000
2007-07-18,95.24000
2007-07-19,95.73000
2007-07-20,95.78000
2007-07-23,96.47000
2007-07-24,96.11000
2007-07-25,95.83000
2007-07-26,96.32000
2007-07-27,94.74000
2007-07-30,95.13000
2007-07-31,96.39000
2007-08-01,94.29000
2007-08-02,94.62000
2007-08-03,95.08000
2007-08-06,95.13000
2007-08-07,95.13000
2007-08-08,96.79000
2007-08-09,96.03000
2007-08-10,95.52000
2007-08-13,96.59000
2007-08-14,97.22000
2007-08-16,95.38000
2007-08-17,93.78000
2007-08-20,94.78000
2007-08-21,92.57000
2007-08-22,92.75000
2007-08-23,91.97000
2007-08-24,92.35000
2007-08-27,93.78000
2007-08-28,94.94000
2007-08-29,95.20000
2007-08-30,95.74000
2007-08-31,96.91000
2007-09-03,97.62000
2007-09-04,97.73000
2007-09-05,97.90000
2007-09-06,98.51000
2007-09-07,98.83000
2007-09-10,99.11000
2007-09-11,99.07000
2007-09-12,99.20000
2007-09-13,99.82000
2007-09-14,99.52000
2007-09-17,99.84000
2007-09-18,100.67000
2007-09-19,101.81000
2007-09-20,103.12000
2007-09-21,103.19000
2007-09-24,103.30000
2007-09-25,102.30000
2007-09-26,102.43000
2007-09-27,103.32000
2007-09-28,104.38000
2007-10-01,104.45000
2007-10-03,104.82000
2007-10-04,104.71000
2007-10-05,104.44000
2007-10-08,103.26000
2007-10-09,104.93000
2007-10-10,106.40000
2007-10-11,105.82000
2007-10-12,104.90000
2007-10-15,106.58000
2007-10-16,106.22000
2007-10-17,104.94000
2007-10-18,103.88000
2007-10-19,102.46000
2007-10-22,102.71000
2007-10-23,105.42000
2007-10-24,105.50000
2007-10-25,105.92000
2007-10-26,106.64000
2007-10-29,107.72000
2007-10-30,107.36000
2007-10-31,107.69000
2007-11-01,106.22000
2007-11-02,105.66000
2007-11-05,105.34000
2007-11-06,105.64000
2007-11-07,104.86000
2007-11-08,104.39000
2007-11-12,103.80000
2007-11-13,104.16000
2007-11-14,106.31000
2007-11-15,107.26000
2007-11-16,108.28000
2007-11-19,110.38000
2007-11-20,109.73000
2007-11-21,106.86000
2007-11-22,106.13000
2007-11-23,106.79000
2007-11-26,107.87000
2007-11-27,108.15000
2007-11-28,107.21000
2007-11-29,107.23000
2007-11-30,108.61000
2007-12-03,109.64000
2007-12-04,110.41000
2007-12-05,111.31000
2007-12-06,111.60000
2007-12-07,111.80000
2007-12-10,112.44000
2007-12-11,113.57000
2007-12-12,114.78000
2007-12-13,114.87000
2007-12-14,115.77000
2007-12-17,113.60000
2007-12-18,113.50000
2007-12-19,114.03000
2007-12-20,114.92000
2007-12-24,117.08000
2007-12-26,118.71000
2007-12-27,119.40000
2007-12-28,120.64000
2007-12-31,122.54000
2008-01-01,124.41000
2008-01-02,126.61000
2008-01-03,126.02000
2008-01-04,127.16000
2008-01-07,127.39000
2008-01-08,125.60000
2008-01-09,126.10000
2008-01-10,122.99000
2008-01-11,123.45000
2008-01-14,124.58000
2008-01-15,123.06000
2008-01-16,121.72000
2008-01-17,123.41000
2008-01-18,119.76000
2008-01-21,111.50000
2008-01-22,106.41000
2008-01-23,110.62000
2008-01-24,108.57000
2008-01-25,111.40000
2008-01-28,110.46000
2008-01-29,110.30000
2008-01-30,108.43000
2008-01-31,108.27000
2008-02-01,108.58000
2008-02-04,110.05000
2008-02-05,110.49000
2008-02-06,108.96000
2008-02-07,106.88000
2008-02-08,106.38000
2008-02-11,103.22000
2008-02-12,102.21000
2008-02-13,102.40000
2008-02-14,105.09000
2008-02-15,106.02000
2008-02-18,105.89000
2008-02-19,105.55000
2008-02-20,104.15000
2008-02-21,104.79000
2008-02-22,103.46000
2008-02-25,103.85000
2008-02-26,105.08000
2008-02-27,105.24000
2008-02-28,105.14000
2008-02-29,104.21000
2008-03-03,101.29000
2008-03-04,99.71000
2008-03-05,100.00000
2008-03-07,97.62000
2008-03-10,97.34000
2008-03-11,98.93000
2008-03-12,98.16000
2008-03-13,95.00000
2008-03-14,95.85000
2008-03-17,92.51000
2008-03-18,92.11000
2008-03-19,92.03000
2008-03-24,91.54000
2008-03-25,94.59000
2008-03-26,94.85000
2008-03-27,94.78000
2008-03-28,95.23000
2008-03-31,93.40000
2008-04-01,92.42000
2008-04-02,92.15000
2008-04-03,92.24000
2008-04-04,90.72000
2008-04-07,91.88000
2008-04-08,91.85000
2008-04-09,92.27000
2008-04-10,92.07000
2008-04-11,92.38000
2008-04-15,94.04000
2008-04-16,95.05000
2008-04-17,96.66000
2008-04-21,97.66000
2008-04-22,98.42000
2008-04-23,98.35000
2008-04-24,98.43000
2008-04-25,99.30000
2008-04-28,99.21000
2008-04-29,100.71000
2008-04-30,101.11000
2008-05-02,102.50000
2008-05-05,103.18000
2008-05-06,102.09000
2008-05-07,102.04000
2008-05-08,101.03000
2008-05-09,99.71000
2008-05-12,100.13000
2008-05-13,99.83000
2008-05-14,99.99000
2008-05-15,100.97000
2008-05-16,101.77000
2008-05-20,101.04000
2008-05-21,101.05000
2008-05-22,99.80000
2008-05-23,98.65000
2008-05-26,97.31000
2008-05-27,97.16000
2008-05-28,98.41000
2008-05-29,97.78000
2008-05-30,97.61000
2008-06-02,91.58000
2008-06-03,90.98000
2008-06-04,89.25000
2008-06-05,89.19000
2008-06-06,88.48000
2008-06-09,86.29000
2008-06-10,85.88000
2008-06-11,87.13000
2008-06-12,86.99000
2008-06-13,87.10000
2008-06-16,87.97000
2008-06-17,89.07000
2008-06-18,88.04000
2008-06-19,87.07000
2008-06-20,84.68000
2008-06-23,83.10000
2008-06-24,81.90000
2008-06-25,81.86000
2008-06-26,82.19000
2008-06-27,80.06000
2008-06-30,78.69000
2008-07-01,76.97000
2008-07-02,78.25000
2008-07-03,76.36000
2008-07-04,77.58000
2008-07-07,78.40000
2008-07-08,77.87000
2008-07-09,79.96000
2008-07-10,79.70000
2008-07-11,78.57000
2008-07-14,78.43000
2008-07-15,76.69000
2008-07-16,76.20000
2008-07-17,77.90000
2008-07-18,79.02000
2008-07-21,79.00000
2008-07-22,79.85000
2008-07-23,82.35000
2008-07-24,82.38000
2008-07-25,81.71000
2008-07-28,82.46000
2008-07-29,80.71000
2008-07-30,81.88000
2008-07-31,81.54000
2008-08-01,82.69000
2008-08-04,83.03000
2008-08-05,84.07000
2008-08-06,84.82000
2008-08-07,85.47000
2008-08-08,85.50000
2008-08-11,86.85000
2008-08-12,86.55000
2008-08-13,86.65000
2008-08-14,85.55000
2008-08-18,85.12000
2008-08-20,85.28000
2008-08-21,83.80000
2008-08-22,83.84000
2008-08-25,84.25000
2008-08-26,84.06000
2008-08-27,83.57000
2008-08-28,83.04000
2008-08-29,84.31000
2008-09-01,84.39000
2008-09-02,85.91000
2008-09-04,85.57000
2008-09-05,84.56000
2008-09-08,85.42000
2008-09-09,85.15000
2008-09-10,84.70000
2008-09-11,83.62000
2008-09-12,82.51000
2008-09-15,80.16000
2008-09-16,79.51000
2008-09-17,78.46000
2008-09-18,77.88000
2008-09-19,79.96000
2008-09-22,80.04000
2008-09-23,78.79000
2008-09-24,79.02000
2008-09-25,78.40000
2008-09-26,77.39000
2008-09-29,74.75000
2008-09-30,75.63000
2008-10-01,76.20000
2008-10-03,74.80000
2008-10-06,72.01000
2008-10-07,70.99000
2008-10-08,68.56000
2008-10-10,65.70000
2008-10-13,67.25000
2008-10-14,68.53000
2008-10-15,66.74000
2008-10-16,66.51000
2008-10-17,65.48000
2008-10-20,66.30000
2008-10-21,67.68000
2008-10-22,66.36000
2008-10-23,64.52000
2008-10-24,61.69000
2008-10-27,60.63000
2008-10-29,62.77000
2008-10-31,64.26000
2008-11-03,65.37000
2008-11-04,65.82000
2008-11-05,65.08000
2008-11-06,63.94000
2008-11-07,64.87000
2008-11-10,66.40000
2008-11-11,64.71000
2008-11-12,63.88000
2008-11-14,63.58000
2008-11-17,63.21000
2008-11-18,62.42000
2008-11-19,62.09000
2008-11-20,61.43000
2008-11-21,62.20000
2008-11-24,62.53000
2008-11-25,62.27000
2008-11-26,62.58000
2008-11-28,62.97000
2008-12-01,62.34000
2008-12-02,62.06000
2008-12-03,62.12000
2008-12-04,64.11000
2008-12-05,63.41000
2008-12-08,64.24000
2008-12-10,65.47000
2008-12-11,65.61000
2008-12-12,66.20000
2008-12-15,67.58000
2008-12-16,68.58000
2008-12-17,67.87000
2008-12-18,69.25000
2008-12-19,69.60000
2008-12-22,68.81000
2008-12-23,67.93000
2008-12-24,67.90000
2008-12-26,67.33000
2008-12-29,68.03000
2008-12-30,69.18000
2008-12-31,69.36000
2009-01-01,70.07000
2009-01-02,71.06000
2009-01-05,71.72000
2009-01-06,71.78000
2009-01-07,67.63000
2009-01-09,67.68000
2009-01-12,66.89000
2009-01-13,66.85000
2009-01-14,68.03000
2009-01-15,66.98000
2009-01-16,67.58000
2009-01-19,68.40000
2009-01-20,68.22000
2009-01-21,67.07000
2009-01-22,66.54000
2009-01-23,66.01000
2009-01-27,66.38000
2009-01-28,66.73000
2009-01-29,66.48000
2009-01-30,66.99000
2009-02-02,66.23000
2009-02-03,66.27000
2009-02-04,66.01000
2009-02-05,65.64000
2009-02-06,65.96000
2009-02-09,66.82000
2009-02-10,66.90000
2009-02-11,66.88000
2009-02-12,66.69000
2009-02-13,67.47000
2009-02-16,66.46000
2009-02-17,65.41000
2009-02-18,65.32000
2009-02-19,65.52000
2009-02-20,64.73000
2009-02-24,64.41000
2009-02-25,64.34000
2009-02-26,64.72000
2009-02-27,64.68000
2009-03-02,63.64000
2009-03-03,62.84000
2009-03-04,63.16000
2009-03-05,62.31000
2009-03-06,62.35000
2009-03-09,61.23000
2009-03-12,61.65000
2009-03-13,62.93000
2009-03-16,63.98000
2009-03-17,63.83000
2009-03-18,64.34000
2009-03-19,64.63000
2009-03-20,64.64000
2009-03-23,66.12000
2009-03-24,66.19000
2009-03-25,66.55000
2009-03-26,67.54000
2009-03-27,68.53000
2009-03-30,66.96000
2009-03-31,68.34000
2009-04-01,69.07000
2009-04-02,70.52000
2009-04-06,71.86000
2009-04-08,73.06000
2009-04-09,73.87000
2009-04-13,74.79000
2009-04-15,76.61000
2009-04-16,75.91000
2009-04-17,76.57000
2009-04-20,76.77000
2009-04-21,76.95000
2009-04-22,76.91000
2009-04-23,77.75000
2009-04-24,78.36000
2009-04-27,78.12000
2009-04-28,76.54000
2009-04-29,77.66000
2009-05-04,80.51000
2009-05-05,80.58000
2009-05-06,79.74000
2009-05-07,81.11000
2009-05-08,80.29000
2009-05-11,79.54000
2009-05-12,81.02000
2009-05-13,80.51000
2009-05-14,80.37000
2009-05-15,80.92000
2009-05-19,90.28000
2009-05-20,92.38000
2009-05-21,92.41000
2009-05-22,93.43000
2009-05-25,95.09000
2009-05-26,93.63000
2009-05-27,95.13000
2009-05-28,95.19000
2009-05-29,96.64000
2009-06-01,98.36000
2009-06-02,98.64000
2009-06-03,99.37000
2009-06-04,100.28000
2009-06-05,100.54000
2009-06-08,97.39000
2009-06-09,99.03000
2009-06-10,100.84000
2009-06-11,100.66000
2009-06-12,99.19000
2009-06-15,97.60000
2009-06-16,98.42000
2009-06-17,96.14000
2009-06-18,94.64000
2009-06-19,95.89000
2009-06-22,95.21000
2009-06-23,94.47000
2009-06-24,95.33000
2009-06-25,95.29000
2009-06-26,98.14000
2009-06-29,98.36000
2009-06-30,97.05000
2009-07-01,97.97000
2009-07-02,97.82000
2009-07-03,98.90000
2009-07-06,95.81000
2009-07-07,96.19000
2009-07-08,94.32000
2009-07-09,94.23000
2009-07-10,93.34000
2009-07-13,92.44000
2009-07-14,94.71000
2009-07-15,97.21000
2009-07-16,97.26000
2009-07-17,98.85000
2009-07-20,100.64000
2009-07-21,100.21000
2009-07-22,99.67000
2009-07-23,101.47000
2009-07-24,102.37000
2009-07-27,102.80000
2009-07-28,103.01000
2009-07-29,102.22000
2009-07-30,102.84000
2009-07-31,103.70000
2009-08-03,104.45000
2009-08-04,104.58000
2009-08-05,104.81000
2009-08-06,103.50000
2009-08-07,101.81000
2009-08-10,100.51000
2009-08-11,100.95000
2009-08-12,101.33000
2009-08-13,103.63000
2009-08-14,103.44000
2009-08-17,101.00000
2009-08-18,102.26000
2009-08-19,101.62000
2009-08-20,102.13000
2009-08-21,102.99000
2009-08-24,104.47000
2009-08-25,104.94000
2009-08-26,106.00000
2009-08-27,106.05000
2009-08-28,106.42000
2009-08-31,105.98000
2009-09-01,105.35000
2009-09-02,105.20000
2009-09-03,105.26000
2009-09-04,106.02000
2009-09-07,107.78000
2009-09-08,107.70000
2009-09-09,107.44000
2009-09-10,108.08000
2009-09-11,107.79000
2009-09-14,108.62000
2009-09-15,110.11000
2009-09-16,111.24000
2009-09-17,110.93000
2009-09-18,111.38000
2009-09-22,111.99000
2009-09-23,111.03000
2009-09-24,111.47000
2009-09-25,111.94000
2009-09-29,112.32000
2009-09-30,113.23000
2009-10-01,113.06000
2009-10-05,112.39000
2009-10-06,112.35000
2009-10-07,112.87000
2009-10-08,113.07000
2009-10-09,112.58000
2009-10-12,113.89000
2009-10-14,114.87000
2009-10-15,114.63000
2009-10-16,108.35000
2009-10-20,108.48000
2009-10-21,107.78000
2009-10-22,106.54000
2009-10-23,107.05000
2009-10-26,106.66000
2009-10-27,104.61000
2009-10-28,104.44000
2009-10-29,103.53000
2009-10-30,103.12000
2009-11-03,100.94000
2009-11-04,102.95000
2009-11-05,103.75000
2009-11-06,104.49000
2009-11-09,106.30000
2009-11-10,106.35000
2009-11-11,107.72000
2009-11-12,106.78000
2009-11-13,107.18000
2009-11-16,107.83000
2009-11-17,108.05000
2009-11-18,108.46000
2009-11-19,107.75000
2009-11-20,108.72000
2009-11-23,109.43000
2009-11-24,109.42000
2009-11-25,109.52000
2009-11-26,108.46000
2009-11-27,107.35000
2009-11-30,108.49000
2009-12-01,109.45000
2009-12-02,109.66000
2009-12-03,109.78000
2009-12-04,109.69000
2009-12-07,108.84000
2009-12-08,109.69000
2009-12-09,109.27000
2009-12-10,109.71000
2009-12-11,109.65000
2009-12-14,109.40000
2009-12-15,108.08000
2009-12-16,108.17000
2009-12-17,108.63000
2009-12-18,108.02000
2009-12-21,108.12000
2009-12-22,108.63000
2009-12-23,109.87000
2009-12-24,110.09000
2009-12-29,110.25000
2009-12-30,110.51000
2009-12-31,110.89000
2010-01-04,111.21000
2010-01-05,112.23000
2010-01-06,112.29000
2010-01-07,111.99000
2010-01-08,111.79000
2010-01-11,112.32000
2010-01-12,111.98000
2010-01-13,112.31000
2010-01-14,113.00000
2010-01-15,112.92000
2010-01-18,113.17000
2010-01-19,112.67000
2010-01-20,112.67000
2010-01-21,110.95000
2010-01-22,110.13000
2010-01-25,109.53000
2010-01-27,106.99000
2010-01-28,107.41000
2010-01-29,107.63000
2010-02-01,108.65000
2010-02-02,107.80000
2010-02-03,109.04000
2010-02-04,107.94000
2010-02-05,106.15000
2010-02-08,107.00000
2010-02-09,107.64000
2010-02-10,107.46000
2010-02-11,107.88000
2010-02-15,107.67000
2010-02-16,108.23000
2010-02-17,109.12000
2010-02-18,108.97000
2010-02-19,108.19000
2010-02-22,108.00000
2010-02-23,108.11000
2010-02-24,108.22000
2010-02-25,107.95000
2010-02-26,108.71000
2010-03-02,110.24000
2010-03-03,110.88000
2010-03-04,111.27000
2010-03-05,111.39000
2010-03-08,112.12000
2010-03-09,111.87000
2010-03-10,111.80000
2010-03-11,112.04000
2010-03-12,112.06000
2010-03-15,104.89000
2010-03-16,105.72000
2010-03-17,106.18000
2010-03-18,106.27000
2010-03-19,106.24000
2010-03-22,105.80000
2010-03-23,105.97000
2010-03-25,106.30000
2010-03-26,106.74000
2010-03-29,106.89000
2010-03-30,106.57000
2010-03-31,106.89000
2010-04-01,107.82000
2010-04-05,108.93000
2010-04-06,109.00000
2010-04-07,109.29000
2010-04-08,108.74000
2010-04-09,109.37000
2010-04-12,109.16000
2010-04-13,108.98000
2010-04-15,108.79000
2010-04-16,108.66000
2010-04-19,108.07000
2010-04-20,109.01000
2010-04-21,109.66000
2010-04-22,109.56000
2010-04-23,109.71000
2010-04-26,110.13000
2010-04-27,109.90000
2010-04-28,108.85000
2010-04-29,109.50000
2010-04-30,110.00000
2010-05-03,109.60000
2010-05-04,108.80000
2010-05-05,108.61000
2010-05-06,108.39000
2010-05-07,106.88000
2010-05-10,108.82000
2010-05-11,108.12000
2010-05-12,108.54000
2010-05-13,109.26000
2010-05-14,108.87000
2010-05-17,108.45000
2010-05-18,108.55000
2010-05-19,106.70000
2010-05-20,106.67000
2010-05-21,106.09000
2010-05-24,106.23000
2010-05-25,104.38000
2010-05-26,105.32000
2010-05-27,106.00000
2010-05-28,106.82000
2010-05-31,107.30000
2010-06-01,106.43000
2010-06-02,106.76000
2010-06-03,107.83000
2010-06-04,108.03000
2010-06-07,106.95000
2010-06-08,106.83000
2010-06-09,107.07000
2010-06-10,107.89000
2010-06-11,108.28000
2010-06-14,109.08000
2010-06-15,109.19000
2010-06-16,109.50000
2010-06-17,110.02000
2010-06-18,109.73000
2010-06-21,110.74000
2010-06-22,110.44000
2010-06-23,110.96000
2010-06-24,110.92000
2010-06-25,110.25000
2010-06-28,111.28000
2010-06-29,110.88000
2010-06-30,111.71000
2010-07-01,111.39000
2010-07-02,111.48000
2010-07-05,111.79000
2010-07-06,112.38000
2010-07-07,112.38000
2010-07-08,113.11000
2010-07-09,113.60000
2010-07-12,113.68000
2010-07-13,113.96000
2010-07-14,113.62000
2010-07-15,113.69000
2010-07-16,114.55000
2010-07-19,114.54000
2010-07-20,114.29000
2010-07-21,114.56000
2010-07-22,115.17000
2010-07-23,115.27000
2010-07-26,114.82000
2010-07-27,114.96000
2010-07-28,115.22000
2010-07-29,115.57000
2010-07-30,115.61000
2010-08-02,116.05000
2010-08-03,116.29000
2010-08-04,116.51000
2010-08-05,116.06000
2010-08-06,116.15000
2010-08-09,116.64000
2010-08-10,116.23000
2010-08-11,115.82000
2010-08-12,115.97000
2010-08-13,116.54000
2010-08-16,116.87000
2010-08-17,117.84000
2010-08-18,118.97000
2010-08-19,119.51000
2010-08-20,119.84000
2010-08-23,120.38000
2010-08-24,119.55000
2010-08-25,118.85000
2010-08-26,119.09000
2010-08-27,118.29000
2010-08-30,118.62000
2010-08-31,118.33000
2010-09-01,119.20000
2010-09-02,119.57000
2010-09-03,120.34000
2010-09-06,121.84000
2010-09-07,121.84000
2010-09-08,121.91000
2010-09-09,122.41000
2010-09-13,123.57000
2010-09-14,123.64000
2010-09-15,123.84000
2010-09-16,123.14000
2010-09-17,123.83000
2010-09-20,124.73000
2010-09-21,124.02000
2010-09-22,123.72000
2010-09-23,123.51000
2010-09-24,124.01000
2010-09-27,124.13000
2010-09-28,124.14000
2010-09-29,123.76000
2010-09-30,123.72000
2010-10-01,124.73000
2010-10-04,124.82000
2010-10-05,125.00000
2010-10-06,126.59000
2010-10-07,126.23000
2010-10-08,125.55000
2010-10-11,125.93000
2010-10-12,125.62000
2010-10-13,126.49000
2010-10-14,125.93000
2010-10-15,124.32000
2010-10-18,116.45000
2010-10-19,116.34000
2010-10-20,116.19000
2010-10-21,117.56000
2010-10-22,117.33000
2010-10-25,117.84000
2010-10-26,117.45000
2010-10-27,116.89000
2010-10-28,116.96000
2010-10-29,117.06000
2010-11-01,118.32000
2010-11-02,118.24000
2010-11-03,118.60000
2010-11-04,120.04000
2010-11-08,120.09000
2010-11-09,120.44000
2010-11-10,120.34000
2010-11-11,119.70000
2010-11-12,118.19000
2010-11-15,118.75000
2010-11-16,117.48000
2010-11-18,117.50000
2010-11-19,116.05000
2010-11-22,117.35000
2010-11-23,116.44000
2010-11-24,115.72000
2010-11-25,114.62000
2010-11-26,113.67000
2010-11-29,114.03000
2010-11-30,115.07000
2010-12-01,116.52000
2010-12-02,117.23000
2010-12-03,116.30000
2010-12-06,115.88000
2010-12-07,115.14000
2010-12-08,114.08000
2010-12-09,112.16000
2010-12-10,113.40000
2010-12-13,114.01000
2010-12-14,114.54000
2010-12-15,114.18000
2010-12-16,114.70000
2010-12-20,114.66000
2010-12-21,115.28000
2010-12-22,115.11000
2010-12-23,114.98000
2010-12-24,115.20000
2010-12-27,115.13000
2010-12-28,115.10000
2010-12-29,115.80000
2010-12-30,116.22000
2010-12-31,116.86000
2011-01-03,117.14000
2011-01-04,116.85000
2011-01-05,116.12000
2011-01-06,115.48000
2011-01-07,113.89000
2011-01-10,112.51000
2011-01-11,112.37000
2011-01-12,113.39000
2011-01-13,112.57000
2011-01-14,111.45000
2011-01-17,111.33000
2011-01-18,112.17000
2011-01-19,112.08000
2011-01-20,112.31000
2011-01-21,112.28000
2011-01-24,112.83000
2011-01-25,112.20000
2011-01-27,111.23000
2011-01-28,109.81000
2011-01-31,110.11000
2011-02-01,109.17000
2011-02-02,109.37000
2011-02-03,110.05000
2011-02-04,108.92000
2011-02-07,108.70000
2011-02-08,107.67000
2011-02-09,106.45000
2011-02-10,106.15000
2011-02-11,107.38000
2011-02-14,109.10000
2011-02-15,109.31000
2011-02-16,109.43000
2011-02-17,110.09000
2011-02-18,109.16000
2011-02-21,109.74000
2011-02-22,109.12000
2011-02-23,108.56000
2011-02-24,106.54000
2011-02-25,106.63000
2011-02-28,106.96000
2011-03-01,108.97000
2011-03-03,108.89000
2011-03-04,109.08000
2011-03-07,108.54000
2011-03-08,109.15000
2011-03-09,109.40000
2011-03-10,109.11000
2011-03-11,108.51000
2011-03-14,109.09000
2011-03-15,108.15000
2011-03-16,108.95000
2011-03-17,108.58000
2011-03-18,107.98000
2011-03-21,108.00000
2011-03-22,108.69000
2011-03-23,109.32000
2011-03-24,109.90000
2011-03-25,111.34000
2011-03-28,111.93000
2011-03-29,112.48000
2011-03-30,113.49000
2011-03-31,113.69000
2011-04-01,113.92000
2011-04-04,115.20000
2011-04-05,115.56000
2011-04-06,115.32000
2011-04-07,115.35000
2011-04-08,114.88000
2011-04-11,114.25000
2011-04-13,115.53000
2011-04-15,114.99000
2011-04-18,114.14000
2011-04-19,114.44000
2011-04-20,115.64000
2011-04-21,115.54000
2011-04-25,115.56000
2011-04-26,115.33000
2011-04-27,115.27000
2011-04-28,115.10000
2011-04-29,114.40000
2011-05-02,107.02000
2011-05-03,105.44000
2011-05-04,105.04000
2011-05-05,104.08000
2011-05-06,105.48000
2011-05-09,105.51000
2011-05-10,105.40000
2011-05-11,105.56000
2011-05-12,104.87000
2011-05-13,105.56000
2011-05-16,104.95000
2011-05-17,104.46000
2011-05-18,104.13000
2011-05-19,104.22000
2011-05-20,104.85000
2011-05-23,103.74000
2011-05-24,103.86000
2011-05-25,103.35000
2011-05-26,104.11000
2011-05-27,104.78000
2011-05-30,104.90000
2011-05-31,105.75000
2011-06-01,106.22000
2011-06-02,105.92000
2011-06-03,105.59000
2011-06-06,105.74000
2011-06-07,106.18000
2011-06-08,105.86000
2011-06-09,105.88000
2011-06-10,105.76000
2011-06-13,105.79000
2011-06-14,106.24000
2011-06-15,105.70000
2011-06-16,105.17000
2011-06-17,104.81000
2011-06-20,103.45000
2011-06-21,103.70000
2011-06-22,103.63000
2011-06-23,103.75000
2011-06-24,105.53000
2011-06-27,106.40000
2011-06-28,106.70000
2011-06-29,107.29000
2011-06-30,107.64000
2011-07-01,107.50000
2011-07-04,107.92000
2011-07-05,107.81000
2011-07-06,107.71000
2011-07-07,108.74000
2011-07-08,107.88000
2011-07-11,107.40000
2011-07-12,106.49000
2011-07-13,107.26000
2011-07-14,107.33000
2011-07-15,107.32000
2011-07-18,107.14000
2011-07-19,107.54000
2011-07-20,106.67000
2011-07-21,106.30000
2011-07-22,107.56000
2011-07-25,108.16000
2011-07-26,107.07000
2011-07-27,107.04000
2011-07-28,106.46000
2011-07-29,106.20000
2011-08-01,106.45000
2011-08-02,105.77000
2011-08-03,105.11000
2011-08-04,104.51000
2011-08-05,103.50000
2011-08-08,102.83000
2011-08-09,102.40000
2011-08-10,103.34000
2011-08-11,103.09000
2011-08-12,102.43000
2011-08-16,102.16000
2011-08-17,102.16000
2011-08-18,100.88000
2011-08-19,99.84000
2011-08-22,100.53000
2011-08-23,101.22000
2011-08-24,100.53000
2011-08-25,99.84000
2011-08-26,98.77000
2011-08-29,100.69000
2011-08-30,101.57000
2011-09-02,102.10000
2011-09-05,101.82000
2011-09-06,102.20000
2011-09-07,103.01000
2011-09-08,103.23000
2011-09-09,102.32000
2011-09-12,100.99000
2011-09-13,100.96000
2011-09-14,101.50000
2011-09-15,102.21000
2011-09-16,102.36000
2011-09-19,101.85000
2011-09-20,102.82000
2011-09-21,103.07000
2011-09-22,100.92000
2011-09-23,100.34000
2011-09-26,99.69000
2011-09-27,101.12000
2011-09-28,100.86000
2011-09-29,101.45000
2011-09-30,100.73000
2011-10-03,99.76000
2011-10-04,98.88000
2011-10-05,98.53000
2011-10-07,99.78000
2011-10-10,100.39000
2011-10-11,100.35000
2011-10-12,101.51000
2011-10-13,101.36000
2011-10-14,101.77000
2011-10-17,101.62000
2011-10-18,100.77000
2011-10-19,101.92000
2011-10-20,101.37000
2011-10-21,101.16000
2011-10-24,101.53000
2011-10-25,102.08000
2011-10-28,103.81000
2011-10-31,103.65000
2011-11-01,102.79000
2011-11-02,102.80000
2011-11-03,102.83000
2011-11-04,103.19000
2011-11-08,103.28000
2011-11-09,102.56000
2011-11-11,101.86000
2011-11-14,101.68000
2011-11-15,100.64000
2011-11-16,100.12000
2011-11-17,99.23000
2011-11-18,98.93000
2011-11-21,97.62000
2011-11-22,97.90000
2011-11-23,96.69000
2011-11-24,97.57000
2011-11-25,97.29000
2011-11-28,98.78000
2011-11-29,98.40000
2011-11-30,98.53000
2011-12-01,99.69000
2011-12-02,101.04000
2011-12-05,100.88000
2011-12-07,100.88000
2011-12-08,99.51000
2011-12-09,98.64000
2011-12-12,97.44000
2011-12-13,97.67000
2011-12-14,97.22000
2011-12-15,96.99000
2011-12-16,95.89000
2011-12-19,95.16000
2011-12-20,94.11000
2011-12-21,95.70000
2011-12-22,96.09000
2011-12-23,95.80000
2011-12-26,96.48000
2011-12-27,96.10000
2011-12-28,95.59000
2011-12-29,95.08000
2011-12-30,94.95000
2012-01-02,94.90000
2012-01-03,96.55000
2012-01-04,96.36000
2012-01-05,96.60000
2012-01-06,96.26000
2012-01-09,96.38000
2012-01-10,97.69000
2012-01-11,97.93000
2012-01-12,97.80000
2012-01-13,98.19000
2012-01-16,98.13000
2012-01-17,99.10000
2012-01-18,98.86000
2012-01-19,99.58000
2012-01-20,100.12000
2012-01-23,100.05000
2012-01-24,100.98000
2012-01-25,101.52000
2012-01-27,101.87000
2012-01-30,100.65000
2012-01-31,102.07000
2012-02-01,102.54000
2012-02-02,103.15000
2012-02-03,103.93000
2012-02-06,104.50000
2012-02-07,104.13000
2012-02-08,104.56000
2012-02-09,105.16000
2012-02-10,105.00000
2012-02-13,105.20000
2012-02-14,100.52000
2012-02-15,102.19000
2012-02-16,102.16000
2012-02-17,102.79000
2012-02-21,103.18000
2012-02-22,101.05000
2012-02-23,100.74000
2012-02-24,100.09000
2012-02-27,98.01000
2012-02-28,99.63000
2012-02-29,99.83000
2012-03-01,99.25000
2012-03-02,99.47000
2012-03-05,98.36000
2012-03-06,97.72000
2012-03-07,97.87000
2012-03-09,99.45000
2012-03-12,99.85000
2012-03-13,100.61000
2012-03-14,101.03000
2012-03-15,99.93000
2012-03-16,99.13000
2012-03-19,98.26000
2012-03-20,98.63000
2012-03-21,99.87000
2012-03-22,98.23000
2012-03-23,98.95000
2012-03-26,97.92000
2012-03-27,98.50000
2012-03-28,97.92000
2012-03-29,97.99000
2012-03-30,99.55000
2012-04-02,99.99000
2012-04-03,100.43000
2012-04-04,100.08000
2012-04-09,99.05000
2012-04-10,99.00000
2012-04-11,98.64000
2012-04-12,99.38000
2012-04-13,98.53000
2012-04-16,99.00000
2012-04-17,99.93000
2012-04-18,100.06000
2012-04-19,100.43000
2012-04-20,99.86000
2012-04-23,98.59000
2012-04-24,98.76000
2012-04-25,98.51000
2012-04-26,98.29000
2012-04-27,98.21000
2012-04-30,98.89000
2012-05-02,98.74000
2012-05-03,97.86000
2012-05-04,96.61000
2012-05-07,97.09000
2012-05-08,95.62000
2012-05-09,95.07000
2012-05-10,95.08000
2012-05-11,94.68000
2012-05-14,94.34000
2012-05-15,94.77000
2012-05-16,93.78000
2012-05-17,93.85000
2012-05-18,94.04000
2012-05-21,94.20000
2012-05-22,93.69000
2012-05-23,93.34000
2012-05-24,94.44000
2012-05-25,94.54000
2012-05-28,95.41000
2012-05-29,95.39000
2012-05-30,94.66000
2012-05-31,94.55000
2012-06-01,93.65000
2012-06-04,93.80000
2012-06-05,94.08000
2012-06-06,95.58000
2012-06-07,96.40000
2012-06-08,96.69000
2012-06-11,96.53000
2012-06-12,97.17000
2012-06-13,97.30000
2012-06-14,96.35000
2012-06-15,97.20000
2012-06-18,96.16000
2012-06-19,96.55000
2012-06-20,97.00000
2012-06-21,97.68000
2012-06-22,97.58000
2012-06-25,97.23000
2012-06-26,97.32000
2012-06-27,97.52000
2012-06-28,97.57000
2012-06-29,99.32000
2012-07-02,99.47000
2012-07-03,99.69000
2012-07-04,99.96000
2012-07-05,100.51000
2012-07-06,100.53000
2012-07-09,99.98000
2012-07-10,100.82000
2012-07-11,100.35000
2012-07-12,99.74000
2012-07-13,99.59000
2012-07-16,99.56000
2012-07-17,99.42000
2012-07-18,99.81000
2012-07-19,100.04000
2012-07-20,99.80000
2012-07-23,98.73000
2012-07-24,99.00000
2012-07-25,98.97000
2012-07-26,98.12000
2012-07-27,98.43000
2012-07-30,99.72000
2012-07-31,100.04000
2012-08-01,100.30000
2012-08-02,100.42000
2012-08-03,100.19000
2012-08-06,100.80000
2012-08-07,101.48000
2012-08-08,101.35000
2012-08-09,101.27000
2012-08-10,101.26000
2012-08-13,101.66000
2012-08-14,102.15000
2012-08-16,102.04000
2012-08-17,102.14000
2012-08-21,102.63000
2012-08-22,102.51000
2012-08-23,102.47000
2012-08-24,102.21000
2012-08-27,101.76000
2012-08-28,101.25000
2012-08-29,100.67000
2012-08-30,101.02000
2012-08-31,100.67000
2012-09-03,100.69000
2012-09-04,101.05000
2012-09-05,100.55000
2012-09-06,100.85000
2012-09-07,101.98000
2012-09-10,102.26000
2012-09-11,102.45000
2012-09-12,103.08000
2012-09-13,103.00000
2012-09-14,104.20000
2012-09-17,104.47000
2012-09-18,104.70000
2012-09-20,104.22000
2012-09-21,105.81000
2012-09-24,105.84000
2012-09-25,106.03000
2012-09-26,106.08000
2012-09-27,106.23000
2012-09-28,107.30000
2012-10-01,107.70000
2012-10-03,108.02000
2012-10-04,108.60000
2012-10-05,108.00000
2012-10-08,107.08000
2012-10-09,107.62000
2012-10-10,107.01000
2012-10-11,107.87000
2012-10-12,107.53000
2012-10-15,107.49000
2012-10-16,106.89000
2012-10-17,107.08000
2012-10-18,107.94000
2012-10-19,107.59000
2012-10-22,107.94000
2012-10-23,107.68000
2012-10-25,107.66000
2012-10-26,107.05000
2012-10-29,106.90000
2012-10-30,106.00000
2012-10-31,106.63000
2012-11-01,106.96000
2012-11-02,107.56000
2012-11-05,107.68000
2012-11-06,107.91000
2012-11-07,108.37000
2012-11-08,108.05000
2012-11-09,107.55000
2012-11-12,108.18000
2012-11-15,107.62000
2012-11-16,106.77000
2012-11-19,106.40000
2012-11-20,106.26000
2012-11-21,106.94000
2012-11-22,107.34000
2012-11-23,107.36000
2012-11-26,107.95000
2012-11-27,108.87000
2012-11-29,110.11000
2012-11-30,110.80000
2012-12-03,111.20000
2012-12-04,111.39000
2012-12-05,111.73000
2012-12-06,112.22000
2012-12-07,111.81000
2012-12-10,111.79000
2012-12-11,111.48000
2012-12-12,111.31000
2012-12-13,110.82000
2012-12-14,111.51000
2012-12-17,111.80000
2012-12-18,112.18000
2012-12-19,112.52000
2012-12-20,112.47000
2012-12-21,111.39000
2012-12-24,111.53000
2012-12-26,112.17000
2012-12-27,111.84000
2012-12-28,112.44000
2012-12-31,112.70000
2013-01-01,113.62000
2013-01-02,114.29000
2013-01-03,114.85000
2013-01-04,114.98000
2013-01-07,114.78000
2013-01-08,114.78000
2013-01-09,114.63000
2013-01-10,114.69000
2013-01-11,114.18000
2013-01-14,115.40000
2013-01-15,115.75000
2013-01-16,114.77000
2013-01-17,115.09000
2013-01-18,115.28000
2013-01-21,115.40000
2013-01-22,114.74000
2013-01-23,114.52000
2013-01-24,113.79000
2013-01-25,114.74000
2013-01-28,114.93000
2013-01-29,114.47000
2013-01-30,114.50000
2013-01-31,114.46000
2013-02-01,114.33000
2013-02-04,113.90000
2013-02-05,113.36000
2013-02-06,113.40000
2013-02-07,113.02000
2013-02-08,112.47000
2013-02-11,112.33000
2013-02-12,112.74000
2013-02-13,112.80000
2013-02-14,112.16000
2013-02-15,112.04000
2013-02-18,112.18000
2013-02-19,108.08000
2013-02-20,108.10000
2013-02-21,106.70000
2013-02-22,106.82000
2013-02-25,106.48000
2013-02-26,105.33000
2013-02-27,106.03000
2013-02-28,104.34000
2013-03-01,104.90000
2013-03-04,104.22000
2013-03-05,105.38000
2013-03-06,106.06000
2013-03-07,106.59000
2013-03-08,107.55000
2013-03-11,107.72000
2013-03-12,107.20000
2013-03-13,106.17000
2013-03-14,106.98000
2013-03-15,106.24000
2013-03-18,105.69000
2013-03-19,104.36000
2013-03-20,103.23000
2013-03-21,102.69000
2013-03-22,102.51000
2013-03-25,102.33000
2013-03-26,102.43000
2013-03-28,103.30000
2013-04-01,103.70000
2013-04-02,104.57000
2013-04-03,103.74000
2013-04-04,102.58000
2013-04-05,102.53000
2013-04-08,102.47000
2013-04-09,101.95000
2013-04-10,102.61000
2013-04-11,103.00000
2013-04-12,102.36000
2013-04-15,102.83000
2013-04-16,104.07000
2013-04-17,104.31000
2013-04-18,105.39000
2013-04-22,106.27000
2013-04-23,106.40000
2013-04-25,107.46000
2013-04-26,106.93000
2013-04-29,107.49000
2013-04-30,107.69000
2013-05-02,108.49000
2013-05-03,107.94000
2013-05-06,108.33000
2013-05-07,109.11000
2013-05-08,109.19000
2013-05-09,109.08000
2013-05-10,109.59000
2013-05-13,108.45000
2013-05-14,108.72000
2013-05-15,110.35000
2013-05-16,110.72000
2013-05-17,110.91000
2013-05-20,110.40000
2013-05-21,109.73000
2013-05-22,109.35000
2013-05-23,107.76000
2013-05-24,107.96000
2013-05-27,109.17000
2013-05-28,109.56000
2013-05-29,109.13000
2013-05-30,109.22000
2013-05-31,107.99000
2013-06-03,107.82000
2013-06-04,107.61000
2013-06-05,107.79000
2013-06-06,107.89000
2013-06-07,107.19000
2013-06-10,106.66000
2013-06-11,105.55000
2013-06-12,105.27000
2013-06-13,104.46000
2013-06-14,105.66000
2013-06-17,106.25000
2013-06-18,105.88000
2013-06-19,106.08000
2013-06-20,104.04000
2013-06-21,103.92000
2013-06-24,102.83000
2013-06-25,102.73000
2013-06-26,102.53000
2013-06-27,103.35000
2013-06-28,105.33000
2013-07-01,106.25000
2013-07-02,105.93000
2013-07-03,104.84000
2013-07-04,105.60000
2013-07-05,105.91000
2013-07-08,105.30000
2013-07-09,105.97000
2013-07-10,105.51000
2013-07-11,106.61000
2013-07-12,107.28000
2013-07-15,107.56000
2013-07-16,105.70000
2013-07-17,105.31000
2013-07-18,106.00000
2013-07-19,105.85000
2013-07-22,105.64000
2013-07-23,106.03000
2013-07-24,104.80000
2013-07-25,104.24000
2013-07-26,104.34000
2013-07-29,103.89000
2013-07-30,102.88000
2013-07-31,102.72000
2013-08-01,102.01000
2013-08-02,101.44000
2013-08-05,101.71000
2013-08-06,100.00000
2013-08-07,99.82000
2013-08-08,100.49000
2013-08-12,101.29000
2013-08-13,102.13000
2013-08-14,102.41000
2013-08-16,99.96000
2013-08-19,98.48000
2013-08-20,98.54000
2013-08-21,97.90000
2013-08-22,99.02000
2013-08-23,99.82000
2013-08-26,100.28000
2013-08-27,98.25000
2013-08-28,98.01000
2013-08-29,99.54000
2013-08-30,100.43000
2013-09-02,101.03000
2013-09-03,99.12000
2013-09-04,100.34000
2013-09-05,101.49000
2013-09-06,102.36000
2013-09-10,104.80000
2013-09-11,105.04000
2013-09-12,104.38000
2013-09-13,104.19000
2013-09-16,104.19000
2013-09-17,104.37000
2013-09-18,104.79000
2013-09-19,107.00000
2013-09-20,106.17000
2013-09-23,104.81000
2013-09-24,104.90000
2013-09-25,104.83000
2013-09-26,105.08000
2013-09-27,104.90000
2013-09-30,104.33000
2013-10-01,104.66000
2013-10-03,106.29000
2013-10-04,106.53000
2013-10-07,106.76000
2013-10-08,107.14000
2013-10-09,108.16000
2013-10-10,108.48000
2013-10-11,109.12000
2013-10-14,109.17000
2013-10-15,108.76000
2013-10-17,108.27000
2013-10-18,109.91000
2013-10-21,110.20000
2013-10-22,110.16000
2013-10-23,109.97000
2013-10-24,109.74000
2013-10-25,109.56000
2013-10-28,109.05000
2013-10-29,110.40000
2013-10-30,111.05000
2013-10-31,111.52000
2013-11-01,111.64000
2013-11-05,111.43000
2013-11-06,111.10000
2013-11-07,110.73000
2013-11-08,110.36000
2013-11-11,109.72000
2013-11-12,109.27000
2013-11-13,108.82000
2013-11-14,109.67000
2013-11-18,110.95000
2013-11-19,111.20000
2013-11-20,110.38000
2013-11-21,109.04000
2013-11-22,109.09000
2013-11-25,110.25000
2013-11-26,109.78000
2013-11-27,109.74000
2013-11-28,110.12000
2013-11-29,111.04000
2013-12-02,111.73000
2013-12-03,111.47000
2013-12-04,111.03000
2013-12-05,111.74000
2013-12-06,112.06000
2013-12-09,113.17000
2013-12-10,112.81000
2013-12-11,112.66000
2013-12-12,112.04000
2013-12-13,111.12000
2013-12-16,111.25000
2013-12-17,111.48000
2013-12-18,112.61000
2013-12-19,112.38000
2013-12-20,113.59000
2013-12-23,113.80000
2013-12-24,113.70000
2013-12-26,113.93000
2013-12-27,114.22000
2013-12-30,114.01000
2013-12-31,114.28000
2014-01-01,114.29000
2014-01-02,113.19000
2014-01-03,113.32000
2014-01-06,113.15000
2014-01-07,112.90000
2014-01-08,113.12000
2014-01-09,112.84000
2014-01-10,112.76000
2014-01-13,113.68000
2014-01-14,113.43000
2014-01-15,114.12000
2014-01-16,114.12000
2014-01-17,113.20000
2014-01-20,113.92000
2014-01-21,114.26000
2014-01-22,114.51000
2014-01-23,114.37000
2014-01-24,113.37000
2014-01-27,111.53000
2014-01-28,111.36000
2014-01-29,111.05000
2014-01-30,110.48000
2014-01-31,111.27000
2014-02-03,110.32000
2014-02-04,110.48000
2014-02-05,111.01000
2014-02-06,111.05000
2014-02-07,111.40000
2014-02-10,111.52000
2014-02-11,111.86000
2014-02-12,112.24000
2014-02-13,111.08000
2014-02-14,111.56000
2014-02-17,111.63000
2014-02-18,112.19000
2014-02-19,112.65000
2014-02-20,112.04000
2014-02-21,112.78000
2014-02-24,113.30000
2014-02-25,113.48000
2014-02-26,113.72000
2014-02-28,114.43000
2014-03-03,114.00000
2014-03-04,115.08000
2014-03-05,115.66000
2014-03-06,116.81000
2014-03-07,117.96000
2014-03-10,118.26000
2014-03-11,118.06000
2014-03-12,118.14000
2014-03-13,117.72000
2014-03-14,117.76000
2014-03-18,118.17000
2014-03-19,118.40000
2014-03-20,117.92000
2014-03-21,118.32000
2014-03-24,113.59000
2014-03-25,114.00000
2014-03-26,114.27000
2014-03-27,114.76000
2014-03-28,115.70000
2014-03-31,116.01000
2014-04-01,115.97000
2014-04-02,116.81000
2014-04-03,116.35000
2014-04-04,116.02000
2014-04-07,115.75000
2014-04-09,117.01000
2014-04-10,117.25000
2014-04-11,117.13000
2014-04-15,116.78000
2014-04-16,116.16000
2014-04-17,117.51000
2014-04-21,118.19000
2014-04-22,118.28000
2014-04-23,118.69000
2014-04-25,118.13000
2014-04-28,118.03000
2014-04-29,117.70000
2014-04-30,117.55000
2014-05-02,117.56000
2014-05-05,117.47000
2014-05-06,117.60000
2014-05-07,117.22000
2014-05-08,117.62000
2014-05-09,119.79000
2014-05-12,121.37000
2014-05-13,122.85000
2014-05-14,123.08000
2014-05-15,122.54000
2014-05-16,124.62000
2014-05-19,127.28000
2014-05-20,127.74000
2014-05-21,127.65000
2014-05-22,129.04000
2014-05-23,130.74000
2014-05-26,130.30000
2014-05-27,129.55000
2014-05-28,130.09000
2014-05-29,129.08000
2014-05-30,129.03000
2014-06-02,131.34000
2014-06-03,132.07000
2014-06-04,132.73000
2014-06-05,133.65000
2014-06-06,135.05000
2014-06-09,136.15000
2014-06-10,135.72000
2014-06-11,135.29000
2014-06-12,135.73000
2014-06-13,134.03000
2014-06-16,133.99000
2014-06-17,135.62000
2014-06-18,135.10000
2014-06-19,134.98000
2014-06-20,134.82000
2014-06-23,135.07000
2014-06-24,136.28000
2014-06-25,136.20000
2014-06-26,135.63000
2014-06-27,136.07000
2014-06-30,137.70000
2014-07-01,138.52000
2014-07-02,139.50000
2014-07-03,139.66000
2014-07-04,140.26000
2014-07-07,140.45000
2014-07-08,137.26000
2014-07-09,136.21000
2014-07-10,136.03000
2014-07-11,133.63000
2014-07-14,133.75000
2014-07-15,135.77000
2014-07-16,137.63000
2014-07-17,138.66000
2014-07-18,139.09000
2014-07-21,138.92000
2014-07-22,139.18000
2014-07-23,139.22000
2014-07-24,139.50000
2014-07-25,138.26000
2014-07-28,137.91000
2014-07-30,138.27000
2014-07-31,137.92000
2014-08-01,136.94000
2014-08-04,138.30000
2014-08-05,138.84000
2014-08-06,138.01000
2014-08-07,137.71000
2014-08-08,135.94000
2014-08-11,136.51000
2014-08-12,137.34000
2014-08-13,136.41000
2014-08-14,137.49000
2014-08-18,139.59000
2014-08-19,140.57000
2014-08-20,140.43000
2014-08-21,140.63000
2014-08-22,141.40000
2014-08-25,140.91000
2014-08-26,141.03000
2014-08-27,141.76000
2014-08-28,142.06000
2014-09-01,144.07000
2014-09-02,144.73000
2014-09-03,145.32000
2014-09-04,144.86000
2014-09-05,145.32000
2014-09-08,146.47000
2014-09-09,146.26000
2014-09-10,145.71000
2014-09-11,146.53000
2014-09-12,147.21000
2014-09-15,147.49000
2014-09-16,145.04000
2014-09-17,145.74000
2014-09-18,147.49000
2014-09-19,147.51000
2014-09-22,147.72000
2014-09-23,146.05000
2014-09-24,145.32000
2014-09-25,143.70000
2014-09-26,144.83000
2014-09-29,145.40000
2014-09-30,145.85000
2014-10-01,145.91000
2014-10-07,137.77000
2014-10-08,137.54000
2014-10-09,139.17000
2014-10-10,137.77000
2014-10-13,138.69000
2014-10-14,138.86000
2014-10-16,136.89000
2014-10-17,137.32000
2014-10-20,138.82000
2014-10-21,139.79000
2014-10-22,140.99000
2014-10-27,140.86000
2014-10-28,141.27000
2014-10-29,141.88000
2014-10-30,142.72000
2014-10-31,144.54000
2014-11-03,144.78000
2014-11-05,145.30000
2014-11-07,145.67000
2014-11-10,145.69000
2014-11-11,146.26000
2014-11-12,147.27000
2014-11-13,146.98000
2014-11-14,147.34000
2014-11-17,148.56000
2014-11-18,149.06000
2014-11-19,148.92000
2014-11-20,149.03000
2014-11-21,149.55000
2014-11-24,150.06000
2014-11-25,148.79000
2014-11-26,149.19000
2014-11-27,149.61000
2014-11-28,151.34000
2014-12-01,151.75000
2014-12-02,152.34000
2014-12-03,153.54000
2014-12-04,154.15000
2014-12-05,153.82000
2014-12-08,152.89000
2014-12-09,151.53000
2014-12-10,152.49000
2014-12-11,151.90000
2014-12-12,150.90000
2014-12-15,150.54000
2014-12-16,147.98000
2014-12-17,147.49000
2014-12-18,149.89000
2014-12-19,150.88000
2014-12-22,151.61000
2014-12-23,151.05000
2014-12-24,150.64000
2014-12-26,151.12000
2014-12-29,152.00000
2014-12-30,152.61000
2014-12-31,153.45000
2015-01-01,154.03000
2015-01-02,155.28000
2015-01-05,155.24000
2015-01-06,152.30000
2015-01-07,152.34000
2015-01-08,154.14000
2015-01-09,154.64000
2015-01-12,155.38000
2015-01-13,155.54000
2015-01-14,154.99000
2015-01-15,157.14000
2015-01-16,157.68000
2015-01-19,158.27000
2015-01-20,159.13000
2015-01-21,159.28000
2015-01-22,159.41000
2015-01-23,159.66000
2015-01-27,161.07000
2015-01-28,160.77000
2015-01-29,160.93000
2015-01-30,160.05000
2015-02-02,160.31000
2015-02-03,159.54000
2015-02-04,158.78000
2015-02-05,158.50000
2015-02-06,157.15000
2015-02-09,155.74000
2015-02-10,156.50000
2015-02-11,157.90000
2015-02-12,159.12000
2015-02-13,160.20000
2015-02-16,159.86000
2015-02-18,160.79000
2015-02-19,160.66000
2015-02-20,160.33000
2015-02-23,159.43000
2015-02-24,159.29000
2015-02-25,159.04000
2015-02-26,158.08000
2015-02-27,160.28000
2015-03-02,162.77000
2015-03-03,163.63000
2015-03-04,162.54000
2015-03-05,163.06000
2015-03-09,160.91000
2015-03-10,155.61000
2015-03-11,155.38000
2015-03-12,156.54000
2015-03-13,154.97000
2015-03-16,154.48000
2015-03-17,155.76000
2015-03-18,155.78000
2015-03-19,155.02000
2015-03-20,153.90000
2015-03-23,153.12000
2015-03-24,152.91000
2015-03-25,152.72000
2015-03-26,151.09000
2015-03-27,151.34000
2015-03-30,153.24000
2015-03-31,153.54000
2015-04-01,154.85000
2015-04-06,155.42000
2015-04-07,155.48000
2015-04-08,156.27000
2015-04-09,157.32000
2015-04-10,157.32000
2015-04-13,157.61000
2015-04-15,156.70000
2015-04-16,156.14000
2015-04-17,154.28000
2015-04-20,152.47000
2015-04-21,151.65000
2015-04-22,151.79000
2015-04-23,151.68000
2015-04-24,149.94000
2015-04-27,148.22000
2015-04-28,149.76000
2015-04-29,150.02000
2015-04-30,149.86000
2015-05-04,151.51000
2015-05-05,151.60000
2015-05-06,148.14000
2015-05-07,146.54000
2015-05-08,148.52000
2015-05-11,150.44000
2015-05-12,147.94000
2015-05-13,149.55000
2015-05-14,149.78000
2015-05-15,150.37000
2015-05-18,151.66000
2015-05-19,151.71000
2015-05-20,152.09000
2015-05-21,152.20000
2015-05-22,152.27000
2015-05-25,151.82000
2015-05-26,151.52000
2015-05-27,151.68000
2015-05-28,151.48000
2015-05-29,153.31000
2015-06-01,152.67000
2015-06-02,150.20000
2015-06-03,148.66000
2015-06-04,148.83000
2015-06-05,148.81000
2015-06-08,147.55000
2015-06-09,147.24000
2015-06-10,148.24000
2015-06-11,146.22000
2015-06-12,146.45000
2015-06-15,146.85000
2015-06-16,147.33000
2015-06-17,148.45000
2015-06-18,150.00000
2015-06-19,150.50000
2015-06-22,151.97000
2015-06-23,152.22000
2015-06-24,151.72000
2015-06-25,152.16000
2015-06-26,152.32000
2015-06-29,143.49000
2015-06-30,144.50000
2015-07-01,145.79000
2015-07-02,146.18000
2015-07-03,146.32000
2015-07-06,147.00000
2015-07-07,147.28000
2015-07-08,145.76000
2015-07-09,145.83000
2015-07-10,146.55000
2015-07-13,147.80000
2015-07-14,147.78000
2015-07-15,148.29000
2015-07-16,149.32000
2015-07-17,149.78000
2015-07-20,149.75000
2015-07-21,148.16000
2015-07-22,149.46000
2015-07-23,149.35000
2015-07-24,148.65000
2015-07-27,147.03000
2015-07-28,146.99000
2015-07-29,147.89000
2015-07-30,148.30000
2015-07-31,149.40000
2015-08-03,149.73000
2015-08-04,149.98000
2015-08-05,150.64000
2015-08-06,150.99000
2015-08-07,151.01000
2015-08-10,150.73000
2015-08-11,149.84000
2015-08-12,147.86000
2015-08-13,147.69000
2015-08-14,149.93000
2015-08-17,149.84000
2015-08-18,150.05000
2015-08-19,150.43000
2015-08-20,148.64000
2015-08-21,147.64000
2015-08-24,140.49000
2015-08-25,141.70000
2015-08-26,141.32000
2015-08-27,143.36000
2015-08-28,143.66000
2015-08-31,143.64000
2015-09-01,141.56000
2015-09-02,141.26000
2015-09-03,142.45000
2015-09-04,140.42000
2015-09-07,138.82000
2015-09-08,140.26000
2015-09-09,142.07000
2015-09-10,141.84000
2015-09-11,141.62000
2015-09-14,142.78000
2015-09-15,142.06000
2015-09-16,142.44000
2015-09-18,143.97000
2015-09-21,144.40000
2015-09-22,142.58000
2015-09-23,135.45000
2015-09-24,135.82000
2015-09-28,135.01000
2015-09-29,135.36000
2015-09-30,136.66000
2015-10-01,136.54000
2015-10-05,138.50000
2015-10-06,138.68000
2015-10-07,139.09000
2015-10-08,138.48000
2015-10-09,139.05000
2015-10-12,138.75000
2015-10-13,138.72000
2015-10-14,138.61000
2015-10-15,139.64000
2015-10-16,140.28000
2015-10-19,140.49000
2015-10-20,140.78000
2015-10-21,140.15000
2015-10-23,140.23000
2015-10-26,139.85000
2015-10-27,139.71000
2015-10-28,139.11000
2015-10-29,138.35000
2015-10-30,138.20000
2015-11-02,138.10000
2015-11-03,138.36000
2015-11-04,138.09000
2015-11-05,136.94000
2015-11-06,136.56000
2015-11-09,136.26000
2015-11-10,134.70000
2015-11-13,134.92000
2015-11-16,135.26000
2015-11-17,135.31000
2015-11-18,134.26000
2015-11-19,135.78000
2015-11-20,136.24000
2015-11-23,136.49000
2015-11-24,136.37000
2015-11-26,136.95000
2015-11-27,137.68000
2015-11-30,137.75000
2015-12-01,138.04000
2015-12-02,137.96000
2015-12-03,137.45000
2015-12-04,136.62000
2015-12-07,136.55000
2015-12-08,135.80000
2015-12-09,134.39000
2015-12-10,135.08000
2015-12-11,134.10000
2015-12-14,134.47000
2015-12-15,135.14000
2015-12-16,135.78000
2015-12-17,137.05000
2015-12-18,136.30000
2015-12-21,137.05000
2015-12-22,136.68000
2015-12-23,137.67000
2015-12-24,134.80000
2015-12-28,135.47000
2015-12-29,135.51000
2015-12-30,135.40000
2015-12-31,135.99000
2016-01-01,136.63000
2016-01-04,134.93000
2016-01-05,135.36000
2016-01-06,135.21000
2016-01-07,132.99000
2016-01-08,134.03000
2016-01-11,133.31000
2016-01-12,132.63000
2016-01-13,132.68000
2016-01-14,131.93000
2016-01-15,130.37000
2016-01-18,128.45000
2016-01-19,129.50000
2016-01-20,127.82000
2016-01-21,127.78000
2016-01-22,129.45000
2016-01-25,129.64000
2016-01-27,129.90000
2016-01-28,129.63000
2016-01-29,131.42000
2016-02-01,131.54000
2016-02-02,129.87000
2016-02-03,128.18000
2016-02-04,128.03000
2016-02-05,129.64000
2016-02-08,128.92000
2016-02-09,127.60000
2016-02-10,126.36000
2016-02-11,123.34000
2016-02-12,122.94000
2016-02-15,125.84000
2016-02-16,123.84000
2016-02-17,124.30000
2016-02-18,125.26000
2016-02-19,125.10000
2016-02-22,125.65000
2016-02-23,124.01000
2016-02-24,122.90000
2016-02-25,121.62000
2016-02-26,122.26000
2016-02-29,122.63000
2016-03-01,125.67000
2016-03-02,127.54000
2016-03-03,128.66000
2016-03-04,129.36000
2016-03-08,129.22000
2016-03-09,129.85000
2016-03-10,129.35000
2016-03-11,129.40000
2016-03-14,130.02000
2016-03-15,129.32000
2016-03-16,129.74000
2016-03-17,130.26000
2016-03-18,131.05000
2016-03-21,129.78000
2016-03-22,129.96000
2016-03-23,129.89000
2016-03-28,128.48000
2016-03-29,128.58000
2016-03-30,130.09000
2016-03-31,130.54000
2016-04-01,130.46000
2016-04-04,131.04000
2016-04-05,129.32000
2016-04-06,129.54000
2016-04-07,129.12000
2016-04-08,129.47000
2016-04-11,130.50000
2016-04-12,131.15000
2016-04-13,132.46000
2016-04-18,133.37000
2016-04-20,133.75000
2016-04-21,134.05000
2016-04-22,134.08000
2016-04-25,133.66000
2016-04-26,134.62000
2016-04-27,134.65000
2016-04-28,133.39000
2016-04-29,133.65000
2016-05-02,133.65000
2016-05-03,132.88000
2016-05-04,132.33000
2016-05-05,132.62000
2016-05-06,132.16000
2016-05-09,133.60000
2016-05-10,133.81000
2016-05-11,133.91000
2016-05-12,134.58000
2016-05-13,134.37000
2016-05-16,134.84000
2016-05-17,135.14000
2016-05-18,134.88000
2016-05-19,133.94000
2016-05-20,133.42000
2016-05-23,133.07000
2016-05-24,132.94000
2016-05-25,134.65000
2016-05-26,136.15000
2016-05-27,137.29000
2016-05-30,137.90000
2016-05-31,137.91000
2016-06-01,137.79000
2016-06-02,138.45000
2016-06-03,138.91000
2016-06-06,138.97000
2016-06-07,139.68000
2016-06-08,140.02000
2016-06-09,139.58000
2016-06-10,139.30000
2016-06-13,138.62000
2016-06-14,138.77000
2016-06-15,139.80000
2016-06-16,139.20000
2016-06-17,139.31000
2016-06-20,139.86000
2016-06-21,139.75000
2016-06-22,139.60000
2016-06-23,140.28000
2016-06-24,138.38000
2016-06-27,138.94000
2016-06-28,139.18000
2016-06-29,140.47000
2016-06-30,141.55000
2016-07-01,139.86000
2016-07-04,140.65000
2016-07-05,140.38000
2016-07-07,140.07000
2016-07-08,139.99000
2016-07-11,141.46000
2016-07-12,141.96000
2016-07-13,141.53000
2016-07-14,142.19000
2016-07-15,141.79000
2016-07-18,141.52000
2016-07-19,141.79000
2016-07-20,142.82000
2016-07-21,142.49000
2016-07-22,143.43000
2016-07-25,144.67000
2016-07-26,144.38000
2016-07-27,144.78000
2016-07-28,145.80000
2016-07-29,146.18000
2016-08-01,146.53000
2016-08-02,145.89000
2016-08-03,144.65000
2016-08-04,145.04000
2016-08-05,146.72000
2016-08-08,147.42000
2016-08-09,146.94000
2016-08-10,146.03000
2016-08-11,145.85000
2016-08-12,146.34000
2016-08-16,146.38000
2016-08-17,146.58000
2016-08-18,147.44000
2016-08-19,147.77000
2016-08-22,147.06000
2016-08-23,147.04000
2016-08-24,147.70000
2016-08-25,147.18000
2016-08-26,147.22000
2016-08-29,147.39000
2016-08-30,148.43000
2016-08-31,149.21000
2016-09-01,148.66000
2016-09-02,149.04000
2016-09-06,150.55000
2016-09-07,150.70000
2016-09-08,150.92000
2016-09-09,150.07000
2016-09-12,148.02000
2016-09-14,148.86000
2016-09-15,148.96000
2016-09-16,149.25000
2016-09-19,149.52000
2016-09-20,149.32000
2016-09-21,149.37000
2016-09-22,150.87000
2016-09-23,150.49000
2016-09-26,149.65000
2016-09-27,149.60000
2016-09-28,150.24000
2016-09-29,147.23000
2016-09-30,148.62000
2016-10-03,147.08000
2016-10-04,147.50000
2016-10-05,147.83000
2016-10-06,147.47000
2016-10-07,147.37000
2016-10-10,147.48000
2016-10-13,145.93000
2016-10-14,146.32000
2016-10-17,145.61000
2016-10-18,147.18000
2016-10-19,147.39000
2016-10-20,147.64000
2016-10-21,147.90000
2016-10-24,148.09000
2016-10-25,147.94000
2016-10-26,146.82000
2016-10-27,146.04000
2016-10-28,146.79000
2016-11-01,147.13000
2016-11-02,145.44000
2016-11-03,144.70000
2016-11-04,143.39000
2016-11-07,144.61000
2016-11-08,145.25000
2016-11-09,144.32000
2016-11-10,145.87000
2016-11-11,142.55000
2016-11-15,138.99000
2016-11-16,139.27000
2016-11-17,139.24000
2016-11-18,139.04000
2016-11-21,137.05000
2016-11-22,137.91000
2016-11-23,138.68000
2016-11-24,138.02000
2016-11-25,139.66000
2016-11-28,139.64000
2016-11-29,140.20000
2016-11-30,141.45000
2016-12-01,140.76000
2016-12-02,139.37000
2016-12-05,139.84000
2016-12-06,140.07000
2016-12-07,139.36000
2016-12-08,140.83000
2016-12-09,141.07000
2016-12-12,139.89000
2016-12-13,140.10000
2016-12-14,139.40000
2016-12-15,138.88000
2016-12-16,138.92000
2016-12-19,138.64000
2016-12-20,138.09000
2016-12-21,138.07000
2016-12-22,136.89000
2016-12-23,136.89000
2016-12-26,135.43000
2016-12-27,133.25000
2016-12-28,133.48000
2016-12-29,134.44000
2016-12-30,135.36000
2017-01-02,136.12000
2017-01-03,136.63000
2017-01-04,136.71000
2017-01-05,137.67000
2017-01-06,137.38000
2017-01-09,137.58000
2017-01-10,138.09000
2017-01-11,139.27000
2017-01-12,139.72000
2017-01-13,139.50000
2017-01-16,139.74000
2017-01-17,139.81000
2017-01-18,140.16000
2017-01-19,140.45000
2017-01-20,139.31000
2017-01-23,139.74000
2017-01-24,140.81000
2017-01-25,142.24000
2017-01-27,142.71000
2017-01-30,142.56000
2017-01-31,141.57000
2017-02-01,143.39000
2017-02-02,144.28000
2017-02-03,144.91000
2017-02-06,145.63000
2017-02-07,145.27000
2017-02-08,145.02000
2017-02-09,144.96000
2017-02-10,145.11000
2017-02-13,145.07000
2017-02-14,144.49000
2017-02-15,143.11000
2017-02-16,144.38000
2017-02-17,145.13000
2017-02-20,145.79000
2017-02-21,146.25000
2017-02-22,145.61000
2017-02-23,145.71000
2017-02-27,145.14000
2017-02-28,145.27000
2017-03-01,145.57000
2017-03-02,144.60000
2017-03-03,144.79000
2017-03-06,145.15000
2017-03-07,145.13000
2017-03-08,144.75000
2017-03-09,144.68000
2017-03-10,144.36000
2017-03-14,146.04000
2017-03-15,146.81000
2017-03-16,148.04000
2017-03-17,147.91000
2017-03-20,143.41000
2017-03-21,143.39000
2017-03-22,142.54000
2017-03-23,143.44000
2017-03-24,143.66000
2017-03-27,143.58000
2017-03-28,144.28000
2017-03-29,144.74000
2017-03-30,145.35000
2017-03-31,146.10000
2017-04-03,146.34000
2017-04-05,146.77000
2017-04-06,146.41000
2017-04-07,145.77000
2017-04-10,146.32000
2017-04-11,147.31000
2017-04-12,147.17000
2017-04-13,146.79000
2017-04-17,146.73000
2017-04-18,146.47000
2017-04-19,146.83000
2017-04-20,147.24000
2017-04-21,147.24000
2017-04-24,147.95000
2017-04-25,148.67000
2017-04-26,148.65000
2017-04-27,148.60000
2017-04-28,148.69000
2017-05-02,148.64000
2017-05-03,148.27000
2017-05-04,148.74000
2017-05-05,147.79000
2017-05-08,148.24000
2017-05-09,148.40000
2017-05-10,149.50000
2017-05-11,150.03000
2017-05-12,149.23000
2017-05-15,150.12000
2017-05-16,150.46000
2017-05-17,150.30000
2017-05-18,148.53000
2017-05-19,148.01000
2017-05-22,147.49000
2017-05-23,146.60000
2017-05-24,145.91000
2017-05-25,147.75000
2017-05-26,149.33000
2017-05-29,148.07000
2017-05-30,148.89000
2017-05-31,149.37000
2017-06-01,149.78000
2017-06-02,150.35000
2017-06-05,150.89000
2017-06-06,150.38000
2017-06-07,151.15000
2017-06-08,151.40000
2017-06-09,151.94000
2017-06-12,151.34000
2017-06-13,151.57000
2017-06-14,151.61000
2017-06-15,151.48000
2017-06-16,151.73000
2017-06-19,152.05000
2017-06-20,152.32000
2017-06-21,151.99000
2017-06-22,151.47000
2017-06-23,150.38000
2017-06-27,144.95000
2017-06-28,145.15000
2017-06-29,145.49000
2017-06-30,146.12000
2017-07-03,146.78000
2017-07-04,146.69000
2017-07-05,147.61000
2017-07-06,147.59000
2017-07-07,147.32000
2017-07-10,147.94000
2017-07-11,147.80000
2017-07-12,148.62000
2017-07-13,149.91000
2017-07-14,149.89000
2017-07-17,149.90000
2017-07-18,149.14000
2017-07-19,150.31000
2017-07-20,149.91000
2017-07-21,150.20000
2017-07-24,150.28000
2017-07-25,150.57000
2017-07-26,151.14000
2017-07-27,150.99000
2017-07-28,151.10000
2017-07-31,151.86000
2017-08-01,152.30000
2017-08-02,152.01000
2017-08-03,151.31000
2017-08-04,152.22000
2017-08-07,152.84000
2017-08-08,151.95000
2017-08-09,150.66000
2017-08-10,148.47000
2017-08-11,148.04000
2017-08-14,149.95000
2017-08-16,151.28000
2017-08-17,151.23000
2017-08-18,150.63000
2017-08-21,149.64000
2017-08-22,149.41000
2017-08-23,150.41000
2017-08-24,150.72000
2017-08-28,151.63000
2017-08-29,150.75000
2017-08-30,152.02000
2017-08-31,152.38000
2017-09-01,153.20000
2017-09-04,152.38000
2017-09-05,153.19000
2017-09-06,153.20000
2017-09-07,153.62000
2017-09-08,153.44000
2017-09-11,154.50000
2017-09-12,155.35000
2017-09-13,154.61000
2017-09-14,154.69000
2017-09-15,154.64000
2017-09-18,155.48000
2017-09-19,155.82000
2017-09-20,155.45000
2017-09-21,155.01000
2017-09-22,152.53000
2017-09-25,147.52000
2017-09-26,147.59000
2017-09-27,146.12000
2017-09-28,146.68000
2017-09-29,147.83000
2017-10-03,148.53000
2017-10-04,148.98000
2017-10-05,148.98000
2017-10-06,150.13000
2017-10-09,150.01000
2017-10-10,150.35000
2017-10-11,149.76000
2017-10-12,150.73000
2017-10-13,151.19000
2017-10-16,151.54000
2017-10-17,151.71000
2017-10-18,151.41000
2017-10-23,151.12000
2017-10-24,151.47000
2017-10-25,151.30000
2017-10-26,151.83000
2017-10-27,151.82000
2017-10-30,152.69000
2017-10-31,152.59000
2017-11-01,153.39000
2017-11-02,153.56000
2017-11-03,153.61000
2017-11-06,153.76000
2017-11-07,152.74000
2017-11-08,151.94000
2017-11-09,152.45000
2017-11-10,152.39000
2017-11-13,151.64000
2017-11-14,151.03000
2017-11-15,150.05000
2017-11-16,151.07000
2017-11-17,152.12000
2017-11-20,152.79000
2017-11-21,153.19000
2017-11-22,153.12000
2017-11-23,153.26000
2017-11-24,153.67000
2017-11-27,153.91000
2017-11-28,153.75000
2017-11-29,153.74000
2017-11-30,153.11000
2017-12-01,152.01000
2017-12-04,151.83000
2017-12-05,151.87000
2017-12-06,150.82000
2017-12-07,152.46000
2017-12-08,153.46000
2017-12-11,153.66000
2017-12-12,152.76000
2017-12-13,152.13000
2017-12-14,152.46000
2017-12-15,153.63000
2017-12-18,154.30000
2017-12-19,155.28000
2017-12-20,155.36000
2017-12-21,155.72000
2017-12-22,156.08000
2017-12-26,151.55000
2017-12-27,151.33000
2017-12-28,151.11000
2017-12-29,151.65000
2018-01-01,151.09000
2018-01-02,150.48000
2018-01-03,150.69000
2018-01-04,151.41000
2018-01-05,152.11000
2018-01-08,152.74000
2018-01-09,152.51000
2018-01-10,152.01000
2018-01-11,152.17000
2018-01-12,152.37000
2018-01-15,152.39000
2018-01-16,151.10000
2018-01-17,152.04000
2018-01-18,151.44000
2018-01-19,152.27000
2018-01-22,152.24000
2018-01-23,153.14000
2018-01-24,152.71000
2018-01-25,152.15000
2018-01-29,152.11000
2018-01-30,151.34000
2018-01-31,151.06000
2018-02-01,151.04000
2018-02-02,148.14000
2018-02-05,147.36000
2018-02-06,145.98000
2018-02-07,146.52000
2018-02-08,147.57000
2018-02-09,146.97000
2018-02-12,147.80000
2018-02-14,147.59000
2018-02-15,147.38000
2018-02-16,146.20000
2018-02-19,145.38000
2018-02-20,145.27000
2018-02-21,145.27000
2018-02-22,144.73000
2018-02-23,146.00000
2018-02-26,147.17000
2018-02-27,146.89000
2018-02-28,146.66000
2018-03-01,146.13000
2018-03-05,145.26000
2018-03-06,144.36000
2018-03-07,143.55000
2018-03-08,144.04000
2018-03-09,143.82000
2018-03-12,145.35000
2018-03-13,146.01000
2018-03-14,146.00000
2018-03-15,145.82000
2018-03-16,144.60000
2018-03-19,143.17000
2018-03-20,143.54000
2018-03-21,143.78000
2018-03-22,143.14000
2018-03-23,141.95000
2018-03-26,138.32000
2018-03-27,139.71000
2018-03-28,139.43000
2018-04-02,140.31000
2018-04-03,141.01000
2018-04-04,139.79000
2018-04-05,141.87000
2018-04-06,142.20000
2018-04-09,142.46000
2018-04-10,142.73000
2018-04-11,142.55000
2018-04-12,142.53000
2018-04-13,142.68000
2018-04-16,143.09000
2018-04-17,143.30000
2018-04-18,142.88000
2018-04-19,143.43000
2018-04-20,143.29000
2018-04-23,143.66000
2018-04-24,143.54000
2018-04-25,142.85000
2018-04-26,143.27000
2018-04-27,143.79000
2018-04-30,144.75000
2018-05-02,144.00000
2018-05-03,143.21000
2018-05-04,142.81000
2018-05-07,143.72000
2018-05-08,143.80000
2018-05-09,143.61000
2018-05-10,142.95000
2018-05-11,143.68000
2018-05-14,143.33000
2018-05-15,142.94000
2018-05-16,142.38000
2018-05-17,142.30000
2018-05-18,141.20000
2018-05-21,139.71000
2018-05-22,140.39000
2018-05-23,139.67000
2018-05-24,140.23000
2018-05-25,141.65000
2018-05-28,142.74000
2018-05-29,142.33000
2018-05-30,142.16000
2018-05-31,142.47000
2018-06-01,141.71000
2018-06-04,140.92000
2018-06-05,140.13000
2018-06-06,141.02000
2018-06-07,141.71000
2018-06-08,142.04000
2018-06-11,142.24000
2018-06-12,142.57000
2018-06-13,142.42000
2018-06-14,142.11000
2018-06-15,141.97000
2018-06-18,141.74000
2018-06-19,140.83000
2018-06-20,141.18000
2018-06-21,140.61000
2018-06-22,141.01000
2018-06-25,140.42000
2018-06-26,140.46000
2018-06-27,139.38000
2018-06-28,138.19000
2018-06-29,139.62000
2018-07-02,136.24000
2018-07-03,136.56000
2018-07-04,136.74000
2018-07-05,136.47000
2018-07-06,136.64000
2018-07-09,137.40000
2018-07-10,138.36000
2018-07-11,137.81000
2018-07-12,138.06000
2018-07-13,137.48000
2018-07-16,135.97000
2018-07-17,137.01000
2018-07-18,136.50000
2018-07-19,135.96000
2018-07-20,136.59000
2018-07-23,138.04000
2018-07-24,139.26000
2018-07-25,139.15000
2018-07-26,139.59000
2018-07-27,140.61000
2018-07-30,140.83000
2018-07-31,141.29000
2018-08-01,141.32000
2018-08-02,140.80000
2018-08-03,141.65000
2018-08-06,141.94000
2018-08-07,142.14000
2018-08-08,142.36000
2018-08-09,142.58000
2018-08-10,142.19000
2018-08-13,141.46000
2018-08-14,142.36000
2018-08-16,141.91000
2018-08-17,143.08000
2018-08-20,143.54000
2018-08-21,143.63000
2018-08-23,143.68000
2018-08-24,143.42000
2018-08-27,144.80000
2018-08-28,144.83000
2018-08-29,144.55000
2018-08-30,144.43000
2018-08-31,144.73000
2018-09-03,144.23000
2018-09-04,142.40000
2018-09-05,141.95000
2018-09-06,142.23000
2018-09-07,142.81000
2018-09-10,141.69000
2018-09-11,140.25000
2018-09-12,140.58000
2018-09-14,141.88000
2018-09-17,140.86000
2018-09-18,139.64000
2018-09-19,138.85000
2018-09-21,137.33000
2018-09-24,134.94000
2018-09-25,135.58000
2018-09-26,135.62000
2018-09-27,134.58000
2018-09-28,133.68000
2018-10-01,132.01000
2018-10-03,131.17000
2018-10-04,129.62000
2018-10-05,127.81000
2018-10-08,127.11000
2018-10-09,126.54000
2018-10-10,128.74000
2018-10-11,126.93000
2018-10-12,128.94000
2018-10-15,129.26000
2018-10-16,130.04000
2018-10-17,128.61000
2018-10-19,127.70000
2018-10-22,127.42000
2018-10-23,126.50000
2018-10-24,126.93000
2018-10-25,126.11000
2018-10-26,125.67000
2018-10-29,127.60000
2018-10-30,127.78000
2018-10-31,129.35000
2018-11-01,129.64000
2018-11-02,130.62000
2018-11-05,130.29000
2018-11-06,129.97000
2018-11-09,130.76000
2018-11-12,129.91000
2018-11-13,130.54000
2018-11-14,130.63000
2018-11-15,131.09000
2018-11-16,131.21000
2018-11-19,131.61000
2018-11-20,130.60000
2018-11-21,130.64000
2018-11-22,129.97000
2018-11-26,130.65000
2018-11-27,131.16000
2018-11-28,131.32000
2018-11-29,132.13000
2018-11-30,132.26000
2018-12-03,132.45000
2018-12-04,132.37000
2018-12-05,131.38000
2018-12-06,130.07000
2018-12-07,130.54000
2018-12-10,128.96000
2018-12-11,129.69000
2018-12-12,131.41000
2018-12-13,132.19000
2018-12-14,132.34000
2018-12-17,133.00000
2018-12-18,133.31000
2018-12-19,134.13000
2018-12-20,133.84000
2018-12-21,132.41000
2018-12-24,131.73000
2018-12-26,132.02000
2018-12-27,132.31000
2018-12-28,133.26000
2018-12-31,133.58000
2019-01-01,131.44000
2019-01-02,130.60000
2019-01-03,129.79000
2019-01-04,129.99000
2019-01-07,130.25000
2019-01-08,130.65000
2019-01-09,130.79000
2019-01-10,130.74000
2019-01-11,130.53000
2019-01-14,130.01000
2019-01-15,130.81000
2019-01-16,131.08000
2019-01-17,130.93000
2019-01-18,130.60000
2019-01-21,130.44000
2019-01-22,130.00000
2019-01-23,129.37000
2019-01-24,129.36000
2019-01-25,128.25000
2019-01-28,127.32000
2019-01-29,127.34000
2019-01-30,128.02000
2019-01-31,128.79000
2019-02-01,129.06000
2019-02-04,128.62000
2019-02-05,128.47000
2019-02-06,129.44000
2019-02-07,129.96000
2019-02-08,128.99000
2019-02-11,128.11000
2019-02-12,127.59000
2019-02-13,127.02000
2019-02-14,126.90000
2019-02-15,126.07000
2019-02-18,125.47000
2019-02-19,125.65000
2019-02-20,126.70000
2019-02-21,127.37000
2019-02-22,127.65000
2019-02-25,128.35000
2019-02-26,128.02000
2019-02-27,127.95000
2019-02-28,128.05000
2019-03-01,129.40000
2019-03-05,130.97000
2019-03-06,131.49000
2019-03-07,131.29000
2019-03-08,131.08000
2019-03-11,132.58000
2019-03-12,133.62000
2019-03-13,133.81000
2019-03-14,133.76000
2019-03-15,134.44000
2019-03-18,134.35000
2019-03-19,134.80000
2019-03-20,134.63000
2019-03-22,134.11000
2019-03-25,133.17000
2019-03-26,134.18000
2019-03-27,134.30000
2019-03-28,135.13000
2019-03-29,135.94000
2019-04-02,133.89000
2019-04-03,133.21000
2019-04-04,132.80000
2019-04-05,133.28000
2019-04-08,132.86000
2019-04-09,132.88000
2019-04-10,132.23000
2019-04-11,132.25000
2019-04-12,132.57000
2019-04-15,132.76000
2019-04-16,133.45000
2019-04-18,132.71000
2019-04-22,131.48000
2019-04-23,131.33000
2019-04-24,132.20000
2019-04-25,131.75000
2019-04-26,132.30000
2019-04-30,132.31000
2019-05-02,131.66000
2019-05-03,131.40000
2019-05-06,130.50000
2019-05-07,129.81000
2019-05-08,128.75000
2019-05-09,128.64000
2019-05-10,128.77000
2019-05-13,127.31000
2019-05-14,127.73000
2019-05-15,127.25000
2019-05-16,127.78000
2019-05-17,128.93000
2019-05-20,132.12000
2019-05-21,131.21000
2019-05-22,131.49000
2019-05-23,131.19000
2019-05-24,133.12000
2019-05-27,134.33000
2019-05-28,134.55000
2019-05-29,133.97000
2019-05-30,134.31000
2019-05-31,134.08000
2019-06-03,134.88000
2019-06-04,134.59000
2019-06-06,132.96000
2019-06-07,133.23000
2019-06-10,133.48000
2019-06-11,134.02000
2019-06-12,133.37000
2019-06-13,133.50000
2019-06-14,132.66000
2019-06-17,131.47000
2019-06-18,131.70000
2019-06-19,131.37000
2019-06-20,132.71000
2019-06-21,132.52000
2019-06-24,132.37000
2019-06-25,132.92000
2019-06-26,133.53000
2019-06-27,133.68000
2019-06-28,133.30000
2019-07-01,131.42000
2019-07-02,131.66000
2019-07-03,131.77000
2019-07-04,131.81000
2019-07-05,130.90000
2019-07-08,128.77000
2019-07-09,128.86000
2019-07-10,128.51000
2019-07-11,128.97000
2019-07-12,128.95000
2019-07-15,128.96000
2019-07-16,129.54000
2019-07-17,129.83000
2019-07-18,128.94000
2019-07-19,127.50000
2019-07-22,126.78000
2019-07-23,126.45000
2019-07-24,125.68000
2019-07-25,125.87000
2019-07-26,126.33000
2019-07-29,125.88000
2019-07-30,124.96000
2019-07-31,125.49000
2019-08-01,124.31000
2019-08-02,124.25000
2019-08-05,123.01000
2019-08-06,124.04000
2019-08-07,123.61000
2019-08-08,124.68000
2019-08-09,125.29000
2019-08-13,123.71000
2019-08-14,124.51000
2019-08-16,124.71000
2019-08-19,124.94000
2019-08-20,124.23000
2019-08-21,123.22000
2019-08-22,121.92000
2019-08-23,122.16000
2019-08-26,123.75000
2019-08-27,124.52000
2019-08-28,124.20000
2019-08-29,123.40000
2019-08-30,123.94000
2019-09-03,122.71000
2019-09-04,123.23000
2019-09-05,123.32000
2019-09-06,123.96000
2019-09-09,124.40000
2019-09-11,124.75000
2019-09-12,124.97000
2019-09-13,125.50000
2019-09-16,125.19000
2019-09-17,123.59000
2019-09-18,123.87000
2019-09-19,122.48000
2019-09-20,127.33000
2019-09-23,130.26000
2019-09-24,129.91000
2019-09-25,128.26000
2019-09-26,129.48000
2019-09-27,129.18000
2019-09-30,128.34000
2019-10-01,124.92000
2019-10-03,124.35000
2019-10-04,123.03000
2019-10-07,122.75000
2019-10-09,124.39000
2019-10-10,123.64000
2019-10-11,124.25000
2019-10-14,124.54000
2019-10-15,125.11000
2019-10-16,125.30000
2019-10-17,126.14000
2019-10-18,127.00000
2019-10-22,126.77000
2019-10-23,126.88000
2019-10-24,126.71000
2019-10-25,126.84000
2019-10-29,128.34000
2019-10-30,128.37000
2019-10-31,128.72000
2019-11-01,129.03000
2019-11-04,129.07000
2019-11-05,128.49000
2019-11-06,128.61000
2019-11-07,129.01000
2019-11-08,128.56000
2019-11-11,128.87000
2019-11-13,127.67000
2019-11-14,128.19000
2019-11-15,128.60000
2019-11-18,128.69000
2019-11-19,128.75000
2019-11-20,129.08000
2019-11-21,128.85000
2019-11-22,128.29000
2019-11-25,129.32000
2019-11-26,128.90000
2019-11-27,129.26000
2019-11-28,129.86000
2019-11-29,129.50000
2019-12-02,129.20000
2019-12-03,128.83000
2019-12-04,129.70000
2019-12-05,129.53000
2019-12-06,128.77000
2019-12-09,128.69000
2019-12-10,127.89000
2019-12-11,127.97000
2019-12-12,128.49000
2019-12-13,129.32000
2019-12-16,129.06000
2019-12-17,129.58000
2019-12-18,129.91000
2019-12-19,130.00000
2019-12-20,130.19000
2019-12-23,129.95000
2019-12-24,129.71000
2019-12-26,129.46000
2019-12-27,130.31000
2019-12-30,130.49000
2019-12-31,130.40000
2020-01-01,128.35000
2020-01-02,129.23000
2020-01-03,128.77000
2020-01-06,126.76000
2020-01-07,127.19000
2020-01-08,126.93000
2020-01-09,128.41000
2020-01-10,129.14000
2020-01-13,129.98000
2020-01-14,130.33000
2020-01-15,130.48000
2020-01-16,130.82000
2020-01-17,129.48000
2020-01-20,128.35000
2020-01-21,127.85000
2020-01-22,127.38000
2020-01-23,128.25000
2020-01-24,129.06000
2020-01-27,128.27000
2020-01-28,127.56000
2020-01-29,128.05000
2020-01-30,127.39000
2020-01-31,127.01000
2020-02-03,124.99000
2020-02-04,126.79000
2020-02-05,127.72000
2020-02-06,127.97000
2020-02-07,128.15000
2020-02-10,127.37000
2020-02-11,127.74000
2020-02-12,128.25000
2020-02-13,127.91000
2020-02-14,127.07000
2020-02-17,126.16000
2020-02-18,125.02000
2020-02-19,125.86000
2020-02-20,125.84000
2020-02-24,124.11000
2020-02-25,123.73000
2020-02-26,122.80000
2020-02-27,122.39000
2020-02-28,119.49000
2020-03-02,119.06000
2020-03-03,120.22000
2020-03-04,119.31000
2020-03-05,119.47000
2020-03-06,117.45000
2020-03-09,114.01000
2020-03-11,113.68000
2020-03-12,106.90000
2020-03-13,109.34000
2020-03-16,104.09000
2020-03-17,102.07000
2020-03-18,98.19000
2020-03-19,95.97000
2020-03-20,98.82000
2020-03-23,88.89000
2020-03-24,89.89000
2020-03-25,93.21000
2020-03-26,95.09000
2020-03-27,95.79000
2020-03-30,93.13000
2020-03-31,93.72000
2020-04-01,91.49000
2020-04-03,90.16000
2020-04-07,94.77000
2020-04-08,95.24000
2020-04-09,98.36000
2020-04-13,97.84000
2020-04-15,98.15000
2020-04-16,99.31000
2020-04-17,101.54000
2020-04-20,101.55000
2020-04-21,98.92000
2020-04-22,99.64000
2020-04-23,100.73000
2020-04-24,99.31000
2020-04-27,100.45000
2020-04-28,100.77000
2020-04-29,102.16000
2020-04-30,104.16000
2020-05-04,100.45000
2020-05-05,99.69000
2020-05-06,100.58000
2020-05-07,99.77000
2020-05-08,99.86000
2020-05-11,99.73000
2020-05-12,99.37000
2020-05-13,100.97000
2020-05-14,99.60000
2020-05-15,99.41000
2020-05-18,96.27000
2020-05-19,96.67000
2020-05-20,98.09000
2020-05-21,98.12000
2020-05-22,97.74000
2020-05-26,97.77000
2020-05-27,99.40000
2020-05-28,100.62000
2020-05-29,101.24000
2020-06-01,103.08000
2020-06-02,104.25000
2020-06-03,104.82000
2020-06-04,104.37000
2020-06-05,105.35000
2020-06-08,105.36000
2020-06-09,104.45000
2020-06-10,104.93000
2020-06-11,103.46000
2020-06-12,104.23000
2020-06-15,103.26000
2020-06-16,104.02000
2020-06-17,104.05000
2020-06-18,105.33000
2020-06-19,106.46000
2020-06-22,107.39000
2020-06-23,108.84000
2020-06-24,107.34000
2020-06-25,107.72000
2020-06-26,106.70000
2020-06-29,105.93000
2020-06-30,106.19000
2020-07-01,106.81000
2020-07-02,107.76000
2020-07-03,108.01000
2020-07-06,109.09000
2020-07-07,109.53000
2020-07-08,108.91000
2020-07-09,109.81000
2020-07-10,109.30000
2020-07-13,109.60000
2020-07-14,108.51000
2020-07-15,108.27000
2020-07-16,109.01000
2020-07-17,110.46000
2020-07-20,111.50000
2020-07-21,112.02000
2020-07-22,111.66000
2020-07-23,112.39000
2020-07-24,112.17000
2020-07-27,111.50000
2020-07-28,112.74000
2020-07-29,112.25000
2020-07-30,111.80000
2020-07-31,111.66000
2020-08-03,110.83000
2020-08-04,112.13000
2020-08-05,112.54000
2020-08-06,113.10000
2020-08-07,113.39000
2020-08-10,113.97000
2020-08-11,113.95000
2020-08-12,113.60000
2020-08-13,113.79000
2020-08-14,113.05000
2020-08-17,113.41000
2020-08-18,114.67000
2020-08-19,115.05000
2020-08-20,114.87000
2020-08-21,115.46000
2020-08-24,116.42000
2020-08-25,116.44000
2020-08-26,116.92000
2020-08-27,117.25000
2020-08-28,117.75000
2020-08-31,115.09000
2020-09-01,115.85000
2020-09-02,116.83000
2020-09-03,116.73000
2020-09-04,115.56000
2020-09-07,115.28000
2020-09-08,114.86000
2020-09-09,114.35000
2020-09-10,115.48000
2020-09-11,115.68000
2020-09-14,116.47000
2020-09-15,117.49000
2020-09-16,118.20000
2020-09-17,117.60000
2020-09-18,117.49000
2020-09-21,115.07000
2020-09-22,114.38000
2020-09-23,114.17000
2020-09-24,112.10000
2020-09-25,114.14000
2020-09-28,115.57000
2020-09-29,115.88000
2020-09-30,116.10000
2020-10-01,115.46000
2020-10-05,115.85000
2020-10-06,116.79000
2020-10-07,117.19000
2020-10-08,117.85000
2020-10-09,118.47000
2020-10-12,118.50000
2020-10-13,118.49000
2020-10-14,118.97000
2020-10-15,117.03000
2020-10-16,117.76000
2020-10-19,118.35000
2020-10-20,118.64000
2020-10-21,118.82000
2020-10-22,118.59000
2020-10-23,119.03000
2020-10-26,117.76000
2020-10-27,118.77000
2020-10-28,117.56000
2020-10-29,117.41000
2020-10-30,117.32000
2020-11-02,117.71000
2020-11-03,118.70000
2020-11-04,119.49000
2020-11-05,121.13000
2020-11-06,122.01000
2020-11-09,123.54000
2020-11-10,123.83000
2020-11-11,124.65000
2020-11-12,124.41000
2020-11-13,125.14000
2020-11-17,126.48000
2020-11-18,127.00000
2020-11-19,126.00000
2020-11-20,127.22000
2020-11-23,128.62000
2020-11-24,129.45000
2020-11-25,127.63000
2020-11-26,128.60000
2020-11-27,129.21000
2020-12-01,130.17000
2020-12-02,130.03000
2020-12-03,130.03000
2020-12-04,130.92000
2020-12-07,131.50000
2020-12-08,131.80000
2020-12-09,132.41000
2020-12-10,131.83000
2020-12-11,132.04000
2020-12-14,132.35000
2020-12-15,132.57000
2020-12-16,133.40000
2020-12-17,133.91000
2020-12-18,134.17000
2020-12-21,130.97000
2020-12-22,132.10000
2020-12-23,133.55000
2020-12-24,134.63000
2020-12-28,133.86000
2020-12-29,134.16000
2020-12-30,134.60000
2020-12-31,134.81000
2021-01-01,135.37000
2021-01-04,136.61000
2021-01-05,137.64000
2021-01-06,137.43000
2021-01-07,137.48000
2021-01-08,139.22000
2021-01-11,139.83000
2021-01-12,140.21000
2021-01-13,139.74000
2021-01-14,139.62000
2021-01-15,138.36000
2021-01-18,136.83000
2021-01-19,138.72000
2021-01-20,139.85000
2021-01-21,139.32000
2021-01-22,138.07000
2021-01-25,136.87000
2021-01-27,134.89000
2021-01-28,134.38000
2021-01-29,133.02000
2021-02-01,137.30000
2021-02-02,139.66000
2021-02-03,140.55000
2021-02-04,141.37000
2021-02-05,141.21000
2021-02-08,142.59000
2021-02-09,142.72000
2021-02-10,142.80000
2021-02-11,143.41000
2021-02-12,143.36000
2021-02-15,145.28000
2021-02-16,145.08000
2021-02-17,144.57000
2021-02-18,144.19000
2021-02-19,142.97000
2021-02-22,141.50000
2021-02-23,141.91000
2021-02-24,143.66000
2021-02-25,144.27000
2021-02-26,141.17000
2021-03-01,142.82000
2021-03-02,144.01000
2021-03-03,146.20000
2021-03-04,145.79000
2021-03-05,144.37000
2021-03-08,144.48000
2021-03-09,145.35000
2021-03-10,146.25000
2021-03-12,145.31000
2021-03-15,144.73000
2021-03-16,145.04000
2021-03-17,143.19000
2021-03-18,141.37000
2021-03-19,142.68000
2021-03-22,142.71000
2021-03-23,143.67000
2021-03-24,141.82000
2021-03-25,140.18000
2021-03-26,141.51000
2021-03-30,143.88000
2021-03-31,141.11000
2021-04-01,142.59000
2021-04-05,140.97000
2021-04-06,141.05000
2021-04-07,142.73000
2021-04-08,143.53000
2021-04-09,143.33000
2021-04-12,139.21000
2021-04-13,140.19000
2021-04-15,140.44000
2021-04-16,141.20000
2021-04-19,139.61000
2021-04-20,139.47000
2021-04-22,139.78000
2021-04-23,139.52000
2021-04-26,140.78000
2021-04-27,142.26000
2021-04-28,143.87000
2021-04-29,144.00000
2021-04-30,142.47000
2021-05-03,142.33000
2021-05-04,141.22000
2021-05-05,142.65000
2021-05-06,143.70000
2021-05-07,143.94000
2021-05-10,144.68000
2021-05-11,144.41000
2021-05-12,143.07000
2021-05-14,142.21000
2021-05-17,144.11000
2021-05-18,145.86000
2021-05-19,145.47000
2021-05-20,144.91000
2021-05-21,146.38000
2021-05-24,146.47000
2021-05-25,146.44000
2021-05-26,146.89000
2021-05-27,147.25000
2021-05-28,147.70000
2021-05-31,148.68000
2021-06-01,148.34000
2021-06-02,148.62000
2021-06-03,149.68000
2021-06-04,149.55000
2021-06-07,150.41000
2021-06-08,150.53000
2021-06-09,149.76000
2021-06-10,151.02000
2021-06-11,151.56000
2021-06-14,151.75000
2021-06-15,152.35000
2021-06-16,151.66000
2021-06-17,151.21000
2021-06-18,151.08000
2021-06-21,151.35000
2021-06-22,151.42000
2021-06-23,151.02000
2021-06-24,151.88000
2021-06-25,152.68000
2021-06-28,152.67000
2021-06-29,152.32000
2021-06-30,152.48000
2021-07-01,150.44000
2021-07-02,151.20000
2021-07-05,151.71000
2021-07-06,151.85000
2021-07-07,152.30000
2021-07-08,151.62000
2021-07-09,151.63000
2021-07-12,151.74000
2021-07-13,152.37000
2021-07-14,153.19000
2021-07-15,153.76000
2021-07-16,154.00000
2021-07-19,152.84000
2021-07-20,152.03000
2021-07-22,153.87000
2021-07-23,153.90000
2021-07-26,153.85000
2021-07-27,153.30000
2021-07-28,152.97000
2021-07-29,154.12000
2021-07-30,154.33000
2021-08-02,155.48000
2021-08-03,156.49000
2021-08-04,156.71000
2021-08-05,156.56000
2021-08-06,156.15000
2021-08-09,156.35000
2021-08-10,156.48000
2021-08-11,155.82000
2021-08-12,156.67000
2021-08-13,157.35000
2021-08-16,157.20000
2021-08-17,158.05000
2021-08-18,158.20000
2021-08-20,156.79000
2021-08-23,156.59000
2021-08-24,157.57000
2021-08-25,157.71000
2021-08-26,157.81000
2021-08-27,158.63000
2021-08-30,160.42000
2021-08-31,161.75000
2021-09-01,161.82000
2021-09-02,163.20000
2021-09-03,163.51000
2021-09-06,164.00000
2021-09-07,164.03000
2021-09-08,164.36000
2021-09-09,164.44000
2021-09-13,164.77000
2021-09-14,164.99000
2021-09-15,166.14000
2021-09-16,166.99000
2021-09-17,166.44000
2021-09-20,164.69000
2021-09-21,165.65000
2021-09-22,165.68000
2021-09-23,167.38000
2021-09-24,166.96000
2021-09-27,166.43000
2021-09-28,162.72000
2021-09-29,162.67000
2021-09-30,162.32000
2021-10-01,161.93000
2021-10-04,163.37000
2021-10-05,164.15000
2021-10-06,162.87000
2021-10-07,164.57000
2021-10-08,165.52000
2021-10-11,165.54000
2021-10-12,165.57000
2021-10-13,166.93000
2021-10-14,168.13000
2021-10-18,169.13000
2021-10-19,168.27000
2021-10-20,166.49000
2021-10-21,165.33000
2021-10-22,164.77000
2021-10-25,164.38000
2021-10-26,165.83000
2021-10-27,165.66000
2021-10-28,164.02000
2021-10-29,163.19000
2021-11-01,164.89000
2021-11-02,164.39000
2021-11-03,163.79000
2021-11-08,165.82000
2021-11-09,165.99000
2021-11-10,165.69000
2021-11-11,164.97000
2021-11-12,166.26000
2021-11-15,166.81000
2021-11-16,166.38000
2021-11-17,165.98000
2021-11-18,164.11000
2021-11-22,160.96000
2021-11-23,162.01000
2021-11-24,161.43000
2021-11-25,162.35000
2021-11-26,158.95000
2021-11-29,158.90000
2021-11-30,158.79000
2021-12-01,159.52000
2021-12-02,160.65000
2021-12-03,159.62000
2021-12-06,157.62000
2021-12-07,159.35000
2021-12-08,161.08000
2021-12-09,161.26000
2021-12-10,161.08000
2021-12-13,160.59000
2021-12-14,160.18000
2021-12-15,159.21000
2021-12-16,159.39000
2021-12-17,157.62000
2021-12-20,154.08000
2021-12-21,155.56000
2021-12-22,156.91000
2021-12-23,158.08000
2021-12-24,157.54000
2021-12-27,157.92000
2021-12-28,157.05000
2021-12-29,156.93000
2021-12-30,157.10000
2021-12-31,158.47000
2022-01-03,160.50000
2022-01-04,161.04000
2022-01-05,161.51000
2022-01-06,160.47000
2022-01-07,160.92000
2022-01-10,161.70000
2022-01-11,162.13000
2022-01-12,163.03000
2022-01-13,163.15000
2022-01-14,163.23000
2022-01-17,163.54000
2022-01-18,161.65000
2022-01-19,160.26000
2022-01-20,159.48000
2022-01-21,157.50000
2022-01-24,153.57000
2022-01-25,154.28000
2022-01-27,152.58000
2022-01-28,152.94000
2022-01-31,157.38000
2022-02-01,158.76000
2022-02-02,159.95000
2022-02-03,158.57000
2022-02-04,158.52000
2022-02-07,156.63000
2022-02-08,156.54000
2022-02-09,158.14000
2022-02-10,158.69000
2022-02-11,156.52000
2022-02-14,159.53000
2022-02-15,162.56000
2022-02-16,162.25000
2022-02-17,161.81000
2022-02-18,161.22000
2022-02-21,160.80000
2022-02-22,159.98000
2022-02-23,160.09000
2022-02-24,154.40000
2022-02-25,158.04000
2022-02-28,158.87000
2022-03-02,157.37000
2022-03-03,156.45000
2022-03-04,154.42000
2022-03-07,151.67000
2022-03-08,153.00000
2022-03-09,154.99000
2022-03-10,156.42000
2022-03-11,156.84000
2022-03-14,158.09000
2022-03-15,156.87000
2022-03-16,159.03000
2022-03-17,160.71000
2022-03-21,159.84000
2022-03-22,160.68000
2022-03-23,160.68000
2022-03-24,160.63000
2022-03-25,160.17000
2022-03-28,160.23000
2022-03-29,161.09000
2022-03-30,162.40000
2022-03-31,159.70000
2022-04-01,160.64000
2022-04-04,162.77000
2022-04-05,162.92000
2022-04-06,162.03000
2022-04-07,161.21000
2022-04-08,162.07000
2022-04-11,161.57000
2022-04-12,160.26000
2022-04-13,159.88000
2022-04-18,158.24000
2022-04-19,157.02000
2022-04-20,157.62000
2022-04-21,159.13000
2022-04-22,157.83000
2022-04-25,156.19000
2022-04-26,157.40000
2022-04-27,155.84000
2022-04-28,157.03000
2022-04-29,156.09000
2022-05-02,155.60000
2022-05-04,152.29000
2022-05-05,152.28000
2022-05-06,149.24000
2022-05-09,148.06000
2022-05-10,146.69000
2022-05-11,146.25000
2022-05-12,144.17000
2022-05-13,144.11000
2022-05-16,144.51000
2022-05-17,147.19000
2022-05-18,147.11000
2022-05-19,144.08000
2022-05-20,146.46000
2022-05-23,145.67000
2022-05-24,144.85000
2022-05-25,143.53000
2022-05-26,144.51000
2022-05-27,146.03000
2022-05-30,148.51000
2022-05-31,147.97000
2022-06-01,147.53000
2022-06-02,148.29000
2022-06-03,147.44000
2022-06-06,146.85000
2022-06-07,145.90000
2022-06-08,145.46000
2022-06-09,146.21000
2022-06-10,144.77000
2022-06-13,141.91000
2022-06-14,141.81000
2022-06-15,142.05000
2022-06-16,139.98000
2022-06-17,139.46000
2022-06-20,139.44000
2022-06-21,141.57000
2022-06-22,140.15000
2022-06-23,141.26000
2022-06-24,142.29000
2022-06-27,143.16000
2022-06-28,141.08000
2022-06-29,140.67000
2022-06-30,140.59000
2022-07-01,140.23000
2022-07-04,140.72000
2022-07-05,140.70000
2022-07-06,142.03000
2022-07-07,142.86000
2022-07-08,143.14000
2022-07-11,143.40000
2022-07-12,142.59000
2022-07-13,142.57000
2022-07-14,142.21000
2022-07-15,142.87000
2022-07-18,144.33000
2022-07-19,144.89000
2022-07-20,145.71000
2022-07-21,146.47000
2022-07-22,147.16000
2022-07-25,146.76000
2022-07-26,145.38000
2022-07-27,146.40000
2022-07-28,147.90000
2022-07-29,149.33000
2022-08-01,150.85000
2022-08-02,150.71000
2022-08-03,150.92000
2022-08-04,151.12000
2022-08-05,151.27000
2022-08-08,151.72000
2022-08-10,151.67000
2022-08-11,152.67000
2022-08-12,152.76000
2022-08-16,153.65000
2022-08-17,154.40000
2022-08-18,154.42000
2022-08-19,153.04000
2022-08-22,150.83000
2022-08-23,151.59000
2022-08-24,151.83000
2022-08-25,151.80000
2022-08-26,152.24000
2022-08-29,150.74000
2022-08-30,153.41000
2022-09-01,152.95000
2022-09-02,152.68000
2022-09-05,153.07000
2022-09-06,153.17000
2022-09-07,153.28000
2022-09-08,154.25000
2022-09-09,154.52000
2022-09-12,155.67000
2022-09-13,156.52000
2022-09-14,156.19000
2022-09-15,155.51000
2022-09-16,152.72000
2022-09-19,152.80000
2022-09-20,154.23000
2022-09-21,153.44000
2022-09-22,153.33000
2022-09-23,151.18000
2022-09-26,149.10000
2022-09-27,146.70000
2022-09-28,145.96000
2022-09-29,145.79000
2022-09-30,147.45000
2022-10-03,146.00000
2022-10-04,148.40000
2022-10-06,149.08000
2022-10-07,148.89000
2022-10-10,148.31000
2022-10-11,146.61000
2022-10-12,147.32000
2022-10-13,146.46000
2022-10-14,147.26000
2022-10-17,148.06000
2022-10-18,149.23000
2022-10-19,149.27000
2022-10-20,149.10000
2022-10-21,148.97000
2022-10-25,150.07000
2022-10-27,150.43000
2022-10-28,149.89000
2022-10-31,151.22000
2022-11-01,152.07000
2022-11-02,151.66000
2022-11-03,151.60000
2022-11-04,151.65000
2022-11-07,152.00000
2022-11-09,151.28000
2022-11-10,150.32000
2022-11-11,151.64000
2022-11-14,151.57000
2022-11-15,152.01000
2022-11-16,151.46000
2022-11-17,150.90000
2022-11-18,150.46000
2022-11-21,149.87000
2022-11-22,150.17000
2022-11-23,150.43000
2022-11-24,151.59000
2022-11-25,151.69000
2022-11-28,152.19000
2022-11-29,152.29000
2022-11-30,153.01000
2022-12-01,153.69000
2022-12-02,153.52000
2022-12-05,153.45000
2022-12-06,152.67000
2022-12-07,152.12000
2022-12-08,152.38000
2022-12-09,151.84000
2022-12-12,151.90000
2022-12-13,152.33000
2022-12-14,153.05000
2022-12-15,151.60000
2022-12-16,150.22000
2022-12-19,150.88000
2022-12-20,150.70000
2022-12-21,149.57000
2022-12-22,149.08000
2022-12-23,146.49000
2022-12-26,148.25000
2022-12-27,146.80000
2022-12-28,146.75000
2022-12-29,147.08000
2022-12-30,146.74000
2023-01-02,147.27000
2023-01-03,147.50000
2023-01-04,146.36000
2023-01-05,146.00000
2023-01-06,145.13000
2023-01-09,146.21000
2023-01-10,145.40000
2023-01-11,145.24000
2023-01-12,145.13000
2023-01-13,145.48000
2023-01-16,144.97000
2023-01-17,145.26000
2023-01-18,145.74000
2023-01-19,145.56000
2023-01-20,145.06000
2023-01-23,145.54000
2023-01-24,145.46000
2023-01-25,143.90000
2023-01-27,142.24000
2023-01-30,142.53000
2023-01-31,143.31000
2023-02-01,143.17000
2023-02-02,143.66000
2023-02-03,144.31000
2023-02-06,144.50000
2023-02-07,144.29000
2023-02-08,145.38000
2023-02-09,145.39000
2023-02-10,145.43000
2023-02-13,144.40000
2023-02-14,144.77000
2023-02-15,145.45000
2023-02-16,146.15000
2023-02-17,145.38000
2023-02-20,145.35000
2023-02-21,145.25000
2023-02-22,143.90000
2023-02-23,143.84000
2023-02-24,143.71000
2023-02-27,143.15000
2023-02-28,142.86000
2023-03-01,143.74000
2023-03-02,143.11000
2023-03-03,144.34000
2023-03-06,144.93000
2023-03-08,144.94000
2023-03-09,144.20000
2023-03-10,143.12000
2023-03-13,141.47000
2023-03-14,141.08000
2023-03-15,140.76000
2023-03-16,140.68000
2023-03-17,141.43000
2023-03-20,140.60000
2023-03-21,141.39000
2023-03-22,141.68000
2023-03-23,141.38000
2023-03-24,140.73000
2023-03-27,138.44000
2023-03-28,138.21000
2023-03-29,139.05000
2023-03-31,140.75000
2023-04-03,141.07000
2023-04-05,141.94000
2023-04-06,142.26000
2023-04-10,142.36000
2023-04-11,142.60000
2023-04-12,143.08000
2023-04-13,143.09000
2023-04-17,142.83000
2023-04-18,143.03000
2023-04-19,142.52000
2023-04-20,142.63000
2023-04-21,142.33000
2023-04-24,143.12000
2023-04-25,143.39000
2023-04-26,143.80000
2023-04-27,144.40000
2023-04-28,145.29000
2023-05-02,145.77000
2023-05-03,145.58000
2023-05-04,146.46000
2023-05-05,146.19000
2023-05-08,147.40000
2023-05-09,147.27000
2023-05-10,147.54000
2023-05-11,147.86000
2023-05-12,148.10000
2023-05-15,148.52000
2023-05-16,148.44000
2023-05-17,148.16000
2023-05-18,147.76000
2023-05-19,147.93000
2023-05-22,148.32000
2023-05-23,148.33000
2023-05-24,148.14000
2023-05-25,148.42000
2023-05-26,149.57000
2023-05-29,150.02000
2023-05-30,150.10000
2023-05-31,150.30000
2023-06-01,150.21000
2023-06-02,150.91000
2023-06-05,151.45000
2023-06-06,151.43000
2023-06-07,152.29000
2023-06-08,151.59000
2023-06-09,151.35000
2023-06-12,151.69000
2023-06-13,152.70000
2023-06-14,153.00000
2023-06-15,152.93000
2023-06-16,153.91000
2023-06-19,153.67000
2023-06-20,153.90000
2023-06-21,153.91000
2023-06-22,153.20000
2023-06-23,149.56000
2023-06-26,150.06000
2023-06-27,150.97000
2023-06-28,151.75000
2023-06-30,152.91000
2023-07-03,153.28000
2023-07-04,153.43000
2023-07-05,153.49000
2023-07-06,153.97000
2023-07-07,153.31000
2023-07-10,153.07000
2023-07-11,153.76000
2023-07-12,153.65000
2023-07-13,153.71000
2023-07-14,154.65000
2023-07-17,155.42000
2023-07-18,155.47000
2023-07-19,155.94000
2023-07-20,156.46000
2023-07-21,155.73000
2023-07-24,155.44000
2023-07-25,155.77000
2023-07-26,156.04000
2023-07-27,155.80000
2023-07-28,156.10000
2023-07-31,157.06000
2023-08-01,157.07000
2023-08-02,155.79000
2023-08-03,155.06000
2023-08-04,155.68000
2023-08-07,156.51000
2023-08-08,156.62000
2023-08-09,157.11000
2023-08-10,156.74000
2023-08-11,156.20000
2023-08-14,156.00000
2023-08-16,156.01000
2023-08-17,155.91000
2023-08-18,155.58000
2023-08-21,156.28000
2023-08-22,156.70000
2023-08-23,157.10000
2023-08-24,157.28000
2023-08-25,156.56000
2023-08-28,156.90000
2023-08-29,157.20000
2023-08-30,157.57000
2023-08-31,157.63000
2023-09-01,158.53000
2023-09-04,158.99000
2023-09-05,159.60000
2023-09-06,159.90000
2023-09-07,160.11000
2023-09-08,160.60000
2023-09-11,161.53000
2023-09-12,160.19000
2023-09-13,160.56000
2023-09-14,161.33000
2023-09-15,162.07000
2023-09-18,161.47000
2023-09-20,160.30000
2023-09-21,159.11000
2023-09-22,155.88000
2023-09-25,156.00000
2023-09-26,155.84000
2023-09-27,156.30000
2023-09-29,156.28000
2023-10-03,156.37000
2023-10-04,155.47000
2023-10-05,155.90000
2023-10-06,156.32000
2023-10-09,155.18000
2023-10-10,156.38000
2023-10-11,157.10000
2023-10-12,157.06000
2023-10-13,156.84000
2023-10-16,156.78000
2023-10-17,157.19000
2023-10-18,156.34000
2023-10-19,156.20000
2023-10-20,155.52000
2023-10-23,153.66000
2023-10-25,153.00000
2023-10-26,151.55000
2023-10-27,153.08000
2023-10-30,153.39000
2023-10-31,152.92000
2023-11-01,152.85000
2023-11-02,153.98000
2023-11-03,154.83000
2023-11-06,155.90000
2023-11-07,156.05000
2023-11-08,156.37000
2023-11-09,156.23000
2023-11-10,156.39000
2023-11-13,156.62000
2023-11-15,157.67000
2023-11-16,158.14000
2023-11-17,158.12000
2023-11-20,157.86000
2023-11-21,158.28000
2023-11-22,158.38000
2023-11-23,158.25000
2023-11-24,158.11000
2023-11-28,158.60000
2023-11-29,159.79000
2023-11-30,160.39000
2023-12-01,161.20000
2023-12-04,163.40000
2023-12-05,163.96000
2023-12-06,164.26000
2023-12-07,163.98000
2023-12-08,164.14000
2023-12-11,164.58000
2023-12-12,163.87000
2023-12-13,164.30000
2023-12-14,165.74000
2023-12-15,166.94000
2023-12-18,167.18000
2023-12-19,167.21000
2023-12-20,164.89000
2023-12-21,165.78000
2023-12-22,166.57000
2023-12-26,164.15000
2023-12-27,165.25000
2023-12-28,165.76000
2023-12-29,166.15000
2024-01-01,166.21000
2024-01-02,165.71000
2024-01-03,165.47000
2024-01-04,166.70000
2024-01-05,167.00000
2024-01-08,165.84000
2024-01-09,166.10000
2024-01-10,166.31000
2024-01-11,166.60000
2024-01-12,167.72000
2024-01-15,168.48000
2024-01-16,168.12000
2024-01-17,166.12000
2024-01-18,165.62000
2024-01-19,166.77000
2024-01-23,164.90000
2024-01-24,166.11000
2024-01-25,165.51000
2024-01-29,167.20000
2024-01-30,166.29000
2024-01-31,167.50000
2024-02-01,167.18000
2024-02-02,167.98000
2024-02-05,167.28000
2024-02-06,168.43000
2024-02-07,168.62000
2024-02-08,167.60000
2024-02-09,167.82000
2024-02-12,166.51000
2024-02-13,167.33000
2024-02-14,167.81000
2024-02-15,168.29000
2024-02-16,169.19000
2024-02-19,169.62000
2024-02-20,169.85000
2024-02-21,169.62000
2024-02-22,170.61000
2024-02-23,171.05000
2024-02-26,170.73000
2024-02-27,171.00000
2024-02-28,169.59000
2024-02-29,170.06000
2024-03-01,171.52000
2024-03-04,171.55000
2024-03-05,171.26000
2024-03-06,171.29000
2024-03-07,171.78000
2024-03-11,171.18000
2024-03-12,170.66000
2024-03-13,167.76000
2024-03-14,168.93000
2024-03-15,168.42000
2024-03-18,168.73000
2024-03-19,167.55000
2024-03-20,167.69000
2024-03-21,169.19000
2024-03-22,169.86000
2024-03-26,166.88000
2024-03-27,167.74000
2024-03-28,168.86000
2024-03-31,168.85000
2024-04-01,170.05000
2024-04-02,170.42000
2024-04-03,170.66000
2024-04-04,171.18000
2024-04-05,171.38000
2024-04-08,172.19000
2024-04-09,172.21000
2024-04-10,173.07000
2024-04-12,171.74000
2024-04-15,170.10000
2024-04-16,169.61000
2024-04-18,168.94000
2024-04-19,169.52000
2024-04-22,171.01000
2024-04-23,171.27000
2024-04-24,171.57000
2024-04-25,172.50000
2024-04-26,172.11000
2024-04-29,173.02000
2024-04-30,173.20000
2024-05-02,173.59000
2024-05-03,172.74000
2024-05-06,172.65000
2024-05-07,171.54000
2024-05-08,172.01000
2024-05-09,170.02000
2024-05-10,170.65000
2024-05-13,170.95000
2024-05-14,171.71000
2024-05-15,172.60000
2024-05-16,174.17000
2024-05-17,175.42000
2024-05-21,176.04000
2024-05-22,176.35000
2024-05-23,178.21000
2024-05-24,178.13000
2024-05-27,178.02000
2024-05-28,177.46000
2024-05-29,176.60000
2024-05-30,175.46000
2024-05-31,175.89000
2024-06-03,179.84000
2024-06-04,171.63000
2024-06-05,176.41000
2024-06-06,178.21000
2024-06-07,181.14000
2024-06-10,181.34000
2024-06-11,181.48000
2024-06-12,182.08000
2024-06-13,183.11000
2024-06-14,184.29000
2024-06-18,185.16000
2024-06-19,184.47000
2024-06-20,184.64000
2024-06-21,184.23000
2024-06-24,181.65000
2024-06-25,182.51000
2024-06-26,182.95000
2024-06-27,183.72000
2024-06-28,183.24000
2024-06-30,183.24000
2024-07-01,184.31000
2024-07-02,184.11000
2024-07-03,185.18000
2024-07-04,185.59000
2024-07-05,185.58000
2024-07-08,185.57000
2024-07-09,186.34000
2024-07-10,185.82000
2024-07-11,185.84000
2024-07-12,186.31000
2024-07-15,186.66000
2024-07-16,186.69000
2024-07-18,187.11000
2024-07-19,185.19000
2024-07-22,185.89000
2024-07-23,185.58000
2024-07-24,185.81000
2024-07-25,185.91000
2024-07-26,188.03000
2024-07-29,188.45000
2024-07-30,188.49000
2024-07-31,189.06000
2024-08-01,188.77000
2024-08-02,187.38000
2024-08-05,183.45000
2024-08-06,182.87000
2024-08-07,185.02000
2024-08-08,184.20000
2024-08-09,185.24000
2024-08-12,185.28000
2024-08-13,183.98000
2024-08-14,184.24000
2024-08-16,186.40000
2024-08-19,186.29000
2024-08-20,187.03000
2024-08-21,187.72000
2024-08-22,188.13000
2024-08-23,188.24000
2024-08-26,189.21000
2024-08-27,189.57000
2024-08-28,189.92000
2024-08-29,190.03000
2024-08-30,190.77000
2024-09-02,190.93000
2024-09-03,191.43000
2024-09-04,191.15000
2024-09-05,191.19000
2024-09-06,189.65000
2024-09-09,190.10000
2024-09-10,191.13000
2024-09-11,190.75000
2024-09-12,192.99000
2024-09-13,192.99000
2024-09-16,193.06000
2024-09-17,193.42000
2024-09-18,193.07000
2024-09-19,193.32000
2024-09-20,195.22000
2024-09-23,195.95000
2024-09-24,192.60000
2024-09-25,192.52000
2024-09-26,193.25000
2024-09-27,192.91000
2024-09-30,191.55000
2024-10-01,191.85000
2024-10-03,188.67000
2024-10-04,187.39000
2024-10-07,185.64000
2024-10-08,187.32000
2024-10-09,188.20000
2024-10-10,188.03000
2024-10-11,187.90000
2024-10-14,188.48000
2024-10-15,188.73000
2024-10-16,188.30000
2024-10-17,186.77000
2024-10-18,187.00000
2024-10-21,185.83000
2024-10-22,183.73000
2024-10-23,183.86000
2024-10-24,183.90000
2024-10-25,182.62000
2024-10-28,182.82000
2024-10-29,183.69000
2024-10-30,183.29000
2024-10-31,182.93000
2024-11-04,182.04000
2024-11-05,182.92000
2024-11-06,184.93000
2024-11-07,183.48000
2024-11-08,183.07000
2024-11-11,182.89000
2024-11-12,181.48000
2024-11-13,179.11000
2024-11-14,179.31000
2024-11-18,178.87000
2024-11-19,179.45000
2024-11-21,178.62000
2024-11-22,181.05000
2024-11-25,183.13000
2024-11-26,183.15000
2024-11-27,183.70000
2024-11-28,182.18000
2024-11-29,183.63000
2024-12-02,184.63000
2024-12-03,185.76000
2024-12-04,186.28000
2024-12-05,187.43000
2024-12-06,187.42000
2024-12-09,187.27000
2024-12-10,187.79000
2024-12-11,187.98000
2024-12-12,187.31000
2024-12-13,188.14000
2024-12-16,187.90000
2024-12-17,186.32000
2024-12-18,185.37000
2024-12-19,184.15000
2024-12-20,181.60000
2024-12-23,178.59000
2024-12-24,178.53000
2024-12-26,178.78000
2024-12-27,178.95000
2024-12-30,178.37000
2024-12-31,178.40000
2025-01-01,179.00000
2025-01-02,181.11000
2025-01-03,180.42000
2025-01-06,178.24000
2025-01-07,178.85000
2025-01-08,178.02000
2025-01-09,177.40000
2025-01-10,176.06000
2025-01-13,172.75000
2025-01-14,173.48000
2025-01-15,173.71000
2025-01-16,175.00000
2025-01-17,174.52000
2025-01-20,174.90000
2025-01-21,172.69000
2025-01-22,172.66000
2025-01-23,173.87000
2025-01-24,172.29000
2025-01-27,170.13000
2025-01-28,170.66000
2025-01-29,172.50000
2025-01-30,172.36000
2025-01-31,173.73000
2025-02-03,173.38000
2025-02-04,175.22000
2025-02-05,175.47000
2025-02-06,174.96000
2025-02-07,174.86000
2025-02-10,173.24000
2025-02-11,170.78000
2025-02-12,170.50000
2025-02-13,170.40000
2025-02-14,169.15000
2025-02-17,168.74000
2025-02-18,168.60000
2025-02-19,169.17000
2025-02-20,169.44000
2025-02-21,168.28000
2025-02-24,166.98000
2025-02-25,166.93000
2025-02-27,166.67000
2025-02-28,163.97000
2025-03-03,164.25000
2025-03-04,164.29000
2025-03-05,166.23000
2025-03-06,167.35000
2025-03-07,167.40000
2025-03-10,166.42000
2025-03-11,166.87000
2025-03-12,166.68000
2025-03-13,166.17000
2025-03-17,166.91000
2025-03-18,169.18000
2025-03-19,169.96000
2025-03-20,171.24000
2025-03-21,172.29000
2025-03-24,170.56000
2025-03-25,170.16000
2025-03-26,169.30000
2025-03-27,169.86000
2025-03-28,169.65000
2025-03-31,169.65000
2025-04-01,167.67000
2025-04-02,168.89000
2025-04-03,168.41000
2025-04-04,166.25000
2025-04-07,162.24000
2025-04-08,164.58000
2025-04-09,163.94000
2025-04-11,166.17000
2025-04-15,169.03000
2025-04-16,169.46000
2025-04-17,171.48000
2025-04-21,173.17000
2025-04-22,173.59000
2025-04-23,174.84000
2025-04-24,174.44000
2025-04-25,172.82000
2025-04-28,174.15000
2025-04-29,174.52000
2025-04-30,174.29000
2025-05-02,174.53000
2025-05-05,175.28000
2025-05-06,174.30000
2025-05-07,175.11000
2025-05-08,173.90000
2025-05-09,172.90000
2025-05-12,177.53000
2025-05-13,176.53000
2025-05-14,177.46000
2025-05-15,179.18000
2025-05-16,179.53000
2025-05-19,179.34000
2025-05-20,177.92000
2025-05-21,179.06000
2025-05-22,178.37000
2025-05-23,179.28000
2025-05-26,180.07000
2025-05-27,179.32000
2025-05-28,179.25000
2025-05-29,179.68000
2025-05-30,179.35000
2025-06-02,179.49000
2025-06-03,178.94000
2025-06-04,179.59000
2025-06-05,180.58000
2025-06-06,182.06000
2025-06-09,182.83000
2025-06-10,182.81000
2025-06-11,182.74000
2025-06-12,181.10000
2025-06-13,180.19000
2025-06-16,181.51000
2025-06-17,180.97000
2025-06-18,181.01000
2025-06-19,180.33000
2025-06-20,181.76000
2025-06-23,178.19000
2025-06-24,178.83000
2025-06-25,180.01000
2025-06-26,181.34000
2025-06-27,182.00000
2025-06-30,181.85000
2025-07-01,181.82000
2025-07-02,181.39000
2025-07-03,181.33000
2025-07-04,181.80000
2025-07-07,181.75000
2025-07-08,181.89000
2025-07-09,181.66000
2025-07-10,180.98000
2025-07-11,179.87000
2025-07-14,179.81000
2025-07-15,180.71000
2025-07-16,180.84000
2025-07-17,180.56000
2025-07-18,179.73000
2025-07-21,180.71000
2025-07-22,180.65000
2025-07-23,181.42000
2025-07-24,180.50000
2025-07-25,179.16000
2025-07-28,178.27000
2025-07-29,178.92000
2025-07-30,179.28000
2025-07-31,178.69000
2025-08-01,177.16000
2025-08-04,178.01000
2025-08-05,177.70000
2025-08-06,176.78000
2025-08-07,176.92000
2025-08-08,175.49000
2025-08-11,176.51000
2025-08-12,176.19000
2025-08-13,176.96000
2025-08-14,177.28000
2025-08-18,178.74000
2025-08-19,179.50000
2025-08-20,180.06000
2025-08-21,180.21000
2025-08-22,179.48000
2025-08-25,179.85000
2025-08-26,178.05000
2025-08-28,177.11000
2025-08-29,176.65000
2025-09-01,177.89000
2025-09-02,177.68000
2025-09-03,178.26000
2025-09-04,178.22000
2025-09-05,178.18000
2025-09-08,178.55000
2025-09-09,179.02000
2025-09-10,179.67000
2025-09-11,179.84000
2025-09-12,180.49000
2025-09-15,180.52000
2025-09-16,181.58000
2025-09-17,182.14000
2025-09-18,182.60000
2025-09-19,182.09000
2025-09-22,178.10000
2025-09-23,177.92000
2025-09-24,177.04000
2025-09-25,176.16000
2025-09-26,174.36000
2025-09-30,174.57000
2025-10-01,175.72000
2025-10-03,175.99000
2025-10-06,176.99000
2025-10-07,177.17000
2025-10-08,176.75000
2025-10-09,177.33000
2025-10-10,177.85000
2025-10-13,177.64000
2025-10-14,177.12000
2025-10-15,178.25000
2025-10-16,179.46000
2025-10-17,179.98000
2025-10-20,180.58000
2025-10-23,180.72000
2025-10-24,180.50000
2025-10-27,181.48000
2025-10-28,181.21000
2025-10-29,181.69000
2025-10-30,181.05000
2025-10-31,180.17000
2025-11-03,180.77000
2025-11-04,180.08000
2025-11-06,179.12000
2025-11-07,178.94000
2025-11-10,179.48000
2025-11-11,179.96000
2025-11-12,180.88000
2025-11-13,180.70000
2025-11-14,180.64000
2025-11-17,181.34000
2025-11-18,180.79000
2025-11-19,181.55000
2025-11-20,182.12000
2025-11-21,181.16000
2025-11-24,180.80000
2025-11-25,180.70000
2025-11-26,182.37000
2025-11-27,182.43000
2025-11-28,182.40000
2025-12-01,182.18000
2025-12-02,181.57000
2025-12-03,181.10000
2025-12-04,181.34000
2025-12-05,182.14000
2025-12-08,180.62000
2025-12-09,180.37000
2025-12-10,179.80000
2025-12-11,180.43000
2025-12-12,181.42000
2025-12-15,181.34000
2025-12-16,180.71000
2025-12-17,180.70000
2025-12-18,180.71000
2025-12-19,181.34000
2025-12-22,178.94000
2025-12-23,178.80000
2025-12-24,178.58000
2025-12-26,178.02000
2025-12-29,177.51000
2025-12-30,177.32000
2025-12-31,178.32000
2026-01-01,178.53000
2026-01-02,179.46000
2026-01-05,179.29000
2026-01-06,179.15000
2026-01-07,179.25000
2026-01-08,177.63000
2026-01-09,176.54000
2026-01-12,176.65000
2026-01-13,176.54000
2026-01-14,176.27000
2026-01-16,176.66000
2026-01-19,176.03000
2026-01-20,173.95000
2026-01-21,173.37000
2026-01-22,174.25000
2026-01-23,172.77000
2026-01-27,173.03000
2026-01-28,174.30000
2026-01-29,174.66000
2026-01-30,174.49000
2026-02-02,173.29000
2026-02-03,176.91000
2026-02-04,177.26000
2026-02-05,176.54000
2026-02-06,176.59000
2026-02-09,178.03000
2026-02-10,178.36000
2026-02-11,178.50000
2026-02-12,177.82000
2026-02-13,176.22000
2026-02-16,176.83000
2026-02-17,177.09000
2026-02-18,177.43000
2026-02-19,175.51000
2026-02-20,175.88000
2026-02-23,176.47000
2026-02-24,174.91000
2026-02-25,175.35000
2026-02-26,175.47000
2026-02-27,173.95000
2026-03-02,172.21000
2026-03-04,170.08000
2026-03-05,171.45000
2026-03-06,170.23000
2026-03-09,167.71000
2026-03-10,169.06000
2026-03-11,167.06000
2026-03-12,165.90000
2026-03-13,163.10000
2026-03-16,163.96000
2026-03-17,164.82000
2026-03-18,166.26000
2026-03-19,162.19000
2026-03-20,162.61000
2026-03-23,158.99000
2026-03-24,161.52000
2026-03-25,163.89000
2026-03-27,161.20000
2026-03-30,155.64000
2026-03-31,155.64000
2026-04-01,157.81000
2026-04-02,157.93000
2026-04-06,159.49000
2026-04-07,160.06000
2026-04-08,164.91000
2026-04-09,164.06000
2026-04-10,165.70000
2026-04-13,164.75000
2026-04-15,167.05000
2026-04-16,167.16000
2026-04-17,168.11000
2026-04-20,168.10000
2026-04-21,169.24000
2026-04-22,168.87000
2026-04-23,167.65000
2026-04-24,165.89000
2026-04-27,167.01000
2026-04-28,166.32000
2026-04-29,166.81000
2026-04-30,165.88000
2026-05-04,166.72000
2026-05-05,166.31000
2026-05-06,168.25000
2026-05-07,168.51000
2026-05-08,167.97000
2026-05-11,166.08000
2026-05-12,163.53000
2026-05-13,163.57000
2026-05-14,164.75000
2026-05-15,164.29000
2026-05-18,164.23000
2026-05-19,164.55000
2026-05-20,164.75000
2026-05-21,164.57000
2026-05-22,165.19000
2026-05-25,166.70000
2026-05-26,166.31000
2026-05-27,166.49000
2026-05-29,165.01000
2026-06-01,163.94000
2026-06-02,164.38000
2026-06-03,163.86000
2026-06-04,163.91000
2026-06-05,163.97000
2026-06-08,162.61000
2026-06-09,163.70000
2026-06-10,163.27000
2026-06-11,162.77000
2026-06-12,165.27000
2026-06-15,167.01000
2026-06-16,167.68000
2026-06-17,168.17000
2026-06-18,168.75000
2026-06-19,168.50000
2026-06-22,169.21000
2026-06-23,168.37000
2026-06-24,169.50000
2026-06-25,169.49000
2026-06-29,168.83000
2026-06-30,168.74000
2026-07-01,169.34000
2026-07-02,170.52000
2026-07-03,171.04000
2026-07-06,171.97000
2026-07-07,171.95000
2026-07-08,169.23000
2026-07-09,170.07000
2026-07-10,171.54000
2026-07-13,171.50000
2026-07-14,170.70000
2026-07-15,171.10000
2026-07-16,171.11000
2026-07-17,172.15000
2026-07-20,171.92000
2026-07-21,172.12000
2026-07-22,170.89000
2026-07-23,169.97000
2026-07-24,169.78000
2026-07-27,168.39000
2026-07-28,168.34000
2026-07-29,169.56000
2026-07-30,169.76000
2026-07-31,170.41000
2026-08-03,172.56000
2026-08-04,172.01000
2026-08-05,172.33000
2026-08-06,172.69000
2026-08-07,172.38000
2026-08-10,172.77000
2026-08-11,172.57000
2026-08-12,172.13000
2026-08-13,172.15000
2026-08-14,172.14000
2026-08-17,172.02000
2026-08-18,171.57000
2026-08-19,171.23000
2026-08-20,171.87000
2026-08-21,171.88000
2026-08-24,171.67000
2026-08-25,172.23000
2026-08-26,171.93000
2026-08-27,171.64000
2026-08-28,171.81000
2026-08-31,171.22000
2026-09-01,170.83000
2026-09-02,170.01000
2026-09-03,170.09000
2026-09-04,170.13000
2026-09-07,169.51000
2026-09-08,169.23000
