Date,NAV
2006-04-02,1022.41630
2006-04-03,1022.61790
2006-04-04,1022.82030
2006-04-05,1023.02910
2006-04-06,1023.21510
2006-04-07,1023.41510
2006-04-09,1023.76790
2006-04-10,1023.94640
2006-04-11,1024.12160
2006-04-12,1024.32330
2006-04-13,1024.49640
2006-04-14,1024.67100
2006-04-16,1028.42910
2006-04-17,1025.19600
2006-04-18,1025.37290
2006-04-19,1025.55290
2006-04-20,1025.73270
2006-04-21,1025.93330
2006-04-23,1026.28610
2006-04-24,1026.46280
2006-04-25,1026.64060
2006-04-26,1026.81950
2006-04-27,1026.99800
2006-04-28,1027.17700
2006-05-01,1027.71660
2006-05-02,1027.89690
2006-05-03,1028.07410
2006-05-04,1028.25240
2006-05-05,1028.43100
2006-05-07,1028.77900
2006-05-08,1028.95180
2006-05-09,1029.12510
2006-05-10,1029.30000
2006-05-11,1029.47610
2006-05-12,1029.67310
2006-05-14,1030.02690
2006-05-15,1030.20480
2006-05-16,1030.38150
2006-05-17,1030.56330
2006-05-18,1030.73890
2006-05-19,1030.92810
2006-05-21,1031.27370
2006-05-22,1031.44670
2006-05-23,1031.62110
2006-05-24,1031.79810
2006-05-25,1032.10060
2006-05-26,1032.27380
2006-05-28,1032.61690
2006-05-29,1032.78600
2006-05-30,1032.95690
2006-05-31,1033.12730
2006-06-01,1033.30080
2006-06-02,1033.46920
2006-06-04,1033.80630
2006-06-05,1033.97340
2006-06-06,1034.14340
2006-06-07,1034.31470
2006-06-08,1034.48560
2006-06-09,1034.65680
2006-06-11,1035.00250
2006-06-12,1035.17490
2006-06-13,1035.53430
2006-06-14,1035.70730
2006-06-15,1035.87970
2006-06-16,1036.05190
2006-06-18,1036.39610
2006-06-19,1036.56650
2006-06-20,1036.73500
2006-06-21,1036.90360
2006-06-22,1037.07270
2006-06-23,1037.24280
2006-06-25,1037.58370
2006-06-26,1037.75520
2006-06-27,1037.92740
2006-06-28,1038.10100
2006-06-29,1038.27470
2006-06-30,1038.45240
2006-07-02,1038.80350
2006-07-03,1038.97840
2006-07-04,1039.15130
2006-07-05,1039.32320
2006-07-06,1039.49640
2006-07-07,1039.67020
2006-07-09,1040.01690
2006-07-10,1040.19150
2006-07-11,1040.36710
2006-07-12,1040.55300
2006-07-13,1040.72920
2006-07-14,1040.91320
2006-07-15,1041.08950
2006-07-16,1041.26580
2006-07-17,1041.45150
2006-07-18,1041.62680
2006-07-19,1041.80260
2006-07-20,1041.97840
2006-07-21,1042.15410
2006-07-23,1042.50490
2006-07-24,1042.68000
2006-07-25,1042.85480
2006-07-26,1043.08070
2006-07-27,1043.26310
2006-07-28,1043.43900
2006-07-30,1043.79160
2006-07-31,1043.97340
2006-08-01,1044.14850
2006-08-02,1044.32750
2006-08-03,1044.54250
2006-08-04,1044.73480
2006-08-06,1045.09480
2006-08-07,1045.27630
2006-08-08,1045.47780
2006-08-09,1045.66100
2006-08-10,1045.84420
2006-08-11,1046.02850
2006-08-13,1046.39660
2006-08-14,1046.57950
2006-08-15,1046.76420
2006-08-16,1046.94770
2006-08-17,1047.13310
2006-08-18,1047.31970
2006-08-21,1047.87800
2006-08-22,1048.06190
2006-08-23,1048.24720
2006-08-24,1048.43710
2006-08-25,1048.62320
2006-08-27,1048.99360
2006-08-28,1049.17910
2006-08-29,1049.36570
2006-08-30,1049.56850
2006-08-31,1049.75530
2006-09-01,1049.94280
2006-09-03,1050.31740
2006-09-04,1050.50480
2006-09-05,1050.68820
2006-09-06,1050.87960
2006-09-07,1051.07200
2006-09-08,1051.26160
2006-09-11,1051.83170
2006-09-12,1052.02190
2006-09-13,1052.21300
2006-09-14,1052.40480
2006-09-15,1052.59770
2006-09-17,1052.98340
2006-09-18,1053.17710
2006-09-19,1053.37150
2006-09-20,1053.56630
2006-09-21,1053.76090
2006-09-22,1053.95560
2006-09-24,1054.34410
2006-09-25,1054.53770
2006-09-26,1054.73280
2006-09-27,1054.92940
2006-09-28,1055.12630
2006-09-29,1055.33270
2006-10-02,1055.94110
2006-10-03,1056.13970
2006-10-04,1056.33640
2006-10-05,1056.53610
2006-10-06,1056.73080
2006-10-08,1057.12360
2006-10-09,1057.31890
2006-10-10,1057.51820
2006-10-11,1057.71570
2006-10-12,1057.90950
2006-10-13,1058.10740
2006-10-15,1058.50360
2006-10-16,1058.70300
2006-10-17,1058.90310
2006-10-18,1059.10330
2006-10-19,1059.30390
2006-10-20,1059.50590
2006-10-21,1059.70820
2006-10-22,1059.91050
2006-10-23,1060.11220
2006-10-25,1060.51790
2006-10-26,1060.71930
2006-10-27,1060.92030
2006-10-29,1061.32270
2006-10-30,1061.52290
2006-10-31,1061.72370
2006-11-01,1061.92650
2006-11-02,1062.12890
2006-11-03,1062.33070
2006-11-05,1062.73500
2006-11-06,1062.93760
2006-11-07,1063.14050
2006-11-08,1063.34220
2006-11-09,1063.54340
2006-11-10,1063.74330
2006-11-12,1064.14380
2006-11-13,1064.34510
2006-11-14,1064.54790
2006-11-15,1064.75210
2006-11-16,1064.95700
2006-11-17,1065.16110
2006-11-18,1065.36550
2006-11-19,1065.56990
2006-11-20,1065.77470
2006-11-21,1065.97860
2006-11-22,1066.18150
2006-11-23,1066.38230
2006-11-24,1066.58540
2006-11-26,1066.99380
2006-11-27,1067.19630
2006-11-28,1067.39700
2006-11-29,1067.59620
2006-11-30,1067.79420
2006-12-01,1067.99800
2006-12-02,1068.21110
2006-12-03,1068.42460
2006-12-04,1068.62950
2006-12-05,1068.83530
2006-12-06,1069.04170
2006-12-07,1069.24870
2006-12-08,1069.45550
2006-12-10,1069.87010
2006-12-11,1070.07780
2006-12-12,1070.28700
2006-12-13,1070.49740
2006-12-14,1070.70860
2006-12-15,1070.92040
2006-12-17,1071.35360
2006-12-18,1071.56420
2006-12-19,1071.77680
2006-12-20,1071.98810
2006-12-21,1072.20020
2006-12-22,1072.41340
2006-12-25,1073.06220
2006-12-26,1073.28300
2006-12-27,1073.50480
2006-12-28,1073.73040
2006-12-29,1073.95360
2006-12-30,1074.19430
2006-12-31,1074.43490
2007-01-01,1074.67570
2007-01-02,1074.87280
2007-01-03,1075.09160
2007-01-04,1075.29980
2007-01-05,1075.51320
2007-01-07,1075.93890
2007-01-08,1076.15250
2007-01-09,1076.36630
2007-01-10,1076.58010
2007-01-11,1076.79390
2007-01-12,1077.00720
2007-01-14,1077.43780
2007-01-15,1077.65090
2007-01-16,1077.85950
2007-01-17,1078.07130
2007-01-18,1078.28660
2007-01-19,1078.49970
2007-01-21,1078.92570
2007-01-22,1079.13840
2007-01-23,1079.34660
2007-01-24,1079.55770
2007-01-25,1079.76820
2007-01-28,1080.40290
2007-01-29,1080.61460
2007-01-30,1080.82670
2007-01-31,1081.03910
2007-02-01,1081.25250
2007-02-02,1081.46790
2007-02-04,1081.90090
2007-02-05,1082.11610
2007-02-06,1082.33000
2007-02-07,1082.54400
2007-02-08,1082.75390
2007-02-09,1082.96430
2007-02-11,1083.38880
2007-02-12,1083.60040
2007-02-13,1083.81220
2007-02-14,1084.02360
2007-02-15,1084.23770
2007-02-18,1084.88490
2007-02-19,1085.09720
2007-02-20,1085.30930
2007-02-21,1085.52200
2007-02-22,1085.73710
2007-02-23,1085.94550
2007-02-25,1086.36060
2007-02-26,1086.57190
2007-02-27,1086.78450
2007-02-28,1086.99470
2007-03-01,1087.20550
2007-03-02,1087.41790
2007-03-04,1087.85490
2007-03-05,1088.08060
2007-03-06,1088.31010
2007-03-07,1088.52290
2007-03-08,1088.73210
2007-03-09,1088.94080
2007-03-11,1089.36220
2007-03-12,1089.56950
2007-03-13,1089.77980
2007-03-14,1089.99270
2007-03-15,1090.21260
2007-03-16,1090.43230
2007-03-18,1090.88100
2007-03-19,1091.10540
2007-03-20,1091.33950
2007-03-21,1091.60170
2007-03-22,1091.81090
2007-03-23,1092.04070
2007-03-25,1092.49590
2007-03-26,1092.65300
2007-03-27,1092.87950
2007-03-28,1093.12260
2007-03-29,1093.34570
2007-03-30,1093.58850
2007-04-02,1094.35770
2007-04-03,1094.56470
2007-04-04,1094.78650
2007-04-05,1095.00700
2007-04-08,1095.67020
2007-04-09,1095.76760
2007-04-10,1095.97440
2007-04-11,1096.18560
2007-04-12,1096.39290
2007-04-13,1096.60550
2007-04-15,1097.03050
2007-04-16,1097.24450
2007-04-17,1097.46440
2007-04-18,1097.68140
2007-04-19,1097.89710
2007-04-20,1098.00230
2007-04-21,1098.23190
2007-04-22,1098.46170
2007-04-23,1098.68320
2007-04-24,1098.90510
2007-04-25,1099.14210
2007-04-26,1099.36100
2007-04-27,1099.57590
2007-04-29,1100.00650
2007-04-30,1100.22760
2007-05-02,1100.67670
2007-05-03,1100.89880
2007-05-04,1101.11080
2007-05-06,1101.53870
2007-05-07,1101.75030
2007-05-08,1101.95850
2007-05-09,1102.18170
2007-05-10,1102.39100
2007-05-11,1102.60130
2007-05-13,1103.01770
2007-05-14,1103.22650
2007-05-15,1103.43600
2007-05-16,1103.64490
2007-05-17,1103.85400
2007-05-18,1104.06260
2007-05-20,1104.48320
2007-05-21,1104.69080
2007-05-22,1104.89820
2007-05-23,1105.10610
2007-05-24,1105.31780
2007-05-25,1105.52650
2007-05-26,1105.73830
2007-05-27,1105.95000
2007-05-28,1106.15110
2007-05-29,1106.34910
2007-05-30,1106.53100
2007-05-31,1106.71960
2007-06-01,1106.88570
2007-06-03,1107.19970
2007-06-04,1107.34550
2007-06-05,1107.48560
2007-06-06,1107.61410
2007-06-07,1107.71660
2007-06-08,1107.81840
2007-06-10,1108.02780
2007-06-11,1108.13860
2007-06-12,1108.26060
2007-06-13,1108.37230
2007-06-14,1108.47410
2007-06-15,1108.59210
2007-06-17,1108.82900
2007-06-18,1108.99160
2007-06-19,1109.20390
2007-06-20,1109.39610
2007-06-21,1109.63320
2007-06-22,1109.79630
2007-06-24,1110.13960
2007-06-25,1110.31160
2007-06-26,1110.52160
2007-06-27,1110.76910
2007-06-28,1110.99530
2007-06-29,1111.22130
2007-06-30,1111.45210
2007-07-01,1111.68280
2007-07-02,1112.03120
2007-07-03,1112.12310
2007-07-04,1112.25190
2007-07-05,1112.57040
2007-07-06,1112.67850
2007-07-08,1112.91870
2007-07-09,1113.04520
2007-07-10,1113.18330
2007-07-11,1113.53590
2007-07-12,1113.64060
2007-07-13,1114.02150
2007-07-15,1114.22050
2007-07-16,1114.32400
2007-07-17,1114.42490
2007-07-18,1114.52490
2007-07-19,1114.63210
2007-07-20,1114.74020
2007-07-21,1114.85280
2007-07-22,1114.96580
2007-07-23,1115.08530
2007-07-24,1115.30340
2007-07-25,1115.78940
2007-07-26,1115.88290
2007-07-27,1115.94960
2007-07-29,1116.10470
2007-07-30,1116.17780
2007-07-31,1116.24120
2007-08-01,1116.31690
2007-08-02,1116.70230
2007-08-03,1116.79120
2007-08-05,1116.98500
2007-08-06,1117.12340
2007-08-07,1117.27120
2007-08-08,1117.42220
2007-08-09,1117.57830
2007-08-10,1117.72970
2007-08-12,1118.04370
2007-08-13,1118.19800
2007-08-14,1118.35620
2007-08-15,1118.51780
2007-08-16,1118.68080
2007-08-17,1118.83390
2007-08-18,1118.98980
2007-08-19,1119.14570
2007-08-20,1119.30160
2007-08-21,1119.45270
2007-08-22,1119.61550
2007-08-23,1119.78170
2007-08-24,1119.94570
2007-08-26,1120.27980
2007-08-27,1120.44050
2007-08-28,1120.60030
2007-08-29,1120.76660
2007-08-30,1120.94530
2007-08-31,1121.11820
2007-09-02,1121.48210
2007-09-03,1121.65710
2007-09-04,1121.83550
2007-09-05,1122.02210
2007-09-06,1122.22540
2007-09-07,1122.42570
2007-09-09,1122.84350
2007-09-10,1123.05650
2007-09-11,1123.27190
2007-09-12,1123.48610
2007-09-13,1123.69970
2007-09-14,1123.92070
2007-09-16,1124.36140
2007-09-17,1124.60680
2007-09-18,1124.83070
2007-09-19,1125.04740
2007-09-20,1125.26580
2007-09-21,1125.48800
2007-09-23,1125.95570
2007-09-24,1126.18680
2007-09-25,1126.41400
2007-09-26,1126.64650
2007-09-27,1126.88450
2007-09-28,1127.12200
2007-09-30,1127.60090
2007-10-01,1127.82480
2007-10-02,1128.06310
2007-10-03,1128.28000
2007-10-04,1128.50850
2007-10-05,1128.73150
2007-10-07,1129.20300
2007-10-08,1129.44600
2007-10-09,1129.75890
2007-10-10,1129.96680
2007-10-11,1130.20180
2007-10-12,1130.41170
2007-10-14,1130.92870
2007-10-15,1131.13940
2007-10-16,1131.32910
2007-10-17,1131.55650
2007-10-18,1131.78000
2007-10-19,1131.99020
2007-10-20,1132.23580
2007-10-21,1132.48270
2007-10-22,1132.73340
2007-10-23,1132.95890
2007-10-24,1133.17000
2007-10-25,1133.39020
2007-10-26,1133.61550
2007-10-28,1134.09000
2007-10-29,1134.26080
2007-10-30,1134.41720
2007-10-31,1134.59740
2007-11-01,1134.83490
2007-11-02,1135.06700
2007-11-04,1135.54350
2007-11-05,1135.78230
2007-11-06,1136.01040
2007-11-07,1136.21300
2007-11-08,1136.44210
2007-11-12,1137.30710
2007-11-13,1137.54620
2007-11-14,1137.86420
2007-11-15,1138.10450
2007-11-16,1138.34750
2007-11-18,1138.84730
2007-11-19,1139.09070
2007-11-20,1139.31990
2007-11-21,1139.56360
2007-11-22,1139.78340
2007-11-23,1140.01210
2007-11-25,1140.46390
2007-11-26,1140.69330
2007-11-27,1140.93550
2007-11-28,1141.17940
2007-11-29,1141.42320
2007-11-30,1141.66360
2007-12-03,1142.39320
2007-12-04,1142.63520
2007-12-05,1142.87370
2007-12-06,1143.10980
2007-12-07,1143.34210
2007-12-09,1143.80910
2007-12-10,1144.04790
2007-12-11,1144.28780
2007-12-12,1144.52950
2007-12-13,1144.76860
2007-12-14,1145.00380
2007-12-16,1145.49690
2007-12-17,1145.73770
2007-12-18,1145.98350
2007-12-19,1146.23060
2007-12-20,1146.47690
2007-12-23,1147.22530
2007-12-24,1147.47600
2007-12-25,1147.72690
2007-12-26,1147.97570
2007-12-27,1148.22430
2007-12-28,1148.47210
2007-12-30,1148.98780
2007-12-31,1149.23580
2008-01-01,1149.47770
2008-01-02,1149.71710
2008-01-03,1149.93370
2008-01-04,1150.14820
2008-01-06,1150.57970
2008-01-07,1150.83550
2008-01-08,1151.09820
2008-01-09,1151.31730
2008-01-10,1151.53760
2008-01-11,1151.75920
2008-01-13,1152.20960
2008-01-14,1152.43190
2008-01-15,1152.65750
2008-01-16,1152.89800
2008-01-17,1153.13430
2008-01-18,1153.37080
2008-01-19,1153.61260
2008-01-20,1153.85450
2008-01-21,1154.05560
2008-01-22,1154.32780
2008-01-23,1154.59980
2008-01-24,1154.86990
2008-01-25,1155.14110
2008-01-26,1155.41360
2008-01-27,1155.68610
2008-01-28,1155.95760
2008-01-29,1156.21430
2008-01-30,1156.45660
2008-01-31,1156.70790
2008-02-01,1156.97100
2008-02-03,1157.48000
2008-02-04,1157.72910
2008-02-05,1157.95790
2008-02-06,1158.17960
2008-02-07,1158.40720
2008-02-08,1158.63340
2008-02-10,1159.08880
2008-02-11,1159.32290
2008-02-12,1159.55400
2008-02-13,1159.78550
2008-02-14,1159.99880
2008-02-15,1160.23110
2008-02-16,1160.47490
2008-02-17,1160.71880
2008-02-18,1160.89650
2008-02-19,1161.28250
2008-02-20,1161.47590
2008-02-21,1161.75760
2008-02-22,1162.02230
2008-02-24,1162.53840
2008-02-25,1162.79300
2008-02-26,1163.06020
2008-02-27,1163.29860
2008-02-28,1163.54920
2008-02-29,1163.79130
2008-03-03,1164.52320
2008-03-04,1164.77190
2008-03-05,1165.00570
2008-03-06,1165.26190
2008-03-07,1165.47890
2008-03-09,1165.98640
2008-03-10,1166.23830
2008-03-11,1166.48050
2008-03-12,1166.72420
2008-03-13,1166.96370
2008-03-14,1167.21260
2008-03-16,1167.71450
2008-03-17,1167.91220
2008-03-18,1168.16580
2008-03-19,1168.41900
2008-03-23,1169.43340
2008-03-24,1169.68580
2008-03-25,1169.93310
2008-03-26,1170.18360
2008-03-27,1170.45050
2008-03-28,1170.72070
2008-03-31,1171.54250
2008-04-01,1171.81000
2008-04-02,1172.08210
2008-04-03,1172.32840
2008-04-04,1172.56260
2008-04-06,1173.09840
2008-04-07,1173.33680
2008-04-08,1173.54840
2008-04-09,1173.79680
2008-04-10,1174.05200
2008-04-11,1174.31320
2008-04-14,1175.12750
2008-04-15,1175.38900
2008-04-16,1175.62800
2008-04-17,1175.89440
2008-04-20,1176.70690
2008-04-21,1176.96860
2008-04-22,1177.23420
2008-04-23,1177.47840
2008-04-24,1177.73890
2008-04-25,1178.00900
2008-04-27,1178.56000
2008-04-28,1178.81200
2008-04-29,1179.08920
2008-04-30,1179.35270
2008-05-01,1179.60460
2008-05-02,1179.84950
2008-05-04,1180.32960
2008-05-05,1180.56020
2008-05-06,1180.77710
2008-05-07,1181.00180
2008-05-08,1181.23880
2008-05-09,1181.49390
2008-05-11,1182.01700
2008-05-12,1182.27910
2008-05-13,1182.54680
2008-05-14,1182.81500
2008-05-15,1183.08930
2008-05-16,1183.36020
2008-05-19,1184.17700
2008-05-20,1184.44620
2008-05-21,1184.70980
2008-05-22,1184.97510
2008-05-23,1185.24150
2008-05-25,1185.78690
2008-05-26,1186.04840
2008-05-27,1186.32410
2008-05-28,1186.60250
2008-05-29,1186.87870
2008-05-30,1187.15810
2008-06-01,1187.71940
2008-06-02,1187.99690
2008-06-03,1188.26530
2008-06-04,1188.51300
2008-06-05,1188.77940
2008-06-06,1189.05130
2008-06-08,1189.69200
2008-06-09,1189.95690
2008-06-10,1190.22780
2008-06-11,1190.50280
2008-06-12,1190.77970
2008-06-13,1191.05670
2008-06-15,1191.61640
2008-06-16,1191.89590
2008-06-17,1192.18090
2008-06-18,1192.46580
2008-06-19,1192.74480
2008-06-20,1193.01410
2008-06-22,1193.60230
2008-06-23,1193.88440
2008-06-24,1194.16660
2008-06-25,1194.44720
2008-06-26,1194.74140
2008-06-27,1195.02820
2008-06-29,1195.60490
2008-06-30,1195.88390
2008-07-01,1196.17100
2008-07-02,1196.45260
2008-07-03,1196.72680
2008-07-04,1196.98080
2008-07-06,1197.50170
2008-07-07,1197.78690
2008-07-08,1198.07440
2008-07-09,1198.35680
2008-07-10,1198.64650
2008-07-11,1198.93850
2008-07-13,1199.56080
2008-07-14,1199.85040
2008-07-15,1200.13960
2008-07-16,1200.42790
2008-07-17,1200.71620
2008-07-18,1201.00600
2008-07-20,1201.59110
2008-07-21,1201.88270
2008-07-22,1202.17470
2008-07-23,1202.46200
2008-07-24,1202.75300
2008-07-25,1203.04250
2008-07-27,1203.62140
2008-07-28,1203.90930
2008-07-29,1204.19290
2008-07-30,1204.46070
2008-07-31,1204.74340
2008-08-01,1205.01260
2008-08-03,1205.56930
2008-08-04,1205.85670
2008-08-05,1206.14780
2008-08-06,1206.43870
2008-08-07,1206.73020
2008-08-08,1207.02290
2008-08-10,1207.60740
2008-08-11,1207.89960
2008-08-12,1208.19210
2008-08-13,1208.48610
2008-08-14,1208.78070
2008-08-17,1210.02280
2008-08-18,1210.31680
2008-08-19,1210.61020
2008-08-20,1210.89510
2008-08-21,1211.18650
2008-08-22,1211.48020
2008-08-24,1212.06780
2008-08-25,1212.36110
2008-08-26,1212.65140
2008-08-27,1212.94270
2008-08-28,1213.23230
2008-08-29,1213.51220
2008-08-31,1214.09850
2008-09-01,1214.39380
2008-09-02,1214.68900
2008-09-03,1214.98440
2008-09-04,1215.27750
2008-09-05,1215.57240
2008-09-07,1216.17020
2008-09-08,1216.44840
2008-09-09,1216.74260
2008-09-10,1217.03970
2008-09-11,1217.33550
2008-09-12,1217.61950
2008-09-14,1218.21740
2008-09-15,1218.52220
2008-09-16,1218.83940
2008-09-17,1219.09360
2008-09-18,1219.27220
2008-09-19,1219.60740
2008-09-21,1220.25060
2008-09-22,1220.58940
2008-09-23,1220.91730
2008-09-24,1221.22910
2008-09-25,1221.54280
2008-09-26,1221.86450
2008-09-28,1222.51760
2008-09-29,1222.86260
2008-09-30,1223.21410
2008-10-01,1223.66120
2008-10-02,1224.10490
2008-10-03,1224.50970
2008-10-05,1225.22130
2008-10-06,1225.54260
2008-10-07,1225.93220
2008-10-08,1226.26340
2008-10-09,1226.59390
2008-10-10,1227.00730
2008-10-12,1227.62850
2008-10-13,1227.94890
2008-10-14,1228.12900
2008-10-15,1228.41770
2008-10-16,1228.69820
2008-10-17,1228.96060
2008-10-19,1229.50260
2008-10-20,1229.79030
2008-10-21,1230.07870
2008-10-22,1230.36120
2008-10-23,1230.62320
2008-10-24,1230.89010
2008-10-26,1231.44560
2008-10-27,1231.77950
2008-10-28,1232.07620
2008-10-29,1232.39000
2008-10-30,1232.70930
2008-10-31,1232.95830
2008-11-02,1233.58130
2008-11-03,1233.86930
2008-11-04,1234.17140
2008-11-05,1234.46660
2008-11-06,1234.76110
2008-11-07,1235.01960
2008-11-09,1235.54180
2008-11-10,1235.82020
2008-11-11,1236.10230
2008-11-12,1236.38060
2008-11-13,1236.66110
2008-11-14,1236.93710
2008-11-16,1237.51010
2008-11-17,1237.78770
2008-11-18,1238.05470
2008-11-19,1238.32950
2008-11-20,1238.44390
2008-11-21,1238.77320
2008-11-23,1239.31850
2008-11-24,1239.59740
2008-11-25,1239.83650
2008-11-26,1240.07250
2008-11-27,1240.31050
2008-11-28,1240.55540
2008-11-30,1241.05900
2008-12-01,1241.27420
2008-12-02,1241.48060
2008-12-03,1241.68540
2008-12-04,1241.90770
2008-12-05,1242.20990
2008-12-07,1242.82210
2008-12-08,1243.12860
2008-12-09,1243.43670
2008-12-10,1243.74380
2008-12-11,1244.03080
2008-12-12,1244.31410
2008-12-14,1244.89160
2008-12-15,1245.18690
2008-12-16,1245.48500
2008-12-17,1245.76630
2008-12-18,1246.06090
2008-12-19,1246.28860
2008-12-21,1246.90340
2008-12-22,1247.16910
2008-12-23,1247.42720
2008-12-24,1247.71700
2008-12-25,1248.01140
2008-12-26,1248.29640
2008-12-28,1248.88220
2008-12-29,1249.16180
2008-12-30,1249.41660
2008-12-31,1249.65280
2009-01-01,1249.90170
2009-01-02,1250.13030
2009-01-04,1250.69700
2009-01-05,1250.93120
2009-01-06,1251.15570
2009-01-07,1251.36750
2009-01-08,1251.60660
2009-01-09,1251.82070
2009-01-11,1252.30190
2009-01-12,1252.52970
2009-01-13,1252.76150
2009-01-14,1252.99230
2009-01-15,1253.22110
2009-01-16,1253.41620
2009-01-18,1253.85670
2009-01-19,1254.07030
2009-01-20,1254.28160
2009-01-21,1254.49890
2009-01-22,1254.71280
2009-01-23,1254.93120
2009-01-26,1255.59000
2009-01-27,1255.80360
2009-01-28,1256.00060
2009-01-29,1256.20570
2009-01-30,1256.41620
2009-02-01,1256.84580
2009-02-02,1257.04840
2009-02-03,1257.25170
2009-02-04,1257.45820
2009-02-05,1257.65640
2009-02-06,1257.86130
2009-02-08,1258.30240
2009-02-09,1258.52830
2009-02-10,1258.74790
2009-02-11,1258.97450
2009-02-12,1259.20520
2009-02-13,1259.42340
2009-02-15,1259.88710
2009-02-16,1260.10020
2009-02-17,1260.30120
2009-02-18,1260.50660
2009-02-19,1260.72280
2009-02-23,1261.60150
2009-02-24,1261.79880
2009-02-25,1261.99060
2009-02-26,1262.18510
2009-02-27,1262.38140
2009-03-01,1262.80150
2009-03-02,1262.97680
2009-03-03,1263.17030
2009-03-04,1263.37730
2009-03-05,1263.56590
2009-03-06,1263.72720
2009-03-08,1264.04590
2009-03-09,1264.20190
2009-03-11,1264.52020
2009-03-12,1264.67640
2009-03-13,1264.82540
2009-03-15,1265.13530
2009-03-16,1265.29710
2009-03-17,1265.47450
2009-03-18,1265.67170
2009-03-19,1265.88010
2009-03-20,1266.10170
2009-03-22,1266.66910
2009-03-23,1266.89070
2009-03-24,1267.09580
2009-03-25,1267.29730
2009-03-26,1267.51390
2009-03-29,1268.21410
2009-03-30,1268.44250
2009-03-31,1268.67700
2009-04-01,1268.91970
2009-04-02,1269.12040
2009-04-05,1269.86100
2009-04-06,1270.00920
2009-04-07,1270.22090
2009-04-08,1270.33710
2009-04-09,1270.44680
2009-04-12,1270.87550
2009-04-13,1271.00720
2009-04-14,1271.15750
2009-04-15,1271.30340
2009-04-16,1271.46200
2009-04-17,1271.64600
2009-04-19,1272.03400
2009-04-20,1272.19230
2009-04-21,1272.34650
2009-04-22,1272.49940
2009-04-23,1272.65480
2009-04-24,1272.80860
2009-04-26,1273.12830
2009-04-27,1273.26810
2009-04-28,1273.42450
2009-04-29,1273.58670
2009-04-30,1273.74980
2009-05-03,1274.24840
2009-05-04,1274.41250
2009-05-05,1274.57500
2009-05-06,1274.72680
2009-05-07,1274.86800
2009-05-08,1274.99090
2009-05-10,1275.23900
2009-05-11,1275.38560
2009-05-12,1275.53830
2009-05-13,1275.67840
2009-05-14,1275.82160
2009-05-15,1275.94540
2009-05-17,1276.18640
2009-05-18,1276.30380
2009-05-19,1276.44090
2009-05-20,1276.58860
2009-05-21,1276.72090
2009-05-22,1276.82670
2009-05-24,1277.03910
2009-05-25,1277.17420
2009-05-26,1277.30870
2009-05-27,1277.45340
2009-05-28,1277.58320
2009-05-29,1277.72530
2009-05-31,1278.01760
2009-06-01,1278.14390
2009-06-02,1278.27270
2009-06-03,1278.40060
2009-06-04,1278.52710
2009-06-05,1278.62460
2009-06-07,1278.85570
2009-06-08,1278.98950
2009-06-09,1279.12350
2009-06-10,1279.25940
2009-06-11,1279.39850
2009-06-12,1279.53740
2009-06-14,1279.81870
2009-06-15,1279.97220
2009-06-16,1280.12090
2009-06-17,1280.26770
2009-06-18,1280.41020
2009-06-19,1280.54460
2009-06-21,1280.81600
2009-06-22,1280.95580
2009-06-23,1281.09610
2009-06-24,1281.23760
2009-06-25,1281.38350
2009-06-26,1281.53020
2009-06-28,1281.82880
2009-06-29,1281.96710
2009-06-30,1282.11970
2009-07-01,1282.27300
2009-07-02,1282.40710
2009-07-03,1282.51670
2009-07-05,1282.74610
2009-07-06,1282.86040
2009-07-07,1282.97330
2009-07-08,1283.10570
2009-07-09,1283.22030
2009-07-10,1283.33370
2009-07-12,1283.56230
2009-07-13,1283.67710
2009-07-14,1283.79290
2009-07-15,1283.90670
2009-07-16,1284.02330
2009-07-17,1284.12170
2009-07-19,1284.32170
2009-07-20,1284.44000
2009-07-21,1284.54220
2009-07-22,1284.66260
2009-07-23,1284.78200
2009-07-24,1284.89930
2009-07-26,1285.13500
2009-07-27,1285.25180
2009-07-28,1285.36760
2009-07-29,1285.48060
2009-07-30,1285.59250
2009-07-31,1285.68860
2009-08-02,1285.88710
2009-08-03,1286.00010
2009-08-04,1286.11390
2009-08-05,1286.22400
2009-08-06,1286.31720
2009-08-07,1286.41470
2009-08-09,1286.61280
2009-08-10,1286.72230
2009-08-11,1286.82890
2009-08-12,1286.93630
2009-08-13,1287.03940
2009-08-14,1287.14050
2009-08-16,1287.34390
2009-08-17,1287.46100
2009-08-18,1287.57650
2009-08-19,1287.69260
2009-08-20,1287.80760
2009-08-21,1287.92380
2009-08-23,1288.15740
2009-08-24,1288.27130
2009-08-25,1288.39100
2009-08-26,1288.50480
2009-08-27,1288.61770
2009-08-28,1288.72330
2009-08-30,1288.92640
2009-08-31,1289.04850
2009-09-01,1289.16850
2009-09-02,1289.28890
2009-09-03,1289.40760
2009-09-04,1289.52740
2009-09-06,1289.76840
2009-09-07,1289.88830
2009-09-08,1290.00730
2009-09-09,1290.13090
2009-09-10,1290.25110
2009-09-11,1290.36710
2009-09-13,1290.59990
2009-09-14,1290.72210
2009-09-15,1290.84370
2009-09-16,1290.96310
2009-09-17,1291.08490
2009-09-18,1291.20240
2009-09-21,1291.63030
2009-09-22,1291.74930
2009-09-23,1291.86790
2009-09-24,1291.99180
2009-09-25,1292.11510
2009-09-28,1292.48520
2009-09-29,1292.60920
2009-09-30,1292.73610
2009-10-01,1292.85630
2009-10-04,1293.21810
2009-10-05,1293.32940
2009-10-06,1293.42700
2009-10-07,1293.53820
2009-10-08,1293.65400
2009-10-09,1293.76090
2009-10-11,1293.98940
2009-10-12,1294.11570
2009-10-13,1294.24260
2009-10-14,1294.36060
2009-10-15,1294.47630
2009-10-16,1294.60550
2009-10-19,1295.00080
2009-10-20,1295.13120
2009-10-21,1295.26080
2009-10-22,1295.39030
2009-10-23,1295.51030
2009-10-25,1295.75950
2009-10-26,1295.88510
2009-10-27,1296.01040
2009-10-28,1296.12900
2009-10-29,1296.23960
2009-10-30,1296.35150
2009-11-02,1296.71530
2009-11-03,1296.83480
2009-11-04,1296.95440
2009-11-05,1297.07290
2009-11-06,1297.22030
2009-11-08,1297.44630
2009-11-09,1297.56500
2009-11-10,1297.68550
2009-11-11,1297.81130
2009-11-12,1297.93720
2009-11-13,1298.06520
2009-11-15,1298.32630
2009-11-16,1298.45270
2009-11-17,1298.57530
2009-11-18,1298.69410
2009-11-19,1298.80730
2009-11-20,1298.90870
2009-11-22,1299.13030
2009-11-23,1299.24920
2009-11-24,1299.36730
2009-11-25,1299.49020
2009-11-26,1299.60790
2009-11-27,1299.72540
2009-11-29,1299.96890
2009-11-30,1300.08820
2009-12-01,1300.20640
2009-12-02,1300.31860
2009-12-03,1300.43220
2009-12-04,1300.54530
2009-12-06,1300.77110
2009-12-07,1300.89030
2009-12-08,1301.00790
2009-12-09,1301.12520
2009-12-10,1301.24170
2009-12-11,1301.35930
2009-12-13,1301.60330
2009-12-14,1301.72440
2009-12-15,1301.84050
2009-12-16,1301.96040
2009-12-17,1302.06270
2009-12-18,1302.15260
2009-12-20,1302.47390
2009-12-21,1302.72080
2009-12-22,1302.87470
2009-12-23,1302.99190
2009-12-24,1303.11060
2009-12-28,1303.71920
2009-12-29,1303.83240
2009-12-30,1303.93760
2009-12-31,1304.06060
2010-01-01,1304.17050
2010-01-03,1304.38010
2010-01-04,1304.48960
2010-01-05,1304.59700
2010-01-06,1304.70570
2010-01-07,1304.80890
2010-01-08,1304.91200
2010-01-10,1305.12160
2010-01-11,1305.24010
2010-01-12,1305.36660
2010-01-13,1305.49340
2010-01-14,1305.61940
2010-01-15,1305.73730
2010-01-17,1305.97540
2010-01-18,1306.09610
2010-01-19,1306.22640
2010-01-20,1306.36490
2010-01-21,1306.49990
2010-01-22,1306.63610
2010-01-24,1306.91520
2010-01-25,1307.05080
2010-01-26,1307.20630
2010-01-27,1307.34880
2010-01-28,1307.49090
2010-01-29,1307.62560
2010-01-31,1307.89790
2010-02-01,1308.02420
2010-02-02,1308.15100
2010-02-03,1308.28080
2010-02-04,1308.40480
2010-02-05,1308.55010
2010-02-07,1308.86740
2010-02-08,1309.02120
2010-02-09,1309.16950
2010-02-10,1309.32710
2010-02-11,1309.47470
2010-02-14,1309.99140
2010-02-15,1310.14820
2010-02-16,1310.29640
2010-02-17,1310.44330
2010-02-18,1310.58600
2010-02-19,1310.72690
2010-02-21,1311.02750
2010-02-22,1311.16340
2010-02-23,1311.29650
2010-02-24,1311.44010
2010-02-25,1311.58420
2010-02-26,1311.72700
2010-03-01,1312.19330
2010-03-02,1312.33820
2010-03-03,1312.48700
2010-03-04,1312.62320
2010-03-05,1312.76590
2010-03-07,1313.07030
2010-03-08,1313.21740
2010-03-09,1313.35990
2010-03-10,1313.50710
2010-03-11,1313.65790
2010-03-12,1313.79650
2010-03-14,1314.09080
2010-03-15,1314.24610
2010-03-16,1314.40400
2010-03-17,1314.55690
2010-03-18,1314.70680
2010-03-19,1314.86180
2010-03-21,1315.20590
2010-03-22,1315.36960
2010-03-23,1315.52830
2010-03-24,1315.71730
2010-03-25,1315.87000
2010-03-26,1316.03060
2010-03-28,1316.37070
2010-03-29,1316.54280
2010-03-30,1316.72050
2010-03-31,1316.89730
2010-04-04,1317.67040
2010-04-05,1317.83250
2010-04-06,1317.98830
2010-04-07,1318.14010
2010-04-08,1318.28630
2010-04-09,1318.43840
2010-04-11,1318.79310
2010-04-12,1318.96320
2010-04-13,1319.13050
2010-04-14,1319.29930
2010-04-15,1319.45580
2010-04-16,1319.61210
2010-04-18,1319.92970
2010-04-19,1320.07720
2010-04-20,1320.22430
2010-04-21,1320.37510
2010-04-22,1320.52190
2010-04-23,1320.65720
2010-04-25,1320.93940
2010-04-26,1321.09430
2010-04-27,1321.25290
2010-04-28,1321.42020
2010-04-29,1321.58900
2010-04-30,1321.74900
2010-05-02,1322.17480
2010-05-03,1322.33050
2010-05-04,1322.48320
2010-05-05,1322.63650
2010-05-06,1322.79540
2010-05-07,1322.94580
2010-05-09,1323.25670
2010-05-10,1323.40650
2010-05-11,1323.55810
2010-05-12,1323.71160
2010-05-13,1323.86630
2010-05-14,1324.01590
2010-05-16,1324.49310
2010-05-17,1324.64590
2010-05-18,1324.80070
2010-05-19,1324.95960
2010-05-20,1325.11550
2010-05-21,1325.27000
2010-05-23,1325.60670
2010-05-24,1325.76400
2010-05-25,1325.91700
2010-05-26,1326.06900
2010-05-27,1326.22820
2010-05-28,1326.39030
2010-05-30,1326.71510
2010-05-31,1326.87210
2010-06-01,1327.04270
2010-06-02,1327.21050
2010-06-03,1327.37960
2010-06-04,1327.54810
2010-06-06,1327.90080
2010-06-07,1328.07270
2010-06-08,1328.24090
2010-06-09,1328.41590
2010-06-10,1328.58070
2010-06-11,1328.75190
2010-06-13,1329.10170
2010-06-14,1329.27170
2010-06-15,1329.44630
2010-06-16,1329.61880
2010-06-17,1329.79280
2010-06-18,1329.97040
2010-06-20,1330.36550
2010-06-21,1330.54440
2010-06-22,1330.72260
2010-06-23,1330.90140
2010-06-24,1331.08130
2010-06-25,1331.26000
2010-06-27,1331.63540
2010-06-28,1331.81470
2010-06-29,1332.08050
2010-06-30,1332.29440
2010-07-01,1332.50840
2010-07-02,1332.74640
2010-07-04,1333.17330
2010-07-05,1333.38700
2010-07-06,1333.60240
2010-07-07,1333.81180
2010-07-08,1334.01810
2010-07-09,1334.22280
2010-07-11,1334.63460
2010-07-12,1334.83850
2010-07-13,1335.04360
2010-07-14,1335.24850
2010-07-15,1335.45750
2010-07-16,1335.66730
2010-07-18,1336.09300
2010-07-19,1336.30390
2010-07-20,1336.51180
2010-07-21,1336.71990
2010-07-22,1336.92500
2010-07-23,1337.13040
2010-07-25,1337.54460
2010-07-26,1337.75160
2010-07-27,1337.96040
2010-07-28,1338.16690
2010-07-29,1338.36890
2010-07-30,1338.57670
2010-08-01,1338.97860
2010-08-02,1339.18910
2010-08-03,1339.39540
2010-08-04,1339.58860
2010-08-05,1339.78410
2010-08-06,1339.98040
2010-08-08,1340.37560
2010-08-09,1340.58370
2010-08-10,1340.79630
2010-08-11,1341.01070
2010-08-12,1341.22300
2010-08-13,1341.42990
2010-08-15,1341.90570
2010-08-16,1342.11710
2010-08-17,1342.33010
2010-08-18,1342.54160
2010-08-19,1342.76240
2010-08-20,1342.97510
2010-08-22,1343.41600
2010-08-23,1343.62360
2010-08-24,1343.81560
2010-08-25,1344.01410
2010-08-26,1344.21410
2010-08-27,1344.40900
2010-08-29,1344.81010
2010-08-30,1345.02750
2010-08-31,1345.24730
2010-09-01,1345.45150
2010-09-02,1345.64910
2010-09-03,1345.87970
2010-09-05,1346.28230
2010-09-06,1346.49050
2010-09-07,1346.69410
2010-09-08,1346.89360
2010-09-09,1347.10590
2010-09-12,1347.73040
2010-09-13,1347.95030
2010-09-14,1348.16950
2010-09-15,1348.39150
2010-09-16,1348.61730
2010-09-17,1348.84330
2010-09-19,1349.30410
2010-09-20,1349.53240
2010-09-21,1349.76120
2010-09-22,1349.99380
2010-09-23,1350.22820
2010-09-24,1350.46450
2010-09-26,1350.94820
2010-09-27,1351.18180
2010-09-28,1351.44660
2010-09-29,1351.69510
2010-09-30,1351.93930
2010-10-01,1352.18450
2010-10-03,1352.70060
2010-10-04,1352.93810
2010-10-05,1353.17010
2010-10-06,1353.40290
2010-10-07,1353.64530
2010-10-08,1353.88880
2010-10-10,1354.38460
2010-10-11,1354.62750
2010-10-12,1354.86970
2010-10-13,1355.10920
2010-10-14,1355.34920
2010-10-15,1355.59010
2010-10-17,1356.07530
2010-10-18,1356.32130
2010-10-19,1356.56910
2010-10-20,1356.82160
2010-10-21,1357.06930
2010-10-22,1357.32340
2010-10-24,1357.84520
2010-10-25,1358.09400
2010-10-26,1358.35580
2010-10-27,1358.62780
2010-10-28,1358.90160
2010-10-29,1359.18720
2010-10-31,1359.78960
2010-11-01,1360.06350
2010-11-02,1360.31030
2010-11-03,1360.55440
2010-11-04,1360.80020
2010-11-07,1361.54940
2010-11-08,1361.79680
2010-11-09,1362.04330
2010-11-10,1362.29050
2010-11-11,1362.54530
2010-11-12,1362.80020
2010-11-14,1363.32800
2010-11-15,1363.57880
2010-11-16,1363.83230
2010-11-17,1364.08600
2010-11-18,1364.35450
2010-11-19,1364.62320
2010-11-21,1365.18380
2010-11-22,1365.45740
2010-11-23,1365.71910
2010-11-24,1365.96440
2010-11-25,1366.21170
2010-11-26,1366.45190
2010-11-28,1366.94690
2010-11-29,1367.18840
2010-11-30,1367.43390
2010-12-01,1367.68650
2010-12-02,1367.94280
2010-12-03,1368.19580
2010-12-05,1368.70460
2010-12-06,1368.96890
2010-12-07,1369.25500
2010-12-08,1369.53270
2010-12-09,1369.80230
2010-12-10,1370.08310
2010-12-12,1370.64820
2010-12-13,1370.92020
2010-12-14,1371.18710
2010-12-15,1371.44640
2010-12-16,1371.71990
2010-12-19,1372.54250
2010-12-20,1372.81760
2010-12-21,1373.08810
2010-12-22,1373.37210
2010-12-23,1373.65880
2010-12-24,1373.94000
2010-12-26,1374.50260
2010-12-27,1374.78290
2010-12-28,1375.07390
2010-12-29,1375.36550
2010-12-30,1375.66780
2010-12-31,1375.97680
2011-01-02,1376.59530
2011-01-03,1376.89200
2011-01-04,1377.17140
2011-01-05,1377.45640
2011-01-06,1377.74840
2011-01-07,1378.03420
2011-01-09,1378.60820
2011-01-10,1378.90010
2011-01-11,1379.20130
2011-01-12,1379.49500
2011-01-13,1379.79190
2011-01-14,1380.08790
2011-01-16,1380.68560
2011-01-17,1380.97950
2011-01-18,1381.28210
2011-01-19,1381.59470
2011-01-20,1381.89450
2011-01-21,1382.19380
2011-01-23,1382.79340
2011-01-24,1383.09450
2011-01-25,1383.38660
2011-01-26,1383.67880
2011-01-27,1383.97740
2011-01-28,1384.28760
2011-01-30,1384.91610
2011-01-31,1385.21300
2011-02-01,1385.52370
2011-02-02,1385.81730
2011-02-03,1386.11000
2011-02-04,1386.40650
2011-02-06,1387.02010
2011-02-07,1387.32020
2011-02-08,1387.61650
2011-02-09,1387.92470
2011-02-10,1388.22950
2011-02-11,1388.54350
2011-02-13,1389.17310
2011-02-14,1389.48490
2011-02-15,1389.79640
2011-02-16,1390.10800
2011-02-17,1390.41380
2011-02-18,1390.72870
2011-02-20,1391.35880
2011-02-21,1391.67150
2011-02-22,1391.98480
2011-02-23,1392.29430
2011-02-24,1392.60080
2011-02-25,1392.91330
2011-02-27,1393.53850
2011-02-28,1393.84770
2011-03-01,1394.16490
2011-03-02,1394.47690
2011-03-03,1394.78300
2011-03-04,1395.10090
2011-03-06,1395.74010
2011-03-07,1396.03710
2011-03-08,1396.33640
2011-03-09,1396.64990
2011-03-10,1396.96520
2011-03-11,1397.28310
2011-03-13,1397.92060
2011-03-14,1398.22610
2011-03-15,1398.53850
2011-03-16,1398.86070
2011-03-17,1399.18810
2011-03-18,1399.51050
2011-03-20,1400.15560
2011-03-21,1400.47730
2011-03-22,1400.80140
2011-03-23,1401.13120
2011-03-24,1401.45770
2011-03-25,1401.79430
2011-03-27,1402.46730
2011-03-28,1402.78250
2011-03-29,1403.12370
2011-03-30,1403.46840
2011-03-31,1403.82820
2011-04-04,1405.26760
2011-04-05,1405.59160
2011-04-06,1405.88600
2011-04-07,1406.14020
2011-04-08,1406.40400
2011-04-10,1406.93160
2011-04-11,1407.25600
2011-04-12,1407.58050
2011-04-13,1407.89860
2011-04-14,1408.21670
2011-04-15,1408.53930
2011-04-17,1409.18450
2011-04-18,1409.49660
2011-04-19,1409.84930
2011-04-20,1410.13740
2011-04-21,1410.42880
2011-04-24,1411.29490
2011-04-25,1411.65650
2011-04-26,1411.98400
2011-04-27,1412.31580
2011-04-28,1412.64450
2011-04-29,1412.99770
2011-05-01,1413.62020
2011-05-02,1413.94070
2011-05-03,1414.26630
2011-05-04,1414.56330
2011-05-05,1414.87950
2011-05-06,1415.20770
2011-05-08,1415.86600
2011-05-09,1416.19160
2011-05-10,1416.52240
2011-05-11,1416.85330
2011-05-12,1417.18550
2011-05-13,1417.51720
2011-05-15,1418.16980
2011-05-16,1418.50370
2011-05-17,1418.83400
2011-05-18,1419.17230
2011-05-19,1419.50580
2011-05-20,1419.84150
2011-05-22,1420.51310
2011-05-23,1420.83750
2011-05-24,1421.16240
2011-05-25,1421.49070
2011-05-26,1421.82330
2011-05-27,1422.15520
2011-05-29,1422.81930
2011-05-30,1423.14740
2011-05-31,1423.48320
2011-06-01,1423.82400
2011-06-02,1424.15750
2011-06-03,1424.48060
2011-06-05,1425.12700
2011-06-06,1425.45700
2011-06-07,1425.79180
2011-06-08,1426.12660
2011-06-09,1426.46910
2011-06-10,1426.80890
2011-06-12,1427.48870
2011-06-13,1427.81980
2011-06-14,1428.14770
2011-06-15,1428.48390
2011-06-16,1428.83510
2011-06-17,1429.17030
2011-06-19,1429.84130
2011-06-20,1430.17980
2011-06-21,1430.51490
2011-06-22,1430.84970
2011-06-23,1431.18560
2011-06-24,1431.52430
2011-06-26,1432.20200
2011-06-27,1432.54030
2011-06-28,1432.87650
2011-06-29,1433.21800
2011-06-30,1433.55950
2011-07-03,1434.58650
2011-07-04,1434.92430
2011-07-05,1435.26510
2011-07-06,1435.60350
2011-07-07,1435.94650
2011-07-08,1436.28880
2011-07-10,1436.97350
2011-07-11,1437.34110
2011-07-12,1437.69900
2011-07-13,1438.02330
2011-07-14,1438.37170
2011-07-15,1438.70260
2011-07-17,1439.36620
2011-07-18,1439.72500
2011-07-19,1440.06450
2011-07-20,1440.40840
2011-07-21,1440.76880
2011-07-22,1441.11300
2011-07-24,1441.79800
2011-07-25,1442.14130
2011-07-26,1442.48190
2011-07-27,1442.85040
2011-07-28,1443.20280
2011-07-29,1443.56410
2011-07-31,1444.22690
2011-08-01,1444.55770
2011-08-02,1444.89190
2011-08-03,1445.23240
2011-08-04,1445.57310
2011-08-05,1445.91530
2011-08-07,1446.61030
2011-08-08,1446.95770
2011-08-09,1447.30190
2011-08-10,1447.64700
2011-08-11,1447.99110
2011-08-12,1448.33700
2011-08-15,1449.37490
2011-08-16,1449.72100
2011-08-17,1450.06650
2011-08-18,1450.41280
2011-08-21,1451.45240
2011-08-22,1451.79690
2011-08-23,1452.15200
2011-08-24,1452.48980
2011-08-25,1452.83180
2011-08-26,1453.17870
2011-08-28,1453.87250
2011-08-29,1454.21650
2011-08-30,1454.59950
2011-09-01,1455.26790
2011-09-02,1455.61850
2011-09-04,1456.32030
2011-09-05,1456.66180
2011-09-06,1457.01200
2011-09-07,1457.36010
2011-09-08,1457.71050
2011-09-09,1458.06500
2011-09-11,1458.77430
2011-09-12,1459.12890
2011-09-13,1459.47180
2011-09-14,1459.82510
2011-09-15,1460.17530
2011-09-16,1460.52270
2011-09-18,1461.23100
2011-09-19,1461.58780
2011-09-20,1461.94080
2011-09-21,1462.29010
2011-09-22,1462.64800
2011-09-23,1463.00540
2011-09-25,1463.72050
2011-09-26,1464.07960
2011-09-27,1464.43800
2011-09-28,1464.79980
2011-09-29,1465.16060
2011-10-02,1466.24800
2011-10-03,1466.61560
2011-10-04,1466.98250
2011-10-05,1467.34240
2011-10-06,1467.69670
2011-10-07,1468.06050
2011-10-09,1468.78840
2011-10-10,1469.15050
2011-10-11,1469.51150
2011-10-12,1469.87210
2011-10-13,1470.23230
2011-10-14,1470.58950
2011-10-16,1471.30440
2011-10-17,1471.67530
2011-10-18,1472.03050
2011-10-19,1472.39290
2011-10-20,1472.75030
2011-10-21,1473.11930
2011-10-23,1473.83050
2011-10-24,1474.18740
2011-10-25,1474.54740
2011-10-27,1475.26750
2011-10-28,1475.62760
2011-10-30,1476.34790
2011-10-31,1476.71310
2011-11-01,1477.07870
2011-11-02,1477.43990
2011-11-03,1477.80350
2011-11-04,1478.17360
2011-11-07,1479.26350
2011-11-08,1479.63040
2011-11-09,1479.99750
2011-11-10,1480.36080
2011-11-11,1480.72390
2011-11-13,1481.47460
2011-11-14,1481.83570
2011-11-15,1482.20190
2011-11-16,1482.56360
2011-11-17,1482.92500
2011-11-18,1483.28920
2011-11-20,1484.01860
2011-11-21,1484.38260
2011-11-22,1484.75070
2011-11-23,1485.11450
2011-11-24,1485.47890
2011-11-25,1485.84280
2011-11-27,1486.57480
2011-11-28,1486.94030
2011-11-29,1487.30690
2011-11-30,1487.67390
2011-12-01,1488.03990
2011-12-02,1488.40650
2011-12-04,1489.14180
2011-12-05,1489.51070
2011-12-06,1489.88130
2011-12-07,1490.24970
2011-12-08,1490.61820
2011-12-09,1490.98750
2011-12-11,1491.72660
2011-12-12,1492.09860
2011-12-13,1492.47120
2011-12-14,1492.84600
2011-12-15,1493.22450
2011-12-16,1493.59760
2011-12-18,1494.34380
2011-12-19,1494.71610
2011-12-20,1495.08970
2011-12-21,1495.46380
2011-12-22,1495.83760
2011-12-23,1496.21420
2011-12-25,1496.96850
2011-12-26,1497.34280
2011-12-27,1497.71640
2011-12-28,1498.10250
2011-12-29,1498.50740
2011-12-30,1498.88630
2012-01-01,1499.64610
2012-01-02,1500.03120
2012-01-03,1500.41630
2012-01-04,1500.80130
2012-01-05,1501.20130
2012-01-06,1501.58790
2012-01-08,1502.36090
2012-01-09,1502.74570
2012-01-10,1503.13110
2012-01-11,1503.51640
2012-01-12,1503.90130
2012-01-13,1504.28660
2012-01-15,1505.05740
2012-01-16,1505.44360
2012-01-17,1505.82990
2012-01-18,1506.21640
2012-01-19,1506.60190
2012-01-20,1506.98830
2012-01-22,1507.76230
2012-01-23,1508.15540
2012-01-24,1508.54600
2012-01-25,1508.97910
2012-01-26,1509.33050
2012-01-27,1509.71730
2012-01-29,1510.49130
2012-01-30,1510.87810
2012-01-31,1511.26550
2012-02-01,1511.65100
2012-02-02,1512.04070
2012-02-03,1512.43920
2012-02-05,1513.22040
2012-02-06,1513.61360
2012-02-07,1514.00180
2012-02-08,1514.39190
2012-02-09,1514.78210
2012-02-10,1515.18180
2012-02-12,1515.95290
2012-02-13,1516.34250
2012-02-14,1516.73610
2012-02-15,1517.12630
2012-02-16,1517.51590
2012-02-17,1517.90600
2012-02-20,1519.09120
2012-02-21,1519.48000
2012-02-22,1519.87450
2012-02-23,1520.26730
2012-02-24,1520.65500
2012-02-26,1521.43050
2012-02-27,1521.83180
2012-02-28,1522.23900
2012-02-29,1522.64350
2012-03-01,1523.04760
2012-03-02,1523.44830
2012-03-04,1524.25190
2012-03-05,1524.65730
2012-03-06,1525.05830
2012-03-07,1525.45360
2012-03-08,1525.84890
2012-03-09,1526.24110
2012-03-11,1527.01370
2012-03-12,1527.40490
2012-03-13,1527.80150
2012-03-14,1528.19670
2012-03-15,1528.59520
2012-03-16,1529.00200
2012-03-18,1529.80990
2012-03-19,1530.21490
2012-03-20,1530.60960
2012-03-21,1531.02720
2012-03-22,1531.45600
2012-03-25,1532.74430
2012-03-26,1533.16090
2012-03-27,1533.58780
2012-03-28,1534.03150
2012-03-29,1534.51650
2012-03-30,1535.02050
2012-04-02,1536.39860
2012-04-03,1536.84210
2012-04-04,1537.32810
2012-04-08,1539.13300
2012-04-09,1539.55200
2012-04-10,1539.97500
2012-04-11,1540.40830
2012-04-12,1540.83940
2012-04-13,1541.27020
2012-04-15,1542.13190
2012-04-16,1542.58360
2012-04-17,1542.99610
2012-04-18,1543.46010
2012-04-19,1543.86140
2012-04-20,1544.27730
2012-04-22,1545.10950
2012-04-23,1545.54000
2012-04-24,1545.99590
2012-04-25,1546.42110
2012-04-26,1546.84570
2012-04-27,1547.30590
2012-04-29,1548.16790
2012-04-30,1548.60650
2012-05-01,1549.02990
2012-05-02,1549.43800
2012-05-03,1549.84510
2012-05-04,1550.28200
2012-05-06,1551.11420
2012-05-07,1551.57260
2012-05-08,1552.00730
2012-05-09,1552.41610
2012-05-10,1552.86890
2012-05-11,1553.28940
2012-05-13,1554.09030
2012-05-14,1554.51730
2012-05-15,1554.92290
2012-05-16,1555.34110
2012-05-17,1555.77880
2012-05-18,1556.21800
2012-05-20,1557.03830
2012-05-21,1557.44390
2012-05-22,1557.86740
2012-05-23,1558.27050
2012-05-24,1558.67470
2012-05-25,1559.10270
2012-05-27,1559.93010
2012-05-28,1560.34610
2012-05-29,1560.80130
2012-05-30,1561.21880
2012-05-31,1561.64490
2012-06-01,1562.03880
2012-06-03,1562.81550
2012-06-04,1563.20810
2012-06-05,1563.62960
2012-06-06,1564.04790
2012-06-07,1564.46690
2012-06-08,1564.87980
2012-06-10,1565.70610
2012-06-11,1566.16450
2012-06-12,1566.56010
2012-06-13,1566.95780
2012-06-14,1567.35690
2012-06-15,1567.80700
2012-06-17,1568.62770
2012-06-18,1569.02850
2012-06-19,1569.42220
2012-06-20,1569.84670
2012-06-21,1570.24230
2012-06-22,1570.63430
2012-06-24,1571.41840
2012-06-25,1571.80650
2012-06-26,1572.19930
2012-06-27,1572.61490
2012-06-28,1573.03430
2012-06-29,1573.41910
2012-07-02,1574.60860
2012-07-03,1575.02560
2012-07-04,1575.39980
2012-07-05,1575.79630
2012-07-06,1576.23430
2012-07-08,1577.02630
2012-07-09,1577.44420
2012-07-10,1577.84420
2012-07-11,1578.24830
2012-07-12,1578.63510
2012-07-13,1579.02230
2012-07-15,1579.79770
2012-07-16,1580.20630
2012-07-17,1580.60460
2012-07-18,1580.99970
2012-07-19,1581.40730
2012-07-20,1581.79860
2012-07-22,1582.58180
2012-07-23,1582.97380
2012-07-24,1583.36650
2012-07-25,1583.76590
2012-07-26,1584.18370
2012-07-27,1584.57340
2012-07-29,1585.35790
2012-07-30,1585.76060
2012-07-31,1586.17470
2012-08-01,1586.57050
2012-08-02,1586.96290
2012-08-03,1587.35910
2012-08-05,1588.14240
2012-08-06,1588.56360
2012-08-07,1588.97550
2012-08-08,1589.38300
2012-08-09,1589.78680
2012-08-10,1590.16840
2012-08-12,1590.93190
2012-08-13,1591.31520
2012-08-14,1591.70190
2012-08-15,1592.08860
2012-08-16,1592.47410
2012-08-17,1592.86070
2012-08-20,1594.02010
2012-08-21,1594.42470
2012-08-22,1594.81500
2012-08-23,1595.19750
2012-08-24,1595.58580
2012-08-26,1596.34480
2012-08-27,1596.73110
2012-08-28,1597.10750
2012-08-29,1597.48340
2012-08-30,1597.88020
2012-08-31,1598.25940
2012-09-02,1599.01820
2012-09-03,1599.39740
2012-09-04,1599.76740
2012-09-05,1600.13350
2012-09-06,1600.53180
2012-09-07,1600.91910
2012-09-09,1601.65030
2012-09-10,1602.02090
2012-09-11,1602.39020
2012-09-12,1602.76660
2012-09-13,1603.14710
2012-09-14,1603.51950
2012-09-16,1604.26510
2012-09-17,1604.63100
2012-09-18,1605.00060
2012-09-19,1605.37030
2012-09-20,1605.74170
2012-09-21,1606.11990
2012-09-23,1606.86390
2012-09-24,1607.23210
2012-09-25,1607.58960
2012-09-26,1607.95410
2012-09-27,1608.32260
2012-09-28,1608.69080
2012-09-30,1609.41770
2012-10-01,1609.78450
2012-10-02,1610.17100
2012-10-03,1610.61990
2012-10-04,1611.02070
2012-10-05,1611.33340
2012-10-07,1612.05480
2012-10-08,1612.41330
2012-10-09,1612.77800
2012-10-10,1613.13770
2012-10-11,1613.50450
2012-10-12,1613.86410
2012-10-14,1614.59030
2012-10-15,1614.96040
2012-10-16,1615.33700
2012-10-17,1615.70340
2012-10-18,1616.07160
2012-10-19,1616.44720
2012-10-21,1617.18150
2012-10-22,1617.52570
2012-10-23,1617.89380
2012-10-24,1618.26200
2012-10-25,1618.63380
2012-10-28,1619.73830
2012-10-29,1620.10220
2012-10-30,1620.47360
2012-10-31,1620.83800
2012-11-01,1621.20800
2012-11-02,1621.58250
2012-11-04,1622.31530
2012-11-05,1622.68130
2012-11-06,1623.05960
2012-11-07,1623.42360
2012-11-08,1623.79150
2012-11-09,1624.15600
2012-11-11,1624.89190
2012-11-12,1625.25980
2012-11-14,1625.99710
2012-11-15,1626.36590
2012-11-16,1626.73550
2012-11-18,1627.47330
2012-11-19,1627.84000
2012-11-20,1628.21530
2012-11-21,1628.58780
2012-11-22,1628.95840
2012-11-23,1629.32910
2012-11-25,1630.07230
2012-11-26,1630.44270
2012-11-27,1630.81460
2012-11-28,1631.18700
2012-11-29,1631.56630
2012-11-30,1631.94700
2012-12-02,1632.69020
2012-12-03,1633.06260
2012-12-04,1633.43750
2012-12-05,1633.81130
2012-12-06,1634.17800
2012-12-07,1634.54630
2012-12-09,1635.29230
2012-12-10,1635.66970
2012-12-11,1636.04130
2012-12-12,1636.41400
2012-12-13,1636.78830
2012-12-14,1637.16030
2012-12-16,1637.91840
2012-12-17,1638.29770
2012-12-18,1638.67770
2012-12-19,1639.05470
2012-12-20,1639.43730
2012-12-21,1639.82910
2012-12-23,1640.59590
2012-12-24,1640.97730
2012-12-25,1641.35840
2012-12-26,1641.73960
2012-12-27,1642.11920
2012-12-28,1642.49770
2012-12-30,1643.26200
2012-12-31,1643.64630
2013-01-01,1644.04310
2013-01-02,1644.42430
2013-01-03,1644.81090
2013-01-04,1645.20120
2013-01-06,1645.96500
2013-01-07,1646.35160
2013-01-08,1646.73960
2013-01-09,1647.11360
2013-01-10,1647.49870
2013-01-11,1647.88470
2013-01-13,1648.63910
2013-01-14,1649.02230
2013-01-15,1649.40610
2013-01-16,1649.78800
2013-01-17,1650.16820
2013-01-18,1650.55650
2013-01-20,1651.30870
2013-01-21,1651.69320
2013-01-22,1652.07660
2013-01-23,1652.45850
2013-01-24,1652.87200
2013-01-27,1653.99390
2013-01-28,1654.36660
2013-01-29,1654.75520
2013-01-30,1655.13320
2013-01-31,1655.52310
2013-02-01,1655.90820
2013-02-03,1656.64840
2013-02-04,1657.03210
2013-02-05,1657.37580
2013-02-06,1657.76610
2013-02-07,1658.14750
2013-02-08,1658.52730
2013-02-10,1659.26170
2013-02-11,1659.63070
2013-02-12,1660.00960
2013-02-13,1660.39100
2013-02-14,1660.76090
2013-02-15,1661.13170
2013-02-17,1661.87680
2013-02-18,1662.25070
2013-02-19,1662.62490
2013-02-20,1663.01800
2013-02-21,1663.39690
2013-02-22,1663.78180
2013-02-24,1664.53670
2013-02-25,1664.91660
2013-02-26,1665.29970
2013-02-27,1665.66760
2013-02-28,1666.04380
2013-03-01,1666.42770
2013-03-03,1667.19350
2013-03-04,1667.57010
2013-03-05,1667.97290
2013-03-06,1668.37760
2013-03-07,1668.78270
2013-03-08,1669.16250
2013-03-10,1669.95490
2013-03-11,1670.35440
2013-03-12,1670.74010
2013-03-13,1671.14280
2013-03-14,1671.55950
2013-03-15,1671.97240
2013-03-17,1672.77750
2013-03-18,1673.18180
2013-03-19,1673.60510
2013-03-20,1674.01550
2013-03-21,1674.43690
2013-03-22,1674.87020
2013-03-24,1675.71240
2013-03-25,1676.12940
2013-03-26,1676.55580
2013-03-27,1676.97890
2013-03-28,1677.38580
2013-04-01,1679.10840
2013-04-02,1679.81480
2013-04-03,1680.30030
2013-04-04,1680.71360
2013-04-05,1681.12150
2013-04-07,1681.91230
2013-04-08,1682.35810
2013-04-09,1682.77890
2013-04-10,1683.20070
2013-04-11,1683.58660
2013-04-12,1684.01110
2013-04-14,1684.78430
2013-04-15,1685.19090
2013-04-16,1685.58360
2013-04-17,1686.00370
2013-04-18,1686.40780
2013-04-21,1687.57910
2013-04-22,1687.95480
2013-04-23,1688.36480
2013-04-24,1688.75730
2013-04-25,1689.17260
2013-04-26,1689.55560
2013-04-28,1690.32170
2013-04-29,1690.75990
2013-04-30,1691.13960
2013-05-01,1691.52280
2013-05-02,1691.91000
2013-05-03,1692.30210
2013-05-05,1693.08390
2013-05-06,1693.49150
2013-05-07,1693.88010
2013-05-08,1694.29540
2013-05-09,1694.70210
2013-05-10,1695.08060
2013-05-12,1695.83410
2013-05-13,1696.20750
2013-05-14,1696.59300
2013-05-15,1697.01240
2013-05-16,1697.38540
2013-05-17,1697.76870
2013-05-19,1698.53100
2013-05-20,1698.94050
2013-05-21,1699.32110
2013-05-22,1699.71030
2013-05-23,1700.09450
2013-05-24,1700.47400
2013-05-26,1701.23380
2013-05-27,1701.62100
2013-05-28,1702.03100
2013-05-29,1702.40500
2013-05-30,1702.78420
2013-05-31,1703.15570
2013-06-02,1703.90020
2013-06-03,1704.28520
2013-06-04,1704.66550
2013-06-05,1705.05320
2013-06-06,1705.43510
2013-06-07,1705.80890
2013-06-09,1706.55840
2013-06-10,1706.93080
2013-06-11,1707.31110
2013-06-12,1707.67200
2013-06-13,1708.05680
2013-06-14,1708.44230
2013-06-16,1709.16940
2013-06-17,1709.53470
2013-06-18,1709.90070
2013-06-19,1710.29190
2013-06-20,1710.65490
2013-06-21,1711.01490
2013-06-23,1711.73810
2013-06-24,1712.10160
2013-06-25,1712.49610
2013-06-26,1712.88380
2013-06-27,1713.27210
2013-06-28,1713.64900
2013-07-01,1714.76280
2013-07-02,1715.22040
2013-07-03,1715.63250
2013-07-04,1716.04400
2013-07-05,1716.40740
2013-07-07,1717.13420
2013-07-08,1717.53500
2013-07-09,1717.92190
2013-07-10,1718.31980
2013-07-11,1718.69890
2013-07-12,1719.08110
2013-07-14,1719.80570
2013-07-15,1720.17050
2013-07-16,1716.62720
2013-07-17,1717.50200
2013-07-18,1718.33840
2013-07-19,1718.86630
2013-07-21,1719.70280
2013-07-22,1720.10520
2013-07-23,1720.43040
2013-07-24,1719.68190
2013-07-25,1720.09890
2013-07-26,1720.59890
2013-07-28,1721.58050
2013-07-29,1722.08820
2013-07-30,1722.62970
2013-07-31,1723.12770
2013-08-01,1723.62200
2013-08-02,1724.14190
2013-08-04,1725.09680
2013-08-05,1725.62180
2013-08-06,1726.07260
2013-08-07,1726.55580
2013-08-08,1727.06230
2013-08-11,1728.49440
2013-08-12,1728.95810
2013-08-13,1729.46430
2013-08-14,1730.03010
2013-08-15,1730.44190
2013-08-16,1731.02210
2013-08-18,1731.83600
2013-08-19,1732.26130
2013-08-20,1732.79390
2013-08-21,1733.39710
2013-08-22,1733.89330
2013-08-23,1734.52990
2013-08-25,1735.35900
2013-08-26,1735.82720
2013-08-27,1736.32350
2013-08-28,1736.82520
2013-08-29,1737.42270
2013-08-30,1738.20600
2013-09-01,1738.99900
2013-09-02,1739.53840
2013-09-03,1740.05030
2013-09-04,1740.57810
2013-09-05,1741.08640
2013-09-06,1741.88270
2013-09-09,1743.01110
2013-09-10,1743.50830
2013-09-11,1744.00610
2013-09-12,1744.49540
2013-09-13,1745.20960
2013-09-15,1745.90630
2013-09-16,1746.41520
2013-09-17,1746.96870
2013-09-18,1747.53160
2013-09-19,1748.45880
2013-09-20,1749.12920
2013-09-22,1749.95690
2013-09-23,1750.37980
2013-09-24,1750.84500
2013-09-25,1751.32250
2013-09-26,1751.82940
2013-09-27,1752.30910
2013-09-29,1753.24500
2013-09-30,1753.76700
2013-10-01,1754.27590
2013-10-02,1754.75010
2013-10-03,1755.27440
2013-10-04,1755.75450
2013-10-06,1756.67410
2013-10-07,1757.13080
2013-10-08,1757.72340
2013-10-09,1758.22430
2013-10-10,1758.72080
2013-10-11,1759.22680
2013-10-13,1760.14010
2013-10-14,1760.60980
2013-10-15,1761.08280
2013-10-16,1761.53390
2013-10-17,1762.04380
2013-10-18,1762.49310
2013-10-20,1763.37240
2013-10-21,1763.86100
2013-10-22,1764.31350
2013-10-23,1764.76120
2013-10-24,1765.24220
2013-10-25,1765.69350
2013-10-27,1766.59290
2013-10-28,1767.05810
2013-10-29,1767.51600
2013-10-30,1768.02290
2013-10-31,1768.49030
2013-11-01,1769.04400
2013-11-04,1770.36190
2013-11-05,1770.81440
2013-11-06,1771.26300
2013-11-07,1771.72970
2013-11-08,1772.16970
2013-11-10,1773.03910
2013-11-11,1773.47380
2013-11-12,1773.91030
2013-11-13,1774.34620
2013-11-14,1774.82600
2013-11-17,1776.12330
2013-11-18,1776.55650
2013-11-19,1776.98540
2013-11-20,1777.43660
2013-11-21,1777.86530
2013-11-22,1778.30000
2013-11-24,1779.16980
2013-11-25,1779.59900
2013-11-26,1780.03560
2013-11-27,1780.47420
2013-11-28,1780.89960
2013-11-29,1781.34470
2013-12-01,1782.19690
2013-12-02,1782.63460
2013-12-03,1783.08700
2013-12-04,1783.52840
2013-12-05,1784.05640
2013-12-06,1784.46240
2013-12-08,1785.29870
2013-12-09,1785.74630
2013-12-10,1786.17870
2013-12-11,1786.59150
2013-12-12,1787.06600
2013-12-13,1787.48500
2013-12-15,1788.33050
2013-12-16,1788.76550
2013-12-17,1789.20990
2013-12-18,1789.65000
2013-12-19,1790.08210
2013-12-20,1790.51570
2013-12-22,1791.37530
2013-12-23,1791.82810
2013-12-24,1792.26670
2013-12-25,1792.69490
2013-12-26,1793.13490
2013-12-27,1793.58300
2013-12-29,1794.43820
2013-12-30,1794.86540
2013-12-31,1795.32170
2014-01-01,1795.78450
2014-01-02,1796.24180
2014-01-03,1796.67530
2014-01-05,1797.50700
2014-01-06,1797.94220
2014-01-07,1798.36950
2014-01-08,1798.79480
2014-01-09,1799.22110
2014-01-10,1799.65090
2014-01-12,1800.49480
2014-01-13,1800.93170
2014-01-14,1801.35540
2014-01-15,1801.78400
2014-01-16,1802.21010
2014-01-17,1802.62610
2014-01-19,1803.48610
2014-01-20,1803.91440
2014-01-21,1804.34570
2014-01-22,1804.77920
2014-01-23,1805.21330
2014-01-24,1805.64360
2014-01-26,1806.49370
2014-01-27,1806.92110
2014-01-28,1807.34790
2014-01-29,1807.78090
2014-01-30,1808.21180
2014-01-31,1808.61310
2014-02-02,1809.46130
2014-02-03,1809.87150
2014-02-04,1810.28740
2014-02-05,1810.70190
2014-02-06,1811.13340
2014-02-07,1811.55070
2014-02-09,1812.38620
2014-02-10,1812.81440
2014-02-11,1813.24090
2014-02-12,1813.67060
2014-02-13,1814.09590
2014-02-14,1814.52180
2014-02-16,1815.36700
2014-02-17,1815.79190
2014-02-18,1816.21100
2014-02-19,1816.63100
2014-02-20,1817.05410
2014-02-21,1817.47960
2014-02-23,1818.32980
2014-02-24,1818.75280
2014-02-25,1819.18220
2014-02-26,1819.61270
2014-02-27,1820.03860
2014-02-28,1820.48040
2014-03-02,1821.33380
2014-03-03,1821.76500
2014-03-04,1822.19620
2014-03-05,1822.64310
2014-03-06,1823.07390
2014-03-07,1823.51690
2014-03-09,1824.39520
2014-03-10,1824.83170
2014-03-11,1825.27030
2014-03-12,1825.71260
2014-03-13,1826.15470
2014-03-14,1826.60390
2014-03-17,1827.95430
2014-03-18,1828.40040
2014-03-19,1828.85740
2014-03-20,1829.33510
2014-03-21,1829.78900
2014-03-23,1830.70010
2014-03-24,1831.18320
2014-03-25,1831.69800
2014-03-26,1832.18100
2014-03-27,1832.67100
2014-03-28,1833.24240
2014-04-01,1835.15270
2014-04-02,1835.64250
2014-04-03,1836.13790
2014-04-04,1836.60080
2014-04-06,1837.55670
2014-04-07,1838.03590
2014-04-08,1838.49150
2014-04-09,1838.95440
2014-04-10,1839.41900
2014-04-11,1839.86730
2014-04-14,1841.21390
2014-04-15,1841.69250
2014-04-16,1842.14680
2014-04-17,1842.60440
2014-04-20,1843.96160
2014-04-21,1844.43040
2014-04-22,1844.88790
2014-04-23,1845.34010
2014-04-24,1845.78440
2014-04-25,1846.23470
2014-04-27,1847.12510
2014-04-28,1847.58380
2014-04-29,1848.02670
2014-04-30,1848.47690
2014-05-01,1848.92170
2014-05-02,1849.37510
2014-05-04,1850.26800
2014-05-05,1850.72380
2014-05-06,1851.17270
2014-05-07,1851.61720
2014-05-08,1852.07760
2014-05-09,1852.52250
2014-05-11,1853.39690
2014-05-12,1853.84100
2014-05-13,1854.29150
2014-05-14,1854.73340
2014-05-15,1855.18450
2014-05-16,1855.62850
2014-05-18,1856.51710
2014-05-19,1856.96820
2014-05-20,1857.41320
2014-05-21,1857.86380
2014-05-22,1858.31810
2014-05-23,1858.75100
2014-05-25,1859.61790
2014-05-26,1860.04820
2014-05-27,1860.49880
2014-05-28,1860.93670
2014-05-29,1861.37820
2014-05-30,1861.81460
2014-06-01,1862.68350
2014-06-02,1863.11740
2014-06-03,1863.57180
2014-06-04,1864.01160
2014-06-05,1864.47680
2014-06-06,1864.89960
2014-06-08,1865.75870
2014-06-09,1866.19980
2014-06-10,1866.64960
2014-06-11,1867.08510
2014-06-12,1867.52870
2014-06-13,1867.96040
2014-06-15,1868.82390
2014-06-16,1869.25700
2014-06-17,1869.69770
2014-06-18,1870.14180
2014-06-19,1870.58280
2014-06-20,1871.01900
2014-06-22,1871.89590
2014-06-23,1872.33510
2014-06-24,1872.77420
2014-06-25,1873.21850
2014-06-26,1873.66260
2014-06-27,1874.10230
2014-06-29,1874.98690
2014-06-30,1875.43770
2014-07-01,1875.91830
2014-07-02,1876.38210
2014-07-03,1876.82500
2014-07-04,1877.26600
2014-07-06,1878.13280
2014-07-07,1878.56670
2014-07-08,1879.01490
2014-07-09,1879.45720
2014-07-10,1879.89590
2014-07-11,1880.32710
2014-07-13,1881.20380
2014-07-14,1881.63830
2014-07-15,1882.07630
2014-07-16,1882.51290
2014-07-17,1882.95490
2014-07-18,1883.38890
2014-07-20,1884.25530
2014-07-21,1884.68970
2014-07-22,1885.12090
2014-07-23,1885.55360
2014-07-24,1885.98210
2014-07-25,1886.40770
2014-07-27,1887.28550
2014-07-28,1887.72840
2014-07-29,1888.16930
2014-07-30,1888.61640
2014-07-31,1889.04340
2014-08-01,1889.44050
2014-08-03,1890.35920
2014-08-04,1890.79000
2014-08-05,1891.23260
2014-08-06,1891.67130
2014-08-07,1892.10610
2014-08-08,1892.53280
2014-08-10,1893.41760
2014-08-11,1893.85680
2014-08-12,1894.29560
2014-08-13,1894.73460
2014-08-14,1895.17590
2014-08-18,1896.93620
2014-08-19,1897.37450
2014-08-20,1897.81560
2014-08-21,1898.25780
2014-08-22,1898.69540
2014-08-24,1899.56720
2014-08-25,1900.00950
2014-08-26,1900.46860
2014-08-27,1900.91420
2014-08-28,1901.35010
2014-08-31,1902.66070
2014-09-01,1903.10690
2014-09-02,1903.54410
2014-09-03,1903.98420
2014-09-04,1904.42460
2014-09-05,1904.82460
2014-09-07,1905.72490
2014-09-08,1906.16120
2014-09-09,1906.59980
2014-09-10,1907.05240
2014-09-11,1907.50110
2014-09-12,1907.95040
2014-09-14,1908.83150
2014-09-15,1909.27630
2014-09-16,1909.71910
2014-09-17,1910.17120
2014-09-18,1910.63230
2014-09-19,1911.06040
2014-09-21,1911.99280
2014-09-22,1912.44270
2014-09-23,1912.89290
2014-09-24,1913.36020
2014-09-25,1913.80940
2014-09-26,1914.25540
2014-09-28,1915.15230
2014-09-29,1915.61960
2014-09-30,1916.10400
2014-10-01,1916.57430
2014-10-06,1918.83570
2014-10-07,1919.30310
2014-10-08,1919.74820
2014-10-09,1920.20080
2014-10-10,1920.65260
2014-10-12,1921.55630
2014-10-13,1922.01340
2014-10-14,1922.47660
2014-10-15,1922.92900
2014-10-16,1923.38340
2014-10-17,1923.83760
2014-10-19,1924.73500
2014-10-20,1925.20340
2014-10-21,1925.65480
2014-10-22,1926.10760
2014-10-26,1927.91390
2014-10-27,1928.36750
2014-10-28,1928.82030
2014-10-29,1929.28560
2014-10-30,1929.73180
2014-10-31,1930.19660
2014-11-02,1931.09180
2014-11-03,1931.55720
2014-11-04,1932.00360
2014-11-05,1932.49800
2014-11-06,1932.94850
2014-11-07,1933.41260
2014-11-09,1934.31010
2014-11-10,1934.76980
2014-11-11,1935.21760
2014-11-12,1935.66280
2014-11-13,1936.10810
2014-11-14,1936.54860
2014-11-16,1937.43460
2014-11-17,1937.88780
2014-11-18,1938.33790
2014-11-19,1938.78650
2014-11-20,1939.23320
2014-11-21,1939.67670
2014-11-23,1940.55990
2014-11-24,1941.00240
2014-11-25,1941.46000
2014-11-26,1941.90700
2014-11-27,1942.35880
2014-11-28,1942.80270
2014-11-30,1943.67840
2014-12-01,1944.16000
2014-12-02,1944.60500
2014-12-03,1945.05230
2014-12-04,1945.49230
2014-12-05,1945.93570
2014-12-07,1946.82420
2014-12-08,1947.26940
2014-12-09,1947.71480
2014-12-10,1948.15890
2014-12-11,1948.60180
2014-12-12,1949.05000
2014-12-14,1949.94190
2014-12-15,1950.39510
2014-12-16,1950.84060
2014-12-17,1951.28480
2014-12-18,1951.73350
2014-12-19,1952.17360
2014-12-21,1953.06570
2014-12-22,1953.51090
2014-12-23,1953.95860
2014-12-24,1954.40320
2014-12-25,1954.85570
2014-12-26,1955.27930
2014-12-28,1956.19770
2014-12-29,1956.64700
2014-12-30,1957.10820
2014-12-31,1957.62090
2015-01-01,1958.06380
2015-01-02,1958.50580
2015-01-04,1959.38720
2015-01-05,1959.82530
2015-01-06,1960.27030
2015-01-07,1960.71670
2015-01-08,1961.17290
2015-01-09,1961.60820
2015-01-11,1962.48770
2015-01-12,1962.96210
2015-01-13,1963.40490
2015-01-14,1963.86990
2015-01-15,1964.35450
2015-01-16,1964.79080
2015-01-18,1965.67670
2015-01-19,1966.12160
2015-01-20,1966.55660
2015-01-21,1967.00270
2015-01-22,1967.46130
2015-01-23,1967.88080
2015-01-26,1969.23960
2015-01-27,1969.68490
2015-01-28,1970.14070
2015-01-29,1970.60860
2015-01-30,1971.04670
2015-02-01,1971.92720
2015-02-02,1972.36610
2015-02-03,1972.85820
2015-02-04,1973.29540
2015-02-05,1973.75240
2015-02-06,1974.19690
2015-02-08,1975.08710
2015-02-09,1975.53420
2015-02-10,1975.98090
2015-02-11,1976.42820
2015-02-12,1976.87300
2015-02-13,1977.32350
2015-02-15,1978.22690
2015-02-16,1978.67880
2015-02-17,1979.12820
2015-02-18,1979.57750
2015-02-19,1980.02670
2015-02-20,1980.47730
2015-02-22,1981.37840
2015-02-23,1981.83010
2015-02-24,1982.27980
2015-02-25,1982.74120
2015-02-26,1983.19080
2015-02-27,1983.64360
2015-03-01,1984.53280
2015-03-02,1984.98050
2015-03-03,1985.43120
2015-03-04,1985.88930
2015-03-05,1986.35170
2015-03-08,1987.68890
2015-03-09,1988.14300
2015-03-10,1988.59300
2015-03-11,1989.04720
2015-03-12,1989.50450
2015-03-13,1989.94500
2015-03-15,1990.85610
2015-03-16,1991.31700
2015-03-17,1991.77310
2015-03-18,1992.23060
2015-03-19,1992.68760
2015-03-20,1993.15060
2015-03-22,1994.07400
2015-03-23,1994.49850
2015-03-24,1994.96770
2015-03-25,1995.44440
2015-03-26,1995.93410
2015-03-27,1996.42100
2015-03-29,1997.38280
2015-03-30,1997.87930
2015-03-31,1999.47560
2015-04-05,2001.67200
2015-04-06,2002.24240
2015-04-07,2002.68940
2015-04-08,2003.14200
2015-04-09,2003.60250
2015-04-10,2004.05070
2015-04-12,2004.95090
2015-04-13,2005.39640
2015-04-14,2005.84720
2015-04-15,2006.30730
2015-04-16,2006.75690
2015-04-17,2007.20500
2015-04-19,2008.09980
2015-04-20,2008.55560
2015-04-21,2009.01040
2015-04-22,2009.46550
2015-04-23,2009.92020
2015-04-24,2010.37240
2015-04-26,2011.28060
2015-04-27,2011.73340
2015-04-28,2012.18420
2015-04-29,2012.64430
2015-04-30,2013.08980
2015-05-04,2014.86480
2015-05-05,2015.30970
2015-05-06,2015.76010
2015-05-07,2016.20880
2015-05-08,2016.65890
2015-05-10,2017.56220
2015-05-11,2018.01290
2015-05-12,2018.46520
2015-05-13,2018.91520
2015-05-14,2019.36300
2015-05-15,2019.81900
2015-05-17,2020.73010
2015-05-18,2021.19810
2015-05-19,2021.66030
2015-05-20,2022.11430
2015-05-21,2022.58480
2015-05-22,2023.03840
2015-05-24,2023.94210
2015-05-25,2024.40140
2015-05-26,2024.86880
2015-05-27,2025.32100
2015-05-28,2025.78080
2015-05-29,2026.24020
2015-05-31,2027.13750
2015-06-01,2027.59750
2015-06-02,2028.05150
2015-06-03,2028.51170
2015-06-04,2028.96370
2015-06-05,2029.43060
2015-06-07,2030.33760
2015-06-08,2030.79790
2015-06-09,2031.24190
2015-06-10,2031.68720
2015-06-11,2032.13050
2015-06-12,2032.57000
2015-06-14,2033.45000
2015-06-15,2033.89400
2015-06-16,2034.33590
2015-06-17,2034.78140
2015-06-18,2035.22900
2015-06-19,2035.66820
2015-06-21,2036.55720
2015-06-22,2037.00060
2015-06-23,2037.44640
2015-06-24,2037.89450
2015-06-25,2038.33500
2015-06-26,2038.77740
2015-06-28,2039.65600
2015-06-29,2040.10790
2015-06-30,2040.58270
2015-07-01,2041.04470
2015-07-02,2041.50420
2015-07-03,2041.95400
2015-07-05,2042.82430
2015-07-06,2043.28230
2015-07-07,2043.72840
2015-07-08,2044.16990
2015-07-09,2044.60770
2015-07-10,2045.05370
2015-07-12,2045.92480
2015-07-13,2046.36420
2015-07-14,2046.80210
2015-07-15,2047.24510
2015-07-16,2047.68690
2015-07-17,2048.12820
2015-07-19,2048.99620
2015-07-20,2049.44030
2015-07-21,2049.88060
2015-07-22,2050.32340
2015-07-23,2050.75930
2015-07-24,2051.20610
2015-07-26,2052.07450
2015-07-27,2052.52130
2015-07-28,2052.96420
2015-07-29,2053.39660
2015-07-30,2053.85730
2015-07-31,2054.28320
2015-08-02,2055.13620
2015-08-03,2055.58380
2015-08-04,2056.01020
2015-08-05,2056.44900
2015-08-06,2056.88870
2015-08-07,2057.32330
2015-08-09,2058.17900
2015-08-10,2058.61790
2015-08-11,2059.05430
2015-08-12,2059.49070
2015-08-13,2059.92940
2015-08-14,2060.35560
2015-08-16,2061.21250
2015-08-17,2061.64180
2015-08-18,2062.07120
2015-08-19,2062.50350
2015-08-20,2062.93170
2015-08-21,2063.35940
2015-08-23,2064.21510
2015-08-24,2064.64110
2015-08-25,2065.06860
2015-08-26,2065.49410
2015-08-27,2065.92430
2015-08-28,2066.34740
2015-08-30,2067.19230
2015-08-31,2067.61780
2015-09-01,2068.03670
2015-09-02,2068.45410
2015-09-03,2068.87580
2015-09-04,2069.29810
2015-09-06,2070.14260
2015-09-07,2070.57570
2015-09-08,2070.99720
2015-09-09,2071.42030
2015-09-10,2071.84340
2015-09-11,2072.25940
2015-09-13,2073.09670
2015-09-14,2073.51480
2015-09-15,2073.93640
2015-09-16,2074.35250
2015-09-17,2074.76990
2015-09-18,2075.19760
2015-09-20,2076.03690
2015-09-21,2076.46120
2015-09-22,2076.88410
2015-09-23,2077.31050
2015-09-24,2077.73720
2015-09-27,2078.98230
2015-09-28,2079.42040
2015-09-29,2080.17000
2015-09-30,2080.66210
2015-10-01,2081.09830
2015-10-04,2082.32530
2015-10-05,2082.75040
2015-10-06,2083.16870
2015-10-07,2083.58230
2015-10-08,2084.03010
2015-10-09,2084.46470
2015-10-11,2085.30120
2015-10-12,2085.72920
2015-10-13,2086.14810
2015-10-14,2086.56890
2015-10-15,2086.98670
2015-10-16,2087.40330
2015-10-18,2088.23170
2015-10-19,2088.65500
2015-10-20,2089.07540
2015-10-21,2089.49600
2015-10-22,2089.91290
2015-10-23,2090.34150
2015-10-25,2091.17990
2015-10-26,2091.60570
2015-10-27,2092.03400
2015-10-28,2092.45990
2015-10-29,2092.89200
2015-10-30,2093.31240
2015-11-01,2094.13500
2015-11-02,2094.56440
2015-11-03,2094.98660
2015-11-04,2095.41440
2015-11-05,2095.83450
2015-11-06,2096.25560
2015-11-08,2097.10020
2015-11-09,2097.51980
2015-11-10,2097.93970
2015-11-12,2098.77940
2015-11-13,2099.19960
2015-11-15,2100.04060
2015-11-16,2100.46010
2015-11-17,2100.88570
2015-11-18,2101.30950
2015-11-19,2101.73430
2015-11-20,2102.15910
2015-11-22,2102.99490
2015-11-23,2103.41730
2015-11-24,2103.83700
2015-11-25,2104.25720
2015-11-26,2104.68000
2015-11-27,2105.09590
2015-11-29,2105.93330
2015-11-30,2106.35620
2015-12-01,2106.77450
2015-12-02,2107.19180
2015-12-03,2107.61570
2015-12-04,2108.02780
2015-12-06,2108.85160
2015-12-07,2109.26930
2015-12-08,2109.68890
2015-12-09,2110.10320
2015-12-10,2110.52390
2015-12-11,2110.93780
2015-12-13,2111.76930
2015-12-14,2112.19890
2015-12-15,2112.63180
2015-12-16,2113.05900
2015-12-17,2113.51120
2015-12-18,2113.95000
2015-12-20,2114.82700
2015-12-21,2115.26020
2015-12-22,2115.69250
2015-12-23,2116.11750
2015-12-27,2117.80130
2015-12-28,2118.23700
2015-12-29,2118.67470
2015-12-30,2119.19040
2015-12-31,2119.70590
2016-01-01,2120.16670
2016-01-03,2121.01090
2016-01-04,2121.44930
2016-01-05,2121.88430
2016-01-06,2122.30590
2016-01-07,2122.73500
2016-01-08,2123.16310
2016-01-10,2124.00980
2016-01-11,2124.43510
2016-01-12,2124.86460
2016-01-13,2125.29470
2016-01-14,2125.72130
2016-01-15,2126.14910
2016-01-17,2126.99690
2016-01-18,2127.42800
2016-01-19,2127.85530
2016-01-20,2128.28570
2016-01-21,2128.71310
2016-01-22,2129.14050
2016-01-24,2130.00860
2016-01-25,2130.43330
2016-01-26,2130.85740
2016-01-27,2131.28520
2016-01-28,2131.71450
2016-01-29,2132.14810
2016-01-31,2133.01210
2016-02-01,2133.45830
2016-02-02,2133.89550
2016-02-03,2134.32970
2016-02-04,2134.76230
2016-02-05,2135.20950
2016-02-07,2136.10420
2016-02-08,2136.54200
2016-02-09,2136.98850
2016-02-10,2137.43680
2016-02-11,2137.87950
2016-02-12,2138.31960
2016-02-14,2139.19910
2016-02-15,2139.64560
2016-02-16,2140.08760
2016-02-17,2140.53910
2016-02-18,2140.98060
2016-02-21,2142.28320
2016-02-22,2142.72840
2016-02-23,2143.17020
2016-02-24,2143.60070
2016-02-25,2144.03410
2016-02-26,2144.46010
2016-02-28,2145.35470
2016-02-29,2145.82110
2016-03-01,2146.27070
2016-03-02,2146.73900
2016-03-03,2147.19660
2016-03-04,2147.65420
2016-03-07,2149.01130
2016-03-08,2149.46350
2016-03-09,2149.88300
2016-03-10,2150.34070
2016-03-11,2150.81110
2016-03-13,2151.74570
2016-03-14,2152.27240
2016-03-15,2152.76070
2016-03-16,2153.24890
2016-03-17,2153.73820
2016-03-18,2154.23590
2016-03-20,2155.18510
2016-03-21,2155.68890
2016-03-22,2156.15710
2016-03-23,2156.54450
2016-03-27,2158.49160
2016-03-28,2158.93080
2016-03-29,2159.46850
2016-03-30,2160.11540
2016-03-31,2162.15780
2016-04-03,2163.57960
2016-04-04,2164.13520
2016-04-05,2164.66850
2016-04-06,2165.18340
2016-04-07,2165.67240
2016-04-10,2167.07040
2016-04-11,2167.54470
2016-04-12,2168.03040
2016-04-13,2168.51010
2016-04-17,2170.37690
2016-04-18,2170.84890
2016-04-19,2171.31860
2016-04-20,2171.79050
2016-04-21,2172.26230
2016-04-22,2172.72060
2016-04-24,2173.64610
2016-04-25,2174.11520
2016-04-26,2174.58300
2016-04-27,2175.05520
2016-04-28,2175.51630
2016-04-29,2175.98300
2016-05-01,2176.89650
2016-05-02,2177.37110
2016-05-03,2177.84910
2016-05-04,2178.32300
2016-05-05,2178.79850
2016-05-06,2179.27210
2016-05-08,2180.21850
2016-05-09,2180.67900
2016-05-10,2181.14080
2016-05-11,2181.59970
2016-05-12,2182.06410
2016-05-13,2182.53220
2016-05-15,2183.42640
2016-05-16,2183.89100
2016-05-17,2184.35770
2016-05-18,2184.82820
2016-05-19,2185.30770
2016-05-20,2185.76540
2016-05-22,2186.63920
2016-05-23,2187.10130
2016-05-24,2187.56130
2016-05-25,2188.03060
2016-05-26,2188.47600
2016-05-27,2188.92000
2016-05-29,2189.80640
2016-05-30,2190.26400
2016-05-31,2190.72180
2016-06-01,2191.17950
2016-06-02,2191.62540
2016-06-03,2192.07140
2016-06-05,2192.93100
2016-06-06,2193.40770
2016-06-07,2193.86690
2016-06-08,2194.33030
2016-06-09,2194.78590
2016-06-10,2195.23270
2016-06-12,2196.09370
2016-06-13,2196.56430
2016-06-14,2197.04770
2016-06-15,2197.51470
2016-06-16,2197.96190
2016-06-17,2198.39440
2016-06-19,2199.24930
2016-06-20,2199.66990
2016-06-21,2200.12590
2016-06-22,2200.56600
2016-06-23,2201.01390
2016-06-24,2201.45870
2016-06-26,2202.30250
2016-06-27,2202.75060
2016-06-28,2203.20500
2016-06-29,2203.66860
2016-06-30,2204.23710
2016-07-01,2204.72240
2016-07-03,2205.58500
2016-07-04,2206.04560
2016-07-05,2206.50630
2016-07-06,2206.94290
2016-07-07,2207.40520
2016-07-08,2207.86860
2016-07-10,2208.74010
2016-07-11,2209.18510
2016-07-12,2209.62590
2016-07-13,2210.08680
2016-07-14,2210.53000
2016-07-15,2210.97530
2016-07-17,2211.83730
2016-07-18,2212.28080
2016-07-19,2212.71420
2016-07-20,2213.14650
2016-07-21,2213.58410
2016-07-22,2214.02010
2016-07-24,2214.88760
2016-07-25,2215.32070
2016-07-26,2215.74930
2016-07-27,2216.17970
2016-07-28,2216.61050
2016-07-29,2217.05390
2016-07-31,2217.89850
2016-08-01,2218.32210
2016-08-02,2218.75530
2016-08-03,2219.17960
2016-08-04,2219.60320
2016-08-05,2220.03080
2016-08-07,2220.88120
2016-08-08,2221.30900
2016-08-09,2221.73440
2016-08-10,2222.16470
2016-08-11,2222.59050
2016-08-12,2222.99920
2016-08-15,2224.26780
2016-08-16,2224.69360
2016-08-17,2225.11710
2016-08-18,2225.54030
2016-08-19,2225.96040
2016-08-21,2226.80010
2016-08-22,2227.21910
2016-08-23,2227.63950
2016-08-24,2228.06360
2016-08-25,2228.48780
2016-08-26,2228.91220
2016-08-28,2229.75870
2016-08-29,2230.18050
2016-08-30,2230.59760
2016-08-31,2231.02100
2016-09-01,2231.43890
2016-09-02,2231.85100
2016-09-05,2233.10510
2016-09-06,2233.52170
2016-09-07,2233.93670
2016-09-08,2234.34860
2016-09-09,2234.76130
2016-09-11,2235.58750
2016-09-12,2236.00520
2016-09-13,2236.41530
2016-09-14,2236.83610
2016-09-15,2237.25160
2016-09-16,2237.66860
2016-09-18,2238.49790
2016-09-19,2238.91370
2016-09-20,2239.32820
2016-09-21,2239.74350
2016-09-22,2240.16140
2016-09-23,2240.58070
2016-09-25,2241.41810
2016-09-26,2241.85350
2016-09-27,2242.27640
2016-09-28,2242.71310
2016-09-29,2243.14760
2016-09-30,2243.66820
2016-10-02,2244.48990
2016-10-03,2244.97510
2016-10-04,2245.39580
2016-10-05,2245.83960
2016-10-06,2246.25140
2016-10-07,2246.65510
2016-10-09,2247.48690
2016-10-10,2247.90260
2016-10-12,2248.73150
2016-10-13,2249.14440
2016-10-14,2249.52950
2016-10-16,2250.36420
2016-10-17,2250.77750
2016-10-18,2251.18160
2016-10-19,2251.58440
2016-10-20,2251.99600
2016-10-21,2252.40440
2016-10-23,2253.21520
2016-10-24,2253.62630
2016-10-25,2254.03470
2016-10-26,2254.44340
2016-10-27,2254.84890
2016-10-28,2255.25070
2016-10-31,2256.47900
2016-11-01,2256.88970
2016-11-02,2257.30620
2016-11-03,2257.73290
2016-11-04,2258.14500
2016-11-06,2258.96750
2016-11-07,2259.38100
2016-11-08,2259.79190
2016-11-09,2260.22290
2016-11-10,2260.65020
2016-11-11,2261.05580
2016-11-14,2262.29970
2016-11-15,2262.76600
2016-11-16,2263.22190
2016-11-17,2263.64070
2016-11-18,2264.06220
2016-11-20,2264.88610
2016-11-21,2265.32060
2016-11-22,2265.77370
2016-11-23,2266.21150
2016-11-24,2266.73310
2016-11-25,2267.13070
2016-11-27,2267.92790
2016-11-28,2268.29460
2016-11-29,2268.70090
2016-11-30,2269.10680
2016-12-01,2269.52360
2016-12-02,2269.84940
2016-12-04,2270.63320
2016-12-05,2271.03450
2016-12-06,2271.46380
2016-12-07,2271.52980
2016-12-08,2271.89020
2016-12-09,2272.29590
2016-12-12,2273.50750
2016-12-13,2273.93040
2016-12-14,2274.34790
2016-12-15,2274.76590
2016-12-16,2275.11470
2016-12-18,2275.91190
2016-12-19,2276.30190
2016-12-20,2276.70290
2016-12-21,2277.10390
2016-12-22,2277.48740
2016-12-23,2277.88310
2016-12-25,2278.68640
2016-12-26,2279.08120
2016-12-27,2279.47700
2016-12-28,2279.87520
2016-12-29,2280.28980
2016-12-30,2280.71320
2016-12-31,2281.13370
2017-01-01,2281.55400
2017-01-02,2281.98610
2017-01-03,2282.40310
2017-01-04,2282.80470
2017-01-05,2283.20110
2017-01-06,2283.60100
2017-01-08,2284.40900
2017-01-09,2284.80470
2017-01-10,2285.19940
2017-01-11,2285.59370
2017-01-12,2285.99080
2017-01-13,2286.38470
2017-01-15,2287.18410
2017-01-16,2287.58510
2017-01-17,2287.98420
2017-01-18,2288.38260
2017-01-19,2288.78730
2017-01-20,2289.18910
2017-01-22,2289.99970
2017-01-23,2290.40340
2017-01-24,2290.80400
2017-01-25,2291.20490
2017-01-26,2291.60790
2017-01-27,2292.01100
2017-01-29,2292.82290
2017-01-30,2293.23420
2017-01-31,2293.64680
2017-02-01,2294.05930
2017-02-02,2294.47200
2017-02-03,2294.87670
2017-02-05,2295.69160
2017-02-06,2296.09470
2017-02-07,2296.50690
2017-02-08,2296.81520
2017-02-09,2297.22710
2017-02-10,2297.65710
2017-02-12,2298.46620
2017-02-13,2298.88770
2017-02-14,2299.31060
2017-02-15,2299.71330
2017-02-16,2300.12050
2017-02-17,2300.53280
2017-02-19,2301.34970
2017-02-20,2301.75270
2017-02-21,2302.15740
2017-02-22,2302.59170
2017-02-23,2303.01380
2017-02-26,2304.21990
2017-02-27,2304.64550
2017-02-28,2305.06060
2017-03-01,2305.47600
2017-03-02,2305.89270
2017-03-03,2306.29630
2017-03-05,2307.09790
2017-03-06,2307.48790
2017-03-07,2307.88910
2017-03-08,2308.29860
2017-03-09,2308.69450
2017-03-10,2309.08620
2017-03-13,2310.30650
2017-03-14,2310.73340
2017-03-15,2311.16270
2017-03-16,2311.59440
2017-03-17,2312.03080
2017-03-19,2312.88680
2017-03-20,2313.32150
2017-03-21,2313.77030
2017-03-22,2314.18800
2017-03-23,2314.60270
2017-03-24,2315.00550
2017-03-26,2315.82230
2017-03-27,2316.22150
2017-03-28,2316.63110
2017-03-29,2317.04600
2017-03-30,2317.51630
2017-03-31,2318.11360
2017-04-02,2318.98420
2017-04-03,2319.41360
2017-04-04,2319.81990
2017-04-05,2320.23160
2017-04-06,2320.61060
2017-04-07,2321.01670
2017-04-09,2321.82060
2017-04-10,2322.23450
2017-04-11,2322.64850
2017-04-12,2323.05680
2017-04-13,2323.45730
2017-04-16,2324.65980
2017-04-17,2325.06330
2017-04-18,2325.46180
2017-04-19,2325.86310
2017-04-20,2326.26440
2017-04-21,2326.66350
2017-04-23,2327.46530
2017-04-24,2327.86700
2017-04-25,2328.26930
2017-04-26,2328.67000
2017-04-27,2329.07060
2017-04-28,2329.46650
2017-05-01,2330.68070
2017-05-02,2331.08070
2017-05-03,2331.48280
2017-05-04,2331.88720
2017-05-05,2332.27990
2017-05-07,2333.09210
2017-05-08,2333.49550
2017-05-09,2333.89920
2017-05-10,2334.30500
2017-05-11,2334.70950
2017-05-12,2335.11550
2017-05-14,2335.93440
2017-05-15,2336.34350
2017-05-16,2336.76500
2017-05-17,2337.18400
2017-05-18,2337.60690
2017-05-19,2338.00840
2017-05-21,2338.82060
2017-05-22,2339.22920
2017-05-23,2339.63940
2017-05-24,2340.04770
2017-05-25,2340.46040
2017-05-26,2340.86480
2017-05-28,2341.68130
2017-05-29,2342.08510
2017-05-30,2342.49010
2017-05-31,2342.89890
2017-06-01,2343.30460
2017-06-02,2343.71450
2017-06-04,2344.52550
2017-06-05,2344.93010
2017-06-06,2345.33940
2017-06-07,2345.75060
2017-06-08,2346.15990
2017-06-09,2346.57160
2017-06-10,2346.97730
2017-06-11,2347.38910
2017-06-12,2347.79550
2017-06-13,2348.20530
2017-06-14,2348.61390
2017-06-15,2349.02880
2017-06-16,2349.43040
2017-06-17,2349.83340
2017-06-18,2350.23960
2017-06-19,2350.64910
2017-06-20,2351.06410
2017-06-21,2351.47440
2017-06-22,2351.88610
2017-06-23,2352.29120
2017-06-24,2352.71160
2017-06-25,2353.13250
2017-06-26,2353.55340
2017-06-27,2353.97360
2017-06-28,2354.39540
2017-06-29,2354.82650
2017-06-30,2355.26720
2017-07-01,2355.67540
2017-07-02,2356.10660
2017-07-03,2356.53200
2017-07-04,2356.97690
2017-07-05,2357.40630
2017-07-06,2357.83370
2017-07-07,2358.28880
2017-07-08,2358.70860
2017-07-09,2359.12870
2017-07-10,2359.55430
2017-07-11,2359.96490
2017-07-12,2360.38280
2017-07-13,2360.80300
2017-07-14,2361.22320
2017-07-15,2361.63440
2017-07-16,2362.04210
2017-07-17,2362.46180
2017-07-18,2362.88120
2017-07-19,2363.30780
2017-07-20,2363.72590
2017-07-21,2364.13940
2017-07-22,2364.55560
2017-07-23,2364.97050
2017-07-24,2365.38650
2017-07-25,2365.79790
2017-07-26,2366.20870
2017-07-27,2366.62230
2017-07-28,2367.02870
2017-07-29,2367.44080
2017-07-30,2367.85300
2017-07-31,2368.26290
2017-08-01,2368.67090
2017-08-02,2369.08300
2017-08-03,2369.50450
2017-08-04,2369.91880
2017-08-05,2370.34350
2017-08-06,2370.76800
2017-08-07,2371.18130
2017-08-08,2371.60900
2017-08-09,2372.03550
2017-08-10,2372.45270
2017-08-11,2372.85180
2017-08-12,2373.26270
2017-08-13,2373.67360
2017-08-14,2374.08650
2017-08-15,2374.49280
2017-08-16,2374.89250
2017-08-17,2375.29670
2017-08-18,2375.70460
2017-08-19,2376.11140
2017-08-20,2376.51800
2017-08-21,2376.92030
2017-08-22,2377.32710
2017-08-23,2377.73430
2017-08-24,2378.13100
2017-08-25,2378.53610
2017-08-26,2378.94130
2017-08-27,2379.34700
2017-08-28,2379.74700
2017-08-29,2380.15170
2017-08-30,2380.55300
2017-08-31,2380.95590
2017-09-01,2381.36320
2017-09-02,2381.76570
2017-09-03,2382.17220
2017-09-04,2382.57520
2017-09-05,2382.98160
2017-09-06,2383.38390
2017-09-07,2383.78550
2017-09-08,2384.18640
2017-09-09,2384.58490
2017-09-10,2384.99140
2017-09-11,2385.40130
2017-09-12,2385.81680
2017-09-13,2386.23180
2017-09-14,2386.64540
2017-09-15,2387.04850
2017-09-16,2387.46510
2017-09-17,2387.88480
2017-09-18,2388.30010
2017-09-19,2388.71220
2017-09-20,2389.13820
2017-09-21,2389.54890
2017-09-22,2389.95140
2017-09-23,2390.36720
2017-09-24,2390.78630
2017-09-25,2391.21960
2017-09-26,2391.64810
2017-09-27,2392.07490
2017-09-28,2392.50700
2017-09-29,2392.96070
2017-09-30,2393.38870
2017-10-01,2393.81680
2017-10-02,2394.24510
2017-10-03,2394.66620
2017-10-04,2395.09820
2017-10-05,2395.49920
2017-10-06,2395.90300
2017-10-07,2396.31030
2017-10-08,2396.71780
2017-10-09,2397.13230
2017-10-10,2397.54670
2017-10-11,2397.96780
2017-10-12,2398.38330
2017-10-13,2398.80100
2017-10-14,2399.22530
2017-10-15,2399.64870
2017-10-16,2400.06620
2017-10-17,2400.47700
2017-10-18,2400.88040
2017-10-19,2401.29020
2017-10-20,2401.70030
2017-10-21,2402.10830
2017-10-22,2402.51650
2017-10-23,2402.92490
2017-10-24,2403.33210
2017-10-25,2403.73970
2017-10-26,2404.14450
2017-10-27,2404.55640
2017-10-28,2404.96510
2017-10-29,2405.37760
2017-10-30,2405.79480
2017-10-31,2406.21490
2017-11-01,2406.63600
2017-11-02,2407.06340
2017-11-03,2407.47910
2017-11-04,2407.90250
2017-11-05,2408.32610
2017-11-06,2408.73890
2017-11-07,2409.15970
2017-11-08,2409.57410
2017-11-09,2409.98580
2017-11-10,2410.39720
2017-11-11,2410.80980
2017-11-12,2411.22790
2017-11-13,2411.63970
2017-11-14,2412.05060
2017-11-15,2412.46280
2017-11-16,2412.86930
2017-11-17,2413.27620
2017-11-18,2413.68790
2017-11-19,2414.10010
2017-11-20,2414.51750
2017-11-21,2414.92910
2017-11-22,2415.34470
2017-11-23,2415.75560
2017-11-24,2416.17930
2017-11-25,2416.60290
2017-11-26,2417.02680
2017-11-27,2417.43800
2017-11-28,2417.84960
2017-11-29,2418.26700
2017-11-30,2418.67470
2017-12-01,2419.08760
2017-12-02,2419.50040
2017-12-03,2419.91370
2017-12-04,2420.32550
2017-12-05,2420.73800
2017-12-06,2421.15580
2017-12-07,2421.57050
2017-12-08,2421.98510
2017-12-09,2422.40160
2017-12-10,2422.82170
2017-12-11,2423.23760
2017-12-12,2423.64930
2017-12-13,2424.06320
2017-12-14,2424.47840
2017-12-15,2424.88030
2017-12-16,2425.30080
2017-12-17,2425.72520
2017-12-18,2426.13470
2017-12-19,2426.55070
2017-12-20,2426.95680
2017-12-21,2427.36890
2017-12-22,2427.78170
2017-12-23,2428.20720
2017-12-24,2428.63260
2017-12-25,2429.05890
2017-12-26,2429.49150
2017-12-27,2429.92510
2017-12-28,2430.39080
2017-12-29,2430.89530
2017-12-30,2431.33820
2017-12-31,2431.78130
2018-01-01,2432.21680
2018-01-02,2432.64230
2018-01-03,2433.06590
2018-01-04,2433.48740
2018-01-05,2433.91040
2018-01-06,2434.33840
2018-01-07,2434.76670
2018-01-08,2435.19010
2018-01-09,2435.62130
2018-01-10,2436.04840
2018-01-11,2436.47290
2018-01-12,2436.88960
2018-01-13,2437.31660
2018-01-14,2437.74520
2018-01-15,2438.17500
2018-01-16,2438.60530
2018-01-17,2439.03590
2018-01-18,2439.46320
2018-01-19,2439.89350
2018-01-20,2440.32770
2018-01-21,2440.76620
2018-01-22,2441.20380
2018-01-23,2441.64110
2018-01-24,2442.07900
2018-01-25,2442.51090
2018-01-26,2442.94590
2018-01-27,2443.38120
2018-01-28,2443.81670
2018-01-29,2444.24700
2018-01-30,2444.69560
2018-01-31,2445.13120
2018-02-01,2445.56090
2018-02-02,2445.98530
2018-02-03,2446.42450
2018-02-04,2446.86360
2018-02-05,2447.29570
2018-02-06,2447.73040
2018-02-07,2448.16510
2018-02-08,2448.61250
2018-02-09,2449.04860
2018-02-10,2449.49070
2018-02-11,2449.93130
2018-02-12,2450.37470
2018-02-13,2450.81920
2018-02-14,2451.27270
2018-02-15,2451.71270
2018-02-16,2452.14610
2018-02-17,2452.58980
2018-02-18,2453.03330
2018-02-19,2453.47730
2018-02-20,2453.91810
2018-02-21,2454.36020
2018-02-22,2454.79690
2018-02-23,2455.22740
2018-02-24,2455.67760
2018-02-25,2456.12370
2018-02-26,2456.58120
2018-02-27,2457.03890
2018-02-28,2457.50220
2018-03-01,2457.94870
2018-03-02,2458.40000
2018-03-03,2458.85130
2018-03-04,2459.30290
2018-03-05,2459.74400
2018-03-06,2460.26620
2018-03-07,2460.79680
2018-03-08,2461.24450
2018-03-09,2461.72860
2018-03-10,2462.18540
2018-03-11,2462.64760
2018-03-12,2463.18420
2018-03-13,2463.65130
2018-03-14,2464.15460
2018-03-15,2464.70030
2018-03-16,2465.53080
2018-03-17,2465.98380
2018-03-18,2466.45000
2018-03-19,2466.93960
2018-03-20,2467.40870
2018-03-21,2467.86520
2018-03-22,2468.32040
2018-03-23,2468.68380
2018-03-24,2469.14830
2018-03-25,2469.61710
2018-03-26,2470.06550
2018-03-27,2470.55750
2018-03-28,2472.62470
2018-03-29,2473.07790
2018-03-30,2473.53370
2018-03-31,2473.98900
2018-04-01,2474.46800
2018-04-02,2474.93620
2018-04-03,2475.42800
2018-04-04,2475.95870
2018-04-05,2476.42830
2018-04-06,2476.89800
2018-04-07,2477.34460
2018-04-08,2477.81170
2018-04-09,2478.29460
2018-04-10,2478.75470
2018-04-11,2479.21330
2018-04-12,2479.66080
2018-04-13,2480.10420
2018-04-14,2480.56650
2018-04-15,2481.02530
2018-04-16,2481.47920
2018-04-17,2481.94490
2018-04-18,2482.39920
2018-04-19,2482.86160
2018-04-20,2483.28610
2018-04-21,2483.72910
2018-04-22,2484.18320
2018-04-23,2484.63390
2018-04-24,2485.08550
2018-04-25,2485.54120
2018-04-26,2485.99640
2018-04-27,2486.43980
2018-04-28,2486.89290
2018-04-29,2487.34940
2018-04-30,2487.80600
2018-05-01,2488.26280
2018-05-02,2488.71830
2018-05-03,2489.17430
2018-05-04,2489.57680
2018-05-05,2490.03380
2018-05-06,2490.49500
2018-05-07,2490.94610
2018-05-08,2491.39000
2018-05-09,2491.83140
2018-05-10,2492.27340
2018-05-11,2492.70940
2018-05-12,2493.15580
2018-05-13,2493.61230
2018-05-14,2494.06760
2018-05-15,2494.49110
2018-05-16,2494.92270
2018-05-17,2495.37440
2018-05-18,2495.80890
2018-05-19,2496.25910
2018-05-20,2496.72490
2018-05-21,2497.17930
2018-05-22,2497.63150
2018-05-23,2498.08800
2018-05-24,2498.54390
2018-05-25,2499.02870
2018-05-26,2499.48980
2018-05-27,2499.96440
2018-05-28,2500.50020
2018-05-29,2501.08300
2018-05-30,2501.66480
2018-05-31,2502.11200
2018-06-01,2502.54080
2018-06-02,2503.00530
2018-06-03,2503.47990
2018-06-04,2503.95500
2018-06-05,2504.44870
2018-06-06,2505.08970
2018-06-07,2505.57790
2018-06-08,2506.07680
2018-06-09,2506.56400
2018-06-10,2507.05130
2018-06-11,2507.55870
2018-06-12,2508.08620
2018-06-13,2508.61790
2018-06-14,2509.13140
2018-06-15,2509.63900
2018-06-16,2510.12320
2018-06-17,2510.61780
2018-06-18,2511.18590
2018-06-19,2511.72550
2018-06-20,2512.24160
2018-06-21,2512.77070
2018-06-22,2513.24930
2018-06-23,2513.75940
2018-06-24,2514.26950
2018-06-25,2514.77090
2018-06-26,2515.27940
2018-06-27,2515.79480
2018-06-28,2516.31890
2018-06-29,2516.98650
2018-06-30,2517.49800
2018-07-01,2518.00990
2018-07-02,2518.58870
2018-07-03,2519.11560
2018-07-04,2519.67350
2018-07-05,2520.20370
2018-07-06,2520.71550
2018-07-07,2521.21430
2018-07-08,2521.71340
2018-07-09,2522.20260
2018-07-10,2522.70150
2018-07-11,2523.19790
2018-07-12,2523.68910
2018-07-13,2524.17260
2018-07-14,2524.66470
2018-07-15,2525.15720
2018-07-16,2525.64860
2018-07-17,2526.14650
2018-07-18,2526.64310
2018-07-19,2527.13350
2018-07-20,2527.62490
2018-07-21,2528.12910
2018-07-22,2528.63330
2018-07-23,2529.11540
2018-07-24,2529.59100
2018-07-25,2530.07270
2018-07-26,2530.56010
2018-07-27,2531.05550
2018-07-28,2531.54280
2018-07-29,2532.03020
2018-07-30,2532.55230
2018-07-31,2533.08300
2018-08-01,2533.61610
2018-08-02,2534.14080
2018-08-03,2534.65630
2018-08-04,2535.18390
2018-08-05,2535.71180
2018-08-06,2536.20250
2018-08-07,2536.68500
2018-08-08,2537.16510
2018-08-09,2537.65960
2018-08-10,2538.13980
2018-08-11,2538.62390
2018-08-12,2539.10700
2018-08-13,2539.59530
2018-08-14,2540.06730
2018-08-15,2540.54960
2018-08-16,2541.01580
2018-08-17,2541.50550
2018-08-18,2541.99540
2018-08-19,2542.48520
2018-08-20,2542.96040
2018-08-21,2543.42750
2018-08-22,2543.91270
2018-08-23,2544.40080
2018-08-24,2544.87160
2018-08-25,2545.35360
2018-08-26,2545.83560
2018-08-27,2546.32770
2018-08-28,2546.81390
2018-08-29,2547.31390
2018-08-30,2547.80450
2018-08-31,2548.28450
2018-09-01,2548.79030
2018-09-02,2549.29620
2018-09-03,2549.79520
2018-09-04,2550.28440
2018-09-05,2550.78520
2018-09-06,2551.29130
2018-09-07,2551.77470
2018-09-08,2552.25880
2018-09-09,2552.74290
2018-09-10,2553.21650
2018-09-11,2553.67670
2018-09-12,2554.13500
2018-09-13,2554.62420
2018-09-14,2555.07820
2018-09-16,2556.09160
2018-09-17,2556.57880
2018-09-18,2557.07790
2018-09-19,2557.57870
2018-09-20,2558.08950
2018-09-21,2558.59640
2018-09-23,2559.60470
2018-09-24,2560.08850
2018-09-25,2560.33780
2018-09-26,2560.83940
2018-09-27,2561.65090
2018-09-28,2562.31050
2018-09-29,2562.82850
2018-09-30,2563.34690
2018-10-01,2563.89060
2018-10-02,2564.40730
2018-10-03,2564.92470
2018-10-04,2565.43350
2018-10-05,2566.06860
2018-10-07,2567.10950
2018-10-08,2567.62870
2018-10-09,2568.14900
2018-10-10,2568.66990
2018-10-11,2569.17870
2018-10-12,2569.65930
2018-10-14,2570.72830
2018-10-15,2571.24370
2018-10-16,2571.75390
2018-10-17,2572.25570
2018-10-18,2572.77790
2018-10-19,2573.27170
2018-10-21,2574.31740
2018-10-22,2574.83360
2018-10-23,2575.35660
2018-10-24,2575.87950
2018-10-25,2576.40770
2018-10-26,2576.90310
2018-10-28,2577.97590
2018-10-29,2578.49350
2018-10-30,2579.01480
2018-10-31,2579.53970
2018-11-01,2580.06510
2018-11-02,2580.58380
2018-11-04,2581.63550
2018-11-05,2582.20420
2018-11-06,2582.73070
2018-11-08,2583.78100
2018-11-09,2584.31390
2018-11-11,2585.36120
2018-11-12,2585.91460
2018-11-13,2586.44690
2018-11-14,2586.98970
2018-11-15,2587.59040
2018-11-16,2588.14370
2018-11-18,2589.19710
2018-11-19,2589.73190
2018-11-20,2590.26580
2018-11-21,2590.79480
2018-11-22,2591.32830
2018-11-25,2592.89500
2018-11-26,2593.46430
2018-11-27,2594.00630
2018-11-28,2594.56350
2018-11-29,2595.09730
2018-11-30,2595.63530
2018-12-02,2596.68650
2018-12-03,2597.21660
2018-12-04,2597.75650
2018-12-05,2598.34070
2018-12-06,2598.89510
2018-12-07,2599.41860
2018-12-09,2600.45460
2018-12-10,2600.94750
2018-12-11,2601.45030
2018-12-12,2602.00950
2018-12-13,2602.56410
2018-12-14,2603.11360
2018-12-16,2604.12230
2018-12-17,2604.63930
2018-12-18,2605.16220
2018-12-19,2605.69370
2018-12-20,2606.18840
2018-12-21,2606.64980
2018-12-23,2607.67250
2018-12-24,2608.17790
2018-12-25,2608.68810
2018-12-26,2609.19750
2018-12-27,2609.71680
2018-12-28,2610.26910
2018-12-30,2611.29130
2018-12-31,2611.93030
2019-01-01,2612.52870
2019-01-02,2613.07950
2019-01-03,2613.57140
2019-01-04,2614.08700
2019-01-06,2615.09880
2019-01-07,2615.60550
2019-01-08,2616.12830
2019-01-09,2616.64590
2019-01-10,2617.16560
2019-01-11,2617.66940
2019-01-13,2618.67450
2019-01-14,2619.18240
2019-01-15,2619.69830
2019-01-16,2620.20760
2019-01-17,2620.73500
2019-01-18,2621.27330
2019-01-20,2622.27670
2019-01-21,2622.77500
2019-01-22,2623.28160
2019-01-23,2623.78150
2019-01-24,2624.29430
2019-01-25,2624.79690
2019-01-27,2625.79080
2019-01-28,2626.29170
2019-01-29,2626.81430
2019-01-30,2627.31610
2019-01-31,2627.81210
2019-02-01,2628.29440
2019-02-03,2629.28640
2019-02-04,2629.77100
2019-02-05,2630.26280
2019-02-06,2630.76430
2019-02-07,2631.35150
2019-02-08,2631.82640
2019-02-10,2632.83310
2019-02-11,2633.32660
2019-02-12,2633.82110
2019-02-13,2634.32470
2019-02-14,2634.81560
2019-02-15,2635.27420
2019-02-17,2636.26600
2019-02-18,2636.73390
2019-02-19,2637.23340
2019-02-20,2637.71280
2019-02-21,2638.21490
2019-02-22,2638.70000
2019-02-24,2639.69600
2019-02-25,2640.20230
2019-02-26,2640.68260
2019-02-27,2641.18250
2019-02-28,2641.67470
2019-03-01,2642.18140
2019-03-04,2643.67010
2019-03-05,2644.17210
2019-03-06,2644.66990
2019-03-07,2645.17270
2019-03-08,2645.65940
2019-03-10,2646.66040
2019-03-11,2647.16780
2019-03-12,2647.70440
2019-03-13,2648.24850
2019-03-14,2648.86380
2019-03-15,2649.35720
2019-03-17,2650.37650
2019-03-18,2650.87980
2019-03-19,2651.39100
2019-03-20,2651.88560
2019-03-21,2652.39760
2019-03-22,2652.86630
2019-03-24,2653.90460
2019-03-25,2654.44140
2019-03-26,2654.96280
2019-03-27,2655.48630
2019-03-28,2656.02860
2019-03-29,2657.53550
2019-03-30,2658.05540
2019-03-31,2658.57740
2019-04-01,2659.08810
2019-04-02,2659.87820
2019-04-03,2660.40790
2019-04-04,2660.97260
2019-04-05,2661.47730
2019-04-07,2662.49080
2019-04-08,2662.95430
2019-04-09,2663.42750
2019-04-10,2663.91400
2019-04-11,2664.40070
2019-04-12,2664.83610
2019-04-14,2665.84880
2019-04-15,2666.36550
2019-04-16,2666.89840
2019-04-17,2667.39690
2019-04-18,2667.87360
2019-04-21,2669.37870
2019-04-22,2669.85820
2019-04-23,2670.34320
2019-04-24,2670.83220
2019-04-25,2671.32180
2019-04-26,2671.81180
2019-04-29,2673.31800
2019-04-30,2673.83690
2019-05-01,2674.33390
2019-05-02,2674.81670
2019-05-03,2675.29500
2019-05-05,2676.31290
2019-05-06,2676.82010
2019-05-07,2677.35210
2019-05-08,2677.88200
2019-05-09,2678.39860
2019-05-10,2678.88690
2019-05-12,2679.90230
2019-05-13,2680.42050
2019-05-14,2680.96450
2019-05-15,2681.49460
2019-05-16,2682.04150
2019-05-17,2682.54300
2019-05-19,2683.55030
2019-05-20,2684.05620
2019-05-21,2684.58070
2019-05-22,2685.12320
2019-05-23,2685.69420
2019-05-24,2686.21760
2019-05-26,2687.22270
2019-05-27,2687.71910
2019-05-28,2688.25060
2019-05-29,2688.75250
2019-05-30,2689.24870
2019-05-31,2689.82910
2019-06-02,2690.82000
2019-06-03,2691.33240
2019-06-04,2691.83350
2019-06-05,2692.33820
2019-06-06,2692.90310
2019-06-07,2693.38930
2019-06-09,2694.37220
2019-06-10,2694.87060
2019-06-11,2695.33960
2019-06-12,2695.82340
2019-06-13,2696.29720
2019-06-14,2696.77160
2019-06-16,2697.74040
2019-06-17,2698.21530
2019-06-18,2698.69060
2019-06-19,2699.16480
2019-06-20,2699.61440
2019-06-21,2699.99700
2019-06-23,2700.94760
2019-06-24,2701.34520
2019-06-25,2701.78860
2019-06-26,2702.23550
2019-06-27,2702.73610
2019-06-28,2703.36630
2019-06-29,2703.84070
2019-06-30,2704.31560
2019-07-01,2704.88190
2019-07-02,2705.41920
2019-07-03,2706.05370
2019-07-04,2706.64610
2019-07-05,2707.15350
2019-07-07,2708.05710
2019-07-08,2708.55390
2019-07-09,2709.03690
2019-07-10,2709.52720
2019-07-11,2710.03100
2019-07-12,2710.52080
2019-07-14,2711.43620
2019-07-15,2712.00500
2019-07-16,2712.65480
2019-07-17,2713.15440
2019-07-18,2713.60580
2019-07-19,2714.06010
2019-07-21,2714.96050
2019-07-22,2715.40840
2019-07-23,2715.84930
2019-07-24,2716.32690
2019-07-25,2716.78680
2019-07-26,2717.24020
2019-07-28,2718.16800
2019-07-29,2718.72270
2019-07-30,2719.21200
2019-07-31,2719.71320
2019-08-01,2720.20790
2019-08-02,2720.70030
2019-08-04,2721.55770
2019-08-05,2721.97310
2019-08-06,2722.46490
2019-08-07,2723.08990
2019-08-08,2723.60010
2019-08-09,2724.10220
2019-08-12,2725.38170
2019-08-13,2725.76040
2019-08-14,2726.09670
2019-08-15,2726.51420
2019-08-16,2726.98280
2019-08-18,2727.82280
2019-08-19,2728.26470
2019-08-20,2728.77380
2019-08-21,2729.25610
2019-08-22,2729.66470
2019-08-23,2730.07500
2019-08-25,2730.88380
2019-08-26,2731.29290
2019-08-27,2731.71850
2019-08-28,2732.13980
2019-08-29,2732.55340
2019-08-30,2732.96070
2019-09-02,2734.16410
2019-09-03,2734.57330
2019-09-04,2735.01300
2019-09-05,2735.47920
2019-09-06,2735.92000
2019-09-08,2736.71330
2019-09-09,2737.12400
2019-09-10,2737.52040
2019-09-11,2737.96150
2019-09-12,2738.39660
2019-09-13,2738.79540
2019-09-15,2739.58970
2019-09-16,2740.00650
2019-09-17,2740.38020
2019-09-18,2740.77470
2019-09-19,2741.15680
2019-09-20,2741.35520
2019-09-22,2742.16070
2019-09-23,2742.33870
2019-09-24,2742.61680
2019-09-25,2742.99190
2019-09-26,2743.46190
2019-09-27,2743.94150
2019-09-29,2744.76810
2019-09-30,2745.48510
2019-10-01,2746.10110
2019-10-02,2746.52420
2019-10-03,2746.97360
2019-10-04,2747.46150
2019-10-06,2748.27580
2019-10-07,2748.78180
2019-10-08,2749.17870
2019-10-09,2749.57060
2019-10-10,2750.01990
2019-10-11,2750.52420
2019-10-13,2751.30310
2019-10-14,2751.88270
2019-10-15,2752.36910
2019-10-16,2752.75880
2019-10-17,2753.15730
2019-10-18,2753.51980
2019-10-21,2754.65440
2019-10-22,2754.89920
2019-10-23,2755.24240
2019-10-24,2755.66990
2019-10-25,2756.04750
2019-10-28,2757.21420
2019-10-29,2757.61400
2019-10-30,2758.05830
2019-10-31,2758.53620
2019-11-01,2758.90990
2019-11-03,2759.67030
2019-11-04,2760.01860
2019-11-05,2760.33410
2019-11-06,2760.63600
2019-11-07,2760.99260
2019-11-08,2761.34320
2019-11-10,2762.09420
2019-11-11,2762.46040
2019-11-12,2762.83660
2019-11-13,2763.27590
2019-11-14,2763.67910
2019-11-15,2764.06620
2019-11-17,2764.81620
2019-11-18,2765.18630
2019-11-19,2765.59440
2019-11-20,2766.02960
2019-11-21,2766.39400
2019-11-22,2766.77450
2019-11-24,2767.52230
2019-11-25,2767.89480
2019-11-26,2768.26610
2019-11-27,2768.68530
2019-11-28,2769.09950
2019-11-29,2769.49260
2019-12-01,2770.24430
2019-12-02,2770.64670
2019-12-03,2770.99640
2019-12-04,2771.37550
2019-12-05,2771.50940
2019-12-06,2771.93070
2019-12-08,2772.69280
2019-12-09,2773.08480
2019-12-10,2773.48740
2019-12-11,2773.90680
2019-12-12,2774.28390
2019-12-13,2774.58360
2019-12-15,2775.35090
2019-12-16,2775.71780
2019-12-17,2776.10850
2019-12-18,2776.48360
2019-12-19,2776.89650
2019-12-20,2777.20090
2019-12-22,2777.96080
2019-12-23,2778.33230
2019-12-24,2778.72540
2019-12-25,2779.10280
2019-12-26,2779.48350
2019-12-27,2779.85440
2019-12-29,2780.66250
2019-12-30,2781.02770
2019-12-31,2781.39430
2020-01-01,2781.85270
2020-01-02,2782.49810
2020-01-03,2782.83900
2020-01-05,2783.57690
2020-01-06,2783.94810
2020-01-07,2784.32060
2020-01-08,2784.66310
2020-01-09,2785.02610
2020-01-10,2785.28470
2020-01-12,2786.04970
2020-01-13,2786.31220
2020-01-14,2786.60800
2020-01-15,2786.99730
2020-01-16,2787.39920
2020-01-17,2787.78280
2020-01-19,2788.55660
2020-01-20,2788.96580
2020-01-21,2789.36260
2020-01-22,2789.75290
2020-01-23,2790.14090
2020-01-24,2790.52910
2020-01-26,2791.31380
2020-01-27,2791.70200
2020-01-28,2792.09630
2020-01-29,2792.48830
2020-01-30,2792.89370
2020-01-31,2793.26720
2020-02-02,2794.05270
2020-02-03,2794.43360
2020-02-04,2794.84000
2020-02-05,2795.22480
2020-02-06,2795.63940
2020-02-07,2796.03780
2020-02-09,2796.82470
2020-02-10,2797.22100
2020-02-11,2797.67050
2020-02-12,2798.08500
2020-02-13,2798.49030
2020-02-14,2798.87350
2020-02-16,2799.65940
2020-02-17,2800.04910
2020-02-18,2800.46280
2020-02-19,2800.85540
2020-02-20,2801.21210
2020-02-23,2802.38950
2020-02-24,2802.77600
2020-02-25,2803.15660
2020-02-26,2803.54670
2020-02-27,2803.80720
2020-02-28,2804.20630
2020-03-01,2804.99930
2020-03-02,2805.37740
2020-03-03,2805.82480
2020-03-04,2806.46330
2020-03-05,2806.98790
2020-03-06,2807.48220
2020-03-08,2808.38660
2020-03-09,2808.87650
2020-03-10,2809.32820
2020-03-11,2809.78540
2020-03-12,2810.11590
2020-03-13,2810.37070
2020-03-15,2811.19660
2020-03-16,2811.60870
2020-03-17,2811.93170
2020-03-18,2811.90260
2020-03-19,2810.65400
2020-03-20,2810.82240
2020-03-22,2811.72130
2020-03-23,2809.42610
2020-03-24,2807.96150
2020-03-25,2808.50020
2020-03-26,2810.12340
2020-03-27,2819.31490
2020-03-29,2820.05850
2020-03-30,2820.86630
2020-03-31,2822.15460
2020-04-01,2822.50810
2020-04-02,2822.85190
2020-04-03,2823.84750
2020-04-05,2824.53620
2020-04-06,2824.88080
2020-04-07,2824.91110
2020-04-08,2825.18410
2020-04-09,2825.54490
2020-04-12,2826.57840
2020-04-13,2827.10090
2020-04-14,2827.45250
2020-04-15,2827.76890
2020-04-16,2828.22330
2020-04-17,2829.32850
2020-04-19,2829.96590
2020-04-20,2830.58680
2020-04-21,2831.00810
2020-04-22,2831.68230
2020-04-23,2832.24900
2020-04-24,2832.42780
2020-04-26,2833.03220
2020-04-27,2833.18370
2020-04-28,2833.23870
2020-04-29,2833.43400
2020-04-30,2833.69360
2020-05-03,2834.64400
2020-05-04,2834.86610
2020-05-05,2835.30640
2020-05-06,2835.76230
2020-05-07,2836.07400
2020-05-08,2836.44620
2020-05-10,2837.07190
2020-05-11,2837.49750
2020-05-12,2838.09210
2020-05-13,2838.61060
2020-05-14,2839.09590
2020-05-15,2839.48840
2020-05-17,2840.05670
2020-05-18,2840.43560
2020-05-19,2840.73850
2020-05-20,2841.21130
2020-05-21,2841.57150
2020-05-22,2842.04640
2020-05-25,2842.81850
2020-05-26,2843.09750
2020-05-27,2843.29970
2020-05-28,2843.48020
2020-05-29,2843.67330
2020-05-31,2844.18930
2020-06-01,2844.38660
2020-06-02,2844.58640
2020-06-03,2844.82690
2020-06-04,2845.04520
2020-06-05,2845.20930
2020-06-07,2845.74940
2020-06-08,2846.00370
2020-06-09,2846.24780
2020-06-10,2846.52010
2020-06-11,2846.88810
2020-06-12,2847.21390
2020-06-14,2847.73700
2020-06-15,2848.12040
2020-06-16,2848.39990
2020-06-17,2848.70640
2020-06-18,2849.02460
2020-06-19,2849.34450
2020-06-21,2849.82650
2020-06-22,2850.14000
2020-06-23,2850.45820
2020-06-24,2850.83020
2020-06-25,2851.20400
2020-06-26,2851.44130
2020-06-28,2851.91950
2020-06-29,2852.15430
2020-06-30,2852.49650
2020-07-01,2852.95370
2020-07-02,2853.17110
2020-07-03,2853.31380
2020-07-05,2853.79610
2020-07-06,2853.96500
2020-07-07,2854.19780
2020-07-08,2854.45250
2020-07-09,2854.78250
2020-07-10,2854.92310
2020-07-12,2855.44840
2020-07-13,2855.71260
2020-07-14,2855.95840
2020-07-15,2856.27830
2020-07-16,2856.41590
2020-07-17,2856.65770
2020-07-19,2857.14480
2020-07-20,2857.31390
2020-07-21,2857.51830
2020-07-22,2857.81150
2020-07-23,2858.05800
2020-07-24,2858.29860
2020-07-26,2858.78790
2020-07-27,2858.98320
2020-07-28,2859.13360
2020-07-29,2859.34640
2020-07-30,2859.60120
2020-07-31,2859.87750
2020-08-02,2860.38650
2020-08-03,2860.64620
2020-08-04,2860.91490
2020-08-05,2861.21310
2020-08-06,2861.47250
2020-08-07,2861.65700
2020-08-09,2862.16500
2020-08-10,2862.42380
2020-08-11,2862.70610
2020-08-12,2862.98050
2020-08-13,2863.26860
2020-08-14,2863.53070
2020-08-16,2864.03110
2020-08-17,2864.34020
2020-08-18,2864.58640
2020-08-19,2864.90950
2020-08-20,2865.21100
2020-08-21,2865.40620
2020-08-23,2865.87740
2020-08-24,2866.05910
2020-08-25,2866.29530
2020-08-26,2866.55140
2020-08-27,2866.80660
2020-08-28,2866.99410
2020-08-30,2867.47580
2020-08-31,2867.73600
2020-09-01,2868.04720
2020-09-02,2868.29600
2020-09-03,2868.53880
2020-09-04,2868.76430
2020-09-06,2869.23130
2020-09-07,2869.45840
2020-09-08,2869.60500
2020-09-09,2869.76000
2020-09-10,2870.00690
2020-09-11,2870.09580
2020-09-13,2870.60310
2020-09-14,2870.86950
2020-09-15,2871.13780
2020-09-16,2871.41070
2020-09-17,2871.69890
2020-09-18,2871.89960
2020-09-20,2872.42700
2020-09-21,2872.63680
2020-09-22,2872.88650
2020-09-23,2873.13540
2020-09-24,2873.40690
2020-09-25,2873.67370
2020-09-27,2874.20490
2020-09-28,2874.47700
2020-09-29,2874.76440
2020-09-30,2875.24050
2020-10-01,2875.48590
2020-10-04,2876.23500
2020-10-05,2876.48890
2020-10-06,2876.76010
2020-10-07,2877.04640
2020-10-08,2877.29410
2020-10-09,2877.56720
2020-10-11,2878.06300
2020-10-12,2878.30570
2020-10-13,2878.60980
2020-10-14,2878.91990
2020-10-15,2879.21900
2020-10-16,2879.49140
2020-10-18,2879.96530
2020-10-19,2880.23810
2020-10-20,2880.51960
2020-10-21,2880.80570
2020-10-22,2881.04260
2020-10-23,2881.28130
2020-10-25,2881.74630
2020-10-26,2881.94360
2020-10-27,2882.13450
2020-10-28,2882.40210
2020-10-29,2882.61030
2020-10-30,2882.84890
2020-11-01,2883.32590
2020-11-02,2883.53690
2020-11-03,2883.83280
2020-11-04,2884.08910
2020-11-05,2884.33990
2020-11-06,2884.62300
2020-11-08,2885.08130
2020-11-09,2885.30800
2020-11-10,2885.52270
2020-11-11,2885.79200
2020-11-12,2886.13120
2020-11-13,2886.32360
2020-11-16,2886.99380
2020-11-17,2887.25270
2020-11-18,2887.58680
2020-11-19,2887.91270
2020-11-20,2888.07970
2020-11-22,2888.49640
2020-11-23,2888.63990
2020-11-24,2888.83600
2020-11-25,2889.11180
2020-11-26,2889.40210
2020-11-27,2889.59670
2020-11-30,2890.22720
2020-12-01,2890.34510
2020-12-02,2890.44140
2020-12-03,2890.67260
2020-12-04,2890.93040
2020-12-05,2891.14850
2020-12-07,2891.60460
2020-12-08,2891.79560
2020-12-09,2891.99490
2020-12-10,2892.27390
2020-12-11,2892.49730
2020-12-13,2892.96400
2020-12-14,2893.17740
2020-12-15,2893.38220
2020-12-16,2893.62680
2020-12-17,2893.85280
2020-12-18,2894.08760
2020-12-20,2894.57240
2020-12-21,2894.79810
2020-12-22,2895.02900
2020-12-23,2895.29650
2020-12-24,2895.54930
2020-12-27,2896.26050
2020-12-28,2896.51900
2020-12-29,2896.79060
2020-12-30,2897.09660
2020-12-31,2897.40280
2021-01-01,2897.69180
2021-01-03,2898.12940
2021-01-04,2898.39430
2021-01-05,2898.54270
2021-01-06,2898.67520
2021-01-07,2898.81710
2021-01-08,2899.03940
2021-01-10,2899.51520
2021-01-11,2899.45510
2021-01-12,2899.70660
2021-01-13,2900.03750
2021-01-14,2900.26100
2021-01-15,2900.39580
2021-01-17,2900.88250
2021-01-18,2901.05740
2021-01-19,2901.30610
2021-01-20,2901.56450
2021-01-21,2901.80560
2021-01-22,2902.01520
2021-01-24,2902.51020
2021-01-25,2902.76920
2021-01-26,2903.03140
2021-01-27,2903.31090
2021-01-28,2903.57800
2021-01-29,2903.87150
2021-01-31,2904.38580
2021-02-01,2904.66310
2021-02-02,2904.95310
2021-02-03,2905.15840
2021-02-04,2905.41480
2021-02-05,2905.72070
2021-02-07,2906.20590
2021-02-08,2906.45100
2021-02-09,2906.68620
2021-02-10,2906.94310
2021-02-11,2907.20060
2021-02-12,2907.46180
2021-02-14,2907.96790
2021-02-15,2908.24470
2021-02-16,2908.56250
2021-02-17,2908.98930
2021-02-18,2909.36580
2021-02-19,2909.58970
2021-02-21,2910.03780
2021-02-22,2910.22370
2021-02-23,2910.42660
2021-02-24,2910.75170
2021-02-25,2911.03370
2021-02-26,2911.11250
2021-02-28,2911.58470
2021-03-01,2911.78060
2021-03-02,2911.98140
2021-03-03,2912.18100
2021-03-04,2912.40170
2021-03-05,2912.55920
2021-03-07,2913.05040
2021-03-08,2913.24470
2021-03-09,2913.49190
2021-03-10,2913.81340
2021-03-11,2914.06980
2021-03-12,2914.25330
2021-03-14,2914.77530
2021-03-15,2915.02030
2021-03-16,2915.25420
2021-03-17,2915.52340
2021-03-18,2915.81340
2021-03-19,2916.15730
2021-03-21,2916.71990
2021-03-22,2917.04050
2021-03-23,2917.42150
2021-03-24,2917.74210
2021-03-25,2918.01340
2021-03-26,2918.31290
2021-03-29,2919.06430
2021-03-30,2919.39520
2021-03-31,2919.65870
2021-04-01,2919.92150
2021-04-04,2920.71080
2021-04-05,2921.07800
2021-04-06,2921.38610
2021-04-07,2921.60930
2021-04-08,2921.81440
2021-04-09,2922.00880
2021-04-11,2922.49350
2021-04-12,2922.72570
2021-04-14,2923.22330
2021-04-15,2923.45480
2021-04-16,2923.70380
2021-04-18,2924.19830
2021-04-19,2924.47150
2021-04-20,2924.76320
2021-04-21,2925.01070
2021-04-22,2925.28520
2021-04-23,2925.53820
2021-04-25,2926.03050
2021-04-26,2926.34000
2021-04-27,2926.56680
2021-04-28,2926.81260
2021-04-29,2927.05980
2021-04-30,2927.25950
2021-05-02,2927.75810
2021-05-03,2928.01660
2021-05-04,2928.24560
2021-05-05,2928.45280
2021-05-06,2928.68150
2021-05-07,2928.91490
2021-05-09,2929.42270
2021-05-10,2929.67210
2021-05-11,2929.92150
2021-05-12,2930.16500
2021-05-13,2930.42790
2021-05-14,2930.68290
2021-05-16,2931.19060
2021-05-17,2931.43740
2021-05-18,2931.69200
2021-05-19,2931.92750
2021-05-20,2932.18980
2021-05-21,2932.44840
2021-05-23,2932.95760
2021-05-24,2933.17930
2021-05-25,2933.42360
2021-05-26,2933.67940
2021-05-27,2933.95910
2021-05-28,2934.21590
2021-05-29,2934.47080
2021-05-30,2934.72690
2021-05-31,2935.02270
2021-06-01,2935.27730
2021-06-02,2935.51960
2021-06-03,2935.79680
2021-06-04,2936.06480
2021-06-06,2936.57470
2021-06-07,2936.83640
2021-06-08,2937.09630
2021-06-09,2937.37350
2021-06-10,2937.64730
2021-06-11,2937.89090
2021-06-13,2938.39860
2021-06-14,2938.62910
2021-06-15,2938.86740
2021-06-16,2938.98820
2021-06-17,2939.15840
2021-06-18,2939.41980
2021-06-20,2939.95270
2021-06-21,2940.37300
2021-06-22,2940.66300
2021-06-23,2940.91410
2021-06-24,2941.24620
2021-06-25,2941.50110
2021-06-27,2942.01850
2021-06-28,2942.30150
2021-06-29,2942.63540
2021-06-30,2942.86410
2021-07-01,2943.21950
2021-07-02,2943.38710
2021-07-04,2943.89330
2021-07-05,2944.13330
2021-07-06,2944.30790
2021-07-07,2944.62340
2021-07-08,2944.89010
2021-07-09,2945.11600
2021-07-11,2945.65390
2021-07-12,2945.94190
2021-07-13,2946.22580
2021-07-14,2946.53590
2021-07-15,2946.78570
2021-07-16,2947.02840
2021-07-18,2947.54630
2021-07-19,2947.79850
2021-07-20,2948.08080
2021-07-21,2948.34660
2021-07-22,2948.64370
2021-07-23,2948.93140
2021-07-25,2949.44690
2021-07-26,2949.71330
2021-07-27,2949.98190
2021-07-28,2950.25800
2021-07-29,2950.49440
2021-07-30,2950.75670
2021-08-01,2951.27740
2021-08-02,2951.54230
2021-08-03,2951.80290
2021-08-04,2952.02470
2021-08-05,2952.28480
2021-08-06,2952.54300
2021-08-08,2953.08550
2021-08-09,2953.36350
2021-08-10,2953.66770
2021-08-11,2953.94850
2021-08-12,2954.30410
2021-08-13,2954.58040
2021-08-15,2955.07340
2021-08-16,2955.31990
2021-08-17,2955.57890
2021-08-18,2955.89220
2021-08-19,2956.15050
2021-08-20,2956.40090
2021-08-22,2956.89600
2021-08-23,2957.15090
2021-08-24,2957.40470
2021-08-25,2957.69060
2021-08-26,2957.94820
2021-08-27,2958.22210
2021-08-28,2958.46720
2021-08-29,2958.71230
2021-08-30,2958.97410
2021-08-31,2959.22940
2021-09-01,2959.49030
2021-09-02,2959.73580
2021-09-03,2959.97850
2021-09-05,2960.46360
2021-09-06,2960.70940
2021-09-07,2960.94160
2021-09-08,2961.17350
2021-09-09,2961.39110
2021-09-12,2962.12900
2021-09-13,2962.37800
2021-09-14,2962.61850
2021-09-15,2962.86190
2021-09-16,2963.10830
2021-09-17,2963.34600
2021-09-19,2963.84910
2021-09-20,2964.09230
2021-09-21,2964.28590
2021-09-22,2964.51430
2021-09-23,2964.76460
2021-09-24,2964.97120
2021-09-26,2965.48520
2021-09-27,2965.65590
2021-09-28,2965.74280
2021-09-29,2965.82870
2021-09-30,2966.14940
2021-10-01,2966.55120
2021-10-02,2966.81300
2021-10-03,2967.07460
2021-10-04,2967.39380
2021-10-05,2967.63030
2021-10-06,2967.88390
2021-10-07,2968.18670
2021-10-08,2968.66830
2021-10-10,2969.18020
2021-10-11,2969.56130
2021-10-12,2969.87780
2021-10-13,2970.14980
2021-10-14,2970.39050
2021-10-17,2971.14950
2021-10-18,2971.10370
2021-10-19,2971.36440
2021-10-20,2971.56820
2021-10-21,2971.84830
2021-10-22,2972.07730
2021-10-23,2972.34080
2021-10-24,2972.60440
2021-10-25,2972.55860
2021-10-26,2972.72820
2021-10-27,2972.99930
2021-10-28,2973.18230
2021-10-29,2973.47490
2021-10-31,2974.02660
2021-11-01,2974.25850
2021-11-02,2974.55520
2021-11-03,2974.94420
2021-11-07,2976.13220
2021-11-08,2976.64700
2021-11-09,2976.98110
2021-11-10,2977.27790
2021-11-11,2977.57760
2021-11-12,2977.86930
2021-11-14,2978.39460
2021-11-15,2978.66940
2021-11-16,2978.92740
2021-11-17,2979.20980
2021-11-18,2979.49230
2021-11-21,2980.31300
2021-11-22,2980.52550
2021-11-23,2980.80490
2021-11-24,2981.15230
2021-11-25,2981.44850
2021-11-26,2981.71070
2021-11-28,2982.24610
2021-11-29,2982.51180
2021-11-30,2982.80910
2021-12-01,2983.07270
2021-12-02,2983.34980
2021-12-03,2983.62270
2021-12-05,2984.17330
2021-12-06,2984.44100
2021-12-07,2984.70500
2021-12-08,2985.01910
2021-12-09,2985.29660
2021-12-10,2985.57180
2021-12-12,2986.10260
2021-12-13,2986.37980
2021-12-14,2986.64620
2021-12-15,2986.88970
2021-12-16,2987.14030
2021-12-17,2987.46050
2021-12-19,2988.04480
2021-12-20,2988.33240
2021-12-21,2988.42680
2021-12-22,2988.63570
2021-12-23,2989.03620
2021-12-24,2989.42770
2021-12-26,2989.98800
2021-12-27,2990.31920
2021-12-28,2990.60720
2021-12-29,2990.90610
2021-12-30,2991.27670
2021-12-31,2991.67970
2022-01-02,2992.23500
2022-01-03,2992.59610
2022-01-04,2992.93350
2022-01-05,2993.31860
2022-01-06,2993.52580
2022-01-07,2993.80750
2022-01-09,2994.35050
2022-01-10,2994.60060
2022-01-11,2994.91220
2022-01-12,2995.27330
2022-01-13,2995.56750
2022-01-14,2995.83690
2022-01-16,2996.37760
2022-01-17,2996.59210
2022-01-18,2996.84350
2022-01-19,2996.81530
2022-01-20,2997.06010
2022-01-21,2997.35660
2022-01-23,2997.93900
2022-01-24,2998.22630
2022-01-25,2998.49150
2022-01-26,2998.78640
2022-01-27,2999.00830
2022-01-28,2999.30720
2022-01-30,2999.90360
2022-01-31,3000.16660
2022-02-01,3000.41350
2022-02-02,3000.54210
2022-02-03,3000.85170
2022-02-04,3001.15300
2022-02-06,3001.73080
2022-02-07,3002.01920
2022-02-08,3002.32060
2022-02-09,3002.60750
2022-02-10,3003.14240
2022-02-11,3003.44940
2022-02-13,3004.01910
2022-02-14,3004.34580
2022-02-15,3004.69720
2022-02-16,3005.02630
2022-02-17,3005.31280
2022-02-18,3005.62480
2022-02-20,3006.18060
2022-02-21,3006.45580
2022-02-22,3006.70050
2022-02-23,3007.04780
2022-02-24,3007.33340
2022-02-25,3007.62030
2022-02-27,3008.19520
2022-02-28,3008.43000
2022-03-01,3008.71930
2022-03-02,3009.01730
2022-03-03,3009.23150
2022-03-04,3009.52470
2022-03-06,3010.11240
2022-03-07,3010.36060
2022-03-08,3010.63050
2022-03-09,3010.90910
2022-03-10,3011.19550
2022-03-11,3011.51070
2022-03-13,3012.12470
2022-03-14,3012.48610
2022-03-15,3012.93470
2022-03-16,3013.23490
2022-03-17,3013.57280
2022-03-20,3014.48110
2022-03-21,3014.75830
2022-03-22,3015.01880
2022-03-23,3015.30520
2022-03-24,3015.60290
2022-03-25,3015.91050
2022-03-27,3016.51260
2022-03-28,3016.81610
2022-03-29,3017.07550
2022-03-30,3017.29950
2022-03-31,3017.97320
2022-04-01,3018.28050
2022-04-03,3018.89590
2022-04-04,3019.43010
2022-04-05,3019.75180
2022-04-06,3020.10330
2022-04-07,3020.37900
2022-04-08,3020.39120
2022-04-09,3020.69070
2022-04-10,3020.99040
2022-04-11,3021.32610
2022-04-12,3021.65200
2022-04-13,3021.90110
2022-04-15,3022.50060
2022-04-17,3023.10140
2022-04-18,3023.40230
2022-04-19,3023.81000
2022-04-20,3024.16450
2022-04-21,3024.50070
2022-04-22,3024.67410
2022-04-24,3025.27910
2022-04-25,3025.59090
2022-04-26,3025.79990
2022-04-27,3026.06620
2022-04-28,3026.32000
2022-04-29,3026.45160
2022-05-01,3027.09770
2022-05-02,3027.51020
2022-05-03,3027.83850
2022-05-04,3027.05620
2022-05-05,3026.82800
2022-05-06,3027.15350
2022-05-08,3027.86510
2022-05-09,3028.12670
2022-05-10,3028.47310
2022-05-11,3028.82270
2022-05-12,3029.20340
2022-05-13,3029.48160
2022-05-15,3030.20500
2022-05-16,3030.56690
2022-05-17,3030.99890
2022-05-18,3031.37340
2022-05-19,3031.72680
2022-05-20,3032.11610
2022-05-22,3032.85620
2022-05-23,3033.20550
2022-05-24,3033.65290
2022-05-25,3033.99210
2022-05-26,3034.32030
2022-05-27,3034.66540
2022-05-29,3035.40670
2022-05-30,3035.85250
2022-05-31,3036.23260
2022-06-01,3036.54040
2022-06-02,3036.91140
2022-06-03,3037.27780
2022-06-05,3038.01890
2022-06-06,3038.35950
2022-06-07,3038.47780
2022-06-08,3039.17900
2022-06-09,3039.60880
2022-06-10,3039.99160
2022-06-12,3040.75670
2022-06-13,3041.05780
2022-06-14,3041.46690
2022-06-15,3041.79780
2022-06-16,3042.17130
2022-06-17,3042.24380
2022-06-19,3043.05020
2022-06-20,3043.51650
2022-06-21,3043.99610
2022-06-22,3044.43960
2022-06-23,3044.92090
2022-06-24,3045.32260
2022-06-26,3046.12160
2022-06-27,3046.44640
2022-06-28,3046.81600
2022-06-29,3047.21420
2022-06-30,3047.82750
2022-07-01,3048.35450
2022-07-03,3049.16370
2022-07-04,3049.62470
2022-07-05,3050.03560
2022-07-06,3050.52800
2022-07-07,3050.97940
2022-07-08,3051.33230
2022-07-10,3052.13170
2022-07-11,3052.48590
2022-07-12,3052.87570
2022-07-13,3053.29000
2022-07-14,3053.75230
2022-07-15,3054.09050
2022-07-17,3054.89810
2022-07-18,3055.27460
2022-07-19,3055.60350
2022-07-20,3055.83680
2022-07-21,3056.10120
2022-07-22,3056.40750
2022-07-24,3057.27310
2022-07-25,3057.69440
2022-07-26,3057.87210
2022-07-27,3058.05620
2022-07-28,3058.43880
2022-07-29,3058.91700
2022-07-31,3059.81930
2022-08-01,3060.46170
2022-08-02,3061.04310
2022-08-03,3061.48940
2022-08-04,3061.89100
2022-08-05,3062.22150
2022-08-07,3063.09970
2022-08-08,3063.50100
2022-08-09,3063.94590
2022-08-10,3064.39820
2022-08-11,3064.87290
2022-08-12,3065.23250
2022-08-15,3066.58480
2022-08-16,3067.03580
2022-08-17,3067.52440
2022-08-18,3068.06760
2022-08-19,3068.58950
2022-08-21,3069.50220
2022-08-22,3069.96950
2022-08-23,3070.33990
2022-08-24,3070.79620
2022-08-25,3071.24260
2022-08-26,3071.66260
2022-08-28,3072.56770
2022-08-29,3073.02500
2022-08-30,3073.42500
2022-08-31,3073.88030
2022-09-01,3074.36010
2022-09-02,3074.88490
2022-09-04,3075.77760
2022-09-05,3076.28560
2022-09-06,3076.77280
2022-09-07,3077.20750
2022-09-08,3077.62780
2022-09-09,3078.06330
2022-09-11,3078.96310
2022-09-12,3079.29630
2022-09-13,3079.67480
2022-09-14,3080.01510
2022-09-15,3080.35880
2022-09-16,3080.69940
2022-09-18,3081.66200
2022-09-19,3081.98910
2022-09-20,3082.29720
2022-09-21,3082.67530
2022-09-22,3083.13600
2022-09-23,3083.58930
2022-09-25,3084.57620
2022-09-26,3084.81590
2022-09-27,3084.86190
2022-09-28,3085.11140
2022-09-29,3085.96550
2022-09-30,3086.93520
2022-10-02,3087.94500
2022-10-03,3088.99180
2022-10-04,3089.49620
2022-10-05,3089.98060
2022-10-06,3090.44420
2022-10-07,3090.75910
2022-10-09,3091.76210
2022-10-10,3092.18110
2022-10-11,3092.33490
2022-10-12,3092.75650
2022-10-13,3093.20720
2022-10-14,3093.62350
2022-10-16,3094.67650
2022-10-17,3095.20340
2022-10-18,3095.73260
2022-10-19,3096.22700
2022-10-20,3096.74910
2022-10-21,3097.01660
2022-10-24,3098.60980
2022-10-25,3099.11820
2022-10-26,3099.65000
2022-10-27,3100.20680
2022-10-28,3100.71160
2022-10-30,3101.77950
2022-10-31,3102.29130
2022-11-01,3102.93730
2022-11-02,3103.61830
2022-11-03,3104.21940
2022-11-04,3104.67230
2022-11-06,3105.71670
2022-11-07,3106.33170
2022-11-08,3106.85320
2022-11-09,3107.34110
2022-11-10,3107.89750
2022-11-11,3108.45080
2022-11-13,3109.49610
2022-11-14,3110.05600
2022-11-15,3110.58580
2022-11-16,3111.09700
2022-11-17,3111.64640
2022-11-18,3112.18200
2022-11-20,3113.23850
2022-11-21,3113.74960
2022-11-22,3114.27560
2022-11-23,3114.82110
2022-11-24,3115.34670
2022-11-25,3115.92610
2022-11-27,3116.99050
2022-11-28,3117.57330
2022-11-29,3118.14400
2022-11-30,3118.70720
2022-12-01,3119.24710
2022-12-02,3119.74360
2022-12-04,3120.78730
2022-12-05,3121.32170
2022-12-06,3121.86890
2022-12-07,3122.37470
2022-12-08,3122.92450
2022-12-09,3123.47170
2022-12-11,3124.54220
2022-12-12,3125.09470
2022-12-13,3125.59700
2022-12-14,3126.13420
2022-12-15,3126.58840
2022-12-16,3127.07460
2022-12-18,3128.18590
2022-12-19,3128.76070
2022-12-20,3129.32340
2022-12-21,3129.97860
2022-12-22,3130.59410
2022-12-23,3131.14060
2022-12-25,3132.25260
2022-12-26,3132.76270
2022-12-27,3133.34110
2022-12-28,3133.97660
2022-12-29,3134.74010
2022-12-30,3135.53560
2023-01-01,3136.61860
2023-01-02,3137.41130
2023-01-03,3138.00000
2023-01-04,3138.50380
2023-01-05,3139.07460
2023-01-06,3139.60640
2023-01-08,3140.65190
2023-01-09,3141.16620
2023-01-10,3141.61570
2023-01-11,3142.07700
2023-01-12,3142.56880
2023-01-13,3142.90600
2023-01-15,3143.99390
2023-01-16,3144.48520
2023-01-17,3145.04330
2023-01-18,3145.55600
2023-01-19,3146.07960
2023-01-20,3146.60960
2023-01-22,3147.71470
2023-01-23,3148.21030
2023-01-24,3148.68390
2023-01-25,3149.17720
2023-01-26,3149.74020
2023-01-27,3150.32420
2023-01-29,3151.44860
2023-01-30,3151.94380
2023-01-31,3152.52500
2023-02-01,3153.14780
2023-02-02,3153.72760
2023-02-03,3154.33590
2023-02-05,3155.44570
2023-02-06,3156.03770
2023-02-07,3156.53240
2023-02-08,3157.05250
2023-02-09,3157.60920
2023-02-10,3158.17710
2023-02-12,3159.31530
2023-02-13,3159.86170
2023-02-14,3160.37850
2023-02-15,3160.84990
2023-02-16,3161.39230
2023-02-17,3161.94440
2023-02-19,3163.10790
2023-02-20,3163.59100
2023-02-21,3164.14220
2023-02-22,3164.60700
2023-02-23,3165.12680
2023-02-24,3165.60600
2023-02-26,3166.79630
2023-02-27,3167.23540
2023-02-28,3167.67220
2023-03-01,3168.24750
2023-03-02,3168.78240
2023-03-03,3169.34370
2023-03-05,3170.53710
2023-03-06,3171.09380
2023-03-07,3171.69030
2023-03-08,3172.26520
2023-03-09,3172.89570
2023-03-10,3173.79680
2023-03-12,3174.99930
2023-03-13,3175.75980
2023-03-14,3176.36490
2023-03-15,3176.80110
2023-03-16,3177.32970
2023-03-17,3177.85210
2023-03-19,3179.08930
2023-03-20,3179.75730
2023-03-21,3180.64630
2023-03-22,3181.27790
2023-03-23,3181.96640
2023-03-24,3182.44550
2023-03-26,3183.69950
2023-03-27,3183.68940
2023-03-28,3183.28940
2023-03-29,3185.40010
2023-03-30,3186.02160
2023-03-31,3187.72750
2023-04-02,3188.99130
2023-04-03,3189.89460
2023-04-04,3190.47120
2023-04-05,3191.00180
2023-04-06,3192.06940
2023-04-09,3193.81570
2023-04-10,3194.52990
2023-04-11,3195.12410
2023-04-12,3195.87800
2023-04-13,3196.46460
2023-04-14,3197.03040
2023-04-16,3198.16350
2023-04-17,3198.78670
2023-04-18,3199.29030
2023-04-19,3199.79750
2023-04-20,3200.35850
2023-04-23,3201.91490
2023-04-24,3202.42350
2023-04-25,3202.86300
2023-04-26,3203.44880
2023-04-27,3203.95920
2023-04-28,3204.39750
2023-05-01,3206.18340
2023-05-02,3206.76710
2023-05-03,3207.36350
2023-05-04,3207.99080
2023-05-05,3208.58450
2023-05-07,3209.77230
2023-05-08,3210.43390
2023-05-09,3211.03250
2023-05-10,3211.62670
2023-05-11,3212.24090
2023-05-12,3212.78700
2023-05-14,3213.99110
2023-05-15,3214.59930
2023-05-16,3215.30410
2023-05-17,3216.08050
2023-05-18,3216.78720
2023-05-19,3217.38280
2023-05-21,3218.59690
2023-05-22,3219.48670
2023-05-23,3219.99900
2023-05-24,3220.48800
2023-05-25,3221.07270
2023-05-26,3221.71130
2023-05-28,3222.85920
2023-05-29,3223.26000
2023-05-30,3223.88280
2023-05-31,3224.49790
2023-06-01,3225.17870
2023-06-02,3225.84770
2023-06-04,3227.00140
2023-06-05,3227.67230
2023-06-06,3228.21530
2023-06-07,3228.78340
2023-06-08,3229.28760
2023-06-09,3229.73840
2023-06-11,3230.89950
2023-06-12,3231.47460
2023-06-13,3231.98060
2023-06-14,3232.59990
2023-06-15,3233.30180
2023-06-16,3233.89400
2023-06-18,3235.06500
2023-06-19,3235.64000
2023-06-20,3236.29840
2023-06-21,3237.01930
2023-06-22,3237.55940
2023-06-23,3238.08390
2023-06-25,3239.25090
2023-06-26,3239.62800
2023-06-27,3240.16920
2023-06-28,3240.76380
2023-06-29,3241.35880
2023-06-30,3241.98200
2023-07-02,3243.16500
2023-07-03,3244.15530
2023-07-04,3244.80820
2023-07-05,3245.41770
2023-07-06,3245.98850
2023-07-07,3246.56090
2023-07-09,3247.72120
2023-07-10,3248.26080
2023-07-11,3248.82400
2023-07-12,3249.50700
2023-07-13,3250.18680
2023-07-14,3250.74440
2023-07-16,3251.90890
2023-07-17,3252.49510
2023-07-18,3253.08450
2023-07-19,3253.69060
2023-07-20,3254.22880
2023-07-21,3254.79950
2023-07-23,3255.96490
2023-07-24,3256.55810
2023-07-25,3257.10870
2023-07-26,3257.74310
2023-07-27,3258.32440
2023-07-28,3258.83960
2023-07-30,3260.01230
2023-07-31,3260.61780
2023-08-01,3261.24710
2023-08-02,3261.90120
2023-08-03,3262.53840
2023-08-04,3263.11910
2023-08-06,3264.29000
2023-08-07,3264.75610
2023-08-08,3265.28240
2023-08-09,3265.87090
2023-08-10,3266.30120
2023-08-11,3266.89330
2023-08-13,3268.08440
2023-08-14,3268.61340
2023-08-15,3269.21750
2023-08-16,3269.82210
2023-08-17,3270.34030
2023-08-18,3270.94310
2023-08-20,3272.14630
2023-08-21,3272.71350
2023-08-22,3273.34410
2023-08-23,3273.94420
2023-08-24,3274.56110
2023-08-25,3275.19540
2023-08-27,3276.40730
2023-08-28,3277.04690
2023-08-29,3277.64970
2023-08-30,3278.26200
2023-08-31,3278.88100
2023-09-01,3279.53430
2023-09-03,3280.72990
2023-09-04,3281.33800
2023-09-05,3281.94330
2023-09-06,3282.53530
2023-09-07,3283.09490
2023-09-08,3283.64750
2023-09-10,3284.84630
2023-09-11,3285.42730
2023-09-12,3285.89190
2023-09-13,3286.48920
2023-09-14,3287.23000
2023-09-15,3287.83810
2023-09-17,3289.05040
2023-09-18,3289.60480
2023-09-19,3290.21300
2023-09-20,3290.80690
2023-09-21,3291.45310
2023-09-22,3292.06230
2023-09-24,3293.27990
2023-09-25,3293.87030
2023-09-26,3294.24160
2023-09-27,3294.95630
2023-09-28,3295.53730
2023-09-29,3296.54230
2023-10-02,3298.36360
2023-10-03,3299.03820
2023-10-04,3299.63710
2023-10-05,3300.22970
2023-10-06,3300.68670
2023-10-08,3301.90000
2023-10-09,3302.49350
2023-10-10,3303.06980
2023-10-11,3303.63770
2023-10-12,3304.26640
2023-10-13,3304.84090
2023-10-15,3306.07170
2023-10-16,3306.67220
2023-10-17,3307.30030
2023-10-18,3307.99850
2023-10-19,3308.44400
2023-10-20,3308.92140
2023-10-22,3310.16040
2023-10-23,3310.74880
2023-10-24,3311.36930
2023-10-25,3311.94250
2023-10-26,3312.55320
2023-10-27,3313.17630
2023-10-29,3314.42750
2023-10-30,3315.03880
2023-10-31,3315.65530
2023-11-01,3316.33510
2023-11-02,3317.02740
2023-11-03,3317.63170
2023-11-05,3318.88300
2023-11-06,3319.53280
2023-11-07,3320.13590
2023-11-08,3320.75100
2023-11-09,3321.30420
2023-11-10,3321.86690
2023-11-12,3323.13150
2023-11-13,3323.82010
2023-11-14,3324.45610
2023-11-15,3325.12420
2023-11-16,3325.71520
2023-11-17,3326.32800
2023-11-19,3327.58930
2023-11-20,3328.20090
2023-11-21,3328.80880
2023-11-22,3329.43670
2023-11-23,3330.02570
2023-11-24,3330.61890
2023-11-27,3332.53370
2023-11-28,3333.15340
2023-11-29,3333.74700
2023-11-30,3334.35730
2023-12-01,3334.90540
2023-12-03,3336.19410
2023-12-04,3336.76330
2023-12-05,3337.45040
2023-12-06,3338.13440
2023-12-07,3338.82910
2023-12-08,3339.41930
2023-12-10,3340.70530
2023-12-11,3341.22830
2023-12-12,3341.67830
2023-12-13,3342.35460
2023-12-14,3342.92110
2023-12-15,3343.42540
2023-12-17,3344.74400
2023-12-18,3345.27150
2023-12-19,3346.05240
2023-12-20,3346.73180
2023-12-21,3347.38550
2023-12-22,3348.01450
2023-12-25,3350.00750
2023-12-26,3350.58180
2023-12-27,3351.07120
2023-12-28,3351.97090
2023-12-29,3353.28930
2023-12-30,3353.93910
2023-12-31,3354.59150
2024-01-01,3355.49580
2024-01-02,3356.28180
2024-01-03,3356.98430
2024-01-04,3357.74320
2024-01-05,3358.42150
2024-01-07,3359.70110
2024-01-08,3360.43650
2024-01-09,3361.21150
2024-01-10,3361.85170
2024-01-11,3362.50240
2024-01-12,3363.14880
2024-01-14,3364.44810
2024-01-15,3365.05620
2024-01-16,3365.62950
2024-01-17,3366.21140
2024-01-18,3366.81360
2024-01-19,3367.38820
2024-01-20,3368.03540
2024-01-21,3368.68260
2024-01-22,3369.33110
2024-01-23,3369.84970
2024-01-24,3370.35920
2024-01-25,3370.90670
2024-01-28,3372.90760
2024-01-29,3373.61050
2024-01-30,3374.24700
2024-01-31,3374.91750
2024-02-01,3375.60360
2024-02-02,3376.35660
2024-02-04,3377.67180
2024-02-05,3378.37320
2024-02-06,3378.99010
2024-02-07,3379.63010
2024-02-08,3380.23180
2024-02-09,3380.87380
2024-02-11,3382.19300
2024-02-12,3382.79870
2024-02-13,3383.49230
2024-02-14,3384.17760
2024-02-15,3384.97500
2024-02-16,3385.71690
2024-02-18,3387.04880
2024-02-19,3387.71510
2024-02-20,3388.44810
2024-02-21,3389.21800
2024-02-22,3390.07990
2024-02-23,3390.73770
2024-02-25,3392.05590
2024-02-26,3392.66660
2024-02-27,3393.38690
2024-02-28,3394.06360
2024-02-29,3394.80730
2024-03-01,3395.49150
2024-03-03,3396.81320
2024-03-04,3397.51790
2024-03-05,3398.20370
2024-03-06,3398.85980
2024-03-07,3399.59330
2024-03-10,3401.59670
2024-03-11,3402.27600
2024-03-12,3403.06170
2024-03-13,3403.81350
2024-03-14,3404.33990
2024-03-15,3404.88460
2024-03-17,3406.24620
2024-03-18,3406.92550
2024-03-19,3407.58910
2024-03-20,3408.17130
2024-03-21,3408.66290
2024-03-22,3409.11780
2024-03-25,3411.20110
2024-03-26,3411.48400
2024-03-27,3412.05130
2024-03-28,3414.68870
2024-03-29,3415.35790
2024-03-31,3416.69650
2024-04-01,3417.36730
2024-04-02,3419.17220
2024-04-03,3419.87790
2024-04-04,3420.59670
2024-04-05,3421.36850
2024-04-07,3422.64640
2024-04-08,3423.65590
2024-04-09,3424.28790
2024-04-10,3425.31180
2024-04-11,3425.96090
2024-04-12,3426.62880
2024-04-14,3427.88190
2024-04-15,3428.64840
2024-04-16,3429.38350
2024-04-17,3430.00610
2024-04-18,3430.61890
2024-04-19,3431.12800
2024-04-21,3432.37740
2024-04-22,3432.98150
2024-04-23,3433.64080
2024-04-24,3434.19180
2024-04-25,3434.56590
2024-04-26,3435.01600
2024-04-28,3436.32440
2024-04-29,3436.90110
2024-04-30,3437.43850
2024-05-01,3438.08800
2024-05-02,3438.86150
2024-05-03,3439.61060
2024-05-05,3440.89730
2024-05-06,3441.53700
2024-05-07,3442.04170
2024-05-08,3442.45340
2024-05-09,3442.98700
2024-05-10,3443.52420
2024-05-12,3444.85360
2024-05-13,3445.51010
2024-05-14,3446.26060
2024-05-15,3447.02270
2024-05-16,3447.71880
2024-05-17,3448.39970
2024-05-18,3449.04970
2024-05-20,3450.35060
2024-05-21,3451.37410
2024-05-22,3452.08640
2024-05-23,3452.73320
2024-05-24,3453.39660
2024-05-26,3454.68700
2024-05-27,3455.32810
2024-05-28,3455.99670
2024-05-29,3456.65350
2024-05-30,3457.30300
2024-05-31,3457.92920
2024-06-02,3459.24250
2024-06-03,3459.97660
2024-06-04,3460.58120
2024-06-05,3461.26450
2024-06-06,3461.96510
2024-06-07,3462.61050
2024-06-09,3463.90680
2024-06-10,3464.57080
2024-06-11,3465.22730
2024-06-12,3465.91020
2024-06-13,3466.50700
2024-06-14,3467.10550
2024-06-17,3469.08390
2024-06-18,3469.71230
2024-06-19,3470.38010
2024-06-20,3471.05290
2024-06-21,3471.70440
2024-06-23,3473.01230
2024-06-24,3473.63840
2024-06-25,3474.10430
2024-06-26,3474.66300
2024-06-27,3475.28040
2024-06-28,3476.20790
2024-06-30,3477.53690
2024-07-01,3478.64970
2024-07-02,3479.68610
2024-07-03,3480.41330
2024-07-04,3481.02340
2024-07-05,3481.55980
2024-07-07,3482.85840
2024-07-08,3483.42000
2024-07-09,3484.09530
2024-07-10,3484.76850
2024-07-11,3485.52930
2024-07-12,3486.22900
2024-07-14,3487.52220
2024-07-15,3488.25070
2024-07-16,3488.87530
2024-07-17,3489.52210
2024-07-18,3490.23240
2024-07-19,3490.88940
2024-07-21,3492.17860
2024-07-22,3492.85480
2024-07-23,3493.47160
2024-07-24,3494.12330
2024-07-25,3494.79230
2024-07-26,3495.41660
2024-07-28,3496.71590
2024-07-29,3497.35480
2024-07-30,3498.04040
2024-07-31,3498.70950
2024-08-01,3499.36530
2024-08-02,3499.96380
2024-08-04,3501.29020
2024-08-05,3501.99280
2024-08-06,3502.59950
2024-08-07,3503.28850
2024-08-08,3503.94320
2024-08-09,3504.57760
2024-08-11,3505.91470
2024-08-12,3506.55940
2024-08-13,3507.20730
2024-08-14,3507.90140
2024-08-15,3508.57610
2024-08-16,3509.25800
2024-08-18,3510.57120
2024-08-19,3511.21700
2024-08-20,3511.92980
2024-08-21,3512.58970
2024-08-22,3513.26560
2024-08-23,3513.92370
2024-08-25,3515.22850
2024-08-26,3515.88590
2024-08-27,3516.54120
2024-08-28,3517.18620
2024-08-29,3517.82090
2024-08-30,3518.46710
2024-09-01,3519.78970
2024-09-02,3520.48760
2024-09-03,3521.14410
2024-09-04,3521.81360
2024-09-05,3522.43420
2024-09-06,3523.04410
2024-09-08,3524.38160
2024-09-09,3525.02530
2024-09-10,3525.63970
2024-09-11,3526.29290
2024-09-12,3526.94410
2024-09-13,3527.64210
2024-09-15,3528.99810
2024-09-16,3529.66570
2024-09-17,3530.39130
2024-09-18,3531.06610
2024-09-19,3531.84600
2024-09-20,3532.57200
2024-09-22,3533.92160
2024-09-23,3534.64450
2024-09-24,3535.36960
2024-09-25,3535.97280
2024-09-26,3536.71380
2024-09-27,3537.39080
2024-09-29,3538.74680
2024-09-30,3539.92850
2024-10-01,3540.79860
2024-10-02,3541.46100
2024-10-03,3542.32400
2024-10-04,3543.09080
2024-10-06,3544.39890
2024-10-07,3545.05400
2024-10-08,3545.74410
2024-10-09,3546.48760
2024-10-10,3547.17070
2024-10-11,3547.88420
2024-10-13,3549.19290
2024-10-14,3549.78270
2024-10-15,3550.35660
2024-10-16,3551.03210
2024-10-17,3551.64590
2024-10-18,3552.28480
2024-10-20,3553.61110
2024-10-21,3554.25070
2024-10-22,3554.80460
2024-10-23,3555.49640
2024-10-24,3556.14650
2024-10-25,3556.82290
2024-10-27,3558.15200
2024-10-28,3558.76450
2024-10-29,3559.44330
2024-10-30,3560.13290
2024-10-31,3560.86670
2024-11-03,3562.87570
2024-11-04,3563.59370
2024-11-05,3564.46140
2024-11-06,3565.15450
2024-11-07,3565.82490
2024-11-08,3566.50170
2024-11-10,3567.81520
2024-11-11,3568.47220
2024-11-12,3569.13680
2024-11-13,3569.82330
2024-11-14,3570.54030
2024-11-15,3571.19790
2024-11-17,3572.51340
2024-11-18,3573.14610
2024-11-19,3573.84880
2024-11-20,3574.50920
2024-11-21,3575.12090
2024-11-22,3575.75770
2024-11-23,3576.42710
2024-11-24,3577.09670
2024-11-25,3577.78440
2024-11-26,3578.41780
2024-11-27,3579.07010
2024-11-28,3579.68220
2024-11-29,3580.39380
2024-12-01,3581.73720
2024-12-02,3582.41570
2024-12-03,3583.02320
2024-12-04,3583.71300
2024-12-05,3584.45590
2024-12-06,3585.23730
2024-12-08,3586.57930
2024-12-09,3587.24250
2024-12-10,3587.88080
2024-12-11,3588.50190
2024-12-12,3589.08030
2024-12-13,3589.50550
2024-12-14,3590.18790
2024-12-15,3590.87020
2024-12-16,3591.59730
2024-12-17,3592.25490
2024-12-18,3592.88140
2024-12-19,3593.42310
2024-12-20,3594.05370
2024-12-22,3595.43540
2024-12-23,3595.82650
2024-12-24,3596.05860
2024-12-25,3596.76240
2024-12-26,3597.37100
2024-12-27,3598.02610
2024-12-29,3599.43890
2024-12-30,3600.22190
2024-12-31,3602.00860
2025-01-01,3602.86040
2025-01-02,3603.83590
2025-01-03,3604.43110
2025-01-05,3605.77870
2025-01-06,3606.49640
2025-01-07,3607.13360
2025-01-08,3607.49530
2025-01-09,3607.95030
2025-01-10,3608.63740
2025-01-12,3610.02750
2025-01-13,3610.74340
2025-01-14,3611.46620
2025-01-15,3612.25140
2025-01-16,3613.05950
2025-01-17,3613.73160
2025-01-19,3615.10060
2025-01-20,3615.76630
2025-01-21,3616.45450
2025-01-22,3617.04050
2025-01-23,3617.71460
2025-01-24,3618.32670
2025-01-26,3619.72090
2025-01-27,3620.44620
2025-01-28,3621.21990
2025-01-29,3621.98220
2025-01-30,3622.66850
2025-01-31,3623.36260
2025-02-02,3624.75880
2025-02-03,3625.44800
2025-02-04,3626.23450
2025-02-05,3627.12840
2025-02-06,3628.02130
2025-02-07,3628.67000
2025-02-09,3630.02970
2025-02-10,3630.65690
2025-02-11,3631.43390
2025-02-12,3632.20490
2025-02-13,3632.88590
2025-02-14,3633.55130
2025-02-15,3634.23010
2025-02-16,3634.90910
2025-02-17,3635.55210
2025-02-18,3636.21860
2025-02-19,3636.89720
2025-02-20,3637.53320
2025-02-21,3638.26050
2025-02-23,3639.61990
2025-02-24,3640.40570
2025-02-25,3641.04030
2025-02-26,3641.72030
2025-02-27,3642.25760
2025-02-28,3642.92930
2025-03-02,3644.31710
2025-03-03,3644.85620
2025-03-04,3645.50380
2025-03-05,3646.08800
2025-03-06,3646.75940
2025-03-07,3647.15500
2025-03-08,3647.85680
2025-03-09,3648.55920
2025-03-10,3649.21680
2025-03-11,3649.72400
2025-03-12,3650.36740
2025-03-13,3651.07170
2025-03-14,3651.78810
2025-03-16,3653.22120
2025-03-17,3653.81380
2025-03-18,3654.40230
2025-03-19,3655.06710
2025-03-20,3655.83380
2025-03-21,3656.77690
2025-03-23,3658.24130
2025-03-24,3659.42470
2025-03-25,3660.36620
2025-03-26,3661.42210
2025-03-27,3661.50580
2025-03-28,3665.20740
2025-03-30,3666.57390
2025-03-31,3667.25070
2025-04-01,3667.92780
2025-04-02,3670.02930
2025-04-03,3671.54080
2025-04-04,3672.27810
2025-04-06,3673.52830
2025-04-07,3673.98900
2025-04-08,3674.83750
2025-04-09,3675.78870
2025-04-10,3676.40540
2025-04-11,3677.02290
2025-04-13,3678.25390
2025-04-14,3678.87000
2025-04-15,3679.62740
2025-04-16,3680.25620
2025-04-17,3680.85900
2025-04-18,3681.47410
2025-04-20,3682.70540
2025-04-21,3683.30750
2025-04-22,3683.95020
2025-04-23,3684.55240
2025-04-24,3685.15330
2025-04-25,3685.70460
2025-04-27,3686.94840
2025-04-28,3687.38490
2025-04-29,3687.82250
2025-04-30,3688.54390
2025-05-01,3689.17840
2025-05-02,3689.83290
2025-05-04,3691.08450
2025-05-05,3691.77390
2025-05-06,3692.37190
2025-05-07,3692.87860
2025-05-08,3693.41190
2025-05-09,3693.83760
2025-05-11,3695.12160
2025-05-12,3695.76350
2025-05-13,3696.68290
2025-05-14,3697.36660
2025-05-15,3697.98680
2025-05-16,3698.67740
2025-05-18,3699.93650
2025-05-19,3700.71940
2025-05-20,3701.41290
2025-05-21,3702.25010
2025-05-22,3703.05270
2025-05-23,3703.78520
2025-05-25,3705.06770
2025-05-26,3705.77380
2025-05-27,3706.37730
2025-05-28,3707.14340
2025-05-29,3707.74380
2025-05-30,3708.45360
2025-06-01,3709.68350
2025-06-02,3710.35600
2025-06-03,3711.05670
2025-06-04,3711.64500
2025-06-05,3712.29100
2025-06-06,3714.26800
2025-06-08,3715.40270
2025-06-09,3716.02810
2025-06-10,3716.60930
2025-06-11,3717.01650
2025-06-12,3717.38560
2025-06-13,3717.86550
2025-06-15,3719.07200
2025-06-16,3719.51060
2025-06-17,3720.12680
2025-06-18,3720.64760
2025-06-19,3721.34350
2025-06-20,3721.95840
2025-06-22,3723.11380
2025-06-23,3723.79120
2025-06-24,3724.41810
2025-06-25,3724.79150
2025-06-26,3725.24070
2025-06-27,3725.66480
2025-06-29,3726.84370
2025-06-30,3727.98450
2025-07-01,3728.94250
2025-07-02,3729.75560
2025-07-03,3730.53130
2025-07-04,3731.15020
2025-07-06,3732.27070
2025-07-07,3733.04470
2025-07-08,3733.56930
2025-07-09,3733.97620
2025-07-10,3734.49840
2025-07-11,3734.95340
2025-07-13,3736.07970
2025-07-14,3736.81420
2025-07-15,3737.32330
2025-07-16,3737.94970
2025-07-17,3738.55090
2025-07-18,3739.05810
2025-07-20,3740.17770
2025-07-21,3740.68160
2025-07-22,3741.24820
2025-07-23,3741.81410
2025-07-24,3742.33670
2025-07-25,3742.84370
2025-07-26,3743.41310
2025-07-28,3744.51100
2025-07-29,3745.01840
2025-07-30,3745.44610
2025-07-31,3746.07160
2025-08-01,3746.65770
2025-08-03,3747.81450
2025-08-04,3748.39760
2025-08-05,3748.95390
2025-08-06,3749.47680
2025-08-07,3750.06960
2025-08-08,3750.55600
2025-08-10,3751.69690
2025-08-11,3752.19660
2025-08-12,3752.78360
2025-08-13,3753.39660
2025-08-14,3754.03880
2025-08-15,3754.60810
2025-08-17,3755.74700
2025-08-18,3756.36840
2025-08-19,3756.95470
2025-08-20,3757.54780
2025-08-21,3758.11600
2025-08-22,3758.67510
2025-08-24,3759.81370
2025-08-25,3760.40090
2025-08-26,3760.88730
2025-08-27,3761.45670
2025-08-28,3761.91570
2025-08-29,3762.50420
2025-08-31,3763.66170
2025-09-01,3764.23430
2025-09-02,3764.71500
2025-09-03,3765.29040
2025-09-04,3765.85830
2025-09-05,3766.42690
2025-09-07,3767.57180
2025-09-08,3768.14510
2025-09-09,3768.60700
2025-09-10,3769.08440
2025-09-11,3769.63080
2025-09-12,3770.16890
2025-09-14,3771.34400
2025-09-15,3771.97790
2025-09-16,3772.75260
2025-09-17,3773.44270
2025-09-18,3774.07760
2025-09-19,3774.62620
2025-09-21,3775.81520
2025-09-22,3776.32140
2025-09-23,3776.84830
2025-09-24,3777.37020
2025-09-25,3777.56070
2025-09-26,3778.04430
2025-09-28,3779.25240
2025-09-30,3781.31550
2025-10-01,3782.07860
2025-10-02,3782.66280
2025-10-03,3783.38730
2025-10-05,3784.54520
2025-10-06,3785.16930
2025-10-07,3785.70790
2025-10-08,3786.24340
2025-10-09,3786.67940
2025-10-10,3787.19850
2025-10-12,3788.36690
2025-10-13,3788.95270
2025-10-14,3789.52060
2025-10-15,3790.15120
2025-10-16,3790.66420
2025-10-17,3791.16160
2025-10-19,3792.34350
2025-10-20,3792.96960
2025-10-21,3793.55780
2025-10-22,3794.14570
2025-10-23,3794.78380
2025-10-24,3795.34720
2025-10-26,3796.51960
2025-10-27,3797.08920
2025-10-28,3797.64050
2025-10-29,3798.16400
2025-10-30,3798.70790
2025-10-31,3799.32200
2025-11-02,3800.51320
2025-11-03,3801.26530
2025-11-04,3801.90380
2025-11-05,3802.49070
2025-11-06,3803.07120
2025-11-07,3803.72650
2025-11-09,3804.94840
2025-11-10,3805.52400
2025-11-11,3806.17220
2025-11-12,3806.78160
2025-11-13,3807.43040
2025-11-14,3808.01090
2025-11-16,3809.18890
2025-11-17,3809.75980
2025-11-18,3810.41140
2025-11-19,3811.01490
2025-11-20,3811.56740
2025-11-21,3812.15440
2025-11-23,3813.34040
2025-11-24,3813.94790
2025-11-25,3814.58320
2025-11-26,3815.18010
2025-11-27,3815.74550
2025-11-28,3816.34190
2025-11-30,3817.54500
2025-12-01,3818.09560
2025-12-02,3818.64020
2025-12-03,3819.16950
2025-12-04,3819.68090
2025-12-05,3820.71710
2025-12-07,3821.90320
2025-12-08,3822.47150
2025-12-09,3822.82670
2025-12-10,3823.17990
2025-12-11,3823.70390
2025-12-12,3824.25290
2025-12-14,3825.46130
2025-12-15,3825.96760
2025-12-16,3826.44130
2025-12-17,3827.17080
2025-12-18,3827.81730
2025-12-19,3828.42290
2025-12-21,3829.63990
2025-12-22,3830.30700
2025-12-23,3830.89920
2025-12-24,3831.69810
2025-12-25,3832.30290
2025-12-26,3832.76540
2025-12-28,3833.99170
2025-12-29,3834.57500
2025-12-30,3834.62990
2025-12-31,3836.75890
2026-01-01,3837.44190
2026-01-02,3837.94080
2026-01-04,3839.14040
2026-01-05,3839.77690
2026-01-06,3840.44870
2026-01-07,3840.69020
2026-01-08,3840.94980
2026-01-09,3841.37370
2026-01-10,3842.06490
2026-01-11,3842.68140
2026-01-12,3843.26680
2026-01-13,3843.71190
2026-01-14,3844.27920
2026-01-15,3844.90900
2026-01-16,3845.33770
2026-01-18,3846.60430
2026-01-19,3846.73470
2026-01-20,3846.99410
2026-01-21,3847.48540
2026-01-22,3848.34980
2026-01-23,3848.83780
2026-01-26,3850.82600
2026-01-27,3851.53340
2026-01-28,3852.08050
2026-01-29,3852.55570
2026-01-30,3853.17510
2026-02-01,3854.56320
2026-02-02,3855.60630
2026-02-03,3856.83430
2026-02-04,3858.03840
2026-02-05,3858.73220
2026-02-06,3859.33240
2026-02-08,3860.57270
2026-02-09,3861.12460
2026-02-10,3861.84320
2026-02-11,3862.59230
2026-02-12,3863.47550
2026-02-13,3864.34880
2026-02-14,3864.96880
2026-02-15,3865.58900
2026-02-16,3866.15840
2026-02-17,3866.74980
2026-02-18,3867.21890
2026-02-19,3867.85620
2026-02-20,3868.52850
2026-02-21,3869.15910
2026-02-22,3869.79020
2026-02-23,3870.42630
2026-02-24,3870.99480
2026-02-25,3871.62610
2026-02-26,3872.17360
2026-02-27,3872.87180
2026-02-28,3873.52860
2026-03-01,3874.18480
2026-03-02,3874.61840
2026-03-03,3875.25930
2026-03-04,3875.78960
2026-03-05,3876.22060
2026-03-06,3876.76230
2026-03-08,3878.08360
2026-03-09,3878.42070
2026-03-10,3879.13990
2026-03-11,3879.71890
2026-03-12,3880.00980
2026-03-13,3880.24550
2026-03-14,3880.95900
2026-03-15,3881.67290
2026-03-16,3881.76490
2026-03-17,3882.81820
2026-03-18,3883.63920
2026-03-19,3884.36970
2026-03-20,3884.84880
2026-03-21,3885.59340
2026-03-22,3886.33830
2026-03-23,3886.06730
2026-03-24,3886.31930
2026-03-25,3887.05970
2026-03-26,3887.83340
2026-03-27,3888.83910
2026-03-29,3890.43410
2026-03-30,3892.64000
2026-03-31,3893.40430
2026-04-01,3894.16910
2026-04-02,3899.49280
2026-04-03,3900.13490
2026-04-05,3901.42050
2026-04-06,3902.64890
2026-04-07,3903.46910
2026-04-08,3904.80820
2026-04-09,3906.28560
2026-04-10,3907.40860
2026-04-11,3908.09920
2026-04-12,3908.71130
2026-04-13,3909.84590
2026-04-14,3910.43990
2026-04-15,3911.47570
2026-04-16,3912.23090
2026-04-17,3912.71930
2026-04-19,3913.89260
2026-04-20,3914.51750
2026-04-21,3914.96690
2026-04-22,3915.34320
2026-04-23,3915.74610
2026-04-24,3916.19370
2026-04-25,3916.80030
2026-04-26,3917.40760
2026-04-27,3917.51240
2026-04-28,3917.94840
2026-04-29,3918.43980
2026-04-30,3918.75370
2026-05-02,3920.05300
2026-05-03,3920.70330
2026-05-04,3921.35620
2026-05-05,3921.88630
2026-05-06,3922.51930
2026-05-07,3923.14080
2026-05-08,3923.78660
2026-05-09,3924.43300
2026-05-10,3925.07940
2026-05-11,3925.53590
2026-05-12,3926.00770
2026-05-13,3926.46160
2026-05-14,3926.70240
2026-05-15,3927.27660
2026-05-16,3927.94000
2026-05-17,3928.60410
2026-05-18,3929.09080
2026-05-19,3929.61510
2026-05-20,3930.13730
2026-05-21,3930.50420
2026-05-22,3931.10840
2026-05-23,3931.79400
2026-05-24,3932.47970
2026-05-25,3933.01070
2026-05-26,3933.52570
2026-05-27,3934.34430
2026-05-28,3935.05830
2026-05-29,3936.30430
2026-05-30,3937.00200
2026-05-31,3937.70010
2026-06-01,3938.57090
2026-06-02,3939.11530
2026-06-03,3939.69700
2026-06-04,3940.59860
2026-06-05,3941.85600
2026-06-06,3942.55840
2026-06-07,3943.26060
2026-06-08,3944.25480
2026-06-09,3945.84440
2026-06-10,3946.63390
2026-06-11,3947.41290
2026-06-12,3948.32450
2026-06-13,3949.00140
2026-06-14,3949.67870
2026-06-15,3951.13730
2026-06-16,3952.49040
2026-06-17,3952.96790
2026-06-18,3953.75970
2026-06-19,3954.38930
2026-06-20,3955.05240
2026-06-21,3955.71570
2026-06-22,3956.30830
2026-06-23,3956.84790
2026-06-24,3957.55760
2026-06-25,3958.45850
2026-06-26,3959.12730
2026-06-28,3960.46600
2026-06-29,3960.86000
2026-06-30,3963.62320
2026-07-01,3965.13220
2026-07-02,3965.96100
2026-07-03,3966.57610
2026-07-04,3967.20630
2026-07-05,3967.83650
2026-07-06,3967.56830
2026-07-07,3967.53940
2026-07-08,3967.86160
2026-07-09,3968.81120
2026-07-10,3970.01760
2026-07-11,3970.67020
2026-07-12,3971.32350
2026-07-13,3971.95410
2026-07-14,3971.93180
2026-07-15,3972.38600
2026-07-16,3973.20650
2026-07-17,3974.41020
2026-07-19,3975.73400
2026-07-20,3976.18050
2026-07-21,3976.79430
2026-07-22,3977.12830
2026-07-23,3977.95740
2026-07-24,3978.87170
2026-07-26,3980.19080
2026-07-27,3980.77460
2026-07-28,3981.30180
2026-07-29,3981.98570
2026-07-30,3982.61970
2026-07-31,3983.66320
2026-08-02,3984.99910
2026-08-03,3985.87360
2026-08-04,3986.67320
2026-08-05,3987.55480
2026-08-06,3988.33260
2026-08-07,3989.08140
2026-08-09,3990.37890
2026-08-10,3991.20590
2026-08-11,3991.94230
2026-08-12,3992.44330
2026-08-13,3993.24940
2026-08-14,3993.93600
2026-08-16,3995.23490
2026-08-17,3995.84140
2026-08-18,3996.38110
2026-08-19,3997.04820
2026-08-20,3997.49190
2026-08-21,3997.99900
2026-08-23,3999.32840
2026-08-24,4000.04390
2026-08-25,4000.81400
2026-08-26,4001.46960
2026-08-27,4002.31740
2026-08-28,4003.04360
2026-08-30,4004.36440
2026-08-31,4005.14060
2026-09-01,4006.11840
2026-09-02,4007.34000
2026-09-03,4008.69210
2026-09-04,4009.55450
2026-09-06,4010.69340
2026-09-07,4011.20270
2026-09-08,4011.80050
2026-09-09,4012.47160
2026-09-10,4013.11810
2026-09-11,4013.43990
