Date,NAV
2006-04-03,10.29000
2006-04-04,10.35000
2006-04-05,10.37000
2006-04-07,10.33000
2006-04-10,10.38000
2006-04-12,10.30000
2006-04-13,10.26000
2006-04-17,10.35000
2006-04-18,10.42000
2006-04-19,10.41000
2006-04-20,10.43000
2006-04-21,10.45000
2006-04-24,10.43000
2006-04-25,10.36000
2006-04-26,10.41000
2006-04-27,10.37000
2006-04-28,10.35000
2006-05-02,10.43000
2006-05-03,10.45000
2006-05-04,10.50000
2006-05-05,10.51000
2006-05-08,10.55000
2006-05-09,10.55000
2006-05-10,10.60000
2006-05-11,10.52000
2006-05-12,10.49000
2006-05-15,10.39000
2006-05-16,10.37000
2006-05-17,10.45000
2006-05-18,10.27000
2006-05-19,10.14000
2006-05-22,9.94000
2006-05-23,10.14000
2006-05-24,10.05000
2006-05-25,10.09000
2006-05-26,10.18000
2006-05-29,10.20000
2006-05-30,10.13000
2006-05-31,9.96000
2006-06-01,9.80000
2006-06-02,9.91000
2006-06-05,9.82000
2006-06-06,9.65000
2006-06-07,9.41000
2006-06-08,8.98000
2006-06-09,9.31000
2006-06-12,9.12000
2006-06-13,8.87000
2006-06-14,8.80000
2006-06-15,9.22000
2006-06-16,9.47000
2006-06-18,9.47000
2006-06-19,9.55000
2006-06-20,9.50000
2006-06-21,9.65000
2006-06-22,9.82000
2006-06-23,9.88000
2006-06-26,9.58000
2006-06-27,9.61000
2006-06-28,9.58000
2006-06-29,9.57000
2006-06-30,9.79000
2006-07-03,9.83000
2006-07-04,9.86000
2006-07-05,9.98000
2006-07-06,9.93000
2006-07-07,9.76000
2006-07-10,9.88000
2006-07-11,9.83000
2006-07-12,9.89000
2006-07-13,9.88000
2006-07-14,9.80000
2006-07-17,9.55000
2006-07-18,9.47000
2006-07-19,9.33000
2006-07-20,9.53000
2006-07-21,9.39000
2006-07-24,9.49000
2006-07-25,9.62000
2006-07-26,9.78000
2006-07-27,9.84000
2006-07-28,9.83000
2006-07-31,9.87000
2006-08-01,9.85000
2006-08-02,9.97000
2006-08-03,10.04000
2006-08-04,10.01000
2006-08-07,10.00000
2006-08-08,10.11000
2006-08-09,10.22000
2006-08-10,10.24000
2006-08-11,10.28000
2006-08-14,10.50000
2006-08-16,10.60000
2006-08-17,10.57000
2006-08-18,10.66000
2006-08-21,10.74000
2006-08-22,10.71000
2006-08-23,10.61000
2006-08-24,10.65000
2006-08-25,10.74000
2006-08-28,10.77000
2006-08-29,10.78000
2006-08-30,10.82000
2006-08-31,10.78000
2006-09-01,10.91000
2006-09-04,11.07000
2006-09-05,11.06000
2006-09-06,11.11000
2006-09-07,11.11000
2006-09-08,11.13000
2006-09-10,11.13000
2006-09-11,10.83000
2006-09-12,10.91000
2006-09-13,11.12000
2006-09-14,11.15000
2006-09-15,11.15000
2006-09-18,11.24000
2006-09-19,11.08000
2006-09-20,11.16000
2006-09-21,11.22000
2006-09-22,11.16000
2006-09-25,11.14000
2006-09-26,11.23000
2006-09-27,11.28000
2006-09-28,11.30000
2006-09-29,11.38000
2006-10-03,11.34000
2006-10-04,11.25000
2006-10-05,11.34000
2006-10-06,11.40000
2006-10-09,11.41000
2006-10-10,11.44000
2006-10-11,11.34000
2006-10-12,11.50000
2006-10-13,11.53000
2006-10-16,11.60000
2006-10-17,11.49000
2006-10-18,11.45000
2006-10-19,11.40000
2006-10-20,11.39000
2006-10-23,11.43000
2006-10-26,11.44000
2006-10-27,11.52000
2006-10-30,11.52000
2006-10-31,11.48000
2006-11-01,11.52000
2006-11-02,11.61000
2006-11-03,11.65000
2006-11-06,11.63000
2006-11-07,11.57000
2006-11-08,11.52000
2006-11-09,11.55000
2006-11-10,11.56000
2006-11-13,11.65000
2006-11-14,11.63000
2006-11-15,11.64000
2006-11-16,11.62000
2006-11-17,11.59000
2006-11-20,11.56000
2006-11-21,11.69000
2006-11-22,11.74000
2006-11-23,11.78000
2006-11-24,11.78000
2006-11-27,11.83000
2006-11-28,11.73000
2006-11-29,11.71000
2006-11-30,11.74000
2006-12-01,11.87000
2006-12-04,11.89000
2006-12-05,11.89000
2006-12-06,11.84000
2006-12-07,11.82000
2006-12-08,11.73000
2006-12-11,11.41000
2006-12-12,11.05000
2006-12-13,11.20000
2006-12-14,11.38000
2006-12-15,11.44000
2006-12-18,11.58000
2006-12-19,11.40000
2006-12-20,11.37000
2006-12-21,11.38000
2006-12-22,11.49000
2006-12-26,11.66000
2006-12-27,11.79000
2006-12-28,11.82000
2006-12-29,11.85000
2007-01-02,12.07000
2007-01-03,12.18000
2007-01-04,12.24000
2007-01-05,12.24000
2007-01-08,12.21000
2007-01-09,12.13000
2007-01-10,11.95000
2007-01-11,12.15000
2007-01-12,12.32000
2007-01-15,12.50000
2007-01-16,12.47000
2007-01-17,12.51000
2007-01-18,12.57000
2007-01-19,12.52000
2007-01-22,12.67000
2007-01-23,12.54000
2007-01-24,12.60000
2007-01-25,12.75000
2007-01-29,12.71000
2007-01-31,12.56000
2007-02-01,12.63000
2007-02-02,12.70000
2007-02-05,12.77000
2007-02-06,12.80000
2007-02-07,12.88000
2007-02-08,12.84000
2007-02-09,12.70000
2007-02-12,12.36000
2007-02-13,12.34000
2007-02-14,12.30000
2007-02-15,12.45000
2007-02-19,12.50000
2007-02-20,12.38000
2007-02-21,12.34000
2007-02-22,12.20000
2007-02-23,11.90000
2007-02-26,11.93000
2007-02-27,11.82000
2007-02-28,11.48000
2007-03-01,11.52000
2007-03-02,11.42000
2007-03-05,10.90000
2007-03-06,11.00000
2007-03-07,10.87000
2007-03-08,11.20000
2007-03-09,11.11000
2007-03-12,11.20000
2007-03-13,11.26000
2007-03-14,10.99000
2007-03-15,11.01000
2007-03-16,10.95000
2007-03-19,11.11000
2007-03-20,11.27000
2007-03-21,11.39000
2007-03-22,11.64000
2007-03-23,11.56000
2007-03-26,11.49000
2007-03-28,11.32000
2007-03-29,11.41000
2007-03-30,11.47000
2007-04-02,11.04000
2007-04-03,11.13000
2007-04-04,11.27000
2007-04-05,11.37000
2007-04-09,11.55000
2007-04-10,11.67000
2007-04-11,11.69000
2007-04-12,11.55000
2007-04-13,11.72000
2007-04-16,11.95000
2007-04-17,11.92000
2007-04-18,11.93000
2007-04-19,11.90000
2007-04-20,12.11000
2007-04-23,12.14000
2007-04-24,12.34000
2007-04-25,12.43000
2007-04-26,12.46000
2007-04-27,12.27000
2007-04-30,12.36000
2007-05-03,12.50000
2007-05-04,12.50000
2007-05-07,12.49000
2007-05-08,12.35000
2007-05-09,12.34000
2007-05-10,12.34000
2007-05-11,12.41000
2007-05-14,12.57000
2007-05-15,12.67000
2007-05-16,12.74000
2007-05-17,12.81000
2007-05-18,12.74000
2007-05-21,12.79000
2007-05-22,12.84000
2007-05-23,12.80000
2007-05-24,12.74000
2007-05-25,12.87000
2007-05-28,12.96000
2007-05-29,13.01000
2007-05-30,12.90000
2007-05-31,13.06000
2007-06-01,13.08000
2007-06-04,12.99000
2007-06-05,13.05000
2007-06-06,12.80000
2007-06-07,12.65000
2007-06-08,12.54000
2007-06-11,12.58000
2007-06-12,12.56000
2007-06-13,12.44000
2007-06-14,12.59000
2007-06-15,12.66000
2007-06-18,12.55000
2007-06-19,12.70000
2007-06-20,12.80000
2007-06-21,12.94000
2007-06-22,12.92000
2007-06-25,12.86000
2007-06-26,12.89000
2007-06-27,12.88000
2007-06-28,12.90000
2007-06-29,13.02000
2007-07-02,13.10000
2007-07-03,13.17000
2007-07-04,13.12000
2007-07-05,13.07000
2007-07-06,13.17000
2007-07-09,13.26000
2007-07-10,13.29000
2007-07-11,13.23000
2007-07-12,13.36000
2007-07-13,13.51000
2007-07-16,13.54000
2007-07-17,13.47000
2007-07-18,13.52000
2007-07-19,13.68000
2007-07-20,13.61000
2007-07-23,13.68000
2007-07-24,13.60000
2007-07-25,13.51000
2007-07-26,13.67000
2007-07-27,13.23000
2007-07-30,13.27000
2007-07-31,13.54000
2007-08-01,13.01000
2007-08-02,13.03000
2007-08-03,13.19000
2007-08-06,13.07000
2007-08-07,13.16000
2007-08-08,13.47000
2007-08-09,13.24000
2007-08-10,13.05000
2007-08-13,13.20000
2007-08-14,13.18000
2007-08-16,12.75000
2007-08-17,12.46000
2007-08-20,12.66000
2007-08-21,12.28000
2007-08-22,12.35000
2007-08-23,12.28000
2007-08-24,12.42000
2007-08-27,12.71000
2007-08-28,12.73000
2007-08-29,12.84000
2007-08-30,12.94000
2007-08-31,13.16000
2007-09-03,13.28000
2007-09-04,13.33000
2007-09-05,13.31000
2007-09-06,13.45000
2007-09-07,13.43000
2007-09-10,13.42000
2007-09-11,13.43000
2007-09-12,13.44000
2007-09-13,13.53000
2007-09-14,13.41000
2007-09-17,13.35000
2007-09-18,13.51000
2007-09-19,13.90000
2007-09-20,13.89000
2007-09-21,14.03000
2007-09-24,14.26000
2007-09-25,14.27000
2007-09-26,14.40000
2007-09-27,14.60000
2007-09-28,14.78000
2007-10-01,14.93000
2007-10-03,15.20000
2007-10-04,15.15000
2007-10-05,14.94000
2007-10-08,14.57000
2007-10-09,15.01000
2007-10-10,15.21000
2007-10-11,15.35000
2007-10-12,15.20000
2007-10-15,15.50000
2007-10-16,15.54000
2007-10-17,15.23000
2007-10-18,14.88000
2007-10-19,14.65000
2007-10-22,14.72000
2007-10-23,15.16000
2007-10-24,15.19000
2007-10-25,15.34000
2007-10-26,15.57000
2007-10-29,15.72000
2007-10-30,15.53000
2007-10-31,15.61000
2007-11-01,15.53000
2007-11-02,15.69000
2007-11-05,15.69000
2007-11-06,15.71000
2007-11-07,15.60000
2007-11-08,15.45000
2007-11-12,15.21000
2007-11-13,15.39000
2007-11-14,15.71000
2007-11-15,15.77000
2007-11-16,15.79000
2007-11-19,15.98000
2007-11-20,15.77000
2007-11-21,15.33000
2007-11-22,15.32000
2007-11-23,15.38000
2007-11-26,15.62000
2007-11-27,15.66000
2007-11-28,15.53000
2007-11-29,15.51000
2007-11-30,15.70000
2007-12-03,15.88000
2007-12-04,15.95000
2007-12-05,16.20000
2007-12-06,16.17000
2007-12-07,16.24000
2007-12-10,16.26000
2007-12-11,16.50000
2007-12-12,16.62000
2007-12-13,16.55000
2007-12-14,16.59000
2007-12-17,16.13000
2007-12-18,16.11000
2007-12-19,16.09000
2007-12-20,16.19000
2007-12-24,16.67000
2007-12-26,16.90000
2007-12-27,16.94000
2007-12-28,17.02000
2007-12-31,17.26000
2008-01-01,17.30000
2008-01-02,17.43000
2008-01-03,17.39000
2008-01-04,17.40000
2008-01-07,17.24000
2008-01-08,17.05000
2008-01-09,17.12000
2008-01-10,16.67000
2008-01-11,16.67000
2008-01-14,16.66000
2008-01-15,16.50000
2008-01-16,16.29000
2008-01-17,16.30000
2008-01-18,15.82000
2008-01-21,14.76000
2008-01-22,14.05000
2008-01-23,14.81000
2008-01-24,14.55000
2008-01-25,15.25000
2008-01-28,15.15000
2008-01-29,15.14000
2008-01-30,14.95000
2008-01-31,15.01000
2008-02-01,15.35000
2008-02-04,15.67000
2008-02-05,15.61000
2008-02-06,15.26000
2008-02-07,14.90000
2008-02-08,14.88000
2008-02-11,14.32000
2008-02-12,14.20000
2008-02-13,14.37000
2008-02-14,14.94000
2008-02-15,15.15000
2008-02-18,15.13000
2008-02-19,15.24000
2008-02-20,14.96000
2008-02-21,15.02000
2008-02-22,14.84000
2008-02-25,14.89000
2008-02-26,15.10000
2008-02-27,15.12000
2008-02-28,15.24000
2008-02-29,15.24000
2008-03-03,14.80000
2008-03-04,14.59000
2008-03-05,14.69000
2008-03-07,14.24000
2008-03-10,14.20000
2008-03-11,14.36000
2008-03-12,14.24000
2008-03-13,13.75000
2008-03-14,13.89000
2008-03-17,13.19000
2008-03-18,13.27000
2008-03-19,13.23000
2008-03-24,13.24000
2008-03-25,13.88000
2008-03-26,13.95000
2008-03-27,13.85000
2008-03-28,14.12000
2008-03-31,13.71000
2008-04-01,13.69000
2008-04-02,13.79000
2008-04-03,13.85000
2008-04-04,13.58000
2008-04-07,13.79000
2008-04-08,13.71000
2008-04-09,13.87000
2008-04-10,13.77000
2008-04-11,13.80000
2008-04-15,14.04000
2008-04-16,14.08000
2008-04-17,14.25000
2008-04-21,14.35000
2008-04-22,14.35000
2008-04-23,14.36000
2008-04-24,14.28000
2008-04-25,14.44000
2008-04-28,14.44000
2008-04-29,14.69000
2008-04-30,14.66000
2008-05-02,14.80000
2008-05-05,14.72000
2008-05-06,14.65000
2008-05-07,14.61000
2008-05-08,14.49000
2008-05-09,14.27000
2008-05-12,14.31000
2008-05-13,14.18000
2008-05-14,14.31000
2008-05-15,14.41000
2008-05-16,14.49000
2008-05-20,14.35000
2008-05-21,14.35000
2008-05-22,14.21000
2008-05-23,14.10000
2008-05-26,13.94000
2008-05-27,13.85000
2008-05-28,14.00000
2008-05-29,13.89000
2008-05-30,14.05000
2008-06-02,13.79000
2008-06-03,13.72000
2008-06-04,13.34000
2008-06-05,13.59000
2008-06-06,13.44000
2008-06-09,13.03000
2008-06-10,12.88000
2008-06-11,13.10000
2008-06-12,13.02000
2008-06-13,13.06000
2008-06-16,13.20000
2008-06-17,13.45000
2008-06-18,13.37000
2008-06-19,13.12000
2008-06-20,12.78000
2008-06-23,12.53000
2008-06-24,12.34000
2008-06-25,12.42000
2008-06-26,12.43000
2008-06-27,12.07000
2008-06-30,11.82000
2008-07-01,11.35000
2008-07-02,11.74000
2008-07-03,11.43000
2008-07-04,11.66000
2008-07-07,11.86000
2008-07-08,11.79000
2008-07-09,12.24000
2008-07-10,12.27000
2008-07-11,11.95000
2008-07-14,11.76000
2008-07-15,11.28000
2008-07-16,11.25000
2008-07-17,11.69000
2008-07-18,11.98000
2008-07-21,12.09000
2008-07-22,12.26000
2008-07-23,12.87000
2008-07-24,12.82000
2008-07-25,12.68000
2008-07-28,12.75000
2008-07-29,12.29000
2008-07-30,12.64000
2008-07-31,12.62000
2008-08-01,12.86000
2008-08-04,12.83000
2008-08-05,13.15000
2008-08-06,13.23000
2008-08-07,13.28000
2008-08-08,13.28000
2008-08-11,13.50000
2008-08-12,13.42000
2008-08-13,13.39000
2008-08-14,13.14000
2008-08-18,13.08000
2008-08-19,13.00000
2008-08-20,13.08000
2008-08-21,12.76000
2008-08-22,12.83000
2008-08-25,12.93000
2008-08-26,12.97000
2008-08-27,12.93000
2008-08-28,12.75000
2008-08-29,13.09000
2008-09-01,13.08000
2008-09-02,13.50000
2008-09-04,13.50000
2008-09-05,13.31000
2008-09-08,13.51000
2008-09-09,13.51000
2008-09-10,13.37000
2008-09-11,13.14000
2008-09-12,13.01000
2008-09-15,12.65000
2008-09-16,12.62000
2008-09-17,12.39000
2008-09-18,12.32000
2008-09-19,12.77000
2008-09-22,12.73000
2008-09-23,12.43000
2008-09-24,12.47000
2008-09-25,12.37000
2008-09-26,12.05000
2008-09-29,11.69000
2008-09-30,11.94000
2008-10-01,12.09000
2008-10-03,11.81000
2008-10-06,11.27000
2008-10-07,11.09000
2008-10-08,10.69000
2008-10-10,10.08000
2008-10-13,10.62000
2008-10-14,10.77000
2008-10-15,10.32000
2008-10-16,10.24000
2008-10-17,9.86000
2008-10-20,9.93000
2008-10-22,9.81000
2008-10-23,9.48000
2008-10-24,8.63000
2008-10-27,8.29000
2008-10-29,8.66000
2008-10-31,8.97000
2008-11-03,9.37000
2008-11-04,9.55000
2008-11-05,9.31000
2008-11-06,9.05000
2008-11-07,9.23000
2008-11-10,9.54000
2008-11-11,9.09000
2008-11-12,8.94000
2008-11-14,8.73000
2008-11-17,8.61000
2008-11-18,8.40000
2008-11-19,8.35000
2008-11-20,8.04000
2008-11-21,8.32000
2008-11-24,8.36000
2008-11-25,8.30000
2008-11-26,8.43000
2008-12-01,8.40000
2008-12-02,8.32000
2008-12-03,8.42000
2008-12-04,8.70000
2008-12-05,8.50000
2008-12-08,8.62000
2008-12-10,8.90000
2008-12-11,8.84000
2008-12-12,8.90000
2008-12-15,9.05000
2008-12-16,9.13000
2008-12-17,8.94000
2008-12-18,9.21000
2008-12-19,9.31000
2008-12-22,9.23000
2008-12-23,9.10000
2008-12-24,9.09000
2008-12-26,8.93000
2008-12-29,9.07000
2008-12-30,9.25000
2008-12-31,9.23000
2009-01-01,9.38000
2009-01-02,9.42000
2009-01-05,9.59000
2009-01-06,9.62000
2009-01-07,9.27000
2009-01-09,9.26000
2009-01-12,9.09000
2009-01-13,9.09000
2009-01-14,9.24000
2009-01-15,9.07000
2009-01-16,9.16000
2009-01-19,9.23000
2009-01-20,9.08000
2009-01-21,8.90000
2009-01-22,8.83000
2009-01-23,8.67000
2009-01-27,8.80000
2009-01-28,8.94000
2009-01-29,8.94000
2009-01-30,9.01000
2009-02-02,8.86000
2009-02-03,8.84000
2009-02-04,8.88000
2009-02-05,8.78000
2009-02-06,8.90000
2009-02-09,9.07000
2009-02-10,9.20000
2009-02-11,9.16000
2009-02-12,9.10000
2009-02-13,9.20000
2009-02-16,8.97000
2009-02-17,8.77000
2009-02-18,8.77000
2009-02-19,8.81000
2009-02-20,8.71000
2009-02-24,8.62000
2009-02-25,8.68000
2009-02-26,8.69000
2009-02-27,8.67000
2009-03-02,8.47000
2009-03-03,8.35000
2009-03-04,8.37000
2009-03-05,8.23000
2009-03-06,8.32000
2009-03-09,8.19000
2009-03-12,8.29000
2009-03-13,8.48000
2009-03-16,8.63000
2009-03-17,8.57000
2009-03-18,8.69000
2009-03-19,8.70000
2009-03-20,8.68000
2009-03-23,8.97000
2009-03-24,8.99000
2009-03-25,9.04000
2009-03-26,9.33000
2009-03-27,9.42000
2009-03-30,9.18000
2009-03-31,9.39000
2009-04-01,9.48000
2009-04-02,9.77000
2009-04-06,9.87000
2009-04-08,10.04000
2009-04-09,10.08000
2009-04-13,10.18000
2009-04-15,10.46000
2009-04-16,10.26000
2009-04-17,10.37000
2009-04-20,10.47000
2009-04-21,10.32000
2009-04-22,10.19000
2009-04-23,10.33000
2009-04-24,10.43000
2009-04-27,10.40000
2009-04-28,10.16000
2009-04-29,10.42000
2009-05-04,10.89000
2009-05-05,10.84000
2009-05-06,10.74000
2009-05-07,10.91000
2009-05-08,10.80000
2009-05-11,10.65000
2009-05-12,10.94000
2009-05-13,10.88000
2009-05-14,10.86000
2009-05-15,11.01000
2009-05-18,12.41000
2009-05-19,12.54000
2009-05-20,12.76000
2009-05-21,12.74000
2009-05-22,12.75000
2009-05-25,12.88000
2009-05-26,12.62000
2009-05-27,13.03000
2009-05-28,13.09000
2009-05-29,13.43000
2009-06-01,13.67000
2009-06-02,13.83000
2009-06-03,14.00000
2009-06-04,14.09000
2009-06-05,14.22000
2009-06-08,13.81000
2009-06-09,14.03000
2009-06-10,14.23000
2009-06-11,14.10000
2009-06-12,13.90000
2009-06-15,13.82000
2009-06-16,13.90000
2009-06-17,13.58000
2009-06-18,13.34000
2009-06-19,13.48000
2009-06-22,13.36000
2009-06-23,13.36000
2009-06-24,13.50000
2009-06-25,13.43000
2009-06-26,13.66000
2009-06-29,13.81000
2009-06-30,13.67000
2009-07-01,13.78000
2009-07-02,13.86000
2009-07-03,14.07000
2009-07-06,13.60000
2009-07-07,13.66000
2009-07-08,13.47000
2009-07-09,13.49000
2009-07-10,13.33000
2009-07-13,13.19000
2009-07-14,13.47000
2009-07-15,13.75000
2009-07-16,13.84000
2009-07-17,14.16000
2009-07-20,14.43000
2009-07-21,14.41000
2009-07-22,14.31000
2009-07-23,14.58000
2009-07-24,14.80000
2009-07-27,14.86000
2009-07-28,14.84000
2009-07-29,14.72000
2009-07-30,14.92000
2009-07-31,15.18000
2009-08-03,15.39000
2009-08-04,15.41000
2009-08-05,15.38000
2009-08-06,15.08000
2009-08-07,14.82000
2009-08-10,14.62000
2009-08-11,14.73000
2009-08-12,14.71000
2009-08-13,15.09000
2009-08-14,15.13000
2009-08-17,14.74000
2009-08-18,14.97000
2009-08-19,14.83000
2009-08-20,15.02000
2009-08-21,15.26000
2009-08-24,15.60000
2009-08-25,15.62000
2009-08-26,15.74000
2009-08-27,15.76000
2009-08-28,15.81000
2009-08-31,15.72000
2009-09-01,15.64000
2009-09-02,15.61000
2009-09-03,15.70000
2009-09-04,15.83000
2009-09-07,16.13000
2009-09-08,16.11000
2009-09-09,16.04000
2009-09-10,16.00000
2009-09-11,15.95000
2009-09-14,16.00000
2009-09-15,16.28000
2009-09-16,16.41000
2009-09-17,16.57000
2009-09-18,16.66000
2009-09-22,16.82000
2009-09-23,16.73000
2009-09-24,16.80000
2009-09-25,16.83000
2009-09-29,16.90000
2009-09-30,17.00000
2009-10-01,17.07000
2009-10-05,16.88000
2009-10-06,17.00000
2009-10-07,17.11000
2009-10-08,17.14000
2009-10-09,17.12000
2009-10-12,17.42000
2009-10-14,17.57000
2009-10-15,17.49000
2009-10-16,17.44000
2009-10-20,17.38000
2009-10-21,17.21000
2009-10-22,17.07000
2009-10-23,17.20000
2009-10-26,17.12000
2009-10-27,16.87000
2009-10-28,16.84000
2009-10-29,16.81000
2009-10-30,16.84000
2009-11-03,16.60000
2009-11-04,16.95000
2009-11-05,17.10000
2009-11-06,17.21000
2009-11-09,17.47000
2009-11-10,17.40000
2009-11-11,17.72000
2009-11-12,17.62000
2009-11-13,17.70000
2009-11-16,17.82000
2009-11-17,17.87000
2009-11-18,17.84000
2009-11-19,17.68000
2009-11-20,17.80000
2009-11-23,17.87000
2009-11-24,17.91000
2009-11-25,17.99000
2009-11-26,17.83000
2009-11-27,17.67000
2009-11-30,17.94000
2009-12-01,18.15000
2009-12-02,18.11000
2009-12-03,18.20000
2009-12-04,18.19000
2009-12-07,18.19000
2009-12-08,18.41000
2009-12-09,18.29000
2009-12-10,18.35000
2009-12-11,18.30000
2009-12-14,18.27000
2009-12-15,18.08000
2009-12-16,18.12000
2009-12-17,18.29000
2009-12-18,18.11000
2009-12-21,18.12000
2009-12-22,18.24000
2009-12-23,18.51000
2009-12-24,18.60000
2009-12-29,18.64000
2009-12-30,18.67000
2009-12-31,18.76000
2010-01-04,18.82000
2010-01-05,18.93000
2010-01-06,18.95000
2010-01-07,18.82000
2010-01-08,18.71000
2010-01-11,18.82000
2010-01-12,18.80000
2010-01-13,18.99000
2010-01-14,19.03000
2010-01-15,19.03000
2010-01-18,19.13000
2010-01-19,18.96000
2010-01-20,18.95000
2010-01-21,18.71000
2010-01-22,18.54000
2010-01-25,18.40000
2010-01-27,17.98000
2010-01-28,18.01000
2010-01-29,18.00000
2010-02-01,18.23000
2010-02-02,18.02000
2010-02-03,18.33000
2010-02-04,18.08000
2010-02-05,17.76000
2010-02-08,17.95000
2010-02-09,18.03000
2010-02-10,17.95000
2010-02-11,18.03000
2010-02-15,17.95000
2010-02-16,18.11000
2010-02-17,18.27000
2010-02-18,18.31000
2010-02-19,18.15000
2010-02-22,18.12000
2010-02-23,18.05000
2010-02-24,18.05000
2010-02-25,18.01000
2010-02-26,18.13000
2010-03-02,18.49000
2010-03-03,18.70000
2010-03-04,18.72000
2010-03-05,18.74000
2010-03-08,18.78000
2010-03-09,18.69000
2010-03-10,18.73000
2010-03-11,18.73000
2010-03-12,18.68000
2010-03-15,18.71000
2010-03-16,18.84000
2010-03-17,18.91000
2010-03-18,18.97000
2010-03-19,18.99000
2010-03-22,18.91000
2010-03-23,18.95000
2010-03-25,18.97000
2010-03-26,19.16000
2010-03-29,19.26000
2010-03-30,19.20000
2010-03-31,19.18000
2010-04-01,19.30000
2010-04-05,19.48000
2010-04-06,19.48000
2010-04-07,19.47000
2010-04-08,19.36000
2010-04-09,19.50000
2010-04-12,19.53000
2010-04-13,19.57000
2010-04-15,19.57000
2010-04-16,19.53000
2010-04-19,19.38000
2010-04-20,19.44000
2010-04-21,19.59000
2010-04-22,19.64000
2010-04-23,19.66000
2010-04-26,19.74000
2010-04-27,19.70000
2010-04-28,19.47000
2010-04-29,19.55000
2010-04-30,19.77000
2010-05-03,19.68000
2010-05-04,19.48000
2010-05-05,19.50000
2010-05-06,19.41000
2010-05-07,19.17000
2010-05-10,19.57000
2010-05-11,19.44000
2010-05-12,19.54000
2010-05-13,19.77000
2010-05-14,19.63000
2010-05-17,19.53000
2010-05-18,19.52000
2010-05-19,19.16000
2010-05-20,19.28000
2010-05-21,19.14000
2010-05-24,19.04000
2010-05-25,18.65000
2010-05-26,18.85000
2010-05-27,19.07000
2010-05-28,19.30000
2010-05-31,19.43000
2010-06-01,19.18000
2010-06-02,19.31000
2010-06-03,19.62000
2010-06-04,19.63000
2010-06-07,19.32000
2010-06-08,19.21000
2010-06-09,19.30000
2010-06-10,19.55000
2010-06-11,19.59000
2010-06-14,19.83000
2010-06-15,19.81000
2010-06-16,19.87000
2010-06-17,19.89000
2010-06-18,19.86000
2010-06-21,20.05000
2010-06-22,20.01000
2010-06-23,20.17000
2010-06-24,20.22000
2010-06-25,20.17000
2010-06-28,20.40000
2010-06-29,20.30000
2010-06-30,20.47000
2010-07-01,20.36000
2010-07-02,20.36000
2010-07-05,20.37000
2010-07-06,20.56000
2010-07-07,20.49000
2010-07-08,20.74000
2010-07-09,20.92000
2010-07-12,20.98000
2010-07-13,20.99000
2010-07-14,20.93000
2010-07-15,20.89000
2010-07-16,21.04000
2010-07-19,21.05000
2010-07-20,20.95000
2010-07-21,21.04000
2010-07-22,21.18000
2010-07-23,21.10000
2010-07-26,21.06000
2010-07-27,21.11000
2010-07-28,21.11000
2010-07-29,21.14000
2010-07-30,21.06000
2010-08-02,21.21000
2010-08-03,21.24000
2010-08-04,21.35000
2010-08-05,21.28000
2010-08-06,21.28000
2010-08-09,21.46000
2010-08-10,21.30000
2010-08-11,21.23000
2010-08-12,21.31000
2010-08-13,21.59000
2010-08-16,21.65000
2010-08-17,21.65000
2010-08-18,21.92000
2010-08-19,22.07000
2010-08-20,21.99000
2010-08-23,22.18000
2010-08-24,22.10000
2010-08-25,21.98000
2010-08-26,22.08000
2010-08-27,21.92000
2010-08-30,21.96000
2010-08-31,21.85000
2010-09-01,22.06000
2010-09-02,22.09000
2010-09-03,22.22000
2010-09-06,22.58000
2010-09-07,22.71000
2010-09-08,22.72000
2010-09-09,22.80000
2010-09-13,23.10000
2010-09-14,23.15000
2010-09-15,23.24000
2010-09-16,23.11000
2010-09-17,23.25000
2010-09-20,23.52000
2010-09-21,23.57000
2010-09-22,23.53000
2010-09-23,23.56000
2010-09-24,23.74000
2010-09-27,23.74000
2010-09-28,23.72000
2010-09-29,23.64000
2010-09-30,23.66000
2010-10-01,24.11000
2010-10-04,24.11000
2010-10-05,24.08000
2010-10-06,24.21000
2010-10-07,24.06000
2010-10-08,23.89000
2010-10-11,23.91000
2010-10-12,23.68000
2010-10-13,24.18000
2010-10-14,24.02000
2010-10-15,23.68000
2010-10-18,23.72000
2010-10-19,23.71000
2010-10-20,23.55000
2010-10-21,23.93000
2010-10-22,23.90000
2010-10-25,24.02000
2010-10-26,23.91000
2010-10-27,23.71000
2010-10-28,23.75000
2010-10-29,23.72000
2010-11-01,24.08000
2010-11-02,24.20000
2010-11-03,24.34000
2010-11-04,24.55000
2010-11-08,24.48000
2010-11-09,24.67000
2010-11-10,24.68000
2010-11-11,24.38000
2010-11-12,24.06000
2010-11-15,24.20000
2010-11-16,23.89000
2010-11-18,23.91000
2010-11-19,23.65000
2010-11-22,24.00000
2010-11-23,23.84000
2010-11-24,23.65000
2010-11-25,23.51000
2010-11-26,23.36000
2010-11-29,23.45000
2010-11-30,23.58000
2010-12-01,23.88000
2010-12-02,24.01000
2010-12-03,23.88000
2010-12-06,23.85000
2010-12-07,23.82000
2010-12-08,23.53000
2010-12-09,23.16000
2010-12-10,23.27000
2010-12-13,23.41000
2010-12-14,23.50000
2010-12-15,23.47000
2010-12-16,23.62000
2010-12-20,23.65000
2010-12-21,23.71000
2010-12-22,23.68000
2010-12-23,23.64000
2010-12-24,23.66000
2010-12-27,23.58000
2010-12-28,23.64000
2010-12-29,23.88000
2010-12-30,23.96000
2010-12-31,24.16000
2011-01-03,24.23000
2011-01-04,24.12000
2011-01-05,23.85000
2011-01-06,23.68000
2011-01-07,23.25000
2011-01-10,22.90000
2011-01-11,22.84000
2011-01-12,23.07000
2011-01-13,22.88000
2011-01-14,22.48000
2011-01-17,22.56000
2011-01-18,22.79000
2011-01-19,22.70000
2011-01-20,22.69000
2011-01-21,22.64000
2011-01-24,22.86000
2011-01-25,22.73000
2011-01-27,22.48000
2011-01-28,22.11000
2011-01-31,22.00000
2011-02-01,21.86000
2011-02-02,21.88000
2011-02-03,22.04000
2011-02-04,21.81000
2011-02-07,21.74000
2011-02-08,21.43000
2011-02-09,21.11000
2011-02-10,20.99000
2011-02-11,21.30000
2011-02-14,21.87000
2011-02-15,21.90000
2011-02-16,21.83000
2011-02-17,22.12000
2011-02-18,21.85000
2011-02-21,21.96000
2011-02-22,21.79000
2011-02-23,21.64000
2011-02-24,21.10000
2011-02-25,21.23000
2011-02-28,21.28000
2011-03-01,21.84000
2011-03-03,22.02000
2011-03-04,22.10000
2011-03-07,21.82000
2011-03-08,22.03000
2011-03-09,22.08000
2011-03-10,21.96000
2011-03-11,21.72000
2011-03-14,21.89000
2011-03-15,21.60000
2011-03-16,21.77000
2011-03-17,21.62000
2011-03-18,21.44000
2011-03-21,21.39000
2011-03-22,21.53000
2011-03-23,21.63000
2011-03-24,21.79000
2011-03-25,22.17000
2011-03-28,22.31000
2011-03-29,22.52000
2011-03-30,22.75000
2011-03-31,22.84000
2011-04-01,22.88000
2011-04-04,23.13000
2011-04-05,23.19000
2011-04-06,23.20000
2011-04-07,23.27000
2011-04-08,23.05000
2011-04-11,22.81000
2011-04-13,23.24000
2011-04-15,22.99000
2011-04-18,22.75000
2011-04-19,22.83000
2011-04-20,23.00000
2011-04-21,23.13000
2011-04-25,23.15000
2011-04-26,23.15000
2011-04-27,23.11000
2011-04-28,22.98000
2011-04-29,22.79000
2011-05-02,22.65000
2011-05-03,22.19000
2011-05-04,22.03000
2011-05-05,21.80000
2011-05-06,22.03000
2011-05-09,21.99000
2011-05-10,22.05000
2011-05-11,22.26000
2011-05-12,22.01000
2011-05-13,22.17000
2011-05-16,21.97000
2011-05-17,21.80000
2011-05-18,21.74000
2011-05-19,21.68000
2011-05-20,21.89000
2011-05-23,21.60000
2011-05-24,21.57000
2011-05-25,21.44000
2011-05-26,21.56000
2011-05-27,21.78000
2011-05-30,21.79000
2011-05-31,22.09000
2011-06-01,22.32000
2011-06-02,22.34000
2011-06-03,22.17000
2011-06-06,22.19000
2011-06-07,22.28000
2011-06-08,22.23000
2011-06-09,22.16000
2011-06-10,22.04000
2011-06-13,22.13000
2011-06-14,22.22000
2011-06-15,22.06000
2011-06-16,21.81000
2011-06-17,21.68000
2011-06-20,21.26000
2011-06-21,21.36000
2011-06-22,21.34000
2011-06-23,21.36000
2011-06-24,21.82000
2011-06-27,22.05000
2011-06-28,22.12000
2011-06-29,22.30000
2011-06-30,22.31000
2011-07-01,22.38000
2011-07-04,22.55000
2011-07-05,22.52000
2011-07-06,22.50000
2011-07-07,22.82000
2011-07-08,22.58000
2011-07-11,22.39000
2011-07-12,22.09000
2011-07-13,22.26000
2011-07-14,22.40000
2011-07-15,22.33000
2011-07-18,22.35000
2011-07-19,22.37000
2011-07-20,22.11000
2011-07-21,22.10000
2011-07-22,22.32000
2011-07-25,22.41000
2011-07-26,22.18000
2011-07-27,22.24000
2011-07-28,22.05000
2011-07-29,22.00000
2011-08-01,22.06000
2011-08-02,21.88000
2011-08-03,21.76000
2011-08-04,21.62000
2011-08-05,21.30000
2011-08-08,21.01000
2011-08-09,20.84000
2011-08-10,21.19000
2011-08-11,21.06000
2011-08-12,20.85000
2011-08-16,20.65000
2011-08-17,20.61000
2011-08-18,20.20000
2011-08-19,19.92000
2011-08-22,20.08000
2011-08-23,20.40000
2011-08-24,20.21000
2011-08-25,19.94000
2011-08-26,19.73000
2011-08-29,20.19000
2011-08-30,20.42000
2011-09-02,20.57000
2011-09-05,20.51000
2011-09-06,20.57000
2011-09-07,20.82000
2011-09-08,20.84000
2011-09-09,20.64000
2011-09-12,20.26000
2011-09-13,20.24000
2011-09-14,20.47000
2011-09-15,20.70000
2011-09-16,20.74000
2011-09-19,20.58000
2011-09-20,20.91000
2011-09-21,20.91000
2011-09-22,20.25000
2011-09-23,20.17000
2011-09-26,20.07000
2011-09-27,20.48000
2011-09-28,20.38000
2011-09-29,20.60000
2011-09-30,20.43000
2011-10-03,20.10000
2011-10-04,19.88000
2011-10-05,19.78000
2011-10-07,20.03000
2011-10-10,20.27000
2011-10-11,20.31000
2011-10-12,20.71000
2011-10-13,20.70000
2011-10-14,20.80000
2011-10-17,20.90000
2011-10-18,20.60000
2011-10-19,20.73000
2011-10-20,20.63000
2011-10-21,20.53000
2011-10-24,20.72000
2011-10-25,20.93000
2011-10-28,21.40000
2011-10-31,21.40000
2011-11-01,21.27000
2011-11-02,21.29000
2011-11-03,21.40000
2011-11-04,21.49000
2011-11-08,21.50000
2011-11-09,21.25000
2011-11-11,20.99000
2011-11-14,20.82000
2011-11-15,20.46000
2011-11-16,20.36000
2011-11-17,20.12000
2011-11-18,20.03000
2011-11-21,19.62000
2011-11-22,19.73000
2011-11-23,19.41000
2011-11-24,19.68000
2011-11-25,19.56000
2011-11-28,20.02000
2011-11-29,19.97000
2011-11-30,20.05000
2011-12-01,20.30000
2011-12-02,20.74000
2011-12-05,20.71000
2011-12-07,20.81000
2011-12-08,20.56000
2011-12-09,20.21000
2011-12-12,19.79000
2011-12-13,19.90000
2011-12-14,19.76000
2011-12-15,19.73000
2011-12-16,19.36000
2011-12-19,19.09000
2011-12-20,18.88000
2011-12-21,19.22000
2011-12-22,19.46000
2011-12-23,19.41000
2011-12-26,19.65000
2011-12-27,19.52000
2011-12-28,19.41000
2011-12-29,19.26000
2011-12-30,19.29000
2012-01-02,19.21000
2012-01-03,19.66000
2012-01-04,19.54000
2012-01-05,19.54000
2012-01-06,19.47000
2012-01-09,19.50000
2012-01-10,19.81000
2012-01-11,19.88000
2012-01-12,19.92000
2012-01-13,20.02000
2012-01-16,20.03000
2012-01-17,20.33000
2012-01-18,20.12000
2012-01-19,20.38000
2012-01-20,20.60000
2012-01-23,20.65000
2012-01-24,20.92000
2012-01-25,21.24000
2012-01-27,21.38000
2012-01-30,21.02000
2012-01-31,21.45000
2012-02-01,21.64000
2012-02-02,21.83000
2012-02-03,22.11000
2012-02-06,22.39000
2012-02-07,22.09000
2012-02-08,22.28000
2012-02-09,22.59000
2012-02-10,22.61000
2012-02-13,22.67000
2012-02-14,22.68000
2012-02-15,23.26000
2012-02-16,23.44000
2012-02-17,23.50000
2012-02-21,23.68000
2012-02-22,23.15000
2012-02-23,23.14000
2012-02-24,22.97000
2012-02-27,22.32000
2012-02-28,22.70000
2012-02-29,22.83000
2012-03-01,22.73000
2012-03-02,22.76000
2012-03-05,22.46000
2012-03-06,22.24000
2012-03-07,22.20000
2012-03-09,22.67000
2012-03-12,22.75000
2012-03-13,23.09000
2012-03-14,23.11000
2012-03-15,22.80000
2012-03-16,22.52000
2012-03-19,22.23000
2012-03-20,22.31000
2012-03-21,22.72000
2012-03-22,22.24000
2012-03-23,22.41000
2012-03-26,22.02000
2012-03-27,22.18000
2012-03-28,21.95000
2012-03-29,22.05000
2012-03-30,22.49000
2012-04-02,22.74000
2012-04-03,22.92000
2012-04-04,22.80000
2012-04-09,22.45000
2012-04-10,22.33000
2012-04-11,22.24000
2012-04-12,22.38000
2012-04-13,22.06000
2012-04-16,22.10000
2012-04-17,22.42000
2012-04-18,22.46000
2012-04-19,22.62000
2012-04-20,22.43000
2012-04-23,22.07000
2012-04-24,22.23000
2012-04-25,22.07000
2012-04-26,21.93000
2012-04-27,21.90000
2012-04-30,22.15000
2012-05-02,22.17000
2012-05-03,21.92000
2012-05-04,21.55000
2012-05-07,21.66000
2012-05-08,21.30000
2012-05-09,21.11000
2012-05-10,21.11000
2012-05-11,20.98000
2012-05-14,20.93000
2012-05-15,21.00000
2012-05-16,20.75000
2012-05-17,20.74000
2012-05-18,20.71000
2012-05-21,20.80000
2012-05-22,20.64000
2012-05-23,20.53000
2012-05-24,20.77000
2012-05-25,20.85000
2012-05-28,21.03000
2012-05-29,21.06000
2012-05-30,21.04000
2012-05-31,20.98000
2012-06-01,20.69000
2012-06-04,20.63000
2012-06-05,20.73000
2012-06-06,21.16000
2012-06-07,21.44000
2012-06-08,21.43000
2012-06-11,21.47000
2012-06-12,21.63000
2012-06-13,21.51000
2012-06-14,21.31000
2012-06-15,21.48000
2012-06-18,21.26000
2012-06-19,21.32000
2012-06-20,21.41000
2012-06-21,21.58000
2012-06-22,21.60000
2012-06-25,21.53000
2012-06-26,21.66000
2012-06-27,21.82000
2012-06-28,21.85000
2012-06-29,22.32000
2012-07-02,22.45000
2012-07-03,22.55000
2012-07-04,22.69000
2012-07-05,22.80000
2012-07-06,22.71000
2012-07-09,22.44000
2012-07-10,22.72000
2012-07-11,22.64000
2012-07-12,22.39000
2012-07-13,22.37000
2012-07-16,22.30000
2012-07-17,22.18000
2012-07-18,22.37000
2012-07-19,22.39000
2012-07-20,22.39000
2012-07-23,22.01000
2012-07-24,22.11000
2012-07-25,22.06000
2012-07-26,21.83000
2012-07-27,21.91000
2012-07-30,22.25000
2012-07-31,22.43000
2012-08-01,22.47000
2012-08-02,22.50000
2012-08-03,22.43000
2012-08-06,22.58000
2012-08-07,22.87000
2012-08-08,22.80000
2012-08-09,22.73000
2012-08-10,22.72000
2012-08-13,22.94000
2012-08-14,22.99000
2012-08-16,22.94000
2012-08-17,22.94000
2012-08-21,23.10000
2012-08-22,23.06000
2012-08-23,23.08000
2012-08-24,22.97000
2012-08-27,22.80000
2012-08-28,22.69000
2012-08-29,22.49000
2012-08-30,22.52000
2012-08-31,22.44000
2012-09-03,22.41000
2012-09-04,22.51000
2012-09-05,22.48000
2012-09-06,22.58000
2012-09-07,22.88000
2012-09-10,22.95000
2012-09-11,23.03000
2012-09-12,23.05000
2012-09-13,23.05000
2012-09-14,23.43000
2012-09-17,23.58000
2012-09-18,23.71000
2012-09-20,23.68000
2012-09-21,24.08000
2012-09-24,24.12000
2012-09-25,24.10000
2012-09-26,24.09000
2012-09-27,24.05000
2012-09-28,24.38000
2012-10-01,24.39000
2012-10-03,24.50000
2012-10-04,24.77000
2012-10-05,24.57000
2012-10-08,24.44000
2012-10-09,24.48000
2012-10-10,24.31000
2012-10-11,24.61000
2012-10-12,24.58000
2012-10-15,24.49000
2012-10-16,24.39000
2012-10-17,24.41000
2012-10-18,24.64000
2012-10-19,24.40000
2012-10-22,24.53000
2012-10-23,24.35000
2012-10-25,24.34000
2012-10-26,24.17000
2012-10-29,24.10000
2012-10-30,23.94000
2012-10-31,24.12000
2012-11-01,24.26000
2012-11-02,24.46000
2012-11-05,24.38000
2012-11-06,24.38000
2012-11-07,24.54000
2012-11-08,24.55000
2012-11-09,24.35000
2012-11-12,24.37000
2012-11-15,24.34000
2012-11-16,24.15000
2012-11-19,24.03000
2012-11-20,23.94000
2012-11-21,23.99000
2012-11-22,24.09000
2012-11-23,24.16000
2012-11-26,24.14000
2012-11-27,24.40000
2012-11-29,24.70000
2012-11-30,24.86000
2012-12-03,24.97000
2012-12-04,25.07000
2012-12-05,25.08000
2012-12-06,25.19000
2012-12-07,25.06000
2012-12-10,25.04000
2012-12-11,24.90000
2012-12-12,24.86000
2012-12-13,24.77000
2012-12-14,24.87000
2012-12-17,24.86000
2012-12-18,25.08000
2012-12-19,25.28000
2012-12-20,25.27000
2012-12-21,25.08000
2012-12-24,25.14000
2012-12-26,25.23000
2012-12-27,25.09000
2012-12-28,25.29000
2012-12-31,25.32000
2013-01-01,25.50000
2013-01-02,25.77000
2013-01-03,25.92000
2013-01-04,25.98000
2013-01-07,26.01000
2013-01-08,26.03000
2013-01-09,25.92000
2013-01-10,25.89000
2013-01-11,25.93000
2013-01-14,26.22000
2013-01-15,26.30000
2013-01-16,26.01000
2013-01-17,26.20000
2013-01-18,26.39000
2013-01-21,26.35000
2013-01-22,26.21000
2013-01-23,26.20000
2013-01-24,25.93000
2013-01-25,26.22000
2013-01-28,26.22000
2013-01-29,26.01000
2013-01-30,25.96000
2013-01-31,26.04000
2013-02-01,25.98000
2013-02-04,25.98000
2013-02-05,26.02000
2013-02-06,26.05000
2013-02-07,25.95000
2013-02-08,25.87000
2013-02-11,25.83000
2013-02-12,25.91000
2013-02-13,25.88000
2013-02-14,25.70000
2013-02-15,25.66000
2013-02-18,25.69000
2013-02-19,25.85000
2013-02-20,25.79000
2013-02-21,25.47000
2013-02-22,25.43000
2013-02-25,25.43000
2013-02-26,25.14000
2013-02-27,25.36000
2013-02-28,24.92000
2013-03-01,25.10000
2013-03-04,24.99000
2013-03-05,25.22000
2013-03-06,25.35000
2013-03-07,25.52000
2013-03-08,25.69000
2013-03-11,25.69000
2013-03-12,25.56000
2013-03-13,25.23000
2013-03-14,25.41000
2013-03-15,25.28000
2013-03-18,25.12000
2013-03-19,24.80000
2013-03-20,24.45000
2013-03-21,24.29000
2013-03-22,24.29000
2013-03-25,24.27000
2013-03-26,24.34000
2013-03-28,24.51000
2013-04-01,24.63000
2013-04-02,24.82000
2013-04-03,24.58000
2013-04-04,24.21000
2013-04-05,24.29000
2013-04-08,24.26000
2013-04-09,24.11000
2013-04-10,24.32000
2013-04-11,24.31000
2013-04-12,24.06000
2013-04-15,24.22000
2013-04-16,24.51000
2013-04-17,24.51000
2013-04-18,24.80000
2013-04-22,24.94000
2013-04-23,24.98000
2013-04-25,25.26000
2013-04-26,25.27000
2013-04-29,25.37000
2013-04-30,25.34000
2013-05-02,25.50000
2013-05-03,25.28000
2013-05-06,25.44000
2013-05-07,25.66000
2013-05-08,25.70000
2013-05-09,25.62000
2013-05-10,25.73000
2013-05-13,25.39000
2013-05-14,25.52000
2013-05-15,25.89000
2013-05-16,25.89000
2013-05-17,26.02000
2013-05-20,25.93000
2013-05-21,25.78000
2013-05-22,25.67000
2013-05-23,25.25000
2013-05-24,25.23000
2013-05-27,25.33000
2013-05-28,25.49000
2013-05-29,25.43000
2013-05-30,25.41000
2013-05-31,25.13000
2013-06-03,25.12000
2013-06-04,25.08000
2013-06-05,25.03000
2013-06-06,24.97000
2013-06-07,24.79000
2013-06-10,24.66000
2013-06-11,24.40000
2013-06-12,24.24000
2013-06-13,24.01000
2013-06-14,24.28000
2013-06-17,24.43000
2013-06-18,24.37000
2013-06-19,24.42000
2013-06-20,24.03000
2013-06-21,24.09000
2013-06-24,23.64000
2013-06-25,23.74000
2013-06-26,23.75000
2013-06-27,23.97000
2013-06-28,24.50000
2013-07-01,24.79000
2013-07-02,24.66000
2013-07-03,24.30000
2013-07-04,24.45000
2013-07-05,24.44000
2013-07-08,24.30000
2013-07-09,24.43000
2013-07-10,24.30000
2013-07-11,24.58000
2013-07-12,24.75000
2013-07-15,24.80000
2013-07-16,24.64000
2013-07-17,24.52000
2013-07-18,24.74000
2013-07-19,24.76000
2013-07-22,24.81000
2013-07-23,24.88000
2013-07-24,24.61000
2013-07-25,24.58000
2013-07-26,24.46000
2013-07-29,24.24000
2013-07-30,23.77000
2013-07-31,23.69000
2013-08-01,23.54000
2013-08-02,23.51000
2013-08-05,23.61000
2013-08-06,23.17000
2013-08-07,23.32000
2013-08-08,23.60000
2013-08-12,23.77000
2013-08-13,24.09000
2013-08-14,24.37000
2013-08-16,23.60000
2013-08-19,23.23000
2013-08-20,23.24000
2013-08-21,22.90000
2013-08-22,23.25000
2013-08-23,23.34000
2013-08-26,23.37000
2013-08-27,22.76000
2013-08-28,22.61000
2013-08-29,23.01000
2013-08-30,23.27000
2013-09-02,23.53000
2013-09-03,22.95000
2013-09-04,23.27000
2013-09-05,23.75000
2013-09-06,24.04000
2013-09-10,24.62000
2013-09-11,24.82000
2013-09-12,24.55000
2013-09-13,24.77000
2013-09-16,24.78000
2013-09-17,24.72000
2013-09-18,24.78000
2013-09-19,25.50000
2013-09-20,25.16000
2013-09-23,24.68000
2013-09-24,24.76000
2013-09-25,24.83000
2013-09-26,24.88000
2013-09-27,24.77000
2013-09-30,24.52000
2013-10-01,24.60000
2013-10-03,25.18000
2013-10-04,25.19000
2013-10-07,25.27000
2013-10-08,25.22000
2013-10-09,25.48000
2013-10-10,25.60000
2013-10-11,25.76000
2013-10-14,25.79000
2013-10-15,25.65000
2013-10-17,25.65000
2013-10-18,26.05000
2013-10-21,26.25000
2013-10-22,26.29000
2013-10-23,26.32000
2013-10-24,26.22000
2013-10-25,26.07000
2013-10-28,25.97000
2013-10-29,26.43000
2013-10-30,26.54000
2013-10-31,26.76000
2013-11-01,26.90000
2013-11-05,26.99000
2013-11-06,26.92000
2013-11-07,26.77000
2013-11-08,26.54000
2013-11-11,26.26000
2013-11-12,26.01000
2013-11-13,25.86000
2013-11-14,26.18000
2013-11-18,26.54000
2013-11-19,26.68000
2013-11-20,26.49000
2013-11-21,26.08000
2013-11-22,26.16000
2013-11-25,26.58000
2013-11-26,26.49000
2013-11-27,26.47000
2013-11-28,26.71000
2013-11-29,26.99000
2013-12-02,27.06000
2013-12-03,27.05000
2013-12-04,26.89000
2013-12-05,27.18000
2013-12-06,27.31000
2013-12-09,27.77000
2013-12-10,27.64000
2013-12-11,27.44000
2013-12-12,27.20000
2013-12-13,26.83000
2013-12-16,26.84000
2013-12-17,26.85000
2013-12-18,27.21000
2013-12-19,26.98000
2013-12-20,27.35000
2013-12-23,27.46000
2013-12-24,27.52000
2013-12-26,27.58000
2013-12-27,27.64000
2013-12-30,27.50000
2013-12-31,27.63000
2014-01-01,27.61000
2014-01-02,27.26000
2014-01-03,27.24000
2014-01-06,27.33000
2014-01-07,27.21000
2014-01-08,27.18000
2014-01-09,27.04000
2014-01-10,26.84000
2014-01-13,27.00000
2014-01-14,26.88000
2014-01-15,27.12000
2014-01-16,27.09000
2014-01-17,26.87000
2014-01-20,27.02000
2014-01-21,27.06000
2014-01-22,27.11000
2014-01-23,27.18000
2014-01-24,26.89000
2014-01-27,26.34000
2014-01-28,26.24000
2014-01-29,26.33000
2014-01-30,26.27000
2014-01-31,26.47000
2014-02-03,26.21000
2014-02-04,26.26000
2014-02-05,26.43000
2014-02-06,26.49000
2014-02-07,26.73000
2014-02-10,26.74000
2014-02-11,26.79000
2014-02-12,26.90000
2014-02-13,26.56000
2014-02-14,26.59000
2014-02-17,26.68000
2014-02-18,26.91000
2014-02-19,26.95000
2014-02-20,26.89000
2014-02-21,27.15000
2014-02-24,27.30000
2014-02-25,27.33000
2014-02-26,27.48000
2014-02-28,27.60000
2014-03-03,27.49000
2014-03-04,27.94000
2014-03-05,28.11000
2014-03-06,28.58000
2014-03-07,28.90000
2014-03-10,29.00000
2014-03-11,28.84000
2014-03-12,28.75000
2014-03-13,28.56000
2014-03-14,28.62000
2014-03-18,28.87000
2014-03-19,28.93000
2014-03-20,28.67000
2014-03-21,28.66000
2014-03-24,29.08000
2014-03-25,29.30000
2014-03-26,29.56000
2014-03-27,29.81000
2014-03-28,30.17000
2014-03-31,30.34000
2014-04-01,30.23000
2014-04-02,30.38000
2014-04-03,30.23000
2014-04-04,30.15000
2014-04-07,30.07000
2014-04-09,30.43000
2014-04-10,30.59000
2014-04-11,30.46000
2014-04-15,30.33000
2014-04-16,30.01000
2014-04-17,30.39000
2014-04-21,30.55000
2014-04-22,30.61000
2014-04-23,30.62000
2014-04-25,30.44000
2014-04-28,30.30000
2014-04-29,30.12000
2014-04-30,29.98000
2014-05-02,29.97000
2014-05-05,29.97000
2014-05-06,29.91000
2014-05-07,29.75000
2014-05-08,29.80000
2014-05-09,30.47000
2014-05-12,30.93000
2014-05-13,31.42000
2014-05-14,31.60000
2014-05-15,31.55000
2014-05-16,31.82000
2014-05-19,33.05000
2014-05-20,33.01000
2014-05-21,33.01000
2014-05-22,33.31000
2014-05-23,33.65000
2014-05-26,33.32000
2014-05-27,33.03000
2014-05-28,33.12000
2014-05-29,32.86000
2014-05-30,32.95000
2014-06-02,33.40000
2014-06-03,33.78000
2014-06-04,33.90000
2014-06-05,34.23000
2014-06-06,34.69000
2014-06-09,35.00000
2014-06-10,35.00000
2014-06-11,34.92000
2014-06-12,35.05000
2014-06-13,34.63000
2014-06-16,34.77000
2014-06-17,35.07000
2014-06-18,34.88000
2014-06-19,34.66000
2014-06-20,34.57000
2014-06-23,34.80000
2014-06-24,35.33000
2014-06-25,35.44000
2014-06-26,35.02000
2014-06-27,35.00000
2014-06-30,35.40000
2014-07-01,35.45000
2014-07-02,35.79000
2014-07-03,35.68000
2014-07-04,35.80000
2014-07-07,35.92000
2014-07-08,35.21000
2014-07-09,35.04000
2014-07-10,35.09000
2014-07-11,34.55000
2014-07-14,34.47000
2014-07-15,34.79000
2014-07-16,34.94000
2014-07-17,35.07000
2014-07-18,35.08000
2014-07-21,35.07000
2014-07-22,35.23000
2014-07-23,35.21000
2014-07-24,35.18000
2014-07-25,35.14000
2014-07-28,35.06000
2014-07-30,35.32000
2014-07-31,35.22000
2014-08-01,34.99000
2014-08-04,35.25000
2014-08-05,35.43000
2014-08-06,35.24000
2014-08-07,35.36000
2014-08-08,34.97000
2014-08-11,35.13000
2014-08-12,35.44000
2014-08-13,35.44000
2014-08-14,35.61000
2014-08-18,36.02000
2014-08-19,36.10000
2014-08-20,36.14000
2014-08-21,36.30000
2014-08-22,36.23000
2014-08-25,36.25000
2014-08-26,36.25000
2014-08-27,36.45000
2014-08-28,36.51000
2014-09-01,36.94000
2014-09-02,37.10000
2014-09-03,37.20000
2014-09-04,37.24000
2014-09-05,37.38000
2014-09-08,37.61000
2014-09-09,37.53000
2014-09-10,37.41000
2014-09-11,37.48000
2014-09-12,37.57000
2014-09-15,37.32000
2014-09-16,36.73000
2014-09-17,36.87000
2014-09-18,37.47000
2014-09-19,37.36000
2014-09-22,37.48000
2014-09-23,37.01000
2014-09-24,36.79000
2014-09-25,36.54000
2014-09-26,36.74000
2014-09-29,36.80000
2014-09-30,36.95000
2014-10-01,36.89000
2014-10-07,36.50000
2014-10-08,36.60000
2014-10-09,36.94000
2014-10-10,36.66000
2014-10-13,36.85000
2014-10-14,36.81000
2014-10-16,36.44000
2014-10-17,36.59000
2014-10-20,36.96000
2014-10-21,37.12000
2014-10-22,37.46000
2014-10-27,37.45000
2014-10-28,37.56000
2014-10-29,37.64000
2014-10-30,37.88000
2014-10-31,38.35000
2014-11-03,38.29000
2014-11-05,38.22000
2014-11-07,38.21000
2014-11-10,38.42000
2014-11-11,38.40000
2014-11-12,38.46000
2014-11-13,38.38000
2014-11-14,38.72000
2014-11-17,38.91000
2014-11-18,38.76000
2014-11-19,38.51000
2014-11-20,38.62000
2014-11-21,38.78000
2014-11-24,38.84000
2014-11-25,38.58000
2014-11-26,38.77000
2014-11-27,38.86000
2014-11-28,39.16000
2014-12-01,39.07000
2014-12-02,39.03000
2014-12-03,39.26000
2014-12-04,39.31000
2014-12-05,39.19000
2014-12-08,38.82000
2014-12-09,38.44000
2014-12-10,38.52000
2014-12-11,38.17000
2014-12-12,37.84000
2014-12-15,37.87000
2014-12-16,37.49000
2014-12-17,37.30000
2014-12-18,37.78000
2014-12-19,37.98000
2014-12-22,38.32000
2014-12-23,38.25000
2014-12-24,37.89000
2014-12-26,38.07000
2014-12-29,38.22000
2014-12-30,38.28000
2014-12-31,38.40000
2015-01-01,38.47000
2015-01-02,38.70000
2015-01-05,38.68000
2015-01-06,37.94000
2015-01-07,37.91000
2015-01-08,38.42000
2015-01-09,38.57000
2015-01-12,38.51000
2015-01-13,38.47000
2015-01-14,38.46000
2015-01-15,38.92000
2015-01-16,38.84000
2015-01-19,38.83000
2015-01-20,39.02000
2015-01-21,39.23000
2015-01-22,39.21000
2015-01-23,39.32000
2015-01-27,39.37000
2015-01-28,39.47000
2015-01-29,39.51000
2015-01-30,39.22000
2015-02-02,39.24000
2015-02-03,39.06000
2015-02-04,39.15000
2015-02-05,38.97000
2015-02-06,38.78000
2015-02-09,38.44000
2015-02-10,38.48000
2015-02-11,38.71000
2015-02-12,38.84000
2015-02-13,38.82000
2015-02-16,38.74000
2015-02-18,38.93000
2015-02-19,39.18000
2015-02-20,38.98000
2015-02-23,38.76000
2015-02-24,38.73000
2015-02-25,38.75000
2015-02-26,38.64000
2015-02-27,39.09000
2015-03-02,39.37000
2015-03-03,39.53000
2015-03-04,39.19000
2015-03-05,39.18000
2015-03-09,38.71000
2015-03-10,38.59000
2015-03-11,38.62000
2015-03-12,39.00000
2015-03-13,38.72000
2015-03-16,38.47000
2015-03-17,38.71000
2015-03-18,38.59000
2015-03-19,38.69000
2015-03-20,38.57000
2015-03-23,38.59000
2015-03-24,38.67000
2015-03-25,38.62000
2015-03-26,38.20000
2015-03-27,38.17000
2015-03-30,38.73000
2015-03-31,38.75000
2015-04-01,38.88000
2015-04-06,39.10000
2015-04-07,39.36000
2015-04-08,39.40000
2015-04-09,39.51000
2015-04-10,39.51000
2015-04-13,39.61000
2015-04-15,39.35000
2015-04-16,39.25000
2015-04-17,39.03000
2015-04-20,38.52000
2015-04-21,38.35000
2015-04-22,38.51000
2015-04-23,38.43000
2015-04-24,38.10000
2015-04-27,37.73000
2015-04-28,38.05000
2015-04-29,37.97000
2015-04-30,37.71000
2015-05-04,38.28000
2015-05-05,38.32000
2015-05-06,37.56000
2015-05-07,37.45000
2015-05-08,37.70000
2015-05-11,38.21000
2015-05-12,37.67000
2015-05-13,37.91000
2015-05-14,37.99000
2015-05-15,38.17000
2015-05-18,38.47000
2015-05-19,38.54000
2015-05-20,38.59000
2015-05-21,38.65000
2015-05-22,38.90000
2015-05-25,38.73000
2015-05-26,38.73000
2015-05-27,38.64000
2015-05-28,38.68000
2015-05-29,38.96000
2015-06-01,39.08000
2015-06-02,38.50000
2015-06-03,38.18000
2015-06-04,38.20000
2015-06-05,38.28000
2015-06-08,37.95000
2015-06-09,37.88000
2015-06-10,38.16000
2015-06-11,37.66000
2015-06-12,37.78000
2015-06-15,37.86000
2015-06-16,38.07000
2015-06-17,38.18000
2015-06-18,38.49000
2015-06-19,38.65000
2015-06-22,39.03000
2015-06-23,39.11000
2015-06-24,38.83000
2015-06-25,39.12000
2015-06-26,39.08000
2015-06-29,38.82000
2015-06-30,38.85000
2015-07-01,39.26000
2015-07-02,39.25000
2015-07-03,39.42000
2015-07-06,39.55000
2015-07-07,39.46000
2015-07-08,38.96000
2015-07-09,38.81000
2015-07-10,38.68000
2015-07-13,39.06000
2015-07-14,39.15000
2015-07-15,39.42000
2015-07-16,39.70000
2015-07-17,39.67000
2015-07-20,39.68000
2015-07-21,39.73000
2015-07-22,40.17000
2015-07-23,40.09000
2015-07-24,39.93000
2015-07-27,39.16000
2015-07-28,38.87000
2015-07-29,39.04000
2015-07-30,39.18000
2015-07-31,39.37000
2015-08-03,39.41000
2015-08-04,39.27000
2015-08-05,39.53000
2015-08-06,39.53000
2015-08-07,39.48000
2015-08-10,39.41000
2015-08-11,39.17000
2015-08-12,38.71000
2015-08-13,38.69000
2015-08-14,39.26000
2015-08-17,39.09000
2015-08-18,39.12000
2015-08-19,39.16000
2015-08-20,38.55000
2015-08-21,38.04000
2015-08-24,35.98000
2015-08-25,36.29000
2015-08-26,36.10000
2015-08-27,36.58000
2015-08-28,36.92000
2015-08-31,36.69000
2015-09-01,36.13000
2015-09-02,35.81000
2015-09-03,36.28000
2015-09-04,35.62000
2015-09-07,35.44000
2015-09-08,35.89000
2015-09-09,36.52000
2015-09-10,36.35000
2015-09-11,36.35000
2015-09-14,36.68000
2015-09-15,36.48000
2015-09-16,36.72000
2015-09-18,36.87000
2015-09-21,37.03000
2015-09-22,36.48000
2015-09-23,36.46000
2015-09-24,36.49000
2015-09-28,36.23000
2015-09-29,36.28000
2015-09-30,36.84000
2015-10-01,36.80000
2015-10-05,37.56000
2015-10-06,37.72000
2015-10-07,37.98000
2015-10-08,37.82000
2015-10-09,38.16000
2015-10-12,37.97000
2015-10-13,37.89000
2015-10-14,37.77000
2015-10-15,38.09000
2015-10-16,38.37000
2015-10-19,38.46000
2015-10-20,38.49000
2015-10-21,38.66000
2015-10-23,38.81000
2015-10-26,38.89000
2015-10-27,38.69000
2015-10-28,38.68000
2015-10-29,38.47000
2015-10-30,38.39000
2015-11-02,38.14000
2015-11-03,38.33000
2015-11-04,38.47000
2015-11-05,38.06000
2015-11-06,38.12000
2015-11-09,38.22000
2015-11-10,37.78000
2015-11-13,37.62000
2015-11-16,37.64000
2015-11-17,37.76000
2015-11-18,37.47000
2015-11-19,37.93000
2015-11-20,38.24000
2015-11-23,38.39000
2015-11-24,38.32000
2015-11-26,38.64000
2015-11-27,38.71000
2015-11-30,38.75000
2015-12-01,38.80000
2015-12-02,38.92000
2015-12-03,38.69000
2015-12-04,38.37000
2015-12-07,38.34000
2015-12-08,38.07000
2015-12-09,37.61000
2015-12-10,37.95000
2015-12-11,37.75000
2015-12-14,37.82000
2015-12-15,38.09000
2015-12-16,38.42000
2015-12-17,38.91000
2015-12-18,38.60000
2015-12-21,38.99000
2015-12-22,38.76000
2015-12-23,39.15000
2015-12-24,39.27000
2015-12-28,39.43000
2015-12-29,39.55000
2015-12-30,39.45000
2015-12-31,39.75000
2016-01-01,39.84000
2016-01-04,39.11000
2016-01-05,39.25000
2016-01-06,39.16000
2016-01-07,38.29000
2016-01-08,38.52000
2016-01-11,38.38000
2016-01-12,38.08000
2016-01-13,38.16000
2016-01-14,37.94000
2016-01-15,37.21000
2016-01-18,36.74000
2016-01-19,36.98000
2016-01-20,36.52000
2016-01-21,36.29000
2016-01-22,37.22000
2016-01-25,37.19000
2016-01-27,37.23000
2016-01-28,36.98000
2016-01-29,37.62000
2016-02-01,37.62000
2016-02-02,37.28000
2016-02-03,36.80000
2016-02-04,36.99000
2016-02-05,37.41000
2016-02-08,37.10000
2016-02-09,36.85000
2016-02-10,36.37000
2016-02-11,35.24000
2016-02-12,35.12000
2016-02-15,36.09000
2016-02-16,35.56000
2016-02-17,35.73000
2016-02-18,36.19000
2016-02-19,36.36000
2016-02-22,36.37000
2016-02-23,35.80000
2016-02-24,35.39000
2016-02-25,35.06000
2016-02-26,35.06000
2016-02-29,34.68000
2016-03-01,35.79000
2016-03-02,36.62000
2016-03-03,37.18000
2016-03-04,37.29000
2016-03-08,37.23000
2016-03-09,37.32000
2016-03-10,37.24000
2016-03-11,37.24000
2016-03-14,37.40000
2016-03-15,37.16000
2016-03-16,37.26000
2016-03-17,37.48000
2016-03-18,37.98000
2016-03-21,38.37000
2016-03-22,38.47000
2016-03-23,38.60000
2016-03-28,38.18000
2016-03-29,38.15000
2016-03-30,38.89000
2016-03-31,38.79000
2016-04-01,38.66000
2016-04-04,38.91000
2016-04-05,38.15000
2016-04-06,38.35000
2016-04-07,37.99000
2016-04-08,38.03000
2016-04-11,38.60000
2016-04-12,39.04000
2016-04-13,39.80000
2016-04-18,40.01000
2016-04-20,40.15000
2016-04-21,40.00000
2016-04-22,40.12000
2016-04-25,40.00000
2016-04-26,40.35000
2016-04-27,40.43000
2016-04-28,39.70000
2016-04-29,39.79000
2016-05-02,39.60000
2016-05-03,39.44000
2016-05-04,39.20000
2016-05-05,39.33000
2016-05-06,39.42000
2016-05-09,40.05000
2016-05-10,40.08000
2016-05-11,39.88000
2016-05-12,40.19000
2016-05-13,39.90000
2016-05-16,39.94000
2016-05-17,40.07000
2016-05-18,39.92000
2016-05-19,39.60000
2016-05-20,39.54000
2016-05-23,39.26000
2016-05-24,39.22000
2016-05-25,40.11000
2016-05-26,40.62000
2016-05-27,41.03000
2016-05-30,41.39000
2016-05-31,41.53000
2016-06-01,41.48000
2016-06-02,41.80000
2016-06-03,41.77000
2016-06-06,41.81000
2016-06-07,42.10000
2016-06-08,42.23000
2016-06-09,41.91000
2016-06-10,41.65000
2016-06-13,41.25000
2016-06-14,41.30000
2016-06-15,41.92000
2016-06-16,41.78000
2016-06-17,42.02000
2016-06-20,42.39000
2016-06-21,42.34000
2016-06-22,42.31000
2016-06-23,42.43000
2016-06-24,41.78000
2016-06-27,41.68000
2016-06-28,41.60000
2016-06-29,42.22000
2016-06-30,42.66000
2016-07-01,43.01000
2016-07-04,43.25000
2016-07-05,42.88000
2016-07-07,42.75000
2016-07-08,42.68000
2016-07-11,43.42000
2016-07-12,43.71000
2016-07-13,43.83000
2016-07-14,44.10000
2016-07-15,43.91000
2016-07-18,43.64000
2016-07-19,43.83000
2016-07-20,44.16000
2016-07-21,43.90000
2016-07-22,44.11000
2016-07-25,44.51000
2016-07-26,44.16000
2016-07-27,44.41000
2016-07-28,44.48000
2016-07-29,44.39000
2016-08-01,44.55000
2016-08-02,44.42000
2016-08-03,44.00000
2016-08-04,44.22000
2016-08-05,45.08000
2016-08-08,45.11000
2016-08-09,44.92000
2016-08-10,44.57000
2016-08-11,44.63000
2016-08-12,44.93000
2016-08-16,45.02000
2016-08-17,45.18000
2016-08-18,45.53000
2016-08-19,45.78000
2016-08-22,45.35000
2016-08-23,45.36000
2016-08-24,45.52000
2016-08-25,45.21000
2016-08-26,45.15000
2016-08-29,45.45000
2016-08-30,46.06000
2016-08-31,46.22000
2016-09-01,46.24000
2016-09-02,46.47000
2016-09-06,47.07000
2016-09-07,47.00000
2016-09-08,47.18000
2016-09-09,46.81000
2016-09-12,45.87000
2016-09-14,46.17000
2016-09-15,46.05000
2016-09-16,46.21000
2016-09-19,46.34000
2016-09-20,46.07000
2016-09-21,46.06000
2016-09-22,46.59000
2016-09-23,46.51000
2016-09-26,45.95000
2016-09-27,45.80000
2016-09-28,46.09000
2016-09-29,45.18000
2016-09-30,45.43000
2016-10-03,46.12000
2016-10-04,46.55000
2016-10-05,46.44000
2016-10-06,46.35000
2016-10-07,46.30000
2016-10-10,46.30000
2016-10-13,45.80000
2016-10-14,46.03000
2016-10-17,45.84000
2016-10-18,46.44000
2016-10-19,46.49000
2016-10-20,46.68000
2016-10-21,46.78000
2016-10-24,46.87000
2016-10-25,46.72000
2016-10-26,46.39000
2016-10-27,46.08000
2016-10-28,46.36000
2016-11-01,46.44000
2016-11-02,45.76000
2016-11-03,45.43000
2016-11-04,45.24000
2016-11-07,45.47000
2016-11-08,45.81000
2016-11-09,45.18000
2016-11-10,45.54000
2016-11-11,44.23000
2016-11-15,43.42000
2016-11-16,43.62000
2016-11-17,43.50000
2016-11-18,43.71000
2016-11-21,42.96000
2016-11-22,43.42000
2016-11-23,43.62000
2016-11-24,43.51000
2016-11-25,44.08000
2016-11-28,44.31000
2016-11-29,44.46000
2016-11-30,44.83000
2016-12-01,44.64000
2016-12-02,44.25000
2016-12-05,44.34000
2016-12-06,44.59000
2016-12-07,44.53000
2016-12-08,45.26000
2016-12-09,45.26000
2016-12-12,44.83000
2016-12-13,45.01000
2016-12-14,44.66000
2016-12-15,44.67000
2016-12-16,44.62000
2016-12-19,44.60000
2016-12-20,44.32000
2016-12-21,44.26000
2016-12-22,43.82000
2016-12-23,43.99000
2016-12-26,43.56000
2016-12-27,44.12000
2016-12-28,44.08000
2016-12-29,44.36000
2016-12-30,44.64000
2017-01-02,44.55000
2017-01-03,44.66000
2017-01-04,44.75000
2017-01-05,45.24000
2017-01-06,45.07000
2017-01-09,45.00000
2017-01-10,45.18000
2017-01-11,45.51000
2017-01-12,45.96000
2017-01-13,45.75000
2017-01-16,45.90000
2017-01-17,45.92000
2017-01-18,45.95000
2017-01-19,46.25000
2017-01-20,45.76000
2017-01-23,46.02000
2017-01-24,46.49000
2017-01-25,47.04000
2017-01-27,47.47000
2017-01-30,47.33000
2017-01-31,46.83000
2017-02-01,47.43000
2017-02-02,47.52000
2017-02-03,47.52000
2017-02-06,47.76000
2017-02-07,47.53000
2017-02-08,47.64000
2017-02-09,47.66000
2017-02-10,47.85000
2017-02-13,47.87000
2017-02-14,47.75000
2017-02-15,47.34000
2017-02-16,47.70000
2017-02-17,47.70000
2017-02-20,48.14000
2017-02-21,48.34000
2017-02-22,48.01000
2017-02-23,48.14000
2017-02-27,47.82000
2017-02-28,47.75000
2017-03-01,47.93000
2017-03-02,47.85000
2017-03-03,47.82000
2017-03-06,48.14000
2017-03-07,48.14000
2017-03-08,47.93000
2017-03-09,47.89000
2017-03-10,47.93000
2017-03-14,48.50000
2017-03-15,48.48000
2017-03-16,48.97000
2017-03-17,48.74000
2017-03-20,48.60000
2017-03-21,48.61000
2017-03-22,48.14000
2017-03-23,48.56000
2017-03-24,48.63000
2017-03-27,48.40000
2017-03-28,48.67000
2017-03-29,48.79000
2017-03-30,48.85000
2017-03-31,48.88000
2017-04-01,48.88000
2017-04-02,48.88000
2017-04-03,49.07000
2017-04-05,49.09000
2017-04-06,49.13000
2017-04-07,49.02000
2017-04-10,48.93000
2017-04-11,49.21000
2017-04-12,48.97000
2017-04-13,48.68000
2017-04-17,48.72000
2017-04-18,48.52000
2017-04-19,48.64000
2017-04-20,48.81000
2017-04-21,48.62000
2017-04-24,48.88000
2017-04-25,49.17000
2017-04-26,49.21000
2017-04-27,49.13000
2017-04-28,49.23000
2017-05-02,49.42000
2017-05-03,49.50000
2017-05-04,49.81000
2017-05-05,49.37000
2017-05-08,49.48000
2017-05-09,49.46000
2017-05-10,49.90000
2017-05-11,50.04000
2017-05-12,50.11000
2017-05-15,50.32000
2017-05-16,50.74000
2017-05-17,50.89000
2017-05-18,50.46000
2017-05-19,50.38000
2017-05-22,50.05000
2017-05-23,49.59000
2017-05-24,49.44000
2017-05-25,50.08000
2017-05-26,50.28000
2017-05-29,50.31000
2017-05-30,50.51000
2017-05-31,50.62000
2017-06-01,50.52000
2017-06-02,50.80000
2017-06-05,50.90000
2017-06-06,50.73000
2017-06-07,50.75000
2017-06-08,50.56000
2017-06-09,50.51000
2017-06-12,50.23000
2017-06-13,50.24000
2017-06-14,50.25000
2017-06-15,49.99000
2017-06-16,49.92000
2017-06-19,50.17000
2017-06-20,50.19000
2017-06-21,50.05000
2017-06-22,49.83000
2017-06-23,49.55000
2017-06-27,49.31000
2017-06-28,49.32000
2017-06-29,49.46000
2017-06-30,49.60000
2017-07-03,49.76000
2017-07-04,49.65000
2017-07-05,49.81000
2017-07-06,49.91000
2017-07-07,49.79000
2017-07-10,50.44000
2017-07-11,50.47000
2017-07-12,50.70000
2017-07-13,50.91000
2017-07-14,50.97000
2017-07-17,51.19000
2017-07-18,51.23000
2017-07-19,51.45000
2017-07-20,51.34000
2017-07-21,51.29000
2017-07-24,51.42000
2017-07-25,51.48000
2017-07-26,51.62000
2017-07-27,51.48000
2017-07-28,51.42000
2017-07-31,51.84000
2017-08-01,51.95000
2017-08-02,51.90000
2017-08-03,51.62000
2017-08-04,51.98000
2017-08-07,52.06000
2017-08-08,51.85000
2017-08-09,51.43000
2017-08-10,50.79000
2017-08-11,50.46000
2017-08-14,51.02000
2017-08-16,51.35000
2017-08-17,51.51000
2017-08-18,51.03000
2017-08-21,50.48000
2017-08-22,50.22000
2017-08-23,50.62000
2017-08-24,50.76000
2017-08-28,50.99000
2017-08-29,50.58000
2017-08-30,50.80000
2017-08-31,51.05000
2017-09-01,51.29000
2017-09-04,51.03000
2017-09-05,51.18000
2017-09-06,51.02000
2017-09-07,51.12000
2017-09-08,51.01000
2017-09-11,51.38000
2017-09-12,51.70000
2017-09-13,51.45000
2017-09-14,51.52000
2017-09-15,51.60000
2017-09-18,51.99000
2017-09-19,52.11000
2017-09-20,51.94000
2017-09-21,52.00000
2017-09-22,51.24000
2017-09-25,51.07000
2017-09-26,51.26000
2017-09-27,50.81000
2017-09-28,50.94000
2017-09-29,51.20000
2017-10-03,51.55000
2017-10-04,51.53000
2017-10-05,51.36000
2017-10-06,51.71000
2017-10-09,51.55000
2017-10-10,51.64000
2017-10-11,51.50000
2017-10-12,51.74000
2017-10-13,51.92000
2017-10-16,52.24000
2017-10-17,52.37000
2017-10-18,52.29000
2017-10-23,52.14000
2017-10-24,52.27000
2017-10-25,53.21000
2017-10-26,53.30000
2017-10-27,53.47000
2017-10-30,53.69000
2017-10-31,53.51000
2017-11-01,53.85000
2017-11-02,53.85000
2017-11-03,53.93000
2017-11-06,54.18000
2017-11-07,53.41000
2017-11-08,53.07000
2017-11-09,53.15000
2017-11-10,53.36000
2017-11-13,53.01000
2017-11-14,52.92000
2017-11-15,52.56000
2017-11-16,52.94000
2017-11-17,53.09000
2017-11-20,53.19000
2017-11-21,53.36000
2017-11-22,53.48000
2017-11-23,53.59000
2017-11-24,53.73000
2017-11-27,53.79000
2017-11-28,53.56000
2017-11-29,53.54000
2017-11-30,53.07000
2017-12-01,52.51000
2017-12-04,52.66000
2017-12-05,52.48000
2017-12-06,52.06000
2017-12-07,52.65000
2017-12-08,52.86000
2017-12-11,53.05000
2017-12-12,52.82000
2017-12-13,52.52000
2017-12-14,52.60000
2017-12-15,52.72000
2017-12-18,53.11000
2017-12-19,53.56000
2017-12-20,53.68000
2017-12-21,53.91000
2017-12-22,54.19000
2017-12-26,54.33000
2017-12-27,54.11000
2017-12-28,53.91000
2017-12-29,54.34000
2018-01-01,54.00000
2018-01-02,54.11000
2018-01-03,54.03000
2018-01-04,54.33000
2018-01-05,54.57000
2018-01-08,54.94000
2018-01-09,54.93000
2018-01-10,54.96000
2018-01-11,54.94000
2018-01-12,54.94000
2018-01-15,55.15000
2018-01-16,55.16000
2018-01-17,55.60000
2018-01-18,55.40000
2018-01-19,55.59000
2018-01-22,55.92000
2018-01-23,56.52000
2018-01-24,56.75000
2018-01-25,56.34000
2018-01-29,56.30000
2018-01-30,56.07000
2018-01-31,55.70000
2018-02-01,55.55000
2018-02-02,54.30000
2018-02-05,54.02000
2018-02-06,53.12000
2018-02-07,53.16000
2018-02-08,53.75000
2018-02-09,53.40000
2018-02-12,53.90000
2018-02-14,53.50000
2018-02-15,53.69000
2018-02-16,53.35000
2018-02-19,52.99000
2018-02-20,53.13000
2018-02-21,53.16000
2018-02-22,52.92000
2018-02-23,53.29000
2018-02-26,53.50000
2018-02-27,53.54000
2018-02-28,53.43000
2018-03-01,53.22000
2018-03-05,52.69000
2018-03-06,52.30000
2018-03-07,51.90000
2018-03-08,52.15000
2018-03-09,52.02000
2018-03-12,52.79000
2018-03-13,52.88000
2018-03-14,52.74000
2018-03-15,52.60000
2018-03-16,51.86000
2018-03-19,51.42000
2018-03-20,51.62000
2018-03-21,51.58000
2018-03-22,51.35000
2018-03-23,50.85000
2018-03-26,51.18000
2018-03-27,51.36000
2018-03-28,51.18000
2018-04-02,51.87000
2018-04-03,52.05000
2018-04-04,51.69000
2018-04-05,52.49000
2018-04-06,52.52000
2018-04-09,52.42000
2018-04-10,52.38000
2018-04-11,52.45000
2018-04-12,52.64000
2018-04-13,52.86000
2018-04-16,53.05000
2018-04-17,53.23000
2018-04-18,53.32000
2018-04-19,53.38000
2018-04-20,53.47000
2018-04-23,53.54000
2018-04-24,53.45000
2018-04-25,53.25000
2018-04-26,53.28000
2018-04-27,53.50000
2018-04-30,53.92000
2018-05-02,53.62000
2018-05-03,53.57000
2018-05-04,53.31000
2018-05-07,53.78000
2018-05-08,53.93000
2018-05-09,53.85000
2018-05-10,53.50000
2018-05-11,53.69000
2018-05-14,53.68000
2018-05-15,53.59000
2018-05-16,53.26000
2018-05-17,53.07000
2018-05-18,52.43000
2018-05-21,52.11000
2018-05-22,52.41000
2018-05-23,52.14000
2018-05-24,52.17000
2018-05-25,52.63000
2018-05-28,53.02000
2018-05-29,52.88000
2018-05-30,52.69000
2018-05-31,52.79000
2018-06-01,52.75000
2018-06-04,52.54000
2018-06-05,52.30000
2018-06-06,52.71000
2018-06-07,53.16000
2018-06-08,53.32000
2018-06-11,53.21000
2018-06-12,53.48000
2018-06-13,53.72000
2018-06-14,53.48000
2018-06-15,53.53000
2018-06-18,53.56000
2018-06-19,53.25000
2018-06-20,53.39000
2018-06-21,53.21000
2018-06-22,53.47000
2018-06-25,53.06000
2018-06-26,53.00000
2018-06-27,52.44000
2018-06-28,52.08000
2018-06-29,52.88000
2018-07-02,52.69000
2018-07-03,53.01000
2018-07-04,53.17000
2018-07-05,52.99000
2018-07-06,53.18000
2018-07-09,53.35000
2018-07-10,53.81000
2018-07-11,53.78000
2018-07-12,53.74000
2018-07-13,53.65000
2018-07-16,53.24000
2018-07-17,53.76000
2018-07-18,53.60000
2018-07-19,53.37000
2018-07-20,53.13000
2018-07-23,52.97000
2018-07-24,53.14000
2018-07-25,53.15000
2018-07-26,53.48000
2018-07-27,53.97000
2018-07-30,54.16000
2018-07-31,54.26000
2018-08-01,54.10000
2018-08-02,54.02000
2018-08-03,54.45000
2018-08-06,54.58000
2018-08-07,54.56000
2018-08-08,54.63000
2018-08-09,54.84000
2018-08-10,54.47000
2018-08-13,54.43000
2018-08-14,54.63000
2018-08-16,54.67000
2018-08-17,54.88000
2018-08-20,55.19000
2018-08-21,55.33000
2018-08-23,55.33000
2018-08-24,55.17000
2018-08-27,55.58000
2018-08-28,55.49000
2018-08-29,55.52000
2018-08-30,55.79000
2018-08-31,56.21000
2018-09-03,55.98000
2018-09-04,55.62000
2018-09-05,55.54000
2018-09-06,55.80000
2018-09-07,56.38000
2018-09-10,55.94000
2018-09-11,55.38000
2018-09-12,55.61000
2018-09-14,56.15000
2018-09-17,55.76000
2018-09-18,55.21000
2018-09-19,55.25000
2018-09-21,55.10000
2018-09-24,54.37000
2018-09-25,54.59000
2018-09-26,54.46000
2018-09-27,54.26000
2018-09-28,54.04000
2018-10-01,54.63000
2018-10-03,54.04000
2018-10-04,53.20000
2018-10-05,52.08000
2018-10-08,51.94000
2018-10-09,51.86000
2018-10-10,52.58000
2018-10-11,51.58000
2018-10-12,52.33000
2018-10-15,52.70000
2018-10-16,52.92000
2018-10-17,52.32000
2018-10-19,51.60000
2018-10-22,51.74000
2018-10-23,51.25000
2018-10-24,51.31000
2018-10-25,51.17000
2018-10-26,50.90000
2018-10-29,52.14000
2018-10-30,52.14000
2018-10-31,53.17000
2018-11-01,53.23000
2018-11-02,53.80000
2018-11-05,53.53000
2018-11-06,53.54000
2018-11-09,53.82000
2018-11-12,53.32000
2018-11-13,53.61000
2018-11-14,53.64000
2018-11-15,53.85000
2018-11-16,53.87000
2018-11-19,53.97000
2018-11-20,53.30000
2018-11-21,52.96000
2018-11-22,52.65000
2018-11-26,52.91000
2018-11-27,52.92000
2018-11-28,53.05000
2018-11-29,53.47000
2018-11-30,53.81000
2018-12-03,54.07000
2018-12-04,54.20000
2018-12-05,53.70000
2018-12-06,53.04000
2018-12-07,53.19000
2018-12-10,52.30000
2018-12-11,52.89000
2018-12-12,54.13000
2018-12-13,54.42000
2018-12-14,54.52000
2018-12-17,54.84000
2018-12-18,54.81000
2018-12-19,55.41000
2018-12-20,55.31000
2018-12-21,54.41000
2018-12-24,53.85000
2018-12-26,54.12000
2018-12-27,54.24000
2018-12-28,54.56000
2018-12-31,54.67000
2019-01-01,54.81000
2019-01-02,54.08000
2019-01-03,53.54000
2019-01-04,53.93000
2019-01-07,54.05000
2019-01-08,54.27000
2019-01-09,54.15000
2019-01-10,54.15000
2019-01-11,53.98000
2019-01-14,53.56000
2019-01-15,54.29000
2019-01-16,54.38000
2019-01-17,54.30000
2019-01-18,54.04000
2019-01-21,53.76000
2019-01-22,53.66000
2019-01-23,53.38000
2019-01-24,53.43000
2019-01-25,53.01000
2019-01-28,52.37000
2019-01-29,52.25000
2019-01-30,52.28000
2019-01-31,53.22000
2019-02-01,53.62000
2019-02-04,53.41000
2019-02-05,53.43000
2019-02-06,54.09000
2019-02-07,54.22000
2019-02-08,53.43000
2019-02-11,53.03000
2019-02-12,52.71000
2019-02-13,52.45000
2019-02-14,52.62000
2019-02-15,52.39000
2019-02-18,52.11000
2019-02-19,51.89000
2019-02-20,52.71000
2019-02-21,53.07000
2019-02-22,53.36000
2019-02-25,53.81000
2019-02-26,53.70000
2019-02-27,53.62000
2019-02-28,53.63000
2019-03-01,54.13000
2019-03-05,54.77000
2019-03-06,55.03000
2019-03-07,54.84000
2019-03-08,54.78000
2019-03-11,55.43000
2019-03-12,55.78000
2019-03-13,55.69000
2019-03-14,55.59000
2019-03-15,56.11000
2019-03-18,55.90000
2019-03-19,56.05000
2019-03-20,55.87000
2019-03-22,55.87000
2019-03-25,55.51000
2019-03-26,55.92000
2019-03-27,55.93000
2019-03-28,56.17000
2019-03-29,56.41000
2019-04-01,56.61000
2019-04-02,56.87000
2019-04-03,56.51000
2019-04-04,56.39000
2019-04-05,56.77000
2019-04-08,56.73000
2019-04-09,57.11000
2019-04-10,56.72000
2019-04-11,56.80000
2019-04-12,57.10000
2019-04-15,57.27000
2019-04-16,57.49000
2019-04-18,57.15000
2019-04-22,56.50000
2019-04-23,56.35000
2019-04-24,56.74000
2019-04-25,56.42000
2019-04-26,56.90000
2019-04-30,56.33000
2019-05-02,56.09000
2019-05-03,56.02000
2019-05-06,55.63000
2019-05-07,55.33000
2019-05-08,54.70000
2019-05-09,54.84000
2019-05-10,54.57000
2019-05-13,54.06000
2019-05-14,54.26000
2019-05-15,53.74000
2019-05-16,54.08000
2019-05-17,54.53000
2019-05-20,56.22000
2019-05-21,55.51000
2019-05-22,55.64000
2019-05-23,55.65000
2019-05-24,56.52000
2019-05-27,57.05000
2019-05-28,57.02000
2019-05-29,56.58000
2019-05-30,56.95000
2019-05-31,56.89000
2019-06-03,57.64000
2019-06-04,57.25000
2019-06-06,56.32000
2019-06-07,56.35000
2019-06-10,56.37000
2019-06-11,56.64000
2019-06-12,56.36000
2019-06-13,56.21000
2019-06-14,55.87000
2019-06-17,55.23000
2019-06-18,55.49000
2019-06-19,55.36000
2019-06-20,56.11000
2019-06-21,55.77000
2019-06-24,55.75000
2019-06-25,56.17000
2019-06-26,56.43000
2019-06-27,56.51000
2019-06-28,56.18000
2019-07-01,56.46000
2019-07-02,56.59000
2019-07-03,56.52000
2019-07-04,56.56000
2019-07-05,55.64000
2019-07-08,54.63000
2019-07-09,54.85000
2019-07-10,54.45000
2019-07-11,54.93000
2019-07-12,54.99000
2019-07-15,55.26000
2019-07-16,55.77000
2019-07-17,55.67000
2019-07-18,55.10000
2019-07-19,54.39000
2019-07-22,54.21000
2019-07-23,54.04000
2019-07-24,53.71000
2019-07-25,53.95000
2019-07-26,54.07000
2019-07-29,53.52000
2019-07-30,52.97000
2019-07-31,53.37000
2019-08-01,52.81000
2019-08-02,52.76000
2019-08-05,52.34000
2019-08-06,52.58000
2019-08-07,52.54000
2019-08-08,53.02000
2019-08-09,53.17000
2019-08-13,51.90000
2019-08-14,52.42000
2019-08-16,52.47000
2019-08-19,52.39000
2019-08-20,52.27000
2019-08-21,51.81000
2019-08-22,50.88000
2019-08-23,51.48000
2019-08-26,52.04000
2019-08-27,52.35000
2019-08-28,52.06000
2019-08-29,51.66000
2019-08-30,52.06000
2019-09-03,51.19000
2019-09-04,51.37000
2019-09-05,51.61000
2019-09-06,52.03000
2019-09-09,52.22000
2019-09-11,52.47000
2019-09-12,52.28000
2019-09-13,52.76000
2019-09-16,52.51000
2019-09-17,51.50000
2019-09-18,51.70000
2019-09-19,50.95000
2019-09-20,53.11000
2019-09-23,53.53000
2019-09-24,53.27000
2019-09-25,52.41000
2019-09-26,52.69000
2019-09-27,52.24000
2019-09-30,51.88000
2019-10-01,51.09000
2019-10-03,51.03000
2019-10-04,50.79000
2019-10-07,50.58000
2019-10-09,51.13000
2019-10-10,50.64000
2019-10-11,50.98000
2019-10-14,51.12000
2019-10-15,51.42000
2019-10-16,51.56000
2019-10-17,52.17000
2019-10-18,52.51000
2019-10-22,51.92000
2019-10-23,52.12000
2019-10-24,51.64000
2019-10-25,51.89000
2019-10-29,52.80000
2019-10-30,53.03000
2019-10-31,53.85000
2019-11-01,53.89000
2019-11-04,54.06000
2019-11-05,53.95000
2019-11-06,54.25000
2019-11-07,54.31000
2019-11-08,53.83000
2019-11-11,53.88000
2019-11-13,53.32000
2019-11-14,53.53000
2019-11-15,53.57000
2019-11-18,53.54000
2019-11-19,53.47000
2019-11-20,53.56000
2019-11-21,53.36000
2019-11-22,53.31000
2019-11-25,53.88000
2019-11-26,53.65000
2019-11-27,54.08000
2019-11-28,54.37000
2019-11-29,53.98000
2019-12-02,53.74000
2019-12-03,53.47000
2019-12-04,53.91000
2019-12-05,53.69000
2019-12-06,52.81000
2019-12-09,52.90000
2019-12-10,52.27000
2019-12-11,52.48000
2019-12-12,52.68000
2019-12-13,53.27000
2019-12-16,53.16000
2019-12-17,53.65000
2019-12-18,53.71000
2019-12-19,53.81000
2019-12-20,54.05000
2019-12-23,54.09000
2019-12-24,54.08000
2019-12-26,53.94000
2019-12-27,54.46000
2019-12-30,54.40000
2019-12-31,54.18000
2020-01-01,54.22000
2020-01-02,54.77000
2020-01-03,54.59000
2020-01-06,53.54000
2020-01-07,53.63000
2020-01-08,53.55000
2020-01-09,54.31000
2020-01-10,54.44000
2020-01-13,55.00000
2020-01-14,55.11000
2020-01-15,54.99000
2020-01-16,54.92000
2020-01-17,54.82000
2020-01-20,54.46000
2020-01-21,54.32000
2020-01-22,54.13000
2020-01-23,54.59000
2020-01-24,54.69000
2020-01-27,54.23000
2020-01-28,54.10000
2020-01-29,54.28000
2020-01-30,53.73000
2020-01-31,53.38000
2020-02-03,52.12000
2020-02-04,52.98000
2020-02-05,53.36000
2020-02-06,53.95000
2020-02-07,53.91000
2020-02-10,53.20000
2020-02-11,53.62000
2020-02-12,53.66000
2020-02-13,53.60000
2020-02-14,53.14000
2020-02-17,52.56000
2020-02-18,52.36000
2020-02-19,52.88000
2020-02-20,52.99000
2020-02-24,52.06000
2020-02-25,52.10000
2020-02-26,51.58000
2020-02-27,51.09000
2020-02-28,49.10000
2020-03-02,48.66000
2020-03-03,49.54000
2020-03-04,49.37000
2020-03-05,49.41000
2020-03-06,48.02000
2020-03-09,45.68000
2020-03-11,45.21000
2020-03-12,41.70000
2020-03-13,43.34000
2020-03-16,40.42000
2020-03-17,39.50000
2020-03-18,37.38000
2020-03-19,36.67000
2020-03-20,38.61000
2020-03-23,34.55000
2020-03-24,34.85000
2020-03-25,35.79000
2020-03-26,37.36000
2020-03-27,37.45000
2020-03-30,36.00000
2020-03-31,37.24000
2020-04-01,36.28000
2020-04-03,35.55000
2020-04-07,37.89000
2020-04-08,38.12000
2020-04-09,40.30000
2020-04-13,39.80000
2020-04-15,39.71000
2020-04-16,40.13000
2020-04-17,41.25000
2020-04-20,41.05000
2020-04-21,39.66000
2020-04-22,40.16000
2020-04-23,40.72000
2020-04-24,39.96000
2020-04-27,40.17000
2020-04-28,40.67000
2020-04-29,41.50000
2020-04-30,42.99000
2020-05-04,40.91000
2020-05-05,40.62000
2020-05-06,41.20000
2020-05-07,40.74000
2020-05-08,40.60000
2020-05-11,40.81000
2020-05-12,40.80000
2020-05-13,41.56000
2020-05-14,40.56000
2020-05-15,40.31000
2020-05-18,38.91000
2020-05-19,39.28000
2020-05-20,40.07000
2020-05-21,40.31000
2020-05-22,40.17000
2020-05-26,40.28000
2020-05-27,41.11000
2020-05-28,41.69000
2020-05-29,42.23000
2020-06-01,43.04000
2020-06-02,43.59000
2020-06-03,43.70000
2020-06-04,43.73000
2020-06-05,44.30000
2020-06-08,44.44000
2020-06-09,44.15000
2020-06-10,44.33000
2020-06-11,43.80000
2020-06-12,44.09000
2020-06-15,43.63000
2020-06-16,43.82000
2020-06-17,43.66000
2020-06-18,44.15000
2020-06-19,44.35000
2020-06-22,44.67000
2020-06-23,45.31000
2020-06-24,44.59000
2020-06-25,44.46000
2020-06-26,45.07000
2020-06-29,44.62000
2020-06-30,44.75000
2020-07-01,44.98000
2020-07-02,45.71000
2020-07-03,45.83000
2020-07-06,46.17000
2020-07-07,46.31000
2020-07-08,46.07000
2020-07-09,46.42000
2020-07-10,45.92000
2020-07-13,45.92000
2020-07-14,45.03000
2020-07-15,45.58000
2020-07-16,46.35000
2020-07-17,46.91000
2020-07-20,47.38000
2020-07-21,47.92000
2020-07-22,47.67000
2020-07-23,47.90000
2020-07-24,47.68000
2020-07-27,47.50000
2020-07-28,48.31000
2020-07-29,48.34000
2020-07-30,47.99000
2020-07-31,48.07000
2020-08-03,47.58000
2020-08-04,47.77000
2020-08-05,47.86000
2020-08-06,48.29000
2020-08-07,48.15000
2020-08-10,48.83000
2020-08-11,49.04000
2020-08-12,49.11000
2020-08-13,49.24000
2020-08-14,48.99000
2020-08-17,49.50000
2020-08-18,49.92000
2020-08-19,49.91000
2020-08-20,49.86000
2020-08-21,50.17000
2020-08-24,50.23000
2020-08-25,50.26000
2020-08-26,50.65000
2020-08-27,50.92000
2020-08-28,51.05000
2020-08-31,49.59000
2020-09-01,49.84000
2020-09-02,50.15000
2020-09-03,50.20000
2020-09-04,49.33000
2020-09-07,49.22000
2020-09-08,48.96000
2020-09-09,48.83000
2020-09-10,49.17000
2020-09-11,49.27000
2020-09-14,49.78000
2020-09-15,50.23000
2020-09-16,50.66000
2020-09-17,50.50000
2020-09-18,50.83000
2020-09-21,49.62000
2020-09-22,49.26000
2020-09-23,48.96000
2020-09-24,47.32000
2020-09-25,48.49000
2020-09-28,49.38000
2020-09-29,49.35000
2020-09-30,49.48000
2020-10-01,50.21000
2020-10-05,50.73000
2020-10-06,51.34000
2020-10-07,51.59000
2020-10-08,52.26000
2020-10-09,52.67000
2020-10-12,52.76000
2020-10-13,52.63000
2020-10-14,52.46000
2020-10-15,51.54000
2020-10-16,52.29000
2020-10-19,52.50000
2020-10-20,52.59000
2020-10-21,52.97000
2020-10-22,52.95000
2020-10-23,53.20000
2020-10-26,52.29000
2020-10-27,52.65000
2020-10-28,51.93000
2020-10-29,51.61000
2020-10-30,51.44000
2020-11-02,52.13000
2020-11-03,52.87000
2020-11-04,53.14000
2020-11-05,53.89000
2020-11-06,54.09000
2020-11-09,54.69000
2020-11-10,55.09000
2020-11-11,56.06000
2020-11-12,55.94000
2020-11-13,56.03000
2020-11-17,56.55000
2020-11-18,56.94000
2020-11-19,56.53000
2020-11-20,56.94000
2020-11-23,57.35000
2020-11-24,57.77000
2020-11-25,57.25000
2020-11-26,57.74000
2020-11-27,58.14000
2020-12-01,58.86000
2020-12-02,59.19000
2020-12-03,59.23000
2020-12-04,59.30000
2020-12-07,59.81000
2020-12-08,59.90000
2020-12-09,60.09000
2020-12-10,59.55000
2020-12-11,59.72000
2020-12-14,59.91000
2020-12-15,60.22000
2020-12-16,60.61000
2020-12-17,60.68000
2020-12-18,60.79000
2020-12-21,58.44000
2020-12-22,59.01000
2020-12-23,59.82000
2020-12-24,60.31000
2020-12-28,60.78000
2020-12-29,61.02000
2020-12-30,61.28000
2020-12-31,61.34000
2021-01-01,61.70000
2021-01-04,62.55000
2021-01-05,62.95000
2021-01-06,63.21000
2021-01-07,63.82000
2021-01-08,64.92000
2021-01-11,65.74000
2021-01-12,66.09000
2021-01-13,66.22000
2021-01-14,66.28000
2021-01-15,65.28000
2021-01-18,64.02000
2021-01-19,65.03000
2021-01-20,65.52000
2021-01-21,64.64000
2021-01-22,64.37000
2021-01-25,64.24000
2021-01-27,63.15000
2021-01-28,62.54000
2021-01-29,62.00000
2021-02-01,64.55000
2021-02-02,66.14000
2021-02-03,67.09000
2021-02-04,67.44000
2021-02-05,67.51000
2021-02-08,68.70000
2021-02-09,68.51000
2021-02-10,68.71000
2021-02-11,68.70000
2021-02-12,68.71000
2021-02-15,69.56000
2021-02-16,69.70000
2021-02-17,69.50000
2021-02-18,69.44000
2021-02-19,68.25000
2021-02-22,66.84000
2021-02-23,67.21000
2021-02-24,68.09000
2021-02-25,68.75000
2021-02-26,66.27000
2021-03-01,67.41000
2021-03-02,68.35000
2021-03-03,69.55000
2021-03-04,69.20000
2021-03-05,68.01000
2021-03-08,68.22000
2021-03-09,68.28000
2021-03-10,68.87000
2021-03-12,68.45000
2021-03-15,68.00000
2021-03-16,67.87000
2021-03-17,66.86000
2021-03-18,66.27000
2021-03-19,67.00000
2021-03-22,67.31000
2021-03-23,67.53000
2021-03-24,66.49000
2021-03-25,65.52000
2021-03-26,66.36000
2021-03-30,67.73000
2021-03-31,67.38000
2021-04-01,68.21000
2021-04-05,67.08000
2021-04-06,67.15000
2021-04-07,67.95000
2021-04-08,68.31000
2021-04-09,68.22000
2021-04-12,65.41000
2021-04-13,66.44000
2021-04-15,66.60000
2021-04-16,67.20000
2021-04-19,66.15000
2021-04-20,65.88000
2021-04-22,66.39000
2021-04-23,66.40000
2021-04-26,66.91000
2021-04-27,67.55000
2021-04-28,68.54000
2021-04-29,68.50000
2021-04-30,67.60000
2021-05-03,67.60000
2021-05-04,67.03000
2021-05-05,67.84000
2021-05-06,68.58000
2021-05-07,69.05000
2021-05-10,69.69000
2021-05-11,69.78000
2021-05-12,69.24000
2021-05-14,68.33000
2021-05-17,69.46000
2021-05-18,70.74000
2021-05-19,70.51000
2021-05-20,70.15000
2021-05-21,71.18000
2021-05-24,71.41000
2021-05-25,71.46000
2021-05-26,71.63000
2021-05-27,71.88000
2021-05-28,72.06000
2021-05-31,72.42000
2021-06-01,72.36000
2021-06-02,72.68000
2021-06-03,73.10000
2021-06-04,73.38000
2021-06-07,73.85000
2021-06-08,73.76000
2021-06-09,73.29000
2021-06-10,73.87000
2021-06-11,74.09000
2021-06-14,74.06000
2021-06-15,74.30000
2021-06-16,73.72000
2021-06-17,73.23000
2021-06-18,72.78000
2021-06-21,72.97000
2021-06-22,73.28000
2021-06-23,72.97000
2021-06-24,73.37000
2021-06-25,73.95000
2021-06-28,74.02000
2021-06-29,73.73000
2021-06-30,73.46000
2021-07-01,73.35000
2021-07-02,73.31000
2021-07-05,73.75000
2021-07-06,73.77000
2021-07-07,74.14000
2021-07-08,73.69000
2021-07-09,73.68000
2021-07-12,73.68000
2021-07-13,74.15000
2021-07-14,74.55000
2021-07-15,74.89000
2021-07-16,74.90000
2021-07-19,74.16000
2021-07-20,73.72000
2021-07-22,74.43000
2021-07-23,74.66000
2021-07-26,74.49000
2021-07-27,74.28000
2021-07-28,74.01000
2021-07-29,74.26000
2021-07-30,74.63000
2021-08-02,74.98000
2021-08-03,75.80000
2021-08-04,76.19000
2021-08-05,76.18000
2021-08-06,75.92000
2021-08-09,75.87000
2021-08-10,75.82000
2021-08-11,75.76000
2021-08-12,76.19000
2021-08-13,76.53000
2021-08-16,76.51000
2021-08-17,76.91000
2021-08-18,76.83000
2021-08-20,75.54000
2021-08-23,75.32000
2021-08-24,76.01000
2021-08-25,75.95000
2021-08-26,75.73000
2021-08-27,76.05000
2021-08-30,76.97000
2021-08-31,77.60000
2021-09-01,77.26000
2021-09-02,77.87000
2021-09-03,78.12000
2021-09-06,78.41000
2021-09-07,78.33000
2021-09-08,78.23000
2021-09-09,78.34000
2021-09-13,78.43000
2021-09-14,78.57000
2021-09-15,79.23000
2021-09-16,79.37000
2021-09-17,78.74000
2021-09-20,77.28000
2021-09-21,77.87000
2021-09-22,78.28000
2021-09-23,79.39000
2021-09-24,79.10000
2021-09-27,79.37000
2021-09-28,79.01000
2021-09-29,79.09000
2021-09-30,78.52000
2021-10-01,78.36000
2021-10-04,79.01000
2021-10-05,79.46000
2021-10-06,78.58000
2021-10-07,79.43000
2021-10-08,79.58000
2021-10-11,79.98000
2021-10-12,80.22000
2021-10-13,81.06000
2021-10-14,81.87000
2021-10-18,82.43000
2021-10-19,81.99000
2021-10-20,81.36000
2021-10-21,81.10000
2021-10-22,80.70000
2021-10-25,80.68000
2021-10-26,81.11000
2021-10-27,81.15000
2021-10-28,79.80000
2021-10-29,79.34000
2021-11-01,80.69000
2021-11-02,80.81000
2021-11-03,80.72000
2021-11-08,81.96000
2021-11-09,81.99000
2021-11-10,81.83000
2021-11-11,81.14000
2021-11-12,81.84000
2021-11-15,81.78000
2021-11-16,81.45000
2021-11-17,81.17000
2021-11-18,80.18000
2021-11-22,78.71000
2021-11-23,79.29000
2021-11-24,79.03000
2021-11-25,78.95000
2021-11-26,76.39000
2021-11-29,75.83000
2021-11-30,75.67000
2021-12-01,76.19000
2021-12-02,77.22000
2021-12-03,76.84000
2021-12-06,75.75000
2021-12-07,76.89000
2021-12-08,78.11000
2021-12-09,78.19000
2021-12-10,78.25000
2021-12-13,77.81000
2021-12-14,77.79000
2021-12-15,77.18000
2021-12-16,76.88000
2021-12-17,75.86000
2021-12-20,74.00000
2021-12-21,74.46000
2021-12-22,75.06000
2021-12-23,75.89000
2021-12-24,75.30000
2021-12-27,75.85000
2021-12-28,76.49000
2021-12-29,76.42000
2021-12-30,76.44000
2021-12-31,77.00000
2022-01-03,78.02000
2022-01-04,78.53000
2022-01-05,78.74000
2022-01-06,78.22000
2022-01-07,78.44000
2022-01-10,79.34000
2022-01-11,79.47000
2022-01-12,80.26000
2022-01-13,80.44000
2022-01-14,80.33000
2022-01-17,80.80000
2022-01-18,79.59000
2022-01-19,79.25000
2022-01-20,78.71000
2022-01-21,77.91000
2022-01-24,76.24000
2022-01-25,76.79000
2022-01-27,76.24000
2022-01-28,76.64000
2022-01-31,77.78000
2022-02-01,78.70000
2022-02-02,79.29000
2022-02-03,78.61000
2022-02-04,78.04000
2022-02-07,77.00000
2022-02-08,76.88000
2022-02-09,77.64000
2022-02-10,78.33000
2022-02-11,77.28000
2022-02-14,74.75000
2022-02-15,76.69000
2022-02-16,76.67000
2022-02-17,76.75000
2022-02-18,76.33000
2022-02-21,76.11000
2022-02-22,75.73000
2022-02-23,75.54000
2022-02-24,71.96000
2022-02-25,73.85000
2022-02-28,74.35000
2022-03-02,73.37000
2022-03-03,73.24000
2022-03-04,72.44000
2022-03-07,71.19000
2022-03-08,71.93000
2022-03-09,73.03000
2022-03-10,73.71000
2022-03-11,73.97000
2022-03-14,74.92000
2022-03-15,74.12000
2022-03-16,75.51000
2022-03-17,76.38000
2022-03-21,75.73000
2022-03-22,76.31000
2022-03-23,76.12000
2022-03-24,76.09000
2022-03-25,75.74000
2022-03-28,75.91000
2022-03-29,76.34000
2022-03-30,76.74000
2022-03-31,76.75000
2022-04-01,77.95000
2022-04-04,79.63000
2022-04-05,79.47000
2022-04-06,79.13000
2022-04-07,78.76000
2022-04-08,79.12000
2022-04-11,78.97000
2022-04-12,78.30000
2022-04-13,78.19000
2022-04-18,76.97000
2022-04-19,75.69000
2022-04-20,76.34000
2022-04-21,77.26000
2022-04-22,76.21000
2022-04-25,75.25000
2022-04-26,76.57000
2022-04-27,76.20000
2022-04-28,76.80000
2022-04-29,76.28000
2022-05-02,76.26000
2022-05-04,74.80000
2022-05-05,75.11000
2022-05-06,74.45000
2022-05-09,74.14000
2022-05-10,73.59000
2022-05-11,73.44000
2022-05-12,72.12000
2022-05-13,71.68000
2022-05-16,72.54000
2022-05-17,73.98000
2022-05-18,73.67000
2022-05-19,71.89000
2022-05-20,73.42000
2022-05-23,73.16000
2022-05-24,72.83000
2022-05-25,72.43000
2022-05-26,73.49000
2022-05-27,73.99000
2022-05-30,75.22000
2022-05-31,75.42000
2022-06-01,75.16000
2022-06-02,75.14000
2022-06-03,74.47000
2022-06-06,74.55000
2022-06-07,74.30000
2022-06-08,74.18000
2022-06-09,74.44000
2022-06-10,73.48000
2022-06-13,71.73000
2022-06-14,71.52000
2022-06-15,71.52000
2022-06-16,69.70000
2022-06-17,69.09000
2022-06-20,69.04000
2022-06-21,70.45000
2022-06-22,69.56000
2022-06-23,70.73000
2022-06-24,71.55000
2022-06-27,72.25000
2022-06-28,72.54000
2022-06-29,72.44000
2022-06-30,72.03000
2022-07-01,72.26000
2022-07-04,72.41000
2022-07-05,72.30000
2022-07-06,73.12000
2022-07-07,74.00000
2022-07-08,74.12000
2022-07-11,74.36000
2022-07-12,73.67000
2022-07-13,73.33000
2022-07-14,73.21000
2022-07-15,73.62000
2022-07-18,74.68000
2022-07-19,74.94000
2022-07-20,75.53000
2022-07-21,76.23000
2022-07-22,76.64000
2022-07-25,76.38000
2022-07-26,75.57000
2022-07-27,76.16000
2022-07-28,76.95000
2022-07-29,77.83000
2022-08-01,78.59000
2022-08-02,78.45000
2022-08-03,78.66000
2022-08-04,78.72000
2022-08-05,78.72000
2022-08-08,79.12000
2022-08-10,79.10000
2022-08-11,79.89000
2022-08-12,80.18000
2022-08-16,80.94000
2022-08-17,81.34000
2022-08-18,81.37000
2022-08-19,80.69000
2022-08-22,79.28000
2022-08-23,79.89000
2022-08-24,80.05000
2022-08-25,79.76000
2022-08-26,79.80000
2022-08-29,78.70000
2022-08-30,80.43000
2022-09-01,79.96000
2022-09-02,79.83000
2022-09-05,80.24000
2022-09-06,80.46000
2022-09-07,80.15000
2022-09-08,80.93000
2022-09-09,81.31000
2022-09-12,81.75000
2022-09-13,82.09000
2022-09-14,81.95000
2022-09-15,81.53000
2022-09-16,79.86000
2022-09-19,80.08000
2022-09-20,81.35000
2022-09-21,80.66000
2022-09-22,80.25000
2022-09-23,78.83000
2022-09-26,77.48000
2022-09-27,77.48000
2022-09-28,77.11000
2022-09-29,77.00000
2022-09-30,78.09000
2022-10-03,77.44000
2022-10-04,79.09000
2022-10-06,79.19000
2022-10-07,78.98000
2022-10-10,78.78000
2022-10-11,77.50000
2022-10-12,78.12000
2022-10-13,77.37000
2022-10-14,77.88000
2022-10-17,78.37000
2022-10-18,79.08000
2022-10-19,78.92000
2022-10-20,79.28000
2022-10-21,79.16000
2022-10-25,80.14000
2022-10-27,80.66000
2022-10-28,80.65000
2022-10-31,81.41000
2022-11-01,81.99000
2022-11-02,81.50000
2022-11-03,81.29000
2022-11-04,81.27000
2022-11-07,81.96000
2022-11-09,81.65000
2022-11-10,81.44000
2022-11-11,82.45000
2022-11-14,82.51000
2022-11-15,83.02000
2022-11-16,83.03000
2022-11-17,82.68000
2022-11-18,82.16000
2022-11-21,81.65000
2022-11-22,82.03000
2022-11-23,82.13000
2022-11-24,83.06000
2022-11-25,83.39000
2022-11-28,83.42000
2022-11-29,83.56000
2022-11-30,84.46000
2022-12-01,84.59000
2022-12-02,84.07000
2022-12-05,84.37000
2022-12-06,84.00000
2022-12-07,83.57000
2022-12-08,83.84000
2022-12-09,83.49000
2022-12-12,83.48000
2022-12-13,84.03000
2022-12-14,84.61000
2022-12-15,83.61000
2022-12-16,82.83000
2022-12-19,83.49000
2022-12-20,83.27000
2022-12-21,82.67000
2022-12-22,82.13000
2022-12-23,80.61000
2022-12-26,81.72000
2022-12-27,82.29000
2022-12-28,82.27000
2022-12-29,82.65000
2022-12-30,82.47000
2023-01-02,82.95000
2023-01-03,83.11000
2023-01-04,82.30000
2023-01-05,82.41000
2023-01-06,81.66000
2023-01-09,82.69000
2023-01-10,81.99000
2023-01-11,81.86000
2023-01-12,81.86000
2023-01-13,82.34000
2023-01-16,82.30000
2023-01-17,82.66000
2023-01-18,83.16000
2023-01-19,83.02000
2023-01-20,82.84000
2023-01-23,83.54000
2023-01-24,83.59000
2023-01-25,82.57000
2023-01-27,81.56000
2023-01-30,81.39000
2023-01-31,81.77000
2023-02-01,81.81000
2023-02-02,81.61000
2023-02-03,82.60000
2023-02-06,82.29000
2023-02-07,81.98000
2023-02-08,82.40000
2023-02-09,82.39000
2023-02-10,82.20000
2023-02-13,81.61000
2023-02-14,81.99000
2023-02-15,82.51000
2023-02-16,82.73000
2023-02-17,82.23000
2023-02-20,81.82000
2023-02-21,81.66000
2023-02-22,80.70000
2023-02-23,80.56000
2023-02-24,80.40000
2023-02-27,79.84000
2023-02-28,79.48000
2023-03-01,80.21000
2023-03-02,79.63000
2023-03-03,80.41000
2023-03-06,81.09000
2023-03-08,81.43000
2023-03-09,80.87000
2023-03-10,80.15000
2023-03-13,79.11000
2023-03-14,78.55000
2023-03-15,78.16000
2023-03-16,78.17000
2023-03-17,78.51000
2023-03-20,77.82000
2023-03-21,78.11000
2023-03-22,78.15000
2023-03-23,77.89000
2023-03-24,77.26000
2023-03-27,77.08000
2023-03-28,76.82000
2023-03-29,77.54000
2023-03-31,78.44000
2023-04-03,79.02000
2023-04-05,79.40000
2023-04-06,79.61000
2023-04-10,79.90000
2023-04-11,80.29000
2023-04-12,80.87000
2023-04-13,80.68000
2023-04-17,79.92000
2023-04-18,80.09000
2023-04-19,79.83000
2023-04-20,79.88000
2023-04-21,79.77000
2023-04-24,80.33000
2023-04-25,80.52000
2023-04-26,80.73000
2023-04-27,81.04000
2023-04-28,81.49000
2023-05-02,82.03000
2023-05-03,81.79000
2023-05-04,82.41000
2023-05-05,81.27000
2023-05-08,82.20000
2023-05-09,82.34000
2023-05-10,82.69000
2023-05-11,82.85000
2023-05-12,83.12000
2023-05-15,83.64000
2023-05-16,83.53000
2023-05-17,83.21000
2023-05-18,82.86000
2023-05-19,83.04000
2023-05-22,83.34000
2023-05-23,83.67000
2023-05-24,83.59000
2023-05-25,83.75000
2023-05-26,84.20000
2023-05-29,84.97000
2023-05-30,84.94000
2023-05-31,84.52000
2023-06-01,84.76000
2023-06-02,85.12000
2023-06-05,85.32000
2023-06-06,85.17000
2023-06-07,85.74000
2023-06-08,85.37000
2023-06-09,84.81000
2023-06-12,85.16000
2023-06-13,85.40000
2023-06-14,85.32000
2023-06-15,84.91000
2023-06-16,85.29000
2023-06-19,85.15000
2023-06-20,85.74000
2023-06-21,86.60000
2023-06-22,86.25000
2023-06-23,86.04000
2023-06-26,86.54000
2023-06-27,87.00000
2023-06-28,87.31000
2023-06-30,88.45000
2023-07-03,88.93000
2023-07-04,89.00000
2023-07-05,89.29000
2023-07-06,89.68000
2023-07-07,88.95000
2023-07-10,88.93000
2023-07-11,89.39000
2023-07-12,89.42000
2023-07-13,89.49000
2023-07-14,90.51000
2023-07-17,90.75000
2023-07-18,90.91000
2023-07-19,91.11000
2023-07-20,91.58000
2023-07-21,90.96000
2023-07-24,91.02000
2023-07-25,91.36000
2023-07-26,91.51000
2023-07-27,91.37000
2023-07-28,91.55000
2023-07-31,92.43000
2023-08-01,92.65000
2023-08-02,91.48000
2023-08-03,90.84000
2023-08-04,91.60000
2023-08-07,92.11000
2023-08-08,92.42000
2023-08-09,92.73000
2023-08-10,92.38000
2023-08-11,91.76000
2023-08-14,91.51000
2023-08-16,91.63000
2023-08-17,91.53000
2023-08-18,90.96000
2023-08-21,91.40000
2023-08-22,91.53000
2023-08-23,91.78000
2023-08-24,91.70000
2023-08-25,91.11000
2023-08-28,91.49000
2023-08-29,91.70000
2023-08-30,91.75000
2023-08-31,91.58000
2023-09-01,92.65000
2023-09-04,93.45000
2023-09-05,93.66000
2023-09-06,93.62000
2023-09-07,94.13000
2023-09-08,94.57000
2023-09-11,95.20000
2023-09-12,94.60000
2023-09-13,94.89000
2023-09-14,95.40000
2023-09-15,96.05000
2023-09-18,95.90000
2023-09-20,95.23000
2023-09-21,94.31000
2023-09-22,93.95000
2023-09-25,93.90000
2023-09-26,93.87000
2023-09-27,93.93000
2023-09-29,93.83000
2023-10-03,93.33000
2023-10-04,92.62000
2023-10-05,93.11000
2023-10-06,93.54000
2023-10-09,92.73000
2023-10-10,93.57000
2023-10-11,94.25000
2023-10-12,94.19000
2023-10-13,93.89000
2023-10-16,93.98000
2023-10-17,94.46000
2023-10-18,93.97000
2023-10-19,93.97000
2023-10-20,93.71000
2023-10-23,92.48000
2023-10-25,91.66000
2023-10-26,90.49000
2023-10-27,91.47000
2023-10-30,91.73000
2023-10-31,91.40000
2023-11-01,91.00000
2023-11-02,91.67000
2023-11-03,92.52000
2023-11-06,93.32000
2023-11-07,93.42000
2023-11-08,93.28000
2023-11-09,93.22000
2023-11-10,93.24000
2023-11-13,93.51000
2023-11-15,95.06000
2023-11-16,95.73000
2023-11-17,95.60000
2023-11-20,95.63000
2023-11-21,95.91000
2023-11-22,95.78000
2023-11-23,95.92000
2023-11-24,95.88000
2023-11-28,96.31000
2023-11-29,97.29000
2023-11-30,98.11000
2023-12-01,98.29000
2023-12-04,100.50000
2023-12-05,100.82000
2023-12-06,100.75000
2023-12-07,100.87000
2023-12-08,101.00000
2023-12-11,101.09000
2023-12-12,100.59000
2023-12-13,101.00000
2023-12-14,102.45000
2023-12-15,103.43000
2023-12-18,103.31000
2023-12-19,103.15000
2023-12-20,101.47000
2023-12-21,102.11000
2023-12-22,103.05000
2023-12-26,103.62000
2023-12-27,104.52000
2023-12-28,105.28000
2023-12-29,105.24000
2024-01-01,105.35000
2024-01-02,104.74000
2024-01-03,104.36000
2024-01-04,104.90000
2024-01-05,105.25000
2024-01-08,104.37000
2024-01-09,104.67000
2024-01-10,104.75000
2024-01-11,105.49000
2024-01-12,106.66000
2024-01-15,107.64000
2024-01-16,107.25000
2024-01-17,105.51000
2024-01-18,105.03000
2024-01-19,106.02000
2024-01-23,104.80000
2024-01-24,106.17000
2024-01-25,105.73000
2024-01-29,106.87000
2024-01-30,106.83000
2024-01-31,108.28000
2024-02-01,108.25000
2024-02-02,108.83000
2024-02-05,109.12000
2024-02-06,110.44000
2024-02-07,110.27000
2024-02-08,109.56000
2024-02-09,109.54000
2024-02-12,108.10000
2024-02-13,108.93000
2024-02-14,109.57000
2024-02-15,110.59000
2024-02-16,111.42000
2024-02-19,111.65000
2024-02-20,111.49000
2024-02-21,111.13000
2024-02-22,111.80000
2024-02-23,111.84000
2024-02-26,111.57000
2024-02-27,111.70000
2024-02-28,110.48000
2024-02-29,110.82000
2024-03-01,112.04000
2024-03-04,112.52000
2024-03-05,112.57000
2024-03-06,112.73000
2024-03-07,113.07000
2024-03-11,112.43000
2024-03-12,111.94000
2024-03-13,109.68000
2024-03-14,110.65000
2024-03-15,109.81000
2024-03-18,109.78000
2024-03-19,108.64000
2024-03-20,108.91000
2024-03-21,110.16000
2024-03-22,110.41000
2024-03-26,109.99000
2024-03-27,109.97000
2024-03-28,111.14000
2024-03-31,111.13000
2024-04-01,111.97000
2024-04-02,112.15000
2024-04-03,112.50000
2024-04-04,112.60000
2024-04-05,113.02000
2024-04-08,114.29000
2024-04-09,114.35000
2024-04-10,114.74000
2024-04-12,114.16000
2024-04-15,112.79000
2024-04-16,112.69000
2024-04-18,112.30000
2024-04-19,112.64000
2024-04-22,113.32000
2024-04-23,113.83000
2024-04-24,114.13000
2024-04-25,114.57000
2024-04-26,114.55000
2024-04-29,115.40000
2024-04-30,115.66000
2024-05-02,115.72000
2024-05-03,115.31000
2024-05-06,115.18000
2024-05-07,114.39000
2024-05-08,114.86000
2024-05-09,113.77000
2024-05-10,113.97000
2024-05-13,114.34000
2024-05-14,114.99000
2024-05-15,114.91000
2024-05-16,116.06000
2024-05-17,116.99000
2024-05-21,117.09000
2024-05-22,117.16000
2024-05-23,118.56000
2024-05-24,118.45000
2024-05-27,118.19000
2024-05-28,118.26000
2024-05-29,117.40000
2024-05-30,116.39000
2024-05-31,116.63000
2024-06-03,119.75000
2024-06-04,114.07000
2024-06-05,118.13000
2024-06-06,119.60000
2024-06-07,121.49000
2024-06-10,121.82000
2024-06-11,121.97000
2024-06-12,122.75000
2024-06-13,123.45000
2024-06-14,124.29000
2024-06-18,124.81000
2024-06-19,124.73000
2024-06-20,124.79000
2024-06-21,124.76000
2024-06-24,125.02000
2024-06-25,125.88000
2024-06-26,125.91000
2024-06-27,126.33000
2024-06-28,125.92000
2024-07-01,127.04000
2024-07-02,126.57000
2024-07-03,127.40000
2024-07-04,127.51000
2024-07-05,127.81000
2024-07-08,127.61000
2024-07-09,128.08000
2024-07-10,127.49000
2024-07-11,127.49000
2024-07-12,128.37000
2024-07-15,129.08000
2024-07-16,129.30000
2024-07-18,129.89000
2024-07-19,128.35000
2024-07-22,128.35000
2024-07-23,127.94000
2024-07-24,128.45000
2024-07-25,128.30000
2024-07-26,130.55000
2024-07-29,130.26000
2024-07-30,130.28000
2024-07-31,130.86000
2024-08-01,130.63000
2024-08-02,129.12000
2024-08-05,125.96000
2024-08-06,125.05000
2024-08-07,126.52000
2024-08-08,126.28000
2024-08-09,127.52000
2024-08-12,127.71000
2024-08-13,126.94000
2024-08-14,127.03000
2024-08-16,128.98000
2024-08-19,129.30000
2024-08-20,130.43000
2024-08-21,130.65000
2024-08-22,130.77000
2024-08-23,130.64000
2024-08-26,131.47000
2024-08-27,132.20000
2024-08-28,132.59000
2024-08-29,132.76000
2024-08-30,133.76000
2024-09-02,133.81000
2024-09-03,134.18000
2024-09-04,133.64000
2024-09-05,133.79000
2024-09-06,132.43000
2024-09-09,132.46000
2024-09-10,132.92000
2024-09-11,132.37000
2024-09-12,134.48000
2024-09-13,134.67000
2024-09-16,134.50000
2024-09-17,134.91000
2024-09-18,134.63000
2024-09-19,134.47000
2024-09-20,135.90000
2024-09-23,136.67000
2024-09-24,136.55000
2024-09-25,136.55000
2024-09-26,136.98000
2024-09-27,136.93000
2024-09-30,135.42000
2024-10-01,135.94000
2024-10-03,133.89000
2024-10-04,133.11000
2024-10-07,131.87000
2024-10-08,132.57000
2024-10-09,133.28000
2024-10-10,132.99000
2024-10-11,132.80000
2024-10-14,133.66000
2024-10-15,133.34000
2024-10-16,133.38000
2024-10-17,131.99000
2024-10-18,132.54000
2024-10-21,132.05000
2024-10-22,130.49000
2024-10-23,130.64000
2024-10-24,130.90000
2024-10-25,129.42000
2024-10-28,130.44000
2024-10-29,131.47000
2024-10-30,130.51000
2024-10-31,130.09000
2024-11-04,129.50000
2024-11-05,130.64000
2024-11-06,131.93000
2024-11-07,130.88000
2024-11-08,130.56000
2024-11-11,130.55000
2024-11-12,129.44000
2024-11-13,127.54000
2024-11-14,127.84000
2024-11-18,127.36000
2024-11-19,128.05000
2024-11-21,127.63000
2024-11-22,129.75000
2024-11-25,131.26000
2024-11-26,131.19000
2024-11-27,131.42000
2024-11-28,130.39000
2024-11-29,131.25000
2024-12-02,131.65000
2024-12-03,132.31000
2024-12-04,132.42000
2024-12-05,133.41000
2024-12-06,133.31000
2024-12-09,133.17000
2024-12-10,133.41000
2024-12-11,133.56000
2024-12-12,133.36000
2024-12-13,133.96000
2024-12-16,133.55000
2024-12-17,131.96000
2024-12-18,131.34000
2024-12-19,130.74000
2024-12-20,128.96000
2024-12-23,129.34000
2024-12-24,129.45000
2024-12-26,129.59000
2024-12-27,129.86000
2024-12-30,129.26000
2024-12-31,129.15000
2025-01-01,129.31000
2025-01-02,131.02000
2025-01-03,129.84000
2025-01-06,128.37000
2025-01-07,128.56000
2025-01-08,128.03000
2025-01-09,127.22000
2025-01-10,126.70000
2025-01-13,124.80000
2025-01-14,125.70000
2025-01-15,126.11000
2025-01-16,126.58000
2025-01-17,125.43000
2025-01-20,126.40000
2025-01-21,124.94000
2025-01-22,125.33000
2025-01-23,125.92000
2025-01-24,125.35000
2025-01-27,123.61000
2025-01-28,124.20000
2025-01-29,125.67000
2025-01-30,126.02000
2025-01-31,127.08000
2025-02-03,126.80000
2025-02-04,128.19000
2025-02-05,128.37000
2025-02-06,128.18000
2025-02-07,128.24000
2025-02-10,127.17000
2025-02-11,125.16000
2025-02-12,124.84000
2025-02-13,124.94000
2025-02-14,123.88000
2025-02-17,123.88000
2025-02-18,123.84000
2025-02-19,124.05000
2025-02-20,124.13000
2025-02-21,123.54000
2025-02-24,122.17000
2025-02-25,121.86000
2025-02-27,121.52000
2025-02-28,119.23000
2025-03-03,119.28000
2025-03-04,119.02000
2025-03-05,120.84000
2025-03-06,121.47000
2025-03-07,121.16000
2025-03-10,120.32000
2025-03-11,119.90000
2025-03-12,119.42000
2025-03-13,118.82000
2025-03-17,119.41000
2025-03-18,120.98000
2025-03-19,121.65000
2025-03-20,122.89000
2025-03-21,123.89000
2025-03-24,125.36000
2025-03-25,125.03000
2025-03-26,124.10000
2025-03-27,124.76000
2025-03-28,124.00000
2025-03-31,123.99000
2025-04-01,122.98000
2025-04-02,123.69000
2025-04-03,123.34000
2025-04-04,121.51000
2025-04-07,118.22000
2025-04-08,119.97000
2025-04-09,119.26000
2025-04-11,120.66000
2025-04-15,123.37000
2025-04-16,124.28000
2025-04-17,125.57000
2025-04-21,127.49000
2025-04-22,127.72000
2025-04-23,128.43000
2025-04-24,128.16000
2025-04-25,126.91000
2025-04-28,127.85000
2025-04-29,127.91000
2025-04-30,127.66000
2025-05-02,127.34000
2025-05-05,127.71000
2025-05-06,126.78000
2025-05-07,127.38000
2025-05-08,126.23000
2025-05-09,125.35000
2025-05-12,129.61000
2025-05-13,128.64000
2025-05-14,129.37000
2025-05-15,130.76000
2025-05-16,131.20000
2025-05-19,131.07000
2025-05-20,129.69000
2025-05-21,130.37000
2025-05-22,129.90000
2025-05-23,130.94000
2025-05-26,131.58000
2025-05-27,131.05000
2025-05-28,130.97000
2025-05-29,131.46000
2025-05-30,131.22000
2025-06-02,130.94000
2025-06-03,130.28000
2025-06-04,130.47000
2025-06-05,130.73000
2025-06-06,132.01000
2025-06-09,132.67000
2025-06-10,132.88000
2025-06-11,133.17000
2025-06-12,131.00000
2025-06-13,130.27000
2025-06-16,131.27000
2025-06-17,131.00000
2025-06-18,130.57000
2025-06-19,129.78000
2025-06-20,130.95000
2025-06-23,130.40000
2025-06-24,131.02000
2025-06-25,131.89000
2025-06-26,132.68000
2025-06-27,133.03000
2025-06-30,132.95000
2025-07-01,132.83000
2025-07-02,132.55000
2025-07-03,132.49000
2025-07-04,132.99000
2025-07-07,132.81000
2025-07-08,132.96000
2025-07-09,132.70000
2025-07-10,132.32000
2025-07-11,131.21000
2025-07-14,131.11000
2025-07-15,132.16000
2025-07-16,132.58000
2025-07-17,132.09000
2025-07-18,131.46000
2025-07-21,132.12000
2025-07-22,131.90000
2025-07-23,132.57000
2025-07-24,131.94000
2025-07-25,130.81000
2025-07-28,130.03000
2025-07-29,130.54000
2025-07-30,130.64000
2025-07-31,130.03000
2025-08-01,128.54000
2025-08-04,129.89000
2025-08-05,129.58000
2025-08-06,128.93000
2025-08-07,129.32000
2025-08-08,128.49000
2025-08-11,129.11000
2025-08-12,129.23000
2025-08-13,129.83000
2025-08-14,129.82000
2025-08-18,130.80000
2025-08-19,131.57000
2025-08-20,132.08000
2025-08-21,132.23000
2025-08-22,131.22000
2025-08-25,131.80000
2025-08-26,130.70000
2025-08-28,129.71000
2025-08-29,129.42000
2025-09-01,130.70000
2025-09-02,130.37000
2025-09-03,130.96000
2025-09-04,130.65000
2025-09-05,130.38000
2025-09-08,130.64000
2025-09-09,131.12000
2025-09-10,131.61000
2025-09-11,131.57000
2025-09-12,131.81000
2025-09-15,131.61000
2025-09-16,132.58000
2025-09-17,132.81000
2025-09-18,133.44000
2025-09-19,133.09000
2025-09-22,132.08000
2025-09-23,131.93000
2025-09-24,131.13000
2025-09-25,130.37000
2025-09-26,128.55000
2025-09-30,128.87000
2025-10-01,129.96000
2025-10-03,130.61000
2025-10-06,131.22000
2025-10-07,131.55000
2025-10-08,131.20000
2025-10-09,131.58000
2025-10-10,132.23000
2025-10-13,132.11000
2025-10-14,131.57000
2025-10-15,132.03000
2025-10-16,132.98000
2025-10-17,133.10000
2025-10-20,133.60000
2025-10-23,134.20000
2025-10-24,133.47000
2025-10-27,133.93000
2025-10-28,133.83000
2025-10-29,134.09000
2025-10-30,133.02000
2025-10-31,132.26000
2025-11-03,132.57000
2025-11-04,131.87000
2025-11-06,131.16000
2025-11-07,131.08000
2025-11-10,131.55000
2025-11-11,132.09000
2025-11-12,133.15000
2025-11-13,133.12000
2025-11-14,132.97000
2025-11-17,133.73000
2025-11-18,133.11000
2025-11-19,133.76000
2025-11-20,134.02000
2025-11-21,133.24000
2025-11-24,132.81000
2025-11-25,132.71000
2025-11-26,133.98000
2025-11-27,134.03000
2025-11-28,133.81000
2025-12-01,133.83000
2025-12-02,133.48000
2025-12-03,133.34000
2025-12-04,133.93000
2025-12-05,134.41000
2025-12-08,133.17000
2025-12-09,132.73000
2025-12-10,132.30000
2025-12-11,132.96000
2025-12-12,133.70000
2025-12-15,133.72000
2025-12-16,133.01000
2025-12-17,132.66000
2025-12-18,133.13000
2025-12-19,133.69000
2025-12-22,134.65000
2025-12-23,134.65000
2025-12-24,134.35000
2025-12-26,133.87000
2025-12-29,133.38000
2025-12-30,133.62000
2025-12-31,134.26000
2026-01-01,135.00000
2026-01-02,135.94000
2026-01-05,135.55000
2026-01-06,135.82000
2026-01-07,135.69000
2026-01-08,133.86000
2026-01-09,132.94000
2026-01-12,133.09000
2026-01-13,133.46000
2026-01-14,132.93000
2026-01-16,133.75000
2026-01-19,132.80000
2026-01-20,130.83000
2026-01-21,130.24000
2026-01-22,130.81000
2026-01-23,129.58000
2026-01-27,130.08000
2026-01-28,131.24000
2026-01-29,131.31000
2026-01-30,130.93000
2026-02-02,130.37000
2026-02-03,132.93000
2026-02-04,132.27000
2026-02-05,131.83000
2026-02-06,131.49000
2026-02-09,132.71000
2026-02-10,133.09000
2026-02-11,133.35000
2026-02-12,131.74000
2026-02-13,130.64000
2026-02-16,131.28000
2026-02-17,131.69000
2026-02-18,132.10000
2026-02-19,130.46000
2026-02-20,130.57000
2026-02-23,131.06000
2026-02-24,129.63000
2026-02-25,130.33000
2026-02-26,130.63000
2026-02-27,129.09000
2026-03-02,127.68000
2026-03-04,125.72000
2026-03-05,126.54000
2026-03-06,125.14000
2026-03-09,122.68000
2026-03-10,124.35000
2026-03-11,123.35000
2026-03-12,122.29000
2026-03-13,119.95000
2026-03-16,120.57000
2026-03-17,120.99000
2026-03-18,122.25000
2026-03-19,118.32000
2026-03-20,118.81000
2026-03-23,115.36000
2026-03-24,117.29000
2026-03-25,119.09000
2026-03-27,117.27000
2026-03-30,114.41000
2026-03-31,114.41000
2026-04-01,116.45000
2026-04-02,116.90000
2026-04-06,118.34000
2026-04-07,119.02000
2026-04-08,122.86000
2026-04-09,122.07000
2026-04-10,123.38000
2026-04-13,122.70000
2026-04-15,124.64000
2026-04-16,125.25000
2026-04-17,125.88000
2026-04-20,125.74000
2026-04-21,126.49000
2026-04-22,125.77000
2026-04-23,124.79000
2026-04-24,122.97000
2026-04-27,124.28000
2026-04-28,123.93000
2026-04-29,124.55000
2026-04-30,123.92000
2026-05-04,124.09000
2026-05-05,123.75000
2026-05-06,125.78000
2026-05-07,126.69000
2026-05-08,126.04000
2026-05-11,124.57000
2026-05-12,122.20000
2026-05-13,122.14000
2026-05-14,123.29000
2026-05-15,123.35000
2026-05-18,122.62000
2026-05-19,123.45000
2026-05-20,122.99000
2026-05-21,123.21000
2026-05-22,123.66000
2026-05-25,125.22000
2026-05-26,124.53000
2026-05-27,124.83000
2026-05-29,123.77000
2026-06-01,123.16000
2026-06-02,123.98000
2026-06-03,122.70000
2026-06-04,122.87000
2026-06-05,122.65000
2026-06-08,121.03000
2026-06-09,121.75000
2026-06-10,121.33000
2026-06-11,120.73000
2026-06-12,122.83000
2026-06-15,124.19000
2026-06-16,124.38000
2026-06-17,125.05000
2026-06-18,125.71000
2026-06-19,124.81000
2026-06-22,125.39000
2026-06-23,124.30000
2026-06-24,125.46000
2026-06-25,124.95000
2026-06-29,124.58000
2026-06-30,123.77000
2026-07-01,124.06000
2026-07-02,125.52000
2026-07-03,125.84000
2026-07-06,126.03000
2026-07-07,126.13000
2026-07-08,123.99000
2026-07-09,124.45000
2026-07-10,125.92000
2026-07-13,126.76000
2026-07-14,126.28000
2026-07-15,127.03000
2026-07-16,126.44000
2026-07-17,127.14000
2026-07-20,126.82000
2026-07-21,126.57000
2026-07-22,125.37000
2026-07-23,124.88000
2026-07-24,124.89000
2026-07-27,125.86000
2026-07-28,126.51000
2026-07-29,128.16000
2026-07-30,128.24000
2026-07-31,127.90000
2026-08-03,129.44000
2026-08-04,128.67000
2026-08-05,129.09000
2026-08-06,128.66000
2026-08-07,128.27000
2026-08-10,128.19000
2026-08-11,128.02000
2026-08-12,127.91000
2026-08-13,128.01000
2026-08-14,127.56000
2026-08-17,126.97000
2026-08-18,125.81000
2026-08-19,125.44000
2026-08-20,126.38000
2026-08-21,126.50000
2026-08-24,126.22000
2026-08-25,126.37000
2026-08-26,126.22000
2026-08-27,125.63000
2026-08-28,126.34000
2026-08-31,126.34000
2026-09-01,125.89000
2026-09-02,124.89000
2026-09-03,125.00000
2026-09-04,125.28000
2026-09-07,124.15000
2026-09-08,123.60000
