Date,NAV
2006-05-19,9.75000
2006-05-22,9.53000
2006-05-23,9.73000
2006-05-24,9.62000
2006-05-25,9.69000
2006-05-26,9.84000
2006-05-29,9.84000
2006-05-30,9.78000
2006-05-31,9.54000
2006-06-01,9.36000
2006-06-02,9.53000
2006-06-05,9.42000
2006-06-06,9.27000
2006-06-07,9.01000
2006-06-08,8.70000
2006-06-09,9.05000
2006-06-12,8.80000
2006-06-13,8.57000
2006-06-14,8.50000
2006-06-15,8.84000
2006-06-16,9.04200
2006-06-19,9.12000
2006-06-20,9.07170
2006-06-21,9.19000
2006-06-22,9.38000
2006-06-23,9.50000
2006-06-26,9.24000
2006-06-27,9.29000
2006-06-28,9.21000
2006-06-29,9.22000
2006-06-30,9.52000
2006-07-03,9.52000
2006-07-04,9.50000
2006-07-05,9.62000
2006-07-06,9.53000
2006-07-07,9.41000
2006-07-10,9.50000
2006-07-11,9.43000
2006-07-12,9.54000
2006-07-13,9.56000
2006-07-14,9.46000
2006-07-17,9.22000
2006-07-18,9.16000
2006-07-19,9.04000
2006-07-20,9.23000
2006-07-21,9.08000
2006-07-24,9.10000
2006-07-25,9.29000
2006-07-26,9.43000
2006-07-27,9.48000
2006-07-28,9.49000
2006-07-31,9.51000
2006-08-01,9.49000
2006-08-02,9.57000
2006-08-03,9.58000
2006-08-04,9.54000
2006-08-07,9.52000
2006-08-08,9.64000
2006-08-09,9.76000
2006-08-10,9.79000
2006-08-11,9.81000
2006-08-14,9.86000
2006-08-16,9.96000
2006-08-17,9.92000
2006-08-18,9.90000
2006-08-21,9.93000
2006-08-22,9.95000
2006-08-23,9.90000
2006-08-24,9.96000
2006-08-25,10.03000
2006-08-28,10.07000
2006-08-29,10.11000
2006-08-30,10.09000
2006-08-31,10.01000
2006-09-01,10.05000
2006-09-04,10.12000
2006-09-05,10.17000
2006-09-06,10.18000
2006-09-07,10.14000
2006-09-08,10.20000
2006-09-11,9.98000
2006-09-12,10.04000
2006-09-13,10.15000
2006-09-14,10.21000
2006-09-15,10.23000
2006-09-18,10.28000
2006-09-19,10.24000
2006-09-20,10.34000
2006-09-21,10.44000
2006-09-22,10.41000
2006-09-25,10.39000
2006-09-26,10.45000
2006-09-27,10.50000
2006-09-28,10.52000
2006-09-29,10.56000
2006-10-03,10.58000
2006-10-04,10.44000
2006-10-05,10.60000
2006-10-06,10.62000
2006-10-09,10.60000
2006-10-10,10.60000
2006-10-11,10.48000
2006-10-12,10.61000
2006-10-13,10.72000
2006-10-16,10.81000
2006-10-17,10.81000
2006-10-18,10.88000
2006-10-19,10.82000
2006-10-20,10.83000
2006-10-23,10.78000
2006-10-26,10.91000
2006-10-27,11.08000
2006-10-30,11.10000
2006-10-31,11.04000
2006-11-01,11.13000
2006-11-02,11.16000
2006-11-03,11.17000
2006-11-06,11.20000
2006-11-07,11.20000
2006-11-08,11.11000
2006-11-09,11.20000
2006-11-10,11.27000
2006-11-13,11.31000
2006-11-14,11.33000
2006-11-15,11.39000
2006-11-16,11.38000
2006-11-17,11.26000
2006-11-20,11.19000
2006-11-21,11.33000
2006-11-22,11.48000
2006-11-23,11.47000
2006-11-24,11.50000
2006-11-27,11.57000
2006-11-28,11.45000
2006-11-29,11.52000
2006-11-30,11.55000
2006-12-01,11.59000
2006-12-04,11.56000
2006-12-05,11.61000
2006-12-06,11.67000
2006-12-07,11.70000
2006-12-08,11.59000
2006-12-11,11.37000
2006-12-12,11.01000
2006-12-13,11.13000
2006-12-14,11.33000
2006-12-15,11.50000
2006-12-18,11.60000
2006-12-19,11.42000
2006-12-20,11.43000
2006-12-21,11.47000
2006-12-22,11.60000
2006-12-26,11.69000
2006-12-27,11.76000
2006-12-28,11.83000
2006-12-29,11.82000
2007-01-02,11.95000
2007-01-03,12.01000
2007-01-04,11.90000
2007-01-05,11.92000
2007-01-08,11.82000
2007-01-09,11.85000
2007-01-10,11.64000
2007-01-11,11.79000
2007-01-12,12.01000
2007-01-15,12.11000
2007-01-16,12.09000
2007-01-17,12.10000
2007-01-18,12.18000
2007-01-19,12.11000
2007-01-22,12.14000
2007-01-23,12.03000
2007-01-24,12.22000
2007-01-25,12.46000
2007-01-29,12.48000
2007-01-31,12.33000
2007-02-01,12.52000
2007-02-02,12.58000
2007-02-05,12.66000
2007-02-06,12.67000
2007-02-07,12.71000
2007-02-08,12.74000
2007-02-09,12.63000
2007-02-12,12.32000
2007-02-13,12.29000
2007-02-14,12.33000
2007-02-15,12.57000
2007-02-19,12.59000
2007-02-20,12.47000
2007-02-21,12.43000
2007-02-22,12.32000
2007-02-23,12.13000
2007-02-26,12.19000
2007-02-27,12.10000
2007-02-28,11.64000
2007-03-01,11.69000
2007-03-02,11.56000
2007-03-05,11.14000
2007-03-06,11.25000
2007-03-07,11.20000
2007-03-08,11.46000
2007-03-09,11.35000
2007-03-12,11.39000
2007-03-13,11.49000
2007-03-14,11.19000
2007-03-15,11.28000
2007-03-16,11.22000
2007-03-19,11.37000
2007-03-20,11.48000
2007-03-21,11.61000
2007-03-22,11.88000
2007-03-23,11.83000
2007-03-26,11.78000
2007-03-28,11.66000
2007-03-29,11.76000
2007-03-30,11.87000
2007-04-02,11.51990
2007-04-03,11.65400
2007-04-04,11.69870
2007-04-05,11.82540
2007-04-09,12.04020
2007-04-10,12.05220
2007-04-11,12.15390
2007-04-12,12.02490
2007-04-13,12.15910
2007-04-16,12.34320
2007-04-17,12.26480
2007-04-18,12.33790
2007-04-20,12.55560
2007-04-23,12.63590
2007-04-24,12.68670
2007-04-25,12.77760
2007-04-26,12.78960
2007-04-27,12.61910
2007-04-30,12.64720
2007-05-03,12.84470
2007-05-04,12.86340
2007-05-07,12.82020
2007-05-08,12.79000
2007-05-09,12.80740
2007-05-10,12.86010
2007-05-11,12.78660
2007-05-14,12.91840
2007-05-15,12.87130
2007-05-16,13.01610
2007-05-17,13.12440
2007-05-18,13.09790
2007-05-21,13.24580
2007-05-22,13.28810
2007-05-23,13.20710
2007-05-24,13.12100
2007-05-25,13.14290
2007-05-28,13.21450
2007-05-29,13.26660
2007-05-30,13.15040
2007-05-31,13.22510
2007-06-01,13.29900
2007-06-04,13.25160
2007-06-05,13.25080
2007-06-06,13.05630
2007-06-07,13.07600
2007-06-08,12.98550
2007-06-11,13.00970
2007-06-12,12.97680
2007-06-13,12.88560
2007-06-14,13.14870
2007-06-15,13.18090
2007-06-18,13.19360
2007-06-19,13.31820
2007-06-20,13.40840
2007-06-21,13.39810
2007-06-22,13.40290
2007-06-25,13.43460
2007-06-26,13.51950
2007-06-27,13.42270
2007-06-28,13.48050
2007-06-29,13.47330
2007-07-02,13.48590
2007-07-03,13.65450
2007-07-04,13.72350
2007-07-05,13.73680
2007-07-06,13.74500
2007-07-09,13.92480
2007-07-10,13.92580
2007-07-11,13.89740
2007-07-12,14.07280
2007-07-13,14.32670
2007-07-16,14.40920
2007-07-17,14.32050
2007-07-18,14.34980
2007-07-19,14.54090
2007-07-20,14.56800
2007-07-23,14.69310
2007-07-24,14.76320
2007-07-25,14.65500
2007-07-26,14.61880
2007-07-27,14.09220
2007-07-30,14.12810
2007-07-31,14.30950
2007-08-01,13.74900
2007-08-02,13.77340
2007-08-03,13.94300
2007-08-06,13.73030
2007-08-07,13.79060
2007-08-08,14.07540
2007-08-09,13.97470
2007-08-10,13.69090
2007-08-13,13.75760
2007-08-14,13.73600
2007-08-16,13.04340
2007-08-17,12.75870
2007-08-20,13.12980
2007-08-21,12.79140
2007-08-22,12.91900
2007-08-23,12.96360
2007-08-24,13.16750
2007-08-27,13.49180
2007-08-28,13.53740
2007-08-29,13.63300
2007-08-30,13.81290
2007-08-31,13.96430
2007-09-03,14.04400
2007-09-04,14.03690
2007-09-05,14.09230
2007-09-06,14.13800
2007-09-07,14.13920
2007-09-10,14.07930
2007-09-11,14.10120
2007-09-12,14.13850
2007-09-13,14.17480
2007-09-14,14.15970
2007-09-17,14.17300
2007-09-18,14.28870
2007-09-19,14.74370
2007-09-20,14.79860
2007-09-21,14.91080
2007-09-24,15.07910
2007-09-25,15.07380
2007-09-26,15.14600
2007-09-27,15.30220
2007-09-28,15.57810
2007-10-01,15.75910
2007-10-03,15.95880
2007-10-04,15.82780
2007-10-05,15.72240
2007-10-08,15.41680
2007-10-09,15.84230
2007-10-10,16.08320
2007-10-11,16.26720
2007-10-12,16.16760
2007-10-15,16.84870
2007-10-16,16.85240
2007-10-17,16.61400
2007-10-18,16.32870
2007-10-19,15.99330
2007-10-22,15.78190
2007-10-23,16.45100
2007-10-24,16.54870
2007-10-25,16.92300
2007-10-26,17.11420
2007-10-29,17.49040
2007-10-30,17.40360
2007-10-31,17.50450
2007-11-01,17.45350
2007-11-02,17.49610
2007-11-05,17.35470
2007-11-06,17.33040
2007-11-07,17.31290
2007-11-08,17.09760
2007-11-12,16.90720
2007-11-13,16.88450
2007-11-14,17.40570
2007-11-15,17.46360
2007-11-16,17.43320
2007-11-19,17.51100
2007-11-20,17.20730
2007-11-21,16.66950
2007-11-22,16.52880
2007-11-23,16.62730
2007-11-26,16.98770
2007-11-27,16.90540
2007-11-28,16.66540
2007-11-30,17.11050
2007-12-03,17.20880
2007-12-04,17.36690
2007-12-05,17.64340
2007-12-06,17.72930
2007-12-07,17.72950
2007-12-10,17.90800
2007-12-11,18.23230
2007-12-12,18.35160
2007-12-13,18.21060
2007-12-14,18.14150
2007-12-17,17.45710
2007-12-18,17.33180
2007-12-19,17.30890
2007-12-20,17.34280
2007-12-24,17.82770
2007-12-26,18.04180
2007-12-27,18.18760
2007-12-28,18.34380
2007-12-31,18.54270
2008-01-01,18.63220
2008-01-02,18.71890
2008-01-03,18.58540
2008-01-04,18.67830
2008-01-07,18.48980
2008-01-08,18.22170
2008-01-09,18.12970
2008-01-10,17.81150
2008-01-11,17.81200
2008-01-14,17.76670
2008-01-15,17.54480
2008-01-16,17.15740
2008-01-17,17.13360
2008-01-18,16.67360
2008-01-21,15.44570
2008-01-22,14.49780
2008-01-23,15.29690
2008-01-24,14.99060
2008-01-25,15.79700
2008-01-28,15.55210
2008-01-29,15.62210
2008-01-30,15.42520
2008-01-31,15.26840
2008-02-01,15.62650
2008-02-04,16.09740
2008-02-05,16.11270
2008-02-06,15.70880
2008-02-07,15.42210
2008-02-08,15.28780
2008-02-11,14.83290
2008-02-12,14.81490
2008-02-13,15.02720
2008-02-14,15.60010
2008-02-15,15.77970
2008-02-18,15.81300
2008-02-19,15.93620
2008-02-20,15.69580
2008-02-21,15.86960
2008-02-22,15.82480
2008-02-25,15.94080
2008-02-26,16.04800
2008-02-27,16.14920
2008-02-28,16.25860
2008-02-29,16.22380
2008-03-03,15.62840
2008-03-04,15.59030
2008-03-05,15.59180
2008-03-07,15.26960
2008-03-10,15.21810
2008-03-11,15.36020
2008-03-12,15.42970
2008-03-13,14.76050
2008-03-14,14.84810
2008-03-17,14.17320
2008-03-18,14.07500
2008-03-19,14.19330
2008-03-24,14.01180
2008-03-25,14.64930
2008-03-26,14.65900
2008-03-27,14.66310
2008-03-28,14.86160
2008-03-31,14.54740
2008-04-01,14.48060
2008-04-02,14.67440
2008-04-03,14.76130
2008-04-04,14.65860
2008-04-07,14.91000
2008-04-08,14.86100
2008-04-09,14.93290
2008-04-10,14.89540
2008-04-11,14.98250
2008-04-15,14.94260
2008-04-16,15.03340
2008-04-17,15.30060
2008-04-21,15.63020
2008-04-22,15.70120
2008-04-23,15.70330
2008-04-24,15.67060
2008-04-25,15.80640
2008-04-28,15.83710
2008-04-29,15.97160
2008-04-30,15.95900
2008-05-02,16.18470
2008-05-05,16.18370
2008-05-06,16.16790
2008-05-07,16.10770
2008-05-08,16.01420
2008-05-09,15.90960
2008-05-12,16.03070
2008-05-13,15.99150
2008-05-14,16.18120
2008-05-15,16.46000
2008-05-16,16.78420
2008-05-20,16.77330
2008-05-21,16.71510
2008-05-23,16.41040
2008-05-26,16.13280
2008-05-27,16.20040
2008-05-28,16.39010
2008-05-29,16.33400
2008-05-30,16.37070
2008-06-02,16.07350
2008-06-03,15.91390
2008-06-04,15.64950
2008-06-05,15.82420
2008-06-06,15.78790
2008-06-09,15.48700
2008-06-10,15.30950
2008-06-11,15.40150
2008-06-12,15.38730
2008-06-13,15.35320
2008-06-16,15.44800
2008-06-17,15.65730
2008-06-18,15.55560
2008-06-19,15.36480
2008-06-20,15.07630
2008-06-23,14.68930
2008-06-24,14.44460
2008-06-25,14.48980
2008-06-26,14.63340
2008-06-27,14.20840
2008-06-30,14.04860
2008-07-01,13.71190
2008-07-02,14.07020
2008-07-03,13.65530
2008-07-04,13.70310
2008-07-07,13.82860
2008-07-08,13.64650
2008-07-09,13.98640
2008-07-10,14.05550
2008-07-11,13.93860
2008-07-14,13.92690
2008-07-15,13.49830
2008-07-16,13.32320
2008-07-17,13.49800
2008-07-18,13.69360
2008-07-21,13.82620
2008-07-22,14.02030
2008-07-23,14.51580
2008-07-24,14.51550
2008-07-25,14.25060
2008-07-28,14.27720
2008-07-29,13.95130
2008-07-30,14.22210
2008-07-31,14.36790
2008-08-01,14.48010
2008-08-04,14.54230
2008-08-05,14.58410
2008-08-06,14.59000
2008-08-07,14.62560
2008-08-08,14.73150
2008-08-11,14.86640
2008-08-12,14.68420
2008-08-13,14.64020
2008-08-14,14.57920
2008-08-18,14.40960
2008-08-19,14.31960
2008-08-20,14.41140
2008-08-21,14.16010
2008-08-22,14.21060
2008-08-25,14.21180
2008-08-26,14.16090
2008-08-27,14.14230
2008-08-28,14.05120
2008-08-29,14.34790
2008-09-01,14.19280
2008-09-02,14.36790
2008-09-04,14.22390
2008-09-05,13.96900
2008-09-08,14.30010
2008-09-09,14.23470
2008-09-10,13.95480
2008-09-11,13.66100
2008-09-12,13.58140
2008-09-15,13.25470
2008-09-16,13.02570
2008-09-17,12.89000
2008-09-18,12.55250
2008-09-19,13.07880
2008-09-22,13.15900
2008-09-23,13.02070
2008-09-24,13.03810
2008-09-25,12.86430
2008-09-26,12.59260
2008-09-29,12.22170
2008-09-30,12.06190
2008-10-01,12.25390
2008-10-03,11.91220
2008-10-06,11.40230
2008-10-07,11.19850
2008-10-08,10.70950
2008-10-10,10.01890
2008-10-13,10.40710
2008-10-14,10.67680
2008-10-15,10.30690
2008-10-16,9.78250
2008-10-17,9.42510
2008-10-20,9.50290
2008-10-21,9.61200
2008-10-22,9.08370
2008-10-23,8.55700
2008-10-24,7.85140
2008-10-27,7.61260
2008-10-29,8.21090
2008-10-31,8.83300
2008-11-03,9.16780
2008-11-04,9.34960
2008-11-05,9.14750
2008-11-06,8.71880
2008-11-07,8.82740
2008-11-10,9.19960
2008-11-11,8.80930
2008-11-12,8.59310
2008-11-14,8.45920
2008-11-17,8.31380
2008-11-18,8.04250
2008-11-19,7.94060
2008-11-20,7.68630
2008-11-21,7.81790
2008-11-24,7.70540
2008-11-25,7.80310
2008-11-26,7.93810
2008-11-28,8.08960
2008-12-01,7.95380
2008-12-02,7.81840
2008-12-03,7.84080
2008-12-04,8.01970
2008-12-05,7.93110
2008-12-08,8.08780
2008-12-10,8.45250
2008-12-11,8.54060
2008-12-12,8.48840
2008-12-15,8.77140
2008-12-16,8.91630
2008-12-17,8.79760
2008-12-18,8.97080
2008-12-19,8.95900
2008-12-22,8.85020
2008-12-23,8.67990
2008-12-24,8.59830
2008-12-26,8.47920
2008-12-29,8.66250
2008-12-30,8.81880
2008-12-31,8.81710
2009-01-01,8.99270
2009-01-02,9.05890
2009-01-05,9.31890
2009-01-06,9.39340
2009-01-07,9.07440
2009-01-09,8.79710
2009-01-12,8.56550
2009-01-13,8.48160
2009-01-14,8.64710
2009-01-15,8.29180
2009-01-16,8.48620
2009-01-19,8.58000
2009-01-20,8.36580
2009-01-21,8.15560
2009-01-22,8.18980
2009-01-23,8.04000
2009-01-27,8.16090
2009-01-28,8.45200
2009-01-29,8.40450
2009-01-30,8.51210
2009-02-02,8.31540
2009-02-03,8.34480
2009-02-04,8.40810
2009-02-05,8.40650
2009-02-06,8.63660
2009-02-09,8.79600
2009-02-10,8.79860
2009-02-11,8.70470
2009-02-12,8.61900
2009-02-13,8.70790
2009-02-16,8.51150
2009-02-17,8.28480
2009-02-18,8.17080
2009-02-19,8.14380
2009-02-20,7.95140
2009-02-24,7.84630
2009-02-25,7.94170
2009-02-26,7.95010
2009-02-27,7.96110
2009-03-02,7.72230
2009-03-03,7.60330
2009-03-04,7.73530
2009-03-05,7.64740
2009-03-06,7.62810
2009-03-09,7.57900
2009-03-12,7.86250
2009-03-13,8.11860
2009-03-16,8.31140
2009-03-17,8.32480
2009-03-18,8.44840
2009-03-19,8.44340
2009-03-20,8.48710
2009-03-23,8.87080
2009-03-24,8.91070
2009-03-25,9.01830
2009-03-26,9.30320
2009-03-27,9.42500
2009-03-30,9.03380
2009-03-31,9.08960
2009-04-01,9.21280
2009-04-02,9.66780
2009-04-06,9.91150
2009-04-08,9.88170
2009-04-09,10.09530
2009-04-13,10.31060
2009-04-15,10.54830
2009-04-16,10.32910
2009-04-17,10.33780
2009-04-20,10.38840
2009-04-21,10.32950
2009-04-22,10.33170
2009-04-23,10.48550
2009-04-24,10.65540
2009-04-27,10.57770
2009-04-28,10.28050
2009-04-29,10.47770
2009-05-04,11.17630
2009-05-05,11.36290
2009-05-06,11.33740
2009-05-07,11.50630
2009-05-08,11.50780
2009-05-11,11.43100
2009-05-12,11.54380
2009-05-13,11.58260
2009-05-14,11.41570
2009-05-15,11.61070
2009-05-19,12.83230
2009-05-20,13.15670
2009-05-21,13.27250
2009-05-22,13.13850
2009-05-25,13.19110
2009-05-26,12.85500
2009-05-27,13.23610
2009-05-28,13.36240
2009-05-29,13.60120
2009-06-01,13.78470
2009-06-02,14.00610
2009-06-03,14.02290
2009-06-04,13.96910
2009-06-05,13.97640
2009-06-08,13.60300
2009-06-09,13.77440
2009-06-10,13.99600
2009-06-11,14.14900
2009-06-12,14.09880
2009-06-15,13.85330
2009-06-16,13.85680
2009-06-17,13.52630
2009-06-18,13.23450
2009-06-19,13.33710
2009-06-22,13.33550
2009-06-23,13.14480
2009-06-24,13.38530
2009-06-25,13.37510
2009-06-26,13.53450
2009-06-29,13.61090
2009-06-30,13.45420
2009-07-01,13.57900
2009-07-02,13.73510
2009-07-03,13.80130
2009-07-06,13.35960
2009-07-07,13.39750
2009-07-08,13.10770
2009-07-09,13.17030
2009-07-10,13.05560
2009-07-13,12.84960
2009-07-14,13.22180
2009-07-15,13.60830
2009-07-16,13.66670
2009-07-17,13.89590
2009-07-20,14.22440
2009-07-21,14.33950
2009-07-22,14.31880
2009-07-23,14.50330
2009-07-24,14.68080
2009-07-27,14.75340
2009-07-28,14.95140
2009-07-29,14.79570
2009-07-30,14.86830
2009-07-31,15.19500
2009-08-03,15.38470
2009-08-04,15.25630
2009-08-05,15.35400
2009-08-06,15.21190
2009-08-07,15.01010
2009-08-10,14.97100
2009-08-11,15.05710
2009-08-12,14.88870
2009-08-13,15.23680
2009-08-14,15.25790
2009-08-17,14.73030
2009-08-18,14.79790
2009-08-19,14.58350
2009-08-20,14.73370
2009-08-21,14.85130
2009-08-24,15.16450
2009-08-25,15.15100
2009-08-26,15.26700
2009-08-28,15.28000
2009-08-31,15.14590
2009-09-01,15.03720
2009-09-02,14.99270
2009-09-03,15.02440
2009-09-04,15.20520
2009-09-07,15.45450
2009-09-08,15.54970
2009-09-09,15.56270
2009-09-10,15.77160
2009-09-11,15.82830
2009-09-14,15.75830
2009-09-15,15.99420
2009-09-16,16.28570
2009-09-17,16.35040
2009-09-18,16.42940
2009-09-22,16.33830
2009-09-23,16.26900
2009-09-24,16.19080
2009-09-25,16.12700
2009-09-29,16.31700
2009-09-30,16.36060
2009-10-01,16.33710
2009-10-05,15.95780
2009-10-06,15.98080
2009-10-07,16.09440
2009-10-08,16.14670
2009-10-09,16.15840
2009-10-12,16.33020
2009-10-14,16.58100
2009-10-15,16.75650
2009-10-16,16.88690
2009-10-20,16.90390
2009-10-21,16.73960
2009-10-22,16.59370
2009-10-23,16.62200
2009-10-26,16.48160
2009-10-27,16.07440
2009-10-28,15.96510
2009-10-29,15.67180
2009-10-30,15.77450
2009-11-03,15.39730
2009-11-04,15.64620
2009-11-05,15.76600
2009-11-06,16.06080
2009-11-09,16.22930
2009-11-10,16.23620
2009-11-11,16.59420
2009-11-12,16.50790
2009-11-13,16.56500
2009-11-16,16.76800
2009-11-17,16.78440
2009-11-18,16.85120
2009-11-19,16.71590
2009-11-20,16.80680
2009-11-23,16.86400
2009-11-24,16.96770
2009-11-25,17.00560
2009-11-26,16.89580
2009-11-27,16.65700
2009-11-30,17.03440
2009-12-01,17.33610
2009-12-02,17.49850
2009-12-03,17.66270
2009-12-04,17.64770
2009-12-07,17.59000
2009-12-08,17.72870
2009-12-09,17.49420
2009-12-10,17.50580
2009-12-11,17.45520
2009-12-14,17.54300
2009-12-15,17.42020
2009-12-16,17.45360
2009-12-17,17.57270
2009-12-18,17.33760
2009-12-21,17.23950
2009-12-22,17.44560
2009-12-23,17.75300
2009-12-24,17.91200
2009-12-29,17.97190
2009-12-30,18.02120
2009-12-31,18.00640
2010-01-04,18.22260
2010-01-05,18.51860
2010-01-06,18.67790
2010-01-07,18.60530
2010-01-08,18.51860
2010-01-11,18.61350
2010-01-12,18.33900
2010-01-13,18.38260
2010-01-14,18.50540
2010-01-15,18.49480
2010-01-18,18.59650
2010-01-19,18.41880
2010-01-20,18.40720
2010-01-21,18.09650
2010-01-22,17.81930
2010-01-25,17.71340
2010-01-27,17.09920
2010-01-28,17.07650
2010-01-29,17.04830
2010-02-01,17.24530
2010-02-02,17.17100
2010-02-03,17.47640
2010-02-04,17.25780
2010-02-05,16.67820
2010-02-08,16.86110
2010-02-09,17.00700
2010-02-10,16.96100
2010-02-11,17.06620
2010-02-15,16.97400
2010-02-16,17.06530
2010-02-17,17.33490
2010-02-18,17.30600
2010-02-19,17.17090
2010-02-22,17.07080
2010-02-23,17.05160
2010-02-24,16.97220
2010-02-25,16.97570
2010-02-26,17.24120
2010-03-02,17.53890
2010-03-03,17.77700
2010-03-04,17.87750
2010-03-05,17.97010
2010-03-08,18.16510
2010-03-09,18.04830
2010-03-10,18.02390
2010-03-11,18.01630
2010-03-12,18.01180
2010-03-15,17.95530
2010-03-16,18.15460
2010-03-17,18.28180
2010-03-18,18.27680
2010-03-19,18.26060
2010-03-22,18.14380
2010-03-23,18.13160
2010-03-25,18.10760
2010-03-26,18.24190
2010-03-29,18.33940
2010-03-30,18.41950
2010-03-31,18.50210
2010-04-01,18.58280
2010-04-05,18.71100
2010-04-06,18.75070
2010-04-07,18.87150
2010-04-08,18.66180
2010-04-09,18.68200
2010-04-12,18.74770
2010-04-13,18.69160
2010-04-15,18.67590
2010-04-16,18.58190
2010-04-19,18.35510
2010-04-20,18.49020
2010-04-21,18.62800
2010-04-22,18.64570
2010-04-23,18.74650
2010-04-26,18.88780
2010-04-27,18.86440
2010-04-28,18.50460
2010-04-29,18.56300
2010-04-30,18.67940
2010-05-03,18.53090
2010-05-04,18.20530
2010-05-05,18.09630
2010-05-06,18.01090
2010-05-07,17.68810
2010-05-10,18.12400
2010-05-11,18.01670
2010-05-12,17.98390
2010-05-13,18.16050
2010-05-14,17.97990
2010-05-17,17.82330
2010-05-18,17.85660
2010-05-19,17.47880
2010-05-20,17.49800
2010-05-21,17.23990
2010-05-24,17.18470
2010-05-25,16.77250
2010-05-26,17.00350
2010-05-27,17.34470
2010-05-28,17.45470
2010-05-31,17.57050
2010-06-01,17.31180
2010-06-02,17.37090
2010-06-03,17.70540
2010-06-04,17.73760
2010-06-07,17.38390
2010-06-08,17.24670
2010-06-09,17.34790
2010-06-10,17.49370
2010-06-11,17.63170
2010-06-14,17.80070
2010-06-15,17.85440
2010-06-16,17.85450
2010-06-17,17.88610
2010-06-18,17.81850
2010-06-21,18.11940
2010-06-22,18.01910
2010-06-23,18.09610
2010-06-24,18.15730
2010-06-25,18.11750
2010-06-28,18.29910
2010-06-29,18.17720
2010-06-30,18.21340
2010-07-01,18.06640
2010-07-02,18.02620
2010-07-05,18.03600
2010-07-06,18.18210
2010-07-07,18.16920
2010-07-08,18.38190
2010-07-09,18.52990
2010-07-12,18.55760
2010-07-13,18.57700
2010-07-14,18.49590
2010-07-15,18.46940
2010-07-16,18.53440
2010-07-19,18.48930
2010-07-20,18.52670
2010-07-21,18.71110
2010-07-22,18.75370
2010-07-23,18.80620
2010-07-26,18.81960
2010-07-27,18.87530
2010-07-28,18.92660
2010-07-29,18.90950
2010-07-30,18.92540
2010-08-02,19.20400
2010-08-03,19.23900
2010-08-04,19.18750
2010-08-05,19.05750
2010-08-06,19.12640
2010-08-09,19.32170
2010-08-10,19.21340
2010-08-11,19.25550
2010-08-12,19.17440
2010-08-13,19.26690
2010-08-16,19.33690
2010-08-17,19.43280
2010-08-18,19.71090
2010-08-19,19.81140
2010-08-20,19.70440
2010-08-23,19.81670
2010-08-24,19.60140
2010-08-25,19.41830
2010-08-26,19.44110
2010-08-27,19.38340
2010-08-30,19.55660
2010-08-31,19.47580
2010-09-01,19.73210
2010-09-02,19.89840
2010-09-03,20.09860
2010-09-06,20.46000
2010-09-07,20.55740
2010-09-08,20.67830
2010-09-09,20.96630
2010-09-13,21.29960
2010-09-14,21.30970
2010-09-15,21.33340
2010-09-16,21.15980
2010-09-17,21.31630
2010-09-20,21.46220
2010-09-21,21.38280
2010-09-22,21.24050
2010-09-23,21.23650
2010-09-24,21.43780
2010-09-27,21.62400
2010-09-28,21.54560
2010-09-29,21.38690
2010-09-30,21.39210
2010-10-01,21.65930
2010-10-04,21.80310
2010-10-05,21.79560
2010-10-06,22.13950
2010-10-07,22.07470
2010-10-08,21.94010
2010-10-11,22.13100
2010-10-12,21.97200
2010-10-13,22.23750
2010-10-14,22.29780
2010-10-15,22.13100
2010-10-18,22.09210
2010-10-19,21.99690
2010-10-20,21.91750
2010-10-21,22.25530
2010-10-22,22.29580
2010-10-25,22.45450
2010-10-26,22.34150
2010-10-27,22.08780
2010-10-28,21.93020
2010-10-29,21.70580
2010-11-01,21.93910
2010-11-02,22.02600
2010-11-03,22.25580
2010-11-04,22.54380
2010-11-08,22.58550
2010-11-09,22.66950
2010-11-10,22.66000
2010-11-11,22.55220
2010-11-12,22.13380
2010-11-15,22.11370
2010-11-16,21.80460
2010-11-18,21.76310
2010-11-19,21.62360
2010-11-22,21.86920
2010-11-23,21.59930
2010-11-24,21.29940
2010-11-25,21.13780
2010-11-26,20.92490
2010-11-29,21.17040
2010-11-30,21.28250
2010-12-01,21.66280
2010-12-02,21.89010
2010-12-03,21.73290
2010-12-06,21.68120
2010-12-07,21.62580
2010-12-08,21.45240
2010-12-09,21.20020
2010-12-10,21.40720
2010-12-13,21.58980
2010-12-14,21.81640
2010-12-15,21.64280
2010-12-16,21.73910
2010-12-20,21.74050
2010-12-21,21.91810
2010-12-22,22.05070
2010-12-23,22.03060
2010-12-24,22.13740
2010-12-27,22.08190
2010-12-28,21.96920
2010-12-29,22.10450
2010-12-30,22.21610
2010-12-31,22.35070
2011-01-03,22.45250
2011-01-04,22.46150
2011-01-05,22.28100
2011-01-06,22.15620
2011-01-07,21.90050
2011-01-10,21.50270
2011-01-11,21.61610
2011-01-12,21.83000
2011-01-13,21.77120
2011-01-14,21.66160
2011-01-17,21.50270
2011-01-18,21.60600
2011-01-19,21.64320
2011-01-20,21.49270
2011-01-21,21.43270
2011-01-24,21.50710
2011-01-25,21.39180
2011-01-27,21.21690
2011-01-28,21.03320
2011-01-31,21.01470
2011-02-01,20.83320
2011-02-02,20.93230
2011-02-03,21.20360
2011-02-04,21.00740
2011-02-07,20.90740
2011-02-08,20.61860
2011-02-09,20.12220
2011-02-10,19.89950
2011-02-11,19.96410
2011-02-14,20.39610
2011-02-15,20.47930
2011-02-16,20.49590
2011-02-17,20.55820
2011-02-18,20.44640
2011-02-21,20.52610
2011-02-22,20.25590
2011-02-23,20.06180
2011-02-24,19.66650
2011-02-25,19.79590
2011-02-28,19.84350
2011-03-01,20.26010
2011-03-03,20.18010
2011-03-04,20.32020
2011-03-07,20.16900
2011-03-08,20.35350
2011-03-09,20.33830
2011-03-10,20.29650
2011-03-11,20.18240
2011-03-14,20.20860
2011-03-15,19.88550
2011-03-16,20.00800
2011-03-17,19.84310
2011-03-18,19.86830
2011-03-21,19.90740
2011-03-22,20.06510
2011-03-23,20.18930
2011-03-24,20.26850
2011-03-25,20.47410
2011-03-28,20.40660
2011-03-29,20.43150
2011-03-30,20.64560
2011-03-31,20.81980
2011-04-01,20.97970
2011-04-04,21.20200
2011-04-05,21.31650
2011-04-06,21.31620
2011-04-07,21.40690
2011-04-08,21.30400
2011-04-11,21.23320
2011-04-13,21.45740
2011-04-15,21.35250
2011-04-18,21.16840
2011-04-19,21.12120
2011-04-20,21.44330
2011-04-21,21.67190
2011-04-25,21.67890
2011-04-26,21.85290
2011-04-27,21.92160
2011-04-28,21.80510
2011-04-29,21.58250
2011-05-02,21.45660
2011-05-03,21.14930
2011-05-04,20.98410
2011-05-05,20.73460
2011-05-06,20.83830
2011-05-09,20.82780
2011-05-10,20.82900
2011-05-11,21.01590
2011-05-12,20.72730
2011-05-13,20.92790
2011-05-16,20.74040
2011-05-17,20.42640
2011-05-18,20.40960
2011-05-19,20.31830
2011-05-20,20.38680
2011-05-23,19.98300
2011-05-24,19.88050
2011-05-25,19.83140
2011-05-26,20.04810
2011-05-27,20.37790
2011-05-30,20.46680
2011-05-31,20.75470
2011-06-01,20.87260
2011-06-02,20.66330
2011-06-03,20.63350
2011-06-06,20.56170
2011-06-07,20.62750
2011-06-08,20.63860
2011-06-09,20.54110
2011-06-10,20.36050
2011-06-13,20.30300
2011-06-14,20.39290
2011-06-15,20.21750
2011-06-16,19.94250
2011-06-17,19.83770
2011-06-20,19.62060
2011-06-21,19.63520
2011-06-22,19.66200
2011-06-23,19.67150
2011-06-24,20.10700
2011-06-27,20.24290
2011-06-28,20.25520
2011-06-29,20.42440
2011-06-30,20.50140
2011-07-01,20.61440
2011-07-04,20.62600
2011-07-05,20.69200
2011-07-06,20.74030
2011-07-07,20.94240
2011-07-08,20.74640
2011-07-11,20.62310
2011-07-12,20.44150
2011-07-13,20.57720
2011-07-14,20.63410
2011-07-15,20.54730
2011-07-18,20.50770
2011-07-19,20.58860
2011-07-20,20.52090
2011-07-21,20.38810
2011-07-22,20.67210
2011-07-25,20.59550
2011-07-26,20.53360
2011-07-27,20.46680
2011-07-28,20.23400
2011-07-29,20.10210
2011-08-01,20.08690
2011-08-02,19.89870
2011-08-03,19.70620
2011-08-04,19.48550
2011-08-05,19.07750
2011-08-08,18.71720
2011-08-09,18.24390
2011-08-10,18.66670
2011-08-11,18.53570
2011-08-12,18.56600
2011-08-16,18.52950
2011-08-17,18.56240
2011-08-18,18.29730
2011-08-19,17.96340
2011-08-22,18.02490
2011-08-23,18.14010
2011-08-24,18.15090
2011-08-25,18.09970
2011-08-26,17.76230
2011-08-29,18.11340
2011-08-30,18.33970
2011-09-02,18.45440
2011-09-05,18.17290
2011-09-06,18.16930
2011-09-07,18.53230
2011-09-08,18.69440
2011-09-09,18.43350
2011-09-12,18.06520
2011-09-13,18.12230
2011-09-14,18.14220
2011-09-15,18.23240
2011-09-16,18.40760
2011-09-19,18.14930
2011-09-20,18.29300
2011-09-21,18.35760
2011-09-22,17.80340
2011-09-23,17.48100
2011-09-26,17.21610
2011-09-27,17.66530
2011-09-28,17.59250
2011-09-29,17.64610
2011-09-30,17.58350
2011-10-03,17.16760
2011-10-04,16.97700
2011-10-05,16.88450
2011-10-07,17.30090
2011-10-10,17.44480
2011-10-11,17.67810
2011-10-12,17.91490
2011-10-13,18.03520
2011-10-14,17.97450
2011-10-17,18.04350
2011-10-18,17.74470
2011-10-19,17.93350
2011-10-20,17.76570
2011-10-21,17.71400
2011-10-24,17.98740
2011-10-25,18.22390
2011-10-28,19.00560
2011-10-31,18.74500
2011-11-01,18.48040
2011-11-02,18.50190
2011-11-03,18.60760
2011-11-04,18.81390
2011-11-08,18.76010
2011-11-09,18.62730
2011-11-11,18.26420
2011-11-14,18.19610
2011-11-15,18.00260
2011-11-16,17.80800
2011-11-17,17.60800
2011-11-18,17.48680
2011-11-21,17.28310
2011-11-22,17.34710
2011-11-23,17.02100
2011-11-24,17.09940
2011-11-25,17.08840
2011-11-28,17.42260
2011-11-29,17.53590
2011-11-30,17.54420
2011-12-01,17.97820
2011-12-02,18.07230
2011-12-05,18.14250
2011-12-07,18.13700
2011-12-08,17.95970
2011-12-09,17.73610
2011-12-12,17.50570
2011-12-13,17.52870
2011-12-14,17.42600
2011-12-15,17.21830
2011-12-16,17.00490
2011-12-19,16.77490
2011-12-20,16.59410
2011-12-21,16.97940
2011-12-22,17.12620
2011-12-23,17.15280
2011-12-26,17.21360
2011-12-27,17.16930
2011-12-28,17.08080
2011-12-29,17.02790
2011-12-30,17.06200
2012-01-02,17.01120
2012-01-03,17.34330
2012-01-04,17.39410
2012-01-05,17.29610
2012-01-06,17.25670
2012-01-09,17.32630
2012-01-10,17.59110
2012-01-11,17.75740
2012-01-12,17.88550
2012-01-13,17.95090
2012-01-16,17.86490
2012-01-17,18.19290
2012-01-18,18.12920
2012-01-19,18.30110
2012-01-20,18.44820
2012-01-23,18.41140
2012-01-24,18.60090
2012-01-25,18.62940
2012-01-27,18.90840
2012-01-30,18.67690
2012-01-31,18.98070
2012-02-01,19.16550
2012-02-02,19.39010
2012-02-03,19.37940
2012-02-06,19.64270
2012-02-07,19.58340
2012-02-08,19.81220
2012-02-09,20.00770
2012-02-10,20.04290
2012-02-13,20.09220
2012-02-14,19.97340
2012-02-15,20.20150
2012-02-16,20.06420
2012-02-17,20.11470
2012-02-21,20.21480
2012-02-22,20.02840
2012-02-23,19.85830
2012-02-24,19.76340
2012-02-27,19.35230
2012-02-28,19.65600
2012-02-29,19.90190
2012-03-01,19.78810
2012-03-02,19.82130
2012-03-05,19.59460
2012-03-06,19.32020
2012-03-07,19.15350
2012-03-09,19.52090
2012-03-12,19.60110
2012-03-13,19.80950
2012-03-14,19.94050
2012-03-15,19.86670
2012-03-16,19.60570
2012-03-19,19.49520
2012-03-20,19.48840
2012-03-21,19.63970
2012-03-22,19.51000
2012-03-23,19.54020
2012-03-26,19.34100
2012-03-27,19.42440
2012-03-28,19.23360
2012-03-29,19.21760
2012-03-30,19.42870
2012-04-02,19.54170
2012-04-03,19.71680
2012-04-04,19.71320
2012-04-09,19.47760
2012-04-10,19.26010
2012-04-11,19.15570
2012-04-12,19.27130
2012-04-13,19.36780
2012-04-16,19.30710
2012-04-17,19.43580
2012-04-18,19.60610
2012-04-19,19.62880
2012-04-20,19.53680
2012-04-23,19.34140
2012-04-24,19.31060
2012-04-25,19.17850
2012-04-26,19.16550
2012-04-27,19.27130
2012-04-30,19.45650
2012-05-02,19.51960
2012-05-03,19.35490
2012-05-04,19.16140
2012-05-07,18.96640
2012-05-08,18.92050
2012-05-09,18.79480
2012-05-10,18.78480
2012-05-11,18.62280
2012-05-14,18.40400
2012-05-15,18.41740
2012-05-16,18.15100
2012-05-17,18.12540
2012-05-18,18.06700
2012-05-21,18.14810
2012-05-22,18.19560
2012-05-23,18.08070
2012-05-24,18.17160
2012-05-25,18.13530
2012-05-28,18.34190
2012-05-29,18.48780
2012-05-30,18.43050
2012-05-31,18.41880
2012-06-01,18.08050
2012-06-04,17.89430
2012-06-05,18.06300
2012-06-06,18.30290
2012-06-07,18.38050
2012-06-08,18.40590
2012-06-11,18.59610
2012-06-12,18.65810
2012-06-13,18.62100
2012-06-14,18.43840
2012-06-15,18.52690
2012-06-18,18.49850
2012-06-19,18.63060
2012-06-20,18.82360
2012-06-21,18.79980
2012-06-22,18.80890
2012-06-25,18.61220
2012-06-26,18.65130
2012-06-27,18.79470
2012-06-28,18.79480
2012-06-29,19.17520
2012-07-02,19.33390
2012-07-03,19.37410
2012-07-04,19.45560
2012-07-05,19.68960
2012-07-06,19.68040
2012-07-09,19.44420
2012-07-10,19.58210
2012-07-11,19.51220
2012-07-12,19.41900
2012-07-13,19.39090
2012-07-16,19.50510
2012-07-17,19.53070
2012-07-18,19.66410
2012-07-19,19.76600
2012-07-20,19.67340
2012-07-23,19.51960
2012-07-24,19.52270
2012-07-25,19.44560
2012-07-26,19.22610
2012-07-27,19.34530
2012-07-30,19.61160
2012-07-31,19.83670
2012-08-01,19.90650
2012-08-02,19.94120
2012-08-03,19.88530
2012-08-06,20.00330
2012-08-07,20.30170
2012-08-08,20.31330
2012-08-09,20.53060
2012-08-10,20.46950
2012-08-13,20.43560
2012-08-14,20.58750
2012-08-16,20.48750
2012-08-17,20.46380
2012-08-21,20.55730
2012-08-22,20.48970
2012-08-23,20.38960
2012-08-24,20.48350
2012-08-27,20.43160
2012-08-28,20.23530
2012-08-29,20.07080
2012-08-30,19.94720
2012-08-31,19.88520
2012-09-03,19.87420
2012-09-04,19.94930
2012-09-05,19.83080
2012-09-06,19.90860
2012-09-07,20.24440
2012-09-10,20.32200
2012-09-11,20.35090
2012-09-12,20.41560
2012-09-13,20.44080
2012-09-14,20.80790
2012-09-17,20.84000
2012-09-18,20.74480
2012-09-20,20.63150
2012-09-21,20.89470
2012-09-24,20.84710
2012-09-25,20.82580
2012-09-26,20.83220
2012-09-27,20.77390
2012-09-28,20.92070
2012-10-01,20.98460
2012-10-03,20.98870
2012-10-04,20.98960
2012-10-05,21.01870
2012-10-08,20.90520
2012-10-09,20.97150
2012-10-10,20.92240
2012-10-11,21.01280
2012-10-12,21.16340
2012-10-15,21.26340
2012-10-16,21.19770
2012-10-17,21.32550
2012-10-18,21.44880
2012-10-19,21.43990
2012-10-22,21.57990
2012-10-23,21.52110
2012-10-25,21.54560
2012-10-26,21.50330
2012-10-29,21.48530
2012-10-30,21.40170
2012-10-31,21.50220
2012-11-01,21.63160
2012-11-02,21.78520
2012-11-05,21.90310
2012-11-06,21.96050
2012-11-07,22.01280
2012-11-08,21.86520
2012-11-09,21.84580
2012-11-12,21.92140
2012-11-15,21.70070
2012-11-16,21.59360
2012-11-19,21.53860
2012-11-20,21.50710
2012-11-21,21.55480
2012-11-22,21.60870
2012-11-23,21.66360
2012-11-26,21.70960
2012-11-27,21.77710
2012-11-29,21.97460
2012-11-30,22.11940
2012-12-03,22.17230
2012-12-04,22.30370
2012-12-05,22.55630
2012-12-06,22.58730
2012-12-07,22.61750
2012-12-10,22.72620
2012-12-11,22.62880
2012-12-12,22.58570
2012-12-13,22.47630
2012-12-14,22.56830
2012-12-17,22.67790
2012-12-18,22.92950
2012-12-19,23.08900
2012-12-20,23.10740
2012-12-21,22.95150
2012-12-24,22.98820
2012-12-26,23.02820
2012-12-27,23.00320
2012-12-28,23.18900
2012-12-31,23.22440
2013-01-01,23.37460
2013-01-02,23.54450
2013-01-03,23.77330
2013-01-04,23.93790
2013-01-07,24.02500
2013-01-08,23.89820
2013-01-09,23.82210
2013-01-10,23.79020
2013-01-11,23.54590
2013-01-14,23.73940
2013-01-15,23.79020
2013-01-16,23.64060
2013-01-17,23.59900
2013-01-18,23.65820
2013-01-21,23.73990
2013-01-22,23.62900
2013-01-23,23.48100
2013-01-24,23.20080
2013-01-25,23.35480
2013-01-28,23.34230
2013-01-29,23.35480
2013-01-30,23.34930
2013-01-31,23.35120
2013-02-01,23.29210
2013-02-04,23.21640
2013-02-05,23.13930
2013-02-06,23.08210
2013-02-07,23.07720
2013-02-08,22.99430
2013-02-11,22.96110
2013-02-12,23.03940
2013-02-13,23.02750
2013-02-14,22.94700
2013-02-15,22.97920
2013-02-18,22.97400
2013-02-19,23.15050
2013-02-20,23.29810
2013-02-21,22.97210
2013-02-22,22.88790
2013-02-25,22.81270
2013-02-26,22.51980
2013-02-27,22.56650
2013-02-28,22.43780
2013-03-01,22.49090
2013-03-04,22.22020
2013-03-05,22.47690
2013-03-06,22.66330
2013-03-07,22.70020
2013-03-08,22.87230
2013-03-11,22.85080
2013-03-12,22.72630
2013-03-13,22.45020
2013-03-14,22.45050
2013-03-15,22.34210
2013-03-18,22.12430
2013-03-19,21.98820
2013-03-20,21.78350
2013-03-21,21.74890
2013-03-22,21.73090
2013-03-25,21.73320
2013-03-26,21.67510
2013-03-28,21.79650
2013-04-01,21.87150
2013-04-02,21.99330
2013-04-03,21.84880
2013-04-04,21.62410
2013-04-05,21.51320
2013-04-08,21.39600
2013-04-09,21.35090
2013-04-10,21.37690
2013-04-11,21.36170
2013-04-12,21.42770
2013-04-15,21.50350
2013-04-16,21.71320
2013-04-17,21.70850
2013-04-18,21.90850
2013-04-22,22.08270
2013-04-23,22.08550
2013-04-25,22.42000
2013-04-26,22.28500
2013-04-29,22.35160
2013-04-30,22.36160
2013-05-02,22.43380
2013-05-03,22.34810
2013-05-06,22.50630
2013-05-07,22.76930
2013-05-08,22.81390
2013-05-09,22.78510
2013-05-10,22.85950
2013-05-13,22.74990
2013-05-14,22.78180
2013-05-15,22.91170
2013-05-16,23.05770
2013-05-17,23.10880
2013-05-20,23.13930
2013-05-21,23.17570
2013-05-22,23.18910
2013-05-23,22.78060
2013-05-24,22.74130
2013-05-27,23.03340
2013-05-28,23.25080
2013-05-29,23.07910
2013-05-30,23.08910
2013-05-31,23.00810
2013-06-03,22.72710
2013-06-04,22.76070
2013-06-05,22.71090
2013-06-06,22.72900
2013-06-07,22.67810
2013-06-10,22.67040
2013-06-11,22.50920
2013-06-12,22.39420
2013-06-13,22.24480
2013-06-14,22.30540
2013-06-17,22.41080
2013-06-18,22.41220
2013-06-19,22.46600
2013-06-20,22.20860
2013-06-21,21.88950
2013-06-24,21.64170
2013-06-25,21.60510
2013-06-26,21.80410
2013-06-27,21.83320
2013-06-28,22.12010
2013-07-01,22.39570
2013-07-02,22.49610
2013-07-03,22.28870
2013-07-04,22.33610
2013-07-05,22.46300
2013-07-08,22.23130
2013-07-09,22.22980
2013-07-10,22.09320
2013-07-11,22.42460
2013-07-12,22.48590
2013-07-15,22.62860
2013-07-16,22.39950
2013-07-17,22.21480
2013-07-18,22.36330
2013-07-19,22.26280
2013-07-22,22.34180
2013-07-23,22.51190
2013-07-24,22.13860
2013-07-25,21.98680
2013-07-26,21.85870
2013-07-29,21.68860
2013-07-30,21.52220
2013-07-31,21.45540
2013-08-01,21.30240
2013-08-02,21.34790
2013-08-05,21.42460
2013-08-06,20.96360
2013-08-07,20.80350
2013-08-08,20.92240
2013-08-12,21.10000
2013-08-13,21.17980
2013-08-14,21.42120
2013-08-16,21.04830
2013-08-19,20.90680
2013-08-20,20.93410
2013-08-21,20.86500
2013-08-22,21.04710
2013-08-23,21.18870
2013-08-26,21.18250
2013-08-27,20.98770
2013-08-28,20.89990
2013-08-29,21.20690
2013-08-30,21.07510
2013-09-02,21.15940
2013-09-03,21.03340
2013-09-04,21.12250
2013-09-05,21.44340
2013-09-06,21.74530
2013-09-10,22.18010
2013-09-11,22.04630
2013-09-12,21.91050
2013-09-13,22.01880
2013-09-16,21.89940
2013-09-17,21.90680
2013-09-18,21.94510
2013-09-19,22.44620
2013-09-20,22.28810
2013-09-23,22.02460
2013-09-24,22.01840
2013-09-25,21.99360
2013-09-26,21.86730
2013-09-27,21.92390
2013-09-30,21.85290
2013-10-01,21.83270
2013-10-03,22.14630
2013-10-04,22.08710
2013-10-07,22.05270
2013-10-08,22.11660
2013-10-09,22.26310
2013-10-10,22.43440
2013-10-11,22.50450
2013-10-14,22.52960
2013-10-15,22.46800
2013-10-17,22.38720
2013-10-18,22.69690
2013-10-21,22.87940
2013-10-22,22.91430
2013-10-23,22.78610
2013-10-24,22.78810
2013-10-25,22.70420
2013-10-28,22.79350
2013-10-29,23.02060
2013-10-30,23.15920
2013-10-31,23.22110
2013-11-01,23.37780
2013-11-05,23.38980
2013-11-06,23.46210
2013-11-07,23.47160
2013-11-08,23.37370
2013-11-11,23.26180
2013-11-12,23.27020
2013-11-13,23.26030
2013-11-14,23.40300
2013-11-18,23.61800
2013-11-19,23.59950
2013-11-20,23.59280
2013-11-21,23.44990
2013-11-22,23.47530
2013-11-25,23.58550
2013-11-26,23.38250
2013-11-27,23.30990
2013-11-28,23.44780
2013-11-29,23.67120
2013-12-02,23.66010
2013-12-03,23.66820
2013-12-04,23.59660
2013-12-05,23.76090
2013-12-06,23.77990
2013-12-09,24.11270
2013-12-10,24.01950
2013-12-11,23.85210
2013-12-12,23.63250
2013-12-13,23.50620
2013-12-16,23.41370
2013-12-17,23.32100
2013-12-18,23.61730
2013-12-19,23.45790
2013-12-20,23.60570
2013-12-23,23.74190
2013-12-24,23.89960
2013-12-26,23.94620
2013-12-27,23.96900
2013-12-30,23.97660
2013-12-31,24.08720
2014-01-01,24.08830
2014-01-02,23.80520
2014-01-03,23.71410
2014-01-06,23.66820
2014-01-07,23.51620
2014-01-08,23.60860
2014-01-09,23.49200
2014-01-10,23.40560
2014-01-13,23.65320
2014-01-14,23.48780
2014-01-15,23.60900
2014-01-16,23.64440
2014-01-17,23.59600
2014-01-20,23.55050
2014-01-21,23.62800
2014-01-22,23.74900
2014-01-23,23.72730
2014-01-24,23.52590
2014-01-27,23.08790
2014-01-28,23.01130
2014-01-29,23.12520
2014-01-30,22.97070
2014-01-31,23.09320
2014-02-03,22.94180
2014-02-04,22.77700
2014-02-05,22.76490
2014-02-06,22.86980
2014-02-07,22.99050
2014-02-10,23.10870
2014-02-11,23.15440
2014-02-12,23.32090
2014-02-13,23.11160
2014-02-14,23.19140
2014-02-17,23.33460
2014-02-18,23.31440
2014-02-19,23.29260
2014-02-20,23.17260
2014-02-21,23.30320
2014-02-24,23.35450
2014-02-25,23.25750
2014-02-26,23.38370
2014-02-28,23.40620
2014-03-03,23.20830
2014-03-04,23.67720
2014-03-05,23.91320
2014-03-06,24.26580
2014-03-07,24.48880
2014-03-10,24.38950
2014-03-11,24.38780
2014-03-12,24.32600
2014-03-13,24.21300
2014-03-14,24.12850
2014-03-18,24.16210
2014-03-19,24.17440
2014-03-20,24.03080
2014-03-21,24.00060
2014-03-24,24.15320
2014-03-25,24.06500
2014-03-26,24.14550
2014-03-27,24.16820
2014-03-28,24.67710
2014-03-31,24.63400
2014-04-01,24.77820
2014-04-02,24.99770
2014-04-03,24.93760
2014-04-04,24.85650
2014-04-07,24.62140
2014-04-09,24.85300
2014-04-10,24.96050
2014-04-11,24.93650
2014-04-15,24.61140
2014-04-16,24.62710
2014-04-17,24.94350
2014-04-21,25.10210
2014-04-22,25.19850
2014-04-23,25.19170
2014-04-25,24.96000
2014-04-28,24.95350
2014-04-29,24.81950
2014-04-30,24.58310
2014-05-02,24.72720
2014-05-05,24.65390
2014-05-06,24.77420
2014-05-07,24.72060
2014-05-08,24.67090
2014-05-09,25.08730
2014-05-12,25.30370
2014-05-13,25.53460
2014-05-14,25.73740
2014-05-15,25.60480
2014-05-16,25.81330
2014-05-19,26.61410
2014-05-20,26.81740
2014-05-21,26.95630
2014-05-22,27.28310
2014-05-23,27.79600
2014-05-26,27.74940
2014-05-27,27.55220
2014-05-28,27.61480
2014-05-29,27.52200
2014-05-30,27.44220
2014-06-02,27.64180
2014-06-03,27.94330
2014-06-04,28.08240
2014-06-05,28.34120
2014-06-06,28.75650
2014-06-09,29.06450
2014-06-10,28.91190
2014-06-11,28.87340
2014-06-12,29.02730
2014-06-13,28.69560
2014-06-16,28.84420
2014-06-17,29.29700
2014-06-18,29.30370
2014-06-19,29.11830
2014-06-20,29.04900
2014-06-23,28.93420
2014-06-24,29.11030
2014-06-25,28.99190
2014-06-26,28.83910
2014-06-27,28.94320
2014-06-30,29.40220
2014-07-01,29.75980
2014-07-02,29.93320
2014-07-03,29.88270
2014-07-04,29.95440
2014-07-07,29.95610
2014-07-08,29.52750
2014-07-09,29.41710
2014-07-10,29.45130
2014-07-11,29.02120
2014-07-14,29.07890
2014-07-15,29.30440
2014-07-16,29.57390
2014-07-17,29.78110
2014-07-18,29.71440
2014-07-21,29.77850
2014-07-22,29.83310
2014-07-23,29.84410
2014-07-24,29.91810
2014-07-25,29.66810
2014-07-28,29.59580
2014-07-30,29.85760
2014-07-31,29.86220
2014-08-01,29.85410
2014-08-04,30.28200
2014-08-05,30.52990
2014-08-06,30.35240
2014-08-07,30.31760
2014-08-08,29.92180
2014-08-11,30.02490
2014-08-12,30.33190
2014-08-13,30.40350
2014-08-14,30.59100
2014-08-18,31.00860
2014-08-19,31.23620
2014-08-20,31.31060
2014-08-21,31.17960
2014-08-22,31.19820
2014-08-25,31.24780
2014-08-26,31.21190
2014-08-27,31.25110
2014-08-28,31.18570
2014-09-01,31.78260
2014-09-02,31.95750
2014-09-03,32.21560
2014-09-04,32.28630
2014-09-05,32.19780
2014-09-08,32.52670
2014-09-09,32.49710
2014-09-10,32.44410
2014-09-11,32.44730
2014-09-12,32.50020
2014-09-15,32.59640
2014-09-16,32.05010
2014-09-17,32.41860
2014-09-18,32.67950
2014-09-19,32.88170
2014-09-22,32.81840
2014-09-23,32.45320
2014-09-24,32.38400
2014-09-25,32.07430
2014-09-26,32.18060
2014-09-29,32.18920
2014-09-30,32.54660
2014-10-01,32.38980
2014-10-07,31.95630
2014-10-08,31.95540
2014-10-09,32.23090
2014-10-10,31.78970
2014-10-13,31.86950
2014-10-14,31.92090
2014-10-16,31.51240
2014-10-17,31.76610
2014-10-20,32.06530
2014-10-21,32.12070
2014-10-22,32.56810
2014-10-27,32.30460
2014-10-28,32.31100
2014-10-29,32.45620
2014-10-30,32.60430
2014-10-31,33.01320
2014-11-03,33.03140
2014-11-05,33.09840
2014-11-07,33.21960
2014-11-10,33.28110
2014-11-11,33.29220
2014-11-12,33.50430
2014-11-13,33.50070
2014-11-14,33.57420
2014-11-17,33.52520
2014-11-18,33.48450
2014-11-19,33.45060
2014-11-20,34.04070
2014-11-21,33.88040
2014-11-24,34.01690
2014-11-25,33.81230
2014-11-26,33.76460
2014-11-27,33.71790
2014-11-28,34.00200
2014-12-01,33.80910
2014-12-02,33.87020
2014-12-03,33.97990
2014-12-04,34.07930
2014-12-05,33.80450
2014-12-08,33.23530
2014-12-09,32.93090
2014-12-10,33.27220
2014-12-11,32.99790
2014-12-12,32.79080
2014-12-15,32.73640
2014-12-16,32.25740
2014-12-17,32.00410
2014-12-18,32.51870
2014-12-19,32.65030
2014-12-22,33.20500
2014-12-23,33.22600
2014-12-24,33.04230
2014-12-26,32.98320
2014-12-29,33.21470
2014-12-30,33.12870
2014-12-31,33.35850
2015-01-01,33.36060
2015-01-02,33.65800
2015-01-05,33.62370
2015-01-06,32.76990
2015-01-07,32.73930
2015-01-08,33.31830
2015-01-09,33.36160
2015-01-12,33.36490
2015-01-13,33.46390
2015-01-14,33.49440
2015-01-15,33.89200
2015-01-16,33.87710
2015-01-19,34.01510
2015-01-20,34.09750
2015-01-21,34.14380
2015-01-22,34.40760
2015-01-23,34.61930
2015-01-27,34.60760
2015-01-28,34.67670
2015-01-29,34.78540
2015-01-30,34.53640
2015-02-02,34.27360
2015-02-03,34.45210
2015-02-04,34.70350
2015-02-05,34.53980
2015-02-06,34.20000
2015-02-09,34.00880
2015-02-10,34.36690
2015-02-11,34.68190
2015-02-12,34.87970
2015-02-13,34.95890
2015-02-16,34.75540
2015-02-18,34.86890
2015-02-19,34.89340
2015-02-20,34.86880
2015-02-23,34.59280
2015-02-24,34.43720
2015-02-25,34.18440
2015-02-26,33.94450
2015-02-27,34.44330
2015-03-02,34.98870
2015-03-03,35.40630
2015-03-04,34.93070
2015-03-05,34.74950
2015-03-09,34.03530
2015-03-10,33.95660
2015-03-11,33.78160
2015-03-12,33.89420
2015-03-13,33.62330
2015-03-16,33.37820
2015-03-17,33.60590
2015-03-18,33.58750
2015-03-19,33.47110
2015-03-20,33.03880
2015-03-23,32.83640
2015-03-24,32.83750
2015-03-25,32.81780
2015-03-26,32.44560
2015-03-27,32.53960
2015-03-30,32.97370
2015-03-31,33.03000
2015-04-01,33.35700
2015-04-06,33.82700
2015-04-07,34.08370
2015-04-08,34.58500
2015-04-09,34.57290
2015-04-10,34.80560
2015-04-13,35.10970
2015-04-15,34.77020
2015-04-16,34.90460
2015-04-17,34.69880
2015-04-20,34.20260
2015-04-21,34.21460
2015-04-22,34.56320
2015-04-23,34.60990
2015-04-24,34.50180
2015-04-27,34.36300
2015-04-28,34.64220
2015-04-29,34.57960
2015-04-30,34.54720
2015-05-04,34.91650
2015-05-05,34.57070
2015-05-06,33.82080
2015-05-07,33.36260
2015-05-08,33.98020
2015-05-11,34.56770
2015-05-12,33.97590
2015-05-13,34.33060
2015-05-14,34.33720
2015-05-15,34.47660
2015-05-18,34.68060
2015-05-19,34.71080
2015-05-20,34.71790
2015-05-21,34.64950
2015-05-22,34.71750
2015-05-25,34.57810
2015-05-26,34.60880
2015-05-27,34.49390
2015-05-28,34.42460
2015-05-29,34.71820
2015-06-01,34.76460
2015-06-02,34.20940
2015-06-03,33.89730
2015-06-04,33.94930
2015-06-05,33.72770
2015-06-08,33.38290
2015-06-09,33.24110
2015-06-10,33.56510
2015-06-11,33.05650
2015-06-12,33.27820
2015-06-15,33.25120
2015-06-16,33.11950
2015-06-17,33.24880
2015-06-18,33.51440
2015-06-19,33.55300
2015-06-22,33.86410
2015-06-23,34.07030
2015-06-24,34.12920
2015-06-25,34.11170
2015-06-26,33.96960
2015-06-29,33.59060
2015-06-30,33.91300
2015-07-01,34.22310
2015-07-02,34.05530
2015-07-03,33.95800
2015-07-06,33.81570
2015-07-07,33.68680
2015-07-08,33.02650
2015-07-09,33.38080
2015-07-10,33.47390
2015-07-13,33.80720
2015-07-14,33.72050
2015-07-15,33.82310
2015-07-16,34.22050
2015-07-17,34.26190
2015-07-20,34.31570
2015-07-21,34.14540
2015-07-22,34.59830
2015-07-23,34.66950
2015-07-24,34.22020
2015-07-27,33.67980
2015-07-28,33.44800
2015-07-29,33.72610
2015-07-30,34.05610
2015-07-31,34.34970
2015-08-03,34.18120
2015-08-04,34.29730
2015-08-05,34.38020
2015-08-06,34.48060
2015-08-07,34.55580
2015-08-10,34.52730
2015-08-11,34.28460
2015-08-12,33.82480
2015-08-13,33.88610
2015-08-14,34.40540
2015-08-17,34.28130
2015-08-18,34.28990
2015-08-19,34.38730
2015-08-20,33.82720
2015-08-21,33.46370
2015-08-24,31.47810
2015-08-25,31.84470
2015-08-26,31.45150
2015-08-27,32.04220
2015-08-28,32.61410
2015-08-31,32.35500
2015-09-01,31.98610
2015-09-02,31.46260
2015-09-03,31.93890
2015-09-04,31.39380
2015-09-07,31.10450
2015-09-08,31.28700
2015-09-09,31.83450
2015-09-10,32.11860
2015-09-11,32.11960
2015-09-14,32.10620
2015-09-15,32.01520
2015-09-16,32.17390
2015-09-18,32.43490
2015-09-21,32.11620
2015-09-22,31.81430
2015-09-23,31.81480
2015-09-24,31.73380
2015-09-28,31.61830
2015-09-29,31.49680
2015-09-30,31.94750
2015-10-01,32.06910
2015-10-05,32.77470
2015-10-06,32.91230
2015-10-07,33.03460
2015-10-08,32.84770
2015-10-09,33.18600
2015-10-12,33.09510
2015-10-13,33.15010
2015-10-14,32.95820
2015-10-15,33.22440
2015-10-16,33.39210
2015-10-19,33.38090
2015-10-20,33.49460
2015-10-21,33.38570
2015-10-23,33.56880
2015-10-26,33.63280
2015-10-27,33.64690
2015-10-28,33.47550
2015-10-29,33.32530
2015-10-30,33.30500
2015-11-02,33.34420
2015-11-03,33.49020
2015-11-04,33.67500
2015-11-05,33.49670
2015-11-06,33.17060
2015-11-09,33.07930
2015-11-10,32.68170
2015-11-13,32.94180
2015-11-16,33.00090
2015-11-17,33.08240
2015-11-18,32.87220
2015-11-19,33.29270
2015-11-20,33.48890
2015-11-23,33.55980
2015-11-24,33.53600
2015-11-26,33.63200
2015-11-27,33.82080
2015-11-30,33.67030
2015-12-01,33.84920
2015-12-02,33.91040
2015-12-03,33.58680
2015-12-04,33.50390
2015-12-07,33.45370
2015-12-08,33.20710
2015-12-09,32.71910
2015-12-10,32.87670
2015-12-11,32.31870
2015-12-14,32.11730
2015-12-15,32.40230
2015-12-16,32.58820
2015-12-17,32.77420
2015-12-18,32.60370
2015-12-21,32.75100
2015-12-22,32.53960
2015-12-23,32.71120
2015-12-24,32.72890
2015-12-28,32.95180
2015-12-29,32.98250
2015-12-30,32.89090
2015-12-31,32.82470
2016-01-01,33.08680
2016-01-04,32.48230
2016-01-05,32.29670
2016-01-06,32.42980
2016-01-07,31.59310
2016-01-08,31.84180
2016-01-11,31.54410
2016-01-12,31.20220
2016-01-13,31.27590
2016-01-14,31.19730
2016-01-15,30.82460
2016-01-18,30.21200
2016-01-19,30.32650
2016-01-20,29.75270
2016-01-21,29.34030
2016-01-22,29.97360
2016-01-25,30.22220
2016-01-27,30.24640
2016-01-28,30.27050
2016-01-29,30.60610
2016-02-01,30.69750
2016-02-02,30.36970
2016-02-03,30.12010
2016-02-04,30.37990
2016-02-05,30.52830
2016-02-08,30.26950
2016-02-09,29.93590
2016-02-10,29.46430
2016-02-11,28.84830
2016-02-12,28.60970
2016-02-15,29.33330
2016-02-16,29.01860
2016-02-17,29.10030
2016-02-18,29.53260
2016-02-19,29.46560
2016-02-22,29.60300
2016-02-23,29.40120
2016-02-24,29.14110
2016-02-25,28.91300
2016-02-26,29.18850
2016-02-29,28.84530
2016-03-01,29.49390
2016-03-02,30.08150
2016-03-03,30.41830
2016-03-04,30.57670
2016-03-08,30.57080
2016-03-09,30.68330
2016-03-10,30.70160
2016-03-11,30.92340
2016-03-14,31.08460
2016-03-15,30.86110
2016-03-16,30.97720
2016-03-17,31.30870
2016-03-18,31.59000
2016-03-21,31.81650
2016-03-22,31.72510
2016-03-23,31.74770
2016-03-28,31.43030
2016-03-29,31.49510
2016-03-30,31.98210
2016-03-31,32.33210
2016-04-01,32.13420
2016-04-04,32.23190
2016-04-05,31.55490
2016-04-06,31.76330
2016-04-07,31.61090
2016-04-08,31.73380
2016-04-11,32.02020
2016-04-12,32.26750
2016-04-13,32.86760
2016-04-18,32.84180
2016-04-20,32.95030
2016-04-21,33.06060
2016-04-22,33.02010
2016-04-25,33.02220
2016-04-26,33.23130
2016-04-27,33.08610
2016-04-28,32.64100
2016-04-29,32.45350
2016-05-02,32.29790
2016-05-03,32.21190
2016-05-04,31.86760
2016-05-05,31.82020
2016-05-06,31.75770
2016-05-09,32.05120
2016-05-10,32.15670
2016-05-11,32.09700
2016-05-12,32.51010
2016-05-13,32.51020
2016-05-16,32.56280
2016-05-17,32.61990
2016-05-18,32.57570
2016-05-19,32.23080
2016-05-20,32.16780
2016-05-23,32.13560
2016-05-24,32.21730
2016-05-25,32.71600
2016-05-26,33.00620
2016-05-27,33.03780
2016-05-30,33.06310
2016-05-31,33.39040
2016-06-01,33.34910
2016-06-02,33.40210
2016-06-03,33.52490
2016-06-06,33.71520
2016-06-07,34.00590
2016-06-08,34.01430
2016-06-09,34.05350
2016-06-10,33.88740
2016-06-13,33.51270
2016-06-14,33.45940
2016-06-15,33.68910
2016-06-16,33.32910
2016-06-17,33.45140
2016-06-20,33.74160
2016-06-21,33.83780
2016-06-22,33.76880
2016-06-23,33.75500
2016-06-24,33.19320
2016-06-27,33.21640
2016-06-28,33.34300
2016-06-29,33.72280
2016-06-30,34.18390
2016-07-01,34.40490
2016-07-04,34.70800
2016-07-05,34.52230
2016-07-07,34.34740
2016-07-08,34.16900
2016-07-11,34.83340
2016-07-12,35.12770
2016-07-13,35.09000
2016-07-14,35.32920
2016-07-15,35.17290
2016-07-18,35.15850
2016-07-19,35.18610
2016-07-20,35.55300
2016-07-21,35.56830
2016-07-22,35.93050
2016-07-25,36.20800
2016-07-26,36.12850
2016-07-27,36.06690
2016-07-28,36.15200
2016-07-29,36.10910
2016-08-01,36.17110
2016-08-02,35.85190
2016-08-03,35.53660
2016-08-04,35.69820
2016-08-05,36.41290
2016-08-08,36.54370
2016-08-09,36.48970
2016-08-10,36.34330
2016-08-11,36.15780
2016-08-12,36.10780
2016-08-16,36.07350
2016-08-17,36.10170
2016-08-18,36.31000
2016-08-19,36.51270
2016-08-22,36.23210
2016-08-23,36.25140
2016-08-24,36.45260
2016-08-25,36.29960
2016-08-26,36.53910
2016-08-29,36.71810
2016-08-30,37.14040
2016-08-31,37.06610
2016-09-01,37.10900
2016-09-02,37.30250
2016-09-06,37.85190
2016-09-07,38.13900
2016-09-08,38.23170
2016-09-09,38.06960
2016-09-12,37.19110
2016-09-14,37.54900
2016-09-15,37.65680
2016-09-16,37.60070
2016-09-19,37.90710
2016-09-20,37.69790
2016-09-21,37.76570
2016-09-22,38.09850
2016-09-23,38.12510
2016-09-26,37.76770
2016-09-27,37.69560
2016-09-28,38.01050
2016-09-29,37.25170
2016-09-30,37.61890
2016-10-03,38.09090
2016-10-04,38.43840
2016-10-05,38.84790
2016-10-06,38.69590
2016-10-07,38.63090
2016-10-10,38.59080
2016-10-13,38.02680
2016-10-14,38.22310
2016-10-17,38.23730
2016-10-18,38.65230
2016-10-19,38.67610
2016-10-20,38.83400
2016-10-21,39.08900
2016-10-24,39.14590
2016-10-25,39.12120
2016-10-26,38.70510
2016-10-27,38.52120
2016-10-28,38.66820
2016-11-01,38.71440
2016-11-02,38.09890
2016-11-03,37.77090
2016-11-04,37.36020
2016-11-07,37.43110
2016-11-08,37.88960
2016-11-09,37.24010
2016-11-10,37.89630
2016-11-11,36.96600
2016-11-15,36.08930
2016-11-16,35.97540
2016-11-17,35.85340
2016-11-18,35.59010
2016-11-21,34.93850
2016-11-22,35.36450
2016-11-23,35.60940
2016-11-24,35.49460
2016-11-25,35.80050
2016-11-28,35.99540
2016-11-29,36.11450
2016-11-30,36.49800
2016-12-01,36.23300
2016-12-02,35.82640
2016-12-05,35.84880
2016-12-06,36.15920
2016-12-07,36.00950
2016-12-08,36.56790
2016-12-09,36.77110
2016-12-12,36.36670
2016-12-13,36.38100
2016-12-14,36.19140
2016-12-15,36.03180
2016-12-16,35.92330
2016-12-19,35.84640
2016-12-20,35.65380
2016-12-21,35.57170
2016-12-22,35.23140
2016-12-23,35.23990
2016-12-26,34.80720
2016-12-27,35.13750
2016-12-28,35.34620
2016-12-29,35.62220
2016-12-30,35.90850
2017-01-02,36.00240
2017-01-03,36.08190
2017-01-04,36.07680
2017-01-05,36.56900
2017-01-06,36.56380
2017-01-09,36.65280
2017-01-10,36.88960
2017-01-11,37.13120
2017-01-12,37.09030
2017-01-13,37.06260
2017-01-16,37.09790
2017-01-17,37.09920
2017-01-18,37.29430
2017-01-19,37.31750
2017-01-20,36.99110
2017-01-23,37.10870
2017-01-24,37.37750
2017-01-25,37.66170
2017-01-27,37.88070
2017-01-30,37.91230
2017-01-31,37.78920
2017-02-01,38.40440
2017-02-02,38.73160
2017-02-03,38.58230
2017-02-06,38.97530
2017-02-07,38.60400
2017-02-08,38.82090
2017-02-09,38.81010
2017-02-10,38.80010
2017-02-13,38.83710
2017-02-14,38.68190
2017-02-15,38.36620
2017-02-16,38.73920
2017-02-17,38.82120
2017-02-20,39.14400
2017-02-21,39.31420
2017-02-22,39.42960
2017-02-23,39.39820
2017-02-27,39.27850
2017-02-28,39.34840
2017-03-01,39.47680
2017-03-02,39.19420
2017-03-03,39.27210
2017-03-06,39.43720
2017-03-07,39.50400
2017-03-08,39.26880
2017-03-09,39.19900
2017-03-10,39.07940
2017-03-14,39.45310
2017-03-15,39.54800
2017-03-16,39.96220
2017-03-17,39.92980
2017-03-20,39.91360
2017-03-21,39.95560
2017-03-22,39.49400
2017-03-23,39.63860
2017-03-24,39.78960
2017-03-27,39.63260
2017-03-28,39.83110
2017-03-29,40.06160
2017-03-30,40.24180
2017-03-31,40.51380
2017-04-03,40.80340
2017-04-05,40.99470
2017-04-06,40.82220
2017-04-07,40.58780
2017-04-10,40.70100
2017-04-11,41.02730
2017-04-12,40.91380
2017-04-13,40.78800
2017-04-17,40.85630
2017-04-18,40.64030
2017-04-19,40.74650
2017-04-20,40.87580
2017-04-21,40.89280
2017-04-24,41.01570
2017-04-25,41.39620
2017-04-26,41.41590
2017-04-27,41.39800
2017-04-28,41.67230
2017-05-02,41.70390
2017-05-03,41.62080
2017-05-04,41.89420
2017-05-05,41.58380
2017-05-08,41.84030
2017-05-09,41.98530
2017-05-10,42.04530
2017-05-11,42.11390
2017-05-12,41.84150
2017-05-15,42.08300
2017-05-16,42.21310
2017-05-17,42.18480
2017-05-18,41.76980
2017-05-19,41.55080
2017-05-22,41.26480
2017-05-23,40.92990
2017-05-24,40.69440
2017-05-25,41.35120
2017-05-26,41.71040
2017-05-29,41.47350
2017-05-30,41.75730
2017-05-31,41.86520
2017-06-01,42.03470
2017-06-02,42.30540
2017-06-05,42.37560
2017-06-06,42.20360
2017-06-07,42.41770
2017-06-08,42.41480
2017-06-09,42.53980
2017-06-12,42.28960
2017-06-13,42.26110
2017-06-14,42.47660
2017-06-15,42.44130
2017-06-16,42.36310
2017-06-19,42.45640
2017-06-20,42.64910
2017-06-21,42.48420
2017-06-22,42.36660
2017-06-23,42.02280
2017-06-27,41.61940
2017-06-28,41.56330
2017-06-29,41.65500
2017-06-30,41.72990
2017-07-03,42.02530
2017-07-04,42.03100
2017-07-05,42.39160
2017-07-06,42.60780
2017-07-07,42.58880
2017-07-10,42.64150
2017-07-11,42.56810
2017-07-12,42.92770
2017-07-13,43.25070
2017-07-14,43.36080
2017-07-17,43.49180
2017-07-18,43.51840
2017-07-19,43.77810
2017-07-20,43.78070
2017-07-21,43.99370
2017-07-24,44.09130
2017-07-25,44.14740
2017-07-26,44.43100
2017-07-27,44.31580
2017-07-28,44.26230
2017-07-31,44.42580
2017-08-01,44.21410
2017-08-02,44.27800
2017-08-03,43.86590
2017-08-04,43.88070
2017-08-07,44.31120
2017-08-08,44.06550
2017-08-09,43.61350
2017-08-10,42.99230
2017-08-11,42.88690
2017-08-14,43.42900
2017-08-16,43.89010
2017-08-17,43.94040
2017-08-18,43.65020
2017-08-21,43.35760
2017-08-22,43.32300
2017-08-23,43.69410
2017-08-24,43.85010
2017-08-28,44.18240
2017-08-29,43.99270
2017-08-30,44.37780
2017-08-31,44.52130
2017-09-01,44.66670
2017-09-04,44.33250
2017-09-05,44.49900
2017-09-06,44.63770
2017-09-07,44.79080
2017-09-08,44.84330
2017-09-11,45.00870
2017-09-12,45.36250
2017-09-13,45.35570
2017-09-14,45.57090
2017-09-15,45.76790
2017-09-18,46.03860
2017-09-19,46.22450
2017-09-20,45.94570
2017-09-21,45.76210
2017-09-22,44.76220
2017-09-25,44.43880
2017-09-26,44.77330
2017-09-27,44.51120
2017-09-28,44.56170
2017-09-29,44.61580
2017-10-03,45.09830
2017-10-04,45.17130
2017-10-05,45.51290
2017-10-06,45.86440
2017-10-09,45.77040
2017-10-10,45.98650
2017-10-11,45.73690
2017-10-12,45.90850
2017-10-13,45.85140
2017-10-16,46.13010
2017-10-17,46.29000
2017-10-18,46.26770
2017-10-23,46.02810
2017-10-24,46.14970
2017-10-25,46.03490
2017-10-26,46.13660
2017-10-27,46.02630
2017-10-30,46.27920
2017-10-31,46.32370
2017-11-01,46.68150
2017-11-02,46.77400
2017-11-03,46.87580
2017-11-06,47.05190
2017-11-07,46.53600
2017-11-08,46.14050
2017-11-09,46.36330
2017-11-10,46.41910
2017-11-13,46.32060
2017-11-14,46.20130
2017-11-15,45.86200
2017-11-16,46.05940
2017-11-17,46.46720
2017-11-20,46.68590
2017-11-21,46.64360
2017-11-22,46.72950
2017-11-23,46.91070
2017-11-24,47.03920
2017-11-27,47.10700
2017-11-28,47.13090
2017-11-29,47.11440
2017-11-30,46.87400
2017-12-01,46.55830
2017-12-04,46.64100
2017-12-05,46.61250
2017-12-06,46.23160
2017-12-07,46.56360
2017-12-08,46.88250
2017-12-11,47.01210
2017-12-12,46.58950
2017-12-13,46.50420
2017-12-14,46.49200
2017-12-15,46.91900
2017-12-18,47.14800
2017-12-19,47.49360
2017-12-20,47.66350
2017-12-21,47.75370
2017-12-22,47.93280
2017-12-26,48.03240
2017-12-27,48.00530
2017-12-28,48.07790
2017-12-29,48.15480
2018-01-01,48.01700
2018-01-02,48.19230
2018-01-03,48.37000
2018-01-04,48.40300
2018-01-05,48.84270
2018-01-08,49.19080
2018-01-09,49.31310
2018-01-10,49.41160
2018-01-11,49.53700
2018-01-12,49.73080
2018-01-15,49.64110
2018-01-16,49.39180
2018-01-17,49.62870
2018-01-18,49.35050
2018-01-19,49.74840
2018-01-22,50.11380
2018-01-23,50.59160
2018-01-24,50.41320
2018-01-25,50.27890
2018-01-29,50.08590
2018-01-30,49.78510
2018-01-31,49.61550
2018-02-01,49.38540
2018-02-02,48.20500
2018-02-05,47.64650
2018-02-06,46.73740
2018-02-07,46.82080
2018-02-08,47.40510
2018-02-09,46.67790
2018-02-12,47.15110
2018-02-14,47.48470
2018-02-15,47.76930
2018-02-16,47.52760
2018-02-19,47.39190
2018-02-20,47.41120
2018-02-21,47.43820
2018-02-22,47.35340
2018-02-23,47.91700
2018-02-26,48.07270
2018-02-27,47.94260
2018-02-28,47.66820
2018-03-01,47.56580
2018-03-05,46.87810
2018-03-06,46.80110
2018-03-07,46.41500
2018-03-08,46.65200
2018-03-09,46.61540
2018-03-12,47.04010
2018-03-13,47.05470
2018-03-14,47.19890
2018-03-15,47.24190
2018-03-16,46.74720
2018-03-19,46.20130
2018-03-20,46.38360
2018-03-21,46.20040
2018-03-22,46.05870
2018-03-23,45.41200
2018-03-26,46.07370
2018-03-27,46.47540
2018-03-28,46.26910
2018-04-02,46.68320
2018-04-03,47.04130
2018-04-04,46.89010
2018-04-05,47.44660
2018-04-06,47.67150
2018-04-09,47.79740
2018-04-10,47.85680
2018-04-11,48.03860
2018-04-12,48.02960
2018-04-13,48.09740
2018-04-16,48.06060
2018-04-17,47.93390
2018-04-18,47.84840
2018-04-19,48.10830
2018-04-20,47.72680
2018-04-23,47.67400
2018-04-24,47.76510
2018-04-25,47.62820
2018-04-26,47.93440
2018-04-27,48.36190
2018-04-30,48.69150
2018-05-02,48.50130
2018-05-03,48.30930
2018-05-04,48.10580
2018-05-07,48.37970
2018-05-08,48.37820
2018-05-09,48.51260
2018-05-10,48.23360
2018-05-11,48.44750
2018-05-14,48.30070
2018-05-15,48.16240
2018-05-16,48.34760
2018-05-17,48.32670
2018-05-18,48.04170
2018-05-21,47.73830
2018-05-22,48.03830
2018-05-23,47.67150
2018-05-24,47.66060
2018-05-25,47.97000
2018-05-28,48.40000
2018-05-29,48.11080
2018-05-30,47.91910
2018-05-31,48.14910
2018-06-01,47.90140
2018-06-04,47.70970
2018-06-05,47.30890
2018-06-06,47.62950
2018-06-07,48.08490
2018-06-08,48.06420
2018-06-11,48.16720
2018-06-12,48.32640
2018-06-13,48.36800
2018-06-14,48.14490
2018-06-15,48.14080
2018-06-18,48.10770
2018-06-19,47.50890
2018-06-20,47.88410
2018-06-21,47.72810
2018-06-22,47.66760
2018-06-25,47.29060
2018-06-26,47.05880
2018-06-27,46.58870
2018-06-28,45.78270
2018-06-29,46.33040
2018-07-02,46.21070
2018-07-03,46.27750
2018-07-04,46.38940
2018-07-05,46.26340
2018-07-06,46.69490
2018-07-09,47.27980
2018-07-10,47.48790
2018-07-11,47.06820
2018-07-12,47.30370
2018-07-13,47.26160
2018-07-16,46.65780
2018-07-17,47.13030
2018-07-18,46.98230
2018-07-19,46.92050
2018-07-20,47.34130
2018-07-23,47.30730
2018-07-24,47.67410
2018-07-25,47.50000
2018-07-26,47.77390
2018-07-27,48.13700
2018-07-30,48.08600
2018-07-31,47.89630
2018-08-01,47.87830
2018-08-02,47.70820
2018-08-03,48.09960
2018-08-06,48.04070
2018-08-07,47.99730
2018-08-08,47.97150
2018-08-09,48.13930
2018-08-10,47.77300
2018-08-13,47.18200
2018-08-14,47.50400
2018-08-16,47.05590
2018-08-17,47.48290
2018-08-20,47.46430
2018-08-21,47.97130
2018-08-23,47.91490
2018-08-24,47.67020
2018-08-27,48.29950
2018-08-28,48.46860
2018-08-29,48.72980
2018-08-30,48.72720
2018-08-31,48.51890
2018-09-03,48.21620
2018-09-04,47.86730
2018-09-06,47.88610
2018-09-07,48.12720
2018-09-10,47.56950
2018-09-11,47.04080
2018-09-12,46.89810
2018-09-14,47.69070
2018-09-17,47.15660
2018-09-18,46.85490
2018-09-19,46.79490
2018-09-21,46.13210
2018-09-24,45.58700
2018-09-25,45.69880
2018-09-26,45.82930
2018-09-27,45.16150
2018-09-28,45.01710
2018-10-01,45.01060
2018-10-03,44.55290
2018-10-04,43.78410
2018-10-05,42.82890
2018-10-08,42.32650
2018-10-09,42.08720
2018-10-10,42.92100
2018-10-11,41.87270
2018-10-12,42.76100
2018-10-15,42.87380
2018-10-16,43.27380
2018-10-17,42.65850
2018-10-19,42.16820
2018-10-22,42.32360
2018-10-23,41.80290
2018-10-24,41.78910
2018-10-25,41.43680
2018-10-26,40.92110
2018-10-29,41.72120
2018-10-30,41.83240
2018-10-31,42.52300
2018-11-01,42.82270
2018-11-02,43.49430
2018-11-05,43.38780
2018-11-06,43.45610
2018-11-09,43.67510
2018-11-12,43.38250
2018-11-13,43.64230
2018-11-14,43.87520
2018-11-15,44.05310
2018-11-16,44.15700
2018-11-19,44.53620
2018-11-20,43.82420
2018-11-21,43.86860
2018-11-22,43.79430
2018-11-26,43.62430
2018-11-27,43.81240
2018-11-28,43.87380
2018-11-29,43.89180
2018-11-30,43.94200
2018-12-03,44.33130
2018-12-04,44.67140
2018-12-05,44.27910
2018-12-06,43.59580
2018-12-07,43.67770
2018-12-10,43.17550
2018-12-11,43.55010
2018-12-12,44.20490
2018-12-13,44.46940
2018-12-14,44.43140
2018-12-17,44.55560
2018-12-18,44.29450
2018-12-19,44.33370
2018-12-20,44.26220
2018-12-21,43.75960
2018-12-24,43.50250
2018-12-26,43.44080
2018-12-27,43.51400
2018-12-28,43.70800
2018-12-31,44.00990
2019-01-01,44.02240
2019-01-02,43.72210
2019-01-03,43.39050
2019-01-04,43.47610
2019-01-07,43.72810
2019-01-08,43.80730
2019-01-09,43.99840
2019-01-10,44.12390
2019-01-11,44.18220
2019-01-14,44.00060
2019-01-15,44.47910
2019-01-16,44.61100
2019-01-17,44.56890
2019-01-18,44.65950
2019-01-21,44.70120
2019-01-22,44.43020
2019-01-23,44.28730
2019-01-24,44.30950
2019-01-25,44.03180
2019-01-28,43.78350
2019-01-29,43.75400
2019-01-30,43.98880
2019-01-31,44.43020
2019-02-01,44.50440
2019-02-04,44.41150
2019-02-05,44.36530
2019-02-06,44.39490
2019-02-07,44.52800
2019-02-08,44.07770
2019-02-11,43.88790
2019-02-12,43.79320
2019-02-13,43.77900
2019-02-14,43.79560
2019-02-15,43.67130
2019-02-18,43.63160
2019-02-19,43.49420
2019-02-20,43.86120
2019-02-21,44.30920
2019-02-22,44.50160
2019-02-25,44.80270
2019-02-26,44.67160
2019-02-27,44.58270
2019-02-28,44.72680
2019-03-01,45.16570
2019-03-05,45.82420
2019-03-06,45.96030
2019-03-07,45.64380
2019-03-08,45.26680
2019-03-11,45.89100
2019-03-12,46.39690
2019-03-13,46.54060
2019-03-14,46.44800
2019-03-15,46.70690
2019-03-18,46.76450
2019-03-19,46.99180
2019-03-20,46.62030
2019-03-22,46.54640
2019-03-25,46.13130
2019-03-26,46.54140
2019-03-27,46.46800
2019-03-28,46.65120
2019-03-29,47.09930
2019-04-01,47.31730
2019-04-02,47.34230
2019-04-03,46.99470
2019-04-04,47.18930
2019-04-05,47.30810
2019-04-08,47.15720
2019-04-09,47.32990
2019-04-10,47.30090
2019-04-11,47.15200
2019-04-12,47.30170
2019-04-15,47.35610
2019-04-16,47.63340
2019-04-18,47.49410
2019-04-22,46.90650
2019-04-23,46.98010
2019-04-24,47.19720
2019-04-25,47.05790
2019-04-26,47.26560
2019-04-30,47.27010
2019-05-02,46.97250
2019-05-03,47.00280
2019-05-06,46.56400
2019-05-07,46.42510
2019-05-08,45.86350
2019-05-09,45.50720
2019-05-10,45.59250
2019-05-13,45.10690
2019-05-14,45.10340
2019-05-15,44.95830
2019-05-16,45.22530
2019-05-17,45.20580
2019-05-20,45.76080
2019-05-21,45.61130
2019-05-22,45.75000
2019-05-23,45.60190
2019-05-24,46.23250
2019-05-27,46.66200
2019-05-28,46.95940
2019-05-29,46.54300
2019-05-30,46.77030
2019-05-31,46.86350
2019-06-03,47.17330
2019-06-04,46.85990
2019-06-06,46.21470
2019-06-07,46.20570
2019-06-10,46.39530
2019-06-11,46.77310
2019-06-12,46.37420
2019-06-13,46.40570
2019-06-14,46.12700
2019-06-17,45.97630
2019-06-18,45.88340
2019-06-19,46.01900
2019-06-20,46.52350
2019-06-21,46.32840
2019-06-24,46.16850
2019-06-25,46.26080
2019-06-26,46.47300
2019-06-27,46.68630
2019-06-28,46.55070
2019-07-01,46.76950
2019-07-02,46.84860
2019-07-03,46.90030
2019-07-04,46.85260
2019-07-05,46.34440
2019-07-08,45.41510
2019-07-09,45.30720
2019-07-10,45.30420
2019-07-11,45.52610
2019-07-12,45.53220
2019-07-15,45.66620
2019-07-16,46.02040
2019-07-17,46.16210
2019-07-18,45.71700
2019-07-19,45.43920
2019-07-22,45.31560
2019-07-23,45.35080
2019-07-24,45.22060
2019-07-25,45.14490
2019-07-26,45.29370
2019-07-29,44.83750
2019-07-30,44.45940
2019-07-31,44.72210
2019-08-01,44.39260
2019-08-02,44.07200
2019-08-05,43.35010
2019-08-06,43.60850
2019-08-07,43.43650
2019-08-08,44.05470
2019-08-09,44.22090
2019-08-13,43.48040
2019-08-14,43.76450
2019-08-16,43.75850
2019-08-19,43.98940
2019-08-20,44.02680
2019-08-21,43.70670
2019-08-22,43.20910
2019-08-23,43.47450
2019-08-26,43.78570
2019-08-27,44.00890
2019-08-28,43.92000
2019-08-29,44.02610
2019-08-30,44.18050
2019-09-03,43.57640
2019-09-04,43.84660
2019-09-05,44.29460
2019-09-06,44.69660
2019-09-09,44.70580
2019-09-11,44.73990
2019-09-12,44.86460
2019-09-13,45.22990
2019-09-16,45.13540
2019-09-17,44.62910
2019-09-18,44.67430
2019-09-19,44.25990
2019-09-20,45.56770
2019-09-23,45.87570
2019-09-24,45.82240
2019-09-25,45.24880
2019-09-26,45.59290
2019-09-27,45.26830
2019-09-30,45.26700
2019-10-01,44.83410
2019-10-03,44.72000
2019-10-04,44.54490
2019-10-07,44.40470
2019-10-09,44.64270
2019-10-10,44.54680
2019-10-11,44.81070
2019-10-14,45.00720
2019-10-15,45.24500
2019-10-16,45.34800
2019-10-17,45.61140
2019-10-18,45.92120
2019-10-22,45.61080
2019-10-23,45.62220
2019-10-24,45.20230
2019-10-25,45.08880
2019-10-29,45.81370
2019-10-30,45.84080
2019-10-31,46.19790
2019-11-01,46.23400
2019-11-04,46.62340
2019-11-05,46.39600
2019-11-06,46.50930
2019-11-07,46.58810
2019-11-08,46.16810
2019-11-11,45.84460
2019-11-13,45.46150
2019-11-14,45.30930
2019-11-15,45.36900
2019-11-18,45.43060
2019-11-19,45.67150
2019-11-20,45.77510
2019-11-21,45.38200
2019-11-22,45.51660
2019-11-25,46.01340
2019-11-26,45.66270
2019-11-27,45.84960
2019-11-28,46.17550
2019-11-29,45.98840
2019-12-02,45.95710
2019-12-03,45.65960
2019-12-04,45.84050
2019-12-05,45.74150
2019-12-06,45.45980
2019-12-09,45.35600
2019-12-10,44.89860
2019-12-11,45.04670
2019-12-12,45.21340
2019-12-13,45.58110
2019-12-16,45.49910
2019-12-17,45.77780
2019-12-18,45.68810
2019-12-19,45.66780
2019-12-20,45.61720
2019-12-23,45.67930
2019-12-24,45.71400
2019-12-26,45.65040
2019-12-27,46.14810
2019-12-30,46.24930
2019-12-31,46.33650
2020-01-01,46.46750
2020-01-02,46.95510
2020-01-03,46.96350
2020-01-06,46.20590
2020-01-07,46.30030
2020-01-08,46.04950
2020-01-09,46.57220
2020-01-10,46.82330
2020-01-13,47.48190
2020-01-14,47.78520
2020-01-15,47.76970
2020-01-16,47.72030
2020-01-17,47.96680
2020-01-20,47.88050
2020-01-21,47.59400
2020-01-22,47.47000
2020-01-23,47.73490
2020-01-24,48.08930
2020-01-27,47.74320
2020-01-28,47.54420
2020-01-29,47.71040
2020-01-30,47.18650
2020-01-31,46.47100
2020-02-03,45.66190
2020-02-04,46.36750
2020-02-05,46.73230
2020-02-06,47.11740
2020-02-07,47.35310
2020-02-10,46.80100
2020-02-11,46.82910
2020-02-12,46.84370
2020-02-13,46.91040
2020-02-14,46.56160
2020-02-17,46.28400
2020-02-18,46.01750
2020-02-19,46.50420
2020-02-20,46.67740
2020-02-24,45.90870
2020-02-25,45.63200
2020-02-26,44.99580
2020-02-27,44.68720
2020-02-28,43.38400
2020-03-02,42.97780
2020-03-03,43.96890
2020-03-04,43.89740
2020-03-05,43.96080
2020-03-06,43.07090
2020-03-09,41.30930
2020-03-11,40.92870
2020-03-12,38.04290
2020-03-13,38.52780
2020-03-16,36.48790
2020-03-17,35.58160
2020-03-18,34.14480
2020-03-19,32.65380
2020-03-20,34.29270
2020-03-23,30.90740
2020-03-24,31.26030
2020-03-25,32.12340
2020-03-26,32.94490
2020-03-27,33.31410
2020-03-30,32.86450
2020-03-31,33.81970
2020-04-01,33.11390
2020-04-03,32.74340
2020-04-07,34.46210
2020-04-08,34.91150
2020-04-09,35.83770
2020-04-13,35.83680
2020-04-15,36.10410
2020-04-16,36.45090
2020-04-17,36.97200
2020-04-20,37.07790
2020-04-21,36.09650
2020-04-22,36.27760
2020-04-23,36.35920
2020-04-24,35.73550
2020-04-27,36.11430
2020-04-28,36.25510
2020-04-29,36.62840
2020-04-30,37.41690
2020-05-04,35.93720
2020-05-05,35.87940
2020-05-06,36.08140
2020-05-07,36.02820
2020-05-08,36.01470
2020-05-11,36.19540
2020-05-12,36.28410
2020-05-13,36.90840
2020-05-14,36.22840
2020-05-15,36.16710
2020-05-18,35.39880
2020-05-19,35.85320
2020-05-20,36.18640
2020-05-21,36.36690
2020-05-22,36.36430
2020-05-26,36.62970
2020-05-27,37.03980
2020-05-28,37.37690
2020-05-29,37.85640
2020-06-01,38.73050
2020-06-02,39.10960
2020-06-03,39.27200
2020-06-04,39.46070
2020-06-05,40.01800
2020-06-08,40.46420
2020-06-09,40.45920
2020-06-10,40.44350
2020-06-11,39.88650
2020-06-12,39.84310
2020-06-15,39.29790
2020-06-16,39.38270
2020-06-17,39.49400
2020-06-18,39.99100
2020-06-19,40.38730
2020-06-22,40.94730
2020-06-23,41.53150
2020-06-24,41.21950
2020-06-25,41.14070
2020-06-26,41.67520
2020-06-29,41.10000
2020-06-30,40.83850
2020-07-01,40.94190
2020-07-02,41.52100
2020-07-03,41.99990
2020-07-06,42.33960
2020-07-07,42.23640
2020-07-08,42.23910
2020-07-09,42.41830
2020-07-10,42.12740
2020-07-13,42.03580
2020-07-14,41.59040
2020-07-15,41.52230
2020-07-16,41.68030
2020-07-17,42.19300
2020-07-20,42.58770
2020-07-21,43.04830
2020-07-22,42.94420
2020-07-23,43.23140
2020-07-24,42.93470
2020-07-27,42.75210
2020-07-28,43.10150
2020-07-29,43.19700
2020-07-30,43.05850
2020-07-31,43.16570
2020-08-03,42.95610
2020-08-04,43.39650
2020-08-05,43.54020
2020-08-06,43.91990
2020-08-07,43.95070
2020-08-10,44.22570
2020-08-11,44.24090
2020-08-12,44.35790
2020-08-13,44.93050
2020-08-14,44.83330
2020-08-17,45.39850
2020-08-18,45.64160
2020-08-19,45.79580
2020-08-20,46.35220
2020-08-21,46.50770
2020-08-24,46.42320
2020-08-25,46.64720
2020-08-26,46.78530
2020-08-27,46.77200
2020-08-28,46.73550
2020-08-31,45.61130
2020-09-01,45.72260
2020-09-02,46.04290
2020-09-03,46.22150
2020-09-04,45.40380
2020-09-07,45.24150
2020-09-08,44.94130
2020-09-09,44.61000
2020-09-10,44.97220
2020-09-11,45.13840
2020-09-14,46.06620
2020-09-15,46.44610
2020-09-16,46.57190
2020-09-17,46.48030
2020-09-18,46.74810
2020-09-21,45.61090
2020-09-22,45.02600
2020-09-23,45.22110
2020-09-24,43.97840
2020-09-25,44.84390
2020-09-28,45.64730
2020-09-29,45.77030
2020-09-30,46.00470
2020-10-01,46.24260
2020-10-05,46.88320
2020-10-06,47.13970
2020-10-07,47.02640
2020-10-08,47.54760
2020-10-09,47.13330
2020-10-12,47.07830
2020-10-13,47.29770
2020-10-14,47.05140
2020-10-15,46.45030
2020-10-16,46.88870
2020-10-19,46.89750
2020-10-20,47.10260
2020-10-21,47.26400
2020-10-22,47.45680
2020-10-23,47.75130
2020-10-26,47.30480
2020-10-27,47.51860
2020-10-28,47.22600
2020-10-29,47.45300
2020-10-30,47.33030
2020-11-02,47.27350
2020-11-03,47.29890
2020-11-04,47.15290
2020-11-05,48.19360
2020-11-06,48.63320
2020-11-09,49.40970
2020-11-10,49.03630
2020-11-11,49.40940
2020-11-12,49.68660
2020-11-13,49.76950
2020-11-17,50.09840
2020-11-18,50.46960
2020-11-19,50.39780
2020-11-20,50.49490
2020-11-23,51.36760
2020-11-24,51.74650
2020-11-25,51.23860
2020-11-26,51.71530
2020-11-27,51.93700
2020-12-01,52.66490
2020-12-02,52.84260
2020-12-03,53.34890
2020-12-04,53.61040
2020-12-07,54.13460
2020-12-08,54.02500
2020-12-09,54.23920
2020-12-10,54.00660
2020-12-11,54.37350
2020-12-14,54.97290
2020-12-15,55.03630
2020-12-16,55.38770
2020-12-17,55.46800
2020-12-18,55.84810
2020-12-21,54.23120
2020-12-22,55.13840
2020-12-23,56.11930
2020-12-24,56.19780
2020-12-28,56.65560
2020-12-29,56.54900
2020-12-30,56.93410
2020-12-31,56.96620
2021-01-01,57.36590
2021-01-04,58.30680
2021-01-05,58.34680
2021-01-06,58.51720
2021-01-07,59.12720
2021-01-08,60.17090
2021-01-11,60.11470
2021-01-12,60.42470
2021-01-13,60.74400
2021-01-14,60.45700
2021-01-15,59.79860
2021-01-18,58.73740
2021-01-19,59.47270
2021-01-20,59.73220
2021-01-21,59.43070
2021-01-22,58.99230
2021-01-25,58.39380
2021-01-27,57.67020
2021-01-28,57.19680
2021-01-29,56.62270
2021-02-01,57.94520
2021-02-02,59.35300
2021-02-03,60.09380
2021-02-04,60.80060
2021-02-05,60.55490
2021-02-08,61.34350
2021-02-09,61.14830
2021-02-10,61.20050
2021-02-11,61.30300
2021-02-12,61.21850
2021-02-15,61.27460
2021-02-16,61.91650
2021-02-17,62.43570
2021-02-18,62.96940
2021-02-19,62.53650
2021-02-22,61.58800
2021-02-23,61.78860
2021-02-24,62.01070
2021-02-25,63.12190
2021-02-26,62.00070
2021-03-01,62.91780
2021-03-02,63.65240
2021-03-03,64.34050
2021-03-04,64.32750
2021-03-05,63.49370
2021-03-08,63.85610
2021-03-09,63.40580
2021-03-10,63.76910
2021-03-12,64.28010
2021-03-15,64.20060
2021-03-16,64.32870
2021-03-17,63.25440
2021-03-18,62.41700
2021-03-19,63.10320
2021-03-22,63.16980
2021-03-23,63.17090
2021-03-24,62.35030
2021-03-25,61.59670
2021-03-26,62.20360
2021-03-30,63.68570
2021-03-31,63.47280
2021-04-01,64.25310
2021-04-05,63.74830
2021-04-06,64.17260
2021-04-07,64.75110
2021-04-08,65.02660
2021-04-09,65.00230
2021-04-12,62.73970
2021-04-13,63.77990
2021-04-15,63.69380
2021-04-16,63.90950
2021-04-19,63.06390
2021-04-20,63.11600
2021-04-22,63.05770
2021-04-23,63.34650
2021-04-26,63.80930
2021-04-27,64.43530
2021-04-28,64.86530
2021-04-29,64.95670
2021-04-30,65.01390
2021-05-03,65.24120
2021-05-04,64.82540
2021-05-05,64.96300
2021-05-06,65.38260
2021-05-07,65.55020
2021-05-10,66.28950
2021-05-11,66.58500
2021-05-12,66.53820
2021-05-14,65.57420
2021-05-17,66.32480
2021-05-18,67.18570
2021-05-19,67.04370
2021-05-20,66.60770
2021-05-21,66.92430
2021-05-24,67.37660
2021-05-25,67.66320
2021-05-26,67.74360
2021-05-27,68.24770
2021-05-28,68.39040
2021-05-31,68.94600
2021-06-01,68.76750
2021-06-02,68.96640
2021-06-03,69.34730
2021-06-04,69.68280
2021-06-07,70.67970
2021-06-08,71.06660
2021-06-09,71.25200
2021-06-10,71.77350
2021-06-11,72.19910
2021-06-14,72.02660
2021-06-15,72.47360
2021-06-16,72.14120
2021-06-17,72.17840
2021-06-18,71.96900
2021-06-21,72.26980
2021-06-22,72.56660
2021-06-23,72.52660
2021-06-24,72.72240
2021-06-25,73.04520
2021-06-28,73.58170
2021-06-29,73.42810
2021-06-30,73.60600
2021-07-01,73.69300
2021-07-02,73.58550
2021-07-05,73.98330
2021-07-06,73.56510
2021-07-07,74.14820
2021-07-08,73.91050
2021-07-09,74.01630
2021-07-12,74.17610
2021-07-13,74.46450
2021-07-14,74.44770
2021-07-15,74.52660
2021-07-16,74.88040
2021-07-19,74.74070
2021-07-20,73.97610
2021-07-22,74.57750
2021-07-23,74.07990
2021-07-26,74.02010
2021-07-27,73.76260
2021-07-28,73.58430
2021-07-29,74.05530
2021-07-30,74.39160
2021-08-02,75.00750
2021-08-03,75.60080
2021-08-04,75.62730
2021-08-05,75.69230
2021-08-06,75.67600
2021-08-09,75.05440
2021-08-10,74.37640
2021-08-11,74.52740
2021-08-12,75.37390
2021-08-13,75.63870
2021-08-16,75.36080
2021-08-17,75.40790
2021-08-18,75.41950
2021-08-20,74.42700
2021-08-23,74.29650
2021-08-24,74.86890
2021-08-25,75.10230
2021-08-26,74.70340
2021-08-27,74.93440
2021-08-30,75.56650
2021-08-31,76.13630
2021-09-01,76.01160
2021-09-02,76.51660
2021-09-03,76.77960
2021-09-06,76.87200
2021-09-07,76.54380
2021-09-08,76.81430
2021-09-09,77.08450
2021-09-13,77.34290
2021-09-14,77.60250
2021-09-15,78.32330
2021-09-16,78.32400
2021-09-17,77.69990
2021-09-20,76.63170
2021-09-21,77.12630
2021-09-22,77.51220
2021-09-23,77.98300
2021-09-24,77.57600
2021-09-27,77.43170
2021-09-28,78.04140
2021-09-29,79.21920
2021-09-30,79.23710
2021-10-01,79.28160
2021-10-04,79.91880
2021-10-05,80.37600
2021-10-06,79.76670
2021-10-07,80.28220
2021-10-08,80.07620
2021-10-11,80.85170
2021-10-12,80.96070
2021-10-13,82.12680
2021-10-14,82.65440
2021-10-18,84.68800
2021-10-19,83.30650
2021-10-20,82.55790
2021-10-21,82.27850
2021-10-22,81.85940
2021-10-25,81.31920
2021-10-26,81.94480
2021-10-27,81.90280
2021-10-28,80.44400
2021-10-29,79.94900
2021-11-01,81.00520
2021-11-02,81.08720
2021-11-03,80.82700
2021-11-08,82.32250
2021-11-09,82.81520
2021-11-10,82.47360
2021-11-11,82.12740
2021-11-12,82.65560
2021-11-15,83.00220
2021-11-16,83.05450
2021-11-17,83.08110
2021-11-18,82.24480
2021-11-22,80.86820
2021-11-23,81.59150
2021-11-24,81.36530
2021-11-25,81.59780
2021-11-26,79.82250
2021-11-29,79.33570
2021-11-30,79.80420
2021-12-01,80.02670
2021-12-02,81.05800
2021-12-03,80.62210
2021-12-06,79.61170
2021-12-07,80.37550
2021-12-08,81.19850
2021-12-09,81.44650
2021-12-10,81.33400
2021-12-13,81.34470
2021-12-14,81.84330
2021-12-15,81.50010
2021-12-16,81.49520
2021-12-17,80.40390
2021-12-20,78.74100
2021-12-21,79.59720
2021-12-22,80.08260
2021-12-23,80.98950
2021-12-24,80.33220
2021-12-27,80.49560
2021-12-28,81.18760
2021-12-29,80.97210
2021-12-30,81.08230
2021-12-31,81.51330
2022-01-03,82.15870
2022-01-04,82.79770
2022-01-05,82.46710
2022-01-06,82.22420
2022-01-07,82.21710
2022-01-10,82.99080
2022-01-11,82.94530
2022-01-12,83.57460
2022-01-13,84.15660
2022-01-14,84.29250
2022-01-17,84.86600
2022-01-18,84.14620
2022-01-19,83.63560
2022-01-20,83.69600
2022-01-21,82.88330
2022-01-24,81.19880
2022-01-25,82.22620
2022-01-27,81.43580
2022-01-28,81.45620
2022-01-31,82.40070
2022-02-01,82.92190
2022-02-02,83.33480
2022-02-03,83.07660
2022-02-04,83.02430
2022-02-07,82.71020
2022-02-08,82.27250
2022-02-09,82.86180
2022-02-10,83.27060
2022-02-11,82.60540
2022-02-14,80.73010
2022-02-15,81.93520
2022-02-16,82.04150
2022-02-17,81.90490
2022-02-18,81.59770
2022-02-21,81.15270
2022-02-22,80.62920
2022-02-23,80.64440
2022-02-24,77.68590
2022-02-25,79.57140
2022-02-28,80.71340
2022-03-02,80.64210
2022-03-03,81.14120
2022-03-04,80.14900
2022-03-07,79.76500
2022-03-08,80.26870
2022-03-09,80.56270
2022-03-10,81.36570
2022-03-11,81.67250
2022-03-14,81.31220
2022-03-15,80.07720
2022-03-16,81.47520
2022-03-17,81.97520
2022-03-21,81.24750
2022-03-22,81.97610
2022-03-23,82.00610
2022-03-24,82.29440
2022-03-25,81.74300
2022-03-28,81.86400
2022-03-29,81.59170
2022-03-30,82.20790
2022-03-31,82.29040
2022-04-01,83.44380
2022-04-04,84.31220
2022-04-05,85.42300
2022-04-06,85.78910
2022-04-07,85.19210
2022-04-08,85.71290
2022-04-11,85.51480
2022-04-12,84.76470
2022-04-13,84.94500
2022-04-18,84.67090
2022-04-19,83.69900
2022-04-20,84.30460
2022-04-21,85.04710
2022-04-22,84.24960
2022-04-25,82.57600
2022-04-26,83.60460
2022-04-27,83.16070
2022-04-28,84.21350
2022-04-29,83.30010
2022-05-02,83.27840
2022-05-04,82.56660
2022-05-05,82.84080
2022-05-06,82.58150
2022-05-09,82.15720
2022-05-10,81.22160
2022-05-11,80.62090
2022-05-12,79.76790
2022-05-13,79.92020
2022-05-16,80.23800
2022-05-17,81.99320
2022-05-18,81.79790
2022-05-19,80.66000
2022-05-20,81.84430
2022-05-23,81.55860
2022-05-24,80.92420
2022-05-25,80.28760
2022-05-26,80.73290
2022-05-27,81.10000
2022-05-30,82.55460
2022-05-31,83.30090
2022-06-01,83.23440
2022-06-02,83.23860
2022-06-03,82.95620
2022-06-06,83.16180
2022-06-07,83.13560
2022-06-08,83.20320
2022-06-09,83.20070
2022-06-10,82.75170
2022-06-13,80.84410
2022-06-14,80.45130
2022-06-15,79.94380
2022-06-16,78.38170
2022-06-17,77.35810
2022-06-20,76.72160
2022-06-21,78.34030
2022-06-22,77.70250
2022-06-23,78.14240
2022-06-24,78.55100
2022-06-27,79.62120
2022-06-28,79.94930
2022-06-29,79.58440
2022-06-30,79.26000
2022-07-01,79.20670
2022-07-04,79.76600
2022-07-05,79.87540
2022-07-06,80.32110
2022-07-07,80.96320
2022-07-08,81.64930
2022-07-11,81.33610
2022-07-12,80.60170
2022-07-13,80.77140
2022-07-14,80.98470
2022-07-15,81.08560
2022-07-18,82.00650
2022-07-19,81.90190
2022-07-20,82.47740
2022-07-21,83.12470
2022-07-22,82.83450
2022-07-25,82.56590
2022-07-26,81.85470
2022-07-27,82.37690
2022-07-28,82.86150
2022-07-29,83.52330
2022-08-01,84.22680
2022-08-02,84.23640
2022-08-03,84.27050
2022-08-04,84.22090
2022-08-05,84.41860
2022-08-08,84.56910
2022-08-10,84.27350
2022-08-11,84.51740
2022-08-12,85.07430
2022-08-16,85.59720
2022-08-17,86.06570
2022-08-18,85.97180
2022-08-19,85.56440
2022-08-22,84.79070
2022-08-23,84.73880
2022-08-24,84.49140
2022-08-25,84.55970
2022-08-26,85.23130
2022-08-29,84.37770
2022-08-30,85.69210
2022-09-01,84.87090
2022-09-02,84.65190
2022-09-05,84.90870
2022-09-06,84.98540
2022-09-07,85.00950
2022-09-08,85.30070
2022-09-09,85.47380
2022-09-12,85.89480
2022-09-13,86.08160
2022-09-14,85.60110
2022-09-15,85.61870
2022-09-16,84.02870
2022-09-19,83.86090
2022-09-20,84.42890
2022-09-21,83.73660
2022-09-22,83.56270
2022-09-23,82.27820
2022-09-26,80.80760
2022-09-27,81.15130
2022-09-28,80.73290
2022-09-29,80.81270
2022-09-30,81.09360
2022-10-03,80.58750
2022-10-04,81.94990
2022-10-06,82.49800
2022-10-07,82.40470
2022-10-10,82.05580
2022-10-11,80.88000
2022-10-12,81.54580
2022-10-13,81.27470
2022-10-14,81.67930
2022-10-17,82.06600
2022-10-18,82.87240
2022-10-19,82.38850
2022-10-20,83.09950
2022-10-21,83.02100
2022-10-25,83.59230
2022-10-27,84.21890
2022-10-28,84.17640
2022-10-31,84.51990
2022-11-01,85.50920
2022-11-02,85.32330
2022-11-03,84.68560
2022-11-04,84.79070
2022-11-07,85.39010
2022-11-09,85.18880
2022-11-10,84.79310
2022-11-11,86.18790
2022-11-14,86.37970
2022-11-15,86.75550
2022-11-16,86.86520
2022-11-17,86.49720
2022-11-18,86.14910
2022-11-21,85.77770
2022-11-22,86.05920
2022-11-23,86.02090
2022-11-24,87.19390
2022-11-25,87.44370
2022-11-28,87.34630
2022-11-29,87.46920
2022-11-30,88.01140
2022-12-01,88.12800
2022-12-02,88.05720
2022-12-05,88.46990
2022-12-06,88.42110
2022-12-07,88.03080
2022-12-08,88.08050
2022-12-09,87.42150
2022-12-12,87.52730
2022-12-13,87.95050
2022-12-14,88.47570
2022-12-15,87.69130
2022-12-16,86.93710
2022-12-19,87.13770
2022-12-20,86.70260
2022-12-21,86.02600
2022-12-22,85.70590
2022-12-23,84.26860
2022-12-26,85.14330
2022-12-27,85.56310
2022-12-28,85.76560
2022-12-29,85.78460
2022-12-30,85.85460
2023-01-02,86.24400
2023-01-03,86.44350
2023-01-04,85.86200
2023-01-05,86.29080
2023-01-06,85.95520
2023-01-09,86.61900
2023-01-10,86.37860
2023-01-11,86.17770
2023-01-12,86.26930
2023-01-13,86.50390
2023-01-16,86.85080
2023-01-17,87.53770
2023-01-18,87.76070
2023-01-19,87.84040
2023-01-20,87.79920
2023-01-23,88.46260
2023-01-24,88.41620
2023-01-25,88.03180
2023-01-27,87.53290
2023-01-30,87.25570
2023-01-31,87.54250
2023-02-01,87.41550
2023-02-02,87.37490
2023-02-03,87.47570
2023-02-06,87.38780
2023-02-07,87.11780
2023-02-08,87.61350
2023-02-09,87.74290
2023-02-10,87.45120
2023-02-13,87.34970
2023-02-14,87.73880
2023-02-15,87.98240
2023-02-16,88.33540
2023-02-17,88.19800
2023-02-20,88.07970
2023-02-21,87.97170
2023-02-22,87.26590
2023-02-23,87.48010
2023-02-24,87.66200
2023-02-27,87.16950
2023-02-28,86.81880
2023-03-01,87.65990
2023-03-02,87.46200
2023-03-03,87.86610
2023-03-06,88.77330
2023-03-08,88.87390
2023-03-09,88.33590
2023-03-10,88.12480
2023-03-13,87.65270
2023-03-14,87.10170
2023-03-15,87.30720
2023-03-16,87.50520
2023-03-17,87.79180
2023-03-20,87.28270
2023-03-21,87.31930
2023-03-22,87.50680
2023-03-23,87.39340
2023-03-24,87.10800
2023-03-27,86.77560
2023-03-28,86.47650
2023-03-29,87.50970
2023-03-31,88.30990
2023-04-03,88.39680
2023-04-05,88.80670
2023-04-06,88.56640
2023-04-10,89.02440
2023-04-11,89.51920
2023-04-12,89.61820
2023-04-13,89.37920
2023-04-17,88.99280
2023-04-18,88.85300
2023-04-19,88.37880
2023-04-20,88.19220
2023-04-21,88.22860
2023-04-24,88.40380
2023-04-25,88.10390
2023-04-26,88.66820
2023-04-27,88.88500
2023-04-28,89.38500
2023-05-02,90.07320
2023-05-03,90.09850
2023-05-04,90.19630
2023-05-05,89.96560
2023-05-08,90.41600
2023-05-09,90.20730
2023-05-10,90.58230
2023-05-11,90.72640
2023-05-12,90.25230
2023-05-15,90.72980
2023-05-16,90.81280
2023-05-17,90.51130
2023-05-18,90.00350
2023-05-19,90.18110
2023-05-22,90.69710
2023-05-23,90.63340
2023-05-24,90.62630
2023-05-25,90.50190
2023-05-26,90.88780
2023-05-29,91.03370
2023-05-30,91.32050
2023-05-31,90.80760
2023-06-01,90.52530
2023-06-02,90.81940
2023-06-05,90.97620
2023-06-06,90.81150
2023-06-07,91.46000
2023-06-08,91.12050
2023-06-09,90.94590
2023-06-12,91.50190
2023-06-13,91.96830
2023-06-14,92.30410
2023-06-15,92.30850
2023-06-16,92.51740
2023-06-19,92.40230
2023-06-20,92.55170
2023-06-21,92.73180
2023-06-22,92.29180
2023-06-23,91.80650
2023-06-26,92.04870
2023-06-27,92.26470
2023-06-28,92.47700
2023-06-30,93.22790
2023-07-03,93.84410
2023-07-04,94.12280
2023-07-05,94.39920
2023-07-06,95.02400
2023-07-07,94.36140
2023-07-10,93.94120
2023-07-11,94.63100
2023-07-12,94.62870
2023-07-13,94.43640
2023-07-14,95.51810
2023-07-17,95.62030
2023-07-18,95.75610
2023-07-19,96.01930
2023-07-20,96.21460
2023-07-21,95.52140
2023-07-24,95.59640
2023-07-25,96.20880
2023-07-26,96.32940
2023-07-27,96.30270
2023-07-28,96.81800
2023-07-31,97.78150
2023-08-01,98.08370
2023-08-02,96.71700
2023-08-03,96.49760
2023-08-04,96.74120
2023-08-07,97.01960
2023-08-08,96.76920
2023-08-09,97.27990
2023-08-10,97.08010
2023-08-11,96.84130
2023-08-14,96.49940
2023-08-16,96.72480
2023-08-17,96.19590
2023-08-18,95.79160
2023-08-21,96.09050
2023-08-22,96.41520
2023-08-23,96.69280
2023-08-24,96.66820
2023-08-25,96.11430
2023-08-28,96.24630
2023-08-29,96.78480
2023-08-30,96.73190
2023-08-31,96.29640
2023-09-01,97.49320
2023-09-04,98.72490
2023-09-05,99.27020
2023-09-06,99.59720
2023-09-07,100.16230
2023-09-08,100.63830
2023-09-11,101.24360
2023-09-12,99.60770
2023-09-13,100.21970
2023-09-14,101.07080
2023-09-15,101.00470
2023-09-18,101.09740
2023-09-20,100.63740
2023-09-21,99.67360
2023-09-22,99.66000
2023-09-25,99.63830
2023-09-26,99.35040
2023-09-27,99.33330
2023-09-29,99.31450
2023-10-03,98.85330
2023-10-04,98.31250
2023-10-05,98.43760
2023-10-06,98.80320
2023-10-09,98.16060
2023-10-10,99.01980
2023-10-11,99.49090
2023-10-12,99.96280
2023-10-13,99.94830
2023-10-16,100.09860
2023-10-17,100.74080
2023-10-18,100.17560
2023-10-19,99.84510
2023-10-20,99.14820
2023-10-23,97.61430
2023-10-25,97.02760
2023-10-26,96.10220
2023-10-27,96.99470
2023-10-30,97.31530
2023-10-31,97.24910
2023-11-01,96.75650
2023-11-02,97.85150
2023-11-03,98.43310
2023-11-06,99.44660
2023-11-07,99.54740
2023-11-08,100.04070
2023-11-09,100.02360
2023-11-10,100.17860
2023-11-13,100.73280
2023-11-15,101.65720
2023-11-16,102.12040
2023-11-17,102.15120
2023-11-20,102.27140
2023-11-21,102.65620
2023-11-22,102.64120
2023-11-23,102.97690
2023-11-24,102.70410
2023-11-28,103.22220
2023-11-29,103.86460
2023-11-30,104.21030
2023-12-01,104.94740
2023-12-04,106.56970
2023-12-05,107.04280
2023-12-06,107.59400
2023-12-07,108.50760
2023-12-08,108.64120
2023-12-11,108.72380
2023-12-12,108.13060
2023-12-13,109.14510
2023-12-14,110.35120
2023-12-15,111.73590
2023-12-18,111.43590
2023-12-19,111.84390
2023-12-21,110.57120
2023-12-22,111.73380
2023-12-26,113.09680
2023-12-27,113.24080
2023-12-28,114.92570
2023-12-29,114.47590
2024-01-01,115.42330
2024-01-02,115.24570
2024-01-03,114.58190
2024-01-04,115.40220
2024-01-05,115.62780
2024-01-08,114.95190
2024-01-09,115.31470
2024-01-10,114.83790
2024-01-11,115.27000
2024-01-12,116.49290
2024-01-15,117.83680
2024-01-16,117.41780
2024-01-17,116.35520
2024-01-18,116.06770
2024-01-19,117.57140
2024-01-23,115.68830
2024-01-24,118.08910
2024-01-25,117.88300
2024-01-29,120.30410
2024-01-30,119.95830
2024-01-31,120.97360
2024-02-01,121.04130
2024-02-02,123.75900
2024-02-05,124.86630
2024-02-06,126.65160
2024-02-07,126.17150
2024-02-08,126.31610
2024-02-09,124.80510
2024-02-12,121.57990
2024-02-13,122.74870
2024-02-14,124.56290
2024-02-15,126.90300
2024-02-16,127.21110
2024-02-19,127.57010
2024-02-20,127.84320
2024-02-21,126.03510
2024-02-22,127.31850
2024-02-23,127.04180
2024-02-26,127.19040
2024-02-27,126.89800
2024-02-28,125.28700
2024-02-29,125.95940
2024-03-01,127.10070
2024-03-04,128.44500
2024-03-05,128.94920
2024-03-06,128.28080
2024-03-07,128.28220
2024-03-11,127.47250
2024-03-12,126.78530
2024-03-13,122.62110
2024-03-14,124.71650
2024-03-15,123.37540
2024-03-18,123.45040
2024-03-19,121.99640
2024-03-20,122.18380
2024-03-21,123.86390
2024-03-22,123.65040
2024-03-26,123.60100
2024-03-27,123.96690
2024-03-28,124.59560
2024-03-31,124.65380
2024-04-01,125.64920
2024-04-02,126.58460
2024-04-03,127.34890
2024-04-04,127.30430
2024-04-05,127.29600
2024-04-08,127.85440
2024-04-09,128.03810
2024-04-10,129.15380
2024-04-12,128.01250
2024-04-15,126.91090
2024-04-16,126.70230
2024-04-18,126.21920
2024-04-19,125.64630
2024-04-22,125.58690
2024-04-23,126.02770
2024-04-24,127.17720
2024-04-25,128.08450
2024-04-26,128.54440
2024-04-29,129.01110
2024-04-30,128.99950
2024-05-02,129.94410
2024-05-03,130.04270
2024-05-06,129.29290
2024-05-07,127.90450
2024-05-08,129.03180
2024-05-09,126.39840
2024-05-10,127.35830
2024-05-13,127.12680
2024-05-14,128.59240
2024-05-15,129.02440
2024-05-16,129.67110
2024-05-17,130.25520
2024-05-21,131.76220
2024-05-22,132.55650
2024-05-23,132.77300
2024-05-24,132.76190
2024-05-27,132.61020
2024-05-28,131.67170
2024-05-29,131.51330
2024-05-30,130.34380
2024-05-31,131.27950
2024-06-03,136.46790
2024-06-04,126.40490
2024-06-05,129.19320
2024-06-06,131.92520
2024-06-07,133.75570
2024-06-10,133.78170
2024-06-11,134.38230
2024-06-12,135.51530
2024-06-13,135.96980
2024-06-14,136.18160
2024-06-18,136.60340
2024-06-19,136.07550
2024-06-20,136.78070
2024-06-21,136.27090
2024-06-24,135.98160
2024-06-25,135.71980
2024-06-26,136.08640
2024-06-27,136.45360
2024-06-28,137.17370
2024-07-01,138.07510
2024-07-02,137.73610
2024-07-03,138.89000
2024-07-04,139.74540
2024-07-05,140.59980
2024-07-08,141.52180
2024-07-09,142.26430
2024-07-10,142.56510
2024-07-11,143.73420
2024-07-12,144.03020
2024-07-15,145.37690
2024-07-16,145.45060
2024-07-18,144.89910
2024-07-19,142.48450
2024-07-22,142.87630
2024-07-23,142.99250
2024-07-24,144.08560
2024-07-25,145.04760
2024-07-26,146.33340
2024-07-29,146.70390
2024-07-30,147.69580
2024-07-31,148.09590
2024-08-01,148.95420
2024-08-02,146.84080
2024-08-05,142.00360
2024-08-06,142.14710
2024-08-07,145.35030
2024-08-08,144.04000
2024-08-09,145.15740
2024-08-12,145.48240
2024-08-13,143.95720
2024-08-14,143.91730
2024-08-16,146.00130
2024-08-19,147.44370
2024-08-20,147.63000
2024-08-21,148.35020
2024-08-22,148.39640
2024-08-23,147.86640
2024-08-26,149.10610
2024-08-27,149.50680
2024-08-28,149.73580
2024-08-29,149.99020
2024-08-30,150.52790
2024-09-02,150.60200
2024-09-03,150.38490
2024-09-04,149.67440
2024-09-05,149.53880
2024-09-06,147.87450
2024-09-09,146.73070
2024-09-10,147.66800
2024-09-11,146.56650
2024-09-12,148.69020
2024-09-13,148.07250
2024-09-16,148.36170
2024-09-17,148.04390
2024-09-18,146.54430
2024-09-19,145.81580
2024-09-20,146.70170
2024-09-23,147.91280
2024-09-24,148.76130
2024-09-25,149.37610
2024-09-26,150.31600
2024-09-27,151.35160
2024-09-30,150.83620
2024-10-01,150.95090
2024-10-03,148.80710
2024-10-04,148.12950
2024-10-07,146.04550
2024-10-08,146.83890
2024-10-09,147.08600
2024-10-10,147.06910
2024-10-11,147.49650
2024-10-14,148.16880
2024-10-15,148.59880
2024-10-16,148.04280
2024-10-17,146.79200
2024-10-18,146.69390
2024-10-21,145.72610
2024-10-22,143.22560
2024-10-23,143.11020
2024-10-24,142.76540
2024-10-25,141.19230
2024-10-28,141.38780
2024-10-29,142.10880
2024-10-30,141.89530
2024-10-31,141.94880
2024-11-04,140.75940
2024-11-05,140.89840
2024-11-06,142.96870
2024-11-07,142.41070
2024-11-08,141.20680
2024-11-11,141.24260
2024-11-12,139.55200
2024-11-13,137.57830
2024-11-14,137.03310
2024-11-18,136.04560
2024-11-19,136.74740
2024-11-21,136.17580
2024-11-22,138.32470
2024-11-25,140.40610
2024-11-26,140.07440
2024-11-27,140.92590
2024-11-28,139.92260
2024-11-29,140.25200
2024-12-02,140.78270
2024-12-03,141.70740
2024-12-04,141.75110
2024-12-05,142.71000
2024-12-06,143.09820
2024-12-09,142.89760
2024-12-10,143.16370
2024-12-11,142.96240
2024-12-12,142.38460
2024-12-13,142.99240
2024-12-16,142.42790
2024-12-17,141.31400
2024-12-18,140.38720
2024-12-19,139.66780
2024-12-20,137.55130
2024-12-23,138.15670
2024-12-24,138.45880
2024-12-26,138.50420
2024-12-27,138.00510
2024-12-30,137.32320
2024-12-31,137.86240
2025-01-01,138.35090
2025-01-02,139.73420
2025-01-03,139.52420
2025-01-06,137.30510
2025-01-07,137.72660
2025-01-08,137.87090
2025-01-09,136.56340
2025-01-10,135.87950
2025-01-13,132.87210
2025-01-14,133.90780
2025-01-15,134.76930
2025-01-16,135.48650
2025-01-17,135.65610
2025-01-20,136.36850
2025-01-21,135.39850
2025-01-22,135.09210
2025-01-23,135.47770
2025-01-24,134.66830
2025-01-27,132.25170
2025-01-28,131.20360
2025-01-29,132.65200
2025-01-30,133.52120
2025-01-31,135.65590
2025-02-03,133.29970
2025-02-04,134.87640
2025-02-05,135.68190
2025-02-06,135.26060
2025-02-07,135.08060
2025-02-10,133.48680
2025-02-11,131.45640
2025-02-12,130.94600
2025-02-13,130.84850
2025-02-14,129.49700
2025-02-17,130.17420
2025-02-18,130.68140
2025-02-19,130.81040
2025-02-20,131.93560
2025-02-21,131.60200
2025-02-24,130.47690
2025-02-25,129.91010
2025-02-27,129.54220
2025-02-28,127.18060
2025-03-03,127.15650
2025-03-04,127.51090
2025-03-05,129.56490
2025-03-06,130.77900
2025-03-07,129.98930
2025-03-10,129.10390
2025-03-11,129.05200
2025-03-12,128.78010
2025-03-13,128.26500
2025-03-17,128.69070
2025-03-18,129.84310
2025-03-19,130.28300
2025-03-20,131.12450
2025-03-21,132.32790
2025-03-24,133.76730
2025-03-25,133.47860
2025-03-26,132.39150
2025-03-27,133.56070
2025-03-28,132.77160
2025-03-31,132.29870
2025-04-01,131.83300
2025-04-02,132.16360
2025-04-03,131.97710
2025-04-04,129.80010
2025-04-07,126.65620
2025-04-08,127.69850
2025-04-09,127.06500
2025-04-11,130.19610
2025-04-15,131.71860
2025-04-16,132.24830
2025-04-17,132.82320
2025-04-21,134.62170
2025-04-22,134.83550
2025-04-23,136.10300
2025-04-24,135.68150
2025-04-25,134.29780
2025-04-28,135.21520
2025-04-29,135.11780
2025-04-30,134.85740
2025-05-02,134.77880
2025-05-05,135.78010
2025-05-06,134.76970
2025-05-07,135.25800
2025-05-08,134.28010
2025-05-09,133.55780
2025-05-12,137.30230
2025-05-13,136.07690
2025-05-14,137.23210
2025-05-15,138.20780
2025-05-16,138.77040
2025-05-19,138.57650
2025-05-20,137.72980
2025-05-21,138.41730
2025-05-22,137.35340
2025-05-23,137.78960
2025-05-26,138.10580
2025-05-27,137.50340
2025-05-28,137.49050
2025-05-29,137.91580
2025-05-30,136.73700
2025-06-02,136.58740
2025-06-03,135.81970
2025-06-04,136.51670
2025-06-05,136.73900
2025-06-06,137.46410
2025-06-09,138.55550
2025-06-10,139.06590
2025-06-11,139.57290
2025-06-12,137.70160
2025-06-13,136.92770
2025-06-16,138.11000
2025-06-17,137.71920
2025-06-18,137.02820
2025-06-19,135.90100
2025-06-20,136.85230
2025-06-23,137.00730
2025-06-24,137.26610
2025-06-25,138.04720
2025-06-26,138.83230
2025-06-27,139.51190
2025-06-30,139.50270
2025-07-01,139.63170
2025-07-02,139.53220
2025-07-03,139.66630
2025-07-04,140.03760
2025-07-07,139.93510
2025-07-08,140.40810
2025-07-09,140.32660
2025-07-10,139.69410
2025-07-11,138.93890
2025-07-14,138.98450
2025-07-15,139.18220
2025-07-16,139.33110
2025-07-17,139.16010
2025-07-18,138.67640
2025-07-21,138.82350
2025-07-22,138.63260
2025-07-23,139.36940
2025-07-24,138.76410
2025-07-25,136.82490
2025-07-28,136.11250
2025-07-29,136.49920
2025-07-30,136.72310
2025-07-31,135.52200
2025-08-01,134.37160
2025-08-04,134.86870
2025-08-05,134.90870
2025-08-06,134.35380
2025-08-07,134.43060
2025-08-08,133.91640
2025-08-11,134.60370
2025-08-12,134.76100
2025-08-13,135.15830
2025-08-14,134.68270
2025-08-18,135.64950
2025-08-19,136.00260
2025-08-20,136.81720
2025-08-21,136.64140
2025-08-22,135.92830
2025-08-25,136.03350
2025-08-26,134.84380
2025-08-28,133.64540
2025-08-29,133.43420
2025-09-01,134.44710
2025-09-02,135.05140
2025-09-03,135.29940
2025-09-04,134.86700
2025-09-05,134.52560
2025-09-08,134.51380
2025-09-09,135.06830
2025-09-10,136.02030
2025-09-11,136.68410
2025-09-12,136.80010
2025-09-15,137.27480
2025-09-16,138.58790
2025-09-17,138.80300
2025-09-18,138.84130
2025-09-19,138.53300
2025-09-22,137.89420
2025-09-23,137.70150
2025-09-24,137.34110
2025-09-25,136.79380
2025-09-26,135.35760
2025-09-30,136.17440
2025-10-01,136.58260
2025-10-03,137.42140
2025-10-06,137.54630
2025-10-07,137.64120
2025-10-08,137.30490
2025-10-09,137.91270
2025-10-10,138.32380
2025-10-13,137.73630
2025-10-14,136.98860
2025-10-15,138.11080
2025-10-16,138.78330
2025-10-17,138.51310
2025-10-20,139.33720
2025-10-23,139.86440
2025-10-24,139.59020
2025-10-27,140.35880
2025-10-28,139.81290
2025-10-29,141.19210
2025-10-30,140.53900
2025-10-31,140.25290
2025-11-03,140.41580
2025-11-04,139.48470
2025-11-06,138.34690
2025-11-07,138.45110
2025-11-10,139.00970
2025-11-11,139.37450
2025-11-12,139.74300
2025-11-13,139.64820
2025-11-14,139.41310
2025-11-17,139.88930
2025-11-18,139.13490
2025-11-19,139.29060
2025-11-20,139.64790
2025-11-21,138.91280
2025-11-24,137.87550
2025-11-25,137.85860
2025-11-26,139.35220
2025-11-27,139.47970
2025-11-28,139.08450
2025-12-01,139.32980
2025-12-02,139.38440
2025-12-03,139.08140
2025-12-04,139.40240
2025-12-05,140.19380
2025-12-08,138.47960
2025-12-09,138.33010
2025-12-10,138.25180
2025-12-11,138.67690
2025-12-12,139.46530
2025-12-15,139.61040
2025-12-16,138.80960
2025-12-17,138.26790
2025-12-18,138.14710
2025-12-19,138.81720
2025-12-22,139.77220
2025-12-23,140.20870
2025-12-24,140.01290
2025-12-26,139.77240
2025-12-29,139.35030
2025-12-30,139.16500
2025-12-31,140.22400
2026-01-01,140.37310
2026-01-02,142.04100
2026-01-05,141.60030
2026-01-06,141.41070
2026-01-07,141.50080
2026-01-08,139.49310
2026-01-09,138.99930
2026-01-12,139.42840
2026-01-13,139.72310
2026-01-14,139.94420
2026-01-16,140.72750
2026-01-19,140.58030
2026-01-20,138.54380
2026-01-21,138.27650
2026-01-22,139.49740
2026-01-23,138.69890
2026-01-27,139.46720
2026-01-28,141.28770
2026-01-29,141.80240
2026-01-30,141.36950
2026-02-02,139.63770
2026-02-03,141.21750
2026-02-04,141.60130
2026-02-05,141.33830
2026-02-06,141.53080
2026-02-09,143.04150
2026-02-10,143.54570
2026-02-11,143.93320
2026-02-12,142.46400
2026-02-13,140.55630
2026-02-16,141.56270
2026-02-17,142.14450
2026-02-18,142.21560
2026-02-19,140.74660
2026-02-20,141.20430
2026-02-23,141.36860
2026-02-24,140.66800
2026-02-25,141.68870
2026-02-26,142.11930
2026-02-27,141.32510
2026-03-02,139.60520
2026-03-04,136.16330
2026-03-05,137.69050
2026-03-06,136.88600
2026-03-09,134.03670
2026-03-10,135.46410
2026-03-11,134.68100
2026-03-12,134.93510
2026-03-13,132.44550
2026-03-16,132.25240
2026-03-17,132.89280
2026-03-18,133.61020
2026-03-19,130.14610
2026-03-20,130.71020
2026-03-23,127.26740
2026-03-24,128.98560
2026-03-25,130.58260
2026-03-27,128.92590
2026-03-30,126.87580
2026-03-31,126.49470
2026-04-01,128.14790
2026-04-02,128.47660
2026-04-06,129.56490
2026-04-07,130.46330
2026-04-08,133.89980
2026-04-09,133.80400
2026-04-10,134.40040
2026-04-13,133.96190
2026-04-15,135.95030
2026-04-16,136.23090
2026-04-17,137.32910
2026-04-20,137.35150
2026-04-21,138.51460
2026-04-22,138.01360
2026-04-23,136.61850
2026-04-24,135.79030
2026-04-27,136.79610
2026-04-28,136.90600
2026-04-29,136.90230
2026-04-30,136.02150
2026-05-04,137.13780
2026-05-05,137.11220
2026-05-06,138.82720
2026-05-07,138.88120
2026-05-08,138.37920
2026-05-11,137.50390
2026-05-12,135.17590
2026-05-13,135.42900
2026-05-14,135.75500
2026-05-15,135.35860
2026-05-18,135.06710
2026-05-19,135.32490
2026-05-20,135.35520
2026-05-21,136.10890
2026-05-22,136.35330
2026-05-25,138.22520
2026-05-26,138.04110
2026-05-27,138.94200
2026-05-29,136.85270
2026-06-01,136.75350
2026-06-02,136.96270
2026-06-03,136.41260
2026-06-04,136.20880
2026-06-05,135.59690
2026-06-08,134.02850
2026-06-09,135.18170
2026-06-10,134.00950
2026-06-11,133.20020
2026-06-12,134.95540
2026-06-15,136.39320
2026-06-16,137.29500
2026-06-17,137.55310
2026-06-18,137.66540
2026-06-19,136.75790
2026-06-22,137.54780
2026-06-23,136.07040
2026-06-24,136.16440
2026-06-25,135.77510
2026-06-29,134.97340
2026-06-30,135.26350
2026-07-01,135.67020
2026-07-02,137.00160
2026-07-03,137.06680
2026-07-06,137.34610
2026-07-07,136.99580
2026-07-08,134.86630
2026-07-09,134.73260
2026-07-10,135.90020
2026-07-13,136.25620
2026-07-14,134.80430
2026-07-15,135.40310
2026-07-16,135.46830
2026-07-17,135.66490
2026-07-20,135.68100
2026-07-21,135.94930
2026-07-22,135.64130
2026-07-23,134.89550
2026-07-24,134.54230
2026-07-27,135.52490
2026-07-28,134.53030
2026-07-29,135.26950
2026-07-30,135.50370
2026-07-31,136.47540
2026-08-03,138.66390
2026-08-04,138.01020
2026-08-05,138.37930
2026-08-06,138.39720
2026-08-07,138.38750
2026-08-10,138.30540
2026-08-11,138.12300
2026-08-12,138.08290
2026-08-13,138.84750
2026-08-14,138.60860
2026-08-17,137.74070
2026-08-18,136.74010
2026-08-19,136.18220
2026-08-20,136.41520
2026-08-21,136.45870
2026-08-24,136.40900
2026-08-25,136.77930
2026-08-26,136.52770
2026-08-27,135.76510
2026-08-28,136.08390
2026-08-31,135.89850
2026-09-01,135.82730
2026-09-02,135.27500
2026-09-03,135.56690
2026-09-04,135.53740
2026-09-07,135.67740
2026-09-08,135.39990
2026-09-09,134.77650
2026-09-10,134.79460
2026-09-11,134.11840
