Date,NAV
2007-05-08,1000.27250
2007-05-09,1000.55890
2007-05-10,1000.82950
2007-05-11,1001.04440
2007-05-14,1001.73690
2007-05-15,1001.99430
2007-05-16,1002.26010
2007-05-17,1002.51690
2007-05-18,1002.78430
2007-05-21,1003.56030
2007-05-22,1003.81940
2007-05-23,1004.07730
2007-05-24,1004.33610
2007-05-25,1004.63560
2007-05-28,1005.40740
2007-05-29,1005.66610
2007-05-30,1005.86730
2007-05-31,1006.03830
2007-06-01,1006.19640
2007-06-04,1000.48590
2007-06-05,1000.66970
2007-06-06,1000.87070
2007-06-07,1001.07970
2007-06-08,1001.28080
2007-06-11,1001.89310
2007-06-12,1002.10000
2007-06-13,1002.30160
2007-06-14,1002.49660
2007-06-15,1002.70790
2007-06-18,1003.26790
2007-06-19,1003.46100
2007-06-20,1003.67480
2007-06-21,1003.88840
2007-06-22,1004.10350
2007-06-25,1004.78850
2007-06-26,1005.01420
2007-06-27,1005.24390
2007-06-28,1005.49490
2007-06-29,1005.74560
2007-07-02,1006.40760
2007-07-03,1006.72280
2007-07-04,1000.23860
2007-07-05,1000.43170
2007-07-06,1000.63470
2007-07-09,1001.12750
2007-07-10,1001.30790
2007-07-11,1001.50320
2007-07-12,1001.69350
2007-07-13,1001.91890
2007-07-16,1002.49190
2007-07-17,1002.69530
2007-07-18,1002.88920
2007-07-19,1003.07320
2007-07-20,1003.26010
2007-07-23,1003.80620
2007-07-24,1004.00250
2007-07-25,1004.16180
2007-07-26,1004.32270
2007-07-27,1004.61150
2007-07-30,1005.09100
2007-07-31,1005.25130
2007-08-01,1005.41680
2007-08-02,1000.16540
2007-08-03,1000.34020
2007-08-06,1000.92340
2007-08-07,1001.13970
2007-08-08,1001.38840
2007-08-09,1001.60850
2007-08-10,1001.82850
2007-08-13,1002.47690
2007-08-14,1002.68610
2007-08-16,1003.11180
2007-08-17,1003.30860
2007-08-20,1003.90810
2007-08-21,1004.14050
2007-08-22,1004.34530
2007-08-23,1004.55250
2007-08-24,1004.76000
2007-08-27,1005.38500
2007-08-28,1005.59620
2007-08-29,1005.80510
2007-08-30,1006.01840
2007-08-31,1006.21640
2007-09-03,1006.81370
2007-09-04,1000.20950
2007-09-05,1000.41450
2007-09-06,1000.62390
2007-09-07,1000.83780
2007-09-10,1001.47850
2007-09-11,1001.69950
2007-09-12,1001.91470
2007-09-13,1002.13000
2007-09-14,1002.34450
2007-09-17,1002.99770
2007-09-18,1003.22320
2007-09-19,1003.44250
2007-09-20,1003.66090
2007-09-21,1003.87600
2007-09-24,1004.52580
2007-09-25,1004.75840
2007-09-26,1004.98320
2007-09-27,1005.21910
2007-09-28,1005.43780
2007-10-01,1006.06440
2007-10-03,1000.46230
2007-10-04,1000.67600
2007-10-05,1000.90550
2007-10-08,1001.54370
2007-10-09,1001.77360
2007-10-10,1002.00000
2007-10-11,1002.23100
2007-10-12,1002.44740
2007-10-15,1003.07420
2007-10-16,1003.30430
2007-10-17,1003.51100
2007-10-18,1003.73940
2007-10-19,1003.95900
2007-10-22,1004.61310
2007-10-23,1004.84350
2007-10-24,1005.07410
2007-10-25,1005.29240
2007-10-26,1005.50930
2007-10-29,1006.16540
2007-10-30,1006.38470
2007-10-31,1006.59090
2007-11-01,1006.80670
2007-11-02,1000.24640
2007-11-05,1000.91460
2007-11-06,1001.13990
2007-11-07,1001.35910
2007-11-08,1001.58720
2007-11-12,1002.56810
2007-11-13,1002.80730
2007-11-14,1003.03390
2007-11-15,1003.26460
2007-11-16,1003.49770
2007-11-19,1004.19090
2007-11-20,1004.42150
2007-11-21,1004.65130
2007-11-22,1004.88690
2007-11-23,1005.12330
2007-11-26,1005.81530
2007-11-27,1006.04660
2007-11-28,1006.27620
2007-11-29,1006.50320
2007-11-30,1006.75380
2007-12-03,1007.43820
2007-12-04,1000.25070
2007-12-05,1000.48030
2007-12-06,1000.70330
2007-12-07,1000.92410
2007-12-10,1001.58560
2007-12-11,1001.80790
2007-12-12,1002.02450
2007-12-13,1002.26480
2007-12-14,1002.49320
2007-12-17,1003.17830
2007-12-18,1003.41550
2007-12-19,1003.65990
2007-12-20,1003.89150
2007-12-24,1004.92270
2007-12-26,1005.42270
2007-12-27,1005.66680
2007-12-28,1005.94310
2007-12-31,1006.66150
2008-01-01,1006.92700
2008-01-02,1000.25060
2008-01-03,1000.46350
2008-01-04,1000.66030
2008-01-07,1001.28530
2008-01-08,1001.48240
2008-01-09,1001.69880
2008-01-10,1001.90910
2008-01-11,1002.12220
2008-01-14,1002.74640
2008-01-15,1002.95700
2008-01-16,1003.17490
2008-01-17,1003.38720
2008-01-18,1003.60620
2008-01-21,1004.28220
2008-01-22,1004.53350
2008-01-23,1004.75820
2008-01-24,1005.00140
2008-01-25,1005.23730
2008-01-28,1005.97890
2008-01-29,1006.19240
2008-01-30,1006.43650
2008-01-31,1006.69010
2008-02-01,1006.92920
2008-02-04,1000.75350
2008-02-05,1000.97920
2008-02-06,1001.22670
2008-02-07,1001.45570
2008-02-08,1001.69160
2008-02-11,1002.37860
2008-02-12,1002.61510
2008-02-13,1002.82630
2008-02-14,1003.01900
2008-02-15,1003.25190
2008-02-18,1003.92710
2008-02-19,1004.15110
2008-02-20,1004.36100
2008-02-21,1004.60090
2008-02-22,1004.83900
2008-02-25,1005.54460
2008-02-26,1005.78380
2008-02-27,1006.02100
2008-02-28,1006.25480
2008-02-29,1006.49260
2008-03-03,1007.16800
2008-03-04,1000.25040
2008-03-05,1000.47310
2008-03-07,1000.90090
2008-03-10,1001.56550
2008-03-11,1001.79500
2008-03-12,1002.02360
2008-03-13,1002.25880
2008-03-14,1002.50250
2008-03-17,1003.21950
2008-03-18,1003.46920
2008-03-19,1003.73780
2008-03-24,1005.05310
2008-03-25,1005.29650
2008-03-26,1005.56510
2008-03-27,1005.82120
2008-03-28,1006.06180
2008-03-31,1006.81640
2008-04-01,1007.06040
2008-04-02,1000.27780
2008-04-03,1000.50040
2008-04-04,1000.70380
2008-04-07,1001.27070
2008-04-08,1001.45660
2008-04-09,1001.66220
2008-04-10,1001.87400
2008-04-11,1002.09630
2008-04-15,1002.98360
2008-04-16,1003.21050
2008-04-17,1003.44060
2008-04-21,1004.30690
2008-04-22,1004.53870
2008-04-23,1004.76630
2008-04-24,1004.99030
2008-04-25,1005.22330
2008-04-28,1005.93100
2008-04-29,1006.18130
2008-04-30,1006.40550
2008-05-02,1006.89320
2008-05-05,1000.68430
2008-05-06,1000.92710
2008-05-07,1001.12750
2008-05-08,1001.32620
2008-05-09,1001.53270
2008-05-12,1002.16020
2008-05-13,1002.38550
2008-05-14,1002.61000
2008-05-15,1002.83280
2008-05-16,1003.07020
2008-05-20,1003.98520
2008-05-21,1004.20450
2008-05-22,1004.40970
2008-05-23,1004.61850
2008-05-26,1005.25600
2008-05-27,1005.47760
2008-05-28,1005.69840
2008-05-29,1005.92320
2008-05-30,1006.15110
2008-06-02,1006.82640
2008-06-03,1000.23680
2008-06-04,1000.44890
2008-06-05,1000.66060
2008-06-06,1000.87160
2008-06-09,1001.51240
2008-06-10,1001.74490
2008-06-11,1001.97870
2008-06-12,1002.21510
2008-06-13,1002.45150
2008-06-16,1003.16020
2008-06-17,1003.39630
2008-06-18,1003.63260
2008-06-19,1003.87130
2008-06-20,1004.11040
2008-06-23,1004.82690
2008-06-24,1005.06390
2008-06-25,1005.30540
2008-06-26,1005.54660
2008-06-27,1005.79080
2008-06-30,1006.52390
2008-07-01,1006.76250
2008-07-02,1006.99860
2008-07-03,1000.25000
2008-07-04,1000.47050
2008-07-07,1001.15040
2008-07-08,1001.39330
2008-07-09,1001.63660
2008-07-10,1001.88020
2008-07-11,1002.13670
2008-07-14,1002.86960
2008-07-15,1003.11530
2008-07-16,1003.35980
2008-07-17,1003.60740
2008-07-18,1003.85770
2008-07-21,1004.60700
2008-07-22,1004.86240
2008-07-23,1005.11470
2008-07-24,1005.37360
2008-07-25,1005.63610
2008-07-28,1006.38600
2008-07-29,1006.64080
2008-07-30,1006.89300
2008-07-31,1007.14520
2008-08-01,1007.39420
2008-08-04,1000.76090
2008-08-05,1001.01430
2008-08-06,1001.26360
2008-08-07,1001.51350
2008-08-08,1001.77800
2008-08-11,1002.52630
2008-08-12,1002.77710
2008-08-13,1003.02660
2008-08-14,1003.28970
2008-08-18,1004.28970
2008-08-19,1004.54020
2008-08-20,1004.79840
2008-08-21,1005.04990
2008-08-22,1005.30310
2008-08-25,1006.06990
2008-08-26,1006.33190
2008-08-27,1006.58860
2008-08-28,1006.84970
2008-08-29,1007.09550
2008-09-01,1007.84230
2008-09-02,1000.29770
2008-09-04,1000.80470
2008-09-05,1001.06530
2008-09-08,1001.82150
2008-09-09,1002.07120
2008-09-10,1002.33090
2008-09-11,1002.60020
2008-09-12,1002.84760
2008-09-15,1003.63170
2008-09-16,1003.89660
2008-09-17,1004.15170
2008-09-18,1004.41330
2008-09-19,1004.68480
2008-09-22,1005.48850
2008-09-23,1005.75340
2008-09-24,1006.01940
2008-09-25,1006.29300
2008-09-26,1006.56610
2008-09-29,1007.42600
2008-09-30,1007.69980
2008-10-01,1007.97660
2008-10-03,1000.58660
2008-10-06,1001.42350
2008-10-07,1001.69650
2008-10-08,1001.97580
2008-10-10,1002.57770
2008-10-13,1003.42860
2008-10-14,1003.70670
2008-10-15,1003.98550
2008-10-16,1004.25670
2008-10-17,1004.53340
2008-10-20,1005.35670
2008-10-21,1005.63050
2008-10-22,1005.90470
2008-10-23,1006.17800
2008-10-24,1006.45090
2008-10-27,1007.28690
2008-10-29,1007.85220
2008-10-31,1008.42050
2008-11-03,1009.27920
2008-11-04,1000.29960
2008-11-05,1000.60400
2008-11-06,1000.86510
2008-11-07,1001.12780
2008-11-10,1001.89920
2008-11-11,1002.16190
2008-11-12,1002.42690
2008-11-14,1002.96170
2008-11-17,1003.74560
2008-11-18,1004.02460
2008-11-19,1004.30140
2008-11-20,1004.55780
2008-11-21,1004.81700
2008-11-24,1005.52310
2008-11-25,1005.77090
2008-11-26,1006.02910
2008-11-28,1006.49390
2008-12-01,1007.29850
2008-12-02,1000.25530
2008-12-03,1000.55780
2008-12-04,1000.84200
2008-12-05,1001.14740
2008-12-08,1001.86020
2008-12-10,1002.47480
2008-12-11,1002.77420
2008-12-12,1003.05220
2008-12-15,1003.71530
2008-12-16,1003.96820
2008-12-17,1004.21740
2008-12-18,1004.49650
2008-12-19,1004.79270
2008-12-22,1005.44420
2008-12-23,1005.66490
2008-12-24,1005.89880
2008-12-26,1006.34560
2008-12-29,1007.04140
2008-12-30,1007.35940
2008-12-31,1007.60090
2009-01-01,1007.79940
2009-01-02,1000.33940
2009-01-05,1001.04630
2009-01-06,1001.28000
2009-01-07,1001.48770
2009-01-09,1001.87360
2009-01-12,1002.52460
2009-01-13,1002.81980
2009-01-14,1003.06610
2009-01-15,1003.29060
2009-01-16,1003.48020
2009-01-19,1004.15950
2009-01-20,1004.35230
2009-01-21,1004.50970
2009-01-22,1004.72270
2009-01-23,1004.99970
2009-01-27,1005.71900
2009-01-28,1005.96440
2009-01-29,1006.15630
2009-01-30,1006.33390
2009-02-02,1006.94490
2009-02-03,1000.20490
2009-02-04,1000.47240
2009-02-05,1000.69920
2009-02-06,1000.94910
2009-02-09,1001.56570
2009-02-10,1001.76560
2009-02-11,1001.96740
2009-02-12,1002.16790
2009-02-13,1002.33380
2009-02-16,1002.94640
2009-02-17,1003.15670
2009-02-18,1003.36630
2009-02-19,1003.58410
2009-02-24,1004.56010
2009-02-25,1004.75500
2009-02-26,1005.00060
2009-02-27,1005.23940
2009-03-02,1005.84030
2009-03-03,1000.21700
2009-03-04,1000.38590
2009-03-05,1000.57950
2009-03-06,1000.77640
2009-03-09,1001.36910
2009-03-12,1001.85710
2009-03-13,1002.03100
2009-03-16,1002.60240
2009-03-17,1002.75720
2009-03-18,1002.92810
2009-03-19,1003.13280
2009-03-20,1003.33310
2009-03-23,1003.94090
2009-03-24,1004.15920
2009-03-25,1004.37870
2009-03-26,1004.59980
2009-03-30,1005.48130
2009-03-31,1005.80280
2009-04-02,1006.31310
2009-04-06,1000.59880
2009-04-08,1000.92950
2009-04-09,1001.11910
2009-04-13,1001.80070
2009-04-15,1002.15910
2009-04-16,1002.34690
2009-04-17,1002.53720
2009-04-20,1003.05700
2009-04-21,1003.23380
2009-04-22,1003.40520
2009-04-23,1003.59330
2009-04-24,1003.74520
2009-04-27,1004.21840
2009-04-28,1004.37520
2009-04-29,1004.54780
2009-05-04,1005.30410
2009-05-05,1000.17500
2009-05-06,1000.34610
2009-05-07,1000.49540
2009-05-08,1000.64340
2009-05-11,1001.08000
2009-05-12,1001.22800
2009-05-13,1001.37780
2009-05-14,1001.53280
2009-05-15,1001.68380
2009-05-18,1002.13850
2009-05-19,1002.28610
2009-05-20,1002.43680
2009-05-21,1002.57930
2009-05-22,1002.71730
2009-05-25,1003.14090
2009-05-26,1003.28800
2009-05-27,1003.43340
2009-05-28,1003.58820
2009-05-29,1003.73770
2009-06-01,1004.18360
2009-06-02,1000.16950
2009-06-03,1000.31970
2009-06-04,1000.46510
2009-06-05,1000.59920
2009-06-08,1001.00060
2009-06-09,1001.14310
2009-06-10,1001.28730
2009-06-11,1001.43280
2009-06-12,1001.57470
2009-06-15,1001.99480
2009-06-16,1002.13450
2009-06-17,1002.27210
2009-06-18,1002.40960
2009-06-19,1002.54100
2009-06-22,1002.93850
2009-06-23,1003.08100
2009-06-24,1003.22630
2009-06-25,1003.37480
2009-06-26,1003.54800
2009-06-29,1004.00840
2009-06-30,1004.18680
2009-07-02,1004.55100
2009-07-03,1000.19050
2009-07-06,1000.63900
2009-07-07,1000.78380
2009-07-08,1000.92560
2009-07-09,1001.06750
2009-07-10,1001.20780
2009-07-13,1001.63210
2009-07-14,1001.77220
2009-07-15,1001.90840
2009-07-16,1002.06420
2009-07-17,1002.19280
2009-07-20,1002.57190
2009-07-21,1002.70180
2009-07-22,1002.83130
2009-07-23,1002.96460
2009-07-24,1003.09830
2009-07-27,1003.49270
2009-07-28,1003.62550
2009-07-29,1003.75300
2009-07-30,1003.89160
2009-07-31,1004.04260
2009-08-03,1004.45050
2009-08-04,1000.16310
2009-08-05,1000.30690
2009-08-06,1000.43410
2009-08-07,1000.56850
2009-08-10,1000.96390
2009-08-11,1001.09790
2009-08-12,1001.23350
2009-08-13,1001.35440
2009-08-14,1001.47980
2009-08-17,1001.82500
2009-08-18,1001.95770
2009-08-20,1002.20940
2009-08-21,1002.33570
2009-08-24,1002.70770
2009-08-25,1002.84570
2009-08-26,1002.98030
2009-08-27,1003.11080
2009-08-28,1003.23470
2009-08-31,1003.62610
2009-09-01,1003.75040
2009-09-02,1000.15130
2009-09-03,1000.27090
2009-09-04,1000.39580
2009-09-07,1000.77430
2009-09-08,1000.89360
2009-09-09,1001.01930
2009-09-10,1001.14570
2009-09-11,1001.26290
2009-09-14,1001.60990
2009-09-15,1001.73520
2009-09-16,1001.88020
2009-09-17,1002.01360
2009-09-18,1002.15570
2009-09-22,1002.66750
2009-09-23,1002.80420
2009-09-24,1002.94030
2009-09-25,1003.08960
2009-09-29,1003.67490
2009-09-30,1003.84040
2009-10-01,1004.02180
2009-10-05,1000.60440
2009-10-06,1000.72960
2009-10-07,1000.85440
2009-10-08,1000.98010
2009-10-09,1001.10360
2009-10-12,1001.47130
2009-10-14,1001.71970
2009-10-15,1001.84760
2009-10-16,1001.97520
2009-10-20,1002.47140
2009-10-21,1002.60150
2009-10-22,1002.72950
2009-10-23,1002.84260
2009-10-26,1003.20310
2009-10-27,1003.32750
2009-10-28,1003.45870
2009-10-29,1003.59960
2009-10-30,1003.72630
2009-11-03,1004.22370
2009-11-04,1000.14820
2009-11-05,1000.28080
2009-11-06,1000.39230
2009-11-09,1000.75720
2009-11-10,1000.88760
2009-11-11,1001.01510
2009-11-12,1001.13940
2009-11-13,1001.27390
2009-11-16,1001.65430
2009-11-17,1001.78350
2009-11-18,1001.91370
2009-11-19,1002.04320
2009-11-20,1002.15890
2009-11-23,1002.50720
2009-11-24,1002.62610
2009-11-25,1002.74480
2009-11-26,1002.87390
2009-11-27,1003.02940
2009-11-30,1003.47330
2009-12-01,1003.58880
2009-12-02,1000.13570
2009-12-03,1000.24580
2009-12-04,1000.34700
2009-12-07,1000.68210
2009-12-08,1000.80150
2009-12-09,1000.92070
2009-12-10,1001.04260
2009-12-11,1001.16050
2009-12-14,1001.51440
2009-12-15,1001.63670
2009-12-16,1001.75380
2009-12-17,1001.87750
2009-12-18,1001.99670
2009-12-21,1002.35970
2009-12-22,1002.48430
2009-12-23,1002.60990
2009-12-24,1002.74470
2009-12-25,1002.86660
2009-12-29,1003.40240
2009-12-30,1003.60010
2009-12-31,1003.80800
2010-01-01,1003.95980
2010-01-04,1000.37180
2010-01-05,1000.48890
2010-01-06,1000.62460
2010-01-07,1000.77000
2010-01-08,1000.90360
2010-01-11,1001.27640
2010-01-12,1001.41350
2010-01-13,1001.54060
2010-01-14,1001.66800
2010-01-15,1001.79260
2010-01-18,1002.14970
2010-01-19,1002.27460
2010-01-20,1002.40240
2010-01-21,1002.53240
2010-01-22,1002.66860
2010-01-25,1003.02050
2010-01-27,1003.24560
2010-01-28,1003.38970
2010-01-29,1003.54660
2010-02-01,1003.89210
2010-02-02,1000.14210
2010-02-03,1000.25490
2010-02-04,1000.37570
2010-02-05,1000.50040
2010-02-08,1000.84190
2010-02-09,1000.96070
2010-02-10,1001.08700
2010-02-11,1001.20970
2010-02-15,1001.68880
2010-02-16,1001.80430
2010-02-17,1001.92250
2010-02-18,1002.04150
2010-02-19,1002.15970
2010-02-22,1002.51650
2010-02-23,1002.63570
2010-02-24,1002.75540
2010-02-25,1002.87990
2010-02-26,1003.00740
2010-03-02,1003.51140
2010-03-03,1000.13540
2010-03-04,1000.26350
2010-03-05,1000.38870
2010-03-08,1000.75960
2010-03-09,1000.88840
2010-03-10,1001.01320
2010-03-11,1001.14170
2010-03-12,1001.26530
2010-03-15,1001.63950
2010-03-17,1001.89410
2010-03-18,1002.02460
2010-03-19,1002.15360
2010-03-22,1002.54080
2010-03-23,1002.67620
2010-03-25,1002.95130
2010-03-26,1003.09580
2010-03-29,1003.52950
2010-03-30,1003.73010
2010-03-31,1003.90360
2010-04-05,1004.67330
2010-04-06,1000.15640
2010-04-07,1000.29500
2010-04-08,1000.43630
2010-04-09,1000.56810
2010-04-12,1000.94300
2010-04-13,1001.07310
2010-04-15,1001.33790
2010-04-16,1001.47300
2010-04-19,1001.86940
2010-04-20,1002.00650
2010-04-21,1002.14060
2010-04-22,1002.28260
2010-04-23,1002.41690
2010-04-26,1002.81240
2010-04-27,1002.94730
2010-04-28,1003.08800
2010-04-29,1003.22470
2010-04-30,1003.36540
2010-05-03,1003.76860
2010-05-04,1000.15700
2010-05-05,1000.29710
2010-05-06,1000.42630
2010-05-07,1000.56130
2010-05-10,1000.94380
2010-05-11,1001.07290
2010-05-12,1001.20770
2010-05-13,1001.33640
2010-05-14,1001.47100
2010-05-17,1001.85640
2010-05-18,1001.99350
2010-05-19,1002.13730
2010-05-20,1002.26890
2010-05-21,1002.41120
2010-05-24,1002.81840
2010-05-25,1002.95540
2010-05-26,1003.09090
2010-05-28,1003.35940
2010-05-31,1003.78440
2010-06-01,1003.90680
2010-06-02,1000.16060
2010-06-03,1000.30390
2010-06-04,1000.44160
2010-06-07,1000.85150
2010-06-08,1000.98530
2010-06-09,1001.12630
2010-06-10,1001.25880
2010-06-11,1001.39770
2010-06-14,1001.81940
2010-06-15,1001.95990
2010-06-16,1002.10690
2010-06-17,1002.25780
2010-06-18,1002.40210
2010-06-21,1002.82380
2010-06-22,1002.96790
2010-06-23,1003.10910
2010-06-24,1003.25200
2010-06-25,1003.38370
2010-06-28,1003.79590
2010-06-29,1003.95480
2010-06-30,1004.09690
2010-07-02,1004.39980
2010-07-05,1004.81770
2010-07-06,1004.96060
2010-07-07,1005.11100
2010-07-08,1005.26460
2010-07-09,1005.41570
2010-07-12,1005.87830
2010-07-13,1006.03770
2010-07-14,1006.19610
2010-07-15,1006.35260
2010-07-16,1006.50940
2010-07-19,1006.95280
2010-07-20,1007.10990
2010-07-21,1007.26400
2010-07-22,1007.42020
2010-07-23,1007.57290
2010-07-26,1008.00340
2010-07-27,1008.16530
2010-07-28,1008.32530
2010-07-29,1008.48000
2010-07-30,1008.64020
2010-08-02,1009.07690
2010-08-03,1004.90930
2010-08-04,1005.07080
2010-08-05,1005.22220
2010-08-06,1005.37960
2010-08-09,1005.84770
2010-08-10,1006.00030
2010-08-11,1006.13820
2010-08-12,1006.28980
2010-08-13,1006.44250
2010-08-16,1006.89100
2010-08-17,1007.04160
2010-08-18,1007.19700
2010-08-20,1007.53120
2010-08-23,1007.98720
2010-08-24,1008.14210
2010-08-25,1008.29750
2010-08-26,1008.45930
2010-08-27,1008.61410
2010-08-30,1009.08140
2010-08-31,1009.23580
2010-09-01,1009.38510
2010-09-02,1006.55870
2010-09-03,1006.72380
2010-09-06,1007.18950
2010-09-07,1007.34160
2010-09-08,1007.50150
2010-09-09,1007.66260
2010-09-13,1008.26650
2010-09-14,1008.42550
2010-09-15,1008.59850
2010-09-16,1008.77010
2010-09-17,1008.94260
2010-09-20,1009.44480
2010-09-21,1009.62400
2010-09-22,1009.80220
2010-09-23,1009.97940
2010-09-24,1010.15490
2010-09-27,1010.68670
2010-09-28,1010.86630
2010-09-29,1011.09030
2010-10-01,1011.46130
2010-10-04,1011.96680
2010-10-05,1012.14690
2010-10-06,1012.31770
2010-10-07,1012.50640
2010-10-08,1012.69700
2010-10-11,1013.24700
2010-10-12,1013.42100
2010-10-13,1013.60160
2010-10-14,1013.78120
2010-10-15,1013.96040
2010-10-18,1014.47590
2010-10-19,1014.64680
2010-10-20,1014.83870
2010-10-21,1015.03360
2010-10-22,1015.22900
2010-10-25,1015.80620
2010-10-26,1015.99550
2010-10-27,1016.18340
2010-10-28,1016.37050
2010-10-29,1016.56430
2010-11-01,1017.15420
2010-11-02,1017.35220
2010-11-03,1017.54950
2010-11-04,1017.74900
2010-11-08,1018.52130
2010-11-09,1018.70810
2010-11-10,1018.89680
2010-11-11,1019.08490
2010-11-12,1019.27200
2010-11-15,1019.83390
2010-11-16,1020.02230
2010-11-18,1020.39260
2010-11-19,1020.57740
2010-11-22,1021.16000
2010-11-23,1021.34220
2010-11-24,1021.52380
2010-11-25,1021.70390
2010-11-26,1021.85910
2010-11-29,1022.36530
2010-11-30,1022.56880
2010-12-01,1022.76440
2010-12-02,1022.95230
2010-12-03,1023.14150
2010-12-06,1023.66750
2010-12-07,1023.85070
2010-12-08,1024.03610
2010-12-09,1024.22970
2010-12-10,1024.42380
2010-12-13,1025.01630
2010-12-14,1025.21320
2010-12-15,1025.41080
2010-12-16,1025.62630
2010-12-20,1026.45890
2010-12-21,1026.67530
2010-12-22,1026.89390
2010-12-23,1027.09990
2010-12-24,1027.30200
2010-12-27,1027.94350
2010-12-28,1028.16100
2010-12-29,1028.37890
2010-12-30,1028.61270
2010-12-31,1028.84970
2011-01-03,1029.60030
2011-01-04,1023.00410
2011-01-05,1023.24840
2011-01-06,1023.48700
2011-01-07,1023.71760
2011-01-10,1024.40800
2011-01-11,1024.63030
2011-01-12,1024.85210
2011-01-13,1025.07390
2011-01-14,1025.30810
2011-01-17,1025.97420
2011-01-18,1026.19860
2011-01-19,1026.42350
2011-01-20,1026.65410
2011-01-21,1026.89340
2011-01-24,1027.59150
2011-01-25,1027.81530
2011-01-27,1028.27990
2011-01-28,1028.50520
2011-01-31,1029.21660
2011-02-01,1029.45350
2011-02-02,1022.99020
2011-02-03,1023.21930
2011-02-04,1023.45050
2011-02-07,1024.17080
2011-02-08,1024.40260
2011-02-09,1024.63340
2011-02-10,1024.86540
2011-02-11,1025.10140
2011-02-14,1025.79280
2011-02-15,1026.03180
2011-02-17,1026.47700
2011-02-18,1026.70660
2011-02-21,1027.42410
2011-02-22,1027.65770
2011-02-23,1027.90370
2011-02-24,1028.14040
2011-02-25,1028.38000
2011-02-28,1029.12380
2011-03-01,1029.35360
2011-03-03,1023.21840
2011-03-04,1023.44900
2011-03-07,1024.13120
2011-03-08,1024.35990
2011-03-09,1024.59860
2011-03-10,1024.84190
2011-03-11,1025.09450
2011-03-14,1025.88580
2011-03-15,1026.14860
2011-03-16,1026.39110
2011-03-17,1026.64180
2011-03-18,1026.88230
2011-03-21,1027.62510
2011-03-22,1027.86290
2011-03-23,1028.10110
2011-03-24,1028.34780
2011-03-25,1028.60130
2011-03-28,1029.37140
2011-03-29,1029.66080
2011-03-30,1030.04750
2011-03-31,1030.47950
2011-04-05,1032.08600
2011-04-06,1023.86920
2011-04-07,1024.13860
2011-04-08,1024.39250
2011-04-11,1025.16780
2011-04-13,1025.67710
2011-04-15,1026.14970
2011-04-18,1026.87240
2011-04-19,1027.11120
2011-04-20,1027.35160
2011-04-21,1027.60090
2011-04-25,1028.60770
2011-04-26,1028.85130
2011-04-27,1029.10320
2011-04-28,1029.34570
2011-04-29,1029.60170
2011-05-02,1030.32190
2011-05-03,1023.00440
2011-05-04,1023.24950
2011-05-05,1023.49020
2011-05-06,1023.73160
2011-05-09,1024.44110
2011-05-10,1024.67990
2011-05-11,1024.92060
2011-05-12,1025.16280
2011-05-13,1025.40780
2011-05-16,1026.12890
2011-05-18,1026.60390
2011-05-19,1026.84540
2011-05-20,1027.08690
2011-05-23,1027.79560
2011-05-24,1028.02440
2011-05-25,1028.26580
2011-05-26,1028.51120
2011-05-27,1028.74090
2011-05-30,1029.46040
2011-05-31,1029.70240
2011-06-01,1029.94610
2011-06-02,1023.49590
2011-06-03,1023.75150
2011-06-06,1024.49110
2011-06-07,1024.73800
2011-06-08,1024.97810
2011-06-09,1025.22450
2011-06-10,1025.47500
2011-06-13,1026.20280
2011-06-14,1026.44890
2011-06-15,1026.69510
2011-06-16,1026.94560
2011-06-17,1027.19290
2011-06-20,1027.93640
2011-06-21,1028.18380
2011-06-22,1028.44050
2011-06-23,1028.70070
2011-06-24,1028.95840
2011-06-27,1029.70460
2011-06-28,1029.99030
2011-06-29,1030.30960
2011-06-30,1030.63970
2011-07-04,1031.71770
2011-07-05,1023.60070
2011-07-06,1023.86500
2011-07-07,1024.11260
2011-07-08,1024.36050
2011-07-11,1025.11680
2011-07-12,1025.37620
2011-07-13,1025.63230
2011-07-14,1025.89170
2011-07-15,1026.16030
2011-07-18,1026.90900
2011-07-19,1027.16350
2011-07-20,1027.41530
2011-07-21,1027.65780
2011-07-22,1027.91170
2011-07-25,1028.67370
2011-07-26,1028.90530
2011-07-27,1029.15940
2011-07-28,1029.40900
2011-07-29,1029.66880
2011-08-01,1030.42620
2011-08-02,1023.43890
2011-08-03,1023.68620
2011-08-04,1023.93340
2011-08-05,1024.19730
2011-08-08,1024.97910
2011-08-09,1025.23000
2011-08-10,1025.48420
2011-08-11,1025.73440
2011-08-12,1025.98440
2011-08-16,1026.94800
2011-08-17,1027.20650
2011-08-18,1027.46420
2011-08-22,1028.50760
2011-08-23,1028.77060
2011-08-24,1029.02070
2011-08-25,1029.27970
2011-08-26,1029.53090
2011-08-29,1030.28320
2011-08-30,1030.54650
2011-09-02,1031.31650
2011-09-05,1024.00750
2011-09-06,1024.26050
2011-09-07,1024.51640
2011-09-08,1024.76430
2011-09-09,1025.01290
2011-09-12,1025.75630
2011-09-13,1025.99780
2011-09-14,1026.24450
2011-09-15,1026.49010
2011-09-16,1026.73660
2011-09-19,1027.48920
2011-09-20,1027.73570
2011-09-21,1027.98270
2011-09-22,1028.23540
2011-09-23,1028.48900
2011-09-26,1029.25920
2011-09-27,1029.52820
2011-09-28,1029.81010
2011-09-29,1030.09320
2011-10-03,1031.19010
2011-10-04,1023.46650
2011-10-05,1023.72610
2011-10-07,1024.22870
2011-10-10,1024.97860
2011-10-11,1025.23350
2011-10-12,1025.48830
2011-10-13,1025.74550
2011-10-14,1026.00250
2011-10-17,1026.74640
2011-10-18,1026.99890
2011-10-19,1027.25190
2011-10-20,1027.50700
2011-10-21,1027.75520
2011-10-24,1028.49820
2011-10-25,1028.78810
2011-10-28,1029.52310
2011-10-31,1030.30670
2011-11-01,1030.55890
2011-11-02,1023.33750
2011-11-03,1023.59680
2011-11-04,1023.85370
2011-11-08,1024.86840
2011-11-09,1025.12060
2011-11-11,1025.61990
2011-11-14,1026.36980
2011-11-15,1026.62730
2011-11-16,1026.87730
2011-11-17,1027.12320
2011-11-18,1027.38020
2011-11-21,1028.13020
2011-11-22,1028.38200
2011-11-23,1028.64180
2011-11-24,1028.89530
2011-11-25,1029.14690
2011-11-28,1029.89820
2011-11-29,1030.15710
2011-11-30,1030.43750
2011-12-01,1030.69340
2011-12-02,1023.32280
2011-12-05,1024.09500
2011-12-07,1024.60300
2011-12-08,1024.86090
2011-12-09,1025.11770
2011-12-12,1025.88780
2011-12-13,1026.14760
2011-12-14,1026.40850
2011-12-15,1026.66870
2011-12-16,1026.92910
2011-12-19,1027.70590
2011-12-20,1027.95690
2011-12-21,1028.21490
2011-12-22,1028.47050
2011-12-23,1028.72590
2011-12-26,1029.49600
2011-12-27,1029.78000
2011-12-28,1030.06520
2011-12-29,1030.33490
2011-12-30,1030.63730
2012-01-02,1031.44260
2012-01-03,1023.29160
2012-01-04,1023.56400
2012-01-05,1023.83130
2012-01-06,1024.09610
2012-01-09,1024.89400
2012-01-10,1025.16200
2012-01-11,1025.42610
2012-01-12,1025.69250
2012-01-13,1025.95440
2012-01-16,1026.72960
2012-01-17,1026.98830
2012-01-18,1027.24360
2012-01-19,1027.49920
2012-01-20,1027.76540
2012-01-23,1028.54230
2012-01-24,1028.79910
2012-01-25,1029.04100
2012-01-27,1029.56520
2012-01-30,1030.34980
2012-01-31,1030.61950
2012-02-01,1030.88090
2012-02-02,1023.02720
2012-02-03,1023.29120
2012-02-06,1024.08800
2012-02-07,1024.35630
2012-02-08,1024.61660
2012-02-09,1024.87300
2012-02-10,1025.13360
2012-02-13,1025.88220
2012-02-14,1026.13990
2012-02-15,1026.40140
2012-02-17,1026.88630
2012-02-21,1027.92780
2012-02-22,1028.19740
2012-02-23,1028.46400
2012-02-24,1028.70560
2012-02-27,1029.30090
2012-02-28,1029.54060
2012-02-29,1029.76900
2012-03-01,1029.96880
2012-03-02,1023.29700
2012-03-05,1024.01570
2012-03-06,1024.22520
2012-03-07,1024.49220
2012-03-09,1024.97070
2012-03-12,1025.79530
2012-03-13,1026.03590
2012-03-14,1026.33210
2012-03-15,1026.58620
2012-03-16,1026.83710
2012-03-19,1027.66470
2012-03-20,1027.94470
2012-03-21,1028.24230
2012-03-22,1028.52110
2012-03-26,1029.62180
2012-03-27,1029.90930
2012-03-28,1030.23070
2012-03-29,1030.50360
2012-03-30,1030.86110
2012-04-03,1032.18550
2012-04-04,1023.15690
2012-04-09,1024.67690
2012-04-10,1024.97920
2012-04-11,1025.28540
2012-04-12,1025.62350
2012-04-13,1025.92340
2012-04-16,1026.73010
2012-04-17,1027.12740
2012-04-18,1027.56820
2012-04-19,1027.82190
2012-04-20,1028.08170
2012-04-23,1028.69970
2012-04-24,1028.93030
2012-04-25,1029.18410
2012-04-26,1029.46840
2012-04-27,1029.74300
2012-04-30,1030.59500
2012-05-02,1031.12430
2012-05-03,1022.99940
2012-05-04,1023.27960
2012-05-07,1024.11770
2012-05-08,1024.37490
2012-05-09,1024.60510
2012-05-10,1024.85600
2012-05-11,1025.10130
2012-05-14,1025.91010
2012-05-15,1026.21900
2012-05-16,1026.50990
2012-05-17,1026.79520
2012-05-18,1027.05060
2012-05-21,1027.89680
2012-05-22,1028.15270
2012-05-23,1028.47900
2012-05-24,1028.77630
2012-05-25,1029.02740
2012-05-28,1029.88510
2012-05-29,1030.18920
2012-05-30,1030.47900
2012-05-31,1030.87170
2012-06-01,1031.15100
2012-06-04,1023.66060
2012-06-05,1023.93090
2012-06-06,1024.25260
2012-06-07,1024.53530
2012-06-08,1024.83040
2012-06-11,1025.61330
2012-06-12,1025.92810
2012-06-13,1026.40380
2012-06-14,1026.58990
2012-06-15,1026.86260
2012-06-18,1027.50380
2012-06-19,1027.72160
2012-06-20,1028.08190
2012-06-21,1028.40020
2012-06-22,1028.63880
2012-06-25,1029.45640
2012-06-26,1029.72710
2012-06-27,1029.99590
2012-06-28,1030.28130
2012-06-29,1030.59050
2012-07-03,1031.66130
2012-07-04,1023.10070
2012-07-05,1023.42310
2012-07-06,1023.71780
2012-07-09,1024.49640
2012-07-10,1024.74640
2012-07-11,1024.99540
2012-07-12,1025.24690
2012-07-13,1025.51190
2012-07-16,1026.28040
2012-07-17,1026.54780
2012-07-18,1026.82490
2012-07-19,1027.11260
2012-07-20,1027.37110
2012-07-23,1028.14090
2012-07-24,1028.39600
2012-07-25,1028.66520
2012-07-26,1028.91870
2012-07-27,1029.17980
2012-07-30,1029.93240
2012-07-31,1030.14310
2012-08-01,1030.41430
2012-08-02,1023.05650
2012-08-03,1023.34310
2012-08-06,1024.11120
2012-08-07,1024.41840
2012-08-08,1024.65780
2012-08-09,1024.86870
2012-08-10,1025.07880
2012-08-13,1025.83820
2012-08-14,1026.11360
2012-08-16,1026.62450
2012-08-17,1026.89100
2012-08-21,1027.96290
2012-08-22,1028.22460
2012-08-23,1028.48460
2012-08-24,1028.75430
2012-08-27,1029.49680
2012-08-28,1029.74530
2012-08-29,1030.00090
2012-08-30,1030.25670
2012-08-31,1030.52940
2012-09-03,1031.28870
2012-09-04,1023.00480
2012-09-05,1023.26010
2012-09-06,1023.52700
2012-09-07,1023.76910
2012-09-10,1024.45570
2012-09-11,1024.67790
2012-09-12,1024.92690
2012-09-13,1025.16920
2012-09-14,1025.43860
2012-09-17,1026.13990
2012-09-18,1026.38030
2012-09-20,1026.85400
2012-09-21,1027.10670
2012-09-24,1027.82680
2012-09-25,1028.05060
2012-09-26,1028.31200
2012-09-27,1028.58430
2012-09-28,1028.88150
2012-10-01,1029.66880
2012-10-03,1023.30930
2012-10-04,1023.56570
2012-10-05,1023.80510
2012-10-08,1024.52370
2012-10-09,1024.77830
2012-10-10,1025.00990
2012-10-11,1025.26020
2012-10-12,1025.47890
2012-10-15,1026.22790
2012-10-16,1026.47470
2012-10-17,1026.72600
2012-10-18,1026.95980
2012-10-19,1027.14600
2012-10-22,1027.81420
2012-10-23,1027.98830
2012-10-25,1028.41670
2012-10-29,1029.38160
2012-10-30,1029.60570
2012-10-31,1029.80310
2012-11-01,1030.01260
2012-11-02,1022.99030
2012-11-05,1023.66350
2012-11-06,1023.90390
2012-11-07,1024.14100
2012-11-08,1024.37740
2012-11-09,1024.58540
2012-11-12,1025.29970
2012-11-15,1026.02660
2012-11-16,1026.25970
2012-11-19,1026.94870
2012-11-20,1027.20070
2012-11-21,1027.41880
2012-11-22,1027.66870
2012-11-23,1027.87760
2012-11-26,1028.62870
2012-11-27,1028.85540
2012-11-29,1029.37530
2012-11-30,1029.64780
2012-12-03,1030.37240
2012-12-04,1023.01770
2012-12-05,1023.23070
2012-12-06,1023.45210
2012-12-07,1023.66600
2012-12-10,1024.30310
2012-12-11,1024.48370
2012-12-12,1024.74440
2012-12-13,1025.07940
2012-12-14,1025.31190
2012-12-17,1026.06370
2012-12-18,1026.25710
2012-12-19,1026.44810
2012-12-20,1026.62220
2012-12-21,1026.93980
2012-12-24,1027.66660
2012-12-26,1028.18600
2012-12-27,1028.41590
2012-12-28,1028.65630
2012-12-31,1029.48600
2013-01-01,1029.96490
2013-01-02,1023.04450
2013-01-03,1023.34290
2013-01-04,1023.61510
2013-01-07,1024.31960
2013-01-08,1024.55300
2013-01-09,1024.76800
2013-01-10,1025.03730
2013-01-11,1025.27930
2013-01-14,1026.10020
2013-01-15,1026.34630
2013-01-16,1026.56320
2013-01-17,1026.80030
2013-01-18,1027.04110
2013-01-21,1027.70710
2013-01-22,1027.93920
2013-01-23,1028.15600
2013-01-24,1028.41080
2013-01-28,1029.33860
2013-01-29,1029.59990
2013-01-30,1029.77900
2013-01-31,1029.93130
2013-02-01,1030.09740
2013-02-04,1023.39460
2013-02-05,1023.58400
2013-02-06,1023.80150
2013-02-07,1024.07370
2013-02-08,1024.32460
2013-02-11,1024.98390
2013-02-12,1025.18240
2013-02-13,1025.36640
2013-02-14,1025.44150
2013-02-15,1025.63620
2013-02-18,1026.31810
2013-02-20,1026.79860
2013-02-21,1027.04460
2013-02-22,1027.30410
2013-02-25,1027.95940
2013-02-26,1028.18890
2013-02-27,1028.41340
2013-02-28,1028.61880
2013-03-01,1028.91670
2013-03-04,1023.48310
2013-03-05,1023.76380
2013-03-06,1024.07390
2013-03-07,1024.41650
2013-03-08,1024.58820
2013-03-11,1025.31440
2013-03-12,1025.61930
2013-03-13,1026.05170
2013-03-14,1026.50730
2013-03-15,1026.77560
2013-03-18,1027.52060
2013-03-19,1027.81070
2013-03-20,1028.09370
2013-03-21,1028.41810
2013-03-22,1028.68000
2013-03-25,1029.54830
2013-03-26,1029.79890
2013-03-28,1030.51580
2013-04-02,1031.89190
2013-04-03,1023.22230
2013-04-04,1023.82080
2013-04-05,1024.11360
2013-04-08,1024.96210
2013-04-09,1025.29570
2013-04-10,1025.55470
2013-04-12,1026.14250
2013-04-15,1026.85850
2013-04-16,1027.09830
2013-04-17,1027.37530
2013-04-18,1027.83750
2013-04-22,1028.69970
2013-04-23,1028.99020
2013-04-25,1029.53940
2013-04-26,1029.77460
2013-04-29,1030.49140
2013-04-30,1030.76920
2013-05-02,1031.54720
2013-05-03,1023.01010
2013-05-06,1023.74280
2013-05-07,1024.00270
2013-05-08,1024.39220
2013-05-09,1024.70770
2013-05-10,1024.92120
2013-05-13,1025.57590
2013-05-14,1025.89580
2013-05-15,1026.22110
2013-05-16,1026.46820
2013-05-17,1026.73240
2013-05-20,1027.37480
2013-05-21,1027.65790
2013-05-22,1027.83800
2013-05-23,1027.95470
2013-05-24,1028.14890
2013-05-27,1028.79590
2013-05-28,1028.98910
2013-05-29,1029.13400
2013-05-30,1029.35010
2013-05-31,1029.56680
2013-06-03,1030.29620
2013-06-04,1023.03730
2013-06-05,1023.38220
2013-06-06,1023.63090
2013-06-07,1023.81130
2013-06-10,1024.37440
2013-06-11,1024.52580
2013-06-12,1024.59380
2013-06-13,1024.82420
2013-06-14,1025.04460
2013-06-17,1025.84790
2013-06-18,1026.32190
2013-06-19,1026.67060
2013-06-20,1026.68230
2013-06-21,1026.85870
2013-06-24,1027.35190
2013-06-25,1027.52730
2013-06-26,1027.65520
2013-06-27,1027.91180
2013-06-28,1028.81010
2013-07-02,1029.89350
2013-07-03,1022.98760
2013-07-04,1023.40380
2013-07-05,1023.58770
2013-07-08,1024.07190
2013-07-09,1024.28810
2013-07-10,1024.46980
2013-07-11,1024.68980
2013-07-12,1024.89190
2013-07-15,1025.45470
2013-07-16,1022.52470
2013-07-17,1022.90560
2013-07-18,1023.74250
2013-07-19,1023.99320
2013-07-22,1024.64730
2013-07-23,1024.14570
2013-07-24,1022.83190
2013-07-25,1023.17750
2013-07-26,1023.53220
2013-07-29,1024.41820
2013-07-30,1024.71490
2013-07-31,1024.94570
2013-08-01,1025.32340
2013-08-02,1023.09860
2013-08-05,1024.26230
2013-08-06,1024.59330
2013-08-07,1024.96290
2013-08-08,1025.40660
2013-08-12,1026.36600
2013-08-13,1026.59790
2013-08-14,1026.61750
2013-08-16,1027.10810
2013-08-19,1027.56060
2013-08-20,1027.85890
2013-08-21,1028.62830
2013-08-22,1028.82670
2013-08-23,1029.26490
2013-08-26,1030.14870
2013-08-27,1030.30530
2013-08-28,1030.32830
2013-08-29,1030.68770
2013-08-30,1031.38950
2013-09-02,1032.36540
2013-09-03,1023.20130
2013-09-04,1023.67540
2013-09-05,1024.73050
2013-09-06,1025.31500
2013-09-10,1026.29310
2013-09-11,1026.65800
2013-09-12,1026.91970
2013-09-13,1027.36690
2013-09-16,1028.08560
2013-09-17,1028.49820
2013-09-18,1029.05700
2013-09-19,1030.00680
2013-09-20,1030.55580
2013-09-23,1031.08010
2013-09-24,1031.37580
2013-09-25,1031.79840
2013-09-26,1032.14720
2013-09-27,1032.64340
2013-09-30,1033.37250
2013-10-01,1033.96110
2013-10-03,1025.25950
2013-10-04,1025.76330
2013-10-07,1026.65360
2013-10-08,1027.74330
2013-10-09,1027.88120
2013-10-10,1028.10290
2013-10-11,1028.32850
2013-10-14,1028.97970
2013-10-15,1029.04010
2013-10-17,1029.51560
2013-10-18,1029.82920
2013-10-21,1030.60090
2013-10-22,1030.85380
2013-10-23,1031.11120
2013-10-24,1031.33260
2013-10-25,1031.57800
2013-10-28,1032.31330
2013-10-29,1032.80470
2013-10-30,1033.07290
2013-10-31,1033.37040
2013-11-01,1033.55480
2013-11-05,1025.68770
2013-11-06,1025.91240
2013-11-07,1026.02940
2013-11-08,1026.07130
2013-11-11,1026.61530
2013-11-12,1026.60640
2013-11-13,1026.82990
2013-11-14,1026.84180
2013-11-18,1027.85280
2013-11-19,1028.25180
2013-11-20,1028.58710
2013-11-21,1028.74640
2013-11-22,1029.06920
2013-11-25,1029.85250
2013-11-26,1030.20530
2013-11-27,1030.55490
2013-11-28,1030.84500
2013-11-29,1031.52760
2013-12-02,1032.32520
2013-12-03,1024.48920
2013-12-04,1024.83030
2013-12-05,1025.32630
2013-12-06,1025.41080
2013-12-09,1025.90890
2013-12-10,1026.10810
2013-12-11,1026.41740
2013-12-12,1027.12030
2013-12-13,1027.07920
2013-12-16,1027.79850
2013-12-17,1028.18430
2013-12-18,1028.46550
2013-12-19,1028.70580
2013-12-20,1028.90550
2013-12-23,1029.58030
2013-12-24,1029.82640
2013-12-26,1030.31930
2013-12-27,1030.54720
2013-12-30,1031.19240
2013-12-31,1031.57800
2014-01-01,1031.89870
2014-01-02,1024.85730
2014-01-03,1025.09390
2014-01-06,1025.79510
2014-01-07,1025.97240
2014-01-08,1026.14010
2014-01-09,1026.32810
2014-01-10,1026.61260
2014-01-13,1027.30570
2014-01-15,1027.77150
2014-01-16,1028.01850
2014-01-17,1028.25430
2014-01-20,1028.95290
2014-01-21,1029.19770
2014-01-22,1029.41190
2014-01-23,1029.64370
2014-01-24,1029.86050
2014-01-27,1030.53470
2014-01-28,1030.72670
2014-01-29,1030.95780
2014-01-30,1031.15290
2014-01-31,1031.37800
2014-02-03,1032.07130
2014-02-04,1024.41060
2014-02-05,1024.64810
2014-02-06,1024.88490
2014-02-07,1025.23340
2014-02-10,1025.92280
2014-02-11,1026.13810
2014-02-12,1026.35460
2014-02-13,1026.56980
2014-02-14,1026.77810
2014-02-17,1027.45330
2014-02-18,1027.69280
2014-02-20,1028.16380
2014-02-21,1028.38460
2014-02-24,1029.06910
2014-02-25,1029.27100
2014-02-26,1029.50810
2014-02-28,1029.95870
2014-03-03,1030.62400
2014-03-04,1024.07460
2014-03-05,1024.41060
2014-03-06,1024.63030
2014-03-07,1024.94020
2014-03-10,1025.68970
2014-03-11,1026.05650
2014-03-12,1026.29520
2014-03-13,1026.54210
2014-03-14,1026.89640
2014-03-18,1027.99720
2014-03-19,1028.24500
2014-03-20,1028.66620
2014-03-21,1029.06750
2014-03-24,1030.07160
2014-03-25,1030.33970
2014-03-26,1030.54130
2014-03-27,1030.84260
2014-03-28,1032.33360
2014-04-02,1033.60180
2014-04-03,1025.72220
2014-04-04,1026.08290
2014-04-07,1026.83610
2014-04-09,1027.29360
2014-04-10,1027.52610
2014-04-11,1027.78400
2014-04-15,1028.79820
2014-04-16,1029.03920
2014-04-17,1029.29260
2014-04-21,1030.23910
2014-04-22,1030.48560
2014-04-23,1030.72620
2014-04-25,1031.20860
2014-04-28,1031.93390
2014-04-29,1032.17980
2014-04-30,1032.39620
2014-05-02,1032.88640
2014-05-05,1025.42280
2014-05-06,1025.65920
2014-05-07,1025.91880
2014-05-08,1026.30150
2014-05-09,1026.57410
2014-05-12,1027.33020
2014-05-13,1027.57660
2014-05-15,1028.06450
2014-05-16,1028.71650
2014-05-19,1029.47230
2014-05-20,1029.74910
2014-05-21,1030.07300
2014-05-22,1030.39930
2014-05-23,1030.78340
2014-05-26,1031.38430
2014-05-27,1031.62170
2014-05-28,1031.85830
2014-05-29,1032.09810
2014-05-30,1032.44320
2014-06-02,1033.16330
2014-06-03,1025.07580
2014-06-04,1025.43250
2014-06-05,1025.72470
2014-06-06,1025.93880
2014-06-09,1026.60010
2014-06-10,1026.80930
2014-06-11,1027.03450
2014-06-12,1027.24750
2014-06-13,1027.44710
2014-06-16,1028.03920
2014-06-17,1028.26180
2014-06-18,1028.50030
2014-06-19,1028.70340
2014-06-20,1028.91530
2014-06-23,1029.53720
2014-06-24,1029.77750
2014-06-25,1030.00440
2014-06-26,1030.25010
2014-06-27,1030.48740
2014-06-30,1031.19300
2014-07-02,1031.75220
2014-07-03,1025.01040
2014-07-04,1025.24030
2014-07-07,1025.89340
2014-07-08,1026.10480
2014-07-09,1026.31160
2014-07-10,1026.51540
2014-07-11,1026.55000
2014-07-14,1027.21480
2014-07-15,1027.47080
2014-07-16,1027.71590
2014-07-17,1027.95710
2014-07-18,1028.18560
2014-07-21,1028.86710
2014-07-22,1029.08900
2014-07-23,1029.32460
2014-07-24,1029.52600
2014-07-25,1029.83880
2014-07-28,1030.50800
2014-07-30,1030.96500
2014-07-31,1031.17460
2014-08-01,1031.35870
2014-08-04,1025.34370
2014-08-05,1025.55820
2014-08-06,1025.71750
2014-08-07,1025.93610
2014-08-08,1026.14390
2014-08-11,1026.83210
2014-08-12,1027.08180
2014-08-13,1027.32870
2014-08-14,1027.55250
2014-08-19,1028.71520
2014-08-20,1028.93430
2014-08-21,1029.19130
2014-08-22,1029.46040
2014-08-25,1030.18930
2014-08-26,1030.46380
2014-08-27,1030.71540
2014-08-28,1030.91020
2014-09-01,1031.82790
2014-09-02,1024.95190
2014-09-03,1025.20730
2014-09-04,1025.43930
2014-09-05,1025.66780
2014-09-08,1026.41070
2014-09-09,1026.66280
2014-09-10,1026.86450
2014-09-11,1027.16040
2014-09-12,1027.41260
2014-09-15,1028.14150
2014-09-16,1028.38240
2014-09-17,1028.65330
2014-09-18,1028.94620
2014-09-19,1029.19480
2014-09-22,1029.90670
2014-09-23,1030.15290
2014-09-24,1030.40130
2014-09-25,1030.85440
2014-09-26,1031.11450
2014-09-29,1031.82590
2014-09-30,1032.19650
2014-10-01,1032.55310
2014-10-07,1026.67990
2014-10-08,1027.01010
2014-10-09,1027.29670
2014-10-10,1027.59600
2014-10-13,1028.36800
2014-10-14,1028.71300
2014-10-16,1029.26610
2014-10-17,1029.51980
2014-10-20,1030.30100
2014-10-21,1030.59570
2014-10-22,1030.81580
2014-10-27,1032.09370
2014-10-28,1032.43050
2014-10-29,1032.70310
2014-10-30,1033.00780
2014-10-31,1033.34480
2014-11-03,1034.14640
2014-11-05,1026.19520
2014-11-07,1026.69200
2014-11-10,1027.42430
2014-11-11,1027.67880
2014-11-12,1027.90760
2014-11-13,1028.17000
2014-11-14,1028.41030
2014-11-17,1029.11880
2014-11-18,1029.37650
2014-11-19,1029.60850
2014-11-20,1029.84370
2014-11-21,1030.08880
2014-11-24,1030.75220
2014-11-25,1030.99420
2014-11-26,1031.24980
2014-11-27,1031.47130
2014-11-28,1031.73090
2014-12-01,1032.52120
2014-12-02,1025.83480
2014-12-03,1026.09960
2014-12-04,1026.33240
2014-12-05,1026.61850
2014-12-08,1027.34810
2014-12-09,1027.62030
2014-12-10,1027.74380
2014-12-11,1028.08510
2014-12-12,1028.31540
2014-12-15,1029.03250
2014-12-16,1029.21570
2014-12-17,1029.41240
2014-12-18,1029.65800
2014-12-19,1029.87910
2014-12-22,1030.51820
2014-12-23,1030.73140
2014-12-24,1030.96720
2014-12-26,1031.40880
2014-12-29,1032.10740
2014-12-30,1032.37270
2014-12-31,1032.73420
2015-01-01,1033.00860
2015-01-02,1025.27070
2015-01-05,1025.94640
2015-01-06,1026.16750
2015-01-07,1026.39460
2015-01-08,1026.62960
2015-01-09,1026.87060
2015-01-12,1027.56230
2015-01-13,1027.81520
2015-01-14,1028.04410
2015-01-15,1028.34940
2015-01-16,1028.57530
2015-01-19,1029.22700
2015-01-20,1029.49260
2015-01-21,1029.85250
2015-01-22,1030.03950
2015-01-23,1030.33010
2015-01-27,1031.25810
2015-01-28,1031.51280
2015-01-29,1031.76290
2015-01-30,1031.94540
2015-02-02,1032.68300
2015-02-03,1025.03560
2015-02-04,1025.30560
2015-02-05,1025.51730
2015-02-06,1025.74430
2015-02-09,1026.35970
2015-02-10,1026.59680
2015-02-11,1026.78130
2015-02-12,1026.98030
2015-02-13,1027.31990
2015-02-16,1027.98830
2015-02-18,1028.45340
2015-02-20,1028.94820
2015-02-23,1029.61690
2015-02-24,1029.85330
2015-02-25,1030.16950
2015-02-26,1030.40590
2015-02-27,1030.62830
2015-03-02,1031.39150
2015-03-03,1024.91640
2015-03-04,1025.34130
2015-03-05,1025.56290
2015-03-09,1026.45080
2015-03-10,1026.62710
2015-03-11,1026.83960
2015-03-12,1027.08380
2015-03-13,1027.25850
2015-03-16,1027.92390
2015-03-17,1028.15710
2015-03-18,1028.37380
2015-03-19,1028.60000
2015-03-20,1028.81300
2015-03-23,1029.48660
2015-03-24,1029.73740
2015-03-25,1029.96360
2015-03-26,1030.17130
2015-03-27,1030.42820
2015-03-30,1031.20590
2015-03-31,1032.39950
2015-04-06,1033.78550
2015-04-07,1023.09900
2015-04-08,1023.21810
2015-04-09,1023.43790
2015-04-10,1023.76340
2015-04-13,1024.46170
2015-04-15,1024.87990
2015-04-16,1025.12510
2015-04-17,1025.38580
2015-04-20,1026.02390
2015-04-21,1026.36080
2015-04-22,1026.57410
2015-04-23,1026.74130
2015-04-24,1026.98910
2015-04-27,1027.67190
2015-04-28,1027.87440
2015-04-29,1028.01720
2015-04-30,1028.01910
2015-05-05,1028.97500
2015-05-06,1022.77570
2015-05-07,1022.84700
2015-05-08,1023.01350
2015-05-11,1023.79430
2015-05-12,1024.08470
2015-05-13,1024.27460
2015-05-14,1024.58270
2015-05-15,1024.91340
2015-05-18,1025.65480
2015-05-19,1026.14470
2015-05-20,1026.50760
2015-05-21,1026.99200
2015-05-22,1027.42840
2015-05-25,1028.22950
2015-05-26,1028.54760
2015-05-27,1028.72880
2015-05-28,1029.08020
2015-05-29,1029.33360
2015-06-01,1030.45780
2015-06-02,1022.82270
2015-06-03,1023.14840
2015-06-04,1023.39350
2015-06-05,1023.66900
2015-06-08,1024.37920
2015-06-09,1024.60550
2015-06-10,1024.71760
2015-06-11,1024.84400
2015-06-12,1025.06320
2015-06-15,1025.75260
2015-06-16,1025.92740
2015-06-17,1026.19390
2015-06-18,1026.54980
2015-06-19,1026.82310
2015-06-22,1027.51920
2015-06-23,1027.89240
2015-06-24,1028.12810
2015-06-25,1028.29520
2015-06-26,1028.44620
2015-06-29,1029.06640
2015-06-30,1029.39310
2015-07-01,1029.80550
2015-07-02,1023.01450
2015-07-03,1023.29290
2015-07-06,1023.96860
2015-07-07,1024.28890
2015-07-08,1024.57820
2015-07-09,1024.75450
2015-07-10,1025.00860
2015-07-13,1025.61620
2015-07-14,1025.90160
2015-07-15,1026.16910
2015-07-16,1026.39600
2015-07-17,1026.67610
2015-07-20,1027.34370
2015-07-21,1027.59670
2015-07-22,1027.87410
2015-07-23,1028.09680
2015-07-24,1028.32070
2015-07-27,1029.01790
2015-07-28,1029.34300
2015-07-29,1029.71280
2015-07-30,1029.93260
2015-07-31,1030.19110
2015-08-03,1030.87160
2015-08-04,1023.22240
2015-08-05,1023.47670
2015-08-06,1023.72340
2015-08-07,1023.93440
2015-08-10,1024.61250
2015-08-11,1024.84470
2015-08-12,1025.13630
2015-08-13,1025.42650
2015-08-14,1025.64960
2015-08-17,1026.33410
2015-08-19,1026.80070
2015-08-20,1027.04260
2015-08-21,1027.38010
2015-08-24,1027.75950
2015-08-25,1028.07010
2015-08-26,1028.25830
2015-08-27,1028.64920
2015-08-28,1028.88250
2015-08-31,1029.53720
2015-09-01,1029.67000
2015-09-02,1023.24270
2015-09-03,1023.08760
2015-09-04,1023.32160
2015-09-07,1023.94840
2015-09-08,1024.23940
2015-09-09,1024.50280
2015-09-10,1024.30240
2015-09-11,1024.48270
2015-09-14,1025.11210
2015-09-15,1025.33470
2015-09-16,1025.40870
2015-09-18,1025.97720
2015-09-21,1026.64750
2015-09-22,1026.91770
2015-09-23,1027.09060
2015-09-24,1027.35860
2015-09-28,1028.27620
2015-09-29,1029.83470
2015-09-30,1030.49970
2015-10-01,1030.78950
2015-10-05,1024.86920
2015-10-06,1025.05580
2015-10-07,1025.30170
2015-10-08,1025.60240
2015-10-09,1025.85070
2015-10-12,1026.47680
2015-10-13,1026.77870
2015-10-14,1027.18460
2015-10-15,1027.30510
2015-10-16,1027.55500
2015-10-19,1028.26080
2015-10-20,1028.51000
2015-10-21,1028.69620
2015-10-23,1029.22780
2015-10-26,1029.81350
2015-10-27,1030.04940
2015-10-28,1030.41800
2015-10-29,1030.58560
2015-10-30,1030.72700
2015-11-02,1031.37590
2015-11-03,1024.14990
2015-11-04,1024.29660
2015-11-05,1024.47600
2015-11-06,1024.68230
2015-11-09,1025.22830
2015-11-10,1025.42720
2015-11-13,1026.13770
2015-11-16,1026.82920
2015-11-17,1027.07600
2015-11-18,1027.27620
2015-11-19,1027.51480
2015-11-20,1027.62870
2015-11-23,1028.15070
2015-11-24,1028.31090
2015-11-26,1028.71890
2015-11-27,1028.85850
2015-11-30,1029.40190
2015-12-01,1029.60990
2015-12-02,1023.50250
2015-12-03,1023.78790
2015-12-04,1023.94110
2015-12-07,1024.41190
2015-12-08,1024.50970
2015-12-09,1024.56290
2015-12-10,1024.71400
2015-12-11,1024.68360
2015-12-14,1025.13160
2015-12-15,1025.20990
2015-12-16,1025.54640
2015-12-17,1025.80020
2015-12-18,1026.07290
2015-12-21,1026.73830
2015-12-22,1026.98510
2015-12-23,1027.09380
2015-12-28,1028.15860
2015-12-29,1028.41190
2015-12-30,1028.87890
2015-12-31,1029.23520
2016-01-01,1029.57180
2016-01-04,1023.45220
2016-01-05,1023.66890
2016-01-06,1023.87080
2016-01-07,1024.11150
2016-01-08,1024.37780
2016-01-11,1025.03420
2016-01-12,1025.08220
2016-01-13,1025.13710
2016-01-14,1025.21520
2016-01-15,1025.34440
2016-01-18,1025.98150
2016-01-19,1026.25710
2016-01-20,1026.43080
2016-01-21,1026.70870
2016-01-22,1026.94420
2016-01-25,1027.60260
2016-01-27,1027.95990
2016-01-28,1027.98790
2016-01-29,1028.19300
2016-02-01,1028.83820
2016-02-02,1022.96380
2016-02-03,1023.16890
2016-02-04,1023.49280
2016-02-05,1023.59870
2016-02-08,1024.24230
2016-02-09,1024.50680
2016-02-10,1024.77770
2016-02-11,1025.01280
2016-02-12,1025.16520
2016-02-15,1025.92700
2016-02-16,1026.13330
2016-02-17,1026.24580
2016-02-18,1026.44380
2016-02-22,1027.06750
2016-02-23,1026.87700
2016-02-24,1026.88010
2016-02-25,1026.91460
2016-02-26,1027.09820
2016-02-29,1028.14330
2016-03-01,1028.43680
2016-03-02,1023.13480
2016-03-03,1023.41300
2016-03-04,1023.66860
2016-03-08,1024.52790
2016-03-09,1024.77740
2016-03-10,1024.98950
2016-03-11,1025.13460
2016-03-14,1025.90950
2016-03-15,1026.19150
2016-03-16,1026.54770
2016-03-17,1027.06140
2016-03-18,1027.35210
2016-03-21,1028.35490
2016-03-22,1029.09660
2016-03-23,1029.18010
2016-03-28,1030.14590
2016-03-29,1030.63900
2016-03-30,1030.96170
2016-03-31,1033.32730
2016-04-04,1034.87250
2016-04-05,1025.36870
2016-04-06,1025.54410
2016-04-07,1025.89540
2016-04-11,1026.73620
2016-04-12,1027.07510
2016-04-13,1027.26820
2016-04-18,1028.43070
2016-04-20,1028.82150
2016-04-21,1028.89890
2016-04-22,1029.08590
2016-04-25,1029.67640
2016-04-26,1029.86460
2016-04-27,1029.97630
2016-04-28,1030.12600
2016-04-29,1030.28500
2016-05-02,1030.87130
2016-05-03,1024.31500
2016-05-04,1024.64120
2016-05-05,1024.84690
2016-05-06,1025.01930
2016-05-09,1025.72150
2016-05-10,1025.99320
2016-05-11,1026.21980
2016-05-12,1026.49780
2016-05-13,1026.70790
2016-05-16,1027.36700
2016-05-17,1027.58260
2016-05-18,1027.83080
2016-05-19,1028.16920
2016-05-20,1028.34510
2016-05-23,1029.01130
2016-05-24,1029.22290
2016-05-25,1029.50670
2016-05-26,1029.71060
2016-05-27,1029.90870
2016-05-30,1030.50920
2016-05-31,1030.67890
2016-06-01,1030.91050
2016-06-02,1024.35670
2016-06-03,1024.60700
2016-06-06,1025.29750
2016-06-07,1025.56980
2016-06-08,1025.86380
2016-06-09,1026.11160
2016-06-10,1026.34320
2016-06-13,1026.93210
2016-06-14,1027.02180
2016-06-15,1027.33870
2016-06-16,1027.56900
2016-06-17,1027.79000
2016-06-20,1028.38690
2016-06-21,1028.69400
2016-06-22,1028.97770
2016-06-23,1029.23070
2016-06-24,1029.40040
2016-06-27,1030.02320
2016-06-28,1030.22780
2016-06-29,1030.45110
2016-06-30,1030.72600
2016-07-01,1031.13010
2016-07-04,1025.34410
2016-07-05,1025.88850
2016-07-07,1026.55310
2016-07-08,1026.85650
2016-07-11,1027.70930
2016-07-12,1028.38040
2016-07-13,1028.89140
2016-07-14,1029.25770
2016-07-15,1029.47170
2016-07-18,1030.12020
2016-07-19,1030.35400
2016-07-20,1030.75460
2016-07-21,1030.96340
2016-07-22,1031.21400
2016-07-25,1031.85660
2016-07-26,1032.20420
2016-07-27,1032.39440
2016-07-28,1032.83750
2016-07-29,1033.24120
2016-08-01,1034.01060
2016-08-02,1027.05600
2016-08-03,1027.12820
2016-08-04,1027.28000
2016-08-05,1027.54400
2016-08-08,1028.13210
2016-08-09,1028.60780
2016-08-10,1028.99190
2016-08-11,1029.85680
2016-08-12,1030.04040
2016-08-16,1030.91780
2016-08-18,1031.17510
2016-08-19,1031.34390
2016-08-22,1031.82290
2016-08-23,1032.00470
2016-08-24,1032.25460
2016-08-25,1032.56310
2016-08-26,1032.85350
2016-08-29,1033.41050
2016-08-30,1033.61280
2016-08-31,1033.76470
2016-09-01,1034.28360
2016-09-02,1027.16530
2016-09-06,1028.01590
2016-09-07,1028.33610
2016-09-08,1028.63600
2016-09-09,1028.85550
2016-09-12,1029.34770
2016-09-14,1029.57270
2016-09-15,1029.82540
2016-09-16,1030.06580
2016-09-19,1030.57450
2016-09-20,1030.77400
2016-09-21,1030.91200
2016-09-22,1031.35860
2016-09-23,1031.69660
2016-09-26,1032.63560
2016-09-27,1033.08450
2016-09-28,1033.50330
2016-09-29,1033.28640
2016-09-30,1033.81360
2016-10-03,1034.95000
2016-10-04,1027.60180
2016-10-05,1028.79830
2016-10-06,1029.48670
2016-10-07,1029.51910
2016-10-10,1030.14490
2016-10-13,1030.57120
2016-10-14,1030.61560
2016-10-17,1031.03290
2016-10-18,1031.30070
2016-10-19,1031.46830
2016-10-20,1031.51240
2016-10-21,1031.66380
2016-10-24,1032.13620
2016-10-25,1032.06680
2016-10-26,1032.12450
2016-10-27,1032.17430
2016-10-28,1032.33630
2016-11-01,1033.09340
2016-11-02,1026.48710
2016-11-03,1026.59610
2016-11-04,1026.71670
2016-11-07,1027.28030
2016-11-08,1027.45570
2016-11-09,1028.45750
2016-11-10,1029.11570
2016-11-11,1029.16240
2016-11-15,1031.14970
2016-11-16,1032.25890
2016-11-17,1032.66760
2016-11-18,1032.65260
2016-11-21,1034.01590
2016-11-22,1034.24660
2016-11-23,1034.74880
2016-11-24,1035.66610
2016-11-25,1035.73290
2016-11-28,1035.43750
2016-11-29,1035.28650
2016-11-30,1035.76830
2016-12-01,1036.05150
2016-12-02,1029.01450
2016-12-05,1029.61630
2016-12-06,1029.81580
2016-12-07,1028.35510
2016-12-08,1028.13990
2016-12-09,1028.56850
2016-12-13,1029.28830
2016-12-14,1029.60570
2016-12-15,1029.66350
2016-12-16,1029.65440
2016-12-19,1030.22720
2016-12-20,1030.38820
2016-12-21,1030.56990
2016-12-22,1030.74170
2016-12-23,1030.90030
2016-12-26,1031.35110
2016-12-27,1031.36690
2016-12-28,1031.38350
2016-12-29,1031.66750
2016-12-30,1032.12330
2017-01-02,1033.24970
2017-01-03,1026.60580
2017-01-04,1026.98940
2017-01-05,1027.33490
2017-01-06,1027.70270
2017-01-09,1028.25160
2017-01-10,1028.46700
2017-01-11,1028.72820
2017-01-12,1028.99150
2017-01-13,1029.19490
2017-01-16,1029.72970
2017-01-17,1029.92510
2017-01-18,1030.20160
2017-01-19,1030.36280
2017-01-20,1030.54570
2017-01-23,1031.02010
2017-01-24,1031.16560
2017-01-25,1031.32200
2017-01-27,1031.67870
2017-01-30,1032.41480
2017-01-31,1032.68660
2017-02-01,1033.05950
2017-02-02,1027.11450
2017-02-03,1027.42850
2017-02-06,1028.07690
2017-02-07,1028.40860
2017-02-08,1027.36230
2017-02-09,1027.46000
2017-02-10,1027.95640
2017-02-13,1028.77470
2017-02-14,1029.08550
2017-02-15,1029.54240
2017-02-16,1029.72400
2017-02-17,1029.99810
2017-02-20,1030.59580
2017-02-22,1030.89490
2017-02-23,1031.25400
2017-02-27,1032.09830
2017-02-28,1032.32520
2017-03-01,1032.47550
2017-03-02,1026.66920
2017-03-03,1026.94440
2017-03-06,1027.34320
2017-03-07,1027.36940
2017-03-08,1027.33500
2017-03-09,1027.16690
2017-03-10,1027.15670
2017-03-14,1027.98280
2017-03-15,1028.23360
2017-03-16,1028.59840
2017-03-17,1028.75000
2017-03-20,1029.19720
2017-03-21,1029.44740
2017-03-22,1029.97820
2017-03-23,1030.27500
2017-03-24,1030.53080
2017-03-27,1031.30980
2017-03-29,1031.63510
2017-03-30,1032.08970
2017-03-31,1032.69290
2017-04-03,1033.63570
2017-04-05,1027.25830
2017-04-06,1027.17290
2017-04-07,1027.17790
2017-04-10,1027.83510
2017-04-11,1028.16980
2017-04-12,1028.40620
2017-04-13,1028.72990
2017-04-17,1029.47280
2017-04-18,1029.61340
2017-04-19,1029.84390
2017-04-20,1030.07660
2017-04-21,1030.19210
2017-04-24,1030.72430
2017-04-25,1030.95040
2017-04-26,1030.97180
2017-04-27,1031.18550
2017-04-28,1031.30830
2017-05-02,1032.15810
2017-05-03,1026.20740
2017-05-04,1026.37970
2017-05-05,1026.55990
2017-05-08,1027.05520
2017-05-09,1027.25410
2017-05-11,1027.63820
2017-05-12,1027.78080
2017-05-15,1028.55940
2017-05-16,1028.76260
2017-05-17,1028.90260
2017-05-18,1029.07460
2017-05-19,1029.31730
2017-05-22,1029.89710
2017-05-23,1030.16410
2017-05-24,1030.41610
2017-05-25,1030.67710
2017-05-26,1030.94370
2017-05-29,1031.42800
2017-05-30,1031.62280
2017-05-31,1031.80120
2017-06-01,1032.16510
2017-06-02,1026.07300
2017-06-05,1026.58370
2017-06-06,1026.83270
2017-06-07,1027.45490
2017-06-08,1028.12910
2017-06-09,1028.40340
2017-06-12,1028.93950
2017-06-13,1029.22220
2017-06-14,1029.38030
2017-06-15,1029.67430
2017-06-16,1029.78390
2017-06-19,1030.36920
2017-06-20,1030.56100
2017-06-21,1030.76130
2017-06-22,1030.92020
2017-06-23,1031.09540
2017-06-27,1031.77920
2017-06-28,1031.79640
2017-06-29,1031.93280
2017-06-30,1032.02180
2017-07-03,1032.21300
2017-07-04,1025.99780
2017-07-05,1026.27520
2017-07-06,1026.51260
2017-07-07,1026.76410
2017-07-10,1027.73930
2017-07-11,1027.98120
2017-07-12,1028.24640
2017-07-13,1028.52590
2017-07-14,1028.71560
2017-07-17,1029.33560
2017-07-18,1029.60870
2017-07-19,1029.90950
2017-07-20,1030.13340
2017-07-21,1030.46760
2017-07-24,1031.04660
2017-07-25,1031.20140
2017-07-26,1031.37460
2017-07-27,1031.57080
2017-07-28,1031.72620
2017-07-31,1032.20940
2017-08-01,1032.39190
2017-08-02,1026.96670
2017-08-03,1027.38650
2017-08-04,1027.70660
2017-08-07,1028.20770
2017-08-08,1028.38750
2017-08-09,1028.56230
2017-08-10,1028.67380
2017-08-11,1028.83000
2017-08-14,1029.37550
2017-08-16,1029.66080
2017-08-18,1030.05910
2017-08-21,1030.58170
2017-08-22,1030.74560
2017-08-23,1030.92820
2017-08-24,1031.09370
2017-08-28,1031.81660
2017-08-29,1032.01900
2017-08-30,1032.19390
2017-08-31,1032.50130
2017-09-01,1032.94350
2017-09-04,1027.65720
2017-09-05,1027.82240
2017-09-06,1028.03760
2017-09-07,1028.18580
2017-09-08,1028.32630
2017-09-11,1028.89180
2017-09-12,1029.03260
2017-09-13,1029.14420
2017-09-14,1029.30380
2017-09-15,1029.32650
2017-09-18,1029.76850
2017-09-19,1029.96410
2017-09-20,1030.10450
2017-09-21,1030.00190
2017-09-22,1030.12560
2017-09-25,1030.71320
2017-09-26,1030.90200
2017-09-27,1031.05780
2017-09-28,1031.25590
2017-09-29,1031.42500
2017-10-03,1032.41740
2017-10-04,1026.49110
2017-10-05,1026.59790
2017-10-06,1026.76800
2017-10-09,1027.26120
2017-10-10,1027.47250
2017-10-11,1027.67160
2017-10-12,1027.89090
2017-10-13,1028.12730
2017-10-16,1028.68440
2017-10-17,1028.87180
2017-10-18,1029.05800
2017-10-23,1029.87230
2017-10-24,1030.07310
2017-10-25,1030.23990
2017-10-26,1030.38300
2017-10-27,1030.56390
2017-10-30,1031.04240
2017-10-31,1031.23580
2017-11-01,1031.42220
2017-11-02,1026.03960
2017-11-03,1026.23890
2017-11-06,1026.75660
2017-11-07,1026.89600
2017-11-08,1027.06340
2017-11-09,1027.24710
2017-11-10,1027.41440
2017-11-13,1027.92410
2017-11-14,1027.93190
2017-11-15,1028.07770
2017-11-16,1028.15470
2017-11-17,1028.36320
2017-11-20,1028.97540
2017-11-21,1029.18190
2017-11-22,1029.28010
2017-11-23,1029.40590
2017-11-24,1029.59540
2017-11-27,1030.07590
2017-11-28,1030.25010
2017-11-29,1030.42160
2017-11-30,1030.56480
2017-12-04,1031.18840
2017-12-05,1024.56540
2017-12-06,1024.73710
2017-12-07,1024.89320
2017-12-08,1025.16650
2017-12-11,1025.59590
2017-12-12,1025.72850
2017-12-13,1025.85810
2017-12-14,1025.95400
2017-12-15,1025.98550
2017-12-18,1026.46670
2017-12-19,1026.61960
2017-12-20,1026.57730
2017-12-21,1026.38480
2017-12-22,1026.55920
2017-12-26,1027.17780
2017-12-27,1027.25610
2017-12-28,1027.27390
2017-12-29,1027.62590
2018-01-01,1028.34740
2018-01-02,1023.00400
2018-01-03,1023.07250
2018-01-04,1022.98900
2018-01-05,1023.29120
2018-01-08,1023.85410
2018-01-09,1024.03090
2018-01-10,1024.10750
2018-01-11,1024.17600
2018-01-12,1024.27670
2018-01-15,1024.84120
2018-01-16,1024.79940
2018-01-17,1025.03360
2018-01-18,1025.16810
2018-01-19,1025.32380
2018-01-22,1025.80100
2018-01-23,1026.00730
2018-01-24,1026.14090
2018-01-25,1026.27960
2018-01-29,1026.96370
2018-01-30,1027.11470
2018-01-31,1027.33330
2018-02-01,1027.23570
2018-02-02,1022.95180
2018-02-05,1023.46290
2018-02-06,1023.71500
2018-02-07,1023.92460
2018-02-08,1024.17690
2018-02-09,1024.40100
2018-02-12,1024.96890
2018-02-14,1025.40470
2018-02-15,1025.53210
2018-02-16,1025.70670
2018-02-20,1026.28810
2018-02-21,1026.44860
2018-02-22,1026.42450
2018-02-23,1026.61420
2018-02-26,1027.13450
2018-02-27,1027.23960
2018-02-28,1027.39400
2018-03-01,1027.57000
2018-03-05,1023.55390
2018-03-06,1023.84970
2018-03-07,1024.39060
2018-03-08,1024.79800
2018-03-09,1024.98340
2018-03-12,1025.81940
2018-03-13,1026.22320
2018-03-14,1026.39360
2018-03-15,1026.66900
2018-03-16,1027.41900
2018-03-19,1027.95220
2018-03-20,1027.99420
2018-03-21,1027.98990
2018-03-22,1028.11380
2018-03-23,1028.31010
2018-03-26,1028.67990
2018-03-27,1029.47070
2018-03-28,1030.68600
2018-04-03,1032.16870
2018-04-04,1024.51150
2018-04-05,1025.22020
2018-04-06,1025.58270
2018-04-09,1026.16240
2018-04-10,1026.16060
2018-04-11,1025.93740
2018-04-12,1025.85330
2018-04-13,1026.02690
2018-04-16,1026.58740
2018-04-17,1026.71730
2018-04-18,1026.60770
2018-04-19,1026.47190
2018-04-20,1026.01940
2018-04-23,1026.14850
2018-04-24,1026.17460
2018-04-25,1025.98410
2018-04-26,1025.84660
2018-04-27,1025.67480
2018-05-02,1027.09900
2018-05-03,1022.71920
2018-05-04,1022.74110
2018-05-07,1023.53070
2018-05-08,1023.51920
2018-05-09,1023.35460
2018-05-10,1023.17430
2018-05-11,1023.20440
2018-05-14,1023.58180
2018-05-15,1023.32940
2018-05-16,1022.91480
2018-05-17,1022.83100
2018-05-18,1023.10990
2018-05-21,1023.51660
2018-05-22,1023.59260
2018-05-23,1023.83380
2018-05-24,1023.94930
2018-05-25,1024.31350
2018-05-28,1025.14060
2018-05-29,1025.66780
2018-05-30,1026.18200
2018-05-31,1026.09260
2018-06-01,1026.11760
2018-06-04,1023.14030
2018-06-05,1023.46900
2018-06-06,1023.96460
2018-06-07,1023.96700
2018-06-08,1024.19670
2018-06-11,1024.74770
2018-06-12,1024.96880
2018-06-13,1025.34730
2018-06-14,1025.87110
2018-06-15,1026.14940
2018-06-18,1027.10570
2018-06-19,1027.42100
2018-06-20,1027.71640
2018-06-21,1028.02130
2018-06-22,1028.25560
2018-06-25,1028.78520
2018-06-26,1028.93750
2018-06-27,1029.09340
2018-06-28,1029.16090
2018-06-29,1029.49750
2018-07-02,1030.37820
2018-07-03,1022.96880
2018-07-04,1023.28530
2018-07-05,1023.54610
2018-07-06,1023.78760
2018-07-09,1024.54680
2018-07-10,1024.85780
2018-07-11,1025.06730
2018-07-12,1025.34250
2018-07-13,1026.18560
2018-07-16,1026.71710
2018-07-17,1026.95800
2018-07-18,1027.19300
2018-07-19,1027.38380
2018-07-20,1027.49390
2018-07-23,1028.03740
2018-07-24,1028.16050
2018-07-25,1028.33420
2018-07-26,1028.52370
2018-07-27,1028.80270
2018-07-30,1029.46660
2018-07-31,1029.73050
2018-08-01,1030.04310
2018-08-02,1023.05850
2018-08-03,1023.27610
2018-08-06,1023.87500
2018-08-07,1024.00720
2018-08-08,1024.23600
2018-08-09,1024.48680
2018-08-10,1024.74040
2018-08-13,1025.19060
2018-08-14,1025.56140
2018-08-16,1025.95110
2018-08-20,1026.80180
2018-08-21,1026.98770
2018-08-23,1027.39950
2018-08-24,1027.50080
2018-08-27,1028.10890
2018-08-28,1028.29070
2018-08-29,1028.52380
2018-08-30,1028.62200
2018-08-31,1028.83100
2018-09-03,1029.46050
2018-09-04,1022.82430
2018-09-05,1022.80090
2018-09-06,1023.02400
2018-09-07,1023.28540
2018-09-10,1023.27260
2018-09-11,1023.28740
2018-09-12,1023.29990
2018-09-14,1023.75100
2018-09-17,1024.20090
2018-09-18,1024.32400
2018-09-19,1024.33910
2018-09-21,1024.43430
2018-09-24,1023.99990
2018-09-25,1022.98350
2018-09-26,1023.24660
2018-09-27,1024.62450
2018-09-28,1025.02670
2018-10-01,1025.97870
2018-10-03,1023.03770
2018-10-04,1022.86750
2018-10-05,1024.20180
2018-10-08,1024.78290
2018-10-09,1024.33330
2018-10-10,1024.40930
2018-10-11,1024.75190
2018-10-12,1024.90560
2018-10-15,1025.68330
2018-10-16,1025.84620
2018-10-17,1026.01920
2018-10-19,1026.47690
2018-10-22,1027.06530
2018-10-23,1027.14240
2018-10-24,1027.42950
2018-10-25,1027.54310
2018-10-26,1027.66210
2018-10-29,1028.29190
2018-10-30,1028.46900
2018-10-31,1028.44950
2018-11-01,1028.65900
2018-11-02,1023.19190
2018-11-05,1023.79610
2018-11-06,1024.03440
2018-11-09,1024.72870
2018-11-12,1025.37700
2018-11-13,1025.68930
2018-11-14,1026.14810
2018-11-15,1026.51550
2018-11-16,1026.85020
2018-11-19,1027.53960
2018-11-20,1027.82700
2018-11-22,1028.36670
2018-11-26,1029.22270
2018-11-27,1029.44790
2018-11-28,1029.63780
2018-11-29,1030.01220
2018-11-30,1030.30560
2018-12-03,1031.39280
2018-12-04,1022.99000
2018-12-05,1023.71240
2018-12-06,1024.12650
2018-12-07,1024.54920
2018-12-10,1024.64990
2018-12-11,1024.68640
2018-12-12,1025.34060
2018-12-13,1025.61170
2018-12-14,1025.70480
2018-12-17,1026.29410
2018-12-18,1027.01950
2018-12-19,1027.84910
2018-12-20,1027.98020
2018-12-21,1028.19000
2018-12-24,1028.82060
2018-12-26,1029.30180
2018-12-27,1029.53570
2018-12-28,1029.43510
2018-12-31,1030.22370
2019-01-01,1030.37270
2019-01-02,1023.15390
2019-01-03,1023.32890
2019-01-04,1023.51910
2019-01-07,1024.11290
2019-01-08,1024.52550
2019-01-09,1024.73570
2019-01-10,1025.01150
2019-01-11,1025.27440
2019-01-14,1026.05760
2019-01-15,1026.28590
2019-01-16,1026.41570
2019-01-17,1026.70190
2019-01-18,1026.71870
2019-01-21,1027.02250
2019-01-22,1027.48690
2019-01-23,1027.72460
2019-01-24,1027.94420
2019-01-25,1028.15610
2019-01-28,1028.79850
2019-01-29,1029.01740
2019-01-30,1029.09360
2019-01-31,1028.83190
2019-02-01,1028.61000
2019-02-04,1023.17120
2019-02-05,1023.45560
2019-02-06,1023.69480
2019-02-07,1024.45930
2019-02-08,1024.70840
2019-02-11,1025.32010
2019-02-12,1025.31750
2019-02-13,1026.01940
2019-02-14,1026.07230
2019-02-15,1025.97730
2019-02-18,1026.42190
2019-02-20,1026.88280
2019-02-21,1027.08490
2019-02-22,1027.22260
2019-02-25,1027.84490
2019-02-26,1027.92320
2019-02-27,1027.90980
2019-02-28,1028.27050
2019-03-01,1028.54900
2019-03-05,1023.68140
2019-03-06,1024.02060
2019-03-07,1024.30180
2019-03-08,1024.63100
2019-03-11,1025.27850
2019-03-12,1025.70180
2019-03-13,1026.06260
2019-03-14,1026.73090
2019-03-15,1026.94220
2019-03-18,1027.77190
2019-03-19,1027.78940
2019-03-20,1027.90720
2019-03-22,1028.37310
2019-03-25,1029.48010
2019-03-26,1029.61860
2019-03-27,1030.04600
2019-03-28,1030.56460
2019-03-29,1032.22540
2019-04-02,1033.72490
2019-04-03,1023.69210
2019-04-04,1023.57110
2019-04-05,1023.72340
2019-04-08,1024.32700
2019-04-09,1024.34870
2019-04-10,1024.52200
2019-04-11,1024.55560
2019-04-12,1024.82970
2019-04-15,1025.20280
2019-04-16,1025.38430
2019-04-18,1025.32310
2019-04-22,1026.04930
2019-04-23,1026.14020
2019-04-24,1026.01960
2019-04-25,1026.14230
2019-04-26,1026.34950
2019-04-30,1027.21500
2019-05-02,1027.49050
2019-05-03,1022.14200
2019-05-06,1021.96880
2019-05-07,1022.32670
2019-05-08,1022.64430
2019-05-09,1022.86190
2019-05-10,1023.13150
2019-05-13,1022.03750
2019-05-14,1021.37060
2019-05-15,1020.52710
2019-05-16,1020.90610
2019-05-17,1021.43270
2019-05-20,1022.25980
2019-05-21,1022.43610
2019-05-22,1022.44210
2019-05-23,1023.43540
2019-05-24,1024.00590
2019-05-27,1025.43710
2019-05-28,1025.48680
2019-05-29,1025.80620
2019-05-30,1024.54840
2019-05-31,1025.42870
2019-06-03,1026.65260
2019-06-04,932.76990
2019-06-06,899.41090
2019-06-07,898.51210
2019-06-10,898.71010
2019-06-11,910.87610
2019-06-12,911.15420
2019-06-13,911.34640
2019-06-14,911.69450
2019-06-17,912.08210
2019-06-18,912.74750
2019-06-19,912.92840
2019-06-20,913.25100
2019-06-21,913.21520
2019-06-24,913.73060
2019-06-25,913.59830
2019-06-26,913.44570
2019-06-27,913.41820
2019-06-28,912.74160
2019-07-01,913.22400
2019-07-02,913.45170
2019-07-03,913.79430
2019-07-04,914.15810
2019-07-05,915.17000
2019-07-08,916.30490
2019-07-09,916.57110
2019-07-10,916.95280
2019-07-11,917.30690
2019-07-12,917.50490
2019-07-15,918.39310
2019-07-16,919.17230
2019-07-17,919.55750
2019-07-18,919.77270
2019-07-19,920.07670
2019-07-22,920.14640
2019-07-23,920.09340
2019-07-24,920.36580
2019-07-25,920.23840
2019-07-26,920.38660
2019-07-29,921.29790
2019-07-30,921.83540
2019-07-31,922.42980
2019-08-01,922.84230
2019-08-02,923.51960
2019-08-05,923.73180
2019-08-06,923.88730
2019-08-07,924.58850
2019-08-08,925.36850
2019-08-09,925.40020
2019-08-13,925.78640
2019-08-14,925.49900
2019-08-16,925.95090
2019-08-19,926.52500
2019-08-20,926.77750
2019-08-21,927.20700
2019-08-22,927.51530
2019-08-23,927.79620
2019-08-26,928.47030
2019-08-27,928.88380
2019-08-28,929.08290
2019-08-29,929.16760
2019-08-30,929.25320
2019-09-03,930.32330
2019-09-04,930.60730
2019-09-05,930.62410
2019-09-06,930.79510
2019-09-09,931.36740
2019-09-11,931.52090
2019-09-12,931.74280
2019-09-13,932.03620
2019-09-16,932.33710
2019-09-17,932.25580
2019-09-18,932.59210
2019-09-19,932.80300
2019-09-20,931.74580
2019-09-23,932.24490
2019-09-24,932.29180
2019-09-25,932.44990
2019-09-26,932.64520
2019-09-27,932.81390
2019-09-30,933.61560
2019-10-01,934.14730
2019-10-03,934.83530
2019-10-04,935.23420
2019-10-07,935.74930
2019-10-09,936.05900
2019-10-10,936.10940
2019-10-11,936.59330
2019-10-14,937.26120
2019-10-15,937.55480
2019-10-16,938.05370
2019-10-17,938.27280
2019-10-18,938.48430
2019-10-22,939.25430
2019-10-23,939.60940
2019-10-24,939.88270
2019-10-25,940.10790
2019-10-29,940.91040
2019-10-30,941.48360
2019-10-31,942.09150
2019-11-01,942.39070
2019-11-04,942.75720
2019-11-05,942.75820
2019-11-06,942.65460
2019-11-07,942.87040
2019-11-08,942.82850
2019-11-11,943.30230
2019-11-13,943.81070
2019-11-14,944.03130
2019-11-15,944.41620
2019-11-18,945.24900
2019-11-19,945.66890
2019-11-20,946.04970
2019-11-21,946.25620
2019-11-22,946.43330
2019-11-25,947.02840
2019-11-26,947.12400
2019-11-27,947.30270
2019-11-28,947.54610
2019-11-29,947.74970
2019-12-02,948.28150
2019-12-03,948.47120
2019-12-04,948.73790
2019-12-05,947.84320
2019-12-06,947.80570
2019-12-09,947.99870
2019-12-10,948.31590
2019-12-11,948.35890
2019-12-12,948.48360
2019-12-13,948.43250
2019-12-16,948.95270
2019-12-17,949.18510
2019-12-18,949.36020
2019-12-19,949.53650
2019-12-20,949.72400
2019-12-23,950.15630
2019-12-24,950.14740
2019-12-26,950.15260
2019-12-27,950.38930
2019-12-30,950.77200
2019-12-31,950.86780
2020-01-01,951.23300
2020-01-02,951.49440
2020-01-03,951.92980
2020-01-06,952.27760
2020-01-07,952.51570
2020-01-08,952.79540
2020-01-09,953.03460
2020-01-10,953.10050
2020-01-13,953.50320
2020-01-14,953.37020
2020-01-15,953.58070
2020-01-16,953.71820
2020-01-17,953.93920
2020-01-20,954.37730
2020-01-21,954.53770
2020-01-22,954.83010
2020-01-23,955.05120
2020-01-24,955.29740
2020-01-27,955.80450
2020-01-28,956.04240
2020-01-29,956.12660
2020-01-30,956.45260
2020-01-31,956.55980
2020-02-03,957.34470
2020-02-04,957.61060
2020-02-05,957.73580
2020-02-06,958.95820
2020-02-07,959.57870
2020-02-10,960.18600
2020-02-11,960.35600
2020-02-12,960.59720
2020-02-13,961.11480
2020-02-14,961.41340
2020-02-17,961.77650
2020-02-18,961.67020
2020-02-20,961.85860
2020-02-24,962.43720
2020-02-25,962.39040
2020-02-26,962.75240
2020-02-27,962.72230
2020-02-28,962.30060
2020-03-02,962.74870
2020-03-03,963.07810
2020-03-04,964.00550
2020-03-05,964.30420
2020-03-06,964.36260
2020-03-09,964.04360
2020-03-11,963.68250
2020-03-12,962.00140
2020-03-13,960.46950
2020-03-16,960.38290
2020-03-17,959.40710
2020-03-18,958.30060
2020-03-19,954.96560
2020-03-20,956.12050
2020-03-23,954.22460
2020-03-24,953.81870
2020-03-26,955.29580
2020-03-27,965.66330
2020-03-30,965.70540
2020-03-31,966.63090
2020-04-03,966.69250
2020-04-07,966.56840
2020-04-08,966.32120
2020-04-09,966.38370
2020-04-13,966.88830
2020-04-15,967.53750
2020-04-16,968.52280
2020-04-17,970.58330
2020-04-20,972.13230
2020-04-21,972.87690
2020-04-22,973.35780
2020-04-23,974.12700
2020-04-24,972.08010
2020-04-27,971.93800
2020-04-28,971.40630
2020-04-29,971.55990
2020-04-30,971.84750
2020-05-04,972.96130
2020-05-05,973.35050
2020-05-06,974.41190
2020-05-08,975.33970
2020-05-11,975.79780
2020-05-12,976.57490
2020-05-13,977.33550
2020-05-14,978.52880
2020-05-15,978.91690
2020-05-18,979.66260
2020-05-19,980.44430
2020-05-20,981.21330
2020-05-21,981.80890
2020-05-22,983.49480
2020-05-26,984.45690
2020-05-27,984.37830
2020-05-28,984.49700
2020-05-29,984.38580
2020-06-01,984.47230
2020-06-02,984.47870
2020-06-03,984.80430
2020-06-04,984.92720
2020-06-05,984.95620
2020-06-08,985.09400
2020-06-09,985.29360
2020-06-10,985.71390
2020-06-11,986.22570
2020-06-12,986.75290
2020-06-15,987.50410
2020-06-16,988.30990
2020-06-17,988.42370
2020-06-18,989.31330
2020-06-19,990.66010
2020-06-22,991.04900
2020-06-23,991.68890
2020-06-24,991.93930
2020-06-25,992.48280
2020-06-26,992.84420
2020-06-29,993.44100
2020-06-30,993.67870
2020-07-01,994.34090
2020-07-02,994.92080
2020-07-03,995.65090
2020-07-06,996.26650
2020-07-07,996.75600
2020-07-08,997.62820
2020-07-09,997.90600
2020-07-10,998.31570
2020-07-13,998.97100
2020-07-14,998.85750
2020-07-15,999.27160
2020-07-16,999.42130
2020-07-17,999.67940
2020-07-20,1000.06200
2020-07-21,999.98320
2020-07-22,999.83640
2020-07-23,1000.08300
2020-07-24,1000.15160
2020-07-27,1000.12420
2020-07-28,999.95740
2020-07-29,1000.30120
2020-07-30,1000.46820
2020-07-31,1000.77730
2020-08-03,1001.06630
2020-08-04,1001.21080
2020-08-05,1001.40360
2020-08-06,1001.39520
2020-08-07,1001.34770
2020-08-10,1001.55510
2020-08-11,1001.61240
2020-08-12,1001.67610
2020-08-13,1002.04910
2020-08-14,1002.02340
2020-08-17,1002.30920
2020-08-18,1002.44580
2020-08-19,1002.52790
2020-08-20,1002.85750
2020-08-21,1002.39480
2020-08-24,1002.10530
2020-08-25,1002.25030
2020-08-26,1002.33330
2020-08-27,1002.41830
2020-08-28,1002.35550
2020-08-31,1003.39580
2020-09-01,1004.16260
2020-09-02,1004.35530
2020-09-03,1004.65690
2020-09-04,1004.85950
2020-09-07,1004.95650
2020-09-08,1004.45660
2020-09-09,1004.56090
2020-09-10,1004.46630
2020-09-11,1004.40170
2020-09-14,1004.59520
2020-09-15,1004.62110
2020-09-16,1005.06970
2020-09-17,1005.25450
2020-09-18,1005.51570
2020-09-21,1005.93200
2020-09-22,1006.09270
2020-09-23,1006.18230
2020-09-24,1006.31980
2020-09-25,1006.43290
2020-09-28,1006.59420
2020-09-29,1006.63220
2020-09-30,1007.05930
2020-10-01,1007.37160
2020-10-05,1007.96620
2020-10-06,1008.43830
2020-10-07,1008.84570
2020-10-08,1009.16040
2020-10-09,1009.97600
2020-10-12,1010.40040
2020-10-13,1010.71600
2020-10-14,1010.80860
2020-10-15,1011.16020
2020-10-16,1011.30560
2020-10-19,1011.76760
2020-10-20,1012.29480
2020-10-21,1012.23560
2020-10-22,1012.43440
2020-10-23,1012.55530
2020-10-26,1012.97250
2020-10-27,1013.01030
2020-10-28,1012.96910
2020-10-29,1013.09620
2020-11-02,1013.47950
2020-11-03,1013.59480
2020-11-04,1013.80520
2020-11-05,1014.14910
2020-11-06,1014.34670
2020-11-09,1014.59490
2020-11-10,1014.65270
2020-11-11,1014.81560
2020-11-12,1015.00680
2020-11-13,1015.23360
2020-11-17,1015.62710
2020-11-18,1015.87800
2020-11-19,1016.26090
2020-11-20,1016.35260
2020-11-23,1016.60840
2020-11-24,1016.65420
2020-11-25,1016.82270
2020-11-26,1017.06930
2020-11-27,1017.14250
2020-12-01,1017.40510
2020-12-02,1017.34010
2020-12-03,1017.29720
2020-12-04,1017.51170
2020-12-07,1017.88200
2020-12-08,1017.84640
2020-12-09,1018.03990
2020-12-10,1018.04260
2020-12-11,1017.94080
2020-12-14,1018.32350
2020-12-15,1018.43070
2020-12-16,1018.47670
2020-12-17,1018.56710
2020-12-18,1018.66770
2020-12-21,1018.92270
2020-12-22,1018.94140
2020-12-23,1019.02070
2020-12-24,1019.13120
2020-12-28,1019.58920
2020-12-29,1019.78700
2020-12-30,1020.01610
2020-12-31,1020.11550
2021-01-01,1020.45920
2021-01-04,1020.94300
2021-01-05,1021.29740
2021-01-06,1021.29560
2021-01-07,1021.36370
2021-01-08,1021.52980
2021-01-11,1020.96460
2021-01-12,1020.73830
2021-01-13,1020.50980
2021-01-14,1020.06300
2021-01-15,1020.01840
2021-01-18,1019.95570
2021-01-19,1020.01780
2021-01-20,1020.30180
2021-01-21,1020.37530
2021-01-22,1020.32280
2021-01-25,1020.53110
2021-01-27,1020.67380
2021-01-28,1020.86210
2021-01-29,1021.11760
2021-02-01,1020.93900
2021-02-02,1020.99020
2021-02-03,1021.13020
2021-02-04,1021.21460
2021-02-05,1021.00770
2021-02-08,1021.41030
2021-02-09,1021.43510
2021-02-10,1021.39450
2021-02-11,1021.58080
2021-02-12,1021.84080
2021-02-15,1022.08680
2021-02-16,1022.47510
2021-02-17,1022.60210
2021-02-18,1022.92900
2021-02-22,1023.14970
2021-02-23,1023.04830
2021-02-24,1023.18530
2021-02-25,1023.29720
2021-02-26,1023.33700
2021-03-01,1023.58430
2021-03-02,1023.65790
2021-03-03,1023.83600
2021-03-04,1023.86660
2021-03-05,1023.81810
2021-03-08,1024.07020
2021-03-09,1024.21470
2021-03-10,1024.36110
2021-03-12,1024.46580
2021-03-15,1024.56570
2021-03-16,1024.68790
2021-03-17,1024.83650
2021-03-18,1024.92980
2021-03-19,1025.28150
2021-03-22,1025.86890
2021-03-23,1026.38860
2021-03-24,1026.87550
2021-03-25,1027.12490
2021-03-26,1027.33690
2021-03-30,1027.96470
2021-03-31,1028.31200
2021-04-05,1029.10560
2021-04-06,1029.51540
2021-04-07,1029.38460
2021-04-08,1029.41510
2021-04-09,1029.52630
2021-04-12,1029.82830
2021-04-15,1030.03100
2021-04-16,1030.08730
2021-04-19,1030.49010
2021-04-20,1030.67820
2021-04-22,1030.98790
2021-04-23,1031.24990
2021-04-26,1031.91830
2021-04-27,1032.04610
2021-04-28,1032.32990
2021-04-29,1032.43890
2021-04-30,1032.65430
2021-05-03,1033.01820
2021-05-04,1033.12600
2021-05-05,1033.27720
2021-05-06,1033.43720
2021-05-07,1033.48370
2021-05-10,1033.76660
2021-05-11,1033.89620
2021-05-12,1033.98440
2021-05-14,1034.00640
2021-05-17,1034.30970
2021-05-18,1034.48320
2021-05-19,1034.53530
2021-05-20,1034.71030
2021-05-21,1034.99290
2021-05-24,1035.26450
2021-05-25,1035.39570
2021-05-27,1035.51280
2021-05-28,1035.52280
2021-05-31,1035.72270
2021-06-01,1035.78980
2021-06-02,1035.84600
2021-06-03,1036.24570
2021-06-04,1036.44520
2021-06-07,1036.98970
2021-06-08,1037.24490
2021-06-09,1037.58380
2021-06-10,1037.75920
2021-06-11,1038.00580
2021-06-14,1038.27770
2021-06-15,1038.11690
2021-06-16,1037.70580
2021-06-17,1037.71930
2021-06-18,1038.03650
2021-06-21,1038.40350
2021-06-22,1038.70380
2021-06-23,1038.74570
2021-06-24,1038.97010
2021-06-25,1039.02800
2021-06-28,1039.07630
2021-06-29,1039.15970
2021-06-30,1039.19230
2021-07-01,1039.24130
2021-07-02,1039.47080
2021-07-05,1039.95690
2021-07-06,1040.05190
2021-07-07,1040.20710
2021-07-08,1040.46260
2021-07-09,1040.50340
2021-07-12,1040.75830
2021-07-13,1041.13470
2021-07-14,1041.33270
2021-07-15,1041.51980
2021-07-16,1041.88890
2021-07-19,1042.24440
2021-07-20,1042.48140
2021-07-22,1042.46020
2021-07-23,1042.70240
2021-07-26,1043.13520
2021-07-27,1043.49910
2021-07-28,1043.57180
2021-07-29,1043.71860
2021-07-30,1043.68010
2021-08-02,1044.25150
2021-08-03,1044.32550
2021-08-04,1044.43730
2021-08-05,1044.64840
2021-08-06,1044.73190
2021-08-09,1045.29620
2021-08-10,1045.78040
2021-08-11,1045.75790
2021-08-12,1045.87360
2021-08-13,1046.33250
2021-08-17,1046.98870
2021-08-18,1047.37640
2021-08-20,1047.67630
2021-08-23,1048.24180
2021-08-24,1048.31310
2021-08-25,1048.48910
2021-08-26,1048.42070
2021-08-27,1049.19280
2021-08-30,1049.62390
2021-08-31,1049.71590
2021-09-01,1050.04860
2021-09-02,1050.20780
2021-09-03,1050.38680
2021-09-06,1050.60450
2021-09-07,1050.51170
2021-09-08,1050.59710
2021-09-09,1050.62470
2021-09-13,1050.92730
2021-09-14,1051.00630
2021-09-15,1051.32050
2021-09-16,1051.37100
2021-09-17,1051.48520
2021-09-20,1051.76320
2021-09-21,1051.86090
2021-09-22,1076.62530
2021-09-23,1076.80990
2021-09-24,1076.61070
2021-09-27,1076.91350
2021-09-28,1077.22110
2021-09-29,1099.53940
2021-09-30,1099.86090
2021-10-01,1100.13380
2021-10-04,1100.36530
2021-10-05,1100.35370
2021-10-06,1100.34120
2021-10-07,1100.46720
2021-10-08,1100.83660
2021-10-11,1101.48350
2021-10-12,1101.92080
2021-10-13,1102.02970
2021-10-14,1104.29430
2021-10-18,1105.13270
2021-10-20,1105.65940
2021-10-21,1105.48390
2021-10-22,1105.27890
2021-10-25,1105.58470
2021-10-26,1105.78930
2021-10-27,1105.80050
2021-10-28,1105.50300
2021-10-29,1105.51590
2021-11-01,1105.68820
2021-11-02,1105.73830
2021-11-03,1105.86170
2021-11-08,1106.79890
2021-11-09,1107.11200
2021-11-10,1106.92560
2021-11-11,1107.18320
2021-11-12,1107.18790
2021-11-15,1107.42480
2021-11-16,1107.51200
2021-11-17,1107.59140
2021-11-18,1107.57940
2021-11-22,1107.96900
2021-11-23,1108.03420
2021-11-24,1108.15340
2021-11-25,1108.22870
2021-11-26,1108.33980
2021-11-29,1108.39490
2021-11-30,1108.46800
2021-12-01,1108.38840
2021-12-02,1108.53810
2021-12-03,1108.62530
2021-12-06,1108.97600
2021-12-07,1109.00720
2021-12-08,1109.33240
2021-12-09,1109.40770
2021-12-10,1109.51610
2021-12-13,1109.87350
2021-12-14,1109.91820
2021-12-15,1110.00970
2021-12-16,1110.01660
2021-12-17,1110.02070
2021-12-20,1110.23020
2021-12-21,1110.24440
2021-12-22,1110.26650
2021-12-23,1110.44500
2021-12-24,1110.56850
2021-12-27,1110.92220
2021-12-28,1110.94490
2021-12-29,1111.10320
2021-12-30,1111.21890
2021-12-31,1111.46470
2022-01-03,1111.86670
2022-01-04,1111.69440
2022-01-05,1111.80330
2022-01-06,1111.82860
2022-01-07,1111.97570
2022-01-10,1112.20510
2022-01-11,1112.59070
2022-01-12,1112.81360
2022-01-13,1113.09050
2022-01-14,1113.30810
2022-01-17,1113.57680
2022-01-18,1113.68900
2022-01-19,1113.73320
2022-01-20,1113.85570
2022-01-21,1114.02470
2022-01-24,1114.38540
2022-01-25,1114.54050
2022-01-27,1114.54690
2022-01-28,1114.70600
2022-01-31,1115.18330
2022-02-01,1114.53960
2022-02-02,1114.22500
2022-02-03,1114.31550
2022-02-04,1114.53070
2022-02-08,1115.00890
2022-02-09,1115.16970
2022-02-10,1116.14960
2022-02-11,1116.46080
2022-02-14,1116.94330
2022-02-15,1116.99140
2022-02-16,1117.11950
2022-02-17,1117.31670
2022-02-18,1117.44190
2022-02-21,1117.71560
2022-02-22,1117.63360
2022-02-23,1117.77280
2022-02-24,1117.74670
2022-02-25,1117.88630
2022-02-28,1118.05340
2022-03-02,1118.06140
2022-03-03,1117.76500
2022-03-04,1117.95970
2022-03-07,1117.99880
2022-03-08,1118.26320
2022-03-09,1118.34100
2022-03-10,1118.49070
2022-03-11,1118.70510
2022-03-14,1119.44360
2022-03-15,1119.88600
2022-03-16,1120.10150
2022-03-17,1120.21580
2022-03-21,1120.86460
2022-03-22,1120.94800
2022-03-23,1121.11720
2022-03-24,1121.49120
2022-03-25,1121.85230
2022-03-28,1122.25760
2022-03-29,1122.38520
2022-03-30,1122.61420
2022-03-31,1122.90720
2022-04-04,1123.54970
2022-04-05,1123.66190
2022-04-06,1123.85200
2022-04-07,1124.04710
2022-04-08,1122.91440
2022-04-11,1122.88150
2022-04-12,1123.05130
2022-04-13,1122.52620
2022-04-18,1123.24780
2022-04-19,1123.64110
2022-04-20,1123.92650
2022-04-21,1124.35020
2022-04-22,1124.52780
2022-04-25,1125.10240
2022-04-26,1125.25410
2022-04-27,1125.37780
2022-04-28,1125.39860
2022-04-29,1125.43820
2022-05-02,1125.89800
2022-05-04,1123.27110
2022-05-05,1122.22560
2022-05-06,1121.84990
2022-05-09,1122.18090
2022-05-10,1122.47030
2022-05-11,1122.59380
2022-05-12,1122.72870
2022-05-13,1122.38010
2022-05-17,1122.99610
2022-05-18,1123.23300
2022-05-19,1123.38420
2022-05-20,1123.53270
2022-05-23,1124.12310
2022-05-24,1124.45220
2022-05-25,1124.55270
2022-05-26,1124.58140
2022-05-27,1124.87960
2022-05-30,1125.25960
2022-05-31,1125.39610
2022-06-01,1125.62920
2022-06-02,1125.67750
2022-06-03,1125.82830
2022-06-06,1126.07190
2022-06-07,1125.44340
2022-06-08,1126.40960
2022-06-09,1126.52540
2022-06-10,1126.64390
2022-06-13,1126.91910
2022-06-14,1126.78030
2022-06-15,1126.71680
2022-06-16,1126.84730
2022-06-17,1126.97790
2022-06-20,1127.60060
2022-06-21,1127.92590
2022-06-22,1128.21920
2022-06-23,1128.48900
2022-06-24,1128.68400
2022-06-27,1129.21130
2022-06-28,1129.34810
2022-06-29,1129.45490
2022-06-30,1129.80570
2022-07-01,1130.20480
2022-07-04,1130.90030
2022-07-05,1131.24520
2022-07-06,1131.81060
2022-07-07,1131.92390
2022-07-08,1131.96170
2022-07-11,1132.39070
2022-07-12,1132.51970
2022-07-13,1132.82810
2022-07-14,1132.94930
2022-07-15,1133.08130
2022-07-18,1133.51660
2022-07-19,1133.53870
2022-07-20,1133.55030
2022-07-21,1133.61090
2022-07-22,1133.75510
2022-07-25,1134.33200
2022-07-26,1134.43000
2022-07-27,1134.37530
2022-07-28,1134.63890
2022-07-29,1134.99410
2022-08-01,1135.80040
2022-08-02,1136.29190
2022-08-03,1136.27790
2022-08-04,1136.46780
2022-08-05,1136.16140
2022-08-08,1136.53660
2022-08-10,1137.20230
2022-08-11,1137.39740
2022-08-12,1137.55020
2022-08-17,1138.77130
2022-08-18,1138.93890
2022-08-19,1139.00750
2022-08-22,1139.50170
2022-08-23,1139.68210
2022-08-24,1139.78460
2022-08-25,1139.86960
2022-08-26,1140.17750
2022-08-29,1140.61870
2022-08-30,1140.82510
2022-09-01,1141.26490
2022-09-02,1141.43000
2022-09-05,1141.99010
2022-09-06,1142.20080
2022-09-07,1142.31040
2022-09-08,1142.66630
2022-09-09,1142.75800
2022-09-12,1143.09180
2022-09-13,1143.36450
2022-09-14,1143.14320
2022-09-15,1142.83010
2022-09-16,1142.66510
2022-09-19,1143.19240
2022-09-20,1142.92440
2022-09-21,1143.06390
2022-09-22,1142.81880
2022-09-23,1142.42540
2022-09-26,1142.50880
2022-09-27,1142.41090
2022-09-28,1142.47400
2022-09-29,1143.02240
2022-09-30,1143.56450
2022-10-03,1144.37260
2022-10-04,1144.91100
2022-10-06,1145.12140
2022-10-07,1145.03650
2022-10-10,1145.29110
2022-10-11,1145.16220
2022-10-12,1145.21930
2022-10-13,1145.37250
2022-10-14,1145.35450
2022-10-17,1146.17980
2022-10-18,1146.40410
2022-10-19,1146.54510
2022-10-20,1146.62740
2022-10-21,1146.70220
2022-10-25,1147.67760
2022-10-27,1148.16220
2022-10-28,1148.31010
2022-10-31,1148.81140
2022-11-01,1149.09250
2022-11-02,1149.27790
2022-11-03,1149.46670
2022-11-04,1149.69190
2022-11-07,1150.30010
2022-11-09,1150.73740
2022-11-10,1150.94030
2022-11-11,1151.23660
2022-11-14,1151.77010
2022-11-15,1152.01950
2022-11-16,1152.25740
2022-11-17,1152.43610
2022-11-18,1152.64140
2022-11-21,1153.23670
2022-11-22,1153.47970
2022-11-23,1153.69650
2022-11-24,1153.87930
2022-11-25,1154.08550
2022-11-28,1154.75230
2022-11-29,1154.97950
2022-11-30,1155.19970
2022-12-01,1155.44070
2022-12-02,1155.69330
2022-12-05,1156.19260
2022-12-06,1156.36690
2022-12-07,1156.39240
2022-12-08,1156.58090
2022-12-09,1156.77530
2022-12-12,1157.42970
2022-12-13,1157.72620
2022-12-14,1158.06780
2022-12-15,1158.13550
2022-12-16,1158.29720
2022-12-19,1158.91390
2022-12-20,1159.02170
2022-12-21,1159.26690
2022-12-22,1159.36960
2022-12-23,1159.55340
2022-12-26,1160.08330
2022-12-27,1160.37650
2022-12-28,1160.58150
2022-12-29,1160.86870
2022-12-30,1161.26570
2023-01-02,1161.90170
2023-01-03,1162.05620
2023-01-04,1162.24320
2023-01-05,1162.49220
2023-01-06,1162.71620
2023-01-09,1163.45050
2023-01-10,1163.54590
2023-01-11,1163.74450
2023-01-12,1163.97060
2023-01-13,1164.19470
2023-01-16,1164.70800
2023-01-17,1164.95140
2023-01-18,1165.11860
2023-01-19,1165.35960
2023-01-20,1165.47120
2023-01-23,1166.11230
2023-01-24,1166.27460
2023-01-25,1166.49220
2023-01-27,1166.83130
2023-01-30,1167.20130
2023-01-31,1167.39300
2023-02-01,1167.99360
2023-02-02,1168.25260
2023-02-03,1168.48690
2023-02-06,1169.06100
2023-02-07,1169.30670
2023-02-08,1169.19790
2023-02-09,1169.34500
2023-02-10,1169.59620
2023-02-13,1170.31470
2023-02-14,1170.20630
2023-02-15,1170.46740
2023-02-16,1170.70780
2023-02-17,1170.75360
2023-02-20,1171.42990
2023-02-21,1171.65040
2023-02-22,1171.70420
2023-02-23,1171.89630
2023-02-24,1172.06940
2023-02-27,1172.48380
2023-02-28,1172.57820
2023-03-01,1172.72580
2023-03-02,1172.83700
2023-03-03,1173.03500
2023-03-06,1173.50840
2023-03-08,1173.75230
2023-03-09,1173.97900
2023-03-10,1174.45420
2023-03-13,1175.79580
2023-03-14,1176.26620
2023-03-15,1176.46870
2023-03-16,1176.57630
2023-03-17,1176.69520
2023-03-20,1177.67210
2023-03-21,1177.91180
2023-03-23,1178.56940
2023-03-24,1178.66970
2023-03-27,1179.16270
2023-03-28,1179.31390
2023-03-29,1180.04710
2023-03-31,1181.21760
2023-04-03,1181.95070
2023-04-05,1182.53850
2023-04-06,1183.78690
2023-04-10,1184.81430
2023-04-11,1185.01950
2023-04-12,1185.50780
2023-04-13,1185.73910
2023-04-17,1186.60500
2023-04-18,1186.97150
2023-04-19,1187.32620
2023-04-20,1187.56120
2023-04-21,1187.89610
2023-04-24,1188.65090
2023-04-25,1188.96620
2023-04-26,1189.22230
2023-04-27,1189.44470
2023-04-28,1189.48360
2023-05-02,1190.24460
2023-05-03,1190.74790
2023-05-04,1190.89070
2023-05-08,1191.82480
2023-05-09,1191.99730
2023-05-10,1192.12030
2023-05-11,1192.34230
2023-05-12,1192.57870
2023-05-15,1193.34830
2023-05-16,1193.89350
2023-05-17,1194.29970
2023-05-18,1194.53060
2023-05-19,1194.77940
2023-05-22,1196.05610
2023-05-23,1195.90560
2023-05-24,1196.10050
2023-05-25,1196.29490
2023-05-26,1196.52410
2023-05-29,1196.99150
2023-05-30,1197.29000
2023-05-31,1197.45650
2023-06-01,1197.84320
2023-06-02,1198.14450
2023-06-05,1198.75300
2023-06-06,1199.12300
2023-06-07,1199.33710
2023-06-08,1199.34680
2023-06-09,1199.30890
2023-06-12,1199.93120
2023-06-13,1200.25100
2023-06-14,1200.43550
2023-06-15,1200.64990
2023-06-16,1200.91560
2023-06-19,1201.58340
2023-06-20,1201.89850
2023-06-21,1202.13310
2023-06-22,1202.23070
2023-06-23,1202.40310
2023-06-26,1202.97860
2023-06-27,1203.08040
2023-06-28,1203.40200
2023-06-30,1203.86750
2023-07-03,1204.52820
2023-07-04,1204.97230
2023-07-05,1205.23260
2023-07-06,1205.38890
2023-07-07,1205.49840
2023-07-10,1206.08440
2023-07-11,1206.44170
2023-07-12,1206.72260
2023-07-13,1207.23960
2023-07-14,1207.60750
2023-07-17,1208.28200
2023-07-18,1208.65810
2023-07-19,1208.90820
2023-07-20,1209.09850
2023-07-21,1209.16920
2023-07-24,1209.81170
2023-07-25,1209.96540
2023-07-26,1210.23400
2023-07-27,1210.53000
2023-07-28,1210.49770
2023-07-31,1211.12870
2023-08-01,1211.40050
2023-08-02,1211.63710
2023-08-03,1211.78210
2023-08-04,1211.93870
2023-08-07,1212.61250
2023-08-08,1212.71740
2023-08-09,1212.93160
2023-08-10,1213.12430
2023-08-11,1213.14750
2023-08-14,1213.73200
2023-08-17,1214.05270
2023-08-18,1214.22760
2023-08-21,1214.97280
2023-08-22,1215.17550
2023-08-23,1215.47330
2023-08-24,1215.79510
2023-08-25,1216.02230
2023-08-28,1216.74160
2023-08-29,1216.97210
2023-08-30,1217.28280
2023-08-31,1217.55000
2023-09-01,1217.80060
2023-09-04,1218.44590
2023-09-05,1218.63680
2023-09-06,1218.78640
2023-09-07,1219.03270
2023-09-08,1219.29650
2023-09-11,1219.79920
2023-09-12,1219.96240
2023-09-13,1220.28250
2023-09-14,1220.64570
2023-09-15,1220.69360
2023-09-18,1221.32790
2023-09-20,1221.82900
2023-09-21,1222.07840
2023-09-22,1222.27930
2023-09-25,1222.91860
2023-09-26,1223.09400
2023-09-27,1223.27330
2023-09-29,1223.65500
2023-10-03,1224.55460
2023-10-04,1224.78850
2023-10-05,1225.22870
2023-10-06,1224.44820
2023-10-09,1224.85380
2023-10-10,1225.15070
2023-10-11,1225.50270
2023-10-12,1225.77430
2023-10-13,1225.95720
2023-10-16,1226.62430
2023-10-17,1226.87120
2023-10-18,1227.08050
2023-10-19,1227.14120
2023-10-20,1227.32580
2023-10-23,1228.02200
2023-10-25,1228.51440
2023-10-26,1228.63130
2023-10-27,1228.91440
2023-10-30,1229.43330
2023-10-31,1229.70340
2023-11-01,1229.94000
2023-11-02,1230.28710
2023-11-03,1230.63790
2023-11-06,1231.40910
2023-11-07,1231.66960
2023-11-08,1231.91270
2023-11-09,1232.13120
2023-11-10,1232.29480
2023-11-13,1233.01600
2023-11-15,1233.56450
2023-11-16,1233.74580
2023-11-17,1234.00010
2023-11-20,1234.62640
2023-11-21,1234.68350
2023-11-22,1234.91520
2023-11-23,1235.10680
2023-11-24,1235.21530
2023-11-28,1236.18250
2023-11-29,1236.49590
2023-11-30,1236.61140
2023-12-01,1236.73840
2023-12-04,1237.49110
2023-12-05,1237.78220
2023-12-06,1238.07130
2023-12-07,1238.37250
2023-12-08,1238.53370
2023-12-11,1239.14730
2023-12-12,1239.24350
2023-12-13,1239.52700
2023-12-14,1239.98300
2023-12-15,1240.34490
2023-12-18,1241.08440
2023-12-19,1241.31600
2023-12-20,1241.55300
2023-12-21,1241.76180
2023-12-22,1242.03560
2023-12-26,1242.96170
2023-12-27,1243.07740
2023-12-28,1243.39620
2023-12-29,1243.97800
2024-01-01,1244.74990
2024-01-02,1244.97030
2024-01-03,1245.19950
2024-01-04,1245.39150
2024-01-05,1245.60820
2024-01-08,1246.41470
2024-01-09,1246.75610
2024-01-10,1247.02760
2024-01-11,1247.20500
2024-01-12,1247.56170
2024-01-15,1248.44140
2024-01-16,1248.56360
2024-01-17,1248.82780
2024-01-18,1248.87200
2024-01-19,1249.09950
2024-01-23,1249.93890
2024-01-24,1250.02650
2024-01-25,1250.20910
2024-01-29,1251.27980
2024-01-30,1251.51610
2024-01-31,1251.77540
2024-02-01,1252.24510
2024-02-02,1252.67590
2024-02-05,1253.35060
2024-02-06,1253.48090
2024-02-07,1253.84990
2024-02-08,1254.07380
2024-02-09,1254.19520
2024-02-12,1254.80650
2024-02-13,1255.00170
2024-02-14,1255.20890
2024-02-15,1255.53810
2024-02-16,1255.82610
2024-02-20,1256.94250
2024-02-21,1257.26420
2024-02-22,1257.70030
2024-02-23,1257.94880
2024-02-26,1258.77260
2024-02-27,1259.04810
2024-02-28,1259.24360
2024-02-29,1259.41870
2024-03-01,1259.66080
2024-03-04,1260.49080
2024-03-05,1260.76420
2024-03-06,1261.14060
2024-03-07,1261.49610
2024-03-11,1262.66690
2024-03-12,1262.83120
2024-03-13,1263.11390
2024-03-14,1263.13130
2024-03-15,1263.32960
2024-03-18,1264.01540
2024-03-19,1264.28350
2024-03-20,1264.48300
2024-03-21,1264.89080
2024-03-22,1265.10660
2024-03-26,1265.74120
2024-03-27,1266.10350
2024-03-28,1267.39610
2024-03-31,1268.11970
2024-04-02,1268.95020
2024-04-03,1269.28320
2024-04-04,1269.56430
2024-04-05,1269.79960
2024-04-08,1270.32680
2024-04-10,1271.08830
2024-04-12,1271.33600
2024-04-15,1272.08940
2024-04-16,1272.28510
2024-04-18,1272.84120
2024-04-19,1272.70770
2024-04-22,1273.51860
2024-04-23,1273.85670
2024-04-24,1273.92310
2024-04-25,1274.05170
2024-04-26,1274.28560
2024-04-29,1274.80950
2024-04-30,1275.04490
2024-05-02,1275.67540
2024-05-03,1276.06790
2024-05-06,1276.93290
2024-05-07,1277.14260
2024-05-08,1277.28100
2024-05-09,1277.40030
2024-05-10,1277.56870
2024-05-13,1278.36270
2024-05-14,1278.73470
2024-05-15,1279.00370
2024-05-16,1279.33370
2024-05-17,1279.53510
2024-05-21,1280.68200
2024-05-22,1280.96130
2024-05-24,1281.48060
2024-05-27,1282.04880
2024-05-28,1282.18350
2024-05-29,1282.40180
2024-05-30,1282.72800
2024-05-31,1282.87820
2024-06-03,1283.76600
2024-06-04,1283.53420
2024-06-05,1283.67470
2024-06-06,1284.13760
2024-06-07,1284.38030
2024-06-10,1285.22290
2024-06-11,1285.59130
2024-06-12,1285.90470
2024-06-13,1286.18270
2024-06-14,1286.43050
2024-06-18,1287.44530
2024-06-19,1287.67040
2024-06-20,1287.97910
2024-06-21,1288.24350
2024-06-24,1288.93050
2024-06-25,1289.18820
2024-06-26,1289.21520
2024-06-27,1289.30480
2024-06-28,1289.75520
2024-07-01,1290.66510
2024-07-02,1291.15220
2024-07-03,1291.50950
2024-07-04,1291.85890
2024-07-05,1292.11360
2024-07-08,1292.88590
2024-07-09,1293.14180
2024-07-10,1293.37700
2024-07-11,1293.71000
2024-07-12,1293.98440
2024-07-15,1294.69970
2024-07-16,1295.04840
2024-07-18,1295.63350
2024-07-19,1295.85460
2024-07-22,1296.53640
2024-07-23,1296.73560
2024-07-24,1297.01920
2024-07-25,1297.48140
2024-07-26,1297.75940
2024-07-29,1298.54290
2024-07-30,1298.76080
2024-07-31,1298.95450
2024-08-01,1299.33010
2024-08-02,1299.63420
2024-08-05,1300.54260
2024-08-06,1300.66790
2024-08-07,1300.91520
2024-08-08,1301.10690
2024-08-09,1301.31120
2024-08-12,1301.98780
2024-08-13,1302.26300
2024-08-14,1302.48790
2024-08-16,1302.90970
2024-08-19,1303.73210
2024-08-20,1304.17140
2024-08-21,1304.44560
2024-08-22,1304.69700
2024-08-23,1304.91620
2024-08-26,1305.63350
2024-08-27,1305.83480
2024-08-28,1306.10570
2024-08-29,1306.37150
2024-08-30,1306.47780
2024-09-02,1307.20040
2024-09-03,1307.47350
2024-09-04,1309.20400
2024-09-05,1309.47050
2024-09-06,1309.70010
2024-09-09,1310.29860
2024-09-10,1310.50750
2024-09-11,1310.83900
2024-09-12,1311.02300
2024-09-13,1311.43190
2024-09-16,1312.23990
2024-09-17,1312.41610
2024-09-19,1313.15060
2024-09-20,1313.50280
2024-09-23,1314.18880
2024-09-24,1314.42890
2024-09-25,1314.77600
2024-09-26,1315.17760
2024-09-27,1315.43990
2024-09-30,1316.54200
2024-10-01,1316.96150
2024-10-03,1317.57840
2024-10-04,1317.83430
2024-10-07,1318.37620
2024-10-08,1318.76510
2024-10-09,1319.54000
2024-10-10,1319.83070
2024-10-11,1320.46090
2024-10-14,1321.19220
2024-10-15,1321.39010
2024-10-16,1321.52440
2024-10-17,1321.79050
2024-10-18,1321.85600
2024-10-21,1322.32630
2024-10-22,1322.39690
2024-10-23,1322.77590
2024-10-24,1323.17580
2024-10-25,1323.49880
2024-10-28,1324.07790
2024-10-29,1324.45540
2024-10-30,1324.68000
2024-10-31,1324.93960
2024-11-04,1325.94900
2024-11-05,1326.11100
2024-11-06,1326.32760
2024-11-07,1326.70570
2024-11-08,1327.10970
2024-11-11,1327.83650
2024-11-12,1328.04290
2024-11-13,1328.23370
2024-11-14,1328.43890
2024-11-18,1329.44300
2024-11-19,1329.65560
2024-11-21,1330.09510
2024-11-22,1330.29050
2024-11-25,1331.08830
2024-11-26,1331.28710
2024-11-27,1331.31620
2024-11-28,1331.55230
2024-11-29,1331.89310
2024-12-02,1333.02270
2024-12-03,1333.28110
2024-12-04,1333.71740
2024-12-05,1334.06970
2024-12-06,1334.31330
2024-12-09,1334.84100
2024-12-10,1335.21190
2024-12-11,1335.30270
2024-12-12,1335.36160
2024-12-13,1335.36970
2024-12-16,1336.11790
2024-12-17,1336.30230
2024-12-18,1336.54210
2024-12-19,1336.40230
2024-12-20,1336.30090
2024-12-23,1336.81970
2024-12-24,1337.21570
2024-12-26,1337.64220
2024-12-27,1338.10790
2024-12-30,1338.90510
2024-12-31,1339.66950
2025-01-01,1340.02620
2025-01-02,1340.31070
2025-01-03,1340.56760
2025-01-06,1341.30860
2025-01-07,1341.58940
2025-01-08,1341.63990
2025-01-09,1341.58130
2025-01-10,1341.92700
2025-01-13,1342.25710
2025-01-14,1342.37070
2025-01-15,1342.83520
2025-01-16,1343.24340
2025-01-17,1343.58760
2025-01-20,1344.32970
2025-01-21,1344.74110
2025-01-22,1345.02870
2025-01-23,1345.24170
2025-01-24,1345.48730
2025-01-27,1346.18660
2025-01-28,1346.44130
2025-01-29,1346.82080
2025-01-30,1347.18320
2025-01-31,1347.39770
2025-02-03,1348.31740
2025-02-04,1348.69920
2025-02-05,1349.27430
2025-02-06,1349.95850
2025-02-07,1349.95930
2025-02-10,1350.16410
2025-02-11,1350.48730
2025-02-12,1350.60880
2025-02-13,1350.92500
2025-02-14,1351.07160
2025-02-17,1351.79880
2025-02-18,1351.98480
2025-02-20,1352.55660
2025-02-21,1352.94620
2025-02-24,1353.76240
2025-02-25,1354.03760
2025-02-27,1354.45210
2025-02-28,1354.53530
2025-03-03,1355.15610
2025-03-04,1355.29820
2025-03-05,1355.38280
2025-03-06,1355.51370
2025-03-07,1355.73620
2025-03-10,1356.52940
2025-03-11,1356.82920
2025-03-12,1357.05660
2025-03-13,1357.37830
2025-03-17,1358.43060
2025-03-18,1358.76850
2025-03-19,1359.44380
2025-03-20,1360.05360
2025-03-21,1360.79470
2025-03-24,1362.12730
2025-03-25,1362.40750
2025-03-26,1363.06860
2025-03-27,1363.85650
2025-03-28,1365.70010
2025-03-31,1366.43760
2025-04-02,1369.44420
2025-04-03,1370.48180
2025-04-04,1370.81780
2025-04-07,1371.51150
2025-04-08,1371.66800
2025-04-09,1372.47420
2025-04-11,1373.59520
2025-04-15,1374.70570
2025-04-16,1375.18780
2025-04-17,1375.65360
2025-04-21,1377.01170
2025-04-22,1377.43840
2025-04-23,1377.86460
2025-04-24,1378.14520
2025-04-25,1378.12640
2025-04-28,1378.82090
2025-04-29,1379.27990
2025-04-30,1379.37340
2025-05-02,1380.00490
2025-05-05,1380.92100
2025-05-06,1381.21800
2025-05-07,1381.50540
2025-05-08,1381.03280
2025-05-09,1380.46160
2025-05-13,1382.58290
2025-05-14,1383.54300
2025-05-15,1384.31980
2025-05-16,1385.19990
2025-05-19,1386.19780
2025-05-20,1386.76340
2025-05-21,1387.44830
2025-05-22,1387.60080
2025-05-23,1387.77990
2025-05-26,1388.58780
2025-05-27,1388.91540
2025-05-28,1389.29000
2025-05-29,1389.51400
2025-05-30,1389.75770
2025-06-02,1390.50300
2025-06-03,1390.85360
2025-06-04,1391.33060
2025-06-05,1391.76990
2025-06-06,1394.64810
2025-06-09,1395.01490
2025-06-10,1394.53340
2025-06-11,1394.17320
2025-06-12,1393.76100
2025-06-13,1393.61650
2025-06-16,1394.26430
2025-06-17,1394.84010
2025-06-18,1395.37800
2025-06-19,1395.46410
2025-06-20,1395.35270
2025-06-23,1395.85110
2025-06-24,1396.46480
2025-06-25,1396.45200
2025-06-26,1396.72860
2025-06-27,1396.88300
2025-06-30,1397.71170
2025-07-01,1398.49660
2025-07-02,1399.29530
2025-07-03,1399.91970
2025-07-04,1400.20990
2025-07-07,1401.10940
2025-07-08,1401.19000
2025-07-09,1401.16840
2025-07-10,1401.22250
2025-07-11,1401.45480
2025-07-14,1402.28480
2025-07-15,1402.49950
2025-07-16,1402.70990
2025-07-17,1403.04460
2025-07-18,1403.42810
2025-07-21,1403.92330
2025-07-22,1404.36690
2025-07-23,1404.54910
2025-07-24,1404.73990
2025-07-25,1404.73990
2025-07-28,1405.27800
2025-07-29,1405.26380
2025-07-30,1405.45190
2025-07-31,1405.75780
2025-08-01,1406.17810
2025-08-04,1407.06600
2025-08-05,1407.35000
2025-08-06,1406.94670
2025-08-07,1407.23560
2025-08-08,1407.48810
2025-08-11,1407.95680
2025-08-12,1407.74910
2025-08-13,1407.62170
2025-08-14,1408.18020
2025-08-18,1408.97220
2025-08-19,1408.98230
2025-08-20,1409.57840
2025-08-21,1409.94170
2025-08-22,1410.05610
2025-08-25,1410.60040
2025-08-26,1410.40240
2025-08-28,1411.23420
2025-08-29,1411.08540
2025-09-01,1411.48350
2025-09-02,1411.48560
2025-09-03,1411.74790
2025-09-04,1412.16460
2025-09-05,1412.40210
2025-09-09,1413.27770
2025-09-10,1413.50110
2025-09-11,1413.83020
2025-09-12,1413.81500
2025-09-15,1414.19320
2025-09-16,1414.63590
2025-09-17,1415.11700
2025-09-18,1415.53290
2025-09-19,1415.69460
2025-09-22,1416.35290
2025-09-23,1416.71920
2025-09-24,1417.15230
2025-09-25,1417.38060
2025-09-26,1417.67890
2025-09-30,1419.05700
2025-10-01,1419.39390
2025-10-03,1420.54200
2025-10-06,1421.49730
2025-10-07,1421.68540
2025-10-08,1422.03830
2025-10-09,1422.27400
2025-10-10,1422.37420
2025-10-13,1423.12820
2025-10-14,1423.37850
2025-10-15,1423.74760
2025-10-16,1424.06910
2025-10-17,1424.38840
2025-10-20,1425.01870
2025-10-23,1425.58600
2025-10-24,1425.72270
2025-10-27,1426.27740
2025-10-28,1426.58690
2025-10-29,1426.85830
2025-10-30,1427.01180
2025-10-31,1427.38360
2025-11-03,1428.06910
2025-11-04,1428.49740
2025-11-06,1429.10650
2025-11-07,1429.25280
2025-11-10,1430.06110
2025-11-11,1430.63220
2025-11-12,1430.86710
2025-11-13,1431.12750
2025-11-14,1431.32190
2025-11-17,1431.96990
2025-11-18,1432.23510
2025-11-19,1432.57160
2025-11-20,1432.80380
2025-11-21,1432.94480
2025-11-24,1433.52760
2025-11-25,1433.88420
2025-11-26,1434.32100
2025-11-27,1434.60340
2025-11-28,1434.74340
2025-12-01,1435.15120
2025-12-02,1435.43090
2025-12-03,1435.61520
2025-12-04,1435.73060
2025-12-05,1436.28900
2025-12-08,1436.90380
2025-12-09,1436.74050
2025-12-10,1436.36610
2025-12-11,1436.13020
2025-12-12,1436.26100
2025-12-15,1436.46280
2025-12-16,1436.55360
2025-12-17,1436.78160
2025-12-18,1437.18660
2025-12-19,1437.48920
2025-12-22,1437.98440
2025-12-23,1437.89670
2025-12-24,1438.94930
2025-12-26,1439.59440
2025-12-29,1440.16270
2025-12-30,1440.12920
2025-12-31,1440.80830
2026-01-01,1441.17670
2026-01-02,1441.35400
2026-01-05,1441.53440
2026-01-06,1441.73260
2026-01-07,1441.45950
2026-01-08,1441.48760
2026-01-09,1441.56720
2026-01-12,1442.31940
2026-01-13,1441.77630
2026-01-14,1441.59390
2026-01-16,1441.22640
2026-01-19,1441.42750
2026-01-20,1441.15230
2026-01-21,1441.09470
2026-01-22,1442.25610
2026-01-23,1442.42590
2026-01-27,1443.25920
2026-01-28,1442.97440
2026-01-29,1442.92450
2026-01-30,1443.87090
2026-02-02,1444.60740
2026-02-03,1445.61290
2026-02-04,1446.65070
2026-02-05,1447.38160
2026-02-06,1446.65630
2026-02-09,1447.27170
2026-02-10,1447.63230
2026-02-11,1448.27080
2026-02-12,1449.27530
2026-02-13,1450.15820
2026-02-16,1450.85230
2026-02-17,1451.05150
2026-02-18,1451.09390
2026-02-20,1451.32970
2026-02-23,1451.78230
2026-02-24,1452.02010
2026-02-25,1452.45360
2026-02-26,1452.89560
2026-02-27,1453.13870
2026-03-02,1453.81040
2026-03-04,1453.53620
2026-03-05,1454.10450
2026-03-06,1454.41360
2026-03-09,1454.16460
2026-03-10,1454.70160
2026-03-11,1455.21420
2026-03-12,1454.68610
2026-03-13,1454.03910
2026-03-16,1454.34330
2026-03-17,1454.80740
2026-03-18,1455.57620
2026-03-20,1455.94310
2026-03-23,1454.61320
2026-03-24,1454.53820
2026-03-25,1454.61680
2026-03-27,1455.04740
2026-03-30,1456.67170
2026-03-31,1456.95450
2026-04-02,1456.99700
2026-04-06,1457.28130
2026-04-07,1457.80950
2026-04-08,1460.15990
2026-04-09,1461.63360
2026-04-10,1462.23770
2026-04-13,1462.86540
2026-04-15,1464.15670
2026-04-16,1464.64830
2026-04-17,1464.85210
2026-04-20,1465.49060
2026-04-21,1465.61110
2026-04-22,1465.75210
2026-04-23,1465.24620
2026-04-24,1465.23730
2026-04-27,1465.71510
2026-04-28,1465.77380
2026-04-29,1465.27890
2026-04-30,1465.07090
2026-05-04,1466.63010
2026-05-05,1466.67980
2026-05-06,1467.43230
2026-05-07,1467.71140
2026-05-08,1467.89600
2026-05-11,1468.01280
2026-05-12,1467.71060
2026-05-13,1467.64830
2026-05-14,1467.36320
2026-05-15,1466.89990
2026-05-18,1466.29250
2026-05-19,1466.68110
2026-05-20,1466.21580
2026-05-21,1465.02980
2026-05-22,1465.29960
2026-05-25,1466.20210
2026-05-26,1466.16090
2026-05-27,1466.59460
2026-05-29,1467.71530
2026-06-01,1468.84030
2026-06-02,1469.27070
2026-06-03,1469.44270
2026-06-04,1469.97590
2026-06-05,1471.99860
2026-06-08,1473.71740
2026-06-09,1475.55990
2026-06-10,1476.09070
2026-06-11,1475.50540
2026-06-12,1476.00930
2026-06-15,1477.49350
2026-06-16,1478.07250
2026-06-17,1478.10900
2026-06-18,1478.64430
2026-06-19,1478.88130
2026-06-22,1479.81550
2026-06-23,1480.06890
2026-06-24,1480.71330
2026-06-25,1482.07020
2026-06-29,1483.79200
2026-06-30,1484.39830
2026-07-01,1485.27890
2026-07-02,1486.23420
2026-07-03,1486.51190
2026-07-06,1486.93060
2026-07-07,1486.48190
2026-07-08,1485.16200
2026-07-09,1485.86720
2026-07-10,1486.47180
2026-07-13,1486.97260
2026-07-14,1485.97480
2026-07-15,1486.24220
2026-07-16,1486.97740
2026-07-17,1487.68140
2026-07-20,1487.92280
2026-07-21,1488.54070
2026-07-22,1488.47230
2026-07-23,1488.74120
2026-07-24,1489.09880
2026-07-27,1490.28930
2026-07-28,1490.68580
2026-07-29,1490.84380
2026-07-30,1490.80760
2026-07-31,1491.28120
2026-08-03,1492.41610
2026-08-04,1492.84160
2026-08-05,1493.48550
2026-08-06,1493.87880
2026-08-07,1494.19620
2026-08-10,1495.19920
2026-08-11,1495.41410
2026-08-12,1495.61240
2026-08-13,1495.98420
2026-08-14,1496.35310
2026-08-17,1496.65590
2026-08-18,1496.58660
2026-08-19,1496.84790
2026-08-20,1496.00170
2026-08-21,1495.67080
2026-08-24,1496.60490
2026-08-25,1497.13180
2026-08-27,1497.54770
2026-08-28,1497.60070
2026-08-31,1498.25710
2026-09-01,1498.70130
2026-09-02,1499.65010
2026-09-03,1500.96000
2026-09-04,1501.53340
2026-09-07,1502.46250
2026-09-08,1502.69880
2026-09-09,1503.06890
2026-09-10,1502.95160
2026-09-11,1502.16210
