Date,NAV
2009-01-13,1000.67890
2009-01-14,1000.77540
2009-01-15,1000.87740
2009-01-16,1000.98110
2009-01-18,1001.25570
2009-01-19,1001.35680
2009-01-20,1001.45660
2009-01-21,1001.55570
2009-01-22,1001.65130
2009-01-23,1001.75090
2009-01-26,1002.03920
2009-01-27,1002.13530
2009-01-28,1002.22850
2009-01-29,1002.32100
2009-01-30,1002.40890
2009-02-01,1002.59200
2009-02-02,1002.68550
2009-02-03,1002.77770
2009-02-04,1002.87080
2009-02-05,1002.95680
2009-02-06,1003.04570
2009-02-08,1003.22350
2009-02-09,1003.31520
2009-02-10,1003.40210
2009-02-11,1003.48990
2009-02-12,1003.57840
2009-02-13,1003.66420
2009-02-15,1003.83610
2009-02-16,1003.92400
2009-02-17,1004.01720
2009-02-18,1004.11000
2009-02-19,1004.20940
2009-02-23,1004.60650
2009-02-24,1004.69510
2009-02-25,1004.78080
2009-02-26,1004.87130
2009-02-27,1004.96020
2009-03-01,1005.13870
2009-03-02,1005.22770
2009-03-03,1005.31340
2009-03-04,1005.39980
2009-03-05,1005.47530
2009-03-06,1005.55050
2009-03-08,1005.70090
2009-03-09,1005.77200
2009-03-11,1005.91870
2009-03-12,1005.99520
2009-03-13,1006.07280
2009-03-15,1006.22800
2009-03-16,1006.31750
2009-03-17,1006.41170
2009-03-18,1006.51200
2009-03-19,1006.61330
2009-03-20,1006.71520
2009-03-22,1006.93760
2009-03-23,1007.04730
2009-03-24,1007.13260
2009-03-25,1007.22200
2009-03-26,1007.32560
2009-03-29,1007.61990
2009-03-30,1007.71580
2009-03-31,1007.83770
2009-04-01,1007.95410
2009-04-02,1008.03950
2009-04-05,1008.29910
2009-04-06,1008.33830
2009-04-07,1008.37750
2009-04-08,1008.38410
2009-04-09,1008.39250
2009-04-12,1008.41770
2009-04-13,1008.45970
2009-04-14,1008.50170
2009-04-15,1008.53120
2009-04-16,1008.60000
2009-04-17,1008.65780
2009-04-19,1008.77490
2009-04-20,1008.83260
2009-04-21,1008.88890
2009-04-22,1008.94530
2009-04-23,1009.00580
2009-04-24,1009.06190
2009-04-26,1009.17400
2009-04-27,1009.23030
2009-04-28,1009.29090
2009-04-29,1009.35350
2009-05-03,1009.59110
2009-05-04,1009.64920
2009-05-05,1009.70550
2009-05-06,1009.71940
2009-05-07,1009.73980
2009-05-08,1009.76040
2009-05-10,1009.80350
2009-05-11,1009.84600
2009-05-12,1009.90450
2009-05-13,1009.95790
2009-05-14,1010.01260
2009-05-15,1010.07420
2009-05-17,1010.19750
2009-05-18,1010.25480
2009-05-19,1010.32030
2009-05-20,1010.38260
2009-05-21,1010.42940
2009-05-22,1010.45790
2009-05-24,1010.51500
2009-05-25,1010.56320
2009-05-26,1010.61420
2009-05-27,1010.67590
2009-05-28,1010.74160
2009-05-29,1010.80610
2009-05-31,1010.94390
2009-06-01,1010.00000
2009-06-02,1010.06470
2009-06-03,1010.12820
2009-06-04,1010.18800
2009-06-05,1010.23320
2009-06-07,1010.32370
2009-06-08,1010.38530
2009-06-09,1010.44880
2009-06-10,1010.51640
2009-06-11,1010.58120
2009-06-12,1010.64580
2009-06-14,1010.77520
2009-06-15,1010.83700
2009-06-16,1010.89850
2009-06-17,1010.95590
2009-06-18,1010.99700
2009-06-19,1011.01860
2009-06-21,1011.06240
2009-06-22,1010.00000
2009-06-23,1010.06620
2009-06-24,1010.13400
2009-06-25,1010.19900
2009-06-26,1010.26850
2009-06-28,1010.40900
2009-06-29,1010.48080
2009-06-30,1010.55510
2009-07-01,1010.64040
2009-07-02,1010.70780
2009-07-03,1010.72940
2009-07-05,1010.77260
2009-07-06,1010.83860
2009-07-07,1010.90590
2009-07-08,1010.97180
2009-07-09,1011.03390
2009-07-10,1011.10000
2009-07-12,1011.23270
2009-07-13,1011.29620
2009-07-14,1011.36280
2009-07-15,1011.42910
2009-07-16,1011.49600
2009-07-17,1011.55000
2009-07-19,1011.65980
2009-07-20,1011.72640
2009-07-21,1011.79200
2009-07-22,1011.86010
2009-07-23,1011.92570
2009-07-24,1011.99290
2009-07-26,1012.12730
2009-07-27,1012.19300
2009-07-28,1012.25850
2009-07-29,1012.32510
2009-07-30,1012.39190
2009-07-31,1012.43510
2009-08-02,1012.52980
2009-08-03,1012.59700
2009-08-04,1012.66430
2009-08-05,1012.72730
2009-08-06,1012.74650
2009-08-07,1012.78260
2009-08-09,1012.85510
2009-08-10,1012.92140
2009-08-11,1012.98670
2009-08-12,1013.04880
2009-08-13,1013.10660
2009-08-14,1013.13960
2009-08-16,1013.20570
2009-08-17,1013.27170
2009-08-18,1013.33540
2009-08-19,1013.40000
2009-08-20,1013.46370
2009-08-21,1013.52510
2009-08-23,1013.64890
2009-08-24,1013.70830
2009-08-25,1013.76900
2009-08-26,1013.83100
2009-08-27,1013.88580
2009-08-28,1013.90450
2009-08-30,1013.94210
2009-08-31,1013.99270
2009-09-01,1014.04890
2009-09-02,1014.10630
2009-09-03,1014.16290
2009-09-04,1014.21650
2009-09-06,1014.32390
2009-09-07,1014.37640
2009-09-08,1014.43590
2009-09-09,1014.49680
2009-09-10,1014.55560
2009-09-11,1014.60110
2009-09-13,1014.69230
2009-09-14,1014.75440
2009-09-15,1014.80310
2009-09-16,1014.86150
2009-09-17,1014.92410
2009-09-18,1014.99010
2009-09-21,1015.18820
2009-09-22,1015.25210
2009-09-23,1015.32400
2009-09-24,1015.39200
2009-09-25,1015.43990
2009-09-28,1015.58360
2009-09-29,1015.65860
2009-09-30,1015.73370
2009-10-01,1015.79810
2009-10-04,1015.99150
2009-10-05,1016.04910
2009-10-06,1016.09220
2009-10-07,1016.15170
2009-10-08,1016.21610
2009-10-09,1016.24670
2009-10-11,1016.30900
2009-10-12,1016.37600
2009-10-13,1016.44900
2009-10-14,1016.51610
2009-10-15,1016.58460
2009-10-16,1016.65640
2009-10-19,1016.87180
2009-10-20,1016.93890
2009-10-21,1017.00570
2009-10-22,1017.06890
2009-10-23,1017.10470
2009-10-25,1017.17650
2009-10-26,1017.24340
2009-10-27,1017.31050
2009-10-28,1017.37710
2009-10-29,1017.44320
2009-10-30,1017.51200
2009-11-02,1017.71850
2009-11-03,1017.78180
2009-11-04,1017.84360
2009-11-05,1017.90350
2009-11-06,1017.93190
2009-11-08,1017.98890
2009-11-09,1018.05290
2009-11-10,1018.11870
2009-11-11,1018.18560
2009-11-12,1018.25530
2009-11-13,1018.32910
2009-11-15,1018.47700
2009-11-16,1018.54730
2009-11-17,1018.61510
2009-11-18,1018.68380
2009-11-19,1018.75180
2009-11-20,1018.79240
2009-11-22,1018.87500
2009-11-23,1018.94430
2009-11-24,1019.01080
2009-11-25,1019.07950
2009-11-26,1019.14560
2009-11-27,1019.21570
2009-11-29,1019.36500
2009-11-30,1019.43310
2009-12-01,1019.49850
2009-12-02,1019.56200
2009-12-03,1019.62040
2009-12-04,1019.65480
2009-12-06,1019.72380
2009-12-07,1019.79020
2009-12-08,1019.84960
2009-12-09,1019.91680
2009-12-10,1019.98250
2009-12-11,1020.04650
2009-12-13,1020.17720
2009-12-14,1020.24690
2009-12-15,1020.31720
2009-12-16,1020.38790
2009-12-17,1020.45840
2009-12-18,1020.53430
2009-12-20,1020.68640
2009-12-21,1020.75690
2009-12-22,1020.83040
2009-12-23,1020.90410
2009-12-24,1020.98300
2009-12-28,1021.29890
2009-12-29,1021.36850
2009-12-30,1021.44080
2009-12-31,1021.52580
2010-01-01,1021.58040
2010-01-03,1021.68970
2010-01-04,1021.76040
2010-01-05,1021.82950
2010-01-06,1021.89860
2010-01-07,1021.96650
2010-01-08,1022.03580
2010-01-10,1022.17600
2010-01-11,1022.24440
2010-01-12,1022.31530
2010-01-13,1022.38560
2010-01-14,1022.45450
2010-01-15,1022.51570
2010-01-17,1022.63910
2010-01-18,1022.70750
2010-01-19,1022.77620
2010-01-20,1022.84660
2010-01-21,1022.91710
2010-01-22,1022.98800
2010-01-24,1023.13080
2010-01-25,1023.20110
2010-01-26,1023.27860
2010-01-27,1023.34820
2010-01-28,1023.41850
2010-01-29,1023.48420
2010-01-31,1023.61820
2010-02-01,1023.68890
2010-02-02,1023.76240
2010-02-03,1023.82720
2010-02-04,1023.89350
2010-02-05,1023.96770
2010-02-07,1024.11640
2010-02-08,1024.18150
2010-02-09,1024.24990
2010-02-10,1024.31820
2010-02-11,1024.37000
2010-02-14,1024.52570
2010-02-15,1024.59660
2010-02-16,1024.66540
2010-02-17,1024.73410
2010-02-18,1024.80480
2010-02-19,1024.87610
2010-02-21,1025.01970
2010-02-22,1025.08900
2010-02-23,1025.15840
2010-02-24,1025.22780
2010-02-25,1025.29630
2010-02-26,1025.35090
2010-03-01,1025.51890
2010-03-02,1025.58960
2010-03-03,1025.65670
2010-03-04,1025.72340
2010-03-05,1025.79130
2010-03-07,1025.93130
2010-03-08,1025.99950
2010-03-09,1026.06580
2010-03-10,1026.13550
2010-03-11,1026.20720
2010-03-12,1026.26570
2010-03-14,1026.38330
2010-03-15,1026.46740
2010-03-16,1026.55230
2010-03-17,1026.63940
2010-03-18,1026.71160
2010-03-19,1026.78930
2010-03-21,1026.94500
2010-03-22,1027.02560
2010-03-23,1027.10870
2010-03-24,1027.18960
2010-03-25,1027.26680
2010-03-26,1027.31920
2010-03-28,1027.42490
2010-03-29,1027.51870
2010-03-30,1027.61860
2010-03-31,1027.73680
2010-04-04,1028.21350
2010-04-05,1028.29400
2010-04-06,1028.35370
2010-04-07,1028.41110
2010-04-08,1028.46970
2010-04-09,1028.51950
2010-04-11,1028.61570
2010-04-12,1028.68980
2010-04-13,1028.76240
2010-04-14,1028.83590
2010-04-15,1028.90870
2010-04-16,1028.98160
2010-04-18,1029.12710
2010-04-19,1029.20410
2010-04-20,1029.28520
2010-04-21,1029.36830
2010-04-22,1029.44120
2010-04-23,1029.50310
2010-04-25,1029.62710
2010-04-26,1029.50310
2010-04-27,1029.50310
2010-04-28,1029.51190
2010-04-29,1029.51280
2010-04-30,1029.51290
2010-05-02,1029.52180
2010-05-03,1029.51370
2010-05-04,1029.51290
2010-05-05,1029.51240
2010-05-06,1029.51270
2010-05-07,1029.51110
2010-05-09,1029.51800
2010-05-10,1029.51370
2010-05-11,1029.51320
2010-05-12,1029.51310
2010-05-13,1029.51310
2010-05-14,1029.51290
2010-05-16,1029.52180
2010-05-17,1029.51370
2010-05-18,1029.51270
2010-05-19,1029.51280
2010-05-20,1029.51280
2010-05-21,1029.51000
2010-05-23,1029.51570
2010-05-24,1029.51360
2010-05-25,1029.51390
2010-05-26,1029.51380
2010-05-27,1029.51440
2010-05-28,1029.51540
2010-05-30,1029.52670
2010-05-31,1029.51810
2010-06-01,1029.51780
2010-06-02,1029.51770
2010-06-03,1029.51770
2010-06-04,1029.51580
2010-06-06,1029.52690
2010-06-07,1029.51880
2010-06-08,1029.51800
2010-06-09,1029.51790
2010-06-10,1029.51780
2010-06-11,1029.51780
2010-06-13,1029.53110
2010-06-14,1029.51910
2010-06-15,1029.51790
2010-06-16,1029.51780
2010-06-17,1029.51770
2010-06-18,1029.51700
2010-06-20,1029.52940
2010-06-21,1029.51890
2010-06-22,1029.51800
2010-06-23,1029.52050
2010-06-24,1029.52070
2010-06-25,1029.53990
2010-06-27,1029.53610
2010-06-28,1029.52090
2010-06-29,1029.51960
2010-06-30,1029.52230
2010-07-01,1029.52280
2010-07-02,1029.51790
2010-07-04,1029.53020
2010-07-05,1029.52060
2010-07-06,1029.51890
2010-07-07,1029.51860
2010-07-08,1029.51850
2010-07-09,1029.51850
2010-07-11,1029.53250
2010-07-12,1029.51970
2010-07-13,1029.51850
2010-07-14,1029.51840
2010-07-15,1029.51850
2010-07-16,1029.51840
2010-07-18,1029.53220
2010-07-19,1029.52010
2010-07-20,1029.51880
2010-07-21,1029.51870
2010-07-22,1029.51850
2010-07-23,1029.51880
2010-07-25,1029.53300
2010-07-26,1029.52010
2010-07-27,1029.51880
2010-07-28,1029.51700
2010-07-29,1029.51610
2010-07-30,1029.51530
2010-08-01,1029.52650
2010-08-02,1029.51980
2010-08-03,1029.51800
2010-08-04,1029.51720
2010-08-05,1029.51620
2010-08-06,1029.51590
2010-08-08,1029.52840
2010-08-09,1029.51890
2010-08-10,1029.51880
2010-08-11,1029.51890
2010-08-12,1029.51930
2010-08-13,1029.51660
2010-08-15,1029.52840
2010-08-16,1029.52000
2010-08-17,1029.51910
2010-08-18,1029.51890
2010-08-19,1029.51770
2010-08-20,1029.51880
2010-08-22,1029.53340
2010-08-23,1029.52010
2010-08-24,1029.51530
2010-08-25,1029.51550
2010-08-26,1029.51560
2010-08-27,1029.51440
2010-08-29,1029.52430
2010-08-30,1029.51820
2010-08-31,1029.51700
2010-09-01,1029.51670
2010-09-02,1029.51550
2010-09-03,1029.51550
2010-09-05,1029.52670
2010-09-06,1029.51670
2010-09-07,1029.51520
2010-09-08,1029.51560
2010-09-09,1029.51590
2010-09-12,1029.54260
2010-09-13,1029.52140
2010-09-14,1029.51960
2010-09-15,1029.51930
2010-09-16,1029.51940
2010-09-17,1029.52020
2010-09-19,1029.53580
2010-09-20,1029.52180
2010-09-21,1029.52030
2010-09-22,1029.52070
2010-09-23,1029.51980
2010-09-24,1029.51770
2010-09-26,1029.53050
2010-09-27,1029.52120
2010-09-28,1029.52040
2010-09-29,1029.52240
2010-09-30,1029.52260
2010-10-01,1029.52060
2010-10-03,1029.53590
2010-10-04,1029.52130
2010-10-05,1029.51980
2010-10-06,1029.52020
2010-10-07,1029.52070
2010-10-08,1029.51890
2010-10-10,1029.53270
2010-10-11,1029.52150
2010-10-12,1029.52050
2010-10-13,1029.52030
2010-10-14,1029.52030
2010-10-15,1029.52040
2010-10-17,1029.53600
2010-10-18,1029.52170
2010-10-19,1029.52070
2010-10-20,1029.52050
2010-10-21,1029.52080
2010-10-22,1029.52060
2010-10-24,1029.53650
2010-10-25,1029.52190
2010-10-26,1029.52060
2010-10-27,1029.52050
2010-10-28,1029.52040
2010-10-29,1029.53180
2010-10-31,1029.56080
2010-11-01,1029.52720
2010-11-02,1029.52170
2010-11-03,1029.52110
2010-11-04,1029.52100
2010-11-07,1029.55320
2010-11-08,1029.52510
2010-11-09,1029.52160
2010-11-10,1029.52120
2010-11-11,1029.52130
2010-11-12,1029.52160
2010-11-14,1029.53830
2010-11-15,1029.52280
2010-11-16,1029.53960
2010-11-17,1029.54290
2010-11-18,1029.54340
2010-11-19,1029.54260
2010-11-21,1029.57420
2010-11-22,1029.57500
2010-11-23,1029.56850
2010-11-24,1029.57170
2010-11-25,1029.57240
2010-11-26,1029.57260
2010-11-28,1029.62330
2010-11-29,1029.62460
2010-11-30,1029.62470
2010-12-01,1029.62730
2010-12-02,1029.62840
2010-12-03,1029.62890
2010-12-05,1029.69930
2010-12-06,1029.70070
2010-12-07,1029.70420
2010-12-08,1029.70580
2010-12-09,1029.70760
2010-12-10,1029.70820
2010-12-12,1029.80650
2010-12-13,1029.81050
2010-12-14,1029.81210
2010-12-15,1029.81390
2010-12-16,1029.81500
2010-12-19,1030.02960
2010-12-20,1030.03340
2010-12-21,1030.03630
2010-12-22,1030.03840
2010-12-23,1030.04080
2010-12-24,1030.04350
2010-12-26,1030.17230
2010-12-27,1030.17720
2010-12-28,1030.19340
2010-12-29,1030.20960
2010-12-30,1030.22570
2010-12-31,1030.24180
2011-01-02,1030.27400
2011-01-03,1030.29020
2011-01-04,1030.30640
2011-01-05,1030.32240
2011-01-06,1030.33840
2011-01-07,1030.35460
2011-01-09,1030.38690
2011-01-10,1030.40290
2011-01-11,1030.41890
2011-01-12,1030.43490
2011-01-13,1030.45090
2011-01-14,1030.46600
2011-01-16,1030.49620
2011-01-17,1030.51240
2011-01-18,1030.53020
2011-01-19,1030.54640
2011-01-20,1030.56250
2011-01-21,1030.57870
2011-01-23,1030.61130
2011-01-24,1030.62740
2011-01-25,1030.64400
2011-01-26,1030.66050
2011-01-27,1030.67730
2011-01-28,1030.69280
2011-01-30,1030.72390
2011-01-31,1030.74190
2011-02-01,1030.75890
2011-02-02,1030.77580
2011-02-03,1030.79240
2011-02-04,1030.80990
2011-02-06,1030.84300
2011-02-07,1030.85940
2011-02-08,1030.87600
2011-02-09,1030.89260
2011-02-10,1030.90930
2011-02-11,1030.92350
2011-02-13,1030.95180
2011-02-14,1030.96840
2011-02-15,1030.98540
2011-02-16,1031.00220
2011-02-17,1031.01900
2011-02-18,1031.03600
2011-02-20,1031.06980
2011-02-21,1031.08750
2011-02-22,1031.10410
2011-02-23,1031.12180
2011-02-24,1031.14000
2011-02-25,1031.15430
2011-02-27,1031.18270
2011-02-28,1031.19950
2011-03-01,1031.21620
2011-03-02,1031.23300
2011-03-03,1031.24970
2011-03-04,1031.26650
2011-03-06,1031.29990
2011-03-07,1031.31640
2011-03-08,1031.33300
2011-03-09,1031.34960
2011-03-10,1031.36630
2011-03-11,1031.37570
2011-03-13,1031.39440
2011-03-14,1031.41110
2011-03-15,1031.42770
2011-03-16,1031.44420
2011-03-17,1031.46080
2011-03-18,1031.47820
2011-03-20,1031.51290
2011-03-21,1031.53010
2011-03-22,1031.54760
2011-03-23,1031.56500
2011-03-24,1031.58260
2011-03-25,1031.59520
2011-03-27,1031.62030
2011-03-28,1031.63770
2011-03-29,1031.65550
2011-03-30,1031.67310
2011-03-31,1031.69700
2011-04-04,1031.79250
2011-04-05,1031.80780
2011-04-06,1031.82010
2011-04-07,1031.82710
2011-04-08,1031.83420
2011-04-10,1031.84830
2011-04-11,1031.86450
2011-04-12,1031.88070
2011-04-13,1031.89750
2011-04-14,1031.91440
2011-04-15,1031.93140
2011-04-17,1031.96520
2011-04-18,1031.98160
2011-04-19,1031.99620
2011-04-20,1032.01090
2011-04-21,1032.02080
2011-04-24,1032.05050
2011-04-25,1032.06780
2011-04-26,1032.08500
2011-04-27,1032.10230
2011-04-28,1032.11950
2011-04-29,1032.13700
2011-05-01,1032.17200
2011-05-02,1032.18910
2011-05-03,1032.20620
2011-05-04,1032.22370
2011-05-05,1032.24070
2011-05-06,1032.25690
2011-05-08,1032.28940
2011-05-09,1032.30800
2011-05-10,1032.32660
2011-05-11,1032.34520
2011-05-12,1032.36390
2011-05-13,1032.38260
2011-05-15,1032.42020
2011-05-16,1032.43900
2011-05-17,1032.45780
2011-05-18,1032.47640
2011-05-19,1032.49500
2011-05-20,1032.51280
2011-05-22,1032.54840
2011-05-23,1032.56720
2011-05-24,1032.58600
2011-05-25,1032.60460
2011-05-26,1032.62320
2011-05-27,1032.64180
2011-05-29,1032.67890
2011-05-30,1032.69750
2011-05-31,1032.71610
2011-06-01,1032.73480
2011-06-02,1032.75330
2011-06-03,1032.76920
2011-06-05,1032.80100
2011-06-06,1032.81980
2011-06-07,1032.83850
2011-06-08,1032.85740
2011-06-09,1032.87630
2011-06-10,1032.89520
2011-06-12,1032.93290
2011-06-13,1032.95140
2011-06-14,1032.97020
2011-06-15,1032.98890
2011-06-16,1033.00770
2011-06-17,1033.02590
2011-06-19,1033.06230
2011-06-20,1033.08180
2011-06-21,1033.10120
2011-06-22,1033.12030
2011-06-23,1033.13970
2011-06-24,1033.15920
2011-06-26,1033.19810
2011-06-27,1033.21740
2011-06-28,1033.23710
2011-06-29,1033.25620
2011-06-30,1033.27550
2011-07-03,1033.33240
2011-07-04,1033.35040
2011-07-05,1033.37030
2011-07-06,1033.38970
2011-07-07,1033.40880
2011-07-08,1033.42830
2011-07-10,1033.46750
2011-07-11,1033.48720
2011-07-12,1033.50680
2011-07-13,1033.52640
2011-07-14,1033.54610
2011-07-15,1033.56280
2011-07-17,1033.59620
2011-07-18,1033.61580
2011-07-19,1033.63550
2011-07-20,1033.65520
2011-07-21,1033.67510
2011-07-22,1033.69510
2011-07-24,1033.73530
2011-07-25,1033.75510
2011-07-26,1033.77540
2011-07-27,1033.79690
2011-07-28,1033.81840
2011-07-29,1033.83730
2011-07-31,1033.87530
2011-08-01,1033.89640
2011-08-02,1033.91760
2011-08-03,1033.93870
2011-08-04,1033.95990
2011-08-05,1033.98120
2011-08-07,1034.02370
2011-08-08,1034.04490
2011-08-09,1034.06610
2011-08-10,1034.08720
2011-08-11,1034.10840
2011-08-12,1034.12660
2011-08-15,1034.18110
2011-08-16,1034.20230
2011-08-17,1034.22300
2011-08-18,1034.24430
2011-08-21,1034.30810
2011-08-22,1034.32970
2011-08-23,1034.35100
2011-08-24,1034.37220
2011-08-25,1034.39340
2011-08-26,1034.41160
2011-08-28,1034.44800
2011-08-29,1034.46910
2011-08-30,1034.49040
2011-09-01,1034.53290
2011-09-02,1034.55420
2011-09-04,1034.59670
2011-09-05,1034.61780
2011-09-06,1034.63830
2011-09-07,1034.65860
2011-09-08,1034.67990
2011-09-09,1034.69870
2011-09-11,1034.73630
2011-09-12,1034.75750
2011-09-13,1034.77860
2011-09-14,1034.79960
2011-09-15,1034.82080
2011-09-16,1034.84210
2011-09-18,1034.88480
2011-09-19,1034.90660
2011-09-20,1034.92850
2011-09-21,1034.95020
2011-09-22,1034.97200
2011-09-23,1034.99120
2011-09-25,1035.02950
2011-09-26,1035.05140
2011-09-27,1035.07330
2011-09-28,1035.09510
2011-09-29,1035.11720
2011-10-02,1035.18350
2011-10-03,1035.20500
2011-10-04,1035.22490
2011-10-05,1035.24400
2011-10-06,1035.26300
2011-10-07,1035.28120
2011-10-09,1035.31770
2011-10-10,1035.33950
2011-10-11,1035.36140
2011-10-12,1035.38320
2011-10-13,1035.40500
2011-10-14,1035.42670
2011-10-16,1035.47000
2011-10-17,1035.49180
2011-10-18,1035.51380
2011-10-19,1035.53570
2011-10-20,1035.55760
2011-10-21,1035.57690
2011-10-23,1035.61540
2011-10-24,1035.63730
2011-10-25,1035.65940
2011-10-27,1035.70340
2011-10-28,1035.72610
2011-10-30,1035.77140
2011-10-31,1035.79400
2011-11-01,1035.81640
2011-11-02,1035.83900
2011-11-03,1035.86130
2011-11-04,1035.87900
2011-11-07,1035.93220
2011-11-08,1035.95470
2011-11-09,1035.97760
2011-11-10,1036.00050
2011-11-11,1036.02330
2011-11-13,1036.06890
2011-11-14,1036.09150
2011-11-15,1036.11410
2011-11-16,1036.13680
2011-11-17,1036.15940
2011-11-18,1036.18190
2011-11-20,1036.22690
2011-11-21,1036.24950
2011-11-22,1036.27270
2011-11-23,1036.29560
2011-11-24,1036.31830
2011-11-25,1036.34110
2011-11-27,1036.38670
2011-11-28,1036.40910
2011-11-29,1036.43180
2011-11-30,1036.45450
2011-12-01,1036.47710
2011-12-02,1036.49870
2011-12-04,1036.54200
2011-12-05,1036.56470
2011-12-06,1036.58750
2011-12-07,1036.61000
2011-12-08,1036.63270
2011-12-09,1036.65550
2011-12-11,1036.70110
2011-12-12,1036.72370
2011-12-13,1036.74630
2011-12-14,1036.76910
2011-12-15,1036.79220
2011-12-16,1036.81630
2011-12-18,1036.86460
2011-12-19,1036.88790
2011-12-20,1036.91150
2011-12-21,1036.93510
2011-12-22,1036.95910
2011-12-23,1036.98400
2011-12-25,1037.03360
2011-12-26,1037.05660
2011-12-27,1037.07980
2011-12-28,1037.10260
2011-12-29,1037.12540
2011-12-30,1037.14550
2012-01-01,1037.18570
2012-01-02,1037.20890
2012-01-03,1037.23220
2012-01-04,1037.25490
2012-01-05,1037.27750
2012-01-06,1037.30030
2012-01-08,1037.34580
2012-01-09,1037.36850
2012-01-10,1037.39130
2012-01-11,1037.41430
2012-01-12,1037.43730
2012-01-13,1037.46100
2012-01-15,1037.50840
2012-01-16,1037.53110
2012-01-17,1037.55400
2012-01-18,1037.57730
2012-01-19,1037.60040
2012-01-20,1037.62340
2012-01-22,1037.66930
2012-01-23,1037.69230
2012-01-24,1037.71500
2012-01-25,1037.73800
2012-01-26,1037.76110
2012-01-27,1037.78480
2012-01-29,1037.83230
2012-01-30,1037.85540
2012-01-31,1037.87830
2012-02-01,1037.90110
2012-02-02,1037.92380
2012-02-03,1037.94650
2012-02-05,1037.99210
2012-02-06,1038.01460
2012-02-07,1038.03720
2012-02-08,1038.05990
2012-02-09,1038.08260
2012-02-10,1038.10520
2012-02-12,1038.15040
2012-02-13,1038.17320
2012-02-14,1038.19610
2012-02-15,1038.21930
2012-02-16,1038.24240
2012-02-17,1038.26550
2012-02-20,1038.33460
2012-02-21,1038.35710
2012-02-22,1038.37990
2012-02-23,1038.40270
2012-02-24,1038.42390
2012-02-26,1038.46630
2012-02-27,1038.48940
2012-02-28,1038.51270
2012-02-29,1038.53500
2012-03-01,1038.55910
2012-03-02,1038.58220
2012-03-04,1038.62830
2012-03-05,1038.65090
2012-03-06,1038.67370
2012-03-07,1038.69660
2012-03-08,1038.71960
2012-03-09,1038.74050
2012-03-11,1038.78240
2012-03-12,1038.80500
2012-03-13,1038.82690
2012-03-14,1038.84970
2012-03-15,1038.87260
2012-03-16,1038.89600
2012-03-18,1038.94280
2012-03-19,1038.96600
2012-03-20,1038.98890
2012-03-21,1039.01230
2012-03-22,1039.03720
2012-03-25,1039.11190
2012-03-26,1039.13530
2012-03-27,1039.15830
2012-03-28,1039.18090
2012-03-29,1039.20470
2012-03-30,1039.23500
2012-04-02,1039.32570
2012-04-03,1039.34910
2012-04-04,1039.37140
2012-04-08,1039.45890
2012-04-09,1039.48170
2012-04-10,1039.50410
2012-04-11,1039.52660
2012-04-12,1039.54910
2012-04-13,1039.57160
2012-04-15,1039.61660
2012-04-16,1039.63910
2012-04-17,1039.66170
2012-04-18,1039.68290
2012-04-19,1039.70420
2012-04-20,1039.72300
2012-04-22,1039.76060
2012-04-23,1039.78190
2012-04-24,1039.80340
2012-04-25,1039.82490
2012-04-26,1039.84640
2012-04-27,1039.86800
2012-04-29,1039.91120
2012-04-30,1039.93290
2012-05-01,1039.95460
2012-05-02,1039.97660
2012-05-03,1039.99830
2012-05-04,1040.01810
2012-05-06,1040.05750
2012-05-07,1040.07930
2012-05-08,1040.10100
2012-05-09,1040.12270
2012-05-10,1040.14460
2012-05-11,1040.16630
2012-05-13,1040.20970
2012-05-14,1040.23120
2012-05-15,1040.25270
2012-05-16,1040.27410
2012-05-17,1040.29530
2012-05-18,1040.31520
2012-05-20,1040.35480
2012-05-21,1040.37630
2012-05-22,1040.39780
2012-05-23,1040.41920
2012-05-24,1040.44040
2012-05-25,1040.46180
2012-05-27,1040.50470
2012-05-28,1040.52600
2012-05-29,1040.54730
2012-05-30,1040.56830
2012-05-31,1040.58970
2012-06-01,1040.60930
2012-06-03,1040.64850
2012-06-04,1040.66980
2012-06-05,1040.69120
2012-06-06,1040.71260
2012-06-07,1040.73410
2012-06-08,1040.75570
2012-06-10,1040.79880
2012-06-11,1040.82000
2012-06-12,1040.84140
2012-06-13,1040.86270
2012-06-14,1040.88370
2012-06-15,1040.90240
2012-06-17,1040.93980
2012-06-18,1040.96130
2012-06-19,1040.98270
2012-06-20,1041.00400
2012-06-21,1041.02520
2012-06-22,1041.04690
2012-06-24,1041.09040
2012-06-25,1041.11170
2012-06-26,1041.13250
2012-06-27,1041.15370
2012-06-28,1041.17490
2012-06-29,1041.19450
2012-07-02,1041.25330
2012-07-03,1041.27470
2012-07-04,1041.29600
2012-07-05,1041.31730
2012-07-06,1041.33870
2012-07-08,1041.38160
2012-07-09,1041.40290
2012-07-10,1041.42440
2012-07-11,1041.44570
2012-07-12,1041.46760
2012-07-13,1041.48870
2012-07-15,1041.53080
2012-07-16,1041.55280
2012-07-17,1041.57470
2012-07-18,1041.59670
2012-07-19,1041.61860
2012-07-20,1041.63990
2012-07-22,1041.68270
2012-07-23,1041.70380
2012-07-24,1041.72520
2012-07-25,1041.74630
2012-07-26,1041.76740
2012-07-27,1041.78820
2012-07-29,1041.82980
2012-07-30,1041.85110
2012-07-31,1041.87260
2012-08-01,1041.89390
2012-08-02,1041.91510
2012-08-03,1041.93660
2012-08-05,1041.97950
2012-08-06,1042.00070
2012-08-07,1042.02190
2012-08-08,1042.04320
2012-08-09,1042.06450
2012-08-10,1042.08530
2012-08-12,1042.12690
2012-08-13,1042.14820
2012-08-14,1042.16970
2012-08-15,1042.19120
2012-08-16,1042.21250
2012-08-17,1042.23390
2012-08-20,1042.29820
2012-08-21,1042.31940
2012-08-22,1042.34070
2012-08-23,1042.36180
2012-08-24,1042.38130
2012-08-26,1042.42020
2012-08-27,1042.44150
2012-08-28,1042.46280
2012-08-29,1042.48710
2012-08-30,1042.50840
2012-08-31,1042.52980
2012-09-02,1042.57250
2012-09-03,1042.59350
2012-09-04,1042.61470
2012-09-05,1042.63380
2012-09-06,1042.65260
2012-09-07,1042.67170
2012-09-09,1042.70980
2012-09-10,1042.73120
2012-09-11,1042.75260
2012-09-12,1042.77380
2012-09-13,1042.79480
2012-09-14,1042.81620
2012-09-16,1042.85900
2012-09-17,1042.88030
2012-09-18,1042.90180
2012-09-19,1042.92330
2012-09-20,1042.94470
2012-09-21,1042.96600
2012-09-23,1043.00840
2012-09-24,1043.02970
2012-09-25,1043.05110
2012-09-26,1043.07250
2012-09-27,1043.09390
2012-09-28,1043.11540
2012-09-30,1043.15850
2012-10-01,1043.17990
2012-10-02,1043.20120
2012-10-03,1043.22170
2012-10-04,1043.24280
2012-10-05,1043.26150
2012-10-07,1043.29890
2012-10-08,1043.31970
2012-10-09,1043.34160
2012-10-10,1043.36290
2012-10-11,1043.38430
2012-10-12,1043.40570
2012-10-14,1043.44840
2012-10-15,1043.46970
2012-10-16,1043.49100
2012-10-17,1043.51240
2012-10-18,1043.53450
2012-10-19,1043.55610
2012-10-21,1043.59950
2012-10-22,1043.62140
2012-10-23,1043.64420
2012-10-24,1043.66700
2012-10-25,1043.69000
2012-10-28,1043.75890
2012-10-29,1043.78170
2012-10-30,1043.80440
2012-10-31,1043.82710
2012-11-01,1043.84980
2012-11-02,1043.87030
2012-11-04,1043.91040
2012-11-05,1043.93340
2012-11-06,1043.95510
2012-11-07,1043.97750
2012-11-08,1043.99890
2012-11-09,1044.02100
2012-11-11,1044.06440
2012-11-12,1044.08570
2012-11-14,1044.12920
2012-11-15,1044.15110
2012-11-16,1044.17240
2012-11-18,1044.21510
2012-11-19,1044.23690
2012-11-20,1044.25870
2012-11-21,1044.28030
2012-11-22,1044.30190
2012-11-23,1044.32370
2012-11-25,1044.36730
2012-11-26,1044.38900
2012-11-27,1044.41080
2012-11-28,1044.43030
2012-11-29,1044.45430
2012-11-30,1044.47770
2012-12-02,1044.52060
2012-12-03,1044.54240
2012-12-04,1044.56500
2012-12-05,1044.58620
2012-12-06,1044.60620
2012-12-07,1044.62700
2012-12-09,1044.67050
2012-12-10,1044.69040
2012-12-11,1044.71040
2012-12-12,1044.73370
2012-12-13,1044.75770
2012-12-14,1044.77940
2012-12-16,1044.82260
2012-12-17,1044.84450
2012-12-18,1044.86660
2012-12-19,1044.88860
2012-12-20,1044.91060
2012-12-21,1044.93260
2012-12-23,1044.97640
2012-12-24,1044.99800
2012-12-25,1045.01990
2012-12-26,1045.04170
2012-12-27,1045.06350
2012-12-28,1045.08490
2012-12-30,1045.12780
2012-12-31,1045.15120
2013-01-01,1045.17300
2013-01-02,1045.19450
2013-01-03,1045.21680
2013-01-04,1045.23830
2013-01-06,1045.28120
2013-01-07,1045.30280
2013-01-08,1045.32430
2013-01-09,1045.34580
2013-01-10,1045.36740
2013-01-11,1045.38840
2013-01-13,1045.43030
2013-01-14,1045.45180
2013-01-15,1045.47320
2013-01-16,1045.49460
2013-01-17,1045.51600
2013-01-18,1045.53760
2013-01-20,1045.58070
2013-01-21,1045.60200
2013-01-22,1045.62330
2013-01-23,1045.64470
2013-01-24,1045.66450
2013-01-27,1045.72390
2013-01-28,1045.74530
2013-01-29,1045.76660
2013-01-30,1045.78730
2013-01-31,1045.80800
2013-02-01,1045.82890
2013-02-03,1045.87060
2013-02-04,1045.89120
2013-02-05,1045.91190
2013-02-06,1045.93250
2013-02-07,1045.95290
2013-02-08,1045.97160
2013-02-10,1046.00910
2013-02-11,1046.02980
2013-02-12,1046.05060
2013-02-13,1046.07260
2013-02-14,1046.09340
2013-02-15,1046.11440
2013-02-17,1046.15620
2013-02-18,1046.17710
2013-02-19,1046.19800
2013-02-20,1046.21880
2013-02-21,1046.23960
2013-02-22,1046.25880
2013-02-24,1046.29720
2013-02-25,1046.31780
2013-02-26,1046.33870
2013-02-27,1046.35960
2013-02-28,1046.38060
2013-03-01,1046.40160
2013-03-03,1046.44340
2013-03-04,1046.46400
2013-03-05,1046.48410
2013-03-06,1046.50460
2013-03-07,1046.52530
2013-03-08,1046.54440
2013-03-10,1046.58250
2013-03-11,1046.60330
2013-03-12,1046.62400
2013-03-13,1046.64440
2013-03-14,1046.66520
2013-03-15,1046.68640
2013-03-17,1046.72890
2013-03-18,1046.74980
2013-03-19,1046.77070
2013-03-20,1046.79070
2013-03-21,1046.81110
2013-03-22,1046.83100
2013-03-24,1046.87070
2013-03-25,1046.89100
2013-03-26,1046.91370
2013-03-27,1046.93630
2013-03-28,1046.96920
2013-04-01,1047.10080
2013-04-02,1047.12000
2013-04-03,1047.13780
2013-04-04,1047.15710
2013-04-05,1047.17320
2013-04-07,1047.20520
2013-04-08,1047.22520
2013-04-09,1047.24490
2013-04-10,1047.26510
2013-04-11,1047.28520
2013-04-12,1047.30530
2013-04-14,1047.34550
2013-04-15,1047.36570
2013-04-16,1047.38570
2013-04-17,1047.40590
2013-04-18,1047.42340
2013-04-21,1047.47530
2013-04-22,1047.49550
2013-04-23,1047.51570
2013-04-24,1047.53590
2013-04-25,1047.55620
2013-04-26,1047.57650
2013-04-28,1047.61700
2013-04-29,1047.63710
2013-04-30,1047.65780
2013-05-01,1047.67840
2013-05-02,1047.69860
2013-05-03,1047.71600
2013-05-05,1047.75100
2013-05-06,1047.77050
2013-05-07,1047.79000
2013-05-08,1047.80950
2013-05-09,1047.82890
2013-05-10,1047.84850
2013-05-12,1047.88740
2013-05-13,1047.90690
2013-05-14,1047.92620
2013-05-15,1047.94540
2013-05-16,1047.96500
2013-05-17,1047.98260
2013-05-19,1048.01770
2013-05-20,1048.03720
2013-05-21,1048.05670
2013-05-22,1048.07620
2013-05-23,1048.09570
2013-05-24,1048.11540
2013-05-26,1048.15470
2013-05-27,1048.17410
2013-05-28,1048.19360
2013-05-29,1048.21300
2013-05-30,1048.23250
2013-05-31,1048.24970
2013-06-02,1048.28390
2013-06-03,1048.30340
2013-06-04,1048.32330
2013-06-05,1048.34260
2013-06-06,1048.36210
2013-06-07,1048.38170
2013-06-09,1048.42070
2013-06-10,1048.44010
2013-06-11,1048.45930
2013-06-12,1048.47850
2013-06-13,1048.49770
2013-06-14,1048.51440
2013-06-16,1048.54780
2013-06-17,1048.56710
2013-06-18,1048.58650
2013-06-19,1048.60590
2013-06-20,1048.62540
2013-06-21,1048.64490
2013-06-23,1048.68400
2013-06-24,1048.70330
2013-06-25,1048.72250
2013-06-26,1048.74180
2013-06-27,1048.76130
2013-06-28,1048.77940
2013-07-01,1048.83350
2013-07-02,1048.85280
2013-07-03,1048.87200
2013-07-04,1048.89020
2013-07-05,1048.90760
2013-07-07,1048.94220
2013-07-08,1048.96160
2013-07-09,1048.98100
2013-07-10,1049.00050
2013-07-11,1049.01980
2013-07-12,1049.03720
2013-07-14,1049.07190
2013-07-15,1049.09140
2013-07-16,1049.11560
2013-07-17,1049.13840
2013-07-18,1049.15840
2013-07-19,1049.17780
2013-07-21,1049.21670
2013-07-22,1049.23600
2013-07-23,1049.25540
2013-07-24,1049.28130
2013-07-25,1049.30300
2013-07-26,1049.32730
2013-07-28,1049.37590
2013-07-29,1049.40360
2013-07-30,1049.43180
2013-07-31,1049.46070
2013-08-01,1049.48930
2013-08-02,1049.51700
2013-08-04,1049.57220
2013-08-05,1049.59710
2013-08-06,1049.60890
2013-08-07,1049.62200
2013-08-08,1049.63520
2013-08-11,1049.67490
2013-08-12,1049.68900
2013-08-13,1049.70330
2013-08-14,1049.71760
2013-08-15,1049.73200
2013-08-16,1049.74630
2013-08-18,1049.77500
2013-08-19,1049.78930
2013-08-20,1049.80360
2013-08-21,1049.81780
2013-08-22,1049.83210
2013-08-23,1049.84460
2013-08-25,1049.86970
2013-08-26,1049.88440
2013-08-27,1049.89870
2013-08-28,1049.91290
2013-08-29,1049.92720
2013-08-30,1049.94160
2013-09-01,1049.97030
2013-09-02,1049.98460
2013-09-03,1049.99870
2013-09-04,1050.01270
2013-09-05,1050.02670
2013-09-06,1050.03970
2013-09-09,1050.07840
2013-09-10,1050.09270
2013-09-11,1050.10710
2013-09-12,1050.12140
2013-09-13,1050.13590
2013-09-15,1050.16480
2013-09-16,1050.17930
2013-09-17,1050.19370
2013-09-18,1050.20810
2013-09-19,1050.22240
2013-09-20,1050.23590
2013-09-22,1050.26290
2013-09-23,1050.27630
2013-09-24,1050.28970
2013-09-25,1050.30310
2013-09-26,1050.31650
2013-09-27,1050.33000
2013-09-29,1050.35700
2013-09-30,1050.37060
2013-10-01,1050.38410
2013-10-02,1050.39760
2013-10-03,1050.41100
2013-10-04,1050.42300
2013-10-06,1050.44700
2013-10-07,1050.46060
2013-10-08,1050.47340
2013-10-09,1050.48640
2013-10-10,1050.49940
2013-10-11,1050.51240
2013-10-13,1050.53830
2013-10-14,1050.55130
2013-10-15,1050.56420
2013-10-16,1050.57720
2013-10-17,1050.59010
2013-10-18,1050.60130
2013-10-20,1050.62360
2013-10-21,1050.63610
2013-10-22,1050.64880
2013-10-23,1050.66150
2013-10-24,1050.67420
2013-10-25,1050.68700
2013-10-27,1050.71240
2013-10-28,1050.72510
2013-10-29,1050.73750
2013-10-30,1050.74980
2013-10-31,1050.76220
2013-11-01,1050.77420
2013-11-04,1050.80880
2013-11-05,1050.82110
2013-11-06,1050.83290
2013-11-07,1050.84470
2013-11-08,1050.85310
2013-11-10,1050.88070
2013-11-11,1050.89280
2013-11-12,1050.90490
2013-11-13,1050.91710
2013-11-14,1050.92950
2013-11-17,1050.96570
2013-11-18,1050.97770
2013-11-19,1050.98980
2013-11-20,1051.00180
2013-11-21,1051.01390
2013-11-22,1051.02590
2013-11-24,1051.05000
2013-11-25,1051.06200
2013-11-26,1051.07400
2013-11-27,1051.08590
2013-11-28,1051.09800
2013-11-29,1051.10980
2013-12-01,1051.13330
2013-12-02,1051.14510
2013-12-03,1051.15640
2013-12-04,1051.16730
2013-12-05,1051.18070
2013-12-06,1051.19230
2013-12-08,1051.21550
2013-12-09,1051.22650
2013-12-10,1051.23780
2013-12-11,1051.24940
2013-12-12,1051.26110
2013-12-13,1051.27320
2013-12-15,1051.29630
2013-12-16,1051.30820
2013-12-17,1051.32040
2013-12-18,1051.33280
2013-12-19,1051.34510
2013-12-20,1051.35740
2013-12-22,1051.38190
2013-12-23,1051.39420
2013-12-24,1051.40530
2013-12-25,1051.41880
2013-12-26,1051.43050
2013-12-27,1051.44290
2013-12-29,1051.46750
2013-12-30,1051.47990
2013-12-31,1051.49240
2014-01-01,1051.50510
2014-01-02,1051.51670
2014-01-03,1051.52650
2014-01-05,1051.55010
2014-01-06,1051.56180
2014-01-07,1051.57370
2014-01-08,1051.58590
2014-01-09,1051.59810
2014-01-10,1051.60980
2014-01-12,1051.63330
2014-01-13,1051.64530
2014-01-14,1051.65730
2014-01-15,1051.66940
2014-01-16,1051.68160
2014-01-17,1051.69380
2014-01-19,1051.71820
2014-01-20,1051.73040
2014-01-21,1051.74230
2014-01-22,1051.75510
2014-01-23,1051.76730
2014-01-24,1051.77920
2014-01-26,1051.80250
2014-01-27,1051.81410
2014-01-28,1051.82600
2014-01-29,1051.83790
2014-01-30,1051.84980
2014-01-31,1051.86170
2014-02-02,1051.88540
2014-02-03,1051.89700
2014-02-04,1051.90860
2014-02-05,1051.92060
2014-02-06,1051.93230
2014-02-07,1051.94400
2014-02-09,1051.96740
2014-02-10,1051.97930
2014-02-11,1051.99110
2014-02-12,1052.00300
2014-02-13,1052.01480
2014-02-14,1052.02680
2014-02-16,1052.05060
2014-02-17,1052.06250
2014-02-18,1052.07420
2014-02-19,1052.08580
2014-02-20,1052.09740
2014-02-21,1052.10890
2014-02-23,1052.13210
2014-02-24,1052.14370
2014-02-25,1052.15500
2014-02-26,1052.16700
2014-02-27,1052.17880
2014-02-28,1052.19070
2014-03-02,1052.21510
2014-03-03,1052.22680
2014-03-04,1052.23850
2014-03-05,1052.25020
2014-03-06,1052.26190
2014-03-07,1052.27320
2014-03-09,1052.29590
2014-03-10,1052.30310
2014-03-11,1052.31540
2014-03-12,1052.32760
2014-03-13,1052.34000
2014-03-14,1052.35300
2014-03-17,1052.39230
2014-03-18,1052.40540
2014-03-19,1052.41860
2014-03-20,1052.43240
2014-03-21,1052.44580
2014-03-23,1052.47250
2014-03-24,1052.48570
2014-03-25,1052.49930
2014-03-26,1052.51250
2014-03-27,1052.52610
2014-03-28,1052.54800
2014-04-01,1052.60470
2014-04-02,1052.61820
2014-04-03,1052.63190
2014-04-04,1052.64490
2014-04-06,1052.67090
2014-04-07,1052.68380
2014-04-08,1052.69670
2014-04-09,1052.70970
2014-04-10,1052.72270
2014-04-11,1052.73560
2014-04-14,1052.77440
2014-04-15,1052.78740
2014-04-16,1052.80020
2014-04-17,1052.81280
2014-04-20,1052.85060
2014-04-21,1052.86330
2014-04-22,1052.87640
2014-04-23,1052.88960
2014-04-24,1052.90280
2014-04-25,1052.91580
2014-04-27,1052.94210
2014-04-28,1052.95510
2014-04-29,1052.96810
2014-04-30,1052.97970
2014-05-01,1052.99440
2014-05-02,1053.00790
2014-05-04,1053.03390
2014-05-05,1053.04710
2014-05-06,1053.06000
2014-05-07,1053.07300
2014-05-08,1053.08590
2014-05-09,1053.09410
2014-05-11,1053.12380
2014-05-12,1053.13650
2014-05-13,1053.14920
2014-05-14,1053.16190
2014-05-15,1053.17450
2014-05-16,1053.18710
2014-05-18,1053.21230
2014-05-19,1053.22480
2014-05-20,1053.23690
2014-05-21,1053.24910
2014-05-22,1053.26100
2014-05-23,1053.26950
2014-05-25,1053.29720
2014-05-26,1053.30870
2014-05-27,1053.32080
2014-05-28,1053.33290
2014-05-29,1053.34500
2014-05-30,1053.35760
2014-06-01,1053.38160
2014-06-02,1053.39350
2014-06-03,1053.40560
2014-06-04,1053.41770
2014-06-05,1053.42980
2014-06-06,1053.44100
2014-06-08,1053.46990
2014-06-09,1053.48200
2014-06-10,1053.49390
2014-06-11,1053.50570
2014-06-12,1053.51750
2014-06-13,1053.52940
2014-06-15,1053.55350
2014-06-16,1053.56560
2014-06-17,1053.57770
2014-06-18,1053.58990
2014-06-19,1053.60180
2014-06-20,1053.61350
2014-06-22,1053.63710
2014-06-23,1053.64880
2014-06-24,1053.66060
2014-06-25,1053.67250
2014-06-26,1053.68430
2014-06-27,1053.69620
2014-06-29,1053.72020
2014-06-30,1053.73220
2014-07-01,1053.74440
2014-07-02,1053.75750
2014-07-03,1053.76920
2014-07-04,1053.78110
2014-07-06,1053.80470
2014-07-07,1053.81650
2014-07-08,1053.82850
2014-07-09,1053.84040
2014-07-10,1053.85240
2014-07-11,1053.86430
2014-07-13,1053.88810
2014-07-14,1053.90000
2014-07-15,1053.91190
2014-07-16,1053.92380
2014-07-17,1053.93550
2014-07-18,1053.94490
2014-07-20,1053.97100
2014-07-21,1053.98280
2014-07-22,1053.99440
2014-07-23,1054.00630
2014-07-24,1054.01840
2014-07-25,1054.03040
2014-07-27,1054.05430
2014-07-28,1054.06620
2014-07-29,1054.07810
2014-07-30,1054.09010
2014-07-31,1054.10160
2014-08-01,1054.11250
2014-08-03,1054.13590
2014-08-04,1054.14760
2014-08-05,1054.16110
2014-08-06,1054.17230
2014-08-07,1054.18410
2014-08-08,1054.19490
2014-08-10,1054.21880
2014-08-11,1054.23020
2014-08-12,1054.24230
2014-08-13,1054.25430
2014-08-14,1054.26670
2014-08-18,1054.31610
2014-08-19,1054.32880
2014-08-20,1054.34090
2014-08-21,1054.35310
2014-08-22,1054.36270
2014-08-24,1054.38860
2014-08-25,1054.40080
2014-08-26,1054.41280
2014-08-27,1054.42470
2014-08-28,1054.43650
2014-08-31,1054.47260
2014-09-01,1054.48600
2014-09-02,1054.49750
2014-09-03,1054.50930
2014-09-04,1054.52100
2014-09-05,1054.53300
2014-09-07,1054.55700
2014-09-08,1054.56920
2014-09-09,1054.58100
2014-09-10,1054.59280
2014-09-11,1054.60500
2014-09-12,1054.61700
2014-09-14,1054.64090
2014-09-15,1054.65300
2014-09-16,1054.66510
2014-09-17,1054.67730
2014-09-18,1054.68980
2014-09-19,1054.70230
2014-09-21,1054.72660
2014-09-22,1054.73910
2014-09-23,1054.75130
2014-09-24,1054.76380
2014-09-25,1054.77590
2014-09-26,1054.78790
2014-09-28,1054.81200
2014-09-29,1054.82390
2014-09-30,1054.83940
2014-10-01,1054.85240
2014-10-06,1054.91250
2014-10-07,1054.92440
2014-10-08,1054.93770
2014-10-09,1054.95010
2014-10-10,1054.96200
2014-10-12,1054.98580
2014-10-13,1054.99760
2014-10-14,1055.00960
2014-10-15,1055.02170
2014-10-16,1055.03340
2014-10-17,1055.03960
2014-10-19,1055.06920
2014-10-20,1055.08120
2014-10-21,1055.09310
2014-10-22,1055.10500
2014-10-26,1055.15290
2014-10-27,1055.16520
2014-10-28,1055.17720
2014-10-29,1055.18940
2014-10-30,1055.20130
2014-10-31,1055.21340
2014-11-02,1055.23520
2014-11-03,1055.24780
2014-11-04,1055.25840
2014-11-05,1055.26910
2014-11-06,1055.28090
2014-11-07,1055.29270
2014-11-09,1055.31420
2014-11-10,1055.32630
2014-11-11,1055.33660
2014-11-12,1055.34720
2014-11-13,1055.35800
2014-11-14,1055.36850
2014-11-16,1055.38990
2014-11-17,1055.40110
2014-11-18,1055.41210
2014-11-19,1055.42270
2014-11-20,1055.43330
2014-11-21,1055.44410
2014-11-23,1055.46570
2014-11-24,1055.47610
2014-11-25,1055.48780
2014-11-26,1055.49850
2014-11-27,1055.50900
2014-11-28,1055.51970
2014-11-30,1055.54110
2014-12-01,1055.55300
2014-12-02,1055.56370
2014-12-03,1055.57370
2014-12-04,1055.58500
2014-12-05,1055.59580
2014-12-07,1055.61720
2014-12-08,1055.62820
2014-12-09,1055.63880
2014-12-10,1055.64930
2014-12-11,1055.65930
2014-12-12,1055.67000
2014-12-14,1055.69140
2014-12-15,1055.70220
2014-12-16,1055.71300
2014-12-17,1055.72380
2014-12-18,1055.73460
2014-12-19,1055.74540
2014-12-21,1055.76690
2014-12-22,1055.77860
2014-12-23,1055.78940
2014-12-24,1055.80010
2014-12-25,1055.81080
2014-12-26,1055.82160
2014-12-28,1055.84310
2014-12-29,1055.85380
2014-12-30,1055.86490
2014-12-31,1055.87640
2015-01-01,1055.88730
2015-01-02,1055.89840
2015-01-04,1055.91980
2015-01-05,1055.93080
2015-01-06,1055.94210
2015-01-07,1055.95290
2015-01-08,1055.96350
2015-01-09,1055.97450
2015-01-11,1055.99600
2015-01-12,1056.00670
2015-01-13,1056.01740
2015-01-14,1056.02810
2015-01-15,1056.03980
2015-01-16,1056.05010
2015-01-18,1056.07450
2015-01-19,1056.08610
2015-01-20,1056.09860
2015-01-21,1056.10950
2015-01-22,1056.12150
2015-01-23,1056.12590
2015-01-26,1056.16790
2015-01-27,1056.17950
2015-01-28,1056.19080
2015-01-29,1056.20250
2015-01-30,1056.21300
2015-02-01,1056.23810
2015-02-02,1056.24970
2015-02-03,1056.26200
2015-02-04,1056.27360
2015-02-05,1056.28520
2015-02-06,1056.29690
2015-02-08,1056.32010
2015-02-09,1056.33150
2015-02-10,1056.34310
2015-02-11,1056.35390
2015-02-12,1056.36480
2015-02-13,1056.37670
2015-02-15,1056.40010
2015-02-16,1056.41190
2015-02-17,1056.42360
2015-02-18,1056.43520
2015-02-19,1056.44690
2015-02-20,1056.45730
2015-02-22,1056.48170
2015-02-23,1056.49350
2015-02-24,1056.50560
2015-02-25,1056.51790
2015-02-26,1056.52950
2015-02-27,1056.53930
2015-03-01,1056.56400
2015-03-02,1056.57560
2015-03-03,1056.58730
2015-03-04,1056.59970
2015-03-05,1056.61480
2015-03-08,1056.65060
2015-03-09,1056.66260
2015-03-10,1056.67420
2015-03-11,1056.68630
2015-03-12,1056.69830
2015-03-13,1056.71030
2015-03-15,1056.73440
2015-03-16,1056.74640
2015-03-17,1056.75850
2015-03-18,1056.77030
2015-03-19,1056.78230
2015-03-20,1056.79540
2015-03-22,1056.81990
2015-03-23,1056.83220
2015-03-24,1056.84440
2015-03-25,1056.85680
2015-03-26,1056.86910
2015-03-27,1056.87870
2015-03-29,1056.90470
2015-03-30,1056.91750
2015-03-31,1056.93400
2015-04-05,1056.99590
2015-04-06,1057.00990
2015-04-07,1057.02270
2015-04-08,1057.03550
2015-04-09,1057.04760
2015-04-10,1057.05990
2015-04-12,1057.08430
2015-04-13,1057.09650
2015-04-14,1057.10870
2015-04-15,1057.12210
2015-04-16,1057.13430
2015-04-17,1057.14640
2015-04-19,1057.17070
2015-04-20,1057.18270
2015-04-21,1057.19470
2015-04-22,1057.20780
2015-04-23,1057.21960
2015-04-24,1057.23140
2015-04-26,1057.25500
2015-04-27,1057.26660
2015-04-28,1057.27860
2015-04-29,1057.29170
2015-04-30,1057.30340
2015-05-04,1057.35020
2015-05-05,1057.36030
2015-05-06,1057.37300
2015-05-07,1057.38450
2015-05-08,1057.39610
2015-05-10,1057.41920
2015-05-11,1057.43050
2015-05-12,1057.44200
2015-05-13,1057.45350
2015-05-14,1057.46550
2015-05-15,1057.47520
2015-05-17,1057.49950
2015-05-18,1057.51100
2015-05-19,1057.52260
2015-05-20,1057.53410
2015-05-21,1057.54580
2015-05-22,1057.54920
2015-05-24,1057.58000
2015-05-25,1057.59150
2015-05-26,1057.60310
2015-05-27,1057.61470
2015-05-28,1057.62630
2015-05-29,1057.63790
2015-05-31,1057.66110
2015-06-01,1057.67260
2015-06-02,1057.68440
2015-06-03,1057.69600
2015-06-04,1057.70750
2015-06-05,1057.71900
2015-06-07,1057.74200
2015-06-08,1057.75500
2015-06-09,1057.76630
2015-06-10,1057.77770
2015-06-11,1057.78960
2015-06-12,1057.80110
2015-06-14,1057.82400
2015-06-15,1057.83540
2015-06-16,1057.84690
2015-06-17,1057.85830
2015-06-18,1057.87090
2015-06-19,1057.88230
2015-06-21,1057.90520
2015-06-22,1057.91660
2015-06-23,1057.92800
2015-06-24,1057.94110
2015-06-25,1057.95250
2015-06-26,1057.96390
2015-06-28,1057.98670
2015-06-29,1057.99810
2015-06-30,1058.01070
2015-07-01,1058.02200
2015-07-02,1058.03340
2015-07-03,1058.04180
2015-07-05,1058.06760
2015-07-06,1058.07900
2015-07-07,1058.09020
2015-07-08,1058.10140
2015-07-09,1058.11390
2015-07-10,1058.12480
2015-07-12,1058.14670
2015-07-13,1058.15790
2015-07-14,1058.16920
2015-07-15,1058.18030
2015-07-16,1058.19200
2015-07-17,1058.20500
2015-07-19,1058.22690
2015-07-20,1058.23770
2015-07-21,1058.24950
2015-07-22,1058.26130
2015-07-23,1058.27310
2015-07-24,1058.28390
2015-07-26,1058.30570
2015-07-27,1058.31670
2015-07-28,1058.32770
2015-07-29,1058.33890
2015-07-30,1058.35020
2015-07-31,1058.36100
2015-08-02,1058.38270
2015-08-03,1058.39400
2015-08-04,1058.40490
2015-08-05,1058.41600
2015-08-06,1058.42750
2015-08-07,1058.43840
2015-08-09,1058.46030
2015-08-10,1058.47140
2015-08-11,1058.48230
2015-08-12,1058.49190
2015-08-13,1058.50140
2015-08-14,1058.51110
2015-08-16,1058.53050
2015-08-17,1058.53930
2015-08-18,1058.54980
2015-08-19,1058.55950
2015-08-20,1058.56910
2015-08-21,1058.57890
2015-08-23,1058.59830
2015-08-24,1058.60800
2015-08-25,1058.61830
2015-08-26,1058.62820
2015-08-27,1058.63760
2015-08-28,1058.64710
2015-08-30,1058.66570
2015-08-31,1058.67510
2015-09-01,1058.68450
2015-09-02,1058.69390
2015-09-03,1058.70450
2015-09-04,1058.71220
2015-09-06,1058.73250
2015-09-07,1058.74200
2015-09-08,1058.75180
2015-09-09,1058.76120
2015-09-10,1058.77070
2015-09-11,1058.78020
2015-09-13,1058.79900
2015-09-14,1058.80850
2015-09-15,1058.81790
2015-09-16,1058.82750
2015-09-17,1058.83700
2015-09-18,1058.84650
2015-09-20,1058.86560
2015-09-21,1058.87510
2015-09-22,1058.88440
2015-09-23,1058.89410
2015-09-24,1058.90370
2015-09-27,1058.93220
2015-09-28,1058.94130
2015-09-29,1058.95080
2015-09-30,1058.96020
2015-10-01,1058.96860
2015-10-04,1058.99690
2015-10-05,1059.00680
2015-10-06,1059.02040
2015-10-07,1059.02960
2015-10-08,1059.04530
2015-10-09,1059.05440
2015-10-11,1059.07260
2015-10-12,1059.08160
2015-10-13,1059.09050
2015-10-14,1059.10000
2015-10-15,1059.10920
2015-10-16,1059.11840
2015-10-18,1059.13700
2015-10-19,1059.14640
2015-10-20,1059.15600
2015-10-21,1059.16770
2015-10-22,1059.17680
2015-10-23,1059.18430
2015-10-25,1059.20420
2015-10-26,1059.21340
2015-10-27,1059.22270
2015-10-28,1059.23180
2015-10-29,1059.24100
2015-10-30,1059.25030
2015-11-01,1059.26870
2015-11-02,1059.27780
2015-11-03,1059.28690
2015-11-04,1059.29660
2015-11-05,1059.30630
2015-11-06,1059.31390
2015-11-08,1059.33330
2015-11-09,1059.34240
2015-11-10,1059.35140
2015-11-12,1059.36960
2015-11-13,1059.37850
2015-11-15,1059.39650
2015-11-16,1059.40640
2015-11-17,1059.41510
2015-11-18,1059.42400
2015-11-19,1059.43300
2015-11-20,1059.44190
2015-11-22,1059.45980
2015-11-23,1059.46870
2015-11-24,1059.47800
2015-11-25,1059.48700
2015-11-26,1059.49580
2015-11-27,1059.50450
2015-11-29,1059.52270
2015-11-30,1059.53210
2015-12-01,1059.54110
2015-12-02,1059.55020
2015-12-03,1059.55940
2015-12-04,1059.56780
2015-12-06,1059.58570
2015-12-07,1059.59300
2015-12-08,1059.60220
2015-12-09,1059.61120
2015-12-10,1059.62000
2015-12-11,1059.62950
2015-12-13,1059.64770
2015-12-14,1059.65780
2015-12-15,1059.66800
2015-12-16,1059.67880
2015-12-17,1059.68930
2015-12-18,1059.69870
2015-12-20,1059.72040
2015-12-21,1059.73090
2015-12-22,1059.74130
2015-12-23,1059.75150
2015-12-27,1059.79280
2015-12-28,1059.80310
2015-12-29,1059.81350
2015-12-30,1059.82410
2015-12-31,1059.83470
2016-01-01,1059.84520
2016-01-03,1059.86620
2016-01-04,1059.87690
2016-01-05,1059.88740
2016-01-06,1059.89770
2016-01-07,1059.90810
2016-01-08,1059.91850
2016-01-10,1059.93930
2016-01-11,1059.94960
2016-01-12,1059.96080
2016-01-13,1059.97120
2016-01-14,1059.98160
2016-01-15,1059.99210
2016-01-17,1060.01300
2016-01-18,1060.02360
2016-01-19,1060.03400
2016-01-20,1060.04470
2016-01-21,1060.05500
2016-01-22,1060.06510
2016-01-24,1060.08540
2016-01-25,1060.09560
2016-01-26,1060.10580
2016-01-27,1060.11630
2016-01-28,1060.12680
2016-01-29,1060.13720
2016-01-31,1060.15800
2016-02-01,1060.16850
2016-02-02,1060.17890
2016-02-03,1060.18940
2016-02-04,1060.19980
2016-02-05,1060.20660
2016-02-07,1060.23060
2016-02-08,1060.24130
2016-02-09,1060.25200
2016-02-10,1060.26270
2016-02-11,1060.27340
2016-02-12,1060.28410
2016-02-14,1060.30540
2016-02-15,1060.31600
2016-02-16,1060.32660
2016-02-17,1060.33720
2016-02-18,1060.34780
2016-02-21,1060.37960
2016-02-22,1060.39010
2016-02-23,1060.40050
2016-02-24,1060.41090
2016-02-25,1060.42120
2016-02-26,1060.43150
2016-02-28,1060.45210
2016-02-29,1060.46210
2016-03-01,1060.47260
2016-03-02,1060.48320
2016-03-03,1060.49370
2016-03-04,1060.50440
2016-03-07,1060.53690
2016-03-08,1060.54850
2016-03-09,1060.55960
2016-03-10,1060.57080
2016-03-11,1060.57890
2016-03-13,1060.60360
2016-03-14,1060.61500
2016-03-15,1060.62640
2016-03-16,1060.63810
2016-03-17,1060.64970
2016-03-18,1060.66130
2016-03-20,1060.68460
2016-03-21,1060.69630
2016-03-22,1060.70790
2016-03-23,1060.71940
2016-03-27,1060.76550
2016-03-28,1060.77700
2016-03-29,1060.78850
2016-03-30,1060.80030
2016-03-31,1060.81450
2016-04-03,1060.84990
2016-04-04,1060.86130
2016-04-05,1060.87270
2016-04-06,1060.88410
2016-04-07,1060.89570
2016-04-10,1060.92920
2016-04-11,1060.94410
2016-04-12,1060.95530
2016-04-13,1060.96630
2016-04-17,1061.01050
2016-04-18,1061.02170
2016-04-19,1061.03360
2016-04-20,1061.04590
2016-04-21,1061.05660
2016-04-22,1061.06730
2016-04-24,1061.08880
2016-04-25,1061.09940
2016-04-26,1061.11050
2016-04-27,1061.12120
2016-04-28,1061.13180
2016-04-29,1061.14110
2016-05-01,1061.16290
2016-05-02,1061.17370
2016-05-03,1061.18410
2016-05-04,1061.19440
2016-05-05,1061.20470
2016-05-06,1061.21490
2016-05-08,1061.23550
2016-05-09,1061.24560
2016-05-10,1061.25630
2016-05-11,1061.26670
2016-05-12,1061.27710
2016-05-13,1061.28750
2016-05-15,1061.30820
2016-05-16,1061.31860
2016-05-17,1061.32890
2016-05-18,1061.33920
2016-05-19,1061.34950
2016-05-20,1061.35920
2016-05-22,1061.38040
2016-05-23,1061.39090
2016-05-24,1061.40120
2016-05-25,1061.41160
2016-05-26,1061.42190
2016-05-27,1061.43230
2016-05-29,1061.45300
2016-05-30,1061.46320
2016-05-31,1061.47350
2016-06-01,1061.48450
2016-06-02,1061.49490
2016-06-03,1061.50520
2016-06-05,1061.52590
2016-06-06,1061.53710
2016-06-07,1061.54780
2016-06-08,1061.55800
2016-06-09,1061.56820
2016-06-10,1061.57870
2016-06-12,1061.59920
2016-06-13,1061.60930
2016-06-14,1061.61920
2016-06-15,1061.62930
2016-06-16,1061.63960
2016-06-17,1061.64920
2016-06-19,1061.66910
2016-06-20,1061.67810
2016-06-21,1061.69510
2016-06-22,1061.71600
2016-06-23,1061.72650
2016-06-24,1061.73490
2016-06-26,1061.75630
2016-06-27,1061.76660
2016-06-28,1061.77800
2016-06-29,1061.78830
2016-06-30,1061.80020
2016-07-01,1061.81040
2016-07-03,1061.83060
2016-07-04,1061.84100
2016-07-05,1061.85040
2016-07-06,1061.86100
2016-07-07,1061.87100
2016-07-08,1061.88170
2016-07-10,1061.90140
2016-07-11,1061.91120
2016-07-12,1061.92120
2016-07-13,1061.93100
2016-07-14,1061.94050
2016-07-15,1061.95100
2016-07-17,1061.97030
2016-07-18,1061.98010
2016-07-19,1061.98980
2016-07-20,1061.99960
2016-07-21,1062.00930
2016-07-22,1062.01920
2016-07-24,1062.03830
2016-07-25,1062.04790
2016-07-26,1062.05780
2016-07-27,1062.06750
2016-07-28,1062.07730
2016-07-29,1062.08720
2016-07-31,1062.10700
2016-08-01,1062.11670
2016-08-02,1062.12610
2016-08-03,1062.13610
2016-08-04,1062.14570
2016-08-05,1062.15530
2016-08-07,1062.17460
2016-08-08,1062.18420
2016-08-09,1062.19390
2016-08-10,1062.20360
2016-08-11,1062.21340
2016-08-12,1062.22300
2016-08-15,1062.25210
2016-08-16,1062.26160
2016-08-17,1062.27150
2016-08-18,1062.28120
2016-08-19,1062.29070
2016-08-21,1062.30950
2016-08-22,1062.31910
2016-08-23,1062.32860
2016-08-24,1062.33790
2016-08-25,1062.34850
2016-08-26,1062.35790
2016-08-28,1062.37660
2016-08-29,1062.38560
2016-08-30,1062.39550
2016-08-31,1062.40490
2016-09-01,1062.41420
2016-09-02,1062.42320
2016-09-05,1062.44990
2016-09-06,1062.45910
2016-09-07,1062.46850
2016-09-08,1062.47790
2016-09-09,1062.48720
2016-09-11,1062.50580
2016-09-12,1062.51490
2016-09-13,1062.52440
2016-09-14,1062.53400
2016-09-15,1062.54340
2016-09-16,1062.55210
2016-09-18,1062.57100
2016-09-19,1062.58050
2016-09-20,1062.59050
2016-09-21,1062.60040
2016-09-22,1062.60980
2016-09-23,1062.61560
2016-09-25,1062.63630
2016-09-26,1062.64640
2016-09-27,1062.65580
2016-09-28,1062.66500
2016-09-29,1062.67460
2016-09-30,1062.68800
2016-10-02,1062.70690
2016-10-03,1062.71750
2016-10-04,1062.72720
2016-10-05,1062.73750
2016-10-06,1062.74670
2016-10-07,1062.75720
2016-10-09,1062.77560
2016-10-10,1062.78550
2016-10-12,1062.80400
2016-10-13,1062.81360
2016-10-14,1062.82290
2016-10-16,1062.84160
2016-10-17,1062.85080
2016-10-18,1062.86080
2016-10-19,1062.87120
2016-10-20,1062.88050
2016-10-21,1062.88970
2016-10-23,1062.90820
2016-10-24,1062.91750
2016-10-25,1062.92680
2016-10-26,1062.93650
2016-10-27,1062.94570
2016-10-28,1062.95520
2016-10-31,1062.98380
2016-11-01,1062.99320
2016-11-02,1063.00270
2016-11-03,1063.01230
2016-11-04,1063.02170
2016-11-06,1063.04040
2016-11-07,1063.04970
2016-11-08,1063.05910
2016-11-09,1063.06850
2016-11-10,1063.07780
2016-11-11,1063.08730
2016-11-14,1063.11550
2016-11-15,1063.12480
2016-11-16,1063.13430
2016-11-17,1063.14360
2016-11-18,1063.15310
2016-11-20,1063.17160
2016-11-21,1063.18080
2016-11-22,1063.19020
2016-11-23,1063.19950
2016-11-24,1063.20900
2016-11-25,1063.21780
2016-11-27,1063.23630
2016-11-28,1063.24560
2016-11-29,1063.25470
2016-11-30,1063.26440
2016-12-01,1063.27390
2016-12-02,1063.28310
2016-12-04,1063.30140
2016-12-05,1063.31050
2016-12-06,1063.31960
2016-12-07,1063.32860
2016-12-08,1063.33760
2016-12-09,1063.34680
2016-12-12,1063.37420
2016-12-13,1063.38350
2016-12-14,1063.39260
2016-12-15,1063.40170
2016-12-16,1063.41080
2016-12-18,1063.42890
2016-12-19,1063.43780
2016-12-20,1063.44690
2016-12-21,1063.45610
2016-12-22,1063.46530
2016-12-23,1063.47140
2016-12-25,1063.49270
2016-12-26,1063.50180
2016-12-27,1063.51090
2016-12-28,1063.52000
2016-12-29,1063.52880
2016-12-30,1063.53830
2017-01-01,1063.55640
2017-01-02,1063.56550
2017-01-03,1063.57470
2017-01-04,1063.58370
2017-01-05,1063.59340
2017-01-06,1063.60240
2017-01-08,1063.62030
2017-01-09,1063.62990
2017-01-10,1063.63890
2017-01-11,1063.64850
2017-01-12,1063.65800
2017-01-13,1063.66720
2017-01-15,1063.68520
2017-01-16,1063.69420
2017-01-17,1063.70370
2017-01-18,1063.71360
2017-01-19,1063.72330
2017-01-20,1063.73300
2017-01-22,1063.75130
2017-01-23,1063.76030
2017-01-24,1063.76960
2017-01-25,1063.77880
2017-01-26,1063.78800
2017-01-27,1063.79450
2017-01-29,1063.81480
2017-01-30,1063.82500
2017-01-31,1063.83420
2017-02-01,1063.84300
2017-02-02,1063.85210
2017-02-03,1063.86090
2017-02-05,1063.87840
2017-02-06,1063.88760
2017-02-07,1063.89680
2017-02-08,1063.90590
2017-02-09,1063.91520
2017-02-10,1063.92440
2017-02-12,1063.94270
2017-02-13,1063.95190
2017-02-14,1063.96110
2017-02-15,1063.97020
2017-02-16,1063.97940
2017-02-17,1063.98780
2017-02-19,1064.00410
2017-02-20,1064.01340
2017-02-21,1064.02270
2017-02-22,1064.03210
2017-02-23,1064.04330
2017-02-26,1064.07080
2017-02-27,1064.08000
2017-02-28,1064.08920
2017-03-01,1064.09850
2017-03-02,1064.10790
2017-03-03,1064.11580
2017-03-05,1064.13390
2017-03-06,1064.14300
2017-03-07,1064.15210
2017-03-08,1064.16130
2017-03-09,1064.17050
2017-03-10,1064.18030
2017-03-13,1064.20760
2017-03-14,1064.21680
2017-03-15,1064.22630
2017-03-16,1064.23570
2017-03-17,1064.24510
2017-03-19,1064.26420
2017-03-20,1064.27340
2017-03-21,1064.28260
2017-03-22,1064.29210
2017-03-23,1064.30130
2017-03-24,1064.31050
2017-03-26,1064.32880
2017-03-27,1064.33820
2017-03-28,1064.34740
2017-03-29,1064.35690
2017-03-30,1064.36700
2017-03-31,1064.37920
2017-04-02,1064.39750
2017-04-03,1064.40820
2017-04-04,1064.41720
2017-04-05,1064.42630
2017-04-06,1064.43620
2017-04-07,1064.44520
2017-04-09,1064.46330
2017-04-10,1064.47290
2017-04-11,1064.48170
2017-04-12,1064.49070
2017-04-13,1064.49970
2017-04-16,1064.52690
2017-04-17,1064.53590
2017-04-18,1064.54510
2017-04-19,1064.55550
2017-04-20,1064.56420
2017-04-21,1064.57380
2017-04-23,1064.59090
2017-04-24,1064.60000
2017-04-25,1064.60920
2017-04-26,1064.61830
2017-04-27,1064.62700
2017-04-28,1064.63580
2017-05-01,1064.66180
2017-05-02,1064.67070
2017-05-03,1064.67960
2017-05-04,1064.68880
2017-05-05,1064.69800
2017-05-07,1064.71640
2017-05-08,1064.72620
2017-05-09,1064.73530
2017-05-10,1064.74440
2017-05-11,1064.75360
2017-05-12,1064.76320
2017-05-14,1064.78250
2017-05-15,1064.79230
2017-05-16,1064.80180
2017-05-17,1064.81150
2017-05-18,1064.82120
2017-05-19,1064.83090
2017-05-21,1064.85030
2017-05-22,1064.85970
2017-05-23,1064.86930
2017-05-24,1064.87880
2017-05-25,1064.88830
2017-05-26,1064.89780
2017-05-28,1064.91670
2017-05-29,1064.92650
2017-05-30,1064.93600
2017-05-31,1064.94550
2017-06-01,1064.95530
2017-06-02,1064.96490
2017-06-04,1064.98410
2017-06-05,1064.99360
2017-06-06,1065.00340
2017-06-07,1065.01290
2017-06-08,1065.02240
2017-06-09,1065.03190
2017-06-11,1065.05090
2017-06-12,1065.06030
2017-06-13,1065.07000
2017-06-14,1065.08000
2017-06-15,1065.08950
2017-06-16,1065.09910
2017-06-18,1065.11820
2017-06-19,1065.12770
2017-06-20,1065.13730
2017-06-21,1065.14680
2017-06-22,1065.15650
2017-06-23,1065.16620
2017-06-26,1065.19530
2017-06-27,1065.20490
2017-06-28,1065.21410
2017-06-29,1065.22380
2017-06-30,1065.23340
2017-07-02,1065.25220
2017-07-03,1065.26210
2017-07-04,1065.27180
2017-07-05,1065.28150
2017-07-06,1065.29100
2017-07-07,1065.30070
2017-07-09,1065.31940
2017-07-10,1065.32890
2017-07-11,1065.33850
2017-07-12,1065.34820
2017-07-13,1065.35750
2017-07-14,1065.36720
2017-07-16,1065.38610
2017-07-17,1065.39560
2017-07-18,1065.40500
2017-07-19,1065.41440
2017-07-20,1065.42400
2017-07-21,1065.43320
2017-07-23,1065.45180
2017-07-24,1065.46130
2017-07-25,1065.47080
2017-07-26,1065.48010
2017-07-27,1065.48940
2017-07-28,1065.49870
2017-07-30,1065.51730
2017-07-31,1065.52830
2017-08-01,1065.53770
2017-08-02,1065.54700
2017-08-03,1065.55640
2017-08-04,1065.56650
2017-08-06,1065.58600
2017-08-07,1065.59550
2017-08-08,1065.60520
2017-08-09,1065.61490
2017-08-10,1065.62350
2017-08-11,1065.63370
2017-08-13,1065.65230
2017-08-14,1065.66180
2017-08-15,1065.67110
2017-08-16,1065.68050
2017-08-17,1065.68980
2017-08-18,1065.69860
2017-08-20,1065.71720
2017-08-21,1065.72650
2017-08-22,1065.73570
2017-08-23,1065.74490
2017-08-24,1065.75420
2017-08-27,1065.78190
2017-08-28,1065.79100
2017-08-29,1065.80030
2017-08-30,1065.80940
2017-08-31,1065.81880
2017-09-01,1065.82810
2017-09-03,1065.84670
2017-09-04,1065.85590
2017-09-05,1065.86510
2017-09-06,1065.87430
2017-09-07,1065.88340
2017-09-08,1065.89290
2017-09-10,1065.91100
2017-09-11,1065.92060
2017-09-12,1065.93010
2017-09-13,1065.93980
2017-09-14,1065.94960
2017-09-15,1065.95920
2017-09-17,1065.97840
2017-09-18,1065.98780
2017-09-19,1065.99720
2017-09-20,1066.00660
2017-09-21,1066.01600
2017-09-22,1066.02520
2017-09-24,1066.04370
2017-09-25,1066.05300
2017-09-26,1066.06270
2017-09-27,1066.07200
2017-09-28,1066.08130
2017-09-29,1066.09110
2017-10-02,1066.11900
2017-10-03,1066.12860
2017-10-04,1066.13800
2017-10-05,1066.14750
2017-10-06,1066.15660
2017-10-08,1066.17470
2017-10-09,1066.18400
2017-10-10,1066.19320
2017-10-11,1066.20250
2017-10-12,1066.21180
2017-10-13,1066.22120
2017-10-15,1066.24000
2017-10-16,1066.24930
2017-10-17,1066.25850
2017-10-18,1066.26770
2017-10-22,1066.30460
2017-10-23,1066.31380
2017-10-24,1066.32330
2017-10-25,1066.33250
2017-10-26,1066.34180
2017-10-27,1066.35100
2017-10-29,1066.36930
2017-10-30,1066.37880
2017-10-31,1066.38820
2017-11-01,1066.39760
2017-11-02,1066.40680
2017-11-03,1066.41620
2017-11-05,1066.43470
2017-11-06,1066.43470
2017-11-07,1066.43470
2017-11-08,1066.43470
2017-11-09,1066.43470
2017-11-10,1066.43470
2017-11-12,1066.43470
2017-11-13,1066.43470
2017-11-14,1066.43470
2017-11-15,1066.43470
2017-11-16,1066.43470
2017-11-17,1066.43470
2017-11-19,1066.43470
2017-11-20,1066.43470
2017-11-21,1066.43470
2017-11-22,1066.43470
2017-11-23,1066.43470
2017-11-24,1066.43470
2017-11-26,1066.43470
2017-11-27,1066.43470
2017-11-28,1066.43470
2017-11-29,1066.43470
2017-11-30,1066.43470
2017-12-03,1066.43470
2017-12-04,1066.43470
2017-12-05,1066.43470
2017-12-06,1066.43470
2017-12-07,1066.43470
2017-12-08,1066.43470
2017-12-10,1066.43470
2017-12-11,1066.43470
2017-12-12,1066.43470
2017-12-13,1066.43470
2017-12-14,1066.43470
2017-12-15,1066.43470
2017-12-17,1066.43470
2017-12-18,1066.43470
2017-12-19,1066.43470
2017-12-20,1066.43470
2017-12-21,1066.43470
2017-12-22,1066.43470
2017-12-25,1066.43470
2017-12-26,1066.43470
2017-12-27,1066.43470
2017-12-28,1066.43470
2017-12-29,1066.43470
2017-12-31,1066.43470
2018-01-01,1066.43470
2018-01-02,1066.43470
2018-01-03,1066.43470
2018-01-04,1066.43470
2018-01-05,1066.43470
2018-01-07,1066.43470
2018-01-08,1066.43470
2018-01-09,1066.43470
2018-01-10,1066.43470
2018-01-11,1066.43470
2018-01-12,1066.43470
2018-01-14,1066.43470
2018-01-15,1066.43470
2018-01-16,1066.43470
2018-01-17,1066.43470
2018-01-18,1066.43470
2018-01-19,1066.43470
2018-01-21,1066.43470
2018-01-22,1066.43470
2018-01-23,1066.43470
2018-01-24,1066.43470
2018-01-25,1066.43470
2018-01-28,1066.43470
2018-01-29,1066.43470
2018-01-30,1066.43470
2018-01-31,1066.43470
2018-02-01,1066.43470
2018-02-02,1066.43470
2018-02-04,1066.43470
2018-02-05,1066.43470
2018-02-06,1066.43470
2018-02-07,1066.43470
2018-02-08,1066.43470
2018-02-09,1066.43470
2018-02-11,1066.43470
2018-02-12,1066.43470
2018-02-13,1066.43470
2018-02-14,1066.43470
2018-02-15,1066.43470
2018-02-16,1066.43470
2018-02-19,1066.43470
2018-02-20,1066.43470
2018-02-21,1066.43470
2018-02-22,1066.43470
2018-02-23,1066.43470
2018-02-25,1066.43470
2018-02-26,1066.43470
2018-02-27,1066.43470
2018-02-28,1066.43470
2018-03-01,1066.43470
2018-03-04,1066.43470
2018-03-05,1066.43470
2018-03-06,1066.43470
2018-03-07,1066.43470
2018-03-08,1066.43470
2018-03-09,1066.43470
2018-03-11,1066.43470
2018-03-12,1066.43470
2018-03-13,1066.43470
2018-03-14,1066.43470
2018-03-15,1066.43470
2018-03-16,1066.43470
2018-03-18,1066.43470
2018-03-19,1066.43470
2018-03-20,1066.43470
2018-03-21,1066.43470
2018-03-22,1066.43470
2018-03-23,1066.43470
2018-03-25,1066.43470
2018-03-26,1066.43470
2018-03-27,1066.43470
2018-03-28,1066.43470
2018-04-02,1066.43470
2018-04-03,1066.43470
2018-04-04,1066.43470
2018-04-05,1066.43470
2018-04-06,1066.43470
2018-04-08,1066.43470
2018-04-09,1066.43470
2018-04-10,1066.43470
2018-04-11,1066.43470
2018-04-12,1066.43470
2018-04-13,1066.43470
2018-04-15,1066.43470
2018-04-16,1066.43470
2018-04-17,1066.43470
2018-04-18,1066.43470
2018-04-19,1066.43470
2018-04-20,1066.43470
2018-04-22,1066.43470
2018-04-23,1066.43470
2018-04-24,1066.43470
2018-04-25,1066.43470
2018-04-26,1066.43470
2018-04-27,1066.43470
2018-05-01,1066.43470
2018-05-02,1066.43470
2018-05-03,1066.43470
2018-05-04,1066.43470
2018-05-06,1066.43470
2018-05-07,1066.43470
2018-05-08,1066.43470
2018-05-09,1066.43470
2018-05-10,1066.43470
2018-05-11,1066.43470
2018-05-13,1066.43470
2018-05-14,1066.43470
2018-05-15,1066.43470
2018-05-16,1066.43470
2018-05-17,1066.43470
2018-05-18,1066.43470
2018-05-20,1066.43470
2018-05-21,1066.43470
2018-05-22,1066.43470
2018-05-23,1066.43470
2018-05-24,1066.43470
2018-05-25,1066.43470
2018-05-27,1066.43470
2018-05-28,1066.43470
2018-05-29,1066.43470
2018-05-30,1066.43470
2018-05-31,1066.43470
2018-06-01,1066.43470
2018-06-03,1066.43470
2018-06-04,1066.43470
2018-06-05,1066.43470
2018-06-06,1066.43470
2018-06-07,1066.43470
2018-06-08,1066.43470
2018-06-10,1066.43470
2018-06-11,1066.43470
2018-06-12,1066.43470
2018-06-13,1066.43470
2018-06-14,1066.43470
2018-06-15,1066.43470
2018-06-17,1066.43470
2018-06-18,1066.43470
2018-06-19,1066.43470
2018-06-20,1066.43470
2018-06-21,1066.43470
2018-06-22,1066.43470
2018-06-24,1066.43470
2018-06-25,1066.43470
2018-06-26,1066.43470
2018-06-27,1066.43470
2018-06-28,1066.43470
2018-06-29,1066.43470
2018-07-01,1066.43470
2018-07-02,1066.43470
2018-07-03,1066.43470
2018-07-04,1066.43470
2018-07-05,1066.43470
2018-07-06,1066.43470
2018-07-08,1066.43470
2018-07-09,1066.43470
2018-07-10,1066.43470
2018-07-11,1066.43470
2018-07-12,1066.43470
2018-07-13,1066.43470
2018-07-15,1066.43470
2018-07-16,1066.43470
2018-07-17,1066.43470
2018-07-18,1066.43470
2018-07-19,1066.43470
2018-07-20,1066.43470
2018-07-22,1066.43470
2018-07-23,1066.43470
2018-07-24,1066.43470
2018-07-25,1066.43470
2018-07-26,1066.43470
2018-07-27,1066.43470
2018-07-29,1066.43470
2018-07-30,1066.43470
2018-07-31,1066.43470
2018-08-01,1066.43470
2018-08-02,1066.43470
2018-08-03,1066.43470
2018-08-05,1066.43470
2018-08-06,1066.43470
2018-08-07,1066.43470
2018-08-08,1066.43470
2018-08-09,1066.43470
2018-08-10,1066.43470
2018-08-12,1066.43470
2018-08-13,1066.43470
2018-08-14,1066.43470
2018-08-15,1066.43470
2018-08-16,1066.43470
2018-08-19,1066.43470
2018-08-20,1066.43470
2018-08-21,1066.43470
2018-08-22,1066.43470
2018-08-23,1066.43470
2018-08-24,1066.43470
2018-08-26,1066.43470
2018-08-27,1066.43470
2018-08-28,1066.43470
2018-08-29,1066.43470
2018-08-30,1066.43470
2018-08-31,1066.43470
2018-09-02,1066.43470
2018-09-03,1066.43470
2018-09-04,1066.43470
2018-09-05,1066.43470
2018-09-06,1066.43470
2018-09-07,1066.43470
2018-09-09,1066.43470
2018-09-10,1066.43470
2018-09-11,1066.43470
2018-09-12,1066.43470
2018-09-13,1066.43470
2018-09-16,1066.43470
2018-09-17,1066.43470
2018-09-18,1066.43470
2018-09-20,1066.43470
2018-09-23,1066.43470
2018-09-24,1066.43470
2018-09-25,1066.43470
2018-09-26,1066.43470
2018-09-27,1066.43470
2018-09-28,1066.43470
2018-09-30,1066.43470
2018-10-02,1066.43470
2018-10-03,1066.43470
2018-10-04,1066.43470
2018-10-07,1066.43470
2018-10-08,1066.43470
2018-10-09,1066.43470
2018-10-10,1066.43470
2018-10-11,1066.43470
2018-10-14,1066.43470
2018-10-15,1066.43470
2018-10-16,1066.43470
2018-10-18,1066.43470
2018-10-21,1066.43470
2018-10-22,1066.43470
2018-10-23,1066.43470
2018-10-24,1066.43470
2018-10-25,1066.43470
2018-10-28,1066.43470
2018-10-29,1066.43470
2018-10-30,1066.43470
2018-10-31,1066.43470
2018-11-01,1066.43470
2018-11-04,1066.43470
2018-11-05,1066.43470
2018-11-08,1066.43470
2018-11-11,1066.43470
2018-11-12,1066.43470
2018-11-13,1066.43470
2018-11-14,1066.43470
2018-11-15,1066.43470
2018-11-18,1066.43470
2018-11-19,1066.43470
2018-11-20,1066.43470
2018-11-21,1066.43470
2018-11-25,1066.43470
2018-11-26,1066.43470
2018-11-27,1066.43470
2018-11-28,1066.43470
2018-11-29,1066.43470
2018-12-02,1066.43470
2018-12-03,1066.43470
2018-12-04,1066.43470
2018-12-05,1066.43470
2018-12-06,1066.43470
2018-12-09,1066.43470
2018-12-10,1066.43470
2018-12-11,1066.43470
2018-12-12,1066.43470
2018-12-13,1066.43470
2018-12-14,1066.43470
2018-12-16,1066.43470
2018-12-17,1066.43470
2018-12-18,1066.43470
2018-12-19,1066.43470
2018-12-20,1066.43470
2018-12-21,1066.43470
2018-12-23,1066.43470
2018-12-24,1066.43470
2018-12-25,1066.43470
2018-12-26,1066.43470
2018-12-27,1066.43470
2018-12-28,1066.43470
2018-12-30,1066.43470
2018-12-31,1066.43470
2019-01-01,1066.43470
2019-01-02,1066.43470
2019-01-03,1066.43470
2019-01-04,1066.43470
2019-01-06,1066.43470
2019-01-07,1066.43470
2019-01-08,1066.43470
2019-01-09,1066.43470
2019-01-10,1066.43470
2019-01-11,1066.43470
2019-01-13,1066.43470
2019-01-14,1066.43470
2019-01-15,1066.43470
2019-01-16,1066.43470
2019-01-17,1066.43470
2019-01-18,1066.43470
2019-01-20,1066.43470
2019-01-21,1066.43470
2019-01-22,1066.43470
2019-01-23,1066.43470
2019-01-24,1066.43470
2019-01-25,1066.43470
2019-01-27,1066.43470
2019-01-28,1066.43470
2019-01-29,1066.43470
2019-01-30,1066.43470
2019-01-31,1066.43470
2019-02-01,1066.43470
2019-02-03,1066.43470
2019-02-04,1066.43470
2019-02-05,1066.43470
2019-02-06,1066.43470
2019-02-07,1066.43470
2019-02-08,1066.43470
2019-02-10,1066.43470
2019-02-11,1066.43470
2019-02-12,1066.43470
2019-02-13,1066.43470
2019-02-14,1066.43470
2019-02-15,1066.43470
2019-02-17,1066.43470
2019-02-18,1066.43470
2019-02-19,1066.43470
2019-02-20,1066.43470
2019-02-21,1066.43470
2019-02-22,1066.43470
2019-02-24,1066.43470
2019-02-25,1066.43470
2019-02-26,1066.43470
2019-02-27,1066.43470
2019-02-28,1066.43470
2019-03-01,1066.43470
2019-03-04,1066.43470
2019-03-05,1066.43470
2019-03-06,1066.43470
2019-03-07,1066.43470
2019-03-08,1066.43470
2019-03-10,1066.43470
2019-03-11,1066.43470
2019-03-12,1066.43470
2019-03-13,1066.43470
2019-03-14,1066.43470
2019-03-15,1066.43470
2019-03-17,1066.43470
2019-03-18,1066.43470
2019-03-19,1066.43470
2019-03-20,1066.43470
2019-03-21,1066.43470
2019-03-22,1066.43470
2019-03-24,1066.43470
2019-03-25,1066.43470
2019-03-26,1066.43470
2019-03-27,1066.43470
2019-03-28,1066.43470
2019-03-29,1066.43470
2019-04-01,1066.43470
2019-04-02,1066.43470
2019-04-03,1066.43470
2019-04-04,1066.43470
2019-04-05,1066.43470
2019-04-07,1066.43470
2019-04-08,1066.43470
2019-04-09,1066.43470
2019-04-10,1066.43470
2019-04-11,1066.43470
2019-04-12,1066.43470
2019-04-14,1066.43470
2019-04-15,1066.43470
2019-04-16,1066.43470
2019-04-17,1066.43470
2019-04-18,1066.43470
2019-04-21,1066.43470
2019-04-22,1066.43470
2019-04-23,1066.43470
2019-04-24,1066.43470
2019-04-25,1066.43470
2019-04-26,1066.43470
2019-04-29,1066.43470
2019-04-30,1066.43470
2019-05-01,1066.43470
2019-05-02,1066.43470
2019-05-03,1066.43470
2019-05-05,1066.43470
2019-05-06,1066.43470
2019-05-07,1066.43470
2019-05-08,1066.43470
2019-05-09,1066.43470
2019-05-10,1066.43470
2019-05-12,1066.43470
2019-05-13,1066.43470
2019-05-14,1066.43470
2019-05-15,1066.43470
2019-05-16,1066.43470
2019-05-17,1066.43470
2019-05-19,1066.43470
2019-05-20,1066.43470
2019-05-21,1066.43470
2019-05-22,1066.43470
2019-05-23,1066.43470
2019-05-24,1066.43470
2019-05-26,1066.43470
2019-05-27,1066.43470
2019-05-28,1066.43470
2019-05-29,1066.43470
2019-05-30,1066.43470
2019-05-31,1066.43470
2019-06-02,1066.43470
2019-06-03,1066.43470
2019-06-04,1066.43470
2019-06-05,1066.43470
2019-06-06,1066.43470
2019-06-07,1066.43470
2019-06-09,1066.43470
2019-06-10,1066.43470
2019-06-11,1066.43470
2019-06-12,1066.43470
2019-06-13,1066.43470
2019-06-14,1066.43470
2019-06-16,1066.43470
2019-06-17,1066.43470
2019-06-18,1066.43470
2019-06-19,1066.43470
2019-06-20,1066.43470
2019-06-21,1066.43470
2019-06-23,1066.43470
2019-06-24,1066.43470
2019-06-25,1066.43470
2019-06-26,1066.43470
2019-06-27,1066.43470
2019-06-28,1066.43470
2019-06-30,1066.43470
2019-07-01,1066.43470
2019-07-02,1066.43470
2019-07-03,1066.43470
2019-07-04,1066.43470
2019-07-05,1066.43470
2019-07-07,1066.43470
2019-07-08,1066.43470
2019-07-09,1066.43470
2019-07-10,1066.43470
2019-07-11,1066.43470
2019-07-12,1066.43470
2019-07-14,1066.43470
2019-07-15,1066.43470
2019-07-16,1066.43470
2019-07-17,1066.43470
2019-07-18,1066.43470
2019-07-19,1066.43470
2019-07-21,1066.43470
2019-07-22,1066.43470
2019-07-23,1066.43470
2019-07-24,1066.43470
2019-07-25,1066.43470
2019-07-26,1066.43470
2019-07-28,1066.43470
2019-07-29,1066.43470
2019-07-30,1066.43470
2019-07-31,1066.43470
2019-08-01,1066.43470
2019-08-02,1066.43470
2019-08-04,1066.43470
2019-08-05,1066.43470
2019-08-06,1066.43470
2019-08-07,1066.43470
2019-08-08,1066.43470
2019-08-09,1066.43470
2019-08-12,1066.43470
2019-08-13,1066.43470
2019-08-14,1066.43470
2019-08-15,1066.43470
2019-08-16,1066.43470
2019-08-18,1066.43470
2019-08-19,1066.43470
2019-08-20,1066.43470
2019-08-21,1066.43470
2019-08-22,1066.43470
2019-08-23,1066.43470
2019-08-25,1066.43470
2019-08-26,1066.43470
2019-08-27,1066.43470
2019-08-28,1066.43470
2019-08-29,1066.43470
2019-08-30,1066.43470
2019-09-02,1066.43470
2019-09-03,1066.43470
2019-09-04,1066.43470
2019-09-05,1066.43470
2019-09-06,1066.43470
2019-09-08,1066.43470
2019-09-09,1066.43470
2019-09-10,1066.43470
2019-09-11,1066.43470
2019-09-12,1066.43470
2019-09-13,1066.43470
2019-09-15,1066.43470
2019-09-16,1066.43470
2019-09-17,1066.43470
2019-09-18,1066.43470
2019-09-19,1066.43470
2019-09-20,1066.43470
2019-09-22,1066.43470
2019-09-23,1066.43470
2019-09-24,1066.43470
2019-09-25,1066.43470
2019-09-26,1066.43470
2019-09-27,1066.43470
2019-09-29,1066.43470
2019-09-30,1066.43470
2019-10-02,1066.43470
2019-10-03,1066.43470
2019-10-04,1066.43470
2019-10-06,1066.43470
2019-10-07,1066.43470
2019-10-08,1066.43470
2019-10-09,1066.43470
2019-10-10,1066.43470
2019-10-11,1066.43470
2019-10-13,1066.43470
2019-10-14,1066.43470
2019-10-15,1066.43470
2019-10-16,1066.43470
2019-10-17,1066.43470
2019-10-18,1066.43470
2019-10-21,1066.43470
2019-10-22,1066.43470
2019-10-23,1066.43470
2019-10-24,1066.43470
2019-10-25,1066.43470
2019-10-28,1066.43470
2019-10-29,1066.43470
2019-10-30,1066.43470
2019-10-31,1066.43470
2019-11-01,1066.43470
2019-11-03,1066.43470
2019-11-04,1066.43470
2019-11-05,1066.43470
2019-11-06,1066.43470
2019-11-07,1066.43470
2019-11-08,1066.43470
2019-11-10,1066.43470
2019-11-11,1066.43470
2019-11-12,1066.43470
2019-11-13,1066.43470
2019-11-14,1066.43470
2019-11-15,1066.43470
2019-11-17,1066.43470
2019-11-18,1066.43470
2019-11-19,1066.43470
2019-11-20,1066.43470
2019-11-21,1066.43470
2019-11-22,1066.43470
2019-11-24,1066.43470
2019-11-25,1066.43470
2019-11-26,1066.43470
2019-11-27,1066.43470
2019-11-28,1066.43470
2019-11-29,1066.43470
2019-12-01,1066.43470
2019-12-02,1066.43470
2019-12-03,1066.43470
2019-12-04,1066.43470
2019-12-05,1066.43470
2019-12-06,1066.43470
2019-12-08,1066.43470
2019-12-09,1066.43470
2019-12-10,1066.43470
2019-12-11,1066.43470
2019-12-12,1066.43470
2019-12-13,1066.43470
2019-12-15,1066.43470
2019-12-16,1066.43470
2019-12-17,1066.43470
2019-12-18,1066.43470
2019-12-19,1066.43470
2019-12-20,1066.43470
2019-12-22,1066.43470
2019-12-23,1066.43470
2019-12-24,1066.43470
2019-12-25,1066.43470
2019-12-26,1066.43470
2019-12-27,1066.43470
2019-12-29,1066.43470
2019-12-30,1066.43470
2019-12-31,1066.43470
2020-01-01,1066.43470
2020-01-02,1066.43470
2020-01-03,1066.43470
2020-01-05,1066.43470
2020-01-06,1066.43470
2020-01-07,1066.43470
2020-01-08,1066.43470
2020-01-09,1066.43470
2020-01-12,1066.43470
2020-01-13,1066.43470
2020-01-14,1066.43470
2020-01-15,1066.43470
2020-01-16,1066.43470
2020-01-17,1066.43470
2020-01-19,1066.43470
2020-01-20,1066.43470
2020-01-21,1066.43470
2020-01-22,1066.43470
2020-01-23,1066.43470
2020-01-24,1066.43470
2020-01-26,1066.43470
2020-01-27,1066.43470
2020-01-28,1066.43470
2020-01-29,1066.43470
2020-01-30,1066.43470
2020-01-31,1066.43470
2020-02-02,1066.43470
2020-02-03,1066.43470
2020-02-04,1066.43470
2020-02-05,1066.43470
2020-02-06,1066.43470
2020-02-07,1066.43470
2020-02-09,1066.43470
2020-02-10,1066.43470
2020-02-11,1066.43470
2020-02-12,1066.43470
2020-02-13,1066.43470
2020-02-14,1066.43470
2020-02-16,1066.43470
2020-02-17,1066.43470
2020-02-18,1066.43470
2020-02-19,1066.43470
2020-02-23,1066.43470
2020-02-24,1066.43470
2020-02-25,1066.43470
2020-02-26,1066.43470
2020-02-27,1066.43470
2020-03-01,1066.43470
2020-03-02,1066.43470
2020-03-03,1066.43470
2020-03-04,1066.43470
2020-03-05,1066.43470
2020-03-08,1066.43470
2020-03-10,1066.43470
2020-03-11,1066.43470
2020-03-12,1066.43470
2020-03-15,1066.43470
2020-03-16,1066.43470
2020-03-17,1066.43470
2020-03-18,1066.36610
2020-03-19,1065.77830
2020-03-22,1065.99600
2020-03-23,1065.11240
2020-03-24,1064.68540
2020-03-25,1064.87820
2020-03-26,1065.35800
2020-03-29,1066.43470
2020-03-30,1066.43470
2020-03-31,1066.43470
2020-04-02,1066.43470
2020-04-03,1066.43470
2020-04-06,1066.43470
2020-04-07,1066.40120
2020-04-08,1066.43470
2020-04-09,1066.43470
2020-04-12,1066.43470
2020-04-14,1066.43470
2020-04-15,1066.43470
2020-04-16,1066.43470
2020-04-19,1066.43470
2020-04-20,1066.43470
2020-04-21,1066.43470
2020-04-22,1066.43470
2020-04-23,1066.43470
2020-04-24,1066.43470
2020-04-26,1066.43470
2020-04-27,1066.43470
2020-04-28,1066.33810
2020-04-29,1066.39460
2020-04-30,1066.41450
2020-05-03,1066.43470
2020-05-04,1066.43470
2020-05-05,1066.43470
2020-05-06,1066.43470
2020-05-07,1066.43470
2020-05-08,1066.43470
2020-05-10,1066.43470
2020-05-11,1066.43470
2020-05-12,1066.43470
2020-05-13,1066.43470
2020-05-14,1066.43470
2020-05-15,1066.43470
2020-05-17,1066.43470
2020-05-18,1066.43470
2020-05-19,1066.43470
2020-05-20,1066.43470
2020-05-21,1066.43470
2020-05-22,1066.43470
2020-05-25,1066.43470
2020-05-26,1066.43470
2020-05-27,1066.43470
2020-05-28,1066.43470
2020-05-29,1066.43470
2020-05-31,1066.43470
2020-06-01,1066.43470
2020-06-02,1066.43470
2020-06-03,1066.43470
2020-06-04,1066.43470
2020-06-05,1066.43470
2020-06-07,1066.43470
2020-06-08,1066.43470
2020-06-09,1066.43470
2020-06-10,1066.43470
2020-06-11,1066.43470
2020-06-12,1066.43470
2020-06-14,1066.43470
2020-06-15,1066.43470
2020-06-16,1066.43470
2020-06-17,1066.43470
2020-06-18,1066.43470
2020-06-19,1066.43470
2020-06-21,1066.43470
2020-06-22,1066.43470
2020-06-23,1066.43470
2020-06-24,1066.43470
2020-06-25,1066.43470
2020-06-26,1066.43470
2020-06-28,1066.43470
2020-06-29,1066.43470
2020-06-30,1066.43470
2020-07-01,1066.43470
2020-07-02,1066.43470
2020-07-03,1066.43470
2020-07-05,1066.43470
2020-07-06,1066.43470
2020-07-07,1066.43470
2020-07-08,1066.43470
2020-07-09,1066.43470
2020-07-10,1066.43470
2020-07-12,1066.43470
2020-07-13,1066.43470
2020-07-14,1066.43470
2020-07-15,1066.43470
2020-07-16,1066.43470
2020-07-17,1066.43470
2020-07-19,1066.43470
2020-07-20,1066.43470
2020-07-21,1066.43470
2020-07-22,1066.43470
2020-07-23,1066.43470
2020-07-24,1066.43470
2020-07-26,1066.43470
2020-07-27,1066.43470
2020-07-28,1066.43470
2020-07-29,1066.43470
2020-07-30,1066.43470
2020-07-31,1066.43470
2020-08-02,1066.43470
2020-08-03,1066.43470
2020-08-04,1066.43470
2020-08-05,1066.43470
2020-08-06,1066.43470
2020-08-07,1066.43470
2020-08-09,1066.43470
2020-08-10,1066.43470
2020-08-11,1066.43470
2020-08-12,1066.43470
2020-08-13,1066.43470
2020-08-16,1066.43470
2020-08-17,1066.43470
2020-08-18,1066.43470
2020-08-19,1066.43470
2020-08-20,1066.43470
2020-08-21,1066.43470
2020-08-23,1066.43470
2020-08-24,1066.43470
2020-08-25,1066.43470
2020-08-26,1066.43470
2020-08-27,1066.43470
2020-08-28,1066.43470
2020-08-30,1066.43470
2020-08-31,1066.43470
2020-09-01,1066.43470
2020-09-02,1066.43470
2020-09-03,1066.43470
2020-09-04,1066.43470
2020-09-06,1066.43470
2020-09-07,1066.43470
2020-09-08,1066.43470
2020-09-09,1066.43470
2020-09-10,1066.43470
2020-09-11,1066.43470
2020-09-13,1066.43470
2020-09-14,1066.43470
2020-09-15,1066.43470
2020-09-16,1066.43470
2020-09-17,1066.43470
2020-09-18,1066.43470
2020-09-20,1066.43470
2020-09-21,1066.43470
2020-09-22,1066.43470
2020-09-23,1066.43470
2020-09-24,1066.43470
2020-09-25,1066.43470
2020-09-27,1066.43470
2020-09-28,1066.43470
2020-09-29,1066.43470
2020-09-30,1066.43470
2020-10-01,1066.43470
2020-10-04,1066.43470
2020-10-05,1066.43470
2020-10-06,1066.43470
2020-10-07,1066.43470
2020-10-08,1066.43470
2020-10-09,1066.43470
2020-10-11,1066.43470
2020-10-12,1066.43470
2020-10-13,1066.43470
2020-10-14,1066.43470
2020-10-15,1066.43470
2020-10-16,1066.43470
2020-10-18,1066.43470
2020-10-19,1066.43470
2020-10-20,1066.43470
2020-10-21,1066.43470
2020-10-22,1066.43470
2020-10-25,1066.43470
2020-10-26,1066.43470
2020-10-27,1066.43470
2020-10-28,1066.43470
2020-10-29,1066.43470
2020-11-01,1066.43470
2020-11-02,1066.43470
2020-11-03,1066.43470
2020-11-04,1066.43470
2020-11-05,1066.43470
2020-11-06,1066.43470
2020-11-08,1066.43470
2020-11-09,1066.43470
2020-11-10,1066.43470
2020-11-11,1066.43470
2020-11-12,1066.43470
2020-11-13,1066.43470
2020-11-16,1066.43470
2020-11-17,1066.43470
2020-11-18,1066.43470
2020-11-19,1066.43470
2020-11-20,1066.43470
2020-11-22,1066.43470
2020-11-23,1066.43470
2020-11-24,1066.43470
2020-11-25,1066.43470
2020-11-26,1066.43470
2020-11-27,1066.43470
2020-11-30,1066.43470
2020-12-01,1066.43470
2020-12-02,1066.43470
2020-12-03,1066.43470
2020-12-04,1066.43470
2020-12-06,1066.43470
2020-12-07,1066.43470
2020-12-08,1066.43470
2020-12-09,1066.43470
2020-12-10,1066.43470
2020-12-11,1066.43470
2020-12-13,1066.43470
2020-12-14,1066.43470
2020-12-15,1066.43470
2020-12-16,1066.43470
2020-12-17,1066.43470
2020-12-18,1066.43470
2020-12-20,1066.43470
2020-12-21,1066.43470
2020-12-22,1066.43470
2020-12-23,1066.43470
2020-12-24,1066.43470
2020-12-27,1066.43470
2020-12-28,1066.43470
2020-12-29,1066.43470
2020-12-30,1066.43470
2020-12-31,1066.43470
2021-01-01,1066.43470
2021-01-03,1066.43470
2021-01-04,1066.43470
2021-01-05,1066.43470
2021-01-06,1066.43470
2021-01-07,1066.43470
2021-01-10,1066.43470
2021-01-11,1066.41840
2021-01-12,1066.43470
2021-01-13,1066.43470
2021-01-14,1066.43470
2021-01-15,1066.43470
2021-01-17,1066.43470
2021-01-18,1066.43470
2021-01-19,1066.43470
2021-01-20,1066.43470
2021-01-21,1066.43470
2021-01-22,1066.43470
2021-01-24,1066.43470
2021-01-26,1066.43470
2021-01-27,1066.43470
2021-01-28,1066.43470
2021-01-29,1066.43470
2021-01-31,1066.43470
2021-02-01,1066.43470
2021-02-02,1066.43470
2021-02-03,1066.43470
2021-02-04,1066.43470
2021-02-05,1066.43470
2021-02-07,1066.43470
2021-02-08,1066.43470
2021-02-09,1066.43470
2021-02-10,1066.43470
2021-02-11,1066.43470
2021-02-12,1066.43470
2021-02-14,1066.43470
2021-02-15,1066.43470
2021-02-16,1066.43470
2021-02-17,1066.43470
2021-02-18,1066.43470
2021-02-21,1066.43470
2021-02-22,1066.43470
2021-02-23,1066.43470
2021-02-24,1066.43470
2021-02-25,1066.43470
2021-02-26,1066.43470
2021-02-28,1066.43470
2021-03-01,1066.43470
2021-03-02,1066.43470
2021-03-03,1066.43470
2021-03-04,1066.43470
2021-03-05,1066.43470
2021-03-07,1066.43470
2021-03-08,1066.43470
2021-03-09,1066.43470
2021-03-10,1066.43470
2021-03-11,1066.43470
2021-03-12,1066.43470
2021-03-14,1066.43470
2021-03-15,1066.43470
2021-03-16,1066.43470
2021-03-17,1066.43470
2021-03-18,1066.43470
2021-03-19,1066.43470
2021-03-21,1066.43470
2021-03-22,1066.43470
2021-03-23,1066.43470
2021-03-24,1066.43470
2021-03-25,1066.43470
2021-03-26,1066.43470
2021-03-29,1066.43470
2021-03-30,1066.43470
2021-03-31,1066.43470
2021-04-04,1066.43470
2021-04-05,1066.43470
2021-04-06,1066.43470
2021-04-07,1066.43470
2021-04-08,1066.43470
2021-04-09,1066.43470
2021-04-11,1066.43470
2021-04-12,1066.43470
2021-04-14,1066.43470
2021-04-15,1066.43470
2021-04-16,1066.43470
2021-04-18,1066.43470
2021-04-19,1066.43470
2021-04-20,1066.43470
2021-04-21,1066.43470
2021-04-22,1066.43470
2021-04-23,1066.43470
2021-04-25,1066.43470
2021-04-26,1066.43470
2021-04-27,1066.43470
2021-04-28,1066.43470
2021-04-29,1066.43470
2021-04-30,1066.43470
2021-05-02,1066.43470
2021-05-03,1066.43470
2021-05-04,1066.43470
2021-05-05,1066.43470
2021-05-06,1066.43470
2021-05-07,1066.43470
2021-05-09,1066.43470
2021-05-10,1066.43470
2021-05-11,1066.43470
2021-05-12,1066.43470
2021-05-13,1066.43470
2021-05-14,1066.43470
2021-05-16,1066.43470
2021-05-17,1066.43470
2021-05-18,1066.43470
2021-05-19,1066.43470
2021-05-20,1066.43470
2021-05-21,1066.43470
2021-05-23,1066.43470
2021-05-24,1066.43470
2021-05-25,1066.43470
2021-05-26,1066.43470
2021-05-27,1066.43470
2021-05-28,1066.43470
2021-05-30,1066.43470
2021-05-31,1066.43470
2021-06-01,1066.43470
2021-06-02,1066.43470
2021-06-03,1066.43470
2021-06-04,1066.43470
2021-06-06,1066.43470
2021-06-07,1066.43470
2021-06-08,1066.43470
2021-06-09,1066.43470
2021-06-10,1066.43470
2021-06-11,1066.43470
2021-06-13,1066.43470
2021-06-14,1066.43470
2021-06-15,1066.43470
2021-06-16,1066.43470
2021-06-17,1066.43470
2021-06-18,1066.43470
2021-06-20,1066.43470
2021-06-21,1066.43470
2021-06-22,1066.43470
2021-06-23,1066.43470
2021-06-24,1066.43470
2021-06-25,1066.43470
2021-06-27,1066.43470
2021-06-28,1066.43470
2021-06-29,1066.43470
2021-06-30,1066.43470
2021-07-01,1066.43470
2021-07-02,1066.43470
2021-07-04,1066.43470
2021-07-05,1066.43470
2021-07-06,1066.43470
2021-07-07,1066.43470
2021-07-08,1066.43470
2021-07-09,1066.43470
2021-07-11,1066.43470
2021-07-12,1066.43470
2021-07-13,1066.43470
2021-07-14,1066.43470
2021-07-15,1066.43470
2021-07-16,1066.43470
2021-07-18,1066.43470
2021-07-19,1066.43470
2021-07-20,1066.43470
2021-07-21,1066.43470
2021-07-22,1066.43470
2021-07-23,1066.43470
2021-07-25,1066.43470
2021-07-26,1066.43470
2021-07-27,1066.43470
2021-07-28,1066.43470
2021-07-29,1066.43470
2021-07-30,1066.43470
2021-08-01,1066.43470
2021-08-02,1066.43470
2021-08-03,1066.43470
2021-08-04,1066.43470
2021-08-05,1066.43470
2021-08-06,1066.43470
2021-08-08,1066.43470
2021-08-09,1066.43470
2021-08-10,1066.43470
2021-08-11,1066.43470
2021-08-12,1066.43470
2021-08-13,1066.43470
2021-08-16,1066.43470
2021-08-17,1066.43470
2021-08-18,1066.43470
2021-08-19,1066.43470
2021-08-20,1066.43470
2021-08-22,1066.43470
2021-08-23,1066.43470
2021-08-24,1066.43470
2021-08-25,1066.43470
2021-08-26,1066.43470
2021-08-27,1066.43470
2021-08-29,1066.43470
2021-08-30,1066.43470
2021-08-31,1066.43470
2021-09-01,1066.43470
2021-09-02,1066.43470
2021-09-03,1066.43470
2021-09-05,1066.43470
2021-09-06,1066.43470
2021-09-07,1066.43470
2021-09-08,1066.43470
2021-09-09,1066.43470
2021-09-12,1066.43470
2021-09-13,1066.43470
2021-09-14,1066.43470
2021-09-15,1066.43470
2021-09-16,1066.43470
2021-09-17,1066.43470
2021-09-19,1066.43470
2021-09-20,1066.43470
2021-09-21,1066.43470
2021-09-22,1066.43470
2021-09-23,1066.43470
2021-09-24,1066.43470
2021-09-26,1066.43470
2021-09-27,1066.43470
2021-09-28,1066.43470
2021-09-29,1066.43470
2021-09-30,1066.43470
2021-10-01,1066.43470
2021-10-03,1066.43470
2021-10-04,1066.43470
2021-10-05,1066.43470
2021-10-06,1066.43470
2021-10-07,1066.43470
2021-10-08,1066.43470
2021-10-10,1066.43470
2021-10-11,1066.43470
2021-10-12,1066.43470
2021-10-13,1066.43470
2021-10-14,1066.43470
2021-10-17,1066.43470
2021-10-18,1066.43470
2021-10-19,1066.43470
2021-10-20,1066.43470
2021-10-21,1066.43470
2021-10-22,1066.43470
2021-10-24,1066.43470
2021-10-25,1066.43470
2021-10-26,1066.43470
2021-10-27,1066.43470
2021-10-28,1066.43470
2021-10-29,1066.43470
2021-10-31,1066.43470
2021-11-01,1066.43470
2021-11-02,1066.43470
2021-11-03,1066.43470
2021-11-07,1066.43470
2021-11-08,1066.43470
2021-11-09,1066.43470
2021-11-10,1066.43470
2021-11-11,1066.43470
2021-11-12,1066.43470
2021-11-14,1066.43470
2021-11-15,1066.43470
2021-11-16,1066.43470
2021-11-17,1066.43470
2021-11-18,1066.43470
2021-11-21,1066.43470
2021-11-22,1066.43470
2021-11-23,1066.43470
2021-11-24,1066.43470
2021-11-25,1066.43470
2021-11-26,1066.43470
2021-11-28,1066.43470
2021-11-29,1066.43470
2021-11-30,1066.43470
2021-12-01,1066.43470
2021-12-02,1066.43470
2021-12-03,1066.43470
2021-12-05,1066.43470
2021-12-06,1066.43470
2021-12-07,1066.43470
2021-12-08,1066.43470
2021-12-09,1066.43470
2021-12-10,1066.43470
2021-12-12,1066.43470
2021-12-13,1066.43470
2021-12-14,1066.43470
2021-12-15,1066.43470
2021-12-16,1066.43470
2021-12-17,1066.43470
2021-12-19,1066.43470
2021-12-20,1066.43470
2021-12-21,1066.43470
2021-12-22,1066.43470
2021-12-23,1066.43470
2021-12-24,1066.43470
2021-12-26,1066.43470
2021-12-27,1066.43470
2021-12-28,1066.43470
2021-12-29,1066.43470
2021-12-30,1066.43470
2021-12-31,1066.43470
2022-01-02,1066.43470
2022-01-03,1066.43470
2022-01-04,1066.43470
2022-01-05,1066.43470
2022-01-06,1066.43470
2022-01-07,1066.43470
2022-01-09,1066.43470
2022-01-10,1066.43470
2022-01-11,1066.43470
2022-01-12,1066.43470
2022-01-13,1066.43470
2022-01-14,1066.43470
2022-01-16,1066.43470
2022-01-17,1066.43470
2022-01-18,1066.43470
2022-01-19,1066.43470
2022-01-20,1066.43470
2022-01-21,1066.43470
2022-01-23,1066.43470
2022-01-24,1066.43470
2022-01-25,1066.43470
2022-01-26,1066.43470
2022-01-27,1066.43470
2022-01-28,1066.43470
2022-01-30,1066.43470
2022-01-31,1066.43470
2022-02-01,1066.43470
2022-02-02,1066.43470
2022-02-03,1066.43470
2022-02-04,1066.43470
2022-02-06,1066.43470
2022-02-07,1066.43470
2022-02-08,1066.43470
2022-02-09,1066.43470
2022-02-10,1066.43470
2022-02-13,1066.43470
2022-02-14,1066.43470
2022-02-15,1066.43470
2022-02-16,1066.43470
2022-02-17,1066.43470
2022-02-18,1066.43470
2022-02-20,1066.43470
2022-02-21,1066.43470
2022-02-22,1066.43470
2022-02-23,1066.43470
2022-02-24,1066.43470
2022-02-25,1066.43470
2022-02-27,1066.43470
2022-02-28,1066.43470
2022-03-01,1066.43470
2022-03-02,1066.43470
2022-03-03,1066.43470
2022-03-04,1066.43470
2022-03-06,1066.43470
2022-03-07,1066.43470
2022-03-08,1066.43470
2022-03-09,1066.43470
2022-03-10,1066.43470
2022-03-11,1066.43470
2022-03-13,1066.43470
2022-03-14,1066.43470
2022-03-15,1066.43470
2022-03-16,1066.43470
2022-03-17,1066.43470
2022-03-20,1066.43470
2022-03-21,1066.43470
2022-03-22,1066.43470
2022-03-23,1066.43470
2022-03-24,1066.43470
2022-03-25,1066.43470
2022-03-27,1066.43470
2022-03-28,1066.43470
2022-03-29,1066.43470
2022-03-30,1066.43470
2022-03-31,1066.43470
2022-04-03,1066.43470
2022-04-04,1066.43470
2022-04-05,1066.43470
2022-04-06,1066.43470
2022-04-07,1066.43470
2022-04-08,1066.41750
2022-04-10,1066.43470
2022-04-11,1066.43470
2022-04-12,1066.43470
2022-04-13,1066.43470
2022-04-17,1066.43470
2022-04-18,1066.43470
2022-04-19,1066.43470
2022-04-20,1066.43470
2022-04-21,1066.43470
2022-04-22,1066.43470
2022-04-24,1066.43470
2022-04-25,1066.43470
2022-04-26,1066.43470
2022-04-27,1066.43470
2022-04-28,1066.43470
2022-04-29,1066.43470
2022-05-01,1066.43470
2022-05-02,1066.43470
2022-05-03,1066.43470
2022-05-04,1066.30490
2022-05-05,1066.31270
2022-05-06,1066.43470
2022-05-08,1066.43470
2022-05-09,1066.43470
2022-05-10,1066.43470
2022-05-11,1066.43470
2022-05-12,1066.43470
2022-05-13,1066.43470
2022-05-16,1066.43470
2022-05-17,1066.43470
2022-05-18,1066.43470
2022-05-19,1066.43470
2022-05-20,1066.43470
2022-05-22,1066.43470
2022-05-23,1066.43470
2022-05-24,1066.43470
2022-05-25,1066.43470
2022-05-26,1066.43470
2022-05-27,1066.43470
2022-05-29,1066.43470
2022-05-30,1066.43470
2022-05-31,1066.43470
2022-06-01,1066.43470
2022-06-02,1066.43470
2022-06-03,1066.43470
2022-06-05,1066.43470
2022-06-06,1066.43470
2022-06-07,1066.43470
2022-06-08,1066.43470
2022-06-09,1066.43470
2022-06-10,1066.43470
2022-06-12,1066.43470
2022-06-13,1066.43470
2022-06-14,1066.43470
2022-06-15,1066.43470
2022-06-16,1066.43470
2022-06-17,1066.43470
2022-06-19,1066.43470
2022-06-20,1066.43470
2022-06-21,1066.43470
2022-06-22,1066.43470
2022-06-23,1066.43470
2022-06-24,1066.43470
2022-06-26,1066.43470
2022-06-27,1066.43470
2022-06-28,1066.43470
2022-06-29,1066.43470
2022-06-30,1066.43470
2022-07-01,1066.43470
2022-07-03,1066.43470
2022-07-04,1066.43470
2022-07-05,1066.43470
2022-07-06,1066.43470
2022-07-07,1066.43470
2022-07-08,1066.43470
2022-07-10,1066.43470
2022-07-11,1066.43470
2022-07-12,1066.43470
2022-07-13,1066.43470
2022-07-14,1066.43470
2022-07-15,1066.43470
2022-07-17,1066.43470
2022-07-18,1066.43470
2022-07-19,1066.43470
2022-07-20,1066.43470
2022-07-21,1066.43470
2022-07-22,1066.43470
2022-07-24,1066.43470
2022-07-25,1066.43470
2022-07-26,1066.43470
2022-07-27,1066.43470
2022-07-28,1066.43470
2022-07-29,1066.43470
2022-07-31,1066.43470
2022-08-01,1066.43470
2022-08-02,1066.43470
2022-08-03,1066.43470
2022-08-04,1066.43470
2022-08-05,1066.43470
2022-08-07,1066.43470
2022-08-08,1066.43470
2022-08-09,1066.43470
2022-08-10,1066.43470
2022-08-11,1066.43470
2022-08-12,1066.43470
2022-08-16,1066.43470
2022-08-17,1066.43470
2022-08-18,1066.43470
2022-08-19,1066.43470
2022-08-21,1066.43470
2022-08-22,1066.43470
2022-08-23,1066.43470
2022-08-24,1066.43470
2022-08-25,1066.43470
2022-08-26,1066.43470
2022-08-28,1066.43470
2022-08-29,1066.43470
2022-08-31,1066.43470
2022-09-01,1066.43470
2022-09-02,1066.43470
2022-09-04,1066.43470
2022-09-05,1066.43470
2022-09-06,1066.43470
2022-09-07,1066.43470
2022-09-08,1066.43470
2022-09-11,1066.43470
2022-09-12,1066.43470
2022-09-13,1066.43470
2022-09-14,1066.43470
2022-09-15,1066.43470
2022-09-16,1066.43470
2022-09-18,1066.43470
2022-09-19,1066.43470
2022-09-20,1066.43470
2022-09-21,1066.43470
2022-09-22,1066.43470
2022-09-25,1066.43470
2022-09-26,1066.43470
2022-09-27,1066.39900
2022-09-28,1066.43470
2022-09-29,1066.43470
2022-10-02,1066.43470
2022-10-03,1066.43470
2022-10-05,1066.43470
2022-10-06,1066.43470
2022-10-09,1066.43470
2022-10-10,1066.43470
2022-10-11,1066.43470
2022-10-12,1066.43470
2022-10-13,1066.43470
2022-10-14,1066.43470
2022-10-16,1066.43470
2022-10-17,1066.43470
2022-10-18,1066.43470
2022-10-19,1066.43470
2022-10-20,1066.43470
2022-10-21,1066.43470
2022-10-24,1066.43470
2022-10-26,1066.43470
2022-10-27,1066.43470
2022-10-28,1066.43470
2022-10-30,1066.43470
2022-10-31,1066.43470
2022-11-01,1066.43470
2022-11-02,1066.43470
2022-11-03,1066.43470
2022-11-06,1066.43470
2022-11-08,1066.43470
2022-11-09,1066.43470
2022-11-10,1066.43470
2022-11-13,1066.43470
2022-11-14,1066.43470
2022-11-15,1066.43470
2022-11-16,1066.43470
2022-11-17,1066.43470
2022-11-20,1066.43470
2022-11-21,1066.43470
2022-11-22,1066.43470
2022-11-23,1066.43470
2022-11-24,1066.43470
2022-11-27,1066.43470
2022-11-28,1066.43470
2022-11-29,1066.43470
2022-11-30,1066.43470
2022-12-01,1066.43470
2022-12-04,1066.43470
2022-12-05,1066.43470
2022-12-06,1066.43470
2022-12-07,1066.43470
2022-12-08,1066.43470
2022-12-11,1066.43470
2022-12-12,1066.43470
2022-12-13,1066.43470
2022-12-14,1066.43470
2022-12-15,1066.43470
2022-12-18,1066.43470
2022-12-19,1066.43470
2022-12-20,1066.43470
2022-12-21,1066.43470
2022-12-22,1066.43470
2022-12-25,1066.43470
2022-12-26,1066.43470
2022-12-27,1066.43470
2022-12-28,1066.43470
2022-12-29,1066.43470
2022-12-31,1066.43470
2023-01-01,1066.43470
2023-01-02,1066.43470
2023-01-03,1066.43470
2023-01-04,1066.43470
2023-01-05,1066.43470
2023-01-08,1066.43470
2023-01-09,1066.43470
2023-01-10,1066.43470
2023-01-11,1066.43470
2023-01-12,1066.43470
2023-01-15,1066.43470
2023-01-16,1066.43470
2023-01-17,1066.43470
2023-01-18,1066.43470
2023-01-19,1066.43470
2023-01-22,1066.43470
2023-01-23,1066.43470
2023-01-24,1066.43470
2023-01-26,1066.43470
2023-01-29,1066.43470
2023-01-30,1066.43470
2023-01-31,1066.43470
2023-02-01,1066.43470
2023-02-02,1066.43470
2023-02-05,1066.43470
2023-02-06,1066.43470
2023-02-07,1066.43470
2023-02-08,1066.43470
2023-02-09,1066.43470
2023-02-12,1066.43470
2023-02-13,1066.43470
2023-02-14,1066.43470
2023-02-15,1066.43470
2023-02-16,1066.43470
2023-02-19,1066.43470
2023-02-20,1066.43470
2023-02-21,1066.43470
2023-02-22,1066.43470
2023-02-23,1066.43470
2023-02-26,1066.43470
2023-02-27,1066.43470
2023-02-28,1066.43470
2023-03-01,1066.43470
2023-03-02,1066.43470
2023-03-05,1066.43470
2023-03-07,1066.43470
2023-03-08,1066.43470
2023-03-09,1066.43470
2023-03-12,1066.43470
2023-03-13,1066.43470
2023-03-14,1066.43470
2023-03-15,1066.43470
2023-03-16,1066.43470
2023-03-17,1066.43470
2023-03-19,1066.43470
2023-03-20,1066.43470
2023-03-21,1066.43470
2023-03-22,1066.43470
2023-03-23,1066.43470
2023-03-26,1066.43470
2023-03-27,1066.43470
2023-03-28,1066.34300
2023-03-29,1066.43470
2023-03-30,1066.43470
2023-03-31,1066.43470
2023-04-02,1066.43470
2023-04-03,1066.43470
2023-04-04,1066.43470
2023-04-05,1066.43470
2023-04-06,1066.43470
2023-04-09,1066.43470
2023-04-10,1066.43470
2023-04-11,1066.43470
2023-04-12,1066.43470
2023-04-13,1066.43470
2023-04-16,1066.43470
2023-04-17,1066.43470
2023-04-18,1066.43470
2023-04-19,1066.43470
2023-04-20,1066.43470
2023-04-21,1066.43470
2023-04-23,1066.43470
2023-04-24,1066.43470
2023-04-25,1066.43470
2023-04-26,1066.43470
2023-04-27,1066.43470
2023-04-28,1066.43470
2023-05-01,1066.43470
2023-05-02,1066.43470
2023-05-03,1066.43470
2023-05-04,1066.43470
2023-05-07,1066.43470
2023-05-08,1066.43470
2023-05-09,1066.43470
2023-05-10,1066.43470
2023-05-11,1066.43470
2023-05-14,1066.43470
2023-05-15,1066.43470
2023-05-16,1066.43470
2023-05-17,1066.43470
2023-05-18,1066.43470
2023-05-21,1066.43470
2023-05-22,1066.43470
2023-05-23,1066.43470
2023-05-24,1066.43470
2023-05-25,1066.43470
2023-05-28,1066.43470
2023-05-29,1066.43470
2023-05-30,1066.43470
2023-05-31,1066.43470
2023-06-01,1066.43470
2023-06-02,1066.43470
2023-06-04,1066.43470
2023-06-05,1066.43470
2023-06-06,1066.43470
2023-06-07,1066.43470
2023-06-08,1066.43470
2023-06-11,1066.43470
2023-06-12,1066.43470
2023-06-13,1066.43470
2023-06-14,1066.43470
2023-06-15,1066.43470
2023-06-16,1066.43470
2023-06-18,1066.43470
2023-06-19,1066.43470
2023-06-20,1066.43470
2023-06-21,1066.43470
2023-06-22,1066.43470
2023-06-23,1066.43470
2023-06-25,1066.43470
2023-06-26,1066.43470
2023-06-27,1066.43470
2023-06-28,1066.43470
2023-06-29,1066.43470
2023-06-30,1066.43470
2023-07-02,1066.43470
2023-07-03,1066.43470
2023-07-04,1066.43470
2023-07-05,1066.43470
2023-07-06,1066.43470
2023-07-09,1066.43470
2023-07-10,1066.43470
2023-07-11,1066.43470
2023-07-12,1066.43470
2023-07-13,1066.43470
2023-07-16,1066.43470
2023-07-17,1066.43470
2023-07-18,1066.43470
2023-07-19,1066.43470
2023-07-20,1066.43470
2023-07-23,1066.43470
2023-07-24,1066.43470
2023-07-25,1066.43470
2023-07-26,1066.43470
2023-07-27,1066.43470
2023-07-28,1066.43470
2023-07-30,1066.43470
2023-07-31,1066.43470
2023-08-01,1066.43470
2023-08-02,1066.43470
2023-08-03,1066.43470
2023-08-06,1066.43470
2023-08-07,1066.43470
2023-08-08,1066.43470
2023-08-09,1066.43470
2023-08-10,1066.43470
2023-08-11,1066.43470
2023-08-13,1066.43470
2023-08-14,1066.43470
2023-08-16,1066.43470
2023-08-17,1066.43470
2023-08-18,1066.43470
2023-08-20,1066.43470
2023-08-21,1066.43470
2023-08-22,1066.43470
2023-08-23,1066.43470
2023-08-24,1066.43470
2023-08-25,1066.43470
2023-08-27,1066.43470
2023-08-28,1066.43470
2023-08-29,1066.43470
2023-08-30,1066.43470
2023-08-31,1066.43470
2023-09-01,1066.43470
2023-09-03,1066.43470
2023-09-04,1066.43470
2023-09-05,1066.43470
2023-09-06,1066.43470
2023-09-07,1066.43470
2023-09-08,1066.43470
2023-09-10,1066.43470
2023-09-11,1066.43470
2023-09-12,1066.43470
2023-09-13,1066.43470
2023-09-14,1066.43470
2023-09-15,1066.43470
2023-09-17,1066.43470
2023-09-18,1066.43470
2023-09-19,1066.43470
2023-09-20,1066.43470
2023-09-21,1066.43470
2023-09-22,1066.43470
2023-09-24,1066.43470
2023-09-25,1066.43470
2023-09-26,1066.43470
2023-09-27,1066.43470
2023-09-28,1066.43470
2023-09-29,1066.43470
2023-10-02,1066.43470
2023-10-03,1066.43470
2023-10-04,1066.43470
2023-10-05,1066.43470
2023-10-06,1066.43470
2023-10-07,1066.43470
2023-10-08,1066.43470
2023-10-09,1066.43470
2023-10-10,1066.43470
2023-10-11,1066.43470
2023-10-12,1066.43470
2023-10-13,1066.43470
2023-10-15,1066.43470
2023-10-16,1066.43470
2023-10-17,1066.43470
2023-10-18,1066.43470
2023-10-19,1066.43470
2023-10-20,1066.43470
2023-10-22,1066.43470
2023-10-23,1066.43470
2023-10-24,1066.43470
2023-10-25,1066.43470
2023-10-26,1066.43470
2023-10-27,1066.43470
2023-10-29,1066.43470
2023-10-30,1066.43470
2023-10-31,1066.43470
2023-11-01,1066.43470
2023-11-02,1066.43470
2023-11-03,1066.43470
2023-11-05,1066.43470
2023-11-06,1066.43470
2023-11-07,1066.43470
2023-11-08,1066.43470
2023-11-09,1066.43470
2023-11-10,1066.43470
2023-11-12,1066.43470
2023-11-13,1066.43470
2023-11-14,1066.43470
2023-11-15,1066.43470
2023-11-16,1066.43470
2023-11-17,1066.43470
2023-11-19,1066.43470
2023-11-20,1066.43470
2023-11-21,1066.43470
2023-11-22,1066.43470
2023-11-23,1066.43470
2023-11-24,1066.43470
2023-11-27,1066.43470
2023-11-28,1066.43470
2023-11-29,1066.43470
2023-11-30,1066.43470
2023-12-01,1066.43470
2023-12-02,1066.43470
2023-12-03,1066.43470
2023-12-04,1066.43470
2023-12-05,1066.43470
2023-12-06,1066.43470
2023-12-07,1066.43470
2023-12-08,1066.43470
2023-12-09,1066.43470
2023-12-10,1066.43470
2023-12-11,1066.43470
2023-12-12,1066.43470
2023-12-13,1066.43470
2023-12-14,1066.43470
2023-12-15,1066.43470
2023-12-17,1066.43470
2023-12-18,1066.43470
2023-12-19,1066.43470
2023-12-20,1066.43470
2023-12-21,1066.43470
2023-12-22,1066.43470
2023-12-25,1066.43470
2023-12-26,1066.43470
2023-12-27,1066.43470
2023-12-28,1066.43470
2023-12-29,1066.43470
2023-12-30,1066.43470
2023-12-31,1066.43470
2024-01-01,1066.43470
2024-01-02,1066.43470
2024-01-03,1066.43470
2024-01-04,1066.43470
2024-01-05,1066.43470
2024-01-06,1066.43470
2024-01-07,1066.43470
2024-01-08,1066.43470
2024-01-09,1066.43470
2024-01-10,1066.43470
2024-01-11,1066.43470
2024-01-12,1066.43470
2024-01-14,1066.43470
2024-01-15,1066.43470
2024-01-16,1066.43470
2024-01-17,1066.43470
2024-01-18,1066.43470
2024-01-19,1066.43470
2024-01-21,1066.43470
2024-01-22,1066.43470
2024-01-23,1066.43470
2024-01-24,1066.43470
2024-01-25,1066.43470
2024-01-28,1066.43470
2024-01-29,1066.43470
2024-01-30,1066.43470
2024-01-31,1066.43470
2024-02-01,1066.43470
2024-02-02,1066.43470
2024-02-04,1066.43470
2024-02-05,1066.43470
2024-02-06,1066.43470
2024-02-07,1066.43470
2024-02-08,1066.43470
2024-02-09,1066.43470
2024-02-11,1066.43470
2024-02-12,1066.43470
2024-02-13,1066.43470
2024-02-14,1066.43470
2024-02-15,1066.43470
2024-02-16,1066.43470
2024-02-18,1066.43470
2024-02-19,1066.43470
2024-02-20,1066.43470
2024-02-21,1066.43470
2024-02-22,1066.43470
2024-02-23,1066.43470
2024-02-25,1066.43470
2024-02-26,1066.43470
2024-02-27,1066.43470
2024-02-28,1066.43470
2024-02-29,1066.43470
2024-03-01,1066.43470
2024-03-03,1066.43470
2024-03-04,1066.43470
2024-03-05,1066.43470
2024-03-06,1066.43470
2024-03-07,1066.43470
2024-03-10,1066.43470
2024-03-11,1066.43470
2024-03-12,1066.43470
2024-03-13,1066.43470
2024-03-14,1066.43470
2024-03-15,1066.43470
2024-03-17,1066.43470
2024-03-18,1066.43470
2024-03-19,1066.43470
2024-03-20,1066.43470
2024-03-21,1066.43470
2024-03-22,1066.43470
2024-03-25,1066.43470
2024-03-26,1066.43470
2024-03-27,1066.43470
2024-03-28,1066.43470
2024-03-31,1066.43470
2024-04-01,1066.43470
2024-04-02,1066.43470
2024-04-03,1066.43470
2024-04-04,1066.43470
2024-04-05,1066.43470
2024-04-07,1066.43470
2024-04-08,1066.43470
2024-04-09,1066.43470
2024-04-10,1066.43470
2024-04-11,1066.43470
2024-04-12,1066.43470
2024-04-14,1066.43470
2024-04-15,1066.43470
2024-04-16,1066.43470
2024-04-17,1066.43470
2024-04-18,1066.43470
2024-04-19,1066.43470
2024-04-21,1066.43470
2024-04-22,1066.43470
2024-04-23,1066.43470
2024-04-24,1066.43470
2024-04-25,1066.43470
2024-04-26,1066.43470
2024-04-28,1066.43470
2024-04-29,1066.43470
2024-04-30,1066.43470
2024-05-01,1066.43470
2024-05-02,1066.43470
2024-05-03,1066.43470
2024-05-05,1066.43470
2024-05-06,1066.43470
2024-05-07,1066.43470
2024-05-08,1066.43470
2024-05-09,1066.43470
2024-05-10,1066.43470
2024-05-12,1066.43470
2024-05-13,1066.43470
2024-05-14,1066.43470
2024-05-15,1066.43470
2024-05-16,1066.43470
2024-05-17,1066.43470
2024-05-20,1066.43470
2024-05-21,1066.43470
2024-05-22,1066.43470
2024-05-23,1066.43470
2024-05-24,1066.43470
2024-05-26,1066.43470
2024-05-27,1066.43470
2024-05-28,1066.43470
2024-05-29,1066.43470
2024-05-30,1066.43470
2024-05-31,1066.43470
2024-06-02,1066.43470
2024-06-03,1066.43470
2024-06-04,1066.43470
2024-06-05,1066.43470
2024-06-06,1066.43470
2024-06-07,1066.43470
2024-06-09,1066.43470
2024-06-10,1066.43470
2024-06-11,1066.43470
2024-06-12,1066.43470
2024-06-13,1066.43470
2024-06-14,1066.43470
2024-06-16,1066.43470
2024-06-17,1066.43470
2024-06-18,1066.43470
2024-06-19,1066.43470
2024-06-20,1066.43470
2024-06-21,1066.43470
2024-06-23,1066.43470
2024-06-24,1066.43470
2024-06-25,1066.43470
2024-06-26,1066.43470
2024-06-27,1066.43470
2024-06-28,1066.43470
2024-06-30,1066.43470
2024-07-01,1066.43470
2024-07-02,1066.43470
2024-07-03,1066.43470
2024-07-04,1066.43470
2024-07-05,1066.43470
2024-07-07,1066.43470
2024-07-08,1066.43470
2024-07-09,1066.43470
2024-07-10,1066.43470
2024-07-11,1066.43470
2024-07-12,1066.43470
2024-07-14,1066.43470
2024-07-15,1066.43470
2024-07-16,1066.43470
2024-07-17,1066.43470
2024-07-18,1066.43470
2024-07-19,1066.43470
2024-07-20,1066.43470
2024-07-21,1066.43470
2024-07-22,1066.43470
2024-07-23,1066.43470
2024-07-24,1066.43470
2024-07-25,1066.43470
2024-07-26,1066.43470
2024-07-28,1066.43470
2024-07-29,1066.43470
2024-07-30,1066.43470
2024-07-31,1066.43470
2024-08-01,1066.43470
2024-08-02,1066.43470
2024-08-03,1066.43470
2024-08-04,1066.43470
2024-08-05,1066.43470
2024-08-06,1066.43470
2024-08-07,1066.43470
2024-08-08,1066.43470
2024-08-09,1066.43470
2024-08-11,1066.43470
2024-08-12,1066.43470
2024-08-13,1066.43470
2024-08-14,1066.43470
2024-08-15,1066.43470
2024-08-16,1066.43470
2024-08-18,1066.43470
2024-08-19,1066.43470
2024-08-20,1066.43470
2024-08-21,1066.43470
2024-08-22,1066.43470
2024-08-23,1066.43470
2024-08-25,1066.43470
2024-08-26,1066.43470
2024-08-27,1066.43470
2024-08-28,1066.43470
2024-08-29,1066.43470
2024-08-30,1066.43470
2024-09-01,1066.43470
2024-09-02,1066.43470
2024-09-03,1066.43470
2024-09-04,1066.43470
2024-09-05,1066.43470
2024-09-06,1066.43470
2024-09-08,1066.43470
2024-09-09,1066.43470
2024-09-10,1066.43470
2024-09-11,1066.43470
2024-09-12,1066.43470
2024-09-13,1066.43470
2024-09-15,1066.43470
2024-09-16,1066.43470
2024-09-17,1066.43470
2024-09-18,1066.43470
2024-09-19,1066.43470
2024-09-20,1066.43470
2024-09-22,1066.43470
2024-09-23,1066.43470
2024-09-24,1066.43470
2024-09-25,1066.43470
2024-09-26,1066.43470
2024-09-27,1066.43470
2024-09-29,1066.43470
2024-09-30,1066.43470
2024-10-01,1066.43470
2024-10-02,1066.43470
2024-10-03,1066.43470
2024-10-04,1066.43470
2024-10-06,1066.43470
2024-10-07,1066.43470
2024-10-08,1066.43470
2024-10-09,1066.43470
2024-10-10,1066.43470
2024-10-11,1066.43470
2024-10-13,1066.43470
2024-10-14,1066.43470
2024-10-15,1066.43470
2024-10-16,1066.43470
2024-10-17,1066.43470
2024-10-18,1066.43470
2024-10-19,1066.43470
2024-10-20,1066.43470
2024-10-21,1066.43470
2024-10-22,1066.43470
2024-10-23,1066.43470
2024-10-24,1066.43470
2024-10-25,1066.43470
2024-10-27,1066.43470
2024-10-28,1066.43470
2024-10-29,1066.43470
2024-10-30,1066.43470
2024-10-31,1066.43470
2024-11-03,1066.43470
2024-11-04,1066.43470
2024-11-05,1066.43470
2024-11-06,1066.43470
2024-11-07,1066.43470
2024-11-08,1066.43470
2024-11-09,1066.43470
2024-11-10,1066.43470
2024-11-11,1066.43470
2024-11-12,1066.43470
2024-11-13,1066.43470
2024-11-14,1066.43470
2024-11-17,1066.43470
2024-11-18,1066.43470
2024-11-19,1066.43470
2024-11-20,1066.43470
2024-11-21,1066.43470
2024-11-22,1066.43470
2024-11-23,1066.43470
2024-11-24,1066.43470
2024-11-25,1066.43470
2024-11-26,1066.43470
2024-11-27,1066.43470
2024-11-28,1066.43470
2024-11-29,1066.43470
2024-11-30,1066.43470
2024-12-01,1066.43470
2024-12-02,1066.43470
2024-12-03,1066.43470
2024-12-04,1066.43470
2024-12-05,1066.43470
2024-12-06,1066.43470
2024-12-08,1066.43470
2024-12-09,1066.43470
2024-12-10,1066.43470
2024-12-11,1066.43470
2024-12-12,1066.43470
2024-12-13,1066.43470
2024-12-14,1066.43470
2024-12-15,1066.43470
2024-12-16,1066.43470
2024-12-17,1066.43470
2024-12-18,1066.43470
2024-12-19,1066.43470
2024-12-20,1066.43470
2024-12-22,1066.43470
2024-12-23,1066.43470
2024-12-24,1066.43470
2024-12-25,1066.43470
2024-12-26,1066.43470
2024-12-27,1066.43470
2024-12-29,1066.43470
2024-12-30,1066.43470
2024-12-31,1066.43470
2025-01-01,1066.43470
2025-01-02,1066.43470
2025-01-03,1066.43470
2025-01-05,1066.43470
2025-01-06,1066.43470
2025-01-07,1066.43470
2025-01-08,1066.43470
2025-01-09,1066.43470
2025-01-10,1066.43470
2025-01-12,1066.43470
2025-01-13,1066.43470
2025-01-14,1066.43470
2025-01-15,1066.43470
2025-01-16,1066.43470
2025-01-17,1066.43470
2025-01-19,1066.43470
2025-01-20,1066.43470
2025-01-21,1066.43470
2025-01-22,1066.43470
2025-01-23,1066.43470
2025-01-24,1066.43470
2025-01-26,1066.43470
2025-01-27,1066.43470
2025-01-28,1066.43470
2025-01-29,1066.43470
2025-01-30,1066.43470
2025-01-31,1066.43470
2025-02-02,1066.43470
2025-02-03,1066.43470
2025-02-04,1066.43470
2025-02-05,1066.43470
2025-02-06,1066.43470
2025-02-07,1066.43470
2025-02-09,1066.43470
2025-02-10,1066.43470
2025-02-11,1066.43470
2025-02-12,1066.43470
2025-02-13,1066.43470
2025-02-14,1066.43470
2025-02-16,1066.43470
2025-02-17,1066.43470
2025-02-18,1066.43470
2025-02-19,1066.43470
2025-02-20,1066.43470
2025-02-21,1066.43470
2025-02-23,1066.43470
2025-02-24,1066.43470
2025-02-25,1066.43470
2025-02-26,1066.43470
2025-02-27,1066.43470
2025-02-28,1066.43470
2025-03-01,1066.43470
2025-03-02,1066.43470
2025-03-03,1066.43470
2025-03-04,1066.43470
2025-03-05,1066.43470
2025-03-06,1066.43470
2025-03-07,1066.43470
2025-03-09,1066.43470
2025-03-10,1066.43470
2025-03-11,1066.43470
2025-03-12,1066.43470
2025-03-13,1066.43470
2025-03-14,1066.43470
2025-03-16,1066.43470
2025-03-17,1066.43470
2025-03-18,1066.43470
2025-03-19,1066.43470
2025-03-20,1066.43470
2025-03-21,1066.43470
2025-03-22,1066.43470
2025-03-23,1066.43470
2025-03-24,1066.43470
2025-03-25,1066.43470
2025-03-26,1066.43470
2025-03-27,1066.43470
2025-03-28,1066.43470
2025-03-29,1066.43470
2025-03-30,1066.43470
2025-03-31,1066.43470
2025-04-01,1066.43470
2025-04-02,1066.43470
2025-04-03,1066.43470
2025-04-04,1066.43470
2025-04-06,1066.43470
2025-04-07,1066.43470
2025-04-08,1066.43470
2025-04-09,1066.43470
2025-04-10,1066.43470
2025-04-11,1066.43470
2025-04-14,1066.43470
2025-04-15,1066.43470
2025-04-16,1066.43470
2025-04-17,1066.43470
2025-04-20,1066.43470
2025-04-21,1066.43470
2025-04-22,1066.43470
2025-04-23,1066.43470
2025-04-24,1066.43470
2025-04-25,1066.43470
2025-04-27,1066.43470
2025-04-28,1066.43470
2025-04-29,1066.43470
2025-04-30,1066.43470
2025-05-01,1066.43470
2025-05-02,1066.43470
2025-05-04,1066.43470
2025-05-05,1066.43470
2025-05-06,1066.43470
2025-05-07,1066.43470
2025-05-08,1066.43470
2025-05-09,1066.43470
2025-05-10,1066.43470
2025-05-11,1066.43470
2025-05-12,1066.43470
2025-05-13,1066.43470
2025-05-14,1066.43470
2025-05-15,1066.43470
2025-05-16,1066.43470
2025-05-18,1066.43470
2025-05-19,1066.43470
2025-05-20,1066.43470
2025-05-21,1066.43470
2025-05-22,1066.43470
2025-05-23,1066.43470
2025-05-25,1066.43470
2025-05-26,1066.43470
2025-05-27,1066.43470
2025-05-28,1066.43470
2025-05-29,1066.43470
2025-05-30,1066.43470
2025-06-01,1066.43470
2025-06-02,1066.43470
2025-06-03,1066.43470
2025-06-04,1066.43470
2025-06-05,1066.43470
2025-06-06,1066.43470
2025-06-08,1066.43470
2025-06-09,1066.43470
2025-06-10,1066.43470
2025-06-11,1066.43470
2025-06-12,1066.43470
2025-06-13,1066.43470
2025-06-15,1066.43470
2025-06-16,1066.43470
2025-06-17,1066.43470
2025-06-18,1066.43470
2025-06-19,1066.43470
2025-06-20,1066.43470
2025-06-22,1066.43470
2025-06-23,1066.43470
2025-06-24,1066.43470
2025-06-25,1066.43470
2025-06-26,1066.43470
2025-06-27,1066.43470
2025-06-28,1066.43470
2025-06-29,1066.43470
2025-06-30,1066.43470
2025-07-01,1066.43470
2025-07-02,1066.43470
2025-07-03,1066.43470
2025-07-04,1066.43470
2025-07-06,1066.43470
2025-07-07,1066.43470
2025-07-08,1066.43470
2025-07-09,1066.43470
2025-07-10,1066.43470
2025-07-11,1066.43470
2025-07-13,1066.43470
2025-07-14,1066.43470
2025-07-15,1066.43470
2025-07-16,1066.43470
2025-07-17,1066.43470
2025-07-18,1066.43470
2025-07-20,1066.43470
2025-07-21,1066.43470
2025-07-22,1066.43470
2025-07-23,1066.43470
2025-07-24,1066.43470
2025-07-25,1066.43470
2025-07-27,1066.43470
2025-07-28,1066.43470
2025-07-29,1066.43470
2025-07-30,1066.43470
2025-07-31,1066.43470
2025-08-01,1066.43470
2025-08-03,1066.43470
2025-08-04,1066.43470
2025-08-05,1066.43470
2025-08-06,1066.43470
2025-08-07,1066.43470
2025-08-08,1066.43470
2025-08-10,1066.43470
2025-08-11,1066.43470
2025-08-12,1066.43470
2025-08-13,1066.43470
2025-08-14,1066.43470
2025-08-17,1066.43470
2025-08-18,1066.43470
2025-08-19,1066.43470
2025-08-20,1066.43470
2025-08-21,1066.43470
2025-08-22,1066.43470
2025-08-24,1066.43470
2025-08-25,1066.43470
2025-08-26,1066.43470
2025-08-27,1066.43470
2025-08-28,1066.43470
2025-08-29,1066.43470
2025-08-31,1066.43470
2025-09-01,1066.43470
2025-09-02,1066.43470
2025-09-03,1066.43470
2025-09-04,1066.43470
2025-09-05,1066.43470
2025-09-07,1066.43470
2025-09-08,1066.43470
2025-09-09,1066.43470
2025-09-10,1066.43470
2025-09-11,1066.43470
2025-09-12,1066.43470
2025-09-14,1066.43470
2025-09-15,1066.43470
2025-09-16,1066.43470
2025-09-17,1066.43470
2025-09-18,1066.43470
2025-09-19,1066.43470
2025-09-21,1066.43470
2025-09-22,1066.43470
2025-09-23,1066.43470
2025-09-24,1066.43470
2025-09-25,1066.43470
2025-09-26,1066.43470
2025-09-27,1066.43470
2025-09-28,1066.43470
2025-09-30,1066.43470
2025-10-01,1066.43470
2025-10-02,1066.43470
2025-10-03,1066.43470
2025-10-05,1066.43470
2025-10-06,1066.43470
2025-10-07,1066.43470
2025-10-08,1066.43470
2025-10-09,1066.43470
2025-10-10,1066.43470
2025-10-12,1066.43470
2025-10-13,1066.43470
2025-10-14,1066.43470
2025-10-15,1066.43470
2025-10-16,1066.43470
2025-10-17,1066.43470
2025-10-19,1066.43470
2025-10-20,1066.43470
2025-10-22,1066.43470
2025-10-23,1066.43470
2025-10-24,1066.43470
2025-10-25,1066.43470
2025-10-26,1066.43470
2025-10-27,1066.43470
2025-10-28,1066.43470
2025-10-29,1066.43470
2025-10-30,1066.43470
2025-10-31,1066.43470
2025-11-02,1066.43470
2025-11-03,1066.43470
2025-11-04,1066.43470
2025-11-05,1066.43470
2025-11-06,1066.43470
2025-11-07,1066.43470
2025-11-09,1066.43470
2025-11-10,1066.43470
2025-11-11,1066.43470
2025-11-12,1066.43470
2025-11-13,1066.43470
2025-11-14,1066.43470
2025-11-16,1066.43470
2025-11-17,1066.43470
2025-11-18,1066.43470
2025-11-19,1066.43470
2025-11-20,1066.43470
2025-11-21,1066.43470
2025-11-23,1066.43470
2025-11-24,1066.43470
2025-11-25,1066.43470
2025-11-26,1066.43470
2025-11-27,1066.43470
2025-11-28,1066.43470
2025-11-30,1066.43470
2025-12-01,1066.43470
2025-12-02,1066.43470
2025-12-03,1066.43470
2025-12-04,1066.43470
2025-12-05,1066.43470
2025-12-07,1066.43470
2025-12-08,1066.43470
2025-12-09,1066.43470
2025-12-10,1066.43470
2025-12-11,1066.43470
2025-12-12,1066.43470
2025-12-14,1066.43470
2025-12-15,1066.43470
2025-12-16,1066.43470
2025-12-17,1066.43470
2025-12-18,1066.43470
2025-12-19,1066.43470
2025-12-21,1066.43470
2025-12-22,1066.43470
2025-12-23,1066.43470
2025-12-24,1066.43470
2025-12-25,1066.43470
2025-12-26,1066.43470
2025-12-28,1066.43470
2025-12-29,1066.43470
2025-12-30,1066.42130
2025-12-31,1066.43470
2026-01-01,1066.43470
2026-01-02,1066.43470
2026-01-04,1066.43470
2026-01-05,1066.43470
2026-01-06,1066.43470
2026-01-07,1066.43470
2026-01-08,1066.43470
2026-01-09,1066.43470
2026-01-10,1066.43470
2026-01-11,1066.43470
2026-01-12,1066.43470
2026-01-13,1066.43470
2026-01-14,1066.43470
2026-01-15,1066.43470
2026-01-16,1066.43470
2026-01-18,1066.43470
2026-01-19,1066.42670
2026-01-20,1066.43470
2026-01-21,1066.43470
2026-01-22,1066.43470
2026-01-23,1066.43470
2026-01-25,1066.43470
2026-01-26,1066.43470
2026-01-27,1066.43470
2026-01-28,1066.43470
2026-01-29,1066.43470
2026-01-30,1066.43470
2026-02-01,1066.43470
2026-02-02,1066.43470
2026-02-03,1066.43470
2026-02-04,1066.43470
2026-02-05,1066.43470
2026-02-06,1066.43470
2026-02-08,1066.43470
2026-02-09,1066.43470
2026-02-10,1066.43470
2026-02-11,1066.43470
2026-02-12,1066.43470
2026-02-13,1066.43470
2026-02-15,1066.43470
2026-02-16,1066.43470
2026-02-17,1066.43470
2026-02-18,1066.43470
2026-02-19,1066.43470
2026-02-20,1066.43470
2026-02-21,1066.43470
2026-02-22,1066.43470
2026-02-23,1066.43470
2026-02-24,1066.43470
2026-02-25,1066.43470
2026-02-26,1066.43470
2026-02-27,1066.43470
2026-02-28,1066.43470
2026-03-01,1066.43470
2026-03-02,1066.43470
2026-03-03,1066.43470
2026-03-04,1066.43470
2026-03-05,1066.43470
2026-03-06,1066.43470
2026-03-07,1066.43470
2026-03-08,1066.43470
2026-03-09,1066.43470
2026-03-10,1066.43470
2026-03-11,1066.43470
2026-03-12,1066.43470
2026-03-13,1066.43470
2026-03-15,1066.43470
2026-03-16,1066.43470
2026-03-17,1066.43470
2026-03-18,1066.43470
2026-03-19,1066.43470
2026-03-20,1066.43470
2026-03-21,1066.43470
2026-03-22,1066.43470
2026-03-23,1066.37530
2026-03-24,1066.43470
2026-03-25,1066.43470
2026-03-26,1066.43470
2026-03-27,1066.43470
2026-03-28,1066.43470
2026-03-29,1066.43470
2026-03-30,1066.43470
2026-03-31,1066.43470
2026-04-01,1066.43470
2026-04-02,1066.43470
2026-04-03,1066.43470
2026-04-05,1066.43470
2026-04-06,1066.43470
2026-04-07,1066.43470
2026-04-08,1066.43470
2026-04-09,1066.43470
2026-04-10,1066.43470
2026-04-11,1066.43470
2026-04-12,1066.43470
2026-04-13,1066.43470
2026-04-14,1066.43470
2026-04-15,1066.43470
2026-04-16,1066.43470
2026-04-17,1066.43470
2026-04-18,1066.43470
2026-04-19,1066.43470
2026-04-20,1066.43470
2026-04-21,1066.43470
2026-04-22,1066.43470
2026-04-23,1066.43470
2026-04-24,1066.43470
2026-04-25,1066.43470
2026-04-26,1066.43470
2026-04-27,1066.43470
2026-04-28,1066.43470
2026-04-29,1066.43470
2026-04-30,1066.43470
2026-05-01,1066.43470
2026-05-02,1066.43470
2026-05-03,1066.43470
2026-05-04,1066.43470
2026-05-05,1066.43470
2026-05-06,1066.43470
2026-05-07,1066.43470
2026-05-08,1066.43470
2026-05-09,1066.43470
2026-05-10,1066.43470
2026-05-11,1066.43470
2026-05-12,1066.43470
2026-05-13,1066.43470
2026-05-14,1066.43470
2026-05-15,1066.43470
2026-05-16,1066.43470
2026-05-17,1066.43470
2026-05-18,1066.43470
2026-05-19,1066.43470
2026-05-20,1066.43470
2026-05-21,1066.43470
2026-05-22,1066.43470
2026-05-23,1066.43470
2026-05-24,1066.43470
2026-05-25,1066.43470
2026-05-26,1066.43470
2026-05-27,1066.43470
2026-05-28,1066.43470
2026-05-29,1066.43470
2026-05-31,1066.43470
2026-06-01,1066.43470
2026-06-02,1066.43470
2026-06-03,1066.43470
2026-06-04,1066.43470
2026-06-05,1066.43470
2026-06-06,1066.43470
2026-06-07,1066.43470
2026-06-08,1066.43470
2026-06-09,1066.43470
2026-06-10,1066.43470
2026-06-11,1066.43470
2026-06-12,1066.43470
2026-06-13,1066.43470
2026-06-14,1066.43470
2026-06-15,1066.43470
2026-06-16,1066.43470
2026-06-17,1066.43470
2026-06-18,1066.43470
2026-06-19,1066.43470
2026-06-21,1066.43470
2026-06-22,1066.43470
2026-06-23,1066.43470
2026-06-24,1066.43470
2026-06-25,1066.43470
2026-06-26,1066.43470
2026-06-27,1066.43470
2026-06-28,1066.43470
2026-06-29,1066.43470
2026-06-30,1066.43470
2026-07-01,1066.43470
2026-07-02,1066.43470
2026-07-03,1066.43470
2026-07-04,1066.43470
2026-07-05,1066.43470
2026-07-06,1066.28920
2026-07-07,1066.21770
2026-07-08,1066.32480
2026-07-09,1066.43470
2026-07-10,1066.43470
2026-07-11,1066.43470
2026-07-12,1066.43470
2026-07-13,1066.43470
2026-07-14,1066.43270
2026-07-15,1066.43470
2026-07-16,1066.43470
2026-07-17,1066.43470
2026-07-18,1066.43470
2026-07-19,1066.43470
2026-07-20,1066.43470
2026-07-21,1066.43470
2026-07-22,1066.43470
2026-07-23,1066.43470
2026-07-24,1066.43470
2026-07-26,1066.43470
2026-07-27,1066.43470
2026-07-28,1066.43470
2026-07-29,1066.43470
2026-07-30,1066.43470
2026-07-31,1066.43470
2026-08-01,1066.43470
2026-08-02,1066.43470
2026-08-03,1066.43470
2026-08-04,1066.43470
2026-08-05,1066.43470
2026-08-06,1066.43470
2026-08-07,1066.43470
2026-08-09,1066.43470
2026-08-10,1066.43470
2026-08-11,1066.43470
2026-08-12,1066.43470
2026-08-13,1066.43470
2026-08-14,1066.43470
2026-08-15,1066.43470
2026-08-16,1066.43470
2026-08-17,1066.43470
2026-08-18,1066.43470
2026-08-19,1066.43470
2026-08-20,1066.43470
2026-08-21,1066.43470
2026-08-22,1066.43470
2026-08-23,1066.43470
2026-08-24,1066.43470
2026-08-25,1066.43470
2026-08-26,1066.43470
2026-08-27,1066.43470
2026-08-28,1066.43470
2026-08-29,1066.43470
2026-08-30,1066.43470
2026-08-31,1066.43470
2026-09-01,1066.43470
2026-09-02,1066.43470
2026-09-03,1066.43470
2026-09-04,1066.43470
2026-09-05,1066.43470
2026-09-06,1066.43470
2026-09-07,1066.43470
2026-09-08,1066.43470
